ISO-10303-21;
HEADER;
/* Generated by software containing ST-Developer
 * from STEP Tools, Inc. (www.steptools.com) 
 */
/* OPTION: using custom renumber hook */

FILE_DESCRIPTION(
/* description */ ('STEP AP242 Edition 2',
'CAx-IF Rec.Pracs.---Representation and Presentation of Product Manufa
cturing Information (PMI)---4.0---2014-10-13',
'CAx-IF Rec.Pracs.---3D Tessellated Geometry---0.4---2014-09-14','2;1',
'CAx-IF Rec.Pracs.---User Defined Attributes---1.5---2016-08-15'),
/* implementation_level */ '2;1');

FILE_NAME(
/* name */ 'myRIO-1900-MJG_v1 - Part 1',
/* time_stamp */ '2026-05-10T23:55:16Z',
/* author */ (''),
/* organization */ (''),
/* preprocessor_version */ 'ST-DEVELOPER v20',
/* originating_system */ 'ONSHAPE BY PTC INC, 1.214',
/* authorisation */ '  ');

FILE_SCHEMA (('AP242_MANAGED_MODEL_BASED_3D_ENGINEERING_MIM_LF { 1 0 10303 442 3 1 4 }'));
ENDSEC;

DATA;
#10=SHAPE_REPRESENTATION_RELATIONSHIP('','',#11741,#11);
#11=ADVANCED_BREP_SHAPE_REPRESENTATION('',(#11739),#18687);
#12=TOROIDAL_SURFACE('',#11829,0.004042874439,0.001100644484);
#13=TOROIDAL_SURFACE('',#11834,0.004042874439,0.001100644484);
#14=TOROIDAL_SURFACE('',#11836,0.004042874439,0.001100644484);
#15=TOROIDAL_SURFACE('',#11840,0.004042874439,0.001100644484);
#16=CONICAL_SURFACE('',#11807,0.004755343042,0.78539816339745);
#17=CONICAL_SURFACE('',#11808,0.004755343042,0.78539816339745);
#18=CONICAL_SURFACE('',#11811,0.004755343042,0.78539816339745);
#19=CONICAL_SURFACE('',#11812,0.004755343042,0.78539816339745);
#20=CONICAL_SURFACE('',#11815,0.00475534304200002,0.785398163397446);
#21=CONICAL_SURFACE('',#11816,0.00475534304200002,0.785398163397446);
#22=CONICAL_SURFACE('',#11819,0.00475534304200002,0.785398163397446);
#23=CONICAL_SURFACE('',#11820,0.00475534304200002,0.785398163397446);
#24=CONICAL_SURFACE('',#11871,0.004534662508,0.785398163397459);
#25=CONICAL_SURFACE('',#11872,0.004534662508,0.785398163397459);
#26=CONICAL_SURFACE('',#11875,0.004534662508,0.785398163397459);
#27=CONICAL_SURFACE('',#11876,0.004534662508,0.785398163397459);
#28=CYLINDRICAL_SURFACE('',#11794,0.00798823523);
#29=CYLINDRICAL_SURFACE('',#11797,0.00798823523);
#30=CYLINDRICAL_SURFACE('',#11800,0.00798823523);
#31=CYLINDRICAL_SURFACE('',#11803,0.00798823523);
#32=CYLINDRICAL_SURFACE('',#11832,0.001100644484);
#33=CYLINDRICAL_SURFACE('',#11838,0.001100644484);
#34=CYLINDRICAL_SURFACE('',#11841,0.0015);
#35=CYLINDRICAL_SURFACE('',#11844,0.0015);
#36=CYLINDRICAL_SURFACE('',#11847,0.00179999639999999);
#37=CYLINDRICAL_SURFACE('',#11850,0.00179999639999999);
#38=CYLINDRICAL_SURFACE('',#11862,0.00381);
#39=CYLINDRICAL_SURFACE('',#11864,0.00381);
#40=CYLINDRICAL_SURFACE('',#11866,0.00381);
#41=CYLINDRICAL_SURFACE('',#11868,0.00381);
#42=CYLINDRICAL_SURFACE('',#12063,0.00163195);
#43=CYLINDRICAL_SURFACE('',#12066,0.00163195);
#44=CYLINDRICAL_SURFACE('',#12069,0.00163195);
#45=CYLINDRICAL_SURFACE('',#12090,0.0032);
#46=CYLINDRICAL_SURFACE('',#12094,0.001);
#47=CYLINDRICAL_SURFACE('',#12097,0.001778);
#48=CIRCLE('',#11748,0.001778);
#49=CIRCLE('',#11770,0.00179999639999999);
#50=CIRCLE('',#11771,0.00179999639999999);
#51=CIRCLE('',#11773,0.005143518923);
#52=CIRCLE('',#11774,0.005143518923);
#53=CIRCLE('',#11775,0.005143518923);
#54=CIRCLE('',#11776,0.005143518923);
#55=CIRCLE('',#11778,0.004534662508);
#56=CIRCLE('',#11779,0.004534662508);
#57=CIRCLE('',#11780,0.004534662508);
#58=CIRCLE('',#11781,0.004534662508);
#59=CIRCLE('',#11782,0.00475534304200002);
#60=CIRCLE('',#11783,0.00475534304200002);
#61=CIRCLE('',#11784,0.00475534304200002);
#62=CIRCLE('',#11785,0.00475534304200002);
#63=CIRCLE('',#11787,0.00163195);
#64=CIRCLE('',#11788,0.00163195);
#65=CIRCLE('',#11789,0.00163195);
#66=CIRCLE('',#11790,0.004755343042);
#67=CIRCLE('',#11791,0.004755343042);
#68=CIRCLE('',#11792,0.004755343042);
#69=CIRCLE('',#11793,0.004755343042);
#70=CIRCLE('',#11795,0.00798823523);
#71=CIRCLE('',#11796,0.00798823523);
#72=CIRCLE('',#11798,0.00798823523);
#73=CIRCLE('',#11799,0.00798823523);
#74=CIRCLE('',#11801,0.00798823523);
#75=CIRCLE('',#11802,0.00798823523);
#76=CIRCLE('',#11804,0.00798823523);
#77=CIRCLE('',#11805,0.00798823523);
#78=CIRCLE('',#11823,0.0015);
#79=CIRCLE('',#11824,0.0015);
#80=CIRCLE('',#11825,0.004042874439);
#81=CIRCLE('',#11826,0.004042874439);
#82=CIRCLE('',#11827,0.004042874439);
#83=CIRCLE('',#11828,0.004042874439);
#84=CIRCLE('',#11830,0.001100644484);
#85=CIRCLE('',#11831,0.001100644484);
#86=CIRCLE('',#11833,0.001100644484);
#87=CIRCLE('',#11835,0.001100644484);
#88=CIRCLE('',#11837,0.001100644484);
#89=CIRCLE('',#11839,0.001100644484);
#90=CIRCLE('',#11842,0.0015);
#91=CIRCLE('',#11845,0.0015);
#92=CIRCLE('',#11848,0.00179999639999999);
#93=CIRCLE('',#11851,0.00179999639999999);
#94=CIRCLE('',#11858,0.00381);
#95=CIRCLE('',#11859,0.00381);
#96=CIRCLE('',#11860,0.00381);
#97=CIRCLE('',#11861,0.00381);
#98=CIRCLE('',#11863,0.00381);
#99=CIRCLE('',#11865,0.00381);
#100=CIRCLE('',#11867,0.00381);
#101=CIRCLE('',#11869,0.00381);
#102=CIRCLE('',#12064,0.00163195);
#103=CIRCLE('',#12067,0.00163195);
#104=CIRCLE('',#12070,0.00163195);
#105=CIRCLE('',#12089,0.0032);
#106=CIRCLE('',#12091,0.0032);
#107=CIRCLE('',#12093,0.001);
#108=CIRCLE('',#12095,0.001);
#109=CIRCLE('',#12098,0.001778);
#110=ORIENTED_EDGE('',*,*,#3238,.T.);
#111=ORIENTED_EDGE('',*,*,#3239,.T.);
#112=ORIENTED_EDGE('',*,*,#3240,.T.);
#113=ORIENTED_EDGE('',*,*,#3241,.T.);
#114=ORIENTED_EDGE('',*,*,#3242,.T.);
#115=ORIENTED_EDGE('',*,*,#3243,.T.);
#116=ORIENTED_EDGE('',*,*,#3244,.T.);
#117=ORIENTED_EDGE('',*,*,#3245,.T.);
#118=ORIENTED_EDGE('',*,*,#3246,.F.);
#119=ORIENTED_EDGE('',*,*,#3247,.F.);
#120=ORIENTED_EDGE('',*,*,#3248,.F.);
#121=ORIENTED_EDGE('',*,*,#3249,.F.);
#122=ORIENTED_EDGE('',*,*,#3250,.F.);
#123=ORIENTED_EDGE('',*,*,#3251,.F.);
#124=ORIENTED_EDGE('',*,*,#3252,.F.);
#125=ORIENTED_EDGE('',*,*,#3253,.F.);
#126=ORIENTED_EDGE('',*,*,#3254,.F.);
#127=ORIENTED_EDGE('',*,*,#3255,.F.);
#128=ORIENTED_EDGE('',*,*,#3256,.F.);
#129=ORIENTED_EDGE('',*,*,#3257,.F.);
#130=ORIENTED_EDGE('',*,*,#3258,.F.);
#131=ORIENTED_EDGE('',*,*,#3259,.F.);
#132=ORIENTED_EDGE('',*,*,#3260,.F.);
#133=ORIENTED_EDGE('',*,*,#3261,.F.);
#134=ORIENTED_EDGE('',*,*,#3262,.F.);
#135=ORIENTED_EDGE('',*,*,#3263,.F.);
#136=ORIENTED_EDGE('',*,*,#3264,.F.);
#137=ORIENTED_EDGE('',*,*,#3265,.F.);
#138=ORIENTED_EDGE('',*,*,#3266,.F.);
#139=ORIENTED_EDGE('',*,*,#3267,.F.);
#140=ORIENTED_EDGE('',*,*,#3268,.F.);
#141=ORIENTED_EDGE('',*,*,#3269,.F.);
#142=ORIENTED_EDGE('',*,*,#3270,.F.);
#143=ORIENTED_EDGE('',*,*,#3271,.F.);
#144=ORIENTED_EDGE('',*,*,#3272,.F.);
#145=ORIENTED_EDGE('',*,*,#3273,.F.);
#146=ORIENTED_EDGE('',*,*,#3274,.F.);
#147=ORIENTED_EDGE('',*,*,#3275,.F.);
#148=ORIENTED_EDGE('',*,*,#3276,.F.);
#149=ORIENTED_EDGE('',*,*,#3277,.F.);
#150=ORIENTED_EDGE('',*,*,#3278,.F.);
#151=ORIENTED_EDGE('',*,*,#3279,.F.);
#152=ORIENTED_EDGE('',*,*,#3280,.F.);
#153=ORIENTED_EDGE('',*,*,#3281,.F.);
#154=ORIENTED_EDGE('',*,*,#3282,.F.);
#155=ORIENTED_EDGE('',*,*,#3283,.F.);
#156=ORIENTED_EDGE('',*,*,#3284,.F.);
#157=ORIENTED_EDGE('',*,*,#3285,.F.);
#158=ORIENTED_EDGE('',*,*,#3286,.F.);
#159=ORIENTED_EDGE('',*,*,#3287,.F.);
#160=ORIENTED_EDGE('',*,*,#3288,.F.);
#161=ORIENTED_EDGE('',*,*,#3289,.F.);
#162=ORIENTED_EDGE('',*,*,#3290,.F.);
#163=ORIENTED_EDGE('',*,*,#3291,.F.);
#164=ORIENTED_EDGE('',*,*,#3292,.F.);
#165=ORIENTED_EDGE('',*,*,#3293,.F.);
#166=ORIENTED_EDGE('',*,*,#3294,.F.);
#167=ORIENTED_EDGE('',*,*,#3295,.F.);
#168=ORIENTED_EDGE('',*,*,#3296,.F.);
#169=ORIENTED_EDGE('',*,*,#3297,.F.);
#170=ORIENTED_EDGE('',*,*,#3298,.F.);
#171=ORIENTED_EDGE('',*,*,#3299,.F.);
#172=ORIENTED_EDGE('',*,*,#3300,.F.);
#173=ORIENTED_EDGE('',*,*,#3301,.F.);
#174=ORIENTED_EDGE('',*,*,#3302,.F.);
#175=ORIENTED_EDGE('',*,*,#3303,.F.);
#176=ORIENTED_EDGE('',*,*,#3304,.F.);
#177=ORIENTED_EDGE('',*,*,#3305,.F.);
#178=ORIENTED_EDGE('',*,*,#3306,.F.);
#179=ORIENTED_EDGE('',*,*,#3307,.F.);
#180=ORIENTED_EDGE('',*,*,#3308,.F.);
#181=ORIENTED_EDGE('',*,*,#3309,.F.);
#182=ORIENTED_EDGE('',*,*,#3310,.F.);
#183=ORIENTED_EDGE('',*,*,#3311,.F.);
#184=ORIENTED_EDGE('',*,*,#3312,.F.);
#185=ORIENTED_EDGE('',*,*,#3313,.F.);
#186=ORIENTED_EDGE('',*,*,#3314,.F.);
#187=ORIENTED_EDGE('',*,*,#3315,.F.);
#188=ORIENTED_EDGE('',*,*,#3316,.F.);
#189=ORIENTED_EDGE('',*,*,#3317,.F.);
#190=ORIENTED_EDGE('',*,*,#3318,.F.);
#191=ORIENTED_EDGE('',*,*,#3319,.F.);
#192=ORIENTED_EDGE('',*,*,#3320,.F.);
#193=ORIENTED_EDGE('',*,*,#3321,.F.);
#194=ORIENTED_EDGE('',*,*,#3322,.F.);
#195=ORIENTED_EDGE('',*,*,#3323,.F.);
#196=ORIENTED_EDGE('',*,*,#3324,.F.);
#197=ORIENTED_EDGE('',*,*,#3325,.F.);
#198=ORIENTED_EDGE('',*,*,#3326,.F.);
#199=ORIENTED_EDGE('',*,*,#3327,.F.);
#200=ORIENTED_EDGE('',*,*,#3328,.F.);
#201=ORIENTED_EDGE('',*,*,#3329,.F.);
#202=ORIENTED_EDGE('',*,*,#3330,.F.);
#203=ORIENTED_EDGE('',*,*,#3331,.F.);
#204=ORIENTED_EDGE('',*,*,#3332,.F.);
#205=ORIENTED_EDGE('',*,*,#3333,.F.);
#206=ORIENTED_EDGE('',*,*,#3334,.F.);
#207=ORIENTED_EDGE('',*,*,#3335,.F.);
#208=ORIENTED_EDGE('',*,*,#3336,.F.);
#209=ORIENTED_EDGE('',*,*,#3337,.F.);
#210=ORIENTED_EDGE('',*,*,#3338,.F.);
#211=ORIENTED_EDGE('',*,*,#3339,.F.);
#212=ORIENTED_EDGE('',*,*,#3340,.F.);
#213=ORIENTED_EDGE('',*,*,#3341,.F.);
#214=ORIENTED_EDGE('',*,*,#3342,.F.);
#215=ORIENTED_EDGE('',*,*,#3343,.F.);
#216=ORIENTED_EDGE('',*,*,#3344,.F.);
#217=ORIENTED_EDGE('',*,*,#3345,.F.);
#218=ORIENTED_EDGE('',*,*,#3346,.F.);
#219=ORIENTED_EDGE('',*,*,#3347,.F.);
#220=ORIENTED_EDGE('',*,*,#3348,.F.);
#221=ORIENTED_EDGE('',*,*,#3349,.F.);
#222=ORIENTED_EDGE('',*,*,#3350,.F.);
#223=ORIENTED_EDGE('',*,*,#3351,.F.);
#224=ORIENTED_EDGE('',*,*,#3352,.F.);
#225=ORIENTED_EDGE('',*,*,#3353,.F.);
#226=ORIENTED_EDGE('',*,*,#3354,.F.);
#227=ORIENTED_EDGE('',*,*,#3355,.F.);
#228=ORIENTED_EDGE('',*,*,#3356,.F.);
#229=ORIENTED_EDGE('',*,*,#3357,.F.);
#230=ORIENTED_EDGE('',*,*,#3358,.F.);
#231=ORIENTED_EDGE('',*,*,#3359,.F.);
#232=ORIENTED_EDGE('',*,*,#3360,.F.);
#233=ORIENTED_EDGE('',*,*,#3361,.F.);
#234=ORIENTED_EDGE('',*,*,#3362,.F.);
#235=ORIENTED_EDGE('',*,*,#3363,.F.);
#236=ORIENTED_EDGE('',*,*,#3364,.F.);
#237=ORIENTED_EDGE('',*,*,#3365,.F.);
#238=ORIENTED_EDGE('',*,*,#3366,.F.);
#239=ORIENTED_EDGE('',*,*,#3367,.F.);
#240=ORIENTED_EDGE('',*,*,#3368,.F.);
#241=ORIENTED_EDGE('',*,*,#3369,.F.);
#242=ORIENTED_EDGE('',*,*,#3370,.F.);
#243=ORIENTED_EDGE('',*,*,#3371,.F.);
#244=ORIENTED_EDGE('',*,*,#3372,.F.);
#245=ORIENTED_EDGE('',*,*,#3373,.F.);
#246=ORIENTED_EDGE('',*,*,#3374,.F.);
#247=ORIENTED_EDGE('',*,*,#3375,.F.);
#248=ORIENTED_EDGE('',*,*,#3376,.F.);
#249=ORIENTED_EDGE('',*,*,#3377,.F.);
#250=ORIENTED_EDGE('',*,*,#3378,.F.);
#251=ORIENTED_EDGE('',*,*,#3379,.F.);
#252=ORIENTED_EDGE('',*,*,#3380,.F.);
#253=ORIENTED_EDGE('',*,*,#3381,.F.);
#254=ORIENTED_EDGE('',*,*,#3382,.F.);
#255=ORIENTED_EDGE('',*,*,#3383,.F.);
#256=ORIENTED_EDGE('',*,*,#3384,.T.);
#257=ORIENTED_EDGE('',*,*,#3385,.F.);
#258=ORIENTED_EDGE('',*,*,#3386,.F.);
#259=ORIENTED_EDGE('',*,*,#3387,.F.);
#260=ORIENTED_EDGE('',*,*,#3388,.T.);
#261=ORIENTED_EDGE('',*,*,#3389,.F.);
#262=ORIENTED_EDGE('',*,*,#3390,.F.);
#263=ORIENTED_EDGE('',*,*,#3391,.F.);
#264=ORIENTED_EDGE('',*,*,#3392,.F.);
#265=ORIENTED_EDGE('',*,*,#3388,.F.);
#266=ORIENTED_EDGE('',*,*,#3393,.T.);
#267=ORIENTED_EDGE('',*,*,#3394,.F.);
#268=ORIENTED_EDGE('',*,*,#3395,.T.);
#269=ORIENTED_EDGE('',*,*,#3396,.T.);
#270=ORIENTED_EDGE('',*,*,#3397,.T.);
#271=ORIENTED_EDGE('',*,*,#3398,.T.);
#272=ORIENTED_EDGE('',*,*,#3399,.F.);
#273=ORIENTED_EDGE('',*,*,#3400,.F.);
#274=ORIENTED_EDGE('',*,*,#3401,.F.);
#275=ORIENTED_EDGE('',*,*,#3384,.F.);
#276=ORIENTED_EDGE('',*,*,#3402,.T.);
#277=ORIENTED_EDGE('',*,*,#3403,.F.);
#278=ORIENTED_EDGE('',*,*,#3404,.F.);
#279=ORIENTED_EDGE('',*,*,#3405,.T.);
#280=ORIENTED_EDGE('',*,*,#3406,.T.);
#281=ORIENTED_EDGE('',*,*,#3407,.T.);
#282=ORIENTED_EDGE('',*,*,#3408,.T.);
#283=ORIENTED_EDGE('',*,*,#3409,.F.);
#284=ORIENTED_EDGE('',*,*,#3410,.F.);
#285=ORIENTED_EDGE('',*,*,#3411,.F.);
#286=ORIENTED_EDGE('',*,*,#3412,.F.);
#287=ORIENTED_EDGE('',*,*,#3413,.F.);
#288=ORIENTED_EDGE('',*,*,#3414,.F.);
#289=ORIENTED_EDGE('',*,*,#3415,.F.);
#290=ORIENTED_EDGE('',*,*,#3416,.T.);
#291=ORIENTED_EDGE('',*,*,#3417,.F.);
#292=ORIENTED_EDGE('',*,*,#3418,.T.);
#293=ORIENTED_EDGE('',*,*,#3419,.F.);
#294=ORIENTED_EDGE('',*,*,#3420,.F.);
#295=ORIENTED_EDGE('',*,*,#3421,.F.);
#296=ORIENTED_EDGE('',*,*,#3422,.F.);
#297=ORIENTED_EDGE('',*,*,#3423,.T.);
#298=ORIENTED_EDGE('',*,*,#3424,.T.);
#299=ORIENTED_EDGE('',*,*,#3425,.T.);
#300=ORIENTED_EDGE('',*,*,#3426,.T.);
#301=ORIENTED_EDGE('',*,*,#3427,.F.);
#302=ORIENTED_EDGE('',*,*,#3428,.F.);
#303=ORIENTED_EDGE('',*,*,#3429,.F.);
#304=ORIENTED_EDGE('',*,*,#3430,.F.);
#305=ORIENTED_EDGE('',*,*,#3431,.T.);
#306=ORIENTED_EDGE('',*,*,#3432,.T.);
#307=ORIENTED_EDGE('',*,*,#3433,.T.);
#308=ORIENTED_EDGE('',*,*,#3434,.T.);
#309=ORIENTED_EDGE('',*,*,#3435,.F.);
#310=ORIENTED_EDGE('',*,*,#3436,.F.);
#311=ORIENTED_EDGE('',*,*,#3437,.F.);
#312=ORIENTED_EDGE('',*,*,#3438,.F.);
#313=ORIENTED_EDGE('',*,*,#3439,.T.);
#314=ORIENTED_EDGE('',*,*,#3440,.T.);
#315=ORIENTED_EDGE('',*,*,#3441,.T.);
#316=ORIENTED_EDGE('',*,*,#3442,.T.);
#317=ORIENTED_EDGE('',*,*,#3443,.F.);
#318=ORIENTED_EDGE('',*,*,#3444,.F.);
#319=ORIENTED_EDGE('',*,*,#3445,.F.);
#320=ORIENTED_EDGE('',*,*,#3446,.F.);
#321=ORIENTED_EDGE('',*,*,#3447,.T.);
#322=ORIENTED_EDGE('',*,*,#3448,.T.);
#323=ORIENTED_EDGE('',*,*,#3449,.T.);
#324=ORIENTED_EDGE('',*,*,#3450,.T.);
#325=ORIENTED_EDGE('',*,*,#3451,.F.);
#326=ORIENTED_EDGE('',*,*,#3452,.F.);
#327=ORIENTED_EDGE('',*,*,#3453,.F.);
#328=ORIENTED_EDGE('',*,*,#3454,.F.);
#329=ORIENTED_EDGE('',*,*,#3455,.T.);
#330=ORIENTED_EDGE('',*,*,#3456,.T.);
#331=ORIENTED_EDGE('',*,*,#3457,.T.);
#332=ORIENTED_EDGE('',*,*,#3458,.T.);
#333=ORIENTED_EDGE('',*,*,#3459,.F.);
#334=ORIENTED_EDGE('',*,*,#3460,.F.);
#335=ORIENTED_EDGE('',*,*,#3461,.F.);
#336=ORIENTED_EDGE('',*,*,#3462,.F.);
#337=ORIENTED_EDGE('',*,*,#3463,.T.);
#338=ORIENTED_EDGE('',*,*,#3464,.T.);
#339=ORIENTED_EDGE('',*,*,#3465,.T.);
#340=ORIENTED_EDGE('',*,*,#3466,.T.);
#341=ORIENTED_EDGE('',*,*,#3467,.F.);
#342=ORIENTED_EDGE('',*,*,#3468,.F.);
#343=ORIENTED_EDGE('',*,*,#3469,.F.);
#344=ORIENTED_EDGE('',*,*,#3470,.F.);
#345=ORIENTED_EDGE('',*,*,#3471,.T.);
#346=ORIENTED_EDGE('',*,*,#3472,.T.);
#347=ORIENTED_EDGE('',*,*,#3473,.T.);
#348=ORIENTED_EDGE('',*,*,#3474,.T.);
#349=ORIENTED_EDGE('',*,*,#3475,.F.);
#350=ORIENTED_EDGE('',*,*,#3476,.F.);
#351=ORIENTED_EDGE('',*,*,#3477,.F.);
#352=ORIENTED_EDGE('',*,*,#3478,.F.);
#353=ORIENTED_EDGE('',*,*,#3479,.T.);
#354=ORIENTED_EDGE('',*,*,#3480,.T.);
#355=ORIENTED_EDGE('',*,*,#3481,.T.);
#356=ORIENTED_EDGE('',*,*,#3482,.T.);
#357=ORIENTED_EDGE('',*,*,#3483,.F.);
#358=ORIENTED_EDGE('',*,*,#3484,.F.);
#359=ORIENTED_EDGE('',*,*,#3485,.F.);
#360=ORIENTED_EDGE('',*,*,#3486,.F.);
#361=ORIENTED_EDGE('',*,*,#3487,.T.);
#362=ORIENTED_EDGE('',*,*,#3488,.T.);
#363=ORIENTED_EDGE('',*,*,#3489,.T.);
#364=ORIENTED_EDGE('',*,*,#3490,.T.);
#365=ORIENTED_EDGE('',*,*,#3491,.F.);
#366=ORIENTED_EDGE('',*,*,#3492,.F.);
#367=ORIENTED_EDGE('',*,*,#3493,.F.);
#368=ORIENTED_EDGE('',*,*,#3494,.F.);
#369=ORIENTED_EDGE('',*,*,#3495,.T.);
#370=ORIENTED_EDGE('',*,*,#3496,.T.);
#371=ORIENTED_EDGE('',*,*,#3497,.T.);
#372=ORIENTED_EDGE('',*,*,#3498,.T.);
#373=ORIENTED_EDGE('',*,*,#3499,.F.);
#374=ORIENTED_EDGE('',*,*,#3500,.F.);
#375=ORIENTED_EDGE('',*,*,#3501,.F.);
#376=ORIENTED_EDGE('',*,*,#3502,.F.);
#377=ORIENTED_EDGE('',*,*,#3503,.T.);
#378=ORIENTED_EDGE('',*,*,#3504,.T.);
#379=ORIENTED_EDGE('',*,*,#3505,.T.);
#380=ORIENTED_EDGE('',*,*,#3506,.T.);
#381=ORIENTED_EDGE('',*,*,#3507,.F.);
#382=ORIENTED_EDGE('',*,*,#3508,.F.);
#383=ORIENTED_EDGE('',*,*,#3509,.F.);
#384=ORIENTED_EDGE('',*,*,#3510,.F.);
#385=ORIENTED_EDGE('',*,*,#3511,.T.);
#386=ORIENTED_EDGE('',*,*,#3512,.T.);
#387=ORIENTED_EDGE('',*,*,#3513,.T.);
#388=ORIENTED_EDGE('',*,*,#3514,.T.);
#389=ORIENTED_EDGE('',*,*,#3515,.F.);
#390=ORIENTED_EDGE('',*,*,#3516,.F.);
#391=ORIENTED_EDGE('',*,*,#3517,.F.);
#392=ORIENTED_EDGE('',*,*,#3518,.F.);
#393=ORIENTED_EDGE('',*,*,#3519,.T.);
#394=ORIENTED_EDGE('',*,*,#3520,.T.);
#395=ORIENTED_EDGE('',*,*,#3521,.T.);
#396=ORIENTED_EDGE('',*,*,#3522,.T.);
#397=ORIENTED_EDGE('',*,*,#3523,.F.);
#398=ORIENTED_EDGE('',*,*,#3524,.F.);
#399=ORIENTED_EDGE('',*,*,#3525,.F.);
#400=ORIENTED_EDGE('',*,*,#3526,.F.);
#401=ORIENTED_EDGE('',*,*,#3527,.T.);
#402=ORIENTED_EDGE('',*,*,#3528,.T.);
#403=ORIENTED_EDGE('',*,*,#3529,.T.);
#404=ORIENTED_EDGE('',*,*,#3530,.T.);
#405=ORIENTED_EDGE('',*,*,#3531,.F.);
#406=ORIENTED_EDGE('',*,*,#3532,.F.);
#407=ORIENTED_EDGE('',*,*,#3533,.F.);
#408=ORIENTED_EDGE('',*,*,#3534,.F.);
#409=ORIENTED_EDGE('',*,*,#3535,.T.);
#410=ORIENTED_EDGE('',*,*,#3536,.T.);
#411=ORIENTED_EDGE('',*,*,#3537,.T.);
#412=ORIENTED_EDGE('',*,*,#3538,.T.);
#413=ORIENTED_EDGE('',*,*,#3539,.F.);
#414=ORIENTED_EDGE('',*,*,#3540,.F.);
#415=ORIENTED_EDGE('',*,*,#3541,.F.);
#416=ORIENTED_EDGE('',*,*,#3542,.F.);
#417=ORIENTED_EDGE('',*,*,#3543,.T.);
#418=ORIENTED_EDGE('',*,*,#3544,.T.);
#419=ORIENTED_EDGE('',*,*,#3545,.T.);
#420=ORIENTED_EDGE('',*,*,#3546,.T.);
#421=ORIENTED_EDGE('',*,*,#3547,.F.);
#422=ORIENTED_EDGE('',*,*,#3548,.F.);
#423=ORIENTED_EDGE('',*,*,#3549,.F.);
#424=ORIENTED_EDGE('',*,*,#3550,.F.);
#425=ORIENTED_EDGE('',*,*,#3551,.T.);
#426=ORIENTED_EDGE('',*,*,#3552,.T.);
#427=ORIENTED_EDGE('',*,*,#3553,.T.);
#428=ORIENTED_EDGE('',*,*,#3554,.T.);
#429=ORIENTED_EDGE('',*,*,#3555,.F.);
#430=ORIENTED_EDGE('',*,*,#3556,.F.);
#431=ORIENTED_EDGE('',*,*,#3557,.F.);
#432=ORIENTED_EDGE('',*,*,#3558,.F.);
#433=ORIENTED_EDGE('',*,*,#3559,.T.);
#434=ORIENTED_EDGE('',*,*,#3560,.T.);
#435=ORIENTED_EDGE('',*,*,#3561,.T.);
#436=ORIENTED_EDGE('',*,*,#3562,.T.);
#437=ORIENTED_EDGE('',*,*,#3563,.F.);
#438=ORIENTED_EDGE('',*,*,#3564,.F.);
#439=ORIENTED_EDGE('',*,*,#3565,.F.);
#440=ORIENTED_EDGE('',*,*,#3566,.F.);
#441=ORIENTED_EDGE('',*,*,#3567,.T.);
#442=ORIENTED_EDGE('',*,*,#3568,.T.);
#443=ORIENTED_EDGE('',*,*,#3569,.T.);
#444=ORIENTED_EDGE('',*,*,#3570,.T.);
#445=ORIENTED_EDGE('',*,*,#3571,.F.);
#446=ORIENTED_EDGE('',*,*,#3572,.F.);
#447=ORIENTED_EDGE('',*,*,#3573,.F.);
#448=ORIENTED_EDGE('',*,*,#3574,.F.);
#449=ORIENTED_EDGE('',*,*,#3575,.T.);
#450=ORIENTED_EDGE('',*,*,#3576,.T.);
#451=ORIENTED_EDGE('',*,*,#3577,.T.);
#452=ORIENTED_EDGE('',*,*,#3578,.T.);
#453=ORIENTED_EDGE('',*,*,#3579,.F.);
#454=ORIENTED_EDGE('',*,*,#3580,.F.);
#455=ORIENTED_EDGE('',*,*,#3581,.F.);
#456=ORIENTED_EDGE('',*,*,#3582,.F.);
#457=ORIENTED_EDGE('',*,*,#3583,.T.);
#458=ORIENTED_EDGE('',*,*,#3584,.T.);
#459=ORIENTED_EDGE('',*,*,#3585,.T.);
#460=ORIENTED_EDGE('',*,*,#3586,.T.);
#461=ORIENTED_EDGE('',*,*,#3587,.F.);
#462=ORIENTED_EDGE('',*,*,#3588,.F.);
#463=ORIENTED_EDGE('',*,*,#3589,.F.);
#464=ORIENTED_EDGE('',*,*,#3590,.F.);
#465=ORIENTED_EDGE('',*,*,#3591,.F.);
#466=ORIENTED_EDGE('',*,*,#3592,.F.);
#467=ORIENTED_EDGE('',*,*,#3593,.T.);
#468=ORIENTED_EDGE('',*,*,#3594,.T.);
#469=ORIENTED_EDGE('',*,*,#3595,.F.);
#470=ORIENTED_EDGE('',*,*,#3596,.T.);
#471=ORIENTED_EDGE('',*,*,#3597,.T.);
#472=ORIENTED_EDGE('',*,*,#3598,.F.);
#473=ORIENTED_EDGE('',*,*,#3599,.T.);
#474=ORIENTED_EDGE('',*,*,#3600,.T.);
#475=ORIENTED_EDGE('',*,*,#3601,.T.);
#476=ORIENTED_EDGE('',*,*,#3602,.T.);
#477=ORIENTED_EDGE('',*,*,#3603,.T.);
#478=ORIENTED_EDGE('',*,*,#3604,.T.);
#479=ORIENTED_EDGE('',*,*,#3605,.T.);
#480=ORIENTED_EDGE('',*,*,#3606,.T.);
#481=ORIENTED_EDGE('',*,*,#3607,.T.);
#482=ORIENTED_EDGE('',*,*,#3608,.T.);
#483=ORIENTED_EDGE('',*,*,#3609,.T.);
#484=ORIENTED_EDGE('',*,*,#3610,.T.);
#485=ORIENTED_EDGE('',*,*,#3611,.T.);
#486=ORIENTED_EDGE('',*,*,#3612,.T.);
#487=ORIENTED_EDGE('',*,*,#3613,.T.);
#488=ORIENTED_EDGE('',*,*,#3614,.T.);
#489=ORIENTED_EDGE('',*,*,#3615,.T.);
#490=ORIENTED_EDGE('',*,*,#3616,.T.);
#491=ORIENTED_EDGE('',*,*,#3617,.T.);
#492=ORIENTED_EDGE('',*,*,#3618,.T.);
#493=ORIENTED_EDGE('',*,*,#3619,.F.);
#494=ORIENTED_EDGE('',*,*,#3620,.F.);
#495=ORIENTED_EDGE('',*,*,#3621,.F.);
#496=ORIENTED_EDGE('',*,*,#3622,.T.);
#497=ORIENTED_EDGE('',*,*,#3623,.T.);
#498=ORIENTED_EDGE('',*,*,#3624,.T.);
#499=ORIENTED_EDGE('',*,*,#3625,.T.);
#500=ORIENTED_EDGE('',*,*,#3626,.T.);
#501=ORIENTED_EDGE('',*,*,#3627,.T.);
#502=ORIENTED_EDGE('',*,*,#3628,.T.);
#503=ORIENTED_EDGE('',*,*,#3629,.T.);
#504=ORIENTED_EDGE('',*,*,#3407,.F.);
#505=ORIENTED_EDGE('',*,*,#3630,.T.);
#506=ORIENTED_EDGE('',*,*,#3395,.F.);
#507=ORIENTED_EDGE('',*,*,#3631,.T.);
#508=ORIENTED_EDGE('',*,*,#3585,.F.);
#509=ORIENTED_EDGE('',*,*,#3632,.T.);
#510=ORIENTED_EDGE('',*,*,#3405,.F.);
#511=ORIENTED_EDGE('',*,*,#3633,.T.);
#512=ORIENTED_EDGE('',*,*,#3601,.F.);
#513=ORIENTED_EDGE('',*,*,#3634,.T.);
#514=ORIENTED_EDGE('',*,*,#3583,.F.);
#515=ORIENTED_EDGE('',*,*,#3635,.T.);
#516=ORIENTED_EDGE('',*,*,#3397,.F.);
#517=ORIENTED_EDGE('',*,*,#3636,.T.);
#518=ORIENTED_EDGE('',*,*,#3599,.F.);
#519=ORIENTED_EDGE('',*,*,#3637,.T.);
#520=ORIENTED_EDGE('',*,*,#3638,.F.);
#521=ORIENTED_EDGE('',*,*,#3627,.F.);
#522=ORIENTED_EDGE('',*,*,#3639,.F.);
#523=ORIENTED_EDGE('',*,*,#3396,.F.);
#524=ORIENTED_EDGE('',*,*,#3639,.T.);
#525=ORIENTED_EDGE('',*,*,#3626,.F.);
#526=ORIENTED_EDGE('',*,*,#3640,.F.);
#527=ORIENTED_EDGE('',*,*,#3636,.F.);
#528=ORIENTED_EDGE('',*,*,#3638,.T.);
#529=ORIENTED_EDGE('',*,*,#3630,.F.);
#530=ORIENTED_EDGE('',*,*,#3641,.F.);
#531=ORIENTED_EDGE('',*,*,#3628,.F.);
#532=ORIENTED_EDGE('',*,*,#3640,.T.);
#533=ORIENTED_EDGE('',*,*,#3625,.F.);
#534=ORIENTED_EDGE('',*,*,#3642,.F.);
#535=ORIENTED_EDGE('',*,*,#3600,.F.);
#536=ORIENTED_EDGE('',*,*,#3641,.T.);
#537=ORIENTED_EDGE('',*,*,#3406,.F.);
#538=ORIENTED_EDGE('',*,*,#3643,.F.);
#539=ORIENTED_EDGE('',*,*,#3629,.F.);
#540=ORIENTED_EDGE('',*,*,#3642,.T.);
#541=ORIENTED_EDGE('',*,*,#3624,.F.);
#542=ORIENTED_EDGE('',*,*,#3644,.F.);
#543=ORIENTED_EDGE('',*,*,#3634,.F.);
#544=ORIENTED_EDGE('',*,*,#3643,.T.);
#545=ORIENTED_EDGE('',*,*,#3632,.F.);
#546=ORIENTED_EDGE('',*,*,#3645,.F.);
#547=ORIENTED_EDGE('',*,*,#3622,.F.);
#548=ORIENTED_EDGE('',*,*,#3644,.T.);
#549=ORIENTED_EDGE('',*,*,#3623,.F.);
#550=ORIENTED_EDGE('',*,*,#3645,.T.);
#551=ORIENTED_EDGE('',*,*,#3584,.F.);
#552=ORIENTED_EDGE('',*,*,#3646,.F.);
#553=ORIENTED_EDGE('',*,*,#3398,.F.);
#554=ORIENTED_EDGE('',*,*,#3647,.F.);
#555=ORIENTED_EDGE('',*,*,#3616,.F.);
#556=ORIENTED_EDGE('',*,*,#3647,.T.);
#557=ORIENTED_EDGE('',*,*,#3637,.F.);
#558=ORIENTED_EDGE('',*,*,#3648,.F.);
#559=ORIENTED_EDGE('',*,*,#3617,.F.);
#560=ORIENTED_EDGE('',*,*,#3646,.T.);
#561=ORIENTED_EDGE('',*,*,#3615,.F.);
#562=ORIENTED_EDGE('',*,*,#3649,.F.);
#563=ORIENTED_EDGE('',*,*,#3631,.F.);
#564=ORIENTED_EDGE('',*,*,#3648,.T.);
#565=ORIENTED_EDGE('',*,*,#3602,.F.);
#566=ORIENTED_EDGE('',*,*,#3650,.F.);
#567=ORIENTED_EDGE('',*,*,#3618,.F.);
#568=ORIENTED_EDGE('',*,*,#3649,.T.);
#569=ORIENTED_EDGE('',*,*,#3614,.F.);
#570=ORIENTED_EDGE('',*,*,#3651,.F.);
#571=ORIENTED_EDGE('',*,*,#3408,.F.);
#572=ORIENTED_EDGE('',*,*,#3650,.T.);
#573=ORIENTED_EDGE('',*,*,#3635,.F.);
#574=ORIENTED_EDGE('',*,*,#3652,.F.);
#575=ORIENTED_EDGE('',*,*,#3611,.F.);
#576=ORIENTED_EDGE('',*,*,#3651,.T.);
#577=ORIENTED_EDGE('',*,*,#3613,.F.);
#578=ORIENTED_EDGE('',*,*,#3653,.F.);
#579=ORIENTED_EDGE('',*,*,#3633,.F.);
#580=ORIENTED_EDGE('',*,*,#3652,.T.);
#581=ORIENTED_EDGE('',*,*,#3586,.F.);
#582=ORIENTED_EDGE('',*,*,#3653,.T.);
#583=ORIENTED_EDGE('',*,*,#3612,.F.);
#584=ORIENTED_EDGE('',*,*,#3654,.F.);
#585=ORIENTED_EDGE('',*,*,#3655,.F.);
#586=ORIENTED_EDGE('',*,*,#3656,.T.);
#587=ORIENTED_EDGE('',*,*,#3657,.T.);
#588=ORIENTED_EDGE('',*,*,#3658,.T.);
#589=ORIENTED_EDGE('',*,*,#3659,.T.);
#590=ORIENTED_EDGE('',*,*,#3660,.T.);
#591=ORIENTED_EDGE('',*,*,#3661,.T.);
#592=ORIENTED_EDGE('',*,*,#3662,.F.);
#593=ORIENTED_EDGE('',*,*,#3593,.F.);
#594=ORIENTED_EDGE('',*,*,#3663,.F.);
#595=ORIENTED_EDGE('',*,*,#3660,.F.);
#596=ORIENTED_EDGE('',*,*,#3663,.T.);
#597=ORIENTED_EDGE('',*,*,#3598,.T.);
#598=ORIENTED_EDGE('',*,*,#3664,.F.);
#599=ORIENTED_EDGE('',*,*,#3661,.F.);
#600=ORIENTED_EDGE('',*,*,#3662,.T.);
#601=ORIENTED_EDGE('',*,*,#3659,.F.);
#602=ORIENTED_EDGE('',*,*,#3665,.F.);
#603=ORIENTED_EDGE('',*,*,#3594,.F.);
#604=ORIENTED_EDGE('',*,*,#3664,.T.);
#605=ORIENTED_EDGE('',*,*,#3597,.F.);
#606=ORIENTED_EDGE('',*,*,#3666,.F.);
#607=ORIENTED_EDGE('',*,*,#3656,.F.);
#608=ORIENTED_EDGE('',*,*,#3665,.T.);
#609=ORIENTED_EDGE('',*,*,#3658,.F.);
#610=ORIENTED_EDGE('',*,*,#3667,.F.);
#611=ORIENTED_EDGE('',*,*,#3595,.T.);
#612=ORIENTED_EDGE('',*,*,#3666,.T.);
#613=ORIENTED_EDGE('',*,*,#3596,.F.);
#614=ORIENTED_EDGE('',*,*,#3667,.T.);
#615=ORIENTED_EDGE('',*,*,#3657,.F.);
#616=ORIENTED_EDGE('',*,*,#3668,.F.);
#617=ORIENTED_EDGE('',*,*,#3655,.T.);
#618=ORIENTED_EDGE('',*,*,#3668,.T.);
#619=ORIENTED_EDGE('',*,*,#3669,.F.);
#620=ORIENTED_EDGE('',*,*,#3654,.T.);
#621=ORIENTED_EDGE('',*,*,#3669,.T.);
#622=ORIENTED_EDGE('',*,*,#3670,.F.);
#623=ORIENTED_EDGE('',*,*,#3587,.T.);
#624=ORIENTED_EDGE('',*,*,#3670,.T.);
#625=ORIENTED_EDGE('',*,*,#3671,.F.);
#626=ORIENTED_EDGE('',*,*,#3588,.T.);
#627=ORIENTED_EDGE('',*,*,#3671,.T.);
#628=ORIENTED_EDGE('',*,*,#3672,.T.);
#629=ORIENTED_EDGE('',*,*,#3673,.T.);
#630=ORIENTED_EDGE('',*,*,#3674,.T.);
#631=ORIENTED_EDGE('',*,*,#3675,.F.);
#632=ORIENTED_EDGE('',*,*,#3676,.T.);
#633=ORIENTED_EDGE('',*,*,#3677,.T.);
#634=ORIENTED_EDGE('',*,*,#3678,.T.);
#635=ORIENTED_EDGE('',*,*,#3679,.F.);
#636=ORIENTED_EDGE('',*,*,#3680,.T.);
#637=ORIENTED_EDGE('',*,*,#3681,.T.);
#638=ORIENTED_EDGE('',*,*,#3682,.T.);
#639=ORIENTED_EDGE('',*,*,#3683,.F.);
#640=ORIENTED_EDGE('',*,*,#3684,.T.);
#641=ORIENTED_EDGE('',*,*,#3685,.T.);
#642=ORIENTED_EDGE('',*,*,#3686,.T.);
#643=ORIENTED_EDGE('',*,*,#3687,.F.);
#644=ORIENTED_EDGE('',*,*,#3687,.T.);
#645=ORIENTED_EDGE('',*,*,#3688,.T.);
#646=ORIENTED_EDGE('',*,*,#3683,.T.);
#647=ORIENTED_EDGE('',*,*,#3689,.T.);
#648=ORIENTED_EDGE('',*,*,#3679,.T.);
#649=ORIENTED_EDGE('',*,*,#3690,.T.);
#650=ORIENTED_EDGE('',*,*,#3675,.T.);
#651=ORIENTED_EDGE('',*,*,#3691,.T.);
#652=ORIENTED_EDGE('',*,*,#3686,.F.);
#653=ORIENTED_EDGE('',*,*,#3692,.T.);
#654=ORIENTED_EDGE('',*,*,#3680,.F.);
#655=ORIENTED_EDGE('',*,*,#3688,.F.);
#656=ORIENTED_EDGE('',*,*,#3682,.F.);
#657=ORIENTED_EDGE('',*,*,#3693,.T.);
#658=ORIENTED_EDGE('',*,*,#3676,.F.);
#659=ORIENTED_EDGE('',*,*,#3689,.F.);
#660=ORIENTED_EDGE('',*,*,#3678,.F.);
#661=ORIENTED_EDGE('',*,*,#3694,.T.);
#662=ORIENTED_EDGE('',*,*,#3672,.F.);
#663=ORIENTED_EDGE('',*,*,#3690,.F.);
#664=ORIENTED_EDGE('',*,*,#3674,.F.);
#665=ORIENTED_EDGE('',*,*,#3695,.T.);
#666=ORIENTED_EDGE('',*,*,#3684,.F.);
#667=ORIENTED_EDGE('',*,*,#3691,.F.);
#668=ORIENTED_EDGE('',*,*,#3696,.F.);
#669=ORIENTED_EDGE('',*,*,#3608,.F.);
#670=ORIENTED_EDGE('',*,*,#3697,.F.);
#671=ORIENTED_EDGE('',*,*,#3685,.F.);
#672=ORIENTED_EDGE('',*,*,#3697,.T.);
#673=ORIENTED_EDGE('',*,*,#3607,.F.);
#674=ORIENTED_EDGE('',*,*,#3698,.F.);
#675=ORIENTED_EDGE('',*,*,#3692,.F.);
#676=ORIENTED_EDGE('',*,*,#3696,.T.);
#677=ORIENTED_EDGE('',*,*,#3695,.F.);
#678=ORIENTED_EDGE('',*,*,#3699,.F.);
#679=ORIENTED_EDGE('',*,*,#3609,.F.);
#680=ORIENTED_EDGE('',*,*,#3698,.T.);
#681=ORIENTED_EDGE('',*,*,#3606,.F.);
#682=ORIENTED_EDGE('',*,*,#3700,.F.);
#683=ORIENTED_EDGE('',*,*,#3681,.F.);
#684=ORIENTED_EDGE('',*,*,#3699,.T.);
#685=ORIENTED_EDGE('',*,*,#3673,.F.);
#686=ORIENTED_EDGE('',*,*,#3701,.F.);
#687=ORIENTED_EDGE('',*,*,#3610,.F.);
#688=ORIENTED_EDGE('',*,*,#3700,.T.);
#689=ORIENTED_EDGE('',*,*,#3605,.F.);
#690=ORIENTED_EDGE('',*,*,#3702,.F.);
#691=ORIENTED_EDGE('',*,*,#3693,.F.);
#692=ORIENTED_EDGE('',*,*,#3701,.T.);
#693=ORIENTED_EDGE('',*,*,#3694,.F.);
#694=ORIENTED_EDGE('',*,*,#3703,.F.);
#695=ORIENTED_EDGE('',*,*,#3603,.F.);
#696=ORIENTED_EDGE('',*,*,#3702,.T.);
#697=ORIENTED_EDGE('',*,*,#3604,.F.);
#698=ORIENTED_EDGE('',*,*,#3703,.T.);
#699=ORIENTED_EDGE('',*,*,#3677,.F.);
#700=ORIENTED_EDGE('',*,*,#3589,.T.);
#701=ORIENTED_EDGE('',*,*,#3704,.F.);
#702=ORIENTED_EDGE('',*,*,#3705,.F.);
#703=ORIENTED_EDGE('',*,*,#3706,.T.);
#704=ORIENTED_EDGE('',*,*,#3592,.T.);
#705=ORIENTED_EDGE('',*,*,#3707,.F.);
#706=ORIENTED_EDGE('',*,*,#3708,.F.);
#707=ORIENTED_EDGE('',*,*,#3704,.T.);
#708=ORIENTED_EDGE('',*,*,#3591,.T.);
#709=ORIENTED_EDGE('',*,*,#3709,.F.);
#710=ORIENTED_EDGE('',*,*,#3710,.F.);
#711=ORIENTED_EDGE('',*,*,#3707,.T.);
#712=ORIENTED_EDGE('',*,*,#3590,.T.);
#713=ORIENTED_EDGE('',*,*,#3706,.F.);
#714=ORIENTED_EDGE('',*,*,#3711,.F.);
#715=ORIENTED_EDGE('',*,*,#3709,.T.);
#716=ORIENTED_EDGE('',*,*,#3712,.F.);
#717=ORIENTED_EDGE('',*,*,#3713,.F.);
#718=ORIENTED_EDGE('',*,*,#3714,.F.);
#719=ORIENTED_EDGE('',*,*,#3715,.F.);
#720=ORIENTED_EDGE('',*,*,#3716,.F.);
#721=ORIENTED_EDGE('',*,*,#3717,.F.);
#722=ORIENTED_EDGE('',*,*,#3718,.F.);
#723=ORIENTED_EDGE('',*,*,#3719,.F.);
#724=ORIENTED_EDGE('',*,*,#3720,.F.);
#725=ORIENTED_EDGE('',*,*,#3721,.F.);
#726=ORIENTED_EDGE('',*,*,#3722,.F.);
#727=ORIENTED_EDGE('',*,*,#3723,.F.);
#728=ORIENTED_EDGE('',*,*,#3724,.F.);
#729=ORIENTED_EDGE('',*,*,#3725,.F.);
#730=ORIENTED_EDGE('',*,*,#3726,.F.);
#731=ORIENTED_EDGE('',*,*,#3727,.F.);
#732=ORIENTED_EDGE('',*,*,#3728,.F.);
#733=ORIENTED_EDGE('',*,*,#3729,.F.);
#734=ORIENTED_EDGE('',*,*,#3730,.F.);
#735=ORIENTED_EDGE('',*,*,#3731,.F.);
#736=ORIENTED_EDGE('',*,*,#3732,.F.);
#737=ORIENTED_EDGE('',*,*,#3733,.F.);
#738=ORIENTED_EDGE('',*,*,#3734,.F.);
#739=ORIENTED_EDGE('',*,*,#3735,.F.);
#740=ORIENTED_EDGE('',*,*,#3736,.F.);
#741=ORIENTED_EDGE('',*,*,#3737,.F.);
#742=ORIENTED_EDGE('',*,*,#3738,.F.);
#743=ORIENTED_EDGE('',*,*,#3739,.F.);
#744=ORIENTED_EDGE('',*,*,#3740,.F.);
#745=ORIENTED_EDGE('',*,*,#3741,.F.);
#746=ORIENTED_EDGE('',*,*,#3742,.F.);
#747=ORIENTED_EDGE('',*,*,#3743,.F.);
#748=ORIENTED_EDGE('',*,*,#3744,.F.);
#749=ORIENTED_EDGE('',*,*,#3745,.F.);
#750=ORIENTED_EDGE('',*,*,#3746,.F.);
#751=ORIENTED_EDGE('',*,*,#3747,.F.);
#752=ORIENTED_EDGE('',*,*,#3748,.F.);
#753=ORIENTED_EDGE('',*,*,#3749,.F.);
#754=ORIENTED_EDGE('',*,*,#3750,.F.);
#755=ORIENTED_EDGE('',*,*,#3751,.F.);
#756=ORIENTED_EDGE('',*,*,#3752,.F.);
#757=ORIENTED_EDGE('',*,*,#3753,.F.);
#758=ORIENTED_EDGE('',*,*,#3754,.F.);
#759=ORIENTED_EDGE('',*,*,#3755,.F.);
#760=ORIENTED_EDGE('',*,*,#3756,.F.);
#761=ORIENTED_EDGE('',*,*,#3757,.F.);
#762=ORIENTED_EDGE('',*,*,#3758,.F.);
#763=ORIENTED_EDGE('',*,*,#3759,.F.);
#764=ORIENTED_EDGE('',*,*,#3760,.F.);
#765=ORIENTED_EDGE('',*,*,#3761,.F.);
#766=ORIENTED_EDGE('',*,*,#3762,.F.);
#767=ORIENTED_EDGE('',*,*,#3763,.F.);
#768=ORIENTED_EDGE('',*,*,#3764,.F.);
#769=ORIENTED_EDGE('',*,*,#3765,.F.);
#770=ORIENTED_EDGE('',*,*,#3766,.F.);
#771=ORIENTED_EDGE('',*,*,#3767,.F.);
#772=ORIENTED_EDGE('',*,*,#3768,.F.);
#773=ORIENTED_EDGE('',*,*,#3769,.F.);
#774=ORIENTED_EDGE('',*,*,#3770,.F.);
#775=ORIENTED_EDGE('',*,*,#3771,.F.);
#776=ORIENTED_EDGE('',*,*,#3772,.F.);
#777=ORIENTED_EDGE('',*,*,#3773,.F.);
#778=ORIENTED_EDGE('',*,*,#3774,.F.);
#779=ORIENTED_EDGE('',*,*,#3775,.F.);
#780=ORIENTED_EDGE('',*,*,#3776,.F.);
#781=ORIENTED_EDGE('',*,*,#3777,.F.);
#782=ORIENTED_EDGE('',*,*,#3778,.F.);
#783=ORIENTED_EDGE('',*,*,#3779,.F.);
#784=ORIENTED_EDGE('',*,*,#3780,.F.);
#785=ORIENTED_EDGE('',*,*,#3781,.F.);
#786=ORIENTED_EDGE('',*,*,#3782,.F.);
#787=ORIENTED_EDGE('',*,*,#3783,.F.);
#788=ORIENTED_EDGE('',*,*,#3784,.F.);
#789=ORIENTED_EDGE('',*,*,#3785,.F.);
#790=ORIENTED_EDGE('',*,*,#3786,.F.);
#791=ORIENTED_EDGE('',*,*,#3787,.F.);
#792=ORIENTED_EDGE('',*,*,#3788,.F.);
#793=ORIENTED_EDGE('',*,*,#3789,.F.);
#794=ORIENTED_EDGE('',*,*,#3790,.F.);
#795=ORIENTED_EDGE('',*,*,#3791,.F.);
#796=ORIENTED_EDGE('',*,*,#3705,.T.);
#797=ORIENTED_EDGE('',*,*,#3708,.T.);
#798=ORIENTED_EDGE('',*,*,#3710,.T.);
#799=ORIENTED_EDGE('',*,*,#3711,.T.);
#800=ORIENTED_EDGE('',*,*,#3789,.T.);
#801=ORIENTED_EDGE('',*,*,#3792,.F.);
#802=ORIENTED_EDGE('',*,*,#3575,.F.);
#803=ORIENTED_EDGE('',*,*,#3793,.T.);
#804=ORIENTED_EDGE('',*,*,#3790,.T.);
#805=ORIENTED_EDGE('',*,*,#3793,.F.);
#806=ORIENTED_EDGE('',*,*,#3578,.F.);
#807=ORIENTED_EDGE('',*,*,#3794,.T.);
#808=ORIENTED_EDGE('',*,*,#3791,.T.);
#809=ORIENTED_EDGE('',*,*,#3794,.F.);
#810=ORIENTED_EDGE('',*,*,#3577,.F.);
#811=ORIENTED_EDGE('',*,*,#3795,.T.);
#812=ORIENTED_EDGE('',*,*,#3788,.T.);
#813=ORIENTED_EDGE('',*,*,#3795,.F.);
#814=ORIENTED_EDGE('',*,*,#3576,.F.);
#815=ORIENTED_EDGE('',*,*,#3792,.T.);
#816=ORIENTED_EDGE('',*,*,#3785,.T.);
#817=ORIENTED_EDGE('',*,*,#3796,.F.);
#818=ORIENTED_EDGE('',*,*,#3423,.F.);
#819=ORIENTED_EDGE('',*,*,#3797,.T.);
#820=ORIENTED_EDGE('',*,*,#3786,.T.);
#821=ORIENTED_EDGE('',*,*,#3797,.F.);
#822=ORIENTED_EDGE('',*,*,#3426,.F.);
#823=ORIENTED_EDGE('',*,*,#3798,.T.);
#824=ORIENTED_EDGE('',*,*,#3787,.T.);
#825=ORIENTED_EDGE('',*,*,#3798,.F.);
#826=ORIENTED_EDGE('',*,*,#3425,.F.);
#827=ORIENTED_EDGE('',*,*,#3799,.T.);
#828=ORIENTED_EDGE('',*,*,#3784,.T.);
#829=ORIENTED_EDGE('',*,*,#3799,.F.);
#830=ORIENTED_EDGE('',*,*,#3424,.F.);
#831=ORIENTED_EDGE('',*,*,#3796,.T.);
#832=ORIENTED_EDGE('',*,*,#3781,.T.);
#833=ORIENTED_EDGE('',*,*,#3800,.F.);
#834=ORIENTED_EDGE('',*,*,#3431,.F.);
#835=ORIENTED_EDGE('',*,*,#3801,.T.);
#836=ORIENTED_EDGE('',*,*,#3782,.T.);
#837=ORIENTED_EDGE('',*,*,#3801,.F.);
#838=ORIENTED_EDGE('',*,*,#3434,.F.);
#839=ORIENTED_EDGE('',*,*,#3802,.T.);
#840=ORIENTED_EDGE('',*,*,#3783,.T.);
#841=ORIENTED_EDGE('',*,*,#3802,.F.);
#842=ORIENTED_EDGE('',*,*,#3433,.F.);
#843=ORIENTED_EDGE('',*,*,#3803,.T.);
#844=ORIENTED_EDGE('',*,*,#3780,.T.);
#845=ORIENTED_EDGE('',*,*,#3803,.F.);
#846=ORIENTED_EDGE('',*,*,#3432,.F.);
#847=ORIENTED_EDGE('',*,*,#3800,.T.);
#848=ORIENTED_EDGE('',*,*,#3777,.T.);
#849=ORIENTED_EDGE('',*,*,#3804,.F.);
#850=ORIENTED_EDGE('',*,*,#3439,.F.);
#851=ORIENTED_EDGE('',*,*,#3805,.T.);
#852=ORIENTED_EDGE('',*,*,#3778,.T.);
#853=ORIENTED_EDGE('',*,*,#3805,.F.);
#854=ORIENTED_EDGE('',*,*,#3442,.F.);
#855=ORIENTED_EDGE('',*,*,#3806,.T.);
#856=ORIENTED_EDGE('',*,*,#3779,.T.);
#857=ORIENTED_EDGE('',*,*,#3806,.F.);
#858=ORIENTED_EDGE('',*,*,#3441,.F.);
#859=ORIENTED_EDGE('',*,*,#3807,.T.);
#860=ORIENTED_EDGE('',*,*,#3776,.T.);
#861=ORIENTED_EDGE('',*,*,#3807,.F.);
#862=ORIENTED_EDGE('',*,*,#3440,.F.);
#863=ORIENTED_EDGE('',*,*,#3804,.T.);
#864=ORIENTED_EDGE('',*,*,#3773,.T.);
#865=ORIENTED_EDGE('',*,*,#3808,.F.);
#866=ORIENTED_EDGE('',*,*,#3447,.F.);
#867=ORIENTED_EDGE('',*,*,#3809,.T.);
#868=ORIENTED_EDGE('',*,*,#3774,.T.);
#869=ORIENTED_EDGE('',*,*,#3809,.F.);
#870=ORIENTED_EDGE('',*,*,#3450,.F.);
#871=ORIENTED_EDGE('',*,*,#3810,.T.);
#872=ORIENTED_EDGE('',*,*,#3775,.T.);
#873=ORIENTED_EDGE('',*,*,#3810,.F.);
#874=ORIENTED_EDGE('',*,*,#3449,.F.);
#875=ORIENTED_EDGE('',*,*,#3811,.T.);
#876=ORIENTED_EDGE('',*,*,#3772,.T.);
#877=ORIENTED_EDGE('',*,*,#3811,.F.);
#878=ORIENTED_EDGE('',*,*,#3448,.F.);
#879=ORIENTED_EDGE('',*,*,#3808,.T.);
#880=ORIENTED_EDGE('',*,*,#3769,.T.);
#881=ORIENTED_EDGE('',*,*,#3812,.F.);
#882=ORIENTED_EDGE('',*,*,#3455,.F.);
#883=ORIENTED_EDGE('',*,*,#3813,.T.);
#884=ORIENTED_EDGE('',*,*,#3770,.T.);
#885=ORIENTED_EDGE('',*,*,#3813,.F.);
#886=ORIENTED_EDGE('',*,*,#3458,.F.);
#887=ORIENTED_EDGE('',*,*,#3814,.T.);
#888=ORIENTED_EDGE('',*,*,#3771,.T.);
#889=ORIENTED_EDGE('',*,*,#3814,.F.);
#890=ORIENTED_EDGE('',*,*,#3457,.F.);
#891=ORIENTED_EDGE('',*,*,#3815,.T.);
#892=ORIENTED_EDGE('',*,*,#3768,.T.);
#893=ORIENTED_EDGE('',*,*,#3815,.F.);
#894=ORIENTED_EDGE('',*,*,#3456,.F.);
#895=ORIENTED_EDGE('',*,*,#3812,.T.);
#896=ORIENTED_EDGE('',*,*,#3765,.T.);
#897=ORIENTED_EDGE('',*,*,#3816,.F.);
#898=ORIENTED_EDGE('',*,*,#3463,.F.);
#899=ORIENTED_EDGE('',*,*,#3817,.T.);
#900=ORIENTED_EDGE('',*,*,#3766,.T.);
#901=ORIENTED_EDGE('',*,*,#3817,.F.);
#902=ORIENTED_EDGE('',*,*,#3466,.F.);
#903=ORIENTED_EDGE('',*,*,#3818,.T.);
#904=ORIENTED_EDGE('',*,*,#3767,.T.);
#905=ORIENTED_EDGE('',*,*,#3818,.F.);
#906=ORIENTED_EDGE('',*,*,#3465,.F.);
#907=ORIENTED_EDGE('',*,*,#3819,.T.);
#908=ORIENTED_EDGE('',*,*,#3764,.T.);
#909=ORIENTED_EDGE('',*,*,#3819,.F.);
#910=ORIENTED_EDGE('',*,*,#3464,.F.);
#911=ORIENTED_EDGE('',*,*,#3816,.T.);
#912=ORIENTED_EDGE('',*,*,#3761,.T.);
#913=ORIENTED_EDGE('',*,*,#3820,.F.);
#914=ORIENTED_EDGE('',*,*,#3471,.F.);
#915=ORIENTED_EDGE('',*,*,#3821,.T.);
#916=ORIENTED_EDGE('',*,*,#3762,.T.);
#917=ORIENTED_EDGE('',*,*,#3821,.F.);
#918=ORIENTED_EDGE('',*,*,#3474,.F.);
#919=ORIENTED_EDGE('',*,*,#3822,.T.);
#920=ORIENTED_EDGE('',*,*,#3763,.T.);
#921=ORIENTED_EDGE('',*,*,#3822,.F.);
#922=ORIENTED_EDGE('',*,*,#3473,.F.);
#923=ORIENTED_EDGE('',*,*,#3823,.T.);
#924=ORIENTED_EDGE('',*,*,#3760,.T.);
#925=ORIENTED_EDGE('',*,*,#3823,.F.);
#926=ORIENTED_EDGE('',*,*,#3472,.F.);
#927=ORIENTED_EDGE('',*,*,#3820,.T.);
#928=ORIENTED_EDGE('',*,*,#3757,.T.);
#929=ORIENTED_EDGE('',*,*,#3824,.F.);
#930=ORIENTED_EDGE('',*,*,#3479,.F.);
#931=ORIENTED_EDGE('',*,*,#3825,.T.);
#932=ORIENTED_EDGE('',*,*,#3758,.T.);
#933=ORIENTED_EDGE('',*,*,#3825,.F.);
#934=ORIENTED_EDGE('',*,*,#3482,.F.);
#935=ORIENTED_EDGE('',*,*,#3826,.T.);
#936=ORIENTED_EDGE('',*,*,#3759,.T.);
#937=ORIENTED_EDGE('',*,*,#3826,.F.);
#938=ORIENTED_EDGE('',*,*,#3481,.F.);
#939=ORIENTED_EDGE('',*,*,#3827,.T.);
#940=ORIENTED_EDGE('',*,*,#3756,.T.);
#941=ORIENTED_EDGE('',*,*,#3827,.F.);
#942=ORIENTED_EDGE('',*,*,#3480,.F.);
#943=ORIENTED_EDGE('',*,*,#3824,.T.);
#944=ORIENTED_EDGE('',*,*,#3753,.T.);
#945=ORIENTED_EDGE('',*,*,#3828,.F.);
#946=ORIENTED_EDGE('',*,*,#3487,.F.);
#947=ORIENTED_EDGE('',*,*,#3829,.T.);
#948=ORIENTED_EDGE('',*,*,#3754,.T.);
#949=ORIENTED_EDGE('',*,*,#3829,.F.);
#950=ORIENTED_EDGE('',*,*,#3490,.F.);
#951=ORIENTED_EDGE('',*,*,#3830,.T.);
#952=ORIENTED_EDGE('',*,*,#3755,.T.);
#953=ORIENTED_EDGE('',*,*,#3830,.F.);
#954=ORIENTED_EDGE('',*,*,#3489,.F.);
#955=ORIENTED_EDGE('',*,*,#3831,.T.);
#956=ORIENTED_EDGE('',*,*,#3752,.T.);
#957=ORIENTED_EDGE('',*,*,#3831,.F.);
#958=ORIENTED_EDGE('',*,*,#3488,.F.);
#959=ORIENTED_EDGE('',*,*,#3828,.T.);
#960=ORIENTED_EDGE('',*,*,#3749,.T.);
#961=ORIENTED_EDGE('',*,*,#3832,.F.);
#962=ORIENTED_EDGE('',*,*,#3495,.F.);
#963=ORIENTED_EDGE('',*,*,#3833,.T.);
#964=ORIENTED_EDGE('',*,*,#3750,.T.);
#965=ORIENTED_EDGE('',*,*,#3833,.F.);
#966=ORIENTED_EDGE('',*,*,#3498,.F.);
#967=ORIENTED_EDGE('',*,*,#3834,.T.);
#968=ORIENTED_EDGE('',*,*,#3751,.T.);
#969=ORIENTED_EDGE('',*,*,#3834,.F.);
#970=ORIENTED_EDGE('',*,*,#3497,.F.);
#971=ORIENTED_EDGE('',*,*,#3835,.T.);
#972=ORIENTED_EDGE('',*,*,#3748,.T.);
#973=ORIENTED_EDGE('',*,*,#3835,.F.);
#974=ORIENTED_EDGE('',*,*,#3496,.F.);
#975=ORIENTED_EDGE('',*,*,#3832,.T.);
#976=ORIENTED_EDGE('',*,*,#3745,.T.);
#977=ORIENTED_EDGE('',*,*,#3836,.F.);
#978=ORIENTED_EDGE('',*,*,#3503,.F.);
#979=ORIENTED_EDGE('',*,*,#3837,.T.);
#980=ORIENTED_EDGE('',*,*,#3746,.T.);
#981=ORIENTED_EDGE('',*,*,#3837,.F.);
#982=ORIENTED_EDGE('',*,*,#3506,.F.);
#983=ORIENTED_EDGE('',*,*,#3838,.T.);
#984=ORIENTED_EDGE('',*,*,#3747,.T.);
#985=ORIENTED_EDGE('',*,*,#3838,.F.);
#986=ORIENTED_EDGE('',*,*,#3505,.F.);
#987=ORIENTED_EDGE('',*,*,#3839,.T.);
#988=ORIENTED_EDGE('',*,*,#3744,.T.);
#989=ORIENTED_EDGE('',*,*,#3839,.F.);
#990=ORIENTED_EDGE('',*,*,#3504,.F.);
#991=ORIENTED_EDGE('',*,*,#3836,.T.);
#992=ORIENTED_EDGE('',*,*,#3741,.T.);
#993=ORIENTED_EDGE('',*,*,#3840,.F.);
#994=ORIENTED_EDGE('',*,*,#3511,.F.);
#995=ORIENTED_EDGE('',*,*,#3841,.T.);
#996=ORIENTED_EDGE('',*,*,#3742,.T.);
#997=ORIENTED_EDGE('',*,*,#3841,.F.);
#998=ORIENTED_EDGE('',*,*,#3514,.F.);
#999=ORIENTED_EDGE('',*,*,#3842,.T.);
#1000=ORIENTED_EDGE('',*,*,#3743,.T.);
#1001=ORIENTED_EDGE('',*,*,#3842,.F.);
#1002=ORIENTED_EDGE('',*,*,#3513,.F.);
#1003=ORIENTED_EDGE('',*,*,#3843,.T.);
#1004=ORIENTED_EDGE('',*,*,#3740,.T.);
#1005=ORIENTED_EDGE('',*,*,#3843,.F.);
#1006=ORIENTED_EDGE('',*,*,#3512,.F.);
#1007=ORIENTED_EDGE('',*,*,#3840,.T.);
#1008=ORIENTED_EDGE('',*,*,#3737,.T.);
#1009=ORIENTED_EDGE('',*,*,#3844,.F.);
#1010=ORIENTED_EDGE('',*,*,#3519,.F.);
#1011=ORIENTED_EDGE('',*,*,#3845,.T.);
#1012=ORIENTED_EDGE('',*,*,#3738,.T.);
#1013=ORIENTED_EDGE('',*,*,#3845,.F.);
#1014=ORIENTED_EDGE('',*,*,#3522,.F.);
#1015=ORIENTED_EDGE('',*,*,#3846,.T.);
#1016=ORIENTED_EDGE('',*,*,#3739,.T.);
#1017=ORIENTED_EDGE('',*,*,#3846,.F.);
#1018=ORIENTED_EDGE('',*,*,#3521,.F.);
#1019=ORIENTED_EDGE('',*,*,#3847,.T.);
#1020=ORIENTED_EDGE('',*,*,#3736,.T.);
#1021=ORIENTED_EDGE('',*,*,#3847,.F.);
#1022=ORIENTED_EDGE('',*,*,#3520,.F.);
#1023=ORIENTED_EDGE('',*,*,#3844,.T.);
#1024=ORIENTED_EDGE('',*,*,#3733,.T.);
#1025=ORIENTED_EDGE('',*,*,#3848,.F.);
#1026=ORIENTED_EDGE('',*,*,#3527,.F.);
#1027=ORIENTED_EDGE('',*,*,#3849,.T.);
#1028=ORIENTED_EDGE('',*,*,#3734,.T.);
#1029=ORIENTED_EDGE('',*,*,#3849,.F.);
#1030=ORIENTED_EDGE('',*,*,#3530,.F.);
#1031=ORIENTED_EDGE('',*,*,#3850,.T.);
#1032=ORIENTED_EDGE('',*,*,#3735,.T.);
#1033=ORIENTED_EDGE('',*,*,#3850,.F.);
#1034=ORIENTED_EDGE('',*,*,#3529,.F.);
#1035=ORIENTED_EDGE('',*,*,#3851,.T.);
#1036=ORIENTED_EDGE('',*,*,#3732,.T.);
#1037=ORIENTED_EDGE('',*,*,#3851,.F.);
#1038=ORIENTED_EDGE('',*,*,#3528,.F.);
#1039=ORIENTED_EDGE('',*,*,#3848,.T.);
#1040=ORIENTED_EDGE('',*,*,#3729,.T.);
#1041=ORIENTED_EDGE('',*,*,#3852,.F.);
#1042=ORIENTED_EDGE('',*,*,#3535,.F.);
#1043=ORIENTED_EDGE('',*,*,#3853,.T.);
#1044=ORIENTED_EDGE('',*,*,#3730,.T.);
#1045=ORIENTED_EDGE('',*,*,#3853,.F.);
#1046=ORIENTED_EDGE('',*,*,#3538,.F.);
#1047=ORIENTED_EDGE('',*,*,#3854,.T.);
#1048=ORIENTED_EDGE('',*,*,#3731,.T.);
#1049=ORIENTED_EDGE('',*,*,#3854,.F.);
#1050=ORIENTED_EDGE('',*,*,#3537,.F.);
#1051=ORIENTED_EDGE('',*,*,#3855,.T.);
#1052=ORIENTED_EDGE('',*,*,#3728,.T.);
#1053=ORIENTED_EDGE('',*,*,#3855,.F.);
#1054=ORIENTED_EDGE('',*,*,#3536,.F.);
#1055=ORIENTED_EDGE('',*,*,#3852,.T.);
#1056=ORIENTED_EDGE('',*,*,#3725,.T.);
#1057=ORIENTED_EDGE('',*,*,#3856,.F.);
#1058=ORIENTED_EDGE('',*,*,#3543,.F.);
#1059=ORIENTED_EDGE('',*,*,#3857,.T.);
#1060=ORIENTED_EDGE('',*,*,#3726,.T.);
#1061=ORIENTED_EDGE('',*,*,#3857,.F.);
#1062=ORIENTED_EDGE('',*,*,#3546,.F.);
#1063=ORIENTED_EDGE('',*,*,#3858,.T.);
#1064=ORIENTED_EDGE('',*,*,#3727,.T.);
#1065=ORIENTED_EDGE('',*,*,#3858,.F.);
#1066=ORIENTED_EDGE('',*,*,#3545,.F.);
#1067=ORIENTED_EDGE('',*,*,#3859,.T.);
#1068=ORIENTED_EDGE('',*,*,#3724,.T.);
#1069=ORIENTED_EDGE('',*,*,#3859,.F.);
#1070=ORIENTED_EDGE('',*,*,#3544,.F.);
#1071=ORIENTED_EDGE('',*,*,#3856,.T.);
#1072=ORIENTED_EDGE('',*,*,#3721,.T.);
#1073=ORIENTED_EDGE('',*,*,#3860,.F.);
#1074=ORIENTED_EDGE('',*,*,#3551,.F.);
#1075=ORIENTED_EDGE('',*,*,#3861,.T.);
#1076=ORIENTED_EDGE('',*,*,#3722,.T.);
#1077=ORIENTED_EDGE('',*,*,#3861,.F.);
#1078=ORIENTED_EDGE('',*,*,#3554,.F.);
#1079=ORIENTED_EDGE('',*,*,#3862,.T.);
#1080=ORIENTED_EDGE('',*,*,#3723,.T.);
#1081=ORIENTED_EDGE('',*,*,#3862,.F.);
#1082=ORIENTED_EDGE('',*,*,#3553,.F.);
#1083=ORIENTED_EDGE('',*,*,#3863,.T.);
#1084=ORIENTED_EDGE('',*,*,#3720,.T.);
#1085=ORIENTED_EDGE('',*,*,#3863,.F.);
#1086=ORIENTED_EDGE('',*,*,#3552,.F.);
#1087=ORIENTED_EDGE('',*,*,#3860,.T.);
#1088=ORIENTED_EDGE('',*,*,#3717,.T.);
#1089=ORIENTED_EDGE('',*,*,#3864,.F.);
#1090=ORIENTED_EDGE('',*,*,#3559,.F.);
#1091=ORIENTED_EDGE('',*,*,#3865,.T.);
#1092=ORIENTED_EDGE('',*,*,#3718,.T.);
#1093=ORIENTED_EDGE('',*,*,#3865,.F.);
#1094=ORIENTED_EDGE('',*,*,#3562,.F.);
#1095=ORIENTED_EDGE('',*,*,#3866,.T.);
#1096=ORIENTED_EDGE('',*,*,#3719,.T.);
#1097=ORIENTED_EDGE('',*,*,#3866,.F.);
#1098=ORIENTED_EDGE('',*,*,#3561,.F.);
#1099=ORIENTED_EDGE('',*,*,#3867,.T.);
#1100=ORIENTED_EDGE('',*,*,#3716,.T.);
#1101=ORIENTED_EDGE('',*,*,#3867,.F.);
#1102=ORIENTED_EDGE('',*,*,#3560,.F.);
#1103=ORIENTED_EDGE('',*,*,#3864,.T.);
#1104=ORIENTED_EDGE('',*,*,#3713,.T.);
#1105=ORIENTED_EDGE('',*,*,#3868,.F.);
#1106=ORIENTED_EDGE('',*,*,#3567,.F.);
#1107=ORIENTED_EDGE('',*,*,#3869,.T.);
#1108=ORIENTED_EDGE('',*,*,#3714,.T.);
#1109=ORIENTED_EDGE('',*,*,#3869,.F.);
#1110=ORIENTED_EDGE('',*,*,#3570,.F.);
#1111=ORIENTED_EDGE('',*,*,#3870,.T.);
#1112=ORIENTED_EDGE('',*,*,#3715,.T.);
#1113=ORIENTED_EDGE('',*,*,#3870,.F.);
#1114=ORIENTED_EDGE('',*,*,#3569,.F.);
#1115=ORIENTED_EDGE('',*,*,#3871,.T.);
#1116=ORIENTED_EDGE('',*,*,#3712,.T.);
#1117=ORIENTED_EDGE('',*,*,#3871,.F.);
#1118=ORIENTED_EDGE('',*,*,#3568,.F.);
#1119=ORIENTED_EDGE('',*,*,#3868,.T.);
#1120=ORIENTED_EDGE('',*,*,#3579,.T.);
#1121=ORIENTED_EDGE('',*,*,#3872,.F.);
#1122=ORIENTED_EDGE('',*,*,#3873,.F.);
#1123=ORIENTED_EDGE('',*,*,#3874,.T.);
#1124=ORIENTED_EDGE('',*,*,#3582,.T.);
#1125=ORIENTED_EDGE('',*,*,#3875,.F.);
#1126=ORIENTED_EDGE('',*,*,#3876,.F.);
#1127=ORIENTED_EDGE('',*,*,#3872,.T.);
#1128=ORIENTED_EDGE('',*,*,#3581,.T.);
#1129=ORIENTED_EDGE('',*,*,#3877,.F.);
#1130=ORIENTED_EDGE('',*,*,#3878,.F.);
#1131=ORIENTED_EDGE('',*,*,#3875,.T.);
#1132=ORIENTED_EDGE('',*,*,#3580,.T.);
#1133=ORIENTED_EDGE('',*,*,#3874,.F.);
#1134=ORIENTED_EDGE('',*,*,#3879,.F.);
#1135=ORIENTED_EDGE('',*,*,#3877,.T.);
#1136=ORIENTED_EDGE('',*,*,#3873,.T.);
#1137=ORIENTED_EDGE('',*,*,#3876,.T.);
#1138=ORIENTED_EDGE('',*,*,#3878,.T.);
#1139=ORIENTED_EDGE('',*,*,#3879,.T.);
#1140=ORIENTED_EDGE('',*,*,#3571,.T.);
#1141=ORIENTED_EDGE('',*,*,#3880,.F.);
#1142=ORIENTED_EDGE('',*,*,#3881,.F.);
#1143=ORIENTED_EDGE('',*,*,#3882,.T.);
#1144=ORIENTED_EDGE('',*,*,#3574,.T.);
#1145=ORIENTED_EDGE('',*,*,#3883,.F.);
#1146=ORIENTED_EDGE('',*,*,#3884,.F.);
#1147=ORIENTED_EDGE('',*,*,#3880,.T.);
#1148=ORIENTED_EDGE('',*,*,#3573,.T.);
#1149=ORIENTED_EDGE('',*,*,#3885,.F.);
#1150=ORIENTED_EDGE('',*,*,#3886,.F.);
#1151=ORIENTED_EDGE('',*,*,#3883,.T.);
#1152=ORIENTED_EDGE('',*,*,#3572,.T.);
#1153=ORIENTED_EDGE('',*,*,#3882,.F.);
#1154=ORIENTED_EDGE('',*,*,#3887,.F.);
#1155=ORIENTED_EDGE('',*,*,#3885,.T.);
#1156=ORIENTED_EDGE('',*,*,#3881,.T.);
#1157=ORIENTED_EDGE('',*,*,#3884,.T.);
#1158=ORIENTED_EDGE('',*,*,#3886,.T.);
#1159=ORIENTED_EDGE('',*,*,#3887,.T.);
#1160=ORIENTED_EDGE('',*,*,#3563,.T.);
#1161=ORIENTED_EDGE('',*,*,#3888,.F.);
#1162=ORIENTED_EDGE('',*,*,#3889,.F.);
#1163=ORIENTED_EDGE('',*,*,#3890,.T.);
#1164=ORIENTED_EDGE('',*,*,#3566,.T.);
#1165=ORIENTED_EDGE('',*,*,#3891,.F.);
#1166=ORIENTED_EDGE('',*,*,#3892,.F.);
#1167=ORIENTED_EDGE('',*,*,#3888,.T.);
#1168=ORIENTED_EDGE('',*,*,#3565,.T.);
#1169=ORIENTED_EDGE('',*,*,#3893,.F.);
#1170=ORIENTED_EDGE('',*,*,#3894,.F.);
#1171=ORIENTED_EDGE('',*,*,#3891,.T.);
#1172=ORIENTED_EDGE('',*,*,#3564,.T.);
#1173=ORIENTED_EDGE('',*,*,#3890,.F.);
#1174=ORIENTED_EDGE('',*,*,#3895,.F.);
#1175=ORIENTED_EDGE('',*,*,#3893,.T.);
#1176=ORIENTED_EDGE('',*,*,#3889,.T.);
#1177=ORIENTED_EDGE('',*,*,#3892,.T.);
#1178=ORIENTED_EDGE('',*,*,#3894,.T.);
#1179=ORIENTED_EDGE('',*,*,#3895,.T.);
#1180=ORIENTED_EDGE('',*,*,#3555,.T.);
#1181=ORIENTED_EDGE('',*,*,#3896,.F.);
#1182=ORIENTED_EDGE('',*,*,#3897,.F.);
#1183=ORIENTED_EDGE('',*,*,#3898,.T.);
#1184=ORIENTED_EDGE('',*,*,#3558,.T.);
#1185=ORIENTED_EDGE('',*,*,#3899,.F.);
#1186=ORIENTED_EDGE('',*,*,#3900,.F.);
#1187=ORIENTED_EDGE('',*,*,#3896,.T.);
#1188=ORIENTED_EDGE('',*,*,#3557,.T.);
#1189=ORIENTED_EDGE('',*,*,#3901,.F.);
#1190=ORIENTED_EDGE('',*,*,#3902,.F.);
#1191=ORIENTED_EDGE('',*,*,#3899,.T.);
#1192=ORIENTED_EDGE('',*,*,#3556,.T.);
#1193=ORIENTED_EDGE('',*,*,#3898,.F.);
#1194=ORIENTED_EDGE('',*,*,#3903,.F.);
#1195=ORIENTED_EDGE('',*,*,#3901,.T.);
#1196=ORIENTED_EDGE('',*,*,#3897,.T.);
#1197=ORIENTED_EDGE('',*,*,#3900,.T.);
#1198=ORIENTED_EDGE('',*,*,#3902,.T.);
#1199=ORIENTED_EDGE('',*,*,#3903,.T.);
#1200=ORIENTED_EDGE('',*,*,#3547,.T.);
#1201=ORIENTED_EDGE('',*,*,#3904,.F.);
#1202=ORIENTED_EDGE('',*,*,#3905,.F.);
#1203=ORIENTED_EDGE('',*,*,#3906,.T.);
#1204=ORIENTED_EDGE('',*,*,#3550,.T.);
#1205=ORIENTED_EDGE('',*,*,#3907,.F.);
#1206=ORIENTED_EDGE('',*,*,#3908,.F.);
#1207=ORIENTED_EDGE('',*,*,#3904,.T.);
#1208=ORIENTED_EDGE('',*,*,#3549,.T.);
#1209=ORIENTED_EDGE('',*,*,#3909,.F.);
#1210=ORIENTED_EDGE('',*,*,#3910,.F.);
#1211=ORIENTED_EDGE('',*,*,#3907,.T.);
#1212=ORIENTED_EDGE('',*,*,#3548,.T.);
#1213=ORIENTED_EDGE('',*,*,#3906,.F.);
#1214=ORIENTED_EDGE('',*,*,#3911,.F.);
#1215=ORIENTED_EDGE('',*,*,#3909,.T.);
#1216=ORIENTED_EDGE('',*,*,#3905,.T.);
#1217=ORIENTED_EDGE('',*,*,#3908,.T.);
#1218=ORIENTED_EDGE('',*,*,#3910,.T.);
#1219=ORIENTED_EDGE('',*,*,#3911,.T.);
#1220=ORIENTED_EDGE('',*,*,#3539,.T.);
#1221=ORIENTED_EDGE('',*,*,#3912,.F.);
#1222=ORIENTED_EDGE('',*,*,#3913,.F.);
#1223=ORIENTED_EDGE('',*,*,#3914,.T.);
#1224=ORIENTED_EDGE('',*,*,#3542,.T.);
#1225=ORIENTED_EDGE('',*,*,#3915,.F.);
#1226=ORIENTED_EDGE('',*,*,#3916,.F.);
#1227=ORIENTED_EDGE('',*,*,#3912,.T.);
#1228=ORIENTED_EDGE('',*,*,#3541,.T.);
#1229=ORIENTED_EDGE('',*,*,#3917,.F.);
#1230=ORIENTED_EDGE('',*,*,#3918,.F.);
#1231=ORIENTED_EDGE('',*,*,#3915,.T.);
#1232=ORIENTED_EDGE('',*,*,#3540,.T.);
#1233=ORIENTED_EDGE('',*,*,#3914,.F.);
#1234=ORIENTED_EDGE('',*,*,#3919,.F.);
#1235=ORIENTED_EDGE('',*,*,#3917,.T.);
#1236=ORIENTED_EDGE('',*,*,#3913,.T.);
#1237=ORIENTED_EDGE('',*,*,#3916,.T.);
#1238=ORIENTED_EDGE('',*,*,#3918,.T.);
#1239=ORIENTED_EDGE('',*,*,#3919,.T.);
#1240=ORIENTED_EDGE('',*,*,#3531,.T.);
#1241=ORIENTED_EDGE('',*,*,#3920,.F.);
#1242=ORIENTED_EDGE('',*,*,#3921,.F.);
#1243=ORIENTED_EDGE('',*,*,#3922,.T.);
#1244=ORIENTED_EDGE('',*,*,#3534,.T.);
#1245=ORIENTED_EDGE('',*,*,#3923,.F.);
#1246=ORIENTED_EDGE('',*,*,#3924,.F.);
#1247=ORIENTED_EDGE('',*,*,#3920,.T.);
#1248=ORIENTED_EDGE('',*,*,#3533,.T.);
#1249=ORIENTED_EDGE('',*,*,#3925,.F.);
#1250=ORIENTED_EDGE('',*,*,#3926,.F.);
#1251=ORIENTED_EDGE('',*,*,#3923,.T.);
#1252=ORIENTED_EDGE('',*,*,#3532,.T.);
#1253=ORIENTED_EDGE('',*,*,#3922,.F.);
#1254=ORIENTED_EDGE('',*,*,#3927,.F.);
#1255=ORIENTED_EDGE('',*,*,#3925,.T.);
#1256=ORIENTED_EDGE('',*,*,#3921,.T.);
#1257=ORIENTED_EDGE('',*,*,#3924,.T.);
#1258=ORIENTED_EDGE('',*,*,#3926,.T.);
#1259=ORIENTED_EDGE('',*,*,#3927,.T.);
#1260=ORIENTED_EDGE('',*,*,#3523,.T.);
#1261=ORIENTED_EDGE('',*,*,#3928,.F.);
#1262=ORIENTED_EDGE('',*,*,#3929,.F.);
#1263=ORIENTED_EDGE('',*,*,#3930,.T.);
#1264=ORIENTED_EDGE('',*,*,#3526,.T.);
#1265=ORIENTED_EDGE('',*,*,#3931,.F.);
#1266=ORIENTED_EDGE('',*,*,#3932,.F.);
#1267=ORIENTED_EDGE('',*,*,#3928,.T.);
#1268=ORIENTED_EDGE('',*,*,#3525,.T.);
#1269=ORIENTED_EDGE('',*,*,#3933,.F.);
#1270=ORIENTED_EDGE('',*,*,#3934,.F.);
#1271=ORIENTED_EDGE('',*,*,#3931,.T.);
#1272=ORIENTED_EDGE('',*,*,#3524,.T.);
#1273=ORIENTED_EDGE('',*,*,#3930,.F.);
#1274=ORIENTED_EDGE('',*,*,#3935,.F.);
#1275=ORIENTED_EDGE('',*,*,#3933,.T.);
#1276=ORIENTED_EDGE('',*,*,#3929,.T.);
#1277=ORIENTED_EDGE('',*,*,#3932,.T.);
#1278=ORIENTED_EDGE('',*,*,#3934,.T.);
#1279=ORIENTED_EDGE('',*,*,#3935,.T.);
#1280=ORIENTED_EDGE('',*,*,#3515,.T.);
#1281=ORIENTED_EDGE('',*,*,#3936,.F.);
#1282=ORIENTED_EDGE('',*,*,#3937,.F.);
#1283=ORIENTED_EDGE('',*,*,#3938,.T.);
#1284=ORIENTED_EDGE('',*,*,#3518,.T.);
#1285=ORIENTED_EDGE('',*,*,#3939,.F.);
#1286=ORIENTED_EDGE('',*,*,#3940,.F.);
#1287=ORIENTED_EDGE('',*,*,#3936,.T.);
#1288=ORIENTED_EDGE('',*,*,#3517,.T.);
#1289=ORIENTED_EDGE('',*,*,#3941,.F.);
#1290=ORIENTED_EDGE('',*,*,#3942,.F.);
#1291=ORIENTED_EDGE('',*,*,#3939,.T.);
#1292=ORIENTED_EDGE('',*,*,#3516,.T.);
#1293=ORIENTED_EDGE('',*,*,#3938,.F.);
#1294=ORIENTED_EDGE('',*,*,#3943,.F.);
#1295=ORIENTED_EDGE('',*,*,#3941,.T.);
#1296=ORIENTED_EDGE('',*,*,#3937,.T.);
#1297=ORIENTED_EDGE('',*,*,#3940,.T.);
#1298=ORIENTED_EDGE('',*,*,#3942,.T.);
#1299=ORIENTED_EDGE('',*,*,#3943,.T.);
#1300=ORIENTED_EDGE('',*,*,#3507,.T.);
#1301=ORIENTED_EDGE('',*,*,#3944,.F.);
#1302=ORIENTED_EDGE('',*,*,#3945,.F.);
#1303=ORIENTED_EDGE('',*,*,#3946,.T.);
#1304=ORIENTED_EDGE('',*,*,#3510,.T.);
#1305=ORIENTED_EDGE('',*,*,#3947,.F.);
#1306=ORIENTED_EDGE('',*,*,#3948,.F.);
#1307=ORIENTED_EDGE('',*,*,#3944,.T.);
#1308=ORIENTED_EDGE('',*,*,#3509,.T.);
#1309=ORIENTED_EDGE('',*,*,#3949,.F.);
#1310=ORIENTED_EDGE('',*,*,#3950,.F.);
#1311=ORIENTED_EDGE('',*,*,#3947,.T.);
#1312=ORIENTED_EDGE('',*,*,#3508,.T.);
#1313=ORIENTED_EDGE('',*,*,#3946,.F.);
#1314=ORIENTED_EDGE('',*,*,#3951,.F.);
#1315=ORIENTED_EDGE('',*,*,#3949,.T.);
#1316=ORIENTED_EDGE('',*,*,#3945,.T.);
#1317=ORIENTED_EDGE('',*,*,#3948,.T.);
#1318=ORIENTED_EDGE('',*,*,#3950,.T.);
#1319=ORIENTED_EDGE('',*,*,#3951,.T.);
#1320=ORIENTED_EDGE('',*,*,#3499,.T.);
#1321=ORIENTED_EDGE('',*,*,#3952,.F.);
#1322=ORIENTED_EDGE('',*,*,#3953,.F.);
#1323=ORIENTED_EDGE('',*,*,#3954,.T.);
#1324=ORIENTED_EDGE('',*,*,#3502,.T.);
#1325=ORIENTED_EDGE('',*,*,#3955,.F.);
#1326=ORIENTED_EDGE('',*,*,#3956,.F.);
#1327=ORIENTED_EDGE('',*,*,#3952,.T.);
#1328=ORIENTED_EDGE('',*,*,#3501,.T.);
#1329=ORIENTED_EDGE('',*,*,#3957,.F.);
#1330=ORIENTED_EDGE('',*,*,#3958,.F.);
#1331=ORIENTED_EDGE('',*,*,#3955,.T.);
#1332=ORIENTED_EDGE('',*,*,#3500,.T.);
#1333=ORIENTED_EDGE('',*,*,#3954,.F.);
#1334=ORIENTED_EDGE('',*,*,#3959,.F.);
#1335=ORIENTED_EDGE('',*,*,#3957,.T.);
#1336=ORIENTED_EDGE('',*,*,#3953,.T.);
#1337=ORIENTED_EDGE('',*,*,#3956,.T.);
#1338=ORIENTED_EDGE('',*,*,#3958,.T.);
#1339=ORIENTED_EDGE('',*,*,#3959,.T.);
#1340=ORIENTED_EDGE('',*,*,#3491,.T.);
#1341=ORIENTED_EDGE('',*,*,#3960,.F.);
#1342=ORIENTED_EDGE('',*,*,#3961,.F.);
#1343=ORIENTED_EDGE('',*,*,#3962,.T.);
#1344=ORIENTED_EDGE('',*,*,#3494,.T.);
#1345=ORIENTED_EDGE('',*,*,#3963,.F.);
#1346=ORIENTED_EDGE('',*,*,#3964,.F.);
#1347=ORIENTED_EDGE('',*,*,#3960,.T.);
#1348=ORIENTED_EDGE('',*,*,#3493,.T.);
#1349=ORIENTED_EDGE('',*,*,#3965,.F.);
#1350=ORIENTED_EDGE('',*,*,#3966,.F.);
#1351=ORIENTED_EDGE('',*,*,#3963,.T.);
#1352=ORIENTED_EDGE('',*,*,#3492,.T.);
#1353=ORIENTED_EDGE('',*,*,#3962,.F.);
#1354=ORIENTED_EDGE('',*,*,#3967,.F.);
#1355=ORIENTED_EDGE('',*,*,#3965,.T.);
#1356=ORIENTED_EDGE('',*,*,#3961,.T.);
#1357=ORIENTED_EDGE('',*,*,#3964,.T.);
#1358=ORIENTED_EDGE('',*,*,#3966,.T.);
#1359=ORIENTED_EDGE('',*,*,#3967,.T.);
#1360=ORIENTED_EDGE('',*,*,#3483,.T.);
#1361=ORIENTED_EDGE('',*,*,#3968,.F.);
#1362=ORIENTED_EDGE('',*,*,#3969,.F.);
#1363=ORIENTED_EDGE('',*,*,#3970,.T.);
#1364=ORIENTED_EDGE('',*,*,#3486,.T.);
#1365=ORIENTED_EDGE('',*,*,#3971,.F.);
#1366=ORIENTED_EDGE('',*,*,#3972,.F.);
#1367=ORIENTED_EDGE('',*,*,#3968,.T.);
#1368=ORIENTED_EDGE('',*,*,#3485,.T.);
#1369=ORIENTED_EDGE('',*,*,#3973,.F.);
#1370=ORIENTED_EDGE('',*,*,#3974,.F.);
#1371=ORIENTED_EDGE('',*,*,#3971,.T.);
#1372=ORIENTED_EDGE('',*,*,#3484,.T.);
#1373=ORIENTED_EDGE('',*,*,#3970,.F.);
#1374=ORIENTED_EDGE('',*,*,#3975,.F.);
#1375=ORIENTED_EDGE('',*,*,#3973,.T.);
#1376=ORIENTED_EDGE('',*,*,#3969,.T.);
#1377=ORIENTED_EDGE('',*,*,#3972,.T.);
#1378=ORIENTED_EDGE('',*,*,#3974,.T.);
#1379=ORIENTED_EDGE('',*,*,#3975,.T.);
#1380=ORIENTED_EDGE('',*,*,#3475,.T.);
#1381=ORIENTED_EDGE('',*,*,#3976,.F.);
#1382=ORIENTED_EDGE('',*,*,#3977,.F.);
#1383=ORIENTED_EDGE('',*,*,#3978,.T.);
#1384=ORIENTED_EDGE('',*,*,#3478,.T.);
#1385=ORIENTED_EDGE('',*,*,#3979,.F.);
#1386=ORIENTED_EDGE('',*,*,#3980,.F.);
#1387=ORIENTED_EDGE('',*,*,#3976,.T.);
#1388=ORIENTED_EDGE('',*,*,#3477,.T.);
#1389=ORIENTED_EDGE('',*,*,#3981,.F.);
#1390=ORIENTED_EDGE('',*,*,#3982,.F.);
#1391=ORIENTED_EDGE('',*,*,#3979,.T.);
#1392=ORIENTED_EDGE('',*,*,#3476,.T.);
#1393=ORIENTED_EDGE('',*,*,#3978,.F.);
#1394=ORIENTED_EDGE('',*,*,#3983,.F.);
#1395=ORIENTED_EDGE('',*,*,#3981,.T.);
#1396=ORIENTED_EDGE('',*,*,#3977,.T.);
#1397=ORIENTED_EDGE('',*,*,#3980,.T.);
#1398=ORIENTED_EDGE('',*,*,#3982,.T.);
#1399=ORIENTED_EDGE('',*,*,#3983,.T.);
#1400=ORIENTED_EDGE('',*,*,#3467,.T.);
#1401=ORIENTED_EDGE('',*,*,#3984,.F.);
#1402=ORIENTED_EDGE('',*,*,#3985,.F.);
#1403=ORIENTED_EDGE('',*,*,#3986,.T.);
#1404=ORIENTED_EDGE('',*,*,#3470,.T.);
#1405=ORIENTED_EDGE('',*,*,#3987,.F.);
#1406=ORIENTED_EDGE('',*,*,#3988,.F.);
#1407=ORIENTED_EDGE('',*,*,#3984,.T.);
#1408=ORIENTED_EDGE('',*,*,#3469,.T.);
#1409=ORIENTED_EDGE('',*,*,#3989,.F.);
#1410=ORIENTED_EDGE('',*,*,#3990,.F.);
#1411=ORIENTED_EDGE('',*,*,#3987,.T.);
#1412=ORIENTED_EDGE('',*,*,#3468,.T.);
#1413=ORIENTED_EDGE('',*,*,#3986,.F.);
#1414=ORIENTED_EDGE('',*,*,#3991,.F.);
#1415=ORIENTED_EDGE('',*,*,#3989,.T.);
#1416=ORIENTED_EDGE('',*,*,#3985,.T.);
#1417=ORIENTED_EDGE('',*,*,#3988,.T.);
#1418=ORIENTED_EDGE('',*,*,#3990,.T.);
#1419=ORIENTED_EDGE('',*,*,#3991,.T.);
#1420=ORIENTED_EDGE('',*,*,#3459,.T.);
#1421=ORIENTED_EDGE('',*,*,#3992,.F.);
#1422=ORIENTED_EDGE('',*,*,#3993,.F.);
#1423=ORIENTED_EDGE('',*,*,#3994,.T.);
#1424=ORIENTED_EDGE('',*,*,#3462,.T.);
#1425=ORIENTED_EDGE('',*,*,#3995,.F.);
#1426=ORIENTED_EDGE('',*,*,#3996,.F.);
#1427=ORIENTED_EDGE('',*,*,#3992,.T.);
#1428=ORIENTED_EDGE('',*,*,#3461,.T.);
#1429=ORIENTED_EDGE('',*,*,#3997,.F.);
#1430=ORIENTED_EDGE('',*,*,#3998,.F.);
#1431=ORIENTED_EDGE('',*,*,#3995,.T.);
#1432=ORIENTED_EDGE('',*,*,#3460,.T.);
#1433=ORIENTED_EDGE('',*,*,#3994,.F.);
#1434=ORIENTED_EDGE('',*,*,#3999,.F.);
#1435=ORIENTED_EDGE('',*,*,#3997,.T.);
#1436=ORIENTED_EDGE('',*,*,#3993,.T.);
#1437=ORIENTED_EDGE('',*,*,#3996,.T.);
#1438=ORIENTED_EDGE('',*,*,#3998,.T.);
#1439=ORIENTED_EDGE('',*,*,#3999,.T.);
#1440=ORIENTED_EDGE('',*,*,#3451,.T.);
#1441=ORIENTED_EDGE('',*,*,#4000,.F.);
#1442=ORIENTED_EDGE('',*,*,#4001,.F.);
#1443=ORIENTED_EDGE('',*,*,#4002,.T.);
#1444=ORIENTED_EDGE('',*,*,#3454,.T.);
#1445=ORIENTED_EDGE('',*,*,#4003,.F.);
#1446=ORIENTED_EDGE('',*,*,#4004,.F.);
#1447=ORIENTED_EDGE('',*,*,#4000,.T.);
#1448=ORIENTED_EDGE('',*,*,#3453,.T.);
#1449=ORIENTED_EDGE('',*,*,#4005,.F.);
#1450=ORIENTED_EDGE('',*,*,#4006,.F.);
#1451=ORIENTED_EDGE('',*,*,#4003,.T.);
#1452=ORIENTED_EDGE('',*,*,#3452,.T.);
#1453=ORIENTED_EDGE('',*,*,#4002,.F.);
#1454=ORIENTED_EDGE('',*,*,#4007,.F.);
#1455=ORIENTED_EDGE('',*,*,#4005,.T.);
#1456=ORIENTED_EDGE('',*,*,#4001,.T.);
#1457=ORIENTED_EDGE('',*,*,#4004,.T.);
#1458=ORIENTED_EDGE('',*,*,#4006,.T.);
#1459=ORIENTED_EDGE('',*,*,#4007,.T.);
#1460=ORIENTED_EDGE('',*,*,#3443,.T.);
#1461=ORIENTED_EDGE('',*,*,#4008,.F.);
#1462=ORIENTED_EDGE('',*,*,#4009,.F.);
#1463=ORIENTED_EDGE('',*,*,#4010,.T.);
#1464=ORIENTED_EDGE('',*,*,#3446,.T.);
#1465=ORIENTED_EDGE('',*,*,#4011,.F.);
#1466=ORIENTED_EDGE('',*,*,#4012,.F.);
#1467=ORIENTED_EDGE('',*,*,#4008,.T.);
#1468=ORIENTED_EDGE('',*,*,#3445,.T.);
#1469=ORIENTED_EDGE('',*,*,#4013,.F.);
#1470=ORIENTED_EDGE('',*,*,#4014,.F.);
#1471=ORIENTED_EDGE('',*,*,#4011,.T.);
#1472=ORIENTED_EDGE('',*,*,#3444,.T.);
#1473=ORIENTED_EDGE('',*,*,#4010,.F.);
#1474=ORIENTED_EDGE('',*,*,#4015,.F.);
#1475=ORIENTED_EDGE('',*,*,#4013,.T.);
#1476=ORIENTED_EDGE('',*,*,#4009,.T.);
#1477=ORIENTED_EDGE('',*,*,#4012,.T.);
#1478=ORIENTED_EDGE('',*,*,#4014,.T.);
#1479=ORIENTED_EDGE('',*,*,#4015,.T.);
#1480=ORIENTED_EDGE('',*,*,#3435,.T.);
#1481=ORIENTED_EDGE('',*,*,#4016,.F.);
#1482=ORIENTED_EDGE('',*,*,#4017,.F.);
#1483=ORIENTED_EDGE('',*,*,#4018,.T.);
#1484=ORIENTED_EDGE('',*,*,#3438,.T.);
#1485=ORIENTED_EDGE('',*,*,#4019,.F.);
#1486=ORIENTED_EDGE('',*,*,#4020,.F.);
#1487=ORIENTED_EDGE('',*,*,#4016,.T.);
#1488=ORIENTED_EDGE('',*,*,#3437,.T.);
#1489=ORIENTED_EDGE('',*,*,#4021,.F.);
#1490=ORIENTED_EDGE('',*,*,#4022,.F.);
#1491=ORIENTED_EDGE('',*,*,#4019,.T.);
#1492=ORIENTED_EDGE('',*,*,#3436,.T.);
#1493=ORIENTED_EDGE('',*,*,#4018,.F.);
#1494=ORIENTED_EDGE('',*,*,#4023,.F.);
#1495=ORIENTED_EDGE('',*,*,#4021,.T.);
#1496=ORIENTED_EDGE('',*,*,#4017,.T.);
#1497=ORIENTED_EDGE('',*,*,#4020,.T.);
#1498=ORIENTED_EDGE('',*,*,#4022,.T.);
#1499=ORIENTED_EDGE('',*,*,#4023,.T.);
#1500=ORIENTED_EDGE('',*,*,#3427,.T.);
#1501=ORIENTED_EDGE('',*,*,#4024,.F.);
#1502=ORIENTED_EDGE('',*,*,#4025,.F.);
#1503=ORIENTED_EDGE('',*,*,#4026,.T.);
#1504=ORIENTED_EDGE('',*,*,#3430,.T.);
#1505=ORIENTED_EDGE('',*,*,#4027,.F.);
#1506=ORIENTED_EDGE('',*,*,#4028,.F.);
#1507=ORIENTED_EDGE('',*,*,#4024,.T.);
#1508=ORIENTED_EDGE('',*,*,#3429,.T.);
#1509=ORIENTED_EDGE('',*,*,#4029,.F.);
#1510=ORIENTED_EDGE('',*,*,#4030,.F.);
#1511=ORIENTED_EDGE('',*,*,#4027,.T.);
#1512=ORIENTED_EDGE('',*,*,#3428,.T.);
#1513=ORIENTED_EDGE('',*,*,#4026,.F.);
#1514=ORIENTED_EDGE('',*,*,#4031,.F.);
#1515=ORIENTED_EDGE('',*,*,#4029,.T.);
#1516=ORIENTED_EDGE('',*,*,#4025,.T.);
#1517=ORIENTED_EDGE('',*,*,#4028,.T.);
#1518=ORIENTED_EDGE('',*,*,#4030,.T.);
#1519=ORIENTED_EDGE('',*,*,#4031,.T.);
#1520=ORIENTED_EDGE('',*,*,#4032,.F.);
#1521=ORIENTED_EDGE('',*,*,#3621,.T.);
#1522=ORIENTED_EDGE('',*,*,#4032,.T.);
#1523=ORIENTED_EDGE('',*,*,#4033,.F.);
#1524=ORIENTED_EDGE('',*,*,#3620,.T.);
#1525=ORIENTED_EDGE('',*,*,#4033,.T.);
#1526=ORIENTED_EDGE('',*,*,#4034,.F.);
#1527=ORIENTED_EDGE('',*,*,#3619,.T.);
#1528=ORIENTED_EDGE('',*,*,#4034,.T.);
#1529=ORIENTED_EDGE('',*,*,#3410,.T.);
#1530=ORIENTED_EDGE('',*,*,#4035,.F.);
#1531=ORIENTED_EDGE('',*,*,#4036,.F.);
#1532=ORIENTED_EDGE('',*,*,#4037,.T.);
#1533=ORIENTED_EDGE('',*,*,#3411,.T.);
#1534=ORIENTED_EDGE('',*,*,#4037,.F.);
#1535=ORIENTED_EDGE('',*,*,#4038,.F.);
#1536=ORIENTED_EDGE('',*,*,#4039,.T.);
#1537=ORIENTED_EDGE('',*,*,#3412,.T.);
#1538=ORIENTED_EDGE('',*,*,#4039,.F.);
#1539=ORIENTED_EDGE('',*,*,#4040,.F.);
#1540=ORIENTED_EDGE('',*,*,#4041,.T.);
#1541=ORIENTED_EDGE('',*,*,#3409,.T.);
#1542=ORIENTED_EDGE('',*,*,#4041,.F.);
#1543=ORIENTED_EDGE('',*,*,#4042,.F.);
#1544=ORIENTED_EDGE('',*,*,#4035,.T.);
#1545=ORIENTED_EDGE('',*,*,#4036,.T.);
#1546=ORIENTED_EDGE('',*,*,#4042,.T.);
#1547=ORIENTED_EDGE('',*,*,#4040,.T.);
#1548=ORIENTED_EDGE('',*,*,#4038,.T.);
#1549=ORIENTED_EDGE('',*,*,#3414,.T.);
#1550=ORIENTED_EDGE('',*,*,#4043,.F.);
#1551=ORIENTED_EDGE('',*,*,#4044,.F.);
#1552=ORIENTED_EDGE('',*,*,#4045,.T.);
#1553=ORIENTED_EDGE('',*,*,#4046,.F.);
#1554=ORIENTED_EDGE('',*,*,#4047,.T.);
#1555=ORIENTED_EDGE('',*,*,#3415,.T.);
#1556=ORIENTED_EDGE('',*,*,#4045,.F.);
#1557=ORIENTED_EDGE('',*,*,#3417,.T.);
#1558=ORIENTED_EDGE('',*,*,#4048,.T.);
#1559=ORIENTED_EDGE('',*,*,#4049,.F.);
#1560=ORIENTED_EDGE('',*,*,#4050,.T.);
#1561=ORIENTED_EDGE('',*,*,#3413,.T.);
#1562=ORIENTED_EDGE('',*,*,#4051,.T.);
#1563=ORIENTED_EDGE('',*,*,#4052,.F.);
#1564=ORIENTED_EDGE('',*,*,#4043,.T.);
#1565=ORIENTED_EDGE('',*,*,#4049,.T.);
#1566=ORIENTED_EDGE('',*,*,#4053,.T.);
#1567=ORIENTED_EDGE('',*,*,#4046,.T.);
#1568=ORIENTED_EDGE('',*,*,#4044,.T.);
#1569=ORIENTED_EDGE('',*,*,#4052,.T.);
#1570=ORIENTED_EDGE('',*,*,#4054,.T.);
#1571=ORIENTED_EDGE('',*,*,#4053,.F.);
#1572=ORIENTED_EDGE('',*,*,#4048,.F.);
#1573=ORIENTED_EDGE('',*,*,#3416,.F.);
#1574=ORIENTED_EDGE('',*,*,#4047,.F.);
#1575=ORIENTED_EDGE('',*,*,#4054,.F.);
#1576=ORIENTED_EDGE('',*,*,#4051,.F.);
#1577=ORIENTED_EDGE('',*,*,#3418,.F.);
#1578=ORIENTED_EDGE('',*,*,#4050,.F.);
#1579=ORIENTED_EDGE('',*,*,#3419,.T.);
#1580=ORIENTED_EDGE('',*,*,#4055,.F.);
#1581=ORIENTED_EDGE('',*,*,#4056,.F.);
#1582=ORIENTED_EDGE('',*,*,#4057,.T.);
#1583=ORIENTED_EDGE('',*,*,#3422,.T.);
#1584=ORIENTED_EDGE('',*,*,#4058,.F.);
#1585=ORIENTED_EDGE('',*,*,#4059,.F.);
#1586=ORIENTED_EDGE('',*,*,#4055,.T.);
#1587=ORIENTED_EDGE('',*,*,#3421,.T.);
#1588=ORIENTED_EDGE('',*,*,#4060,.F.);
#1589=ORIENTED_EDGE('',*,*,#4061,.F.);
#1590=ORIENTED_EDGE('',*,*,#4058,.T.);
#1591=ORIENTED_EDGE('',*,*,#3420,.T.);
#1592=ORIENTED_EDGE('',*,*,#4057,.F.);
#1593=ORIENTED_EDGE('',*,*,#4062,.F.);
#1594=ORIENTED_EDGE('',*,*,#4060,.T.);
#1595=ORIENTED_EDGE('',*,*,#4063,.F.);
#1596=ORIENTED_EDGE('',*,*,#4056,.T.);
#1597=ORIENTED_EDGE('',*,*,#4059,.T.);
#1598=ORIENTED_EDGE('',*,*,#4061,.T.);
#1599=ORIENTED_EDGE('',*,*,#4062,.T.);
#1600=ORIENTED_EDGE('',*,*,#4064,.F.);
#1601=ORIENTED_EDGE('',*,*,#4063,.T.);
#1602=ORIENTED_EDGE('',*,*,#4065,.F.);
#1603=ORIENTED_EDGE('',*,*,#4064,.T.);
#1604=ORIENTED_EDGE('',*,*,#4066,.F.);
#1605=ORIENTED_EDGE('',*,*,#4065,.T.);
#1606=ORIENTED_EDGE('',*,*,#4066,.T.);
#1607=ORIENTED_EDGE('',*,*,#4067,.F.);
#1608=ORIENTED_EDGE('',*,*,#3404,.T.);
#1609=ORIENTED_EDGE('',*,*,#4067,.T.);
#1610=ORIENTED_EDGE('',*,*,#3390,.T.);
#1611=ORIENTED_EDGE('',*,*,#4068,.F.);
#1612=ORIENTED_EDGE('',*,*,#4069,.F.);
#1613=ORIENTED_EDGE('',*,*,#4070,.T.);
#1614=ORIENTED_EDGE('',*,*,#3394,.T.);
#1615=ORIENTED_EDGE('',*,*,#4071,.T.);
#1616=ORIENTED_EDGE('',*,*,#4072,.F.);
#1617=ORIENTED_EDGE('',*,*,#4068,.T.);
#1618=ORIENTED_EDGE('',*,*,#3392,.T.);
#1619=ORIENTED_EDGE('',*,*,#4073,.F.);
#1620=ORIENTED_EDGE('',*,*,#4074,.F.);
#1621=ORIENTED_EDGE('',*,*,#3389,.T.);
#1622=ORIENTED_EDGE('',*,*,#3391,.T.);
#1623=ORIENTED_EDGE('',*,*,#4070,.F.);
#1624=ORIENTED_EDGE('',*,*,#4075,.F.);
#1625=ORIENTED_EDGE('',*,*,#4073,.T.);
#1626=ORIENTED_EDGE('',*,*,#4076,.F.);
#1627=ORIENTED_EDGE('',*,*,#4077,.F.);
#1628=ORIENTED_EDGE('',*,*,#3386,.T.);
#1629=ORIENTED_EDGE('',*,*,#4074,.T.);
#1630=ORIENTED_EDGE('',*,*,#4075,.T.);
#1631=ORIENTED_EDGE('',*,*,#4069,.T.);
#1632=ORIENTED_EDGE('',*,*,#4072,.T.);
#1633=ORIENTED_EDGE('',*,*,#4078,.F.);
#1634=ORIENTED_EDGE('',*,*,#4079,.F.);
#1635=ORIENTED_EDGE('',*,*,#4080,.F.);
#1636=ORIENTED_EDGE('',*,*,#4081,.F.);
#1637=ORIENTED_EDGE('',*,*,#4082,.F.);
#1638=ORIENTED_EDGE('',*,*,#3399,.T.);
#1639=ORIENTED_EDGE('',*,*,#4083,.F.);
#1640=ORIENTED_EDGE('',*,*,#4084,.F.);
#1641=ORIENTED_EDGE('',*,*,#4085,.T.);
#1642=ORIENTED_EDGE('',*,*,#3403,.T.);
#1643=ORIENTED_EDGE('',*,*,#4086,.T.);
#1644=ORIENTED_EDGE('',*,*,#4087,.F.);
#1645=ORIENTED_EDGE('',*,*,#4083,.T.);
#1646=ORIENTED_EDGE('',*,*,#3401,.T.);
#1647=ORIENTED_EDGE('',*,*,#4088,.F.);
#1648=ORIENTED_EDGE('',*,*,#4089,.F.);
#1649=ORIENTED_EDGE('',*,*,#3385,.T.);
#1650=ORIENTED_EDGE('',*,*,#3400,.T.);
#1651=ORIENTED_EDGE('',*,*,#4085,.F.);
#1652=ORIENTED_EDGE('',*,*,#4090,.F.);
#1653=ORIENTED_EDGE('',*,*,#4088,.T.);
#1654=ORIENTED_EDGE('',*,*,#4091,.F.);
#1655=ORIENTED_EDGE('',*,*,#4092,.F.);
#1656=ORIENTED_EDGE('',*,*,#3382,.T.);
#1657=ORIENTED_EDGE('',*,*,#4089,.T.);
#1658=ORIENTED_EDGE('',*,*,#4090,.T.);
#1659=ORIENTED_EDGE('',*,*,#4084,.T.);
#1660=ORIENTED_EDGE('',*,*,#4087,.T.);
#1661=ORIENTED_EDGE('',*,*,#4093,.F.);
#1662=ORIENTED_EDGE('',*,*,#4094,.F.);
#1663=ORIENTED_EDGE('',*,*,#4095,.F.);
#1664=ORIENTED_EDGE('',*,*,#4096,.F.);
#1665=ORIENTED_EDGE('',*,*,#4097,.F.);
#1666=ORIENTED_EDGE('',*,*,#4098,.F.);
#1667=ORIENTED_EDGE('',*,*,#3240,.F.);
#1668=ORIENTED_EDGE('',*,*,#4099,.T.);
#1669=ORIENTED_EDGE('',*,*,#3393,.F.);
#1670=ORIENTED_EDGE('',*,*,#4079,.T.);
#1671=ORIENTED_EDGE('',*,*,#4100,.F.);
#1672=ORIENTED_EDGE('',*,*,#3238,.F.);
#1673=ORIENTED_EDGE('',*,*,#4101,.T.);
#1674=ORIENTED_EDGE('',*,*,#4080,.T.);
#1675=ORIENTED_EDGE('',*,*,#4101,.F.);
#1676=ORIENTED_EDGE('',*,*,#3245,.F.);
#1677=ORIENTED_EDGE('',*,*,#4102,.T.);
#1678=ORIENTED_EDGE('',*,*,#4081,.T.);
#1679=ORIENTED_EDGE('',*,*,#4102,.F.);
#1680=ORIENTED_EDGE('',*,*,#3244,.F.);
#1681=ORIENTED_EDGE('',*,*,#4103,.T.);
#1682=ORIENTED_EDGE('',*,*,#4082,.T.);
#1683=ORIENTED_EDGE('',*,*,#4103,.F.);
#1684=ORIENTED_EDGE('',*,*,#3243,.F.);
#1685=ORIENTED_EDGE('',*,*,#4104,.T.);
#1686=ORIENTED_EDGE('',*,*,#4076,.T.);
#1687=ORIENTED_EDGE('',*,*,#4104,.F.);
#1688=ORIENTED_EDGE('',*,*,#3242,.F.);
#1689=ORIENTED_EDGE('',*,*,#4105,.T.);
#1690=ORIENTED_EDGE('',*,*,#4077,.T.);
#1691=ORIENTED_EDGE('',*,*,#4105,.F.);
#1692=ORIENTED_EDGE('',*,*,#3241,.F.);
#1693=ORIENTED_EDGE('',*,*,#4098,.T.);
#1694=ORIENTED_EDGE('',*,*,#3387,.T.);
#1695=ORIENTED_EDGE('',*,*,#4078,.T.);
#1696=ORIENTED_EDGE('',*,*,#4071,.F.);
#1697=ORIENTED_EDGE('',*,*,#4099,.F.);
#1698=ORIENTED_EDGE('',*,*,#3239,.F.);
#1699=ORIENTED_EDGE('',*,*,#4100,.T.);
#1700=ORIENTED_EDGE('',*,*,#4106,.F.);
#1701=ORIENTED_EDGE('',*,*,#4107,.F.);
#1702=ORIENTED_EDGE('',*,*,#4108,.T.);
#1703=ORIENTED_EDGE('',*,*,#3402,.F.);
#1704=ORIENTED_EDGE('',*,*,#4094,.T.);
#1705=ORIENTED_EDGE('',*,*,#4109,.F.);
#1706=ORIENTED_EDGE('',*,*,#4110,.F.);
#1707=ORIENTED_EDGE('',*,*,#4111,.T.);
#1708=ORIENTED_EDGE('',*,*,#4095,.T.);
#1709=ORIENTED_EDGE('',*,*,#4111,.F.);
#1710=ORIENTED_EDGE('',*,*,#4112,.F.);
#1711=ORIENTED_EDGE('',*,*,#4113,.T.);
#1712=ORIENTED_EDGE('',*,*,#4096,.T.);
#1713=ORIENTED_EDGE('',*,*,#4113,.F.);
#1714=ORIENTED_EDGE('',*,*,#4114,.F.);
#1715=ORIENTED_EDGE('',*,*,#4115,.T.);
#1716=ORIENTED_EDGE('',*,*,#4097,.T.);
#1717=ORIENTED_EDGE('',*,*,#4115,.F.);
#1718=ORIENTED_EDGE('',*,*,#4116,.F.);
#1719=ORIENTED_EDGE('',*,*,#4117,.T.);
#1720=ORIENTED_EDGE('',*,*,#4091,.T.);
#1721=ORIENTED_EDGE('',*,*,#4117,.F.);
#1722=ORIENTED_EDGE('',*,*,#4118,.F.);
#1723=ORIENTED_EDGE('',*,*,#4119,.T.);
#1724=ORIENTED_EDGE('',*,*,#4092,.T.);
#1725=ORIENTED_EDGE('',*,*,#4119,.F.);
#1726=ORIENTED_EDGE('',*,*,#4120,.F.);
#1727=ORIENTED_EDGE('',*,*,#4106,.T.);
#1728=ORIENTED_EDGE('',*,*,#3383,.T.);
#1729=ORIENTED_EDGE('',*,*,#4093,.T.);
#1730=ORIENTED_EDGE('',*,*,#4086,.F.);
#1731=ORIENTED_EDGE('',*,*,#4108,.F.);
#1732=ORIENTED_EDGE('',*,*,#4121,.F.);
#1733=ORIENTED_EDGE('',*,*,#4109,.T.);
#1734=ORIENTED_EDGE('',*,*,#4122,.T.);
#1735=ORIENTED_EDGE('',*,*,#4123,.T.);
#1736=ORIENTED_EDGE('',*,*,#4124,.T.);
#1737=ORIENTED_EDGE('',*,*,#4125,.T.);
#1738=ORIENTED_EDGE('',*,*,#4126,.T.);
#1739=ORIENTED_EDGE('',*,*,#4127,.T.);
#1740=ORIENTED_EDGE('',*,*,#4128,.T.);
#1741=ORIENTED_EDGE('',*,*,#4129,.T.);
#1742=ORIENTED_EDGE('',*,*,#4130,.T.);
#1743=ORIENTED_EDGE('',*,*,#4131,.T.);
#1744=ORIENTED_EDGE('',*,*,#4132,.T.);
#1745=ORIENTED_EDGE('',*,*,#4133,.T.);
#1746=ORIENTED_EDGE('',*,*,#4134,.T.);
#1747=ORIENTED_EDGE('',*,*,#4135,.T.);
#1748=ORIENTED_EDGE('',*,*,#4136,.T.);
#1749=ORIENTED_EDGE('',*,*,#4137,.T.);
#1750=ORIENTED_EDGE('',*,*,#4138,.T.);
#1751=ORIENTED_EDGE('',*,*,#4139,.T.);
#1752=ORIENTED_EDGE('',*,*,#4140,.T.);
#1753=ORIENTED_EDGE('',*,*,#4141,.T.);
#1754=ORIENTED_EDGE('',*,*,#4142,.T.);
#1755=ORIENTED_EDGE('',*,*,#4143,.T.);
#1756=ORIENTED_EDGE('',*,*,#4144,.T.);
#1757=ORIENTED_EDGE('',*,*,#4145,.T.);
#1758=ORIENTED_EDGE('',*,*,#4146,.T.);
#1759=ORIENTED_EDGE('',*,*,#4147,.T.);
#1760=ORIENTED_EDGE('',*,*,#4148,.T.);
#1761=ORIENTED_EDGE('',*,*,#4149,.T.);
#1762=ORIENTED_EDGE('',*,*,#4150,.T.);
#1763=ORIENTED_EDGE('',*,*,#4151,.T.);
#1764=ORIENTED_EDGE('',*,*,#4152,.T.);
#1765=ORIENTED_EDGE('',*,*,#4153,.T.);
#1766=ORIENTED_EDGE('',*,*,#4154,.T.);
#1767=ORIENTED_EDGE('',*,*,#4155,.T.);
#1768=ORIENTED_EDGE('',*,*,#4156,.T.);
#1769=ORIENTED_EDGE('',*,*,#4157,.T.);
#1770=ORIENTED_EDGE('',*,*,#4158,.T.);
#1771=ORIENTED_EDGE('',*,*,#4159,.T.);
#1772=ORIENTED_EDGE('',*,*,#4160,.T.);
#1773=ORIENTED_EDGE('',*,*,#4161,.T.);
#1774=ORIENTED_EDGE('',*,*,#4162,.T.);
#1775=ORIENTED_EDGE('',*,*,#4163,.T.);
#1776=ORIENTED_EDGE('',*,*,#4164,.T.);
#1777=ORIENTED_EDGE('',*,*,#4165,.T.);
#1778=ORIENTED_EDGE('',*,*,#4166,.T.);
#1779=ORIENTED_EDGE('',*,*,#4167,.T.);
#1780=ORIENTED_EDGE('',*,*,#4168,.T.);
#1781=ORIENTED_EDGE('',*,*,#4169,.T.);
#1782=ORIENTED_EDGE('',*,*,#4170,.T.);
#1783=ORIENTED_EDGE('',*,*,#4171,.T.);
#1784=ORIENTED_EDGE('',*,*,#4172,.T.);
#1785=ORIENTED_EDGE('',*,*,#4173,.T.);
#1786=ORIENTED_EDGE('',*,*,#4174,.T.);
#1787=ORIENTED_EDGE('',*,*,#4175,.T.);
#1788=ORIENTED_EDGE('',*,*,#4176,.T.);
#1789=ORIENTED_EDGE('',*,*,#4177,.T.);
#1790=ORIENTED_EDGE('',*,*,#4178,.T.);
#1791=ORIENTED_EDGE('',*,*,#4179,.T.);
#1792=ORIENTED_EDGE('',*,*,#4180,.T.);
#1793=ORIENTED_EDGE('',*,*,#4181,.T.);
#1794=ORIENTED_EDGE('',*,*,#4182,.T.);
#1795=ORIENTED_EDGE('',*,*,#4183,.T.);
#1796=ORIENTED_EDGE('',*,*,#4184,.T.);
#1797=ORIENTED_EDGE('',*,*,#4185,.T.);
#1798=ORIENTED_EDGE('',*,*,#4186,.T.);
#1799=ORIENTED_EDGE('',*,*,#4187,.T.);
#1800=ORIENTED_EDGE('',*,*,#4188,.T.);
#1801=ORIENTED_EDGE('',*,*,#4189,.T.);
#1802=ORIENTED_EDGE('',*,*,#4190,.T.);
#1803=ORIENTED_EDGE('',*,*,#4191,.T.);
#1804=ORIENTED_EDGE('',*,*,#4192,.T.);
#1805=ORIENTED_EDGE('',*,*,#4193,.T.);
#1806=ORIENTED_EDGE('',*,*,#4194,.T.);
#1807=ORIENTED_EDGE('',*,*,#4195,.T.);
#1808=ORIENTED_EDGE('',*,*,#4196,.T.);
#1809=ORIENTED_EDGE('',*,*,#4197,.T.);
#1810=ORIENTED_EDGE('',*,*,#4198,.T.);
#1811=ORIENTED_EDGE('',*,*,#4199,.T.);
#1812=ORIENTED_EDGE('',*,*,#4200,.T.);
#1813=ORIENTED_EDGE('',*,*,#4201,.T.);
#1814=ORIENTED_EDGE('',*,*,#4202,.T.);
#1815=ORIENTED_EDGE('',*,*,#4203,.T.);
#1816=ORIENTED_EDGE('',*,*,#4204,.T.);
#1817=ORIENTED_EDGE('',*,*,#4205,.T.);
#1818=ORIENTED_EDGE('',*,*,#4206,.T.);
#1819=ORIENTED_EDGE('',*,*,#4207,.T.);
#1820=ORIENTED_EDGE('',*,*,#4208,.T.);
#1821=ORIENTED_EDGE('',*,*,#4209,.T.);
#1822=ORIENTED_EDGE('',*,*,#4210,.T.);
#1823=ORIENTED_EDGE('',*,*,#4211,.T.);
#1824=ORIENTED_EDGE('',*,*,#4212,.T.);
#1825=ORIENTED_EDGE('',*,*,#4213,.T.);
#1826=ORIENTED_EDGE('',*,*,#4214,.T.);
#1827=ORIENTED_EDGE('',*,*,#4215,.T.);
#1828=ORIENTED_EDGE('',*,*,#4216,.T.);
#1829=ORIENTED_EDGE('',*,*,#4217,.T.);
#1830=ORIENTED_EDGE('',*,*,#4218,.T.);
#1831=ORIENTED_EDGE('',*,*,#4219,.T.);
#1832=ORIENTED_EDGE('',*,*,#4220,.T.);
#1833=ORIENTED_EDGE('',*,*,#4221,.T.);
#1834=ORIENTED_EDGE('',*,*,#4222,.T.);
#1835=ORIENTED_EDGE('',*,*,#4223,.T.);
#1836=ORIENTED_EDGE('',*,*,#4224,.T.);
#1837=ORIENTED_EDGE('',*,*,#4225,.T.);
#1838=ORIENTED_EDGE('',*,*,#4226,.T.);
#1839=ORIENTED_EDGE('',*,*,#4227,.T.);
#1840=ORIENTED_EDGE('',*,*,#4228,.T.);
#1841=ORIENTED_EDGE('',*,*,#4229,.T.);
#1842=ORIENTED_EDGE('',*,*,#4230,.T.);
#1843=ORIENTED_EDGE('',*,*,#4231,.T.);
#1844=ORIENTED_EDGE('',*,*,#4232,.T.);
#1845=ORIENTED_EDGE('',*,*,#4233,.T.);
#1846=ORIENTED_EDGE('',*,*,#4234,.T.);
#1847=ORIENTED_EDGE('',*,*,#4235,.T.);
#1848=ORIENTED_EDGE('',*,*,#4236,.T.);
#1849=ORIENTED_EDGE('',*,*,#4237,.T.);
#1850=ORIENTED_EDGE('',*,*,#4238,.T.);
#1851=ORIENTED_EDGE('',*,*,#4239,.T.);
#1852=ORIENTED_EDGE('',*,*,#4240,.T.);
#1853=ORIENTED_EDGE('',*,*,#4241,.T.);
#1854=ORIENTED_EDGE('',*,*,#4242,.T.);
#1855=ORIENTED_EDGE('',*,*,#4243,.T.);
#1856=ORIENTED_EDGE('',*,*,#4244,.T.);
#1857=ORIENTED_EDGE('',*,*,#4245,.T.);
#1858=ORIENTED_EDGE('',*,*,#4246,.T.);
#1859=ORIENTED_EDGE('',*,*,#4247,.T.);
#1860=ORIENTED_EDGE('',*,*,#4248,.T.);
#1861=ORIENTED_EDGE('',*,*,#4249,.T.);
#1862=ORIENTED_EDGE('',*,*,#4250,.T.);
#1863=ORIENTED_EDGE('',*,*,#4251,.T.);
#1864=ORIENTED_EDGE('',*,*,#4252,.T.);
#1865=ORIENTED_EDGE('',*,*,#4253,.T.);
#1866=ORIENTED_EDGE('',*,*,#4254,.T.);
#1867=ORIENTED_EDGE('',*,*,#4255,.T.);
#1868=ORIENTED_EDGE('',*,*,#4256,.T.);
#1869=ORIENTED_EDGE('',*,*,#4257,.T.);
#1870=ORIENTED_EDGE('',*,*,#4110,.T.);
#1871=ORIENTED_EDGE('',*,*,#4121,.T.);
#1872=ORIENTED_EDGE('',*,*,#4107,.T.);
#1873=ORIENTED_EDGE('',*,*,#4120,.T.);
#1874=ORIENTED_EDGE('',*,*,#4118,.T.);
#1875=ORIENTED_EDGE('',*,*,#4116,.T.);
#1876=ORIENTED_EDGE('',*,*,#4114,.T.);
#1877=ORIENTED_EDGE('',*,*,#4112,.T.);
#1878=ORIENTED_EDGE('',*,*,#3247,.T.);
#1879=ORIENTED_EDGE('',*,*,#4258,.F.);
#1880=ORIENTED_EDGE('',*,*,#4259,.F.);
#1881=ORIENTED_EDGE('',*,*,#4260,.T.);
#1882=ORIENTED_EDGE('',*,*,#3246,.T.);
#1883=ORIENTED_EDGE('',*,*,#4261,.F.);
#1884=ORIENTED_EDGE('',*,*,#4262,.F.);
#1885=ORIENTED_EDGE('',*,*,#4258,.T.);
#1886=ORIENTED_EDGE('',*,*,#3249,.T.);
#1887=ORIENTED_EDGE('',*,*,#4263,.F.);
#1888=ORIENTED_EDGE('',*,*,#4264,.F.);
#1889=ORIENTED_EDGE('',*,*,#4261,.T.);
#1890=ORIENTED_EDGE('',*,*,#3248,.T.);
#1891=ORIENTED_EDGE('',*,*,#4260,.F.);
#1892=ORIENTED_EDGE('',*,*,#4265,.F.);
#1893=ORIENTED_EDGE('',*,*,#4263,.T.);
#1894=ORIENTED_EDGE('',*,*,#4259,.T.);
#1895=ORIENTED_EDGE('',*,*,#4262,.T.);
#1896=ORIENTED_EDGE('',*,*,#4264,.T.);
#1897=ORIENTED_EDGE('',*,*,#4265,.T.);
#1898=ORIENTED_EDGE('',*,*,#3251,.T.);
#1899=ORIENTED_EDGE('',*,*,#4266,.F.);
#1900=ORIENTED_EDGE('',*,*,#4267,.F.);
#1901=ORIENTED_EDGE('',*,*,#4268,.T.);
#1902=ORIENTED_EDGE('',*,*,#3250,.T.);
#1903=ORIENTED_EDGE('',*,*,#4269,.F.);
#1904=ORIENTED_EDGE('',*,*,#4270,.F.);
#1905=ORIENTED_EDGE('',*,*,#4266,.T.);
#1906=ORIENTED_EDGE('',*,*,#3253,.T.);
#1907=ORIENTED_EDGE('',*,*,#4271,.F.);
#1908=ORIENTED_EDGE('',*,*,#4272,.F.);
#1909=ORIENTED_EDGE('',*,*,#4269,.T.);
#1910=ORIENTED_EDGE('',*,*,#3252,.T.);
#1911=ORIENTED_EDGE('',*,*,#4268,.F.);
#1912=ORIENTED_EDGE('',*,*,#4273,.F.);
#1913=ORIENTED_EDGE('',*,*,#4271,.T.);
#1914=ORIENTED_EDGE('',*,*,#4267,.T.);
#1915=ORIENTED_EDGE('',*,*,#4270,.T.);
#1916=ORIENTED_EDGE('',*,*,#4272,.T.);
#1917=ORIENTED_EDGE('',*,*,#4273,.T.);
#1918=ORIENTED_EDGE('',*,*,#3255,.T.);
#1919=ORIENTED_EDGE('',*,*,#4274,.F.);
#1920=ORIENTED_EDGE('',*,*,#4275,.F.);
#1921=ORIENTED_EDGE('',*,*,#4276,.T.);
#1922=ORIENTED_EDGE('',*,*,#3254,.T.);
#1923=ORIENTED_EDGE('',*,*,#4277,.F.);
#1924=ORIENTED_EDGE('',*,*,#4278,.F.);
#1925=ORIENTED_EDGE('',*,*,#4274,.T.);
#1926=ORIENTED_EDGE('',*,*,#3257,.T.);
#1927=ORIENTED_EDGE('',*,*,#4279,.F.);
#1928=ORIENTED_EDGE('',*,*,#4280,.F.);
#1929=ORIENTED_EDGE('',*,*,#4277,.T.);
#1930=ORIENTED_EDGE('',*,*,#3256,.T.);
#1931=ORIENTED_EDGE('',*,*,#4276,.F.);
#1932=ORIENTED_EDGE('',*,*,#4281,.F.);
#1933=ORIENTED_EDGE('',*,*,#4279,.T.);
#1934=ORIENTED_EDGE('',*,*,#4275,.T.);
#1935=ORIENTED_EDGE('',*,*,#4278,.T.);
#1936=ORIENTED_EDGE('',*,*,#4280,.T.);
#1937=ORIENTED_EDGE('',*,*,#4281,.T.);
#1938=ORIENTED_EDGE('',*,*,#3259,.T.);
#1939=ORIENTED_EDGE('',*,*,#4282,.F.);
#1940=ORIENTED_EDGE('',*,*,#4283,.F.);
#1941=ORIENTED_EDGE('',*,*,#4284,.T.);
#1942=ORIENTED_EDGE('',*,*,#3258,.T.);
#1943=ORIENTED_EDGE('',*,*,#4285,.F.);
#1944=ORIENTED_EDGE('',*,*,#4286,.F.);
#1945=ORIENTED_EDGE('',*,*,#4282,.T.);
#1946=ORIENTED_EDGE('',*,*,#3261,.T.);
#1947=ORIENTED_EDGE('',*,*,#4287,.F.);
#1948=ORIENTED_EDGE('',*,*,#4288,.F.);
#1949=ORIENTED_EDGE('',*,*,#4285,.T.);
#1950=ORIENTED_EDGE('',*,*,#3260,.T.);
#1951=ORIENTED_EDGE('',*,*,#4284,.F.);
#1952=ORIENTED_EDGE('',*,*,#4289,.F.);
#1953=ORIENTED_EDGE('',*,*,#4287,.T.);
#1954=ORIENTED_EDGE('',*,*,#4283,.T.);
#1955=ORIENTED_EDGE('',*,*,#4286,.T.);
#1956=ORIENTED_EDGE('',*,*,#4288,.T.);
#1957=ORIENTED_EDGE('',*,*,#4289,.T.);
#1958=ORIENTED_EDGE('',*,*,#3263,.T.);
#1959=ORIENTED_EDGE('',*,*,#4290,.F.);
#1960=ORIENTED_EDGE('',*,*,#4291,.F.);
#1961=ORIENTED_EDGE('',*,*,#4292,.T.);
#1962=ORIENTED_EDGE('',*,*,#3262,.T.);
#1963=ORIENTED_EDGE('',*,*,#4293,.F.);
#1964=ORIENTED_EDGE('',*,*,#4294,.F.);
#1965=ORIENTED_EDGE('',*,*,#4290,.T.);
#1966=ORIENTED_EDGE('',*,*,#3265,.T.);
#1967=ORIENTED_EDGE('',*,*,#4295,.F.);
#1968=ORIENTED_EDGE('',*,*,#4296,.F.);
#1969=ORIENTED_EDGE('',*,*,#4293,.T.);
#1970=ORIENTED_EDGE('',*,*,#3264,.T.);
#1971=ORIENTED_EDGE('',*,*,#4292,.F.);
#1972=ORIENTED_EDGE('',*,*,#4297,.F.);
#1973=ORIENTED_EDGE('',*,*,#4295,.T.);
#1974=ORIENTED_EDGE('',*,*,#4291,.T.);
#1975=ORIENTED_EDGE('',*,*,#4294,.T.);
#1976=ORIENTED_EDGE('',*,*,#4296,.T.);
#1977=ORIENTED_EDGE('',*,*,#4297,.T.);
#1978=ORIENTED_EDGE('',*,*,#3267,.T.);
#1979=ORIENTED_EDGE('',*,*,#4298,.F.);
#1980=ORIENTED_EDGE('',*,*,#4299,.F.);
#1981=ORIENTED_EDGE('',*,*,#4300,.T.);
#1982=ORIENTED_EDGE('',*,*,#3266,.T.);
#1983=ORIENTED_EDGE('',*,*,#4301,.F.);
#1984=ORIENTED_EDGE('',*,*,#4302,.F.);
#1985=ORIENTED_EDGE('',*,*,#4298,.T.);
#1986=ORIENTED_EDGE('',*,*,#3269,.T.);
#1987=ORIENTED_EDGE('',*,*,#4303,.F.);
#1988=ORIENTED_EDGE('',*,*,#4304,.F.);
#1989=ORIENTED_EDGE('',*,*,#4301,.T.);
#1990=ORIENTED_EDGE('',*,*,#3268,.T.);
#1991=ORIENTED_EDGE('',*,*,#4300,.F.);
#1992=ORIENTED_EDGE('',*,*,#4305,.F.);
#1993=ORIENTED_EDGE('',*,*,#4303,.T.);
#1994=ORIENTED_EDGE('',*,*,#4299,.T.);
#1995=ORIENTED_EDGE('',*,*,#4302,.T.);
#1996=ORIENTED_EDGE('',*,*,#4304,.T.);
#1997=ORIENTED_EDGE('',*,*,#4305,.T.);
#1998=ORIENTED_EDGE('',*,*,#3271,.T.);
#1999=ORIENTED_EDGE('',*,*,#4306,.F.);
#2000=ORIENTED_EDGE('',*,*,#4307,.F.);
#2001=ORIENTED_EDGE('',*,*,#4308,.T.);
#2002=ORIENTED_EDGE('',*,*,#3270,.T.);
#2003=ORIENTED_EDGE('',*,*,#4309,.F.);
#2004=ORIENTED_EDGE('',*,*,#4310,.F.);
#2005=ORIENTED_EDGE('',*,*,#4306,.T.);
#2006=ORIENTED_EDGE('',*,*,#3273,.T.);
#2007=ORIENTED_EDGE('',*,*,#4311,.F.);
#2008=ORIENTED_EDGE('',*,*,#4312,.F.);
#2009=ORIENTED_EDGE('',*,*,#4309,.T.);
#2010=ORIENTED_EDGE('',*,*,#3272,.T.);
#2011=ORIENTED_EDGE('',*,*,#4308,.F.);
#2012=ORIENTED_EDGE('',*,*,#4313,.F.);
#2013=ORIENTED_EDGE('',*,*,#4311,.T.);
#2014=ORIENTED_EDGE('',*,*,#4307,.T.);
#2015=ORIENTED_EDGE('',*,*,#4310,.T.);
#2016=ORIENTED_EDGE('',*,*,#4312,.T.);
#2017=ORIENTED_EDGE('',*,*,#4313,.T.);
#2018=ORIENTED_EDGE('',*,*,#3275,.T.);
#2019=ORIENTED_EDGE('',*,*,#4314,.F.);
#2020=ORIENTED_EDGE('',*,*,#4315,.F.);
#2021=ORIENTED_EDGE('',*,*,#4316,.T.);
#2022=ORIENTED_EDGE('',*,*,#3274,.T.);
#2023=ORIENTED_EDGE('',*,*,#4317,.F.);
#2024=ORIENTED_EDGE('',*,*,#4318,.F.);
#2025=ORIENTED_EDGE('',*,*,#4314,.T.);
#2026=ORIENTED_EDGE('',*,*,#3277,.T.);
#2027=ORIENTED_EDGE('',*,*,#4319,.F.);
#2028=ORIENTED_EDGE('',*,*,#4320,.F.);
#2029=ORIENTED_EDGE('',*,*,#4317,.T.);
#2030=ORIENTED_EDGE('',*,*,#3276,.T.);
#2031=ORIENTED_EDGE('',*,*,#4316,.F.);
#2032=ORIENTED_EDGE('',*,*,#4321,.F.);
#2033=ORIENTED_EDGE('',*,*,#4319,.T.);
#2034=ORIENTED_EDGE('',*,*,#4315,.T.);
#2035=ORIENTED_EDGE('',*,*,#4318,.T.);
#2036=ORIENTED_EDGE('',*,*,#4320,.T.);
#2037=ORIENTED_EDGE('',*,*,#4321,.T.);
#2038=ORIENTED_EDGE('',*,*,#3279,.T.);
#2039=ORIENTED_EDGE('',*,*,#4322,.F.);
#2040=ORIENTED_EDGE('',*,*,#4323,.F.);
#2041=ORIENTED_EDGE('',*,*,#4324,.T.);
#2042=ORIENTED_EDGE('',*,*,#3278,.T.);
#2043=ORIENTED_EDGE('',*,*,#4325,.F.);
#2044=ORIENTED_EDGE('',*,*,#4326,.F.);
#2045=ORIENTED_EDGE('',*,*,#4322,.T.);
#2046=ORIENTED_EDGE('',*,*,#3281,.T.);
#2047=ORIENTED_EDGE('',*,*,#4327,.F.);
#2048=ORIENTED_EDGE('',*,*,#4328,.F.);
#2049=ORIENTED_EDGE('',*,*,#4325,.T.);
#2050=ORIENTED_EDGE('',*,*,#3280,.T.);
#2051=ORIENTED_EDGE('',*,*,#4324,.F.);
#2052=ORIENTED_EDGE('',*,*,#4329,.F.);
#2053=ORIENTED_EDGE('',*,*,#4327,.T.);
#2054=ORIENTED_EDGE('',*,*,#4323,.T.);
#2055=ORIENTED_EDGE('',*,*,#4326,.T.);
#2056=ORIENTED_EDGE('',*,*,#4328,.T.);
#2057=ORIENTED_EDGE('',*,*,#4329,.T.);
#2058=ORIENTED_EDGE('',*,*,#3283,.T.);
#2059=ORIENTED_EDGE('',*,*,#4330,.F.);
#2060=ORIENTED_EDGE('',*,*,#4331,.F.);
#2061=ORIENTED_EDGE('',*,*,#4332,.T.);
#2062=ORIENTED_EDGE('',*,*,#3282,.T.);
#2063=ORIENTED_EDGE('',*,*,#4333,.F.);
#2064=ORIENTED_EDGE('',*,*,#4334,.F.);
#2065=ORIENTED_EDGE('',*,*,#4330,.T.);
#2066=ORIENTED_EDGE('',*,*,#3285,.T.);
#2067=ORIENTED_EDGE('',*,*,#4335,.F.);
#2068=ORIENTED_EDGE('',*,*,#4336,.F.);
#2069=ORIENTED_EDGE('',*,*,#4333,.T.);
#2070=ORIENTED_EDGE('',*,*,#3284,.T.);
#2071=ORIENTED_EDGE('',*,*,#4332,.F.);
#2072=ORIENTED_EDGE('',*,*,#4337,.F.);
#2073=ORIENTED_EDGE('',*,*,#4335,.T.);
#2074=ORIENTED_EDGE('',*,*,#4331,.T.);
#2075=ORIENTED_EDGE('',*,*,#4334,.T.);
#2076=ORIENTED_EDGE('',*,*,#4336,.T.);
#2077=ORIENTED_EDGE('',*,*,#4337,.T.);
#2078=ORIENTED_EDGE('',*,*,#3287,.T.);
#2079=ORIENTED_EDGE('',*,*,#4338,.F.);
#2080=ORIENTED_EDGE('',*,*,#4339,.F.);
#2081=ORIENTED_EDGE('',*,*,#4340,.T.);
#2082=ORIENTED_EDGE('',*,*,#3286,.T.);
#2083=ORIENTED_EDGE('',*,*,#4341,.F.);
#2084=ORIENTED_EDGE('',*,*,#4342,.F.);
#2085=ORIENTED_EDGE('',*,*,#4338,.T.);
#2086=ORIENTED_EDGE('',*,*,#3289,.T.);
#2087=ORIENTED_EDGE('',*,*,#4343,.F.);
#2088=ORIENTED_EDGE('',*,*,#4344,.F.);
#2089=ORIENTED_EDGE('',*,*,#4341,.T.);
#2090=ORIENTED_EDGE('',*,*,#3288,.T.);
#2091=ORIENTED_EDGE('',*,*,#4340,.F.);
#2092=ORIENTED_EDGE('',*,*,#4345,.F.);
#2093=ORIENTED_EDGE('',*,*,#4343,.T.);
#2094=ORIENTED_EDGE('',*,*,#4339,.T.);
#2095=ORIENTED_EDGE('',*,*,#4342,.T.);
#2096=ORIENTED_EDGE('',*,*,#4344,.T.);
#2097=ORIENTED_EDGE('',*,*,#4345,.T.);
#2098=ORIENTED_EDGE('',*,*,#3291,.T.);
#2099=ORIENTED_EDGE('',*,*,#4346,.F.);
#2100=ORIENTED_EDGE('',*,*,#4347,.F.);
#2101=ORIENTED_EDGE('',*,*,#4348,.T.);
#2102=ORIENTED_EDGE('',*,*,#3290,.T.);
#2103=ORIENTED_EDGE('',*,*,#4349,.F.);
#2104=ORIENTED_EDGE('',*,*,#4350,.F.);
#2105=ORIENTED_EDGE('',*,*,#4346,.T.);
#2106=ORIENTED_EDGE('',*,*,#3293,.T.);
#2107=ORIENTED_EDGE('',*,*,#4351,.F.);
#2108=ORIENTED_EDGE('',*,*,#4352,.F.);
#2109=ORIENTED_EDGE('',*,*,#4349,.T.);
#2110=ORIENTED_EDGE('',*,*,#3292,.T.);
#2111=ORIENTED_EDGE('',*,*,#4348,.F.);
#2112=ORIENTED_EDGE('',*,*,#4353,.F.);
#2113=ORIENTED_EDGE('',*,*,#4351,.T.);
#2114=ORIENTED_EDGE('',*,*,#4347,.T.);
#2115=ORIENTED_EDGE('',*,*,#4350,.T.);
#2116=ORIENTED_EDGE('',*,*,#4352,.T.);
#2117=ORIENTED_EDGE('',*,*,#4353,.T.);
#2118=ORIENTED_EDGE('',*,*,#3295,.T.);
#2119=ORIENTED_EDGE('',*,*,#4354,.F.);
#2120=ORIENTED_EDGE('',*,*,#4355,.F.);
#2121=ORIENTED_EDGE('',*,*,#4356,.T.);
#2122=ORIENTED_EDGE('',*,*,#3294,.T.);
#2123=ORIENTED_EDGE('',*,*,#4357,.F.);
#2124=ORIENTED_EDGE('',*,*,#4358,.F.);
#2125=ORIENTED_EDGE('',*,*,#4354,.T.);
#2126=ORIENTED_EDGE('',*,*,#3297,.T.);
#2127=ORIENTED_EDGE('',*,*,#4359,.F.);
#2128=ORIENTED_EDGE('',*,*,#4360,.F.);
#2129=ORIENTED_EDGE('',*,*,#4357,.T.);
#2130=ORIENTED_EDGE('',*,*,#3296,.T.);
#2131=ORIENTED_EDGE('',*,*,#4356,.F.);
#2132=ORIENTED_EDGE('',*,*,#4361,.F.);
#2133=ORIENTED_EDGE('',*,*,#4359,.T.);
#2134=ORIENTED_EDGE('',*,*,#4355,.T.);
#2135=ORIENTED_EDGE('',*,*,#4358,.T.);
#2136=ORIENTED_EDGE('',*,*,#4360,.T.);
#2137=ORIENTED_EDGE('',*,*,#4361,.T.);
#2138=ORIENTED_EDGE('',*,*,#3299,.T.);
#2139=ORIENTED_EDGE('',*,*,#4362,.F.);
#2140=ORIENTED_EDGE('',*,*,#4363,.F.);
#2141=ORIENTED_EDGE('',*,*,#4364,.T.);
#2142=ORIENTED_EDGE('',*,*,#3298,.T.);
#2143=ORIENTED_EDGE('',*,*,#4365,.F.);
#2144=ORIENTED_EDGE('',*,*,#4366,.F.);
#2145=ORIENTED_EDGE('',*,*,#4362,.T.);
#2146=ORIENTED_EDGE('',*,*,#3301,.T.);
#2147=ORIENTED_EDGE('',*,*,#4367,.F.);
#2148=ORIENTED_EDGE('',*,*,#4368,.F.);
#2149=ORIENTED_EDGE('',*,*,#4365,.T.);
#2150=ORIENTED_EDGE('',*,*,#3300,.T.);
#2151=ORIENTED_EDGE('',*,*,#4364,.F.);
#2152=ORIENTED_EDGE('',*,*,#4369,.F.);
#2153=ORIENTED_EDGE('',*,*,#4367,.T.);
#2154=ORIENTED_EDGE('',*,*,#4363,.T.);
#2155=ORIENTED_EDGE('',*,*,#4366,.T.);
#2156=ORIENTED_EDGE('',*,*,#4368,.T.);
#2157=ORIENTED_EDGE('',*,*,#4369,.T.);
#2158=ORIENTED_EDGE('',*,*,#3303,.T.);
#2159=ORIENTED_EDGE('',*,*,#4370,.F.);
#2160=ORIENTED_EDGE('',*,*,#4371,.F.);
#2161=ORIENTED_EDGE('',*,*,#4372,.T.);
#2162=ORIENTED_EDGE('',*,*,#3302,.T.);
#2163=ORIENTED_EDGE('',*,*,#4373,.F.);
#2164=ORIENTED_EDGE('',*,*,#4374,.F.);
#2165=ORIENTED_EDGE('',*,*,#4370,.T.);
#2166=ORIENTED_EDGE('',*,*,#3305,.T.);
#2167=ORIENTED_EDGE('',*,*,#4375,.F.);
#2168=ORIENTED_EDGE('',*,*,#4376,.F.);
#2169=ORIENTED_EDGE('',*,*,#4373,.T.);
#2170=ORIENTED_EDGE('',*,*,#3304,.T.);
#2171=ORIENTED_EDGE('',*,*,#4372,.F.);
#2172=ORIENTED_EDGE('',*,*,#4377,.F.);
#2173=ORIENTED_EDGE('',*,*,#4375,.T.);
#2174=ORIENTED_EDGE('',*,*,#4371,.T.);
#2175=ORIENTED_EDGE('',*,*,#4374,.T.);
#2176=ORIENTED_EDGE('',*,*,#4376,.T.);
#2177=ORIENTED_EDGE('',*,*,#4377,.T.);
#2178=ORIENTED_EDGE('',*,*,#3307,.T.);
#2179=ORIENTED_EDGE('',*,*,#4378,.F.);
#2180=ORIENTED_EDGE('',*,*,#4379,.F.);
#2181=ORIENTED_EDGE('',*,*,#4380,.T.);
#2182=ORIENTED_EDGE('',*,*,#3306,.T.);
#2183=ORIENTED_EDGE('',*,*,#4381,.F.);
#2184=ORIENTED_EDGE('',*,*,#4382,.F.);
#2185=ORIENTED_EDGE('',*,*,#4378,.T.);
#2186=ORIENTED_EDGE('',*,*,#3309,.T.);
#2187=ORIENTED_EDGE('',*,*,#4383,.F.);
#2188=ORIENTED_EDGE('',*,*,#4384,.F.);
#2189=ORIENTED_EDGE('',*,*,#4381,.T.);
#2190=ORIENTED_EDGE('',*,*,#3308,.T.);
#2191=ORIENTED_EDGE('',*,*,#4380,.F.);
#2192=ORIENTED_EDGE('',*,*,#4385,.F.);
#2193=ORIENTED_EDGE('',*,*,#4383,.T.);
#2194=ORIENTED_EDGE('',*,*,#4379,.T.);
#2195=ORIENTED_EDGE('',*,*,#4382,.T.);
#2196=ORIENTED_EDGE('',*,*,#4384,.T.);
#2197=ORIENTED_EDGE('',*,*,#4385,.T.);
#2198=ORIENTED_EDGE('',*,*,#3311,.T.);
#2199=ORIENTED_EDGE('',*,*,#4386,.F.);
#2200=ORIENTED_EDGE('',*,*,#4387,.F.);
#2201=ORIENTED_EDGE('',*,*,#4388,.T.);
#2202=ORIENTED_EDGE('',*,*,#3310,.T.);
#2203=ORIENTED_EDGE('',*,*,#4389,.F.);
#2204=ORIENTED_EDGE('',*,*,#4390,.F.);
#2205=ORIENTED_EDGE('',*,*,#4386,.T.);
#2206=ORIENTED_EDGE('',*,*,#3313,.T.);
#2207=ORIENTED_EDGE('',*,*,#4391,.F.);
#2208=ORIENTED_EDGE('',*,*,#4392,.F.);
#2209=ORIENTED_EDGE('',*,*,#4389,.T.);
#2210=ORIENTED_EDGE('',*,*,#3312,.T.);
#2211=ORIENTED_EDGE('',*,*,#4388,.F.);
#2212=ORIENTED_EDGE('',*,*,#4393,.F.);
#2213=ORIENTED_EDGE('',*,*,#4391,.T.);
#2214=ORIENTED_EDGE('',*,*,#4387,.T.);
#2215=ORIENTED_EDGE('',*,*,#4390,.T.);
#2216=ORIENTED_EDGE('',*,*,#4392,.T.);
#2217=ORIENTED_EDGE('',*,*,#4393,.T.);
#2218=ORIENTED_EDGE('',*,*,#3315,.T.);
#2219=ORIENTED_EDGE('',*,*,#4394,.F.);
#2220=ORIENTED_EDGE('',*,*,#4395,.F.);
#2221=ORIENTED_EDGE('',*,*,#4396,.T.);
#2222=ORIENTED_EDGE('',*,*,#3314,.T.);
#2223=ORIENTED_EDGE('',*,*,#4397,.F.);
#2224=ORIENTED_EDGE('',*,*,#4398,.F.);
#2225=ORIENTED_EDGE('',*,*,#4394,.T.);
#2226=ORIENTED_EDGE('',*,*,#3317,.T.);
#2227=ORIENTED_EDGE('',*,*,#4399,.F.);
#2228=ORIENTED_EDGE('',*,*,#4400,.F.);
#2229=ORIENTED_EDGE('',*,*,#4397,.T.);
#2230=ORIENTED_EDGE('',*,*,#3316,.T.);
#2231=ORIENTED_EDGE('',*,*,#4396,.F.);
#2232=ORIENTED_EDGE('',*,*,#4401,.F.);
#2233=ORIENTED_EDGE('',*,*,#4399,.T.);
#2234=ORIENTED_EDGE('',*,*,#4395,.T.);
#2235=ORIENTED_EDGE('',*,*,#4398,.T.);
#2236=ORIENTED_EDGE('',*,*,#4400,.T.);
#2237=ORIENTED_EDGE('',*,*,#4401,.T.);
#2238=ORIENTED_EDGE('',*,*,#3319,.T.);
#2239=ORIENTED_EDGE('',*,*,#4402,.F.);
#2240=ORIENTED_EDGE('',*,*,#4403,.F.);
#2241=ORIENTED_EDGE('',*,*,#4404,.T.);
#2242=ORIENTED_EDGE('',*,*,#3318,.T.);
#2243=ORIENTED_EDGE('',*,*,#4405,.F.);
#2244=ORIENTED_EDGE('',*,*,#4406,.F.);
#2245=ORIENTED_EDGE('',*,*,#4402,.T.);
#2246=ORIENTED_EDGE('',*,*,#3321,.T.);
#2247=ORIENTED_EDGE('',*,*,#4407,.F.);
#2248=ORIENTED_EDGE('',*,*,#4408,.F.);
#2249=ORIENTED_EDGE('',*,*,#4405,.T.);
#2250=ORIENTED_EDGE('',*,*,#3320,.T.);
#2251=ORIENTED_EDGE('',*,*,#4404,.F.);
#2252=ORIENTED_EDGE('',*,*,#4409,.F.);
#2253=ORIENTED_EDGE('',*,*,#4407,.T.);
#2254=ORIENTED_EDGE('',*,*,#4403,.T.);
#2255=ORIENTED_EDGE('',*,*,#4406,.T.);
#2256=ORIENTED_EDGE('',*,*,#4408,.T.);
#2257=ORIENTED_EDGE('',*,*,#4409,.T.);
#2258=ORIENTED_EDGE('',*,*,#3323,.T.);
#2259=ORIENTED_EDGE('',*,*,#4410,.F.);
#2260=ORIENTED_EDGE('',*,*,#4411,.F.);
#2261=ORIENTED_EDGE('',*,*,#4412,.T.);
#2262=ORIENTED_EDGE('',*,*,#3322,.T.);
#2263=ORIENTED_EDGE('',*,*,#4413,.F.);
#2264=ORIENTED_EDGE('',*,*,#4414,.F.);
#2265=ORIENTED_EDGE('',*,*,#4410,.T.);
#2266=ORIENTED_EDGE('',*,*,#3325,.T.);
#2267=ORIENTED_EDGE('',*,*,#4415,.F.);
#2268=ORIENTED_EDGE('',*,*,#4416,.F.);
#2269=ORIENTED_EDGE('',*,*,#4413,.T.);
#2270=ORIENTED_EDGE('',*,*,#3324,.T.);
#2271=ORIENTED_EDGE('',*,*,#4412,.F.);
#2272=ORIENTED_EDGE('',*,*,#4417,.F.);
#2273=ORIENTED_EDGE('',*,*,#4415,.T.);
#2274=ORIENTED_EDGE('',*,*,#4411,.T.);
#2275=ORIENTED_EDGE('',*,*,#4414,.T.);
#2276=ORIENTED_EDGE('',*,*,#4416,.T.);
#2277=ORIENTED_EDGE('',*,*,#4417,.T.);
#2278=ORIENTED_EDGE('',*,*,#3327,.T.);
#2279=ORIENTED_EDGE('',*,*,#4418,.F.);
#2280=ORIENTED_EDGE('',*,*,#4419,.F.);
#2281=ORIENTED_EDGE('',*,*,#4420,.T.);
#2282=ORIENTED_EDGE('',*,*,#3326,.T.);
#2283=ORIENTED_EDGE('',*,*,#4421,.F.);
#2284=ORIENTED_EDGE('',*,*,#4422,.F.);
#2285=ORIENTED_EDGE('',*,*,#4418,.T.);
#2286=ORIENTED_EDGE('',*,*,#3329,.T.);
#2287=ORIENTED_EDGE('',*,*,#4423,.F.);
#2288=ORIENTED_EDGE('',*,*,#4424,.F.);
#2289=ORIENTED_EDGE('',*,*,#4421,.T.);
#2290=ORIENTED_EDGE('',*,*,#3328,.T.);
#2291=ORIENTED_EDGE('',*,*,#4420,.F.);
#2292=ORIENTED_EDGE('',*,*,#4425,.F.);
#2293=ORIENTED_EDGE('',*,*,#4423,.T.);
#2294=ORIENTED_EDGE('',*,*,#4419,.T.);
#2295=ORIENTED_EDGE('',*,*,#4422,.T.);
#2296=ORIENTED_EDGE('',*,*,#4424,.T.);
#2297=ORIENTED_EDGE('',*,*,#4425,.T.);
#2298=ORIENTED_EDGE('',*,*,#3331,.T.);
#2299=ORIENTED_EDGE('',*,*,#4426,.F.);
#2300=ORIENTED_EDGE('',*,*,#4427,.F.);
#2301=ORIENTED_EDGE('',*,*,#4428,.T.);
#2302=ORIENTED_EDGE('',*,*,#3330,.T.);
#2303=ORIENTED_EDGE('',*,*,#4429,.F.);
#2304=ORIENTED_EDGE('',*,*,#4430,.F.);
#2305=ORIENTED_EDGE('',*,*,#4426,.T.);
#2306=ORIENTED_EDGE('',*,*,#3333,.T.);
#2307=ORIENTED_EDGE('',*,*,#4431,.F.);
#2308=ORIENTED_EDGE('',*,*,#4432,.F.);
#2309=ORIENTED_EDGE('',*,*,#4429,.T.);
#2310=ORIENTED_EDGE('',*,*,#3332,.T.);
#2311=ORIENTED_EDGE('',*,*,#4428,.F.);
#2312=ORIENTED_EDGE('',*,*,#4433,.F.);
#2313=ORIENTED_EDGE('',*,*,#4431,.T.);
#2314=ORIENTED_EDGE('',*,*,#4427,.T.);
#2315=ORIENTED_EDGE('',*,*,#4430,.T.);
#2316=ORIENTED_EDGE('',*,*,#4432,.T.);
#2317=ORIENTED_EDGE('',*,*,#4433,.T.);
#2318=ORIENTED_EDGE('',*,*,#3335,.T.);
#2319=ORIENTED_EDGE('',*,*,#4434,.F.);
#2320=ORIENTED_EDGE('',*,*,#4435,.F.);
#2321=ORIENTED_EDGE('',*,*,#4436,.T.);
#2322=ORIENTED_EDGE('',*,*,#3334,.T.);
#2323=ORIENTED_EDGE('',*,*,#4437,.F.);
#2324=ORIENTED_EDGE('',*,*,#4438,.F.);
#2325=ORIENTED_EDGE('',*,*,#4434,.T.);
#2326=ORIENTED_EDGE('',*,*,#3337,.T.);
#2327=ORIENTED_EDGE('',*,*,#4439,.F.);
#2328=ORIENTED_EDGE('',*,*,#4440,.F.);
#2329=ORIENTED_EDGE('',*,*,#4437,.T.);
#2330=ORIENTED_EDGE('',*,*,#3336,.T.);
#2331=ORIENTED_EDGE('',*,*,#4436,.F.);
#2332=ORIENTED_EDGE('',*,*,#4441,.F.);
#2333=ORIENTED_EDGE('',*,*,#4439,.T.);
#2334=ORIENTED_EDGE('',*,*,#4435,.T.);
#2335=ORIENTED_EDGE('',*,*,#4438,.T.);
#2336=ORIENTED_EDGE('',*,*,#4440,.T.);
#2337=ORIENTED_EDGE('',*,*,#4441,.T.);
#2338=ORIENTED_EDGE('',*,*,#3339,.T.);
#2339=ORIENTED_EDGE('',*,*,#4442,.F.);
#2340=ORIENTED_EDGE('',*,*,#4443,.F.);
#2341=ORIENTED_EDGE('',*,*,#4444,.T.);
#2342=ORIENTED_EDGE('',*,*,#3338,.T.);
#2343=ORIENTED_EDGE('',*,*,#4445,.F.);
#2344=ORIENTED_EDGE('',*,*,#4446,.F.);
#2345=ORIENTED_EDGE('',*,*,#4442,.T.);
#2346=ORIENTED_EDGE('',*,*,#3341,.T.);
#2347=ORIENTED_EDGE('',*,*,#4447,.F.);
#2348=ORIENTED_EDGE('',*,*,#4448,.F.);
#2349=ORIENTED_EDGE('',*,*,#4445,.T.);
#2350=ORIENTED_EDGE('',*,*,#3340,.T.);
#2351=ORIENTED_EDGE('',*,*,#4444,.F.);
#2352=ORIENTED_EDGE('',*,*,#4449,.F.);
#2353=ORIENTED_EDGE('',*,*,#4447,.T.);
#2354=ORIENTED_EDGE('',*,*,#4443,.T.);
#2355=ORIENTED_EDGE('',*,*,#4446,.T.);
#2356=ORIENTED_EDGE('',*,*,#4448,.T.);
#2357=ORIENTED_EDGE('',*,*,#4449,.T.);
#2358=ORIENTED_EDGE('',*,*,#3343,.T.);
#2359=ORIENTED_EDGE('',*,*,#4450,.F.);
#2360=ORIENTED_EDGE('',*,*,#4451,.F.);
#2361=ORIENTED_EDGE('',*,*,#4452,.T.);
#2362=ORIENTED_EDGE('',*,*,#3342,.T.);
#2363=ORIENTED_EDGE('',*,*,#4453,.F.);
#2364=ORIENTED_EDGE('',*,*,#4454,.F.);
#2365=ORIENTED_EDGE('',*,*,#4450,.T.);
#2366=ORIENTED_EDGE('',*,*,#3345,.T.);
#2367=ORIENTED_EDGE('',*,*,#4455,.F.);
#2368=ORIENTED_EDGE('',*,*,#4456,.F.);
#2369=ORIENTED_EDGE('',*,*,#4453,.T.);
#2370=ORIENTED_EDGE('',*,*,#3344,.T.);
#2371=ORIENTED_EDGE('',*,*,#4452,.F.);
#2372=ORIENTED_EDGE('',*,*,#4457,.F.);
#2373=ORIENTED_EDGE('',*,*,#4455,.T.);
#2374=ORIENTED_EDGE('',*,*,#4451,.T.);
#2375=ORIENTED_EDGE('',*,*,#4454,.T.);
#2376=ORIENTED_EDGE('',*,*,#4456,.T.);
#2377=ORIENTED_EDGE('',*,*,#4457,.T.);
#2378=ORIENTED_EDGE('',*,*,#3347,.T.);
#2379=ORIENTED_EDGE('',*,*,#4458,.F.);
#2380=ORIENTED_EDGE('',*,*,#4459,.F.);
#2381=ORIENTED_EDGE('',*,*,#4460,.T.);
#2382=ORIENTED_EDGE('',*,*,#3346,.T.);
#2383=ORIENTED_EDGE('',*,*,#4461,.F.);
#2384=ORIENTED_EDGE('',*,*,#4462,.F.);
#2385=ORIENTED_EDGE('',*,*,#4458,.T.);
#2386=ORIENTED_EDGE('',*,*,#3349,.T.);
#2387=ORIENTED_EDGE('',*,*,#4463,.F.);
#2388=ORIENTED_EDGE('',*,*,#4464,.F.);
#2389=ORIENTED_EDGE('',*,*,#4461,.T.);
#2390=ORIENTED_EDGE('',*,*,#3348,.T.);
#2391=ORIENTED_EDGE('',*,*,#4460,.F.);
#2392=ORIENTED_EDGE('',*,*,#4465,.F.);
#2393=ORIENTED_EDGE('',*,*,#4463,.T.);
#2394=ORIENTED_EDGE('',*,*,#4459,.T.);
#2395=ORIENTED_EDGE('',*,*,#4462,.T.);
#2396=ORIENTED_EDGE('',*,*,#4464,.T.);
#2397=ORIENTED_EDGE('',*,*,#4465,.T.);
#2398=ORIENTED_EDGE('',*,*,#3351,.T.);
#2399=ORIENTED_EDGE('',*,*,#4466,.F.);
#2400=ORIENTED_EDGE('',*,*,#4467,.F.);
#2401=ORIENTED_EDGE('',*,*,#4468,.T.);
#2402=ORIENTED_EDGE('',*,*,#3350,.T.);
#2403=ORIENTED_EDGE('',*,*,#4469,.F.);
#2404=ORIENTED_EDGE('',*,*,#4470,.F.);
#2405=ORIENTED_EDGE('',*,*,#4466,.T.);
#2406=ORIENTED_EDGE('',*,*,#3353,.T.);
#2407=ORIENTED_EDGE('',*,*,#4471,.F.);
#2408=ORIENTED_EDGE('',*,*,#4472,.F.);
#2409=ORIENTED_EDGE('',*,*,#4469,.T.);
#2410=ORIENTED_EDGE('',*,*,#3352,.T.);
#2411=ORIENTED_EDGE('',*,*,#4468,.F.);
#2412=ORIENTED_EDGE('',*,*,#4473,.F.);
#2413=ORIENTED_EDGE('',*,*,#4471,.T.);
#2414=ORIENTED_EDGE('',*,*,#4467,.T.);
#2415=ORIENTED_EDGE('',*,*,#4470,.T.);
#2416=ORIENTED_EDGE('',*,*,#4472,.T.);
#2417=ORIENTED_EDGE('',*,*,#4473,.T.);
#2418=ORIENTED_EDGE('',*,*,#3355,.T.);
#2419=ORIENTED_EDGE('',*,*,#4474,.F.);
#2420=ORIENTED_EDGE('',*,*,#4475,.F.);
#2421=ORIENTED_EDGE('',*,*,#4476,.T.);
#2422=ORIENTED_EDGE('',*,*,#3354,.T.);
#2423=ORIENTED_EDGE('',*,*,#4477,.F.);
#2424=ORIENTED_EDGE('',*,*,#4478,.F.);
#2425=ORIENTED_EDGE('',*,*,#4474,.T.);
#2426=ORIENTED_EDGE('',*,*,#3357,.T.);
#2427=ORIENTED_EDGE('',*,*,#4479,.F.);
#2428=ORIENTED_EDGE('',*,*,#4480,.F.);
#2429=ORIENTED_EDGE('',*,*,#4477,.T.);
#2430=ORIENTED_EDGE('',*,*,#3356,.T.);
#2431=ORIENTED_EDGE('',*,*,#4476,.F.);
#2432=ORIENTED_EDGE('',*,*,#4481,.F.);
#2433=ORIENTED_EDGE('',*,*,#4479,.T.);
#2434=ORIENTED_EDGE('',*,*,#4475,.T.);
#2435=ORIENTED_EDGE('',*,*,#4478,.T.);
#2436=ORIENTED_EDGE('',*,*,#4480,.T.);
#2437=ORIENTED_EDGE('',*,*,#4481,.T.);
#2438=ORIENTED_EDGE('',*,*,#3359,.T.);
#2439=ORIENTED_EDGE('',*,*,#4482,.F.);
#2440=ORIENTED_EDGE('',*,*,#4483,.F.);
#2441=ORIENTED_EDGE('',*,*,#4484,.T.);
#2442=ORIENTED_EDGE('',*,*,#3358,.T.);
#2443=ORIENTED_EDGE('',*,*,#4485,.F.);
#2444=ORIENTED_EDGE('',*,*,#4486,.F.);
#2445=ORIENTED_EDGE('',*,*,#4482,.T.);
#2446=ORIENTED_EDGE('',*,*,#3361,.T.);
#2447=ORIENTED_EDGE('',*,*,#4487,.F.);
#2448=ORIENTED_EDGE('',*,*,#4488,.F.);
#2449=ORIENTED_EDGE('',*,*,#4485,.T.);
#2450=ORIENTED_EDGE('',*,*,#3360,.T.);
#2451=ORIENTED_EDGE('',*,*,#4484,.F.);
#2452=ORIENTED_EDGE('',*,*,#4489,.F.);
#2453=ORIENTED_EDGE('',*,*,#4487,.T.);
#2454=ORIENTED_EDGE('',*,*,#4483,.T.);
#2455=ORIENTED_EDGE('',*,*,#4486,.T.);
#2456=ORIENTED_EDGE('',*,*,#4488,.T.);
#2457=ORIENTED_EDGE('',*,*,#4489,.T.);
#2458=ORIENTED_EDGE('',*,*,#3363,.T.);
#2459=ORIENTED_EDGE('',*,*,#4490,.F.);
#2460=ORIENTED_EDGE('',*,*,#4491,.F.);
#2461=ORIENTED_EDGE('',*,*,#4492,.T.);
#2462=ORIENTED_EDGE('',*,*,#3362,.T.);
#2463=ORIENTED_EDGE('',*,*,#4493,.F.);
#2464=ORIENTED_EDGE('',*,*,#4494,.F.);
#2465=ORIENTED_EDGE('',*,*,#4490,.T.);
#2466=ORIENTED_EDGE('',*,*,#3365,.T.);
#2467=ORIENTED_EDGE('',*,*,#4495,.F.);
#2468=ORIENTED_EDGE('',*,*,#4496,.F.);
#2469=ORIENTED_EDGE('',*,*,#4493,.T.);
#2470=ORIENTED_EDGE('',*,*,#3364,.T.);
#2471=ORIENTED_EDGE('',*,*,#4492,.F.);
#2472=ORIENTED_EDGE('',*,*,#4497,.F.);
#2473=ORIENTED_EDGE('',*,*,#4495,.T.);
#2474=ORIENTED_EDGE('',*,*,#4491,.T.);
#2475=ORIENTED_EDGE('',*,*,#4494,.T.);
#2476=ORIENTED_EDGE('',*,*,#4496,.T.);
#2477=ORIENTED_EDGE('',*,*,#4497,.T.);
#2478=ORIENTED_EDGE('',*,*,#3367,.T.);
#2479=ORIENTED_EDGE('',*,*,#4498,.F.);
#2480=ORIENTED_EDGE('',*,*,#4499,.F.);
#2481=ORIENTED_EDGE('',*,*,#4500,.T.);
#2482=ORIENTED_EDGE('',*,*,#3366,.T.);
#2483=ORIENTED_EDGE('',*,*,#4501,.F.);
#2484=ORIENTED_EDGE('',*,*,#4502,.F.);
#2485=ORIENTED_EDGE('',*,*,#4498,.T.);
#2486=ORIENTED_EDGE('',*,*,#3369,.T.);
#2487=ORIENTED_EDGE('',*,*,#4503,.F.);
#2488=ORIENTED_EDGE('',*,*,#4504,.F.);
#2489=ORIENTED_EDGE('',*,*,#4501,.T.);
#2490=ORIENTED_EDGE('',*,*,#3368,.T.);
#2491=ORIENTED_EDGE('',*,*,#4500,.F.);
#2492=ORIENTED_EDGE('',*,*,#4505,.F.);
#2493=ORIENTED_EDGE('',*,*,#4503,.T.);
#2494=ORIENTED_EDGE('',*,*,#4499,.T.);
#2495=ORIENTED_EDGE('',*,*,#4502,.T.);
#2496=ORIENTED_EDGE('',*,*,#4504,.T.);
#2497=ORIENTED_EDGE('',*,*,#4505,.T.);
#2498=ORIENTED_EDGE('',*,*,#3371,.T.);
#2499=ORIENTED_EDGE('',*,*,#4506,.F.);
#2500=ORIENTED_EDGE('',*,*,#4507,.F.);
#2501=ORIENTED_EDGE('',*,*,#4508,.T.);
#2502=ORIENTED_EDGE('',*,*,#3370,.T.);
#2503=ORIENTED_EDGE('',*,*,#4509,.F.);
#2504=ORIENTED_EDGE('',*,*,#4510,.F.);
#2505=ORIENTED_EDGE('',*,*,#4506,.T.);
#2506=ORIENTED_EDGE('',*,*,#3373,.T.);
#2507=ORIENTED_EDGE('',*,*,#4511,.F.);
#2508=ORIENTED_EDGE('',*,*,#4512,.F.);
#2509=ORIENTED_EDGE('',*,*,#4509,.T.);
#2510=ORIENTED_EDGE('',*,*,#3372,.T.);
#2511=ORIENTED_EDGE('',*,*,#4508,.F.);
#2512=ORIENTED_EDGE('',*,*,#4513,.F.);
#2513=ORIENTED_EDGE('',*,*,#4511,.T.);
#2514=ORIENTED_EDGE('',*,*,#4507,.T.);
#2515=ORIENTED_EDGE('',*,*,#4510,.T.);
#2516=ORIENTED_EDGE('',*,*,#4512,.T.);
#2517=ORIENTED_EDGE('',*,*,#4513,.T.);
#2518=ORIENTED_EDGE('',*,*,#3375,.T.);
#2519=ORIENTED_EDGE('',*,*,#4514,.F.);
#2520=ORIENTED_EDGE('',*,*,#4515,.F.);
#2521=ORIENTED_EDGE('',*,*,#4516,.T.);
#2522=ORIENTED_EDGE('',*,*,#3374,.T.);
#2523=ORIENTED_EDGE('',*,*,#4517,.F.);
#2524=ORIENTED_EDGE('',*,*,#4518,.F.);
#2525=ORIENTED_EDGE('',*,*,#4514,.T.);
#2526=ORIENTED_EDGE('',*,*,#3377,.T.);
#2527=ORIENTED_EDGE('',*,*,#4519,.F.);
#2528=ORIENTED_EDGE('',*,*,#4520,.F.);
#2529=ORIENTED_EDGE('',*,*,#4517,.T.);
#2530=ORIENTED_EDGE('',*,*,#3376,.T.);
#2531=ORIENTED_EDGE('',*,*,#4516,.F.);
#2532=ORIENTED_EDGE('',*,*,#4521,.F.);
#2533=ORIENTED_EDGE('',*,*,#4519,.T.);
#2534=ORIENTED_EDGE('',*,*,#4515,.T.);
#2535=ORIENTED_EDGE('',*,*,#4518,.T.);
#2536=ORIENTED_EDGE('',*,*,#4520,.T.);
#2537=ORIENTED_EDGE('',*,*,#4521,.T.);
#2538=ORIENTED_EDGE('',*,*,#3379,.T.);
#2539=ORIENTED_EDGE('',*,*,#4522,.F.);
#2540=ORIENTED_EDGE('',*,*,#4523,.F.);
#2541=ORIENTED_EDGE('',*,*,#4524,.T.);
#2542=ORIENTED_EDGE('',*,*,#3378,.T.);
#2543=ORIENTED_EDGE('',*,*,#4525,.F.);
#2544=ORIENTED_EDGE('',*,*,#4526,.F.);
#2545=ORIENTED_EDGE('',*,*,#4522,.T.);
#2546=ORIENTED_EDGE('',*,*,#3381,.T.);
#2547=ORIENTED_EDGE('',*,*,#4527,.F.);
#2548=ORIENTED_EDGE('',*,*,#4528,.F.);
#2549=ORIENTED_EDGE('',*,*,#4525,.T.);
#2550=ORIENTED_EDGE('',*,*,#3380,.T.);
#2551=ORIENTED_EDGE('',*,*,#4524,.F.);
#2552=ORIENTED_EDGE('',*,*,#4529,.F.);
#2553=ORIENTED_EDGE('',*,*,#4527,.T.);
#2554=ORIENTED_EDGE('',*,*,#4523,.T.);
#2555=ORIENTED_EDGE('',*,*,#4526,.T.);
#2556=ORIENTED_EDGE('',*,*,#4528,.T.);
#2557=ORIENTED_EDGE('',*,*,#4529,.T.);
#2558=ORIENTED_EDGE('',*,*,#4254,.F.);
#2559=ORIENTED_EDGE('',*,*,#4530,.F.);
#2560=ORIENTED_EDGE('',*,*,#4531,.T.);
#2561=ORIENTED_EDGE('',*,*,#4532,.T.);
#2562=ORIENTED_EDGE('',*,*,#4257,.F.);
#2563=ORIENTED_EDGE('',*,*,#4533,.F.);
#2564=ORIENTED_EDGE('',*,*,#4534,.T.);
#2565=ORIENTED_EDGE('',*,*,#4530,.T.);
#2566=ORIENTED_EDGE('',*,*,#4256,.F.);
#2567=ORIENTED_EDGE('',*,*,#4535,.F.);
#2568=ORIENTED_EDGE('',*,*,#4536,.T.);
#2569=ORIENTED_EDGE('',*,*,#4533,.T.);
#2570=ORIENTED_EDGE('',*,*,#4255,.F.);
#2571=ORIENTED_EDGE('',*,*,#4532,.F.);
#2572=ORIENTED_EDGE('',*,*,#4537,.T.);
#2573=ORIENTED_EDGE('',*,*,#4535,.T.);
#2574=ORIENTED_EDGE('',*,*,#4531,.F.);
#2575=ORIENTED_EDGE('',*,*,#4534,.F.);
#2576=ORIENTED_EDGE('',*,*,#4536,.F.);
#2577=ORIENTED_EDGE('',*,*,#4537,.F.);
#2578=ORIENTED_EDGE('',*,*,#4250,.F.);
#2579=ORIENTED_EDGE('',*,*,#4538,.F.);
#2580=ORIENTED_EDGE('',*,*,#4539,.T.);
#2581=ORIENTED_EDGE('',*,*,#4540,.T.);
#2582=ORIENTED_EDGE('',*,*,#4253,.F.);
#2583=ORIENTED_EDGE('',*,*,#4541,.F.);
#2584=ORIENTED_EDGE('',*,*,#4542,.T.);
#2585=ORIENTED_EDGE('',*,*,#4538,.T.);
#2586=ORIENTED_EDGE('',*,*,#4252,.F.);
#2587=ORIENTED_EDGE('',*,*,#4543,.F.);
#2588=ORIENTED_EDGE('',*,*,#4544,.T.);
#2589=ORIENTED_EDGE('',*,*,#4541,.T.);
#2590=ORIENTED_EDGE('',*,*,#4251,.F.);
#2591=ORIENTED_EDGE('',*,*,#4540,.F.);
#2592=ORIENTED_EDGE('',*,*,#4545,.T.);
#2593=ORIENTED_EDGE('',*,*,#4543,.T.);
#2594=ORIENTED_EDGE('',*,*,#4539,.F.);
#2595=ORIENTED_EDGE('',*,*,#4542,.F.);
#2596=ORIENTED_EDGE('',*,*,#4544,.F.);
#2597=ORIENTED_EDGE('',*,*,#4545,.F.);
#2598=ORIENTED_EDGE('',*,*,#4246,.F.);
#2599=ORIENTED_EDGE('',*,*,#4546,.F.);
#2600=ORIENTED_EDGE('',*,*,#4547,.T.);
#2601=ORIENTED_EDGE('',*,*,#4548,.T.);
#2602=ORIENTED_EDGE('',*,*,#4249,.F.);
#2603=ORIENTED_EDGE('',*,*,#4549,.F.);
#2604=ORIENTED_EDGE('',*,*,#4550,.T.);
#2605=ORIENTED_EDGE('',*,*,#4546,.T.);
#2606=ORIENTED_EDGE('',*,*,#4248,.F.);
#2607=ORIENTED_EDGE('',*,*,#4551,.F.);
#2608=ORIENTED_EDGE('',*,*,#4552,.T.);
#2609=ORIENTED_EDGE('',*,*,#4549,.T.);
#2610=ORIENTED_EDGE('',*,*,#4247,.F.);
#2611=ORIENTED_EDGE('',*,*,#4548,.F.);
#2612=ORIENTED_EDGE('',*,*,#4553,.T.);
#2613=ORIENTED_EDGE('',*,*,#4551,.T.);
#2614=ORIENTED_EDGE('',*,*,#4547,.F.);
#2615=ORIENTED_EDGE('',*,*,#4550,.F.);
#2616=ORIENTED_EDGE('',*,*,#4552,.F.);
#2617=ORIENTED_EDGE('',*,*,#4553,.F.);
#2618=ORIENTED_EDGE('',*,*,#4242,.F.);
#2619=ORIENTED_EDGE('',*,*,#4554,.F.);
#2620=ORIENTED_EDGE('',*,*,#4555,.T.);
#2621=ORIENTED_EDGE('',*,*,#4556,.T.);
#2622=ORIENTED_EDGE('',*,*,#4245,.F.);
#2623=ORIENTED_EDGE('',*,*,#4557,.F.);
#2624=ORIENTED_EDGE('',*,*,#4558,.T.);
#2625=ORIENTED_EDGE('',*,*,#4554,.T.);
#2626=ORIENTED_EDGE('',*,*,#4244,.F.);
#2627=ORIENTED_EDGE('',*,*,#4559,.F.);
#2628=ORIENTED_EDGE('',*,*,#4560,.T.);
#2629=ORIENTED_EDGE('',*,*,#4557,.T.);
#2630=ORIENTED_EDGE('',*,*,#4243,.F.);
#2631=ORIENTED_EDGE('',*,*,#4556,.F.);
#2632=ORIENTED_EDGE('',*,*,#4561,.T.);
#2633=ORIENTED_EDGE('',*,*,#4559,.T.);
#2634=ORIENTED_EDGE('',*,*,#4555,.F.);
#2635=ORIENTED_EDGE('',*,*,#4558,.F.);
#2636=ORIENTED_EDGE('',*,*,#4560,.F.);
#2637=ORIENTED_EDGE('',*,*,#4561,.F.);
#2638=ORIENTED_EDGE('',*,*,#4238,.F.);
#2639=ORIENTED_EDGE('',*,*,#4562,.F.);
#2640=ORIENTED_EDGE('',*,*,#4563,.T.);
#2641=ORIENTED_EDGE('',*,*,#4564,.T.);
#2642=ORIENTED_EDGE('',*,*,#4241,.F.);
#2643=ORIENTED_EDGE('',*,*,#4565,.F.);
#2644=ORIENTED_EDGE('',*,*,#4566,.T.);
#2645=ORIENTED_EDGE('',*,*,#4562,.T.);
#2646=ORIENTED_EDGE('',*,*,#4240,.F.);
#2647=ORIENTED_EDGE('',*,*,#4567,.F.);
#2648=ORIENTED_EDGE('',*,*,#4568,.T.);
#2649=ORIENTED_EDGE('',*,*,#4565,.T.);
#2650=ORIENTED_EDGE('',*,*,#4239,.F.);
#2651=ORIENTED_EDGE('',*,*,#4564,.F.);
#2652=ORIENTED_EDGE('',*,*,#4569,.T.);
#2653=ORIENTED_EDGE('',*,*,#4567,.T.);
#2654=ORIENTED_EDGE('',*,*,#4563,.F.);
#2655=ORIENTED_EDGE('',*,*,#4566,.F.);
#2656=ORIENTED_EDGE('',*,*,#4568,.F.);
#2657=ORIENTED_EDGE('',*,*,#4569,.F.);
#2658=ORIENTED_EDGE('',*,*,#4234,.F.);
#2659=ORIENTED_EDGE('',*,*,#4570,.F.);
#2660=ORIENTED_EDGE('',*,*,#4571,.T.);
#2661=ORIENTED_EDGE('',*,*,#4572,.T.);
#2662=ORIENTED_EDGE('',*,*,#4237,.F.);
#2663=ORIENTED_EDGE('',*,*,#4573,.F.);
#2664=ORIENTED_EDGE('',*,*,#4574,.T.);
#2665=ORIENTED_EDGE('',*,*,#4570,.T.);
#2666=ORIENTED_EDGE('',*,*,#4236,.F.);
#2667=ORIENTED_EDGE('',*,*,#4575,.F.);
#2668=ORIENTED_EDGE('',*,*,#4576,.T.);
#2669=ORIENTED_EDGE('',*,*,#4573,.T.);
#2670=ORIENTED_EDGE('',*,*,#4235,.F.);
#2671=ORIENTED_EDGE('',*,*,#4572,.F.);
#2672=ORIENTED_EDGE('',*,*,#4577,.T.);
#2673=ORIENTED_EDGE('',*,*,#4575,.T.);
#2674=ORIENTED_EDGE('',*,*,#4571,.F.);
#2675=ORIENTED_EDGE('',*,*,#4574,.F.);
#2676=ORIENTED_EDGE('',*,*,#4576,.F.);
#2677=ORIENTED_EDGE('',*,*,#4577,.F.);
#2678=ORIENTED_EDGE('',*,*,#4230,.F.);
#2679=ORIENTED_EDGE('',*,*,#4578,.F.);
#2680=ORIENTED_EDGE('',*,*,#4579,.T.);
#2681=ORIENTED_EDGE('',*,*,#4580,.T.);
#2682=ORIENTED_EDGE('',*,*,#4233,.F.);
#2683=ORIENTED_EDGE('',*,*,#4581,.F.);
#2684=ORIENTED_EDGE('',*,*,#4582,.T.);
#2685=ORIENTED_EDGE('',*,*,#4578,.T.);
#2686=ORIENTED_EDGE('',*,*,#4232,.F.);
#2687=ORIENTED_EDGE('',*,*,#4583,.F.);
#2688=ORIENTED_EDGE('',*,*,#4584,.T.);
#2689=ORIENTED_EDGE('',*,*,#4581,.T.);
#2690=ORIENTED_EDGE('',*,*,#4231,.F.);
#2691=ORIENTED_EDGE('',*,*,#4580,.F.);
#2692=ORIENTED_EDGE('',*,*,#4585,.T.);
#2693=ORIENTED_EDGE('',*,*,#4583,.T.);
#2694=ORIENTED_EDGE('',*,*,#4579,.F.);
#2695=ORIENTED_EDGE('',*,*,#4582,.F.);
#2696=ORIENTED_EDGE('',*,*,#4584,.F.);
#2697=ORIENTED_EDGE('',*,*,#4585,.F.);
#2698=ORIENTED_EDGE('',*,*,#4226,.F.);
#2699=ORIENTED_EDGE('',*,*,#4586,.F.);
#2700=ORIENTED_EDGE('',*,*,#4587,.T.);
#2701=ORIENTED_EDGE('',*,*,#4588,.T.);
#2702=ORIENTED_EDGE('',*,*,#4229,.F.);
#2703=ORIENTED_EDGE('',*,*,#4589,.F.);
#2704=ORIENTED_EDGE('',*,*,#4590,.T.);
#2705=ORIENTED_EDGE('',*,*,#4586,.T.);
#2706=ORIENTED_EDGE('',*,*,#4228,.F.);
#2707=ORIENTED_EDGE('',*,*,#4591,.F.);
#2708=ORIENTED_EDGE('',*,*,#4592,.T.);
#2709=ORIENTED_EDGE('',*,*,#4589,.T.);
#2710=ORIENTED_EDGE('',*,*,#4227,.F.);
#2711=ORIENTED_EDGE('',*,*,#4588,.F.);
#2712=ORIENTED_EDGE('',*,*,#4593,.T.);
#2713=ORIENTED_EDGE('',*,*,#4591,.T.);
#2714=ORIENTED_EDGE('',*,*,#4587,.F.);
#2715=ORIENTED_EDGE('',*,*,#4590,.F.);
#2716=ORIENTED_EDGE('',*,*,#4592,.F.);
#2717=ORIENTED_EDGE('',*,*,#4593,.F.);
#2718=ORIENTED_EDGE('',*,*,#4222,.F.);
#2719=ORIENTED_EDGE('',*,*,#4594,.F.);
#2720=ORIENTED_EDGE('',*,*,#4595,.T.);
#2721=ORIENTED_EDGE('',*,*,#4596,.T.);
#2722=ORIENTED_EDGE('',*,*,#4225,.F.);
#2723=ORIENTED_EDGE('',*,*,#4597,.F.);
#2724=ORIENTED_EDGE('',*,*,#4598,.T.);
#2725=ORIENTED_EDGE('',*,*,#4594,.T.);
#2726=ORIENTED_EDGE('',*,*,#4224,.F.);
#2727=ORIENTED_EDGE('',*,*,#4599,.F.);
#2728=ORIENTED_EDGE('',*,*,#4600,.T.);
#2729=ORIENTED_EDGE('',*,*,#4597,.T.);
#2730=ORIENTED_EDGE('',*,*,#4223,.F.);
#2731=ORIENTED_EDGE('',*,*,#4596,.F.);
#2732=ORIENTED_EDGE('',*,*,#4601,.T.);
#2733=ORIENTED_EDGE('',*,*,#4599,.T.);
#2734=ORIENTED_EDGE('',*,*,#4595,.F.);
#2735=ORIENTED_EDGE('',*,*,#4598,.F.);
#2736=ORIENTED_EDGE('',*,*,#4600,.F.);
#2737=ORIENTED_EDGE('',*,*,#4601,.F.);
#2738=ORIENTED_EDGE('',*,*,#4218,.F.);
#2739=ORIENTED_EDGE('',*,*,#4602,.F.);
#2740=ORIENTED_EDGE('',*,*,#4603,.T.);
#2741=ORIENTED_EDGE('',*,*,#4604,.T.);
#2742=ORIENTED_EDGE('',*,*,#4221,.F.);
#2743=ORIENTED_EDGE('',*,*,#4605,.F.);
#2744=ORIENTED_EDGE('',*,*,#4606,.T.);
#2745=ORIENTED_EDGE('',*,*,#4602,.T.);
#2746=ORIENTED_EDGE('',*,*,#4220,.F.);
#2747=ORIENTED_EDGE('',*,*,#4607,.F.);
#2748=ORIENTED_EDGE('',*,*,#4608,.T.);
#2749=ORIENTED_EDGE('',*,*,#4605,.T.);
#2750=ORIENTED_EDGE('',*,*,#4219,.F.);
#2751=ORIENTED_EDGE('',*,*,#4604,.F.);
#2752=ORIENTED_EDGE('',*,*,#4609,.T.);
#2753=ORIENTED_EDGE('',*,*,#4607,.T.);
#2754=ORIENTED_EDGE('',*,*,#4603,.F.);
#2755=ORIENTED_EDGE('',*,*,#4606,.F.);
#2756=ORIENTED_EDGE('',*,*,#4608,.F.);
#2757=ORIENTED_EDGE('',*,*,#4609,.F.);
#2758=ORIENTED_EDGE('',*,*,#4214,.F.);
#2759=ORIENTED_EDGE('',*,*,#4610,.F.);
#2760=ORIENTED_EDGE('',*,*,#4611,.T.);
#2761=ORIENTED_EDGE('',*,*,#4612,.T.);
#2762=ORIENTED_EDGE('',*,*,#4217,.F.);
#2763=ORIENTED_EDGE('',*,*,#4613,.F.);
#2764=ORIENTED_EDGE('',*,*,#4614,.T.);
#2765=ORIENTED_EDGE('',*,*,#4610,.T.);
#2766=ORIENTED_EDGE('',*,*,#4216,.F.);
#2767=ORIENTED_EDGE('',*,*,#4615,.F.);
#2768=ORIENTED_EDGE('',*,*,#4616,.T.);
#2769=ORIENTED_EDGE('',*,*,#4613,.T.);
#2770=ORIENTED_EDGE('',*,*,#4215,.F.);
#2771=ORIENTED_EDGE('',*,*,#4612,.F.);
#2772=ORIENTED_EDGE('',*,*,#4617,.T.);
#2773=ORIENTED_EDGE('',*,*,#4615,.T.);
#2774=ORIENTED_EDGE('',*,*,#4611,.F.);
#2775=ORIENTED_EDGE('',*,*,#4614,.F.);
#2776=ORIENTED_EDGE('',*,*,#4616,.F.);
#2777=ORIENTED_EDGE('',*,*,#4617,.F.);
#2778=ORIENTED_EDGE('',*,*,#4210,.F.);
#2779=ORIENTED_EDGE('',*,*,#4618,.F.);
#2780=ORIENTED_EDGE('',*,*,#4619,.T.);
#2781=ORIENTED_EDGE('',*,*,#4620,.T.);
#2782=ORIENTED_EDGE('',*,*,#4213,.F.);
#2783=ORIENTED_EDGE('',*,*,#4621,.F.);
#2784=ORIENTED_EDGE('',*,*,#4622,.T.);
#2785=ORIENTED_EDGE('',*,*,#4618,.T.);
#2786=ORIENTED_EDGE('',*,*,#4212,.F.);
#2787=ORIENTED_EDGE('',*,*,#4623,.F.);
#2788=ORIENTED_EDGE('',*,*,#4624,.T.);
#2789=ORIENTED_EDGE('',*,*,#4621,.T.);
#2790=ORIENTED_EDGE('',*,*,#4211,.F.);
#2791=ORIENTED_EDGE('',*,*,#4620,.F.);
#2792=ORIENTED_EDGE('',*,*,#4625,.T.);
#2793=ORIENTED_EDGE('',*,*,#4623,.T.);
#2794=ORIENTED_EDGE('',*,*,#4619,.F.);
#2795=ORIENTED_EDGE('',*,*,#4622,.F.);
#2796=ORIENTED_EDGE('',*,*,#4624,.F.);
#2797=ORIENTED_EDGE('',*,*,#4625,.F.);
#2798=ORIENTED_EDGE('',*,*,#4206,.F.);
#2799=ORIENTED_EDGE('',*,*,#4626,.F.);
#2800=ORIENTED_EDGE('',*,*,#4627,.T.);
#2801=ORIENTED_EDGE('',*,*,#4628,.T.);
#2802=ORIENTED_EDGE('',*,*,#4209,.F.);
#2803=ORIENTED_EDGE('',*,*,#4629,.F.);
#2804=ORIENTED_EDGE('',*,*,#4630,.T.);
#2805=ORIENTED_EDGE('',*,*,#4626,.T.);
#2806=ORIENTED_EDGE('',*,*,#4208,.F.);
#2807=ORIENTED_EDGE('',*,*,#4631,.F.);
#2808=ORIENTED_EDGE('',*,*,#4632,.T.);
#2809=ORIENTED_EDGE('',*,*,#4629,.T.);
#2810=ORIENTED_EDGE('',*,*,#4207,.F.);
#2811=ORIENTED_EDGE('',*,*,#4628,.F.);
#2812=ORIENTED_EDGE('',*,*,#4633,.T.);
#2813=ORIENTED_EDGE('',*,*,#4631,.T.);
#2814=ORIENTED_EDGE('',*,*,#4627,.F.);
#2815=ORIENTED_EDGE('',*,*,#4630,.F.);
#2816=ORIENTED_EDGE('',*,*,#4632,.F.);
#2817=ORIENTED_EDGE('',*,*,#4633,.F.);
#2818=ORIENTED_EDGE('',*,*,#4202,.F.);
#2819=ORIENTED_EDGE('',*,*,#4634,.F.);
#2820=ORIENTED_EDGE('',*,*,#4635,.T.);
#2821=ORIENTED_EDGE('',*,*,#4636,.T.);
#2822=ORIENTED_EDGE('',*,*,#4205,.F.);
#2823=ORIENTED_EDGE('',*,*,#4637,.F.);
#2824=ORIENTED_EDGE('',*,*,#4638,.T.);
#2825=ORIENTED_EDGE('',*,*,#4634,.T.);
#2826=ORIENTED_EDGE('',*,*,#4204,.F.);
#2827=ORIENTED_EDGE('',*,*,#4639,.F.);
#2828=ORIENTED_EDGE('',*,*,#4640,.T.);
#2829=ORIENTED_EDGE('',*,*,#4637,.T.);
#2830=ORIENTED_EDGE('',*,*,#4203,.F.);
#2831=ORIENTED_EDGE('',*,*,#4636,.F.);
#2832=ORIENTED_EDGE('',*,*,#4641,.T.);
#2833=ORIENTED_EDGE('',*,*,#4639,.T.);
#2834=ORIENTED_EDGE('',*,*,#4635,.F.);
#2835=ORIENTED_EDGE('',*,*,#4638,.F.);
#2836=ORIENTED_EDGE('',*,*,#4640,.F.);
#2837=ORIENTED_EDGE('',*,*,#4641,.F.);
#2838=ORIENTED_EDGE('',*,*,#4198,.F.);
#2839=ORIENTED_EDGE('',*,*,#4642,.F.);
#2840=ORIENTED_EDGE('',*,*,#4643,.T.);
#2841=ORIENTED_EDGE('',*,*,#4644,.T.);
#2842=ORIENTED_EDGE('',*,*,#4201,.F.);
#2843=ORIENTED_EDGE('',*,*,#4645,.F.);
#2844=ORIENTED_EDGE('',*,*,#4646,.T.);
#2845=ORIENTED_EDGE('',*,*,#4642,.T.);
#2846=ORIENTED_EDGE('',*,*,#4200,.F.);
#2847=ORIENTED_EDGE('',*,*,#4647,.F.);
#2848=ORIENTED_EDGE('',*,*,#4648,.T.);
#2849=ORIENTED_EDGE('',*,*,#4645,.T.);
#2850=ORIENTED_EDGE('',*,*,#4199,.F.);
#2851=ORIENTED_EDGE('',*,*,#4644,.F.);
#2852=ORIENTED_EDGE('',*,*,#4649,.T.);
#2853=ORIENTED_EDGE('',*,*,#4647,.T.);
#2854=ORIENTED_EDGE('',*,*,#4643,.F.);
#2855=ORIENTED_EDGE('',*,*,#4646,.F.);
#2856=ORIENTED_EDGE('',*,*,#4648,.F.);
#2857=ORIENTED_EDGE('',*,*,#4649,.F.);
#2858=ORIENTED_EDGE('',*,*,#4194,.F.);
#2859=ORIENTED_EDGE('',*,*,#4650,.F.);
#2860=ORIENTED_EDGE('',*,*,#4651,.T.);
#2861=ORIENTED_EDGE('',*,*,#4652,.T.);
#2862=ORIENTED_EDGE('',*,*,#4197,.F.);
#2863=ORIENTED_EDGE('',*,*,#4653,.F.);
#2864=ORIENTED_EDGE('',*,*,#4654,.T.);
#2865=ORIENTED_EDGE('',*,*,#4650,.T.);
#2866=ORIENTED_EDGE('',*,*,#4196,.F.);
#2867=ORIENTED_EDGE('',*,*,#4655,.F.);
#2868=ORIENTED_EDGE('',*,*,#4656,.T.);
#2869=ORIENTED_EDGE('',*,*,#4653,.T.);
#2870=ORIENTED_EDGE('',*,*,#4195,.F.);
#2871=ORIENTED_EDGE('',*,*,#4652,.F.);
#2872=ORIENTED_EDGE('',*,*,#4657,.T.);
#2873=ORIENTED_EDGE('',*,*,#4655,.T.);
#2874=ORIENTED_EDGE('',*,*,#4651,.F.);
#2875=ORIENTED_EDGE('',*,*,#4654,.F.);
#2876=ORIENTED_EDGE('',*,*,#4656,.F.);
#2877=ORIENTED_EDGE('',*,*,#4657,.F.);
#2878=ORIENTED_EDGE('',*,*,#4190,.F.);
#2879=ORIENTED_EDGE('',*,*,#4658,.F.);
#2880=ORIENTED_EDGE('',*,*,#4659,.T.);
#2881=ORIENTED_EDGE('',*,*,#4660,.T.);
#2882=ORIENTED_EDGE('',*,*,#4193,.F.);
#2883=ORIENTED_EDGE('',*,*,#4661,.F.);
#2884=ORIENTED_EDGE('',*,*,#4662,.T.);
#2885=ORIENTED_EDGE('',*,*,#4658,.T.);
#2886=ORIENTED_EDGE('',*,*,#4192,.F.);
#2887=ORIENTED_EDGE('',*,*,#4663,.F.);
#2888=ORIENTED_EDGE('',*,*,#4664,.T.);
#2889=ORIENTED_EDGE('',*,*,#4661,.T.);
#2890=ORIENTED_EDGE('',*,*,#4191,.F.);
#2891=ORIENTED_EDGE('',*,*,#4660,.F.);
#2892=ORIENTED_EDGE('',*,*,#4665,.T.);
#2893=ORIENTED_EDGE('',*,*,#4663,.T.);
#2894=ORIENTED_EDGE('',*,*,#4659,.F.);
#2895=ORIENTED_EDGE('',*,*,#4662,.F.);
#2896=ORIENTED_EDGE('',*,*,#4664,.F.);
#2897=ORIENTED_EDGE('',*,*,#4665,.F.);
#2898=ORIENTED_EDGE('',*,*,#4186,.F.);
#2899=ORIENTED_EDGE('',*,*,#4666,.F.);
#2900=ORIENTED_EDGE('',*,*,#4667,.T.);
#2901=ORIENTED_EDGE('',*,*,#4668,.T.);
#2902=ORIENTED_EDGE('',*,*,#4189,.F.);
#2903=ORIENTED_EDGE('',*,*,#4669,.F.);
#2904=ORIENTED_EDGE('',*,*,#4670,.T.);
#2905=ORIENTED_EDGE('',*,*,#4666,.T.);
#2906=ORIENTED_EDGE('',*,*,#4188,.F.);
#2907=ORIENTED_EDGE('',*,*,#4671,.F.);
#2908=ORIENTED_EDGE('',*,*,#4672,.T.);
#2909=ORIENTED_EDGE('',*,*,#4669,.T.);
#2910=ORIENTED_EDGE('',*,*,#4187,.F.);
#2911=ORIENTED_EDGE('',*,*,#4668,.F.);
#2912=ORIENTED_EDGE('',*,*,#4673,.T.);
#2913=ORIENTED_EDGE('',*,*,#4671,.T.);
#2914=ORIENTED_EDGE('',*,*,#4667,.F.);
#2915=ORIENTED_EDGE('',*,*,#4670,.F.);
#2916=ORIENTED_EDGE('',*,*,#4672,.F.);
#2917=ORIENTED_EDGE('',*,*,#4673,.F.);
#2918=ORIENTED_EDGE('',*,*,#4182,.F.);
#2919=ORIENTED_EDGE('',*,*,#4674,.F.);
#2920=ORIENTED_EDGE('',*,*,#4675,.T.);
#2921=ORIENTED_EDGE('',*,*,#4676,.T.);
#2922=ORIENTED_EDGE('',*,*,#4185,.F.);
#2923=ORIENTED_EDGE('',*,*,#4677,.F.);
#2924=ORIENTED_EDGE('',*,*,#4678,.T.);
#2925=ORIENTED_EDGE('',*,*,#4674,.T.);
#2926=ORIENTED_EDGE('',*,*,#4184,.F.);
#2927=ORIENTED_EDGE('',*,*,#4679,.F.);
#2928=ORIENTED_EDGE('',*,*,#4680,.T.);
#2929=ORIENTED_EDGE('',*,*,#4677,.T.);
#2930=ORIENTED_EDGE('',*,*,#4183,.F.);
#2931=ORIENTED_EDGE('',*,*,#4676,.F.);
#2932=ORIENTED_EDGE('',*,*,#4681,.T.);
#2933=ORIENTED_EDGE('',*,*,#4679,.T.);
#2934=ORIENTED_EDGE('',*,*,#4675,.F.);
#2935=ORIENTED_EDGE('',*,*,#4678,.F.);
#2936=ORIENTED_EDGE('',*,*,#4680,.F.);
#2937=ORIENTED_EDGE('',*,*,#4681,.F.);
#2938=ORIENTED_EDGE('',*,*,#4178,.F.);
#2939=ORIENTED_EDGE('',*,*,#4682,.F.);
#2940=ORIENTED_EDGE('',*,*,#4683,.T.);
#2941=ORIENTED_EDGE('',*,*,#4684,.T.);
#2942=ORIENTED_EDGE('',*,*,#4181,.F.);
#2943=ORIENTED_EDGE('',*,*,#4685,.F.);
#2944=ORIENTED_EDGE('',*,*,#4686,.T.);
#2945=ORIENTED_EDGE('',*,*,#4682,.T.);
#2946=ORIENTED_EDGE('',*,*,#4180,.F.);
#2947=ORIENTED_EDGE('',*,*,#4687,.F.);
#2948=ORIENTED_EDGE('',*,*,#4688,.T.);
#2949=ORIENTED_EDGE('',*,*,#4685,.T.);
#2950=ORIENTED_EDGE('',*,*,#4179,.F.);
#2951=ORIENTED_EDGE('',*,*,#4684,.F.);
#2952=ORIENTED_EDGE('',*,*,#4689,.T.);
#2953=ORIENTED_EDGE('',*,*,#4687,.T.);
#2954=ORIENTED_EDGE('',*,*,#4683,.F.);
#2955=ORIENTED_EDGE('',*,*,#4686,.F.);
#2956=ORIENTED_EDGE('',*,*,#4688,.F.);
#2957=ORIENTED_EDGE('',*,*,#4689,.F.);
#2958=ORIENTED_EDGE('',*,*,#4174,.F.);
#2959=ORIENTED_EDGE('',*,*,#4690,.F.);
#2960=ORIENTED_EDGE('',*,*,#4691,.T.);
#2961=ORIENTED_EDGE('',*,*,#4692,.T.);
#2962=ORIENTED_EDGE('',*,*,#4177,.F.);
#2963=ORIENTED_EDGE('',*,*,#4693,.F.);
#2964=ORIENTED_EDGE('',*,*,#4694,.T.);
#2965=ORIENTED_EDGE('',*,*,#4690,.T.);
#2966=ORIENTED_EDGE('',*,*,#4176,.F.);
#2967=ORIENTED_EDGE('',*,*,#4695,.F.);
#2968=ORIENTED_EDGE('',*,*,#4696,.T.);
#2969=ORIENTED_EDGE('',*,*,#4693,.T.);
#2970=ORIENTED_EDGE('',*,*,#4175,.F.);
#2971=ORIENTED_EDGE('',*,*,#4692,.F.);
#2972=ORIENTED_EDGE('',*,*,#4697,.T.);
#2973=ORIENTED_EDGE('',*,*,#4695,.T.);
#2974=ORIENTED_EDGE('',*,*,#4691,.F.);
#2975=ORIENTED_EDGE('',*,*,#4694,.F.);
#2976=ORIENTED_EDGE('',*,*,#4696,.F.);
#2977=ORIENTED_EDGE('',*,*,#4697,.F.);
#2978=ORIENTED_EDGE('',*,*,#4170,.F.);
#2979=ORIENTED_EDGE('',*,*,#4698,.F.);
#2980=ORIENTED_EDGE('',*,*,#4699,.T.);
#2981=ORIENTED_EDGE('',*,*,#4700,.T.);
#2982=ORIENTED_EDGE('',*,*,#4173,.F.);
#2983=ORIENTED_EDGE('',*,*,#4701,.F.);
#2984=ORIENTED_EDGE('',*,*,#4702,.T.);
#2985=ORIENTED_EDGE('',*,*,#4698,.T.);
#2986=ORIENTED_EDGE('',*,*,#4172,.F.);
#2987=ORIENTED_EDGE('',*,*,#4703,.F.);
#2988=ORIENTED_EDGE('',*,*,#4704,.T.);
#2989=ORIENTED_EDGE('',*,*,#4701,.T.);
#2990=ORIENTED_EDGE('',*,*,#4171,.F.);
#2991=ORIENTED_EDGE('',*,*,#4700,.F.);
#2992=ORIENTED_EDGE('',*,*,#4705,.T.);
#2993=ORIENTED_EDGE('',*,*,#4703,.T.);
#2994=ORIENTED_EDGE('',*,*,#4699,.F.);
#2995=ORIENTED_EDGE('',*,*,#4702,.F.);
#2996=ORIENTED_EDGE('',*,*,#4704,.F.);
#2997=ORIENTED_EDGE('',*,*,#4705,.F.);
#2998=ORIENTED_EDGE('',*,*,#4166,.F.);
#2999=ORIENTED_EDGE('',*,*,#4706,.F.);
#3000=ORIENTED_EDGE('',*,*,#4707,.T.);
#3001=ORIENTED_EDGE('',*,*,#4708,.T.);
#3002=ORIENTED_EDGE('',*,*,#4169,.F.);
#3003=ORIENTED_EDGE('',*,*,#4709,.F.);
#3004=ORIENTED_EDGE('',*,*,#4710,.T.);
#3005=ORIENTED_EDGE('',*,*,#4706,.T.);
#3006=ORIENTED_EDGE('',*,*,#4168,.F.);
#3007=ORIENTED_EDGE('',*,*,#4711,.F.);
#3008=ORIENTED_EDGE('',*,*,#4712,.T.);
#3009=ORIENTED_EDGE('',*,*,#4709,.T.);
#3010=ORIENTED_EDGE('',*,*,#4167,.F.);
#3011=ORIENTED_EDGE('',*,*,#4708,.F.);
#3012=ORIENTED_EDGE('',*,*,#4713,.T.);
#3013=ORIENTED_EDGE('',*,*,#4711,.T.);
#3014=ORIENTED_EDGE('',*,*,#4707,.F.);
#3015=ORIENTED_EDGE('',*,*,#4710,.F.);
#3016=ORIENTED_EDGE('',*,*,#4712,.F.);
#3017=ORIENTED_EDGE('',*,*,#4713,.F.);
#3018=ORIENTED_EDGE('',*,*,#4162,.F.);
#3019=ORIENTED_EDGE('',*,*,#4714,.F.);
#3020=ORIENTED_EDGE('',*,*,#4715,.T.);
#3021=ORIENTED_EDGE('',*,*,#4716,.T.);
#3022=ORIENTED_EDGE('',*,*,#4165,.F.);
#3023=ORIENTED_EDGE('',*,*,#4717,.F.);
#3024=ORIENTED_EDGE('',*,*,#4718,.T.);
#3025=ORIENTED_EDGE('',*,*,#4714,.T.);
#3026=ORIENTED_EDGE('',*,*,#4164,.F.);
#3027=ORIENTED_EDGE('',*,*,#4719,.F.);
#3028=ORIENTED_EDGE('',*,*,#4720,.T.);
#3029=ORIENTED_EDGE('',*,*,#4717,.T.);
#3030=ORIENTED_EDGE('',*,*,#4163,.F.);
#3031=ORIENTED_EDGE('',*,*,#4716,.F.);
#3032=ORIENTED_EDGE('',*,*,#4721,.T.);
#3033=ORIENTED_EDGE('',*,*,#4719,.T.);
#3034=ORIENTED_EDGE('',*,*,#4715,.F.);
#3035=ORIENTED_EDGE('',*,*,#4718,.F.);
#3036=ORIENTED_EDGE('',*,*,#4720,.F.);
#3037=ORIENTED_EDGE('',*,*,#4721,.F.);
#3038=ORIENTED_EDGE('',*,*,#4158,.F.);
#3039=ORIENTED_EDGE('',*,*,#4722,.F.);
#3040=ORIENTED_EDGE('',*,*,#4723,.T.);
#3041=ORIENTED_EDGE('',*,*,#4724,.T.);
#3042=ORIENTED_EDGE('',*,*,#4161,.F.);
#3043=ORIENTED_EDGE('',*,*,#4725,.F.);
#3044=ORIENTED_EDGE('',*,*,#4726,.T.);
#3045=ORIENTED_EDGE('',*,*,#4722,.T.);
#3046=ORIENTED_EDGE('',*,*,#4160,.F.);
#3047=ORIENTED_EDGE('',*,*,#4727,.F.);
#3048=ORIENTED_EDGE('',*,*,#4728,.T.);
#3049=ORIENTED_EDGE('',*,*,#4725,.T.);
#3050=ORIENTED_EDGE('',*,*,#4159,.F.);
#3051=ORIENTED_EDGE('',*,*,#4724,.F.);
#3052=ORIENTED_EDGE('',*,*,#4729,.T.);
#3053=ORIENTED_EDGE('',*,*,#4727,.T.);
#3054=ORIENTED_EDGE('',*,*,#4723,.F.);
#3055=ORIENTED_EDGE('',*,*,#4726,.F.);
#3056=ORIENTED_EDGE('',*,*,#4728,.F.);
#3057=ORIENTED_EDGE('',*,*,#4729,.F.);
#3058=ORIENTED_EDGE('',*,*,#4154,.F.);
#3059=ORIENTED_EDGE('',*,*,#4730,.F.);
#3060=ORIENTED_EDGE('',*,*,#4731,.T.);
#3061=ORIENTED_EDGE('',*,*,#4732,.T.);
#3062=ORIENTED_EDGE('',*,*,#4157,.F.);
#3063=ORIENTED_EDGE('',*,*,#4733,.F.);
#3064=ORIENTED_EDGE('',*,*,#4734,.T.);
#3065=ORIENTED_EDGE('',*,*,#4730,.T.);
#3066=ORIENTED_EDGE('',*,*,#4156,.F.);
#3067=ORIENTED_EDGE('',*,*,#4735,.F.);
#3068=ORIENTED_EDGE('',*,*,#4736,.T.);
#3069=ORIENTED_EDGE('',*,*,#4733,.T.);
#3070=ORIENTED_EDGE('',*,*,#4155,.F.);
#3071=ORIENTED_EDGE('',*,*,#4732,.F.);
#3072=ORIENTED_EDGE('',*,*,#4737,.T.);
#3073=ORIENTED_EDGE('',*,*,#4735,.T.);
#3074=ORIENTED_EDGE('',*,*,#4731,.F.);
#3075=ORIENTED_EDGE('',*,*,#4734,.F.);
#3076=ORIENTED_EDGE('',*,*,#4736,.F.);
#3077=ORIENTED_EDGE('',*,*,#4737,.F.);
#3078=ORIENTED_EDGE('',*,*,#4150,.F.);
#3079=ORIENTED_EDGE('',*,*,#4738,.F.);
#3080=ORIENTED_EDGE('',*,*,#4739,.T.);
#3081=ORIENTED_EDGE('',*,*,#4740,.T.);
#3082=ORIENTED_EDGE('',*,*,#4153,.F.);
#3083=ORIENTED_EDGE('',*,*,#4741,.F.);
#3084=ORIENTED_EDGE('',*,*,#4742,.T.);
#3085=ORIENTED_EDGE('',*,*,#4738,.T.);
#3086=ORIENTED_EDGE('',*,*,#4152,.F.);
#3087=ORIENTED_EDGE('',*,*,#4743,.F.);
#3088=ORIENTED_EDGE('',*,*,#4744,.T.);
#3089=ORIENTED_EDGE('',*,*,#4741,.T.);
#3090=ORIENTED_EDGE('',*,*,#4151,.F.);
#3091=ORIENTED_EDGE('',*,*,#4740,.F.);
#3092=ORIENTED_EDGE('',*,*,#4745,.T.);
#3093=ORIENTED_EDGE('',*,*,#4743,.T.);
#3094=ORIENTED_EDGE('',*,*,#4739,.F.);
#3095=ORIENTED_EDGE('',*,*,#4742,.F.);
#3096=ORIENTED_EDGE('',*,*,#4744,.F.);
#3097=ORIENTED_EDGE('',*,*,#4745,.F.);
#3098=ORIENTED_EDGE('',*,*,#4146,.F.);
#3099=ORIENTED_EDGE('',*,*,#4746,.F.);
#3100=ORIENTED_EDGE('',*,*,#4747,.T.);
#3101=ORIENTED_EDGE('',*,*,#4748,.T.);
#3102=ORIENTED_EDGE('',*,*,#4149,.F.);
#3103=ORIENTED_EDGE('',*,*,#4749,.F.);
#3104=ORIENTED_EDGE('',*,*,#4750,.T.);
#3105=ORIENTED_EDGE('',*,*,#4746,.T.);
#3106=ORIENTED_EDGE('',*,*,#4148,.F.);
#3107=ORIENTED_EDGE('',*,*,#4751,.F.);
#3108=ORIENTED_EDGE('',*,*,#4752,.T.);
#3109=ORIENTED_EDGE('',*,*,#4749,.T.);
#3110=ORIENTED_EDGE('',*,*,#4147,.F.);
#3111=ORIENTED_EDGE('',*,*,#4748,.F.);
#3112=ORIENTED_EDGE('',*,*,#4753,.T.);
#3113=ORIENTED_EDGE('',*,*,#4751,.T.);
#3114=ORIENTED_EDGE('',*,*,#4747,.F.);
#3115=ORIENTED_EDGE('',*,*,#4750,.F.);
#3116=ORIENTED_EDGE('',*,*,#4752,.F.);
#3117=ORIENTED_EDGE('',*,*,#4753,.F.);
#3118=ORIENTED_EDGE('',*,*,#4142,.F.);
#3119=ORIENTED_EDGE('',*,*,#4754,.F.);
#3120=ORIENTED_EDGE('',*,*,#4755,.T.);
#3121=ORIENTED_EDGE('',*,*,#4756,.T.);
#3122=ORIENTED_EDGE('',*,*,#4145,.F.);
#3123=ORIENTED_EDGE('',*,*,#4757,.F.);
#3124=ORIENTED_EDGE('',*,*,#4758,.T.);
#3125=ORIENTED_EDGE('',*,*,#4754,.T.);
#3126=ORIENTED_EDGE('',*,*,#4144,.F.);
#3127=ORIENTED_EDGE('',*,*,#4759,.F.);
#3128=ORIENTED_EDGE('',*,*,#4760,.T.);
#3129=ORIENTED_EDGE('',*,*,#4757,.T.);
#3130=ORIENTED_EDGE('',*,*,#4143,.F.);
#3131=ORIENTED_EDGE('',*,*,#4756,.F.);
#3132=ORIENTED_EDGE('',*,*,#4761,.T.);
#3133=ORIENTED_EDGE('',*,*,#4759,.T.);
#3134=ORIENTED_EDGE('',*,*,#4755,.F.);
#3135=ORIENTED_EDGE('',*,*,#4758,.F.);
#3136=ORIENTED_EDGE('',*,*,#4760,.F.);
#3137=ORIENTED_EDGE('',*,*,#4761,.F.);
#3138=ORIENTED_EDGE('',*,*,#4138,.F.);
#3139=ORIENTED_EDGE('',*,*,#4762,.F.);
#3140=ORIENTED_EDGE('',*,*,#4763,.T.);
#3141=ORIENTED_EDGE('',*,*,#4764,.T.);
#3142=ORIENTED_EDGE('',*,*,#4141,.F.);
#3143=ORIENTED_EDGE('',*,*,#4765,.F.);
#3144=ORIENTED_EDGE('',*,*,#4766,.T.);
#3145=ORIENTED_EDGE('',*,*,#4762,.T.);
#3146=ORIENTED_EDGE('',*,*,#4140,.F.);
#3147=ORIENTED_EDGE('',*,*,#4767,.F.);
#3148=ORIENTED_EDGE('',*,*,#4768,.T.);
#3149=ORIENTED_EDGE('',*,*,#4765,.T.);
#3150=ORIENTED_EDGE('',*,*,#4139,.F.);
#3151=ORIENTED_EDGE('',*,*,#4764,.F.);
#3152=ORIENTED_EDGE('',*,*,#4769,.T.);
#3153=ORIENTED_EDGE('',*,*,#4767,.T.);
#3154=ORIENTED_EDGE('',*,*,#4763,.F.);
#3155=ORIENTED_EDGE('',*,*,#4766,.F.);
#3156=ORIENTED_EDGE('',*,*,#4768,.F.);
#3157=ORIENTED_EDGE('',*,*,#4769,.F.);
#3158=ORIENTED_EDGE('',*,*,#4134,.F.);
#3159=ORIENTED_EDGE('',*,*,#4770,.F.);
#3160=ORIENTED_EDGE('',*,*,#4771,.T.);
#3161=ORIENTED_EDGE('',*,*,#4772,.T.);
#3162=ORIENTED_EDGE('',*,*,#4137,.F.);
#3163=ORIENTED_EDGE('',*,*,#4773,.F.);
#3164=ORIENTED_EDGE('',*,*,#4774,.T.);
#3165=ORIENTED_EDGE('',*,*,#4770,.T.);
#3166=ORIENTED_EDGE('',*,*,#4136,.F.);
#3167=ORIENTED_EDGE('',*,*,#4775,.F.);
#3168=ORIENTED_EDGE('',*,*,#4776,.T.);
#3169=ORIENTED_EDGE('',*,*,#4773,.T.);
#3170=ORIENTED_EDGE('',*,*,#4135,.F.);
#3171=ORIENTED_EDGE('',*,*,#4772,.F.);
#3172=ORIENTED_EDGE('',*,*,#4777,.T.);
#3173=ORIENTED_EDGE('',*,*,#4775,.T.);
#3174=ORIENTED_EDGE('',*,*,#4771,.F.);
#3175=ORIENTED_EDGE('',*,*,#4774,.F.);
#3176=ORIENTED_EDGE('',*,*,#4776,.F.);
#3177=ORIENTED_EDGE('',*,*,#4777,.F.);
#3178=ORIENTED_EDGE('',*,*,#4130,.F.);
#3179=ORIENTED_EDGE('',*,*,#4778,.F.);
#3180=ORIENTED_EDGE('',*,*,#4779,.T.);
#3181=ORIENTED_EDGE('',*,*,#4780,.T.);
#3182=ORIENTED_EDGE('',*,*,#4133,.F.);
#3183=ORIENTED_EDGE('',*,*,#4781,.F.);
#3184=ORIENTED_EDGE('',*,*,#4782,.T.);
#3185=ORIENTED_EDGE('',*,*,#4778,.T.);
#3186=ORIENTED_EDGE('',*,*,#4132,.F.);
#3187=ORIENTED_EDGE('',*,*,#4783,.F.);
#3188=ORIENTED_EDGE('',*,*,#4784,.T.);
#3189=ORIENTED_EDGE('',*,*,#4781,.T.);
#3190=ORIENTED_EDGE('',*,*,#4131,.F.);
#3191=ORIENTED_EDGE('',*,*,#4780,.F.);
#3192=ORIENTED_EDGE('',*,*,#4785,.T.);
#3193=ORIENTED_EDGE('',*,*,#4783,.T.);
#3194=ORIENTED_EDGE('',*,*,#4779,.F.);
#3195=ORIENTED_EDGE('',*,*,#4782,.F.);
#3196=ORIENTED_EDGE('',*,*,#4784,.F.);
#3197=ORIENTED_EDGE('',*,*,#4785,.F.);
#3198=ORIENTED_EDGE('',*,*,#4126,.F.);
#3199=ORIENTED_EDGE('',*,*,#4786,.F.);
#3200=ORIENTED_EDGE('',*,*,#4787,.T.);
#3201=ORIENTED_EDGE('',*,*,#4788,.T.);
#3202=ORIENTED_EDGE('',*,*,#4129,.F.);
#3203=ORIENTED_EDGE('',*,*,#4789,.F.);
#3204=ORIENTED_EDGE('',*,*,#4790,.T.);
#3205=ORIENTED_EDGE('',*,*,#4786,.T.);
#3206=ORIENTED_EDGE('',*,*,#4128,.F.);
#3207=ORIENTED_EDGE('',*,*,#4791,.F.);
#3208=ORIENTED_EDGE('',*,*,#4792,.T.);
#3209=ORIENTED_EDGE('',*,*,#4789,.T.);
#3210=ORIENTED_EDGE('',*,*,#4127,.F.);
#3211=ORIENTED_EDGE('',*,*,#4788,.F.);
#3212=ORIENTED_EDGE('',*,*,#4793,.T.);
#3213=ORIENTED_EDGE('',*,*,#4791,.T.);
#3214=ORIENTED_EDGE('',*,*,#4787,.F.);
#3215=ORIENTED_EDGE('',*,*,#4790,.F.);
#3216=ORIENTED_EDGE('',*,*,#4792,.F.);
#3217=ORIENTED_EDGE('',*,*,#4793,.F.);
#3218=ORIENTED_EDGE('',*,*,#4122,.F.);
#3219=ORIENTED_EDGE('',*,*,#4794,.F.);
#3220=ORIENTED_EDGE('',*,*,#4795,.T.);
#3221=ORIENTED_EDGE('',*,*,#4796,.T.);
#3222=ORIENTED_EDGE('',*,*,#4125,.F.);
#3223=ORIENTED_EDGE('',*,*,#4797,.F.);
#3224=ORIENTED_EDGE('',*,*,#4798,.T.);
#3225=ORIENTED_EDGE('',*,*,#4794,.T.);
#3226=ORIENTED_EDGE('',*,*,#4124,.F.);
#3227=ORIENTED_EDGE('',*,*,#4799,.F.);
#3228=ORIENTED_EDGE('',*,*,#4800,.T.);
#3229=ORIENTED_EDGE('',*,*,#4797,.T.);
#3230=ORIENTED_EDGE('',*,*,#4123,.F.);
#3231=ORIENTED_EDGE('',*,*,#4796,.F.);
#3232=ORIENTED_EDGE('',*,*,#4801,.T.);
#3233=ORIENTED_EDGE('',*,*,#4799,.T.);
#3234=ORIENTED_EDGE('',*,*,#4795,.F.);
#3235=ORIENTED_EDGE('',*,*,#4798,.F.);
#3236=ORIENTED_EDGE('',*,*,#4800,.F.);
#3237=ORIENTED_EDGE('',*,*,#4801,.F.);
#3238=EDGE_CURVE('',#4802,#4803,#5842,.T.);
#3239=EDGE_CURVE('',#4803,#4804,#5843,.T.);
#3240=EDGE_CURVE('',#4804,#4805,#5844,.T.);
#3241=EDGE_CURVE('',#4805,#4806,#5845,.T.);
#3242=EDGE_CURVE('',#4806,#4807,#5846,.T.);
#3243=EDGE_CURVE('',#4807,#4808,#5847,.T.);
#3244=EDGE_CURVE('',#4808,#4809,#5848,.T.);
#3245=EDGE_CURVE('',#4809,#4802,#5849,.T.);
#3246=EDGE_CURVE('',#4810,#4811,#5850,.T.);
#3247=EDGE_CURVE('',#4812,#4810,#5851,.T.);
#3248=EDGE_CURVE('',#4813,#4812,#5852,.T.);
#3249=EDGE_CURVE('',#4811,#4813,#5853,.T.);
#3250=EDGE_CURVE('',#4814,#4815,#5854,.T.);
#3251=EDGE_CURVE('',#4816,#4814,#5855,.T.);
#3252=EDGE_CURVE('',#4817,#4816,#5856,.T.);
#3253=EDGE_CURVE('',#4815,#4817,#5857,.T.);
#3254=EDGE_CURVE('',#4818,#4819,#5858,.T.);
#3255=EDGE_CURVE('',#4820,#4818,#5859,.T.);
#3256=EDGE_CURVE('',#4821,#4820,#5860,.T.);
#3257=EDGE_CURVE('',#4819,#4821,#5861,.T.);
#3258=EDGE_CURVE('',#4822,#4823,#5862,.T.);
#3259=EDGE_CURVE('',#4824,#4822,#5863,.T.);
#3260=EDGE_CURVE('',#4825,#4824,#5864,.T.);
#3261=EDGE_CURVE('',#4823,#4825,#5865,.T.);
#3262=EDGE_CURVE('',#4826,#4827,#5866,.T.);
#3263=EDGE_CURVE('',#4828,#4826,#5867,.T.);
#3264=EDGE_CURVE('',#4829,#4828,#5868,.T.);
#3265=EDGE_CURVE('',#4827,#4829,#5869,.T.);
#3266=EDGE_CURVE('',#4830,#4831,#5870,.T.);
#3267=EDGE_CURVE('',#4832,#4830,#5871,.T.);
#3268=EDGE_CURVE('',#4833,#4832,#5872,.T.);
#3269=EDGE_CURVE('',#4831,#4833,#5873,.T.);
#3270=EDGE_CURVE('',#4834,#4835,#5874,.T.);
#3271=EDGE_CURVE('',#4836,#4834,#5875,.T.);
#3272=EDGE_CURVE('',#4837,#4836,#5876,.T.);
#3273=EDGE_CURVE('',#4835,#4837,#5877,.T.);
#3274=EDGE_CURVE('',#4838,#4839,#5878,.T.);
#3275=EDGE_CURVE('',#4840,#4838,#5879,.T.);
#3276=EDGE_CURVE('',#4841,#4840,#5880,.T.);
#3277=EDGE_CURVE('',#4839,#4841,#5881,.T.);
#3278=EDGE_CURVE('',#4842,#4843,#5882,.T.);
#3279=EDGE_CURVE('',#4844,#4842,#5883,.T.);
#3280=EDGE_CURVE('',#4845,#4844,#5884,.T.);
#3281=EDGE_CURVE('',#4843,#4845,#5885,.T.);
#3282=EDGE_CURVE('',#4846,#4847,#5886,.T.);
#3283=EDGE_CURVE('',#4848,#4846,#5887,.T.);
#3284=EDGE_CURVE('',#4849,#4848,#5888,.T.);
#3285=EDGE_CURVE('',#4847,#4849,#5889,.T.);
#3286=EDGE_CURVE('',#4850,#4851,#5890,.T.);
#3287=EDGE_CURVE('',#4852,#4850,#5891,.T.);
#3288=EDGE_CURVE('',#4853,#4852,#5892,.T.);
#3289=EDGE_CURVE('',#4851,#4853,#5893,.T.);
#3290=EDGE_CURVE('',#4854,#4855,#5894,.T.);
#3291=EDGE_CURVE('',#4856,#4854,#5895,.T.);
#3292=EDGE_CURVE('',#4857,#4856,#5896,.T.);
#3293=EDGE_CURVE('',#4855,#4857,#5897,.T.);
#3294=EDGE_CURVE('',#4858,#4859,#5898,.T.);
#3295=EDGE_CURVE('',#4860,#4858,#5899,.T.);
#3296=EDGE_CURVE('',#4861,#4860,#5900,.T.);
#3297=EDGE_CURVE('',#4859,#4861,#5901,.T.);
#3298=EDGE_CURVE('',#4862,#4863,#5902,.T.);
#3299=EDGE_CURVE('',#4864,#4862,#5903,.T.);
#3300=EDGE_CURVE('',#4865,#4864,#5904,.T.);
#3301=EDGE_CURVE('',#4863,#4865,#5905,.T.);
#3302=EDGE_CURVE('',#4866,#4867,#5906,.T.);
#3303=EDGE_CURVE('',#4868,#4866,#5907,.T.);
#3304=EDGE_CURVE('',#4869,#4868,#5908,.T.);
#3305=EDGE_CURVE('',#4867,#4869,#5909,.T.);
#3306=EDGE_CURVE('',#4870,#4871,#5910,.T.);
#3307=EDGE_CURVE('',#4872,#4870,#5911,.T.);
#3308=EDGE_CURVE('',#4873,#4872,#5912,.T.);
#3309=EDGE_CURVE('',#4871,#4873,#5913,.T.);
#3310=EDGE_CURVE('',#4874,#4875,#5914,.T.);
#3311=EDGE_CURVE('',#4876,#4874,#5915,.T.);
#3312=EDGE_CURVE('',#4877,#4876,#5916,.T.);
#3313=EDGE_CURVE('',#4875,#4877,#5917,.T.);
#3314=EDGE_CURVE('',#4878,#4879,#5918,.T.);
#3315=EDGE_CURVE('',#4880,#4878,#5919,.T.);
#3316=EDGE_CURVE('',#4881,#4880,#5920,.T.);
#3317=EDGE_CURVE('',#4879,#4881,#5921,.T.);
#3318=EDGE_CURVE('',#4882,#4883,#5922,.T.);
#3319=EDGE_CURVE('',#4884,#4882,#5923,.T.);
#3320=EDGE_CURVE('',#4885,#4884,#5924,.T.);
#3321=EDGE_CURVE('',#4883,#4885,#5925,.T.);
#3322=EDGE_CURVE('',#4886,#4887,#5926,.T.);
#3323=EDGE_CURVE('',#4888,#4886,#5927,.T.);
#3324=EDGE_CURVE('',#4889,#4888,#5928,.T.);
#3325=EDGE_CURVE('',#4887,#4889,#5929,.T.);
#3326=EDGE_CURVE('',#4890,#4891,#5930,.T.);
#3327=EDGE_CURVE('',#4892,#4890,#5931,.T.);
#3328=EDGE_CURVE('',#4893,#4892,#5932,.T.);
#3329=EDGE_CURVE('',#4891,#4893,#5933,.T.);
#3330=EDGE_CURVE('',#4894,#4895,#5934,.T.);
#3331=EDGE_CURVE('',#4896,#4894,#5935,.T.);
#3332=EDGE_CURVE('',#4897,#4896,#5936,.T.);
#3333=EDGE_CURVE('',#4895,#4897,#5937,.T.);
#3334=EDGE_CURVE('',#4898,#4899,#5938,.T.);
#3335=EDGE_CURVE('',#4900,#4898,#5939,.T.);
#3336=EDGE_CURVE('',#4901,#4900,#5940,.T.);
#3337=EDGE_CURVE('',#4899,#4901,#5941,.T.);
#3338=EDGE_CURVE('',#4902,#4903,#5942,.T.);
#3339=EDGE_CURVE('',#4904,#4902,#5943,.T.);
#3340=EDGE_CURVE('',#4905,#4904,#5944,.T.);
#3341=EDGE_CURVE('',#4903,#4905,#5945,.T.);
#3342=EDGE_CURVE('',#4906,#4907,#5946,.T.);
#3343=EDGE_CURVE('',#4908,#4906,#5947,.T.);
#3344=EDGE_CURVE('',#4909,#4908,#5948,.T.);
#3345=EDGE_CURVE('',#4907,#4909,#5949,.T.);
#3346=EDGE_CURVE('',#4910,#4911,#5950,.T.);
#3347=EDGE_CURVE('',#4912,#4910,#5951,.T.);
#3348=EDGE_CURVE('',#4913,#4912,#5952,.T.);
#3349=EDGE_CURVE('',#4911,#4913,#5953,.T.);
#3350=EDGE_CURVE('',#4914,#4915,#5954,.T.);
#3351=EDGE_CURVE('',#4916,#4914,#5955,.T.);
#3352=EDGE_CURVE('',#4917,#4916,#5956,.T.);
#3353=EDGE_CURVE('',#4915,#4917,#5957,.T.);
#3354=EDGE_CURVE('',#4918,#4919,#5958,.T.);
#3355=EDGE_CURVE('',#4920,#4918,#5959,.T.);
#3356=EDGE_CURVE('',#4921,#4920,#5960,.T.);
#3357=EDGE_CURVE('',#4919,#4921,#5961,.T.);
#3358=EDGE_CURVE('',#4922,#4923,#5962,.T.);
#3359=EDGE_CURVE('',#4924,#4922,#5963,.T.);
#3360=EDGE_CURVE('',#4925,#4924,#5964,.T.);
#3361=EDGE_CURVE('',#4923,#4925,#5965,.T.);
#3362=EDGE_CURVE('',#4926,#4927,#5966,.T.);
#3363=EDGE_CURVE('',#4928,#4926,#5967,.T.);
#3364=EDGE_CURVE('',#4929,#4928,#5968,.T.);
#3365=EDGE_CURVE('',#4927,#4929,#5969,.T.);
#3366=EDGE_CURVE('',#4930,#4931,#5970,.T.);
#3367=EDGE_CURVE('',#4932,#4930,#5971,.T.);
#3368=EDGE_CURVE('',#4933,#4932,#5972,.T.);
#3369=EDGE_CURVE('',#4931,#4933,#5973,.T.);
#3370=EDGE_CURVE('',#4934,#4935,#5974,.T.);
#3371=EDGE_CURVE('',#4936,#4934,#5975,.T.);
#3372=EDGE_CURVE('',#4937,#4936,#5976,.T.);
#3373=EDGE_CURVE('',#4935,#4937,#5977,.T.);
#3374=EDGE_CURVE('',#4938,#4939,#5978,.T.);
#3375=EDGE_CURVE('',#4940,#4938,#5979,.T.);
#3376=EDGE_CURVE('',#4941,#4940,#5980,.T.);
#3377=EDGE_CURVE('',#4939,#4941,#5981,.T.);
#3378=EDGE_CURVE('',#4942,#4943,#5982,.T.);
#3379=EDGE_CURVE('',#4944,#4942,#5983,.T.);
#3380=EDGE_CURVE('',#4945,#4944,#5984,.T.);
#3381=EDGE_CURVE('',#4943,#4945,#5985,.T.);
#3382=EDGE_CURVE('',#4946,#4947,#5986,.T.);
#3383=EDGE_CURVE('',#4948,#4946,#5987,.T.);
#3384=EDGE_CURVE('',#4948,#4949,#5988,.T.);
#3385=EDGE_CURVE('',#4947,#4949,#5989,.T.);
#3386=EDGE_CURVE('',#4950,#4951,#5990,.T.);
#3387=EDGE_CURVE('',#4952,#4950,#5991,.T.);
#3388=EDGE_CURVE('',#4952,#4953,#5992,.T.);
#3389=EDGE_CURVE('',#4951,#4953,#5993,.T.);
#3390=EDGE_CURVE('',#4954,#4955,#5994,.T.);
#3391=EDGE_CURVE('',#4956,#4954,#5995,.T.);
#3392=EDGE_CURVE('',#4953,#4956,#5996,.T.);
#3393=EDGE_CURVE('',#4952,#4957,#5997,.T.);
#3394=EDGE_CURVE('',#4955,#4957,#5998,.T.);
#3395=EDGE_CURVE('',#4958,#4959,#5999,.T.);
#3396=EDGE_CURVE('',#4959,#4960,#6000,.T.);
#3397=EDGE_CURVE('',#4960,#4961,#6001,.F.);
#3398=EDGE_CURVE('',#4961,#4958,#6002,.T.);
#3399=EDGE_CURVE('',#4962,#4963,#6003,.T.);
#3400=EDGE_CURVE('',#4964,#4962,#6004,.T.);
#3401=EDGE_CURVE('',#4949,#4964,#6005,.T.);
#3402=EDGE_CURVE('',#4948,#4965,#6006,.T.);
#3403=EDGE_CURVE('',#4963,#4965,#6007,.T.);
#3404=EDGE_CURVE('',#4966,#4966,#48,.T.);
#3405=EDGE_CURVE('',#4967,#4968,#6008,.T.);
#3406=EDGE_CURVE('',#4968,#4969,#6009,.T.);
#3407=EDGE_CURVE('',#4969,#4970,#6010,.F.);
#3408=EDGE_CURVE('',#4970,#4967,#6011,.T.);
#3409=EDGE_CURVE('',#4971,#4972,#6012,.T.);
#3410=EDGE_CURVE('',#4973,#4971,#6013,.T.);
#3411=EDGE_CURVE('',#4974,#4973,#6014,.T.);
#3412=EDGE_CURVE('',#4972,#4974,#6015,.T.);
#3413=EDGE_CURVE('',#4975,#4976,#6016,.T.);
#3414=EDGE_CURVE('',#4977,#4975,#6017,.T.);
#3415=EDGE_CURVE('',#4978,#4977,#6018,.T.);
#3416=EDGE_CURVE('',#4978,#4979,#6019,.F.);
#3417=EDGE_CURVE('',#4980,#4979,#6020,.T.);
#3418=EDGE_CURVE('',#4980,#4976,#6021,.F.);
#3419=EDGE_CURVE('',#4981,#4982,#6022,.T.);
#3420=EDGE_CURVE('',#4983,#4981,#6023,.T.);
#3421=EDGE_CURVE('',#4984,#4983,#6024,.T.);
#3422=EDGE_CURVE('',#4982,#4984,#6025,.T.);
#3423=EDGE_CURVE('',#4985,#4986,#6026,.T.);
#3424=EDGE_CURVE('',#4986,#4987,#6027,.T.);
#3425=EDGE_CURVE('',#4987,#4988,#6028,.T.);
#3426=EDGE_CURVE('',#4988,#4985,#6029,.T.);
#3427=EDGE_CURVE('',#4989,#4990,#6030,.T.);
#3428=EDGE_CURVE('',#4991,#4989,#6031,.T.);
#3429=EDGE_CURVE('',#4992,#4991,#6032,.T.);
#3430=EDGE_CURVE('',#4990,#4992,#6033,.T.);
#3431=EDGE_CURVE('',#4993,#4994,#6034,.T.);
#3432=EDGE_CURVE('',#4994,#4995,#6035,.T.);
#3433=EDGE_CURVE('',#4995,#4996,#6036,.T.);
#3434=EDGE_CURVE('',#4996,#4993,#6037,.T.);
#3435=EDGE_CURVE('',#4997,#4998,#6038,.T.);
#3436=EDGE_CURVE('',#4999,#4997,#6039,.T.);
#3437=EDGE_CURVE('',#5000,#4999,#6040,.T.);
#3438=EDGE_CURVE('',#4998,#5000,#6041,.T.);
#3439=EDGE_CURVE('',#5001,#5002,#6042,.T.);
#3440=EDGE_CURVE('',#5002,#5003,#6043,.T.);
#3441=EDGE_CURVE('',#5003,#5004,#6044,.T.);
#3442=EDGE_CURVE('',#5004,#5001,#6045,.T.);
#3443=EDGE_CURVE('',#5005,#5006,#6046,.T.);
#3444=EDGE_CURVE('',#5007,#5005,#6047,.T.);
#3445=EDGE_CURVE('',#5008,#5007,#6048,.T.);
#3446=EDGE_CURVE('',#5006,#5008,#6049,.T.);
#3447=EDGE_CURVE('',#5009,#5010,#6050,.T.);
#3448=EDGE_CURVE('',#5010,#5011,#6051,.T.);
#3449=EDGE_CURVE('',#5011,#5012,#6052,.T.);
#3450=EDGE_CURVE('',#5012,#5009,#6053,.T.);
#3451=EDGE_CURVE('',#5013,#5014,#6054,.T.);
#3452=EDGE_CURVE('',#5015,#5013,#6055,.T.);
#3453=EDGE_CURVE('',#5016,#5015,#6056,.T.);
#3454=EDGE_CURVE('',#5014,#5016,#6057,.T.);
#3455=EDGE_CURVE('',#5017,#5018,#6058,.T.);
#3456=EDGE_CURVE('',#5018,#5019,#6059,.T.);
#3457=EDGE_CURVE('',#5019,#5020,#6060,.T.);
#3458=EDGE_CURVE('',#5020,#5017,#6061,.T.);
#3459=EDGE_CURVE('',#5021,#5022,#6062,.T.);
#3460=EDGE_CURVE('',#5023,#5021,#6063,.T.);
#3461=EDGE_CURVE('',#5024,#5023,#6064,.T.);
#3462=EDGE_CURVE('',#5022,#5024,#6065,.T.);
#3463=EDGE_CURVE('',#5025,#5026,#6066,.T.);
#3464=EDGE_CURVE('',#5026,#5027,#6067,.T.);
#3465=EDGE_CURVE('',#5027,#5028,#6068,.T.);
#3466=EDGE_CURVE('',#5028,#5025,#6069,.T.);
#3467=EDGE_CURVE('',#5029,#5030,#6070,.T.);
#3468=EDGE_CURVE('',#5031,#5029,#6071,.T.);
#3469=EDGE_CURVE('',#5032,#5031,#6072,.T.);
#3470=EDGE_CURVE('',#5030,#5032,#6073,.T.);
#3471=EDGE_CURVE('',#5033,#5034,#6074,.T.);
#3472=EDGE_CURVE('',#5034,#5035,#6075,.T.);
#3473=EDGE_CURVE('',#5035,#5036,#6076,.T.);
#3474=EDGE_CURVE('',#5036,#5033,#6077,.T.);
#3475=EDGE_CURVE('',#5037,#5038,#6078,.T.);
#3476=EDGE_CURVE('',#5039,#5037,#6079,.T.);
#3477=EDGE_CURVE('',#5040,#5039,#6080,.T.);
#3478=EDGE_CURVE('',#5038,#5040,#6081,.T.);
#3479=EDGE_CURVE('',#5041,#5042,#6082,.T.);
#3480=EDGE_CURVE('',#5042,#5043,#6083,.T.);
#3481=EDGE_CURVE('',#5043,#5044,#6084,.T.);
#3482=EDGE_CURVE('',#5044,#5041,#6085,.T.);
#3483=EDGE_CURVE('',#5045,#5046,#6086,.T.);
#3484=EDGE_CURVE('',#5047,#5045,#6087,.T.);
#3485=EDGE_CURVE('',#5048,#5047,#6088,.T.);
#3486=EDGE_CURVE('',#5046,#5048,#6089,.T.);
#3487=EDGE_CURVE('',#5049,#5050,#6090,.T.);
#3488=EDGE_CURVE('',#5050,#5051,#6091,.T.);
#3489=EDGE_CURVE('',#5051,#5052,#6092,.T.);
#3490=EDGE_CURVE('',#5052,#5049,#6093,.T.);
#3491=EDGE_CURVE('',#5053,#5054,#6094,.T.);
#3492=EDGE_CURVE('',#5055,#5053,#6095,.T.);
#3493=EDGE_CURVE('',#5056,#5055,#6096,.T.);
#3494=EDGE_CURVE('',#5054,#5056,#6097,.T.);
#3495=EDGE_CURVE('',#5057,#5058,#6098,.T.);
#3496=EDGE_CURVE('',#5058,#5059,#6099,.T.);
#3497=EDGE_CURVE('',#5059,#5060,#6100,.T.);
#3498=EDGE_CURVE('',#5060,#5057,#6101,.T.);
#3499=EDGE_CURVE('',#5061,#5062,#6102,.T.);
#3500=EDGE_CURVE('',#5063,#5061,#6103,.T.);
#3501=EDGE_CURVE('',#5064,#5063,#6104,.T.);
#3502=EDGE_CURVE('',#5062,#5064,#6105,.T.);
#3503=EDGE_CURVE('',#5065,#5066,#6106,.T.);
#3504=EDGE_CURVE('',#5066,#5067,#6107,.T.);
#3505=EDGE_CURVE('',#5067,#5068,#6108,.T.);
#3506=EDGE_CURVE('',#5068,#5065,#6109,.T.);
#3507=EDGE_CURVE('',#5069,#5070,#6110,.T.);
#3508=EDGE_CURVE('',#5071,#5069,#6111,.T.);
#3509=EDGE_CURVE('',#5072,#5071,#6112,.T.);
#3510=EDGE_CURVE('',#5070,#5072,#6113,.T.);
#3511=EDGE_CURVE('',#5073,#5074,#6114,.T.);
#3512=EDGE_CURVE('',#5074,#5075,#6115,.T.);
#3513=EDGE_CURVE('',#5075,#5076,#6116,.T.);
#3514=EDGE_CURVE('',#5076,#5073,#6117,.T.);
#3515=EDGE_CURVE('',#5077,#5078,#6118,.T.);
#3516=EDGE_CURVE('',#5079,#5077,#6119,.T.);
#3517=EDGE_CURVE('',#5080,#5079,#6120,.T.);
#3518=EDGE_CURVE('',#5078,#5080,#6121,.T.);
#3519=EDGE_CURVE('',#5081,#5082,#6122,.T.);
#3520=EDGE_CURVE('',#5082,#5083,#6123,.T.);
#3521=EDGE_CURVE('',#5083,#5084,#6124,.T.);
#3522=EDGE_CURVE('',#5084,#5081,#6125,.T.);
#3523=EDGE_CURVE('',#5085,#5086,#6126,.T.);
#3524=EDGE_CURVE('',#5087,#5085,#6127,.T.);
#3525=EDGE_CURVE('',#5088,#5087,#6128,.T.);
#3526=EDGE_CURVE('',#5086,#5088,#6129,.T.);
#3527=EDGE_CURVE('',#5089,#5090,#6130,.T.);
#3528=EDGE_CURVE('',#5090,#5091,#6131,.T.);
#3529=EDGE_CURVE('',#5091,#5092,#6132,.T.);
#3530=EDGE_CURVE('',#5092,#5089,#6133,.T.);
#3531=EDGE_CURVE('',#5093,#5094,#6134,.T.);
#3532=EDGE_CURVE('',#5095,#5093,#6135,.T.);
#3533=EDGE_CURVE('',#5096,#5095,#6136,.T.);
#3534=EDGE_CURVE('',#5094,#5096,#6137,.T.);
#3535=EDGE_CURVE('',#5097,#5098,#6138,.T.);
#3536=EDGE_CURVE('',#5098,#5099,#6139,.T.);
#3537=EDGE_CURVE('',#5099,#5100,#6140,.T.);
#3538=EDGE_CURVE('',#5100,#5097,#6141,.T.);
#3539=EDGE_CURVE('',#5101,#5102,#6142,.T.);
#3540=EDGE_CURVE('',#5103,#5101,#6143,.T.);
#3541=EDGE_CURVE('',#5104,#5103,#6144,.T.);
#3542=EDGE_CURVE('',#5102,#5104,#6145,.T.);
#3543=EDGE_CURVE('',#5105,#5106,#6146,.T.);
#3544=EDGE_CURVE('',#5106,#5107,#6147,.T.);
#3545=EDGE_CURVE('',#5107,#5108,#6148,.T.);
#3546=EDGE_CURVE('',#5108,#5105,#6149,.T.);
#3547=EDGE_CURVE('',#5109,#5110,#6150,.T.);
#3548=EDGE_CURVE('',#5111,#5109,#6151,.T.);
#3549=EDGE_CURVE('',#5112,#5111,#6152,.T.);
#3550=EDGE_CURVE('',#5110,#5112,#6153,.T.);
#3551=EDGE_CURVE('',#5113,#5114,#6154,.T.);
#3552=EDGE_CURVE('',#5114,#5115,#6155,.T.);
#3553=EDGE_CURVE('',#5115,#5116,#6156,.T.);
#3554=EDGE_CURVE('',#5116,#5113,#6157,.T.);
#3555=EDGE_CURVE('',#5117,#5118,#6158,.T.);
#3556=EDGE_CURVE('',#5119,#5117,#6159,.T.);
#3557=EDGE_CURVE('',#5120,#5119,#6160,.T.);
#3558=EDGE_CURVE('',#5118,#5120,#6161,.T.);
#3559=EDGE_CURVE('',#5121,#5122,#6162,.T.);
#3560=EDGE_CURVE('',#5122,#5123,#6163,.T.);
#3561=EDGE_CURVE('',#5123,#5124,#6164,.T.);
#3562=EDGE_CURVE('',#5124,#5121,#6165,.T.);
#3563=EDGE_CURVE('',#5125,#5126,#6166,.T.);
#3564=EDGE_CURVE('',#5127,#5125,#6167,.T.);
#3565=EDGE_CURVE('',#5128,#5127,#6168,.T.);
#3566=EDGE_CURVE('',#5126,#5128,#6169,.T.);
#3567=EDGE_CURVE('',#5129,#5130,#6170,.T.);
#3568=EDGE_CURVE('',#5130,#5131,#6171,.T.);
#3569=EDGE_CURVE('',#5131,#5132,#6172,.T.);
#3570=EDGE_CURVE('',#5132,#5129,#6173,.T.);
#3571=EDGE_CURVE('',#5133,#5134,#6174,.T.);
#3572=EDGE_CURVE('',#5135,#5133,#6175,.T.);
#3573=EDGE_CURVE('',#5136,#5135,#6176,.T.);
#3574=EDGE_CURVE('',#5134,#5136,#6177,.T.);
#3575=EDGE_CURVE('',#5137,#5138,#6178,.T.);
#3576=EDGE_CURVE('',#5138,#5139,#6179,.T.);
#3577=EDGE_CURVE('',#5139,#5140,#6180,.T.);
#3578=EDGE_CURVE('',#5140,#5137,#6181,.T.);
#3579=EDGE_CURVE('',#5141,#5142,#6182,.T.);
#3580=EDGE_CURVE('',#5143,#5141,#6183,.T.);
#3581=EDGE_CURVE('',#5144,#5143,#6184,.T.);
#3582=EDGE_CURVE('',#5142,#5144,#6185,.T.);
#3583=EDGE_CURVE('',#5145,#5146,#6186,.T.);
#3584=EDGE_CURVE('',#5146,#5147,#6187,.T.);
#3585=EDGE_CURVE('',#5147,#5148,#6188,.F.);
#3586=EDGE_CURVE('',#5148,#5145,#6189,.T.);
#3587=EDGE_CURVE('',#5149,#5149,#49,.T.);
#3588=EDGE_CURVE('',#5150,#5150,#50,.T.);
#3589=EDGE_CURVE('',#5151,#5152,#6190,.T.);
#3590=EDGE_CURVE('',#5153,#5151,#6191,.T.);
#3591=EDGE_CURVE('',#5154,#5153,#6192,.T.);
#3592=EDGE_CURVE('',#5152,#5154,#6193,.T.);
#3593=EDGE_CURVE('',#5155,#5156,#51,.T.);
#3594=EDGE_CURVE('',#5156,#5157,#52,.T.);
#3595=EDGE_CURVE('',#5158,#5157,#6194,.T.);
#3596=EDGE_CURVE('',#5158,#5159,#53,.T.);
#3597=EDGE_CURVE('',#5159,#5160,#54,.T.);
#3598=EDGE_CURVE('',#5155,#5160,#6195,.T.);
#3599=EDGE_CURVE('',#5161,#5162,#6196,.T.);
#3600=EDGE_CURVE('',#5162,#5163,#6197,.T.);
#3601=EDGE_CURVE('',#5163,#5164,#6198,.F.);
#3602=EDGE_CURVE('',#5164,#5161,#6199,.T.);
#3603=EDGE_CURVE('',#5165,#5166,#55,.T.);
#3604=EDGE_CURVE('',#5166,#5167,#6200,.T.);
#3605=EDGE_CURVE('',#5167,#5168,#56,.T.);
#3606=EDGE_CURVE('',#5168,#5169,#6201,.T.);
#3607=EDGE_CURVE('',#5169,#5170,#57,.T.);
#3608=EDGE_CURVE('',#5170,#5171,#6202,.T.);
#3609=EDGE_CURVE('',#5171,#5172,#58,.T.);
#3610=EDGE_CURVE('',#5172,#5165,#6203,.T.);
#3611=EDGE_CURVE('',#5173,#5174,#59,.F.);
#3612=EDGE_CURVE('',#5174,#5175,#6204,.T.);
#3613=EDGE_CURVE('',#5175,#5176,#60,.F.);
#3614=EDGE_CURVE('',#5176,#5177,#6205,.T.);
#3615=EDGE_CURVE('',#5177,#5178,#61,.F.);
#3616=EDGE_CURVE('',#5178,#5179,#6206,.T.);
#3617=EDGE_CURVE('',#5179,#5180,#62,.F.);
#3618=EDGE_CURVE('',#5180,#5173,#6207,.T.);
#3619=EDGE_CURVE('',#5181,#5181,#63,.T.);
#3620=EDGE_CURVE('',#5182,#5182,#64,.T.);
#3621=EDGE_CURVE('',#5183,#5183,#65,.T.);
#3622=EDGE_CURVE('',#5184,#5185,#66,.T.);
#3623=EDGE_CURVE('',#5185,#5186,#6208,.T.);
#3624=EDGE_CURVE('',#5186,#5187,#67,.T.);
#3625=EDGE_CURVE('',#5187,#5188,#6209,.T.);
#3626=EDGE_CURVE('',#5188,#5189,#68,.T.);
#3627=EDGE_CURVE('',#5189,#5190,#6210,.T.);
#3628=EDGE_CURVE('',#5190,#5191,#69,.T.);
#3629=EDGE_CURVE('',#5191,#5184,#6211,.T.);
#3630=EDGE_CURVE('',#4969,#4959,#70,.F.);
#3631=EDGE_CURVE('',#4958,#4970,#71,.T.);
#3632=EDGE_CURVE('',#5147,#4968,#72,.F.);
#3633=EDGE_CURVE('',#4967,#5148,#73,.T.);
#3634=EDGE_CURVE('',#5163,#5146,#74,.F.);
#3635=EDGE_CURVE('',#5145,#5164,#75,.T.);
#3636=EDGE_CURVE('',#4960,#5162,#76,.F.);
#3637=EDGE_CURVE('',#5161,#4961,#77,.T.);
#3638=EDGE_CURVE('',#5190,#4959,#6212,.T.);
#3639=EDGE_CURVE('',#4960,#5189,#6213,.T.);
#3640=EDGE_CURVE('',#5162,#5188,#6214,.T.);
#3641=EDGE_CURVE('',#5191,#4969,#6215,.T.);
#3642=EDGE_CURVE('',#5163,#5187,#6216,.T.);
#3643=EDGE_CURVE('',#5184,#4968,#6217,.T.);
#3644=EDGE_CURVE('',#5146,#5186,#6218,.T.);
#3645=EDGE_CURVE('',#5185,#5147,#6219,.T.);
#3646=EDGE_CURVE('',#4958,#5178,#6220,.T.);
#3647=EDGE_CURVE('',#5179,#4961,#6221,.T.);
#3648=EDGE_CURVE('',#5180,#5161,#6222,.T.);
#3649=EDGE_CURVE('',#4970,#5177,#6223,.T.);
#3650=EDGE_CURVE('',#5173,#5164,#6224,.T.);
#3651=EDGE_CURVE('',#4967,#5176,#6225,.T.);
#3652=EDGE_CURVE('',#5174,#5145,#6226,.T.);
#3653=EDGE_CURVE('',#5148,#5175,#6227,.T.);
#3654=EDGE_CURVE('',#5192,#5192,#78,.T.);
#3655=EDGE_CURVE('',#5193,#5193,#79,.T.);
#3656=EDGE_CURVE('',#5194,#5195,#80,.T.);
#3657=EDGE_CURVE('',#5195,#5196,#81,.T.);
#3658=EDGE_CURVE('',#5196,#5197,#6228,.T.);
#3659=EDGE_CURVE('',#5197,#5198,#82,.T.);
#3660=EDGE_CURVE('',#5198,#5199,#83,.T.);
#3661=EDGE_CURVE('',#5199,#5194,#6229,.T.);
#3662=EDGE_CURVE('',#5156,#5198,#84,.T.);
#3663=EDGE_CURVE('',#5199,#5155,#85,.T.);
#3664=EDGE_CURVE('',#5194,#5160,#86,.T.);
#3665=EDGE_CURVE('',#5157,#5197,#87,.T.);
#3666=EDGE_CURVE('',#5195,#5159,#88,.T.);
#3667=EDGE_CURVE('',#5158,#5196,#89,.T.);
#3668=EDGE_CURVE('',#5200,#5200,#90,.T.);
#3669=EDGE_CURVE('',#5201,#5201,#91,.T.);
#3670=EDGE_CURVE('',#5202,#5202,#92,.T.);
#3671=EDGE_CURVE('',#5203,#5203,#93,.T.);
#3672=EDGE_CURVE('',#5204,#5205,#6230,.T.);
#3673=EDGE_CURVE('',#5205,#5206,#6231,.T.);
#3674=EDGE_CURVE('',#5206,#5207,#6232,.F.);
#3675=EDGE_CURVE('',#5204,#5207,#6233,.T.);
#3676=EDGE_CURVE('',#5208,#5209,#6234,.T.);
#3677=EDGE_CURVE('',#5209,#5210,#6235,.T.);
#3678=EDGE_CURVE('',#5210,#5211,#6236,.F.);
#3679=EDGE_CURVE('',#5208,#5211,#6237,.T.);
#3680=EDGE_CURVE('',#5212,#5213,#6238,.T.);
#3681=EDGE_CURVE('',#5213,#5214,#6239,.T.);
#3682=EDGE_CURVE('',#5214,#5215,#6240,.F.);
#3683=EDGE_CURVE('',#5212,#5215,#6241,.T.);
#3684=EDGE_CURVE('',#5216,#5217,#6242,.T.);
#3685=EDGE_CURVE('',#5217,#5218,#6243,.T.);
#3686=EDGE_CURVE('',#5218,#5219,#6244,.F.);
#3687=EDGE_CURVE('',#5216,#5219,#6245,.T.);
#3688=EDGE_CURVE('',#5219,#5212,#94,.F.);
#3689=EDGE_CURVE('',#5215,#5208,#95,.F.);
#3690=EDGE_CURVE('',#5211,#5204,#96,.F.);
#3691=EDGE_CURVE('',#5207,#5216,#97,.F.);
#3692=EDGE_CURVE('',#5218,#5213,#98,.F.);
#3693=EDGE_CURVE('',#5214,#5209,#99,.F.);
#3694=EDGE_CURVE('',#5210,#5205,#100,.F.);
#3695=EDGE_CURVE('',#5206,#5217,#101,.F.);
#3696=EDGE_CURVE('',#5171,#5217,#6246,.T.);
#3697=EDGE_CURVE('',#5218,#5170,#6247,.T.);
#3698=EDGE_CURVE('',#5213,#5169,#6248,.T.);
#3699=EDGE_CURVE('',#5172,#5206,#6249,.T.);
#3700=EDGE_CURVE('',#5214,#5168,#6250,.T.);
#3701=EDGE_CURVE('',#5165,#5205,#6251,.T.);
#3702=EDGE_CURVE('',#5209,#5167,#6252,.T.);
#3703=EDGE_CURVE('',#5166,#5210,#6253,.T.);
#3704=EDGE_CURVE('',#5220,#5152,#6254,.T.);
#3705=EDGE_CURVE('',#5221,#5220,#6255,.T.);
#3706=EDGE_CURVE('',#5221,#5151,#6256,.T.);
#3707=EDGE_CURVE('',#5222,#5154,#6257,.T.);
#3708=EDGE_CURVE('',#5220,#5222,#6258,.T.);
#3709=EDGE_CURVE('',#5223,#5153,#6259,.T.);
#3710=EDGE_CURVE('',#5222,#5223,#6260,.T.);
#3711=EDGE_CURVE('',#5223,#5221,#6261,.T.);
#3712=EDGE_CURVE('',#5224,#5225,#6262,.T.);
#3713=EDGE_CURVE('',#5226,#5224,#6263,.T.);
#3714=EDGE_CURVE('',#5227,#5226,#6264,.T.);
#3715=EDGE_CURVE('',#5225,#5227,#6265,.T.);
#3716=EDGE_CURVE('',#5228,#5229,#6266,.T.);
#3717=EDGE_CURVE('',#5230,#5228,#6267,.T.);
#3718=EDGE_CURVE('',#5231,#5230,#6268,.T.);
#3719=EDGE_CURVE('',#5229,#5231,#6269,.T.);
#3720=EDGE_CURVE('',#5232,#5233,#6270,.T.);
#3721=EDGE_CURVE('',#5234,#5232,#6271,.T.);
#3722=EDGE_CURVE('',#5235,#5234,#6272,.T.);
#3723=EDGE_CURVE('',#5233,#5235,#6273,.T.);
#3724=EDGE_CURVE('',#5236,#5237,#6274,.T.);
#3725=EDGE_CURVE('',#5238,#5236,#6275,.T.);
#3726=EDGE_CURVE('',#5239,#5238,#6276,.T.);
#3727=EDGE_CURVE('',#5237,#5239,#6277,.T.);
#3728=EDGE_CURVE('',#5240,#5241,#6278,.T.);
#3729=EDGE_CURVE('',#5242,#5240,#6279,.T.);
#3730=EDGE_CURVE('',#5243,#5242,#6280,.T.);
#3731=EDGE_CURVE('',#5241,#5243,#6281,.T.);
#3732=EDGE_CURVE('',#5244,#5245,#6282,.T.);
#3733=EDGE_CURVE('',#5246,#5244,#6283,.T.);
#3734=EDGE_CURVE('',#5247,#5246,#6284,.T.);
#3735=EDGE_CURVE('',#5245,#5247,#6285,.T.);
#3736=EDGE_CURVE('',#5248,#5249,#6286,.T.);
#3737=EDGE_CURVE('',#5250,#5248,#6287,.T.);
#3738=EDGE_CURVE('',#5251,#5250,#6288,.T.);
#3739=EDGE_CURVE('',#5249,#5251,#6289,.T.);
#3740=EDGE_CURVE('',#5252,#5253,#6290,.T.);
#3741=EDGE_CURVE('',#5254,#5252,#6291,.T.);
#3742=EDGE_CURVE('',#5255,#5254,#6292,.T.);
#3743=EDGE_CURVE('',#5253,#5255,#6293,.T.);
#3744=EDGE_CURVE('',#5256,#5257,#6294,.T.);
#3745=EDGE_CURVE('',#5258,#5256,#6295,.T.);
#3746=EDGE_CURVE('',#5259,#5258,#6296,.T.);
#3747=EDGE_CURVE('',#5257,#5259,#6297,.T.);
#3748=EDGE_CURVE('',#5260,#5261,#6298,.T.);
#3749=EDGE_CURVE('',#5262,#5260,#6299,.T.);
#3750=EDGE_CURVE('',#5263,#5262,#6300,.T.);
#3751=EDGE_CURVE('',#5261,#5263,#6301,.T.);
#3752=EDGE_CURVE('',#5264,#5265,#6302,.T.);
#3753=EDGE_CURVE('',#5266,#5264,#6303,.T.);
#3754=EDGE_CURVE('',#5267,#5266,#6304,.T.);
#3755=EDGE_CURVE('',#5265,#5267,#6305,.T.);
#3756=EDGE_CURVE('',#5268,#5269,#6306,.T.);
#3757=EDGE_CURVE('',#5270,#5268,#6307,.T.);
#3758=EDGE_CURVE('',#5271,#5270,#6308,.T.);
#3759=EDGE_CURVE('',#5269,#5271,#6309,.T.);
#3760=EDGE_CURVE('',#5272,#5273,#6310,.T.);
#3761=EDGE_CURVE('',#5274,#5272,#6311,.T.);
#3762=EDGE_CURVE('',#5275,#5274,#6312,.T.);
#3763=EDGE_CURVE('',#5273,#5275,#6313,.T.);
#3764=EDGE_CURVE('',#5276,#5277,#6314,.T.);
#3765=EDGE_CURVE('',#5278,#5276,#6315,.T.);
#3766=EDGE_CURVE('',#5279,#5278,#6316,.T.);
#3767=EDGE_CURVE('',#5277,#5279,#6317,.T.);
#3768=EDGE_CURVE('',#5280,#5281,#6318,.T.);
#3769=EDGE_CURVE('',#5282,#5280,#6319,.T.);
#3770=EDGE_CURVE('',#5283,#5282,#6320,.T.);
#3771=EDGE_CURVE('',#5281,#5283,#6321,.T.);
#3772=EDGE_CURVE('',#5284,#5285,#6322,.T.);
#3773=EDGE_CURVE('',#5286,#5284,#6323,.T.);
#3774=EDGE_CURVE('',#5287,#5286,#6324,.T.);
#3775=EDGE_CURVE('',#5285,#5287,#6325,.T.);
#3776=EDGE_CURVE('',#5288,#5289,#6326,.T.);
#3777=EDGE_CURVE('',#5290,#5288,#6327,.T.);
#3778=EDGE_CURVE('',#5291,#5290,#6328,.T.);
#3779=EDGE_CURVE('',#5289,#5291,#6329,.T.);
#3780=EDGE_CURVE('',#5292,#5293,#6330,.T.);
#3781=EDGE_CURVE('',#5294,#5292,#6331,.T.);
#3782=EDGE_CURVE('',#5295,#5294,#6332,.T.);
#3783=EDGE_CURVE('',#5293,#5295,#6333,.T.);
#3784=EDGE_CURVE('',#5296,#5297,#6334,.T.);
#3785=EDGE_CURVE('',#5298,#5296,#6335,.T.);
#3786=EDGE_CURVE('',#5299,#5298,#6336,.T.);
#3787=EDGE_CURVE('',#5297,#5299,#6337,.T.);
#3788=EDGE_CURVE('',#5300,#5301,#6338,.T.);
#3789=EDGE_CURVE('',#5302,#5300,#6339,.T.);
#3790=EDGE_CURVE('',#5303,#5302,#6340,.T.);
#3791=EDGE_CURVE('',#5301,#5303,#6341,.T.);
#3792=EDGE_CURVE('',#5138,#5300,#6342,.T.);
#3793=EDGE_CURVE('',#5137,#5302,#6343,.T.);
#3794=EDGE_CURVE('',#5140,#5303,#6344,.T.);
#3795=EDGE_CURVE('',#5139,#5301,#6345,.T.);
#3796=EDGE_CURVE('',#4986,#5296,#6346,.T.);
#3797=EDGE_CURVE('',#4985,#5298,#6347,.T.);
#3798=EDGE_CURVE('',#4988,#5299,#6348,.T.);
#3799=EDGE_CURVE('',#4987,#5297,#6349,.T.);
#3800=EDGE_CURVE('',#4994,#5292,#6350,.T.);
#3801=EDGE_CURVE('',#4993,#5294,#6351,.T.);
#3802=EDGE_CURVE('',#4996,#5295,#6352,.T.);
#3803=EDGE_CURVE('',#4995,#5293,#6353,.T.);
#3804=EDGE_CURVE('',#5002,#5288,#6354,.T.);
#3805=EDGE_CURVE('',#5001,#5290,#6355,.T.);
#3806=EDGE_CURVE('',#5004,#5291,#6356,.T.);
#3807=EDGE_CURVE('',#5003,#5289,#6357,.T.);
#3808=EDGE_CURVE('',#5010,#5284,#6358,.T.);
#3809=EDGE_CURVE('',#5009,#5286,#6359,.T.);
#3810=EDGE_CURVE('',#5012,#5287,#6360,.T.);
#3811=EDGE_CURVE('',#5011,#5285,#6361,.T.);
#3812=EDGE_CURVE('',#5018,#5280,#6362,.T.);
#3813=EDGE_CURVE('',#5017,#5282,#6363,.T.);
#3814=EDGE_CURVE('',#5020,#5283,#6364,.T.);
#3815=EDGE_CURVE('',#5019,#5281,#6365,.T.);
#3816=EDGE_CURVE('',#5026,#5276,#6366,.T.);
#3817=EDGE_CURVE('',#5025,#5278,#6367,.T.);
#3818=EDGE_CURVE('',#5028,#5279,#6368,.T.);
#3819=EDGE_CURVE('',#5027,#5277,#6369,.T.);
#3820=EDGE_CURVE('',#5034,#5272,#6370,.T.);
#3821=EDGE_CURVE('',#5033,#5274,#6371,.T.);
#3822=EDGE_CURVE('',#5036,#5275,#6372,.T.);
#3823=EDGE_CURVE('',#5035,#5273,#6373,.T.);
#3824=EDGE_CURVE('',#5042,#5268,#6374,.T.);
#3825=EDGE_CURVE('',#5041,#5270,#6375,.T.);
#3826=EDGE_CURVE('',#5044,#5271,#6376,.T.);
#3827=EDGE_CURVE('',#5043,#5269,#6377,.T.);
#3828=EDGE_CURVE('',#5050,#5264,#6378,.T.);
#3829=EDGE_CURVE('',#5049,#5266,#6379,.T.);
#3830=EDGE_CURVE('',#5052,#5267,#6380,.T.);
#3831=EDGE_CURVE('',#5051,#5265,#6381,.T.);
#3832=EDGE_CURVE('',#5058,#5260,#6382,.T.);
#3833=EDGE_CURVE('',#5057,#5262,#6383,.T.);
#3834=EDGE_CURVE('',#5060,#5263,#6384,.T.);
#3835=EDGE_CURVE('',#5059,#5261,#6385,.T.);
#3836=EDGE_CURVE('',#5066,#5256,#6386,.T.);
#3837=EDGE_CURVE('',#5065,#5258,#6387,.T.);
#3838=EDGE_CURVE('',#5068,#5259,#6388,.T.);
#3839=EDGE_CURVE('',#5067,#5257,#6389,.T.);
#3840=EDGE_CURVE('',#5074,#5252,#6390,.T.);
#3841=EDGE_CURVE('',#5073,#5254,#6391,.T.);
#3842=EDGE_CURVE('',#5076,#5255,#6392,.T.);
#3843=EDGE_CURVE('',#5075,#5253,#6393,.T.);
#3844=EDGE_CURVE('',#5082,#5248,#6394,.T.);
#3845=EDGE_CURVE('',#5081,#5250,#6395,.T.);
#3846=EDGE_CURVE('',#5084,#5251,#6396,.T.);
#3847=EDGE_CURVE('',#5083,#5249,#6397,.T.);
#3848=EDGE_CURVE('',#5090,#5244,#6398,.T.);
#3849=EDGE_CURVE('',#5089,#5246,#6399,.T.);
#3850=EDGE_CURVE('',#5092,#5247,#6400,.T.);
#3851=EDGE_CURVE('',#5091,#5245,#6401,.T.);
#3852=EDGE_CURVE('',#5098,#5240,#6402,.T.);
#3853=EDGE_CURVE('',#5097,#5242,#6403,.T.);
#3854=EDGE_CURVE('',#5100,#5243,#6404,.T.);
#3855=EDGE_CURVE('',#5099,#5241,#6405,.T.);
#3856=EDGE_CURVE('',#5106,#5236,#6406,.T.);
#3857=EDGE_CURVE('',#5105,#5238,#6407,.T.);
#3858=EDGE_CURVE('',#5108,#5239,#6408,.T.);
#3859=EDGE_CURVE('',#5107,#5237,#6409,.T.);
#3860=EDGE_CURVE('',#5114,#5232,#6410,.T.);
#3861=EDGE_CURVE('',#5113,#5234,#6411,.T.);
#3862=EDGE_CURVE('',#5116,#5235,#6412,.T.);
#3863=EDGE_CURVE('',#5115,#5233,#6413,.T.);
#3864=EDGE_CURVE('',#5122,#5228,#6414,.T.);
#3865=EDGE_CURVE('',#5121,#5230,#6415,.T.);
#3866=EDGE_CURVE('',#5124,#5231,#6416,.T.);
#3867=EDGE_CURVE('',#5123,#5229,#6417,.T.);
#3868=EDGE_CURVE('',#5130,#5224,#6418,.T.);
#3869=EDGE_CURVE('',#5129,#5226,#6419,.T.);
#3870=EDGE_CURVE('',#5132,#5227,#6420,.T.);
#3871=EDGE_CURVE('',#5131,#5225,#6421,.T.);
#3872=EDGE_CURVE('',#5304,#5142,#6422,.T.);
#3873=EDGE_CURVE('',#5305,#5304,#6423,.T.);
#3874=EDGE_CURVE('',#5305,#5141,#6424,.T.);
#3875=EDGE_CURVE('',#5306,#5144,#6425,.T.);
#3876=EDGE_CURVE('',#5304,#5306,#6426,.T.);
#3877=EDGE_CURVE('',#5307,#5143,#6427,.T.);
#3878=EDGE_CURVE('',#5306,#5307,#6428,.T.);
#3879=EDGE_CURVE('',#5307,#5305,#6429,.T.);
#3880=EDGE_CURVE('',#5308,#5134,#6430,.T.);
#3881=EDGE_CURVE('',#5309,#5308,#6431,.T.);
#3882=EDGE_CURVE('',#5309,#5133,#6432,.T.);
#3883=EDGE_CURVE('',#5310,#5136,#6433,.T.);
#3884=EDGE_CURVE('',#5308,#5310,#6434,.T.);
#3885=EDGE_CURVE('',#5311,#5135,#6435,.T.);
#3886=EDGE_CURVE('',#5310,#5311,#6436,.T.);
#3887=EDGE_CURVE('',#5311,#5309,#6437,.T.);
#3888=EDGE_CURVE('',#5312,#5126,#6438,.T.);
#3889=EDGE_CURVE('',#5313,#5312,#6439,.T.);
#3890=EDGE_CURVE('',#5313,#5125,#6440,.T.);
#3891=EDGE_CURVE('',#5314,#5128,#6441,.T.);
#3892=EDGE_CURVE('',#5312,#5314,#6442,.T.);
#3893=EDGE_CURVE('',#5315,#5127,#6443,.T.);
#3894=EDGE_CURVE('',#5314,#5315,#6444,.T.);
#3895=EDGE_CURVE('',#5315,#5313,#6445,.T.);
#3896=EDGE_CURVE('',#5316,#5118,#6446,.T.);
#3897=EDGE_CURVE('',#5317,#5316,#6447,.T.);
#3898=EDGE_CURVE('',#5317,#5117,#6448,.T.);
#3899=EDGE_CURVE('',#5318,#5120,#6449,.T.);
#3900=EDGE_CURVE('',#5316,#5318,#6450,.T.);
#3901=EDGE_CURVE('',#5319,#5119,#6451,.T.);
#3902=EDGE_CURVE('',#5318,#5319,#6452,.T.);
#3903=EDGE_CURVE('',#5319,#5317,#6453,.T.);
#3904=EDGE_CURVE('',#5320,#5110,#6454,.T.);
#3905=EDGE_CURVE('',#5321,#5320,#6455,.T.);
#3906=EDGE_CURVE('',#5321,#5109,#6456,.T.);
#3907=EDGE_CURVE('',#5322,#5112,#6457,.T.);
#3908=EDGE_CURVE('',#5320,#5322,#6458,.T.);
#3909=EDGE_CURVE('',#5323,#5111,#6459,.T.);
#3910=EDGE_CURVE('',#5322,#5323,#6460,.T.);
#3911=EDGE_CURVE('',#5323,#5321,#6461,.T.);
#3912=EDGE_CURVE('',#5324,#5102,#6462,.T.);
#3913=EDGE_CURVE('',#5325,#5324,#6463,.T.);
#3914=EDGE_CURVE('',#5325,#5101,#6464,.T.);
#3915=EDGE_CURVE('',#5326,#5104,#6465,.T.);
#3916=EDGE_CURVE('',#5324,#5326,#6466,.T.);
#3917=EDGE_CURVE('',#5327,#5103,#6467,.T.);
#3918=EDGE_CURVE('',#5326,#5327,#6468,.T.);
#3919=EDGE_CURVE('',#5327,#5325,#6469,.T.);
#3920=EDGE_CURVE('',#5328,#5094,#6470,.T.);
#3921=EDGE_CURVE('',#5329,#5328,#6471,.T.);
#3922=EDGE_CURVE('',#5329,#5093,#6472,.T.);
#3923=EDGE_CURVE('',#5330,#5096,#6473,.T.);
#3924=EDGE_CURVE('',#5328,#5330,#6474,.T.);
#3925=EDGE_CURVE('',#5331,#5095,#6475,.T.);
#3926=EDGE_CURVE('',#5330,#5331,#6476,.T.);
#3927=EDGE_CURVE('',#5331,#5329,#6477,.T.);
#3928=EDGE_CURVE('',#5332,#5086,#6478,.T.);
#3929=EDGE_CURVE('',#5333,#5332,#6479,.T.);
#3930=EDGE_CURVE('',#5333,#5085,#6480,.T.);
#3931=EDGE_CURVE('',#5334,#5088,#6481,.T.);
#3932=EDGE_CURVE('',#5332,#5334,#6482,.T.);
#3933=EDGE_CURVE('',#5335,#5087,#6483,.T.);
#3934=EDGE_CURVE('',#5334,#5335,#6484,.T.);
#3935=EDGE_CURVE('',#5335,#5333,#6485,.T.);
#3936=EDGE_CURVE('',#5336,#5078,#6486,.T.);
#3937=EDGE_CURVE('',#5337,#5336,#6487,.T.);
#3938=EDGE_CURVE('',#5337,#5077,#6488,.T.);
#3939=EDGE_CURVE('',#5338,#5080,#6489,.T.);
#3940=EDGE_CURVE('',#5336,#5338,#6490,.T.);
#3941=EDGE_CURVE('',#5339,#5079,#6491,.T.);
#3942=EDGE_CURVE('',#5338,#5339,#6492,.T.);
#3943=EDGE_CURVE('',#5339,#5337,#6493,.T.);
#3944=EDGE_CURVE('',#5340,#5070,#6494,.T.);
#3945=EDGE_CURVE('',#5341,#5340,#6495,.T.);
#3946=EDGE_CURVE('',#5341,#5069,#6496,.T.);
#3947=EDGE_CURVE('',#5342,#5072,#6497,.T.);
#3948=EDGE_CURVE('',#5340,#5342,#6498,.T.);
#3949=EDGE_CURVE('',#5343,#5071,#6499,.T.);
#3950=EDGE_CURVE('',#5342,#5343,#6500,.T.);
#3951=EDGE_CURVE('',#5343,#5341,#6501,.T.);
#3952=EDGE_CURVE('',#5344,#5062,#6502,.T.);
#3953=EDGE_CURVE('',#5345,#5344,#6503,.T.);
#3954=EDGE_CURVE('',#5345,#5061,#6504,.T.);
#3955=EDGE_CURVE('',#5346,#5064,#6505,.T.);
#3956=EDGE_CURVE('',#5344,#5346,#6506,.T.);
#3957=EDGE_CURVE('',#5347,#5063,#6507,.T.);
#3958=EDGE_CURVE('',#5346,#5347,#6508,.T.);
#3959=EDGE_CURVE('',#5347,#5345,#6509,.T.);
#3960=EDGE_CURVE('',#5348,#5054,#6510,.T.);
#3961=EDGE_CURVE('',#5349,#5348,#6511,.T.);
#3962=EDGE_CURVE('',#5349,#5053,#6512,.T.);
#3963=EDGE_CURVE('',#5350,#5056,#6513,.T.);
#3964=EDGE_CURVE('',#5348,#5350,#6514,.T.);
#3965=EDGE_CURVE('',#5351,#5055,#6515,.T.);
#3966=EDGE_CURVE('',#5350,#5351,#6516,.T.);
#3967=EDGE_CURVE('',#5351,#5349,#6517,.T.);
#3968=EDGE_CURVE('',#5352,#5046,#6518,.T.);
#3969=EDGE_CURVE('',#5353,#5352,#6519,.T.);
#3970=EDGE_CURVE('',#5353,#5045,#6520,.T.);
#3971=EDGE_CURVE('',#5354,#5048,#6521,.T.);
#3972=EDGE_CURVE('',#5352,#5354,#6522,.T.);
#3973=EDGE_CURVE('',#5355,#5047,#6523,.T.);
#3974=EDGE_CURVE('',#5354,#5355,#6524,.T.);
#3975=EDGE_CURVE('',#5355,#5353,#6525,.T.);
#3976=EDGE_CURVE('',#5356,#5038,#6526,.T.);
#3977=EDGE_CURVE('',#5357,#5356,#6527,.T.);
#3978=EDGE_CURVE('',#5357,#5037,#6528,.T.);
#3979=EDGE_CURVE('',#5358,#5040,#6529,.T.);
#3980=EDGE_CURVE('',#5356,#5358,#6530,.T.);
#3981=EDGE_CURVE('',#5359,#5039,#6531,.T.);
#3982=EDGE_CURVE('',#5358,#5359,#6532,.T.);
#3983=EDGE_CURVE('',#5359,#5357,#6533,.T.);
#3984=EDGE_CURVE('',#5360,#5030,#6534,.T.);
#3985=EDGE_CURVE('',#5361,#5360,#6535,.T.);
#3986=EDGE_CURVE('',#5361,#5029,#6536,.T.);
#3987=EDGE_CURVE('',#5362,#5032,#6537,.T.);
#3988=EDGE_CURVE('',#5360,#5362,#6538,.T.);
#3989=EDGE_CURVE('',#5363,#5031,#6539,.T.);
#3990=EDGE_CURVE('',#5362,#5363,#6540,.T.);
#3991=EDGE_CURVE('',#5363,#5361,#6541,.T.);
#3992=EDGE_CURVE('',#5364,#5022,#6542,.T.);
#3993=EDGE_CURVE('',#5365,#5364,#6543,.T.);
#3994=EDGE_CURVE('',#5365,#5021,#6544,.T.);
#3995=EDGE_CURVE('',#5366,#5024,#6545,.T.);
#3996=EDGE_CURVE('',#5364,#5366,#6546,.T.);
#3997=EDGE_CURVE('',#5367,#5023,#6547,.T.);
#3998=EDGE_CURVE('',#5366,#5367,#6548,.T.);
#3999=EDGE_CURVE('',#5367,#5365,#6549,.T.);
#4000=EDGE_CURVE('',#5368,#5014,#6550,.T.);
#4001=EDGE_CURVE('',#5369,#5368,#6551,.T.);
#4002=EDGE_CURVE('',#5369,#5013,#6552,.T.);
#4003=EDGE_CURVE('',#5370,#5016,#6553,.T.);
#4004=EDGE_CURVE('',#5368,#5370,#6554,.T.);
#4005=EDGE_CURVE('',#5371,#5015,#6555,.T.);
#4006=EDGE_CURVE('',#5370,#5371,#6556,.T.);
#4007=EDGE_CURVE('',#5371,#5369,#6557,.T.);
#4008=EDGE_CURVE('',#5372,#5006,#6558,.T.);
#4009=EDGE_CURVE('',#5373,#5372,#6559,.T.);
#4010=EDGE_CURVE('',#5373,#5005,#6560,.T.);
#4011=EDGE_CURVE('',#5374,#5008,#6561,.T.);
#4012=EDGE_CURVE('',#5372,#5374,#6562,.T.);
#4013=EDGE_CURVE('',#5375,#5007,#6563,.T.);
#4014=EDGE_CURVE('',#5374,#5375,#6564,.T.);
#4015=EDGE_CURVE('',#5375,#5373,#6565,.T.);
#4016=EDGE_CURVE('',#5376,#4998,#6566,.T.);
#4017=EDGE_CURVE('',#5377,#5376,#6567,.T.);
#4018=EDGE_CURVE('',#5377,#4997,#6568,.T.);
#4019=EDGE_CURVE('',#5378,#5000,#6569,.T.);
#4020=EDGE_CURVE('',#5376,#5378,#6570,.T.);
#4021=EDGE_CURVE('',#5379,#4999,#6571,.T.);
#4022=EDGE_CURVE('',#5378,#5379,#6572,.T.);
#4023=EDGE_CURVE('',#5379,#5377,#6573,.T.);
#4024=EDGE_CURVE('',#5380,#4990,#6574,.T.);
#4025=EDGE_CURVE('',#5381,#5380,#6575,.T.);
#4026=EDGE_CURVE('',#5381,#4989,#6576,.T.);
#4027=EDGE_CURVE('',#5382,#4992,#6577,.T.);
#4028=EDGE_CURVE('',#5380,#5382,#6578,.T.);
#4029=EDGE_CURVE('',#5383,#4991,#6579,.T.);
#4030=EDGE_CURVE('',#5382,#5383,#6580,.T.);
#4031=EDGE_CURVE('',#5383,#5381,#6581,.T.);
#4032=EDGE_CURVE('',#5384,#5384,#102,.T.);
#4033=EDGE_CURVE('',#5385,#5385,#103,.T.);
#4034=EDGE_CURVE('',#5386,#5386,#104,.T.);
#4035=EDGE_CURVE('',#5387,#4971,#6582,.T.);
#4036=EDGE_CURVE('',#5388,#5387,#6583,.T.);
#4037=EDGE_CURVE('',#5388,#4973,#6584,.T.);
#4038=EDGE_CURVE('',#5389,#5388,#6585,.T.);
#4039=EDGE_CURVE('',#5389,#4974,#6586,.T.);
#4040=EDGE_CURVE('',#5390,#5389,#6587,.T.);
#4041=EDGE_CURVE('',#5390,#4972,#6588,.T.);
#4042=EDGE_CURVE('',#5387,#5390,#6589,.T.);
#4043=EDGE_CURVE('',#5391,#4975,#6590,.T.);
#4044=EDGE_CURVE('',#5392,#5391,#6591,.T.);
#4045=EDGE_CURVE('',#5392,#4977,#6592,.T.);
#4046=EDGE_CURVE('',#5393,#5392,#6593,.T.);
#4047=EDGE_CURVE('',#5393,#4978,#6594,.T.);
#4048=EDGE_CURVE('',#4979,#5394,#6595,.T.);
#4049=EDGE_CURVE('',#5395,#5394,#6596,.T.);
#4050=EDGE_CURVE('',#5395,#4980,#6597,.T.);
#4051=EDGE_CURVE('',#4976,#5396,#6598,.T.);
#4052=EDGE_CURVE('',#5391,#5396,#6599,.T.);
#4053=EDGE_CURVE('',#5394,#5393,#6600,.F.);
#4054=EDGE_CURVE('',#5396,#5395,#6601,.F.);
#4055=EDGE_CURVE('',#5397,#4982,#6602,.T.);
#4056=EDGE_CURVE('',#5398,#5397,#6603,.T.);
#4057=EDGE_CURVE('',#5398,#4981,#6604,.T.);
#4058=EDGE_CURVE('',#5399,#4984,#6605,.T.);
#4059=EDGE_CURVE('',#5397,#5399,#6606,.T.);
#4060=EDGE_CURVE('',#5400,#4983,#6607,.T.);
#4061=EDGE_CURVE('',#5399,#5400,#6608,.T.);
#4062=EDGE_CURVE('',#5400,#5398,#6609,.T.);
#4063=EDGE_CURVE('',#5401,#5401,#105,.T.);
#4064=EDGE_CURVE('',#5402,#5402,#106,.T.);
#4065=EDGE_CURVE('',#5403,#5403,#107,.T.);
#4066=EDGE_CURVE('',#5404,#5404,#108,.T.);
#4067=EDGE_CURVE('',#5405,#5405,#109,.T.);
#4068=EDGE_CURVE('',#5406,#4955,#6610,.T.);
#4069=EDGE_CURVE('',#5407,#5406,#6611,.T.);
#4070=EDGE_CURVE('',#5407,#4954,#6612,.T.);
#4071=EDGE_CURVE('',#4957,#5408,#6613,.T.);
#4072=EDGE_CURVE('',#5406,#5408,#6614,.T.);
#4073=EDGE_CURVE('',#5409,#4956,#6615,.T.);
#4074=EDGE_CURVE('',#4951,#5409,#6616,.T.);
#4075=EDGE_CURVE('',#5409,#5407,#6617,.T.);
#4076=EDGE_CURVE('',#5410,#5411,#6618,.T.);
#4077=EDGE_CURVE('',#4950,#5410,#6619,.T.);
#4078=EDGE_CURVE('',#5412,#5408,#6620,.T.);
#4079=EDGE_CURVE('',#5413,#5412,#6621,.T.);
#4080=EDGE_CURVE('',#5414,#5413,#6622,.T.);
#4081=EDGE_CURVE('',#5415,#5414,#6623,.T.);
#4082=EDGE_CURVE('',#5411,#5415,#6624,.T.);
#4083=EDGE_CURVE('',#5416,#4963,#6625,.T.);
#4084=EDGE_CURVE('',#5417,#5416,#6626,.T.);
#4085=EDGE_CURVE('',#5417,#4962,#6627,.T.);
#4086=EDGE_CURVE('',#4965,#5418,#6628,.T.);
#4087=EDGE_CURVE('',#5416,#5418,#6629,.T.);
#4088=EDGE_CURVE('',#5419,#4964,#6630,.T.);
#4089=EDGE_CURVE('',#4947,#5419,#6631,.T.);
#4090=EDGE_CURVE('',#5419,#5417,#6632,.T.);
#4091=EDGE_CURVE('',#5420,#5421,#6633,.T.);
#4092=EDGE_CURVE('',#4946,#5420,#6634,.T.);
#4093=EDGE_CURVE('',#5422,#5418,#6635,.T.);
#4094=EDGE_CURVE('',#5423,#5422,#6636,.T.);
#4095=EDGE_CURVE('',#5424,#5423,#6637,.T.);
#4096=EDGE_CURVE('',#5425,#5424,#6638,.T.);
#4097=EDGE_CURVE('',#5421,#5425,#6639,.T.);
#4098=EDGE_CURVE('',#4805,#4952,#6640,.T.);
#4099=EDGE_CURVE('',#4804,#4957,#6641,.T.);
#4100=EDGE_CURVE('',#4803,#5412,#6642,.T.);
#4101=EDGE_CURVE('',#4802,#5413,#6643,.T.);
#4102=EDGE_CURVE('',#4809,#5414,#6644,.T.);
#4103=EDGE_CURVE('',#4808,#5415,#6645,.T.);
#4104=EDGE_CURVE('',#4807,#5411,#6646,.T.);
#4105=EDGE_CURVE('',#4806,#5410,#6647,.T.);
#4106=EDGE_CURVE('',#5426,#4948,#6648,.T.);
#4107=EDGE_CURVE('',#5427,#5426,#6649,.T.);
#4108=EDGE_CURVE('',#5427,#4965,#6650,.T.);
#4109=EDGE_CURVE('',#5428,#5422,#6651,.T.);
#4110=EDGE_CURVE('',#5429,#5428,#6652,.T.);
#4111=EDGE_CURVE('',#5429,#5423,#6653,.T.);
#4112=EDGE_CURVE('',#5430,#5429,#6654,.T.);
#4113=EDGE_CURVE('',#5430,#5424,#6655,.T.);
#4114=EDGE_CURVE('',#5431,#5430,#6656,.T.);
#4115=EDGE_CURVE('',#5431,#5425,#6657,.T.);
#4116=EDGE_CURVE('',#5432,#5431,#6658,.T.);
#4117=EDGE_CURVE('',#5432,#5421,#6659,.T.);
#4118=EDGE_CURVE('',#5433,#5432,#6660,.T.);
#4119=EDGE_CURVE('',#5433,#5420,#6661,.T.);
#4120=EDGE_CURVE('',#5426,#5433,#6662,.T.);
#4121=EDGE_CURVE('',#5428,#5427,#6663,.T.);
#4122=EDGE_CURVE('',#5434,#5435,#6664,.T.);
#4123=EDGE_CURVE('',#5435,#5436,#6665,.T.);
#4124=EDGE_CURVE('',#5436,#5437,#6666,.T.);
#4125=EDGE_CURVE('',#5437,#5434,#6667,.T.);
#4126=EDGE_CURVE('',#5438,#5439,#6668,.T.);
#4127=EDGE_CURVE('',#5439,#5440,#6669,.T.);
#4128=EDGE_CURVE('',#5440,#5441,#6670,.T.);
#4129=EDGE_CURVE('',#5441,#5438,#6671,.T.);
#4130=EDGE_CURVE('',#5442,#5443,#6672,.T.);
#4131=EDGE_CURVE('',#5443,#5444,#6673,.T.);
#4132=EDGE_CURVE('',#5444,#5445,#6674,.T.);
#4133=EDGE_CURVE('',#5445,#5442,#6675,.T.);
#4134=EDGE_CURVE('',#5446,#5447,#6676,.T.);
#4135=EDGE_CURVE('',#5447,#5448,#6677,.T.);
#4136=EDGE_CURVE('',#5448,#5449,#6678,.T.);
#4137=EDGE_CURVE('',#5449,#5446,#6679,.T.);
#4138=EDGE_CURVE('',#5450,#5451,#6680,.T.);
#4139=EDGE_CURVE('',#5451,#5452,#6681,.T.);
#4140=EDGE_CURVE('',#5452,#5453,#6682,.T.);
#4141=EDGE_CURVE('',#5453,#5450,#6683,.T.);
#4142=EDGE_CURVE('',#5454,#5455,#6684,.T.);
#4143=EDGE_CURVE('',#5455,#5456,#6685,.T.);
#4144=EDGE_CURVE('',#5456,#5457,#6686,.T.);
#4145=EDGE_CURVE('',#5457,#5454,#6687,.T.);
#4146=EDGE_CURVE('',#5458,#5459,#6688,.T.);
#4147=EDGE_CURVE('',#5459,#5460,#6689,.T.);
#4148=EDGE_CURVE('',#5460,#5461,#6690,.T.);
#4149=EDGE_CURVE('',#5461,#5458,#6691,.T.);
#4150=EDGE_CURVE('',#5462,#5463,#6692,.T.);
#4151=EDGE_CURVE('',#5463,#5464,#6693,.T.);
#4152=EDGE_CURVE('',#5464,#5465,#6694,.T.);
#4153=EDGE_CURVE('',#5465,#5462,#6695,.T.);
#4154=EDGE_CURVE('',#5466,#5467,#6696,.T.);
#4155=EDGE_CURVE('',#5467,#5468,#6697,.T.);
#4156=EDGE_CURVE('',#5468,#5469,#6698,.T.);
#4157=EDGE_CURVE('',#5469,#5466,#6699,.T.);
#4158=EDGE_CURVE('',#5470,#5471,#6700,.T.);
#4159=EDGE_CURVE('',#5471,#5472,#6701,.T.);
#4160=EDGE_CURVE('',#5472,#5473,#6702,.T.);
#4161=EDGE_CURVE('',#5473,#5470,#6703,.T.);
#4162=EDGE_CURVE('',#5474,#5475,#6704,.T.);
#4163=EDGE_CURVE('',#5475,#5476,#6705,.T.);
#4164=EDGE_CURVE('',#5476,#5477,#6706,.T.);
#4165=EDGE_CURVE('',#5477,#5474,#6707,.T.);
#4166=EDGE_CURVE('',#5478,#5479,#6708,.T.);
#4167=EDGE_CURVE('',#5479,#5480,#6709,.T.);
#4168=EDGE_CURVE('',#5480,#5481,#6710,.T.);
#4169=EDGE_CURVE('',#5481,#5478,#6711,.T.);
#4170=EDGE_CURVE('',#5482,#5483,#6712,.T.);
#4171=EDGE_CURVE('',#5483,#5484,#6713,.T.);
#4172=EDGE_CURVE('',#5484,#5485,#6714,.T.);
#4173=EDGE_CURVE('',#5485,#5482,#6715,.T.);
#4174=EDGE_CURVE('',#5486,#5487,#6716,.T.);
#4175=EDGE_CURVE('',#5487,#5488,#6717,.T.);
#4176=EDGE_CURVE('',#5488,#5489,#6718,.T.);
#4177=EDGE_CURVE('',#5489,#5486,#6719,.T.);
#4178=EDGE_CURVE('',#5490,#5491,#6720,.T.);
#4179=EDGE_CURVE('',#5491,#5492,#6721,.T.);
#4180=EDGE_CURVE('',#5492,#5493,#6722,.T.);
#4181=EDGE_CURVE('',#5493,#5490,#6723,.T.);
#4182=EDGE_CURVE('',#5494,#5495,#6724,.T.);
#4183=EDGE_CURVE('',#5495,#5496,#6725,.T.);
#4184=EDGE_CURVE('',#5496,#5497,#6726,.T.);
#4185=EDGE_CURVE('',#5497,#5494,#6727,.T.);
#4186=EDGE_CURVE('',#5498,#5499,#6728,.T.);
#4187=EDGE_CURVE('',#5499,#5500,#6729,.T.);
#4188=EDGE_CURVE('',#5500,#5501,#6730,.T.);
#4189=EDGE_CURVE('',#5501,#5498,#6731,.T.);
#4190=EDGE_CURVE('',#5502,#5503,#6732,.T.);
#4191=EDGE_CURVE('',#5503,#5504,#6733,.T.);
#4192=EDGE_CURVE('',#5504,#5505,#6734,.T.);
#4193=EDGE_CURVE('',#5505,#5502,#6735,.T.);
#4194=EDGE_CURVE('',#5506,#5507,#6736,.T.);
#4195=EDGE_CURVE('',#5507,#5508,#6737,.T.);
#4196=EDGE_CURVE('',#5508,#5509,#6738,.T.);
#4197=EDGE_CURVE('',#5509,#5506,#6739,.T.);
#4198=EDGE_CURVE('',#5510,#5511,#6740,.T.);
#4199=EDGE_CURVE('',#5511,#5512,#6741,.T.);
#4200=EDGE_CURVE('',#5512,#5513,#6742,.T.);
#4201=EDGE_CURVE('',#5513,#5510,#6743,.T.);
#4202=EDGE_CURVE('',#5514,#5515,#6744,.T.);
#4203=EDGE_CURVE('',#5515,#5516,#6745,.T.);
#4204=EDGE_CURVE('',#5516,#5517,#6746,.T.);
#4205=EDGE_CURVE('',#5517,#5514,#6747,.T.);
#4206=EDGE_CURVE('',#5518,#5519,#6748,.T.);
#4207=EDGE_CURVE('',#5519,#5520,#6749,.T.);
#4208=EDGE_CURVE('',#5520,#5521,#6750,.T.);
#4209=EDGE_CURVE('',#5521,#5518,#6751,.T.);
#4210=EDGE_CURVE('',#5522,#5523,#6752,.T.);
#4211=EDGE_CURVE('',#5523,#5524,#6753,.T.);
#4212=EDGE_CURVE('',#5524,#5525,#6754,.T.);
#4213=EDGE_CURVE('',#5525,#5522,#6755,.T.);
#4214=EDGE_CURVE('',#5526,#5527,#6756,.T.);
#4215=EDGE_CURVE('',#5527,#5528,#6757,.T.);
#4216=EDGE_CURVE('',#5528,#5529,#6758,.T.);
#4217=EDGE_CURVE('',#5529,#5526,#6759,.T.);
#4218=EDGE_CURVE('',#5530,#5531,#6760,.T.);
#4219=EDGE_CURVE('',#5531,#5532,#6761,.T.);
#4220=EDGE_CURVE('',#5532,#5533,#6762,.T.);
#4221=EDGE_CURVE('',#5533,#5530,#6763,.T.);
#4222=EDGE_CURVE('',#5534,#5535,#6764,.T.);
#4223=EDGE_CURVE('',#5535,#5536,#6765,.T.);
#4224=EDGE_CURVE('',#5536,#5537,#6766,.T.);
#4225=EDGE_CURVE('',#5537,#5534,#6767,.T.);
#4226=EDGE_CURVE('',#5538,#5539,#6768,.T.);
#4227=EDGE_CURVE('',#5539,#5540,#6769,.T.);
#4228=EDGE_CURVE('',#5540,#5541,#6770,.T.);
#4229=EDGE_CURVE('',#5541,#5538,#6771,.T.);
#4230=EDGE_CURVE('',#5542,#5543,#6772,.T.);
#4231=EDGE_CURVE('',#5543,#5544,#6773,.T.);
#4232=EDGE_CURVE('',#5544,#5545,#6774,.T.);
#4233=EDGE_CURVE('',#5545,#5542,#6775,.T.);
#4234=EDGE_CURVE('',#5546,#5547,#6776,.T.);
#4235=EDGE_CURVE('',#5547,#5548,#6777,.T.);
#4236=EDGE_CURVE('',#5548,#5549,#6778,.T.);
#4237=EDGE_CURVE('',#5549,#5546,#6779,.T.);
#4238=EDGE_CURVE('',#5550,#5551,#6780,.T.);
#4239=EDGE_CURVE('',#5551,#5552,#6781,.T.);
#4240=EDGE_CURVE('',#5552,#5553,#6782,.T.);
#4241=EDGE_CURVE('',#5553,#5550,#6783,.T.);
#4242=EDGE_CURVE('',#5554,#5555,#6784,.T.);
#4243=EDGE_CURVE('',#5555,#5556,#6785,.T.);
#4244=EDGE_CURVE('',#5556,#5557,#6786,.T.);
#4245=EDGE_CURVE('',#5557,#5554,#6787,.T.);
#4246=EDGE_CURVE('',#5558,#5559,#6788,.T.);
#4247=EDGE_CURVE('',#5559,#5560,#6789,.T.);
#4248=EDGE_CURVE('',#5560,#5561,#6790,.T.);
#4249=EDGE_CURVE('',#5561,#5558,#6791,.T.);
#4250=EDGE_CURVE('',#5562,#5563,#6792,.T.);
#4251=EDGE_CURVE('',#5563,#5564,#6793,.T.);
#4252=EDGE_CURVE('',#5564,#5565,#6794,.T.);
#4253=EDGE_CURVE('',#5565,#5562,#6795,.T.);
#4254=EDGE_CURVE('',#5566,#5567,#6796,.T.);
#4255=EDGE_CURVE('',#5567,#5568,#6797,.T.);
#4256=EDGE_CURVE('',#5568,#5569,#6798,.T.);
#4257=EDGE_CURVE('',#5569,#5566,#6799,.T.);
#4258=EDGE_CURVE('',#5570,#4810,#6800,.T.);
#4259=EDGE_CURVE('',#5571,#5570,#6801,.T.);
#4260=EDGE_CURVE('',#5571,#4812,#6802,.T.);
#4261=EDGE_CURVE('',#5572,#4811,#6803,.T.);
#4262=EDGE_CURVE('',#5570,#5572,#6804,.T.);
#4263=EDGE_CURVE('',#5573,#4813,#6805,.T.);
#4264=EDGE_CURVE('',#5572,#5573,#6806,.T.);
#4265=EDGE_CURVE('',#5573,#5571,#6807,.T.);
#4266=EDGE_CURVE('',#5574,#4814,#6808,.T.);
#4267=EDGE_CURVE('',#5575,#5574,#6809,.T.);
#4268=EDGE_CURVE('',#5575,#4816,#6810,.T.);
#4269=EDGE_CURVE('',#5576,#4815,#6811,.T.);
#4270=EDGE_CURVE('',#5574,#5576,#6812,.T.);
#4271=EDGE_CURVE('',#5577,#4817,#6813,.T.);
#4272=EDGE_CURVE('',#5576,#5577,#6814,.T.);
#4273=EDGE_CURVE('',#5577,#5575,#6815,.T.);
#4274=EDGE_CURVE('',#5578,#4818,#6816,.T.);
#4275=EDGE_CURVE('',#5579,#5578,#6817,.T.);
#4276=EDGE_CURVE('',#5579,#4820,#6818,.T.);
#4277=EDGE_CURVE('',#5580,#4819,#6819,.T.);
#4278=EDGE_CURVE('',#5578,#5580,#6820,.T.);
#4279=EDGE_CURVE('',#5581,#4821,#6821,.T.);
#4280=EDGE_CURVE('',#5580,#5581,#6822,.T.);
#4281=EDGE_CURVE('',#5581,#5579,#6823,.T.);
#4282=EDGE_CURVE('',#5582,#4822,#6824,.T.);
#4283=EDGE_CURVE('',#5583,#5582,#6825,.T.);
#4284=EDGE_CURVE('',#5583,#4824,#6826,.T.);
#4285=EDGE_CURVE('',#5584,#4823,#6827,.T.);
#4286=EDGE_CURVE('',#5582,#5584,#6828,.T.);
#4287=EDGE_CURVE('',#5585,#4825,#6829,.T.);
#4288=EDGE_CURVE('',#5584,#5585,#6830,.T.);
#4289=EDGE_CURVE('',#5585,#5583,#6831,.T.);
#4290=EDGE_CURVE('',#5586,#4826,#6832,.T.);
#4291=EDGE_CURVE('',#5587,#5586,#6833,.T.);
#4292=EDGE_CURVE('',#5587,#4828,#6834,.T.);
#4293=EDGE_CURVE('',#5588,#4827,#6835,.T.);
#4294=EDGE_CURVE('',#5586,#5588,#6836,.T.);
#4295=EDGE_CURVE('',#5589,#4829,#6837,.T.);
#4296=EDGE_CURVE('',#5588,#5589,#6838,.T.);
#4297=EDGE_CURVE('',#5589,#5587,#6839,.T.);
#4298=EDGE_CURVE('',#5590,#4830,#6840,.T.);
#4299=EDGE_CURVE('',#5591,#5590,#6841,.T.);
#4300=EDGE_CURVE('',#5591,#4832,#6842,.T.);
#4301=EDGE_CURVE('',#5592,#4831,#6843,.T.);
#4302=EDGE_CURVE('',#5590,#5592,#6844,.T.);
#4303=EDGE_CURVE('',#5593,#4833,#6845,.T.);
#4304=EDGE_CURVE('',#5592,#5593,#6846,.T.);
#4305=EDGE_CURVE('',#5593,#5591,#6847,.T.);
#4306=EDGE_CURVE('',#5594,#4834,#6848,.T.);
#4307=EDGE_CURVE('',#5595,#5594,#6849,.T.);
#4308=EDGE_CURVE('',#5595,#4836,#6850,.T.);
#4309=EDGE_CURVE('',#5596,#4835,#6851,.T.);
#4310=EDGE_CURVE('',#5594,#5596,#6852,.T.);
#4311=EDGE_CURVE('',#5597,#4837,#6853,.T.);
#4312=EDGE_CURVE('',#5596,#5597,#6854,.T.);
#4313=EDGE_CURVE('',#5597,#5595,#6855,.T.);
#4314=EDGE_CURVE('',#5598,#4838,#6856,.T.);
#4315=EDGE_CURVE('',#5599,#5598,#6857,.T.);
#4316=EDGE_CURVE('',#5599,#4840,#6858,.T.);
#4317=EDGE_CURVE('',#5600,#4839,#6859,.T.);
#4318=EDGE_CURVE('',#5598,#5600,#6860,.T.);
#4319=EDGE_CURVE('',#5601,#4841,#6861,.T.);
#4320=EDGE_CURVE('',#5600,#5601,#6862,.T.);
#4321=EDGE_CURVE('',#5601,#5599,#6863,.T.);
#4322=EDGE_CURVE('',#5602,#4842,#6864,.T.);
#4323=EDGE_CURVE('',#5603,#5602,#6865,.T.);
#4324=EDGE_CURVE('',#5603,#4844,#6866,.T.);
#4325=EDGE_CURVE('',#5604,#4843,#6867,.T.);
#4326=EDGE_CURVE('',#5602,#5604,#6868,.T.);
#4327=EDGE_CURVE('',#5605,#4845,#6869,.T.);
#4328=EDGE_CURVE('',#5604,#5605,#6870,.T.);
#4329=EDGE_CURVE('',#5605,#5603,#6871,.T.);
#4330=EDGE_CURVE('',#5606,#4846,#6872,.T.);
#4331=EDGE_CURVE('',#5607,#5606,#6873,.T.);
#4332=EDGE_CURVE('',#5607,#4848,#6874,.T.);
#4333=EDGE_CURVE('',#5608,#4847,#6875,.T.);
#4334=EDGE_CURVE('',#5606,#5608,#6876,.T.);
#4335=EDGE_CURVE('',#5609,#4849,#6877,.T.);
#4336=EDGE_CURVE('',#5608,#5609,#6878,.T.);
#4337=EDGE_CURVE('',#5609,#5607,#6879,.T.);
#4338=EDGE_CURVE('',#5610,#4850,#6880,.T.);
#4339=EDGE_CURVE('',#5611,#5610,#6881,.T.);
#4340=EDGE_CURVE('',#5611,#4852,#6882,.T.);
#4341=EDGE_CURVE('',#5612,#4851,#6883,.T.);
#4342=EDGE_CURVE('',#5610,#5612,#6884,.T.);
#4343=EDGE_CURVE('',#5613,#4853,#6885,.T.);
#4344=EDGE_CURVE('',#5612,#5613,#6886,.T.);
#4345=EDGE_CURVE('',#5613,#5611,#6887,.T.);
#4346=EDGE_CURVE('',#5614,#4854,#6888,.T.);
#4347=EDGE_CURVE('',#5615,#5614,#6889,.T.);
#4348=EDGE_CURVE('',#5615,#4856,#6890,.T.);
#4349=EDGE_CURVE('',#5616,#4855,#6891,.T.);
#4350=EDGE_CURVE('',#5614,#5616,#6892,.T.);
#4351=EDGE_CURVE('',#5617,#4857,#6893,.T.);
#4352=EDGE_CURVE('',#5616,#5617,#6894,.T.);
#4353=EDGE_CURVE('',#5617,#5615,#6895,.T.);
#4354=EDGE_CURVE('',#5618,#4858,#6896,.T.);
#4355=EDGE_CURVE('',#5619,#5618,#6897,.T.);
#4356=EDGE_CURVE('',#5619,#4860,#6898,.T.);
#4357=EDGE_CURVE('',#5620,#4859,#6899,.T.);
#4358=EDGE_CURVE('',#5618,#5620,#6900,.T.);
#4359=EDGE_CURVE('',#5621,#4861,#6901,.T.);
#4360=EDGE_CURVE('',#5620,#5621,#6902,.T.);
#4361=EDGE_CURVE('',#5621,#5619,#6903,.T.);
#4362=EDGE_CURVE('',#5622,#4862,#6904,.T.);
#4363=EDGE_CURVE('',#5623,#5622,#6905,.T.);
#4364=EDGE_CURVE('',#5623,#4864,#6906,.T.);
#4365=EDGE_CURVE('',#5624,#4863,#6907,.T.);
#4366=EDGE_CURVE('',#5622,#5624,#6908,.T.);
#4367=EDGE_CURVE('',#5625,#4865,#6909,.T.);
#4368=EDGE_CURVE('',#5624,#5625,#6910,.T.);
#4369=EDGE_CURVE('',#5625,#5623,#6911,.T.);
#4370=EDGE_CURVE('',#5626,#4866,#6912,.T.);
#4371=EDGE_CURVE('',#5627,#5626,#6913,.T.);
#4372=EDGE_CURVE('',#5627,#4868,#6914,.T.);
#4373=EDGE_CURVE('',#5628,#4867,#6915,.T.);
#4374=EDGE_CURVE('',#5626,#5628,#6916,.T.);
#4375=EDGE_CURVE('',#5629,#4869,#6917,.T.);
#4376=EDGE_CURVE('',#5628,#5629,#6918,.T.);
#4377=EDGE_CURVE('',#5629,#5627,#6919,.T.);
#4378=EDGE_CURVE('',#5630,#4870,#6920,.T.);
#4379=EDGE_CURVE('',#5631,#5630,#6921,.T.);
#4380=EDGE_CURVE('',#5631,#4872,#6922,.T.);
#4381=EDGE_CURVE('',#5632,#4871,#6923,.T.);
#4382=EDGE_CURVE('',#5630,#5632,#6924,.T.);
#4383=EDGE_CURVE('',#5633,#4873,#6925,.T.);
#4384=EDGE_CURVE('',#5632,#5633,#6926,.T.);
#4385=EDGE_CURVE('',#5633,#5631,#6927,.T.);
#4386=EDGE_CURVE('',#5634,#4874,#6928,.T.);
#4387=EDGE_CURVE('',#5635,#5634,#6929,.T.);
#4388=EDGE_CURVE('',#5635,#4876,#6930,.T.);
#4389=EDGE_CURVE('',#5636,#4875,#6931,.T.);
#4390=EDGE_CURVE('',#5634,#5636,#6932,.T.);
#4391=EDGE_CURVE('',#5637,#4877,#6933,.T.);
#4392=EDGE_CURVE('',#5636,#5637,#6934,.T.);
#4393=EDGE_CURVE('',#5637,#5635,#6935,.T.);
#4394=EDGE_CURVE('',#5638,#4878,#6936,.T.);
#4395=EDGE_CURVE('',#5639,#5638,#6937,.T.);
#4396=EDGE_CURVE('',#5639,#4880,#6938,.T.);
#4397=EDGE_CURVE('',#5640,#4879,#6939,.T.);
#4398=EDGE_CURVE('',#5638,#5640,#6940,.T.);
#4399=EDGE_CURVE('',#5641,#4881,#6941,.T.);
#4400=EDGE_CURVE('',#5640,#5641,#6942,.T.);
#4401=EDGE_CURVE('',#5641,#5639,#6943,.T.);
#4402=EDGE_CURVE('',#5642,#4882,#6944,.T.);
#4403=EDGE_CURVE('',#5643,#5642,#6945,.T.);
#4404=EDGE_CURVE('',#5643,#4884,#6946,.T.);
#4405=EDGE_CURVE('',#5644,#4883,#6947,.T.);
#4406=EDGE_CURVE('',#5642,#5644,#6948,.T.);
#4407=EDGE_CURVE('',#5645,#4885,#6949,.T.);
#4408=EDGE_CURVE('',#5644,#5645,#6950,.T.);
#4409=EDGE_CURVE('',#5645,#5643,#6951,.T.);
#4410=EDGE_CURVE('',#5646,#4886,#6952,.T.);
#4411=EDGE_CURVE('',#5647,#5646,#6953,.T.);
#4412=EDGE_CURVE('',#5647,#4888,#6954,.T.);
#4413=EDGE_CURVE('',#5648,#4887,#6955,.T.);
#4414=EDGE_CURVE('',#5646,#5648,#6956,.T.);
#4415=EDGE_CURVE('',#5649,#4889,#6957,.T.);
#4416=EDGE_CURVE('',#5648,#5649,#6958,.T.);
#4417=EDGE_CURVE('',#5649,#5647,#6959,.T.);
#4418=EDGE_CURVE('',#5650,#4890,#6960,.T.);
#4419=EDGE_CURVE('',#5651,#5650,#6961,.T.);
#4420=EDGE_CURVE('',#5651,#4892,#6962,.T.);
#4421=EDGE_CURVE('',#5652,#4891,#6963,.T.);
#4422=EDGE_CURVE('',#5650,#5652,#6964,.T.);
#4423=EDGE_CURVE('',#5653,#4893,#6965,.T.);
#4424=EDGE_CURVE('',#5652,#5653,#6966,.T.);
#4425=EDGE_CURVE('',#5653,#5651,#6967,.T.);
#4426=EDGE_CURVE('',#5654,#4894,#6968,.T.);
#4427=EDGE_CURVE('',#5655,#5654,#6969,.T.);
#4428=EDGE_CURVE('',#5655,#4896,#6970,.T.);
#4429=EDGE_CURVE('',#5656,#4895,#6971,.T.);
#4430=EDGE_CURVE('',#5654,#5656,#6972,.T.);
#4431=EDGE_CURVE('',#5657,#4897,#6973,.T.);
#4432=EDGE_CURVE('',#5656,#5657,#6974,.T.);
#4433=EDGE_CURVE('',#5657,#5655,#6975,.T.);
#4434=EDGE_CURVE('',#5658,#4898,#6976,.T.);
#4435=EDGE_CURVE('',#5659,#5658,#6977,.T.);
#4436=EDGE_CURVE('',#5659,#4900,#6978,.T.);
#4437=EDGE_CURVE('',#5660,#4899,#6979,.T.);
#4438=EDGE_CURVE('',#5658,#5660,#6980,.T.);
#4439=EDGE_CURVE('',#5661,#4901,#6981,.T.);
#4440=EDGE_CURVE('',#5660,#5661,#6982,.T.);
#4441=EDGE_CURVE('',#5661,#5659,#6983,.T.);
#4442=EDGE_CURVE('',#5662,#4902,#6984,.T.);
#4443=EDGE_CURVE('',#5663,#5662,#6985,.T.);
#4444=EDGE_CURVE('',#5663,#4904,#6986,.T.);
#4445=EDGE_CURVE('',#5664,#4903,#6987,.T.);
#4446=EDGE_CURVE('',#5662,#5664,#6988,.T.);
#4447=EDGE_CURVE('',#5665,#4905,#6989,.T.);
#4448=EDGE_CURVE('',#5664,#5665,#6990,.T.);
#4449=EDGE_CURVE('',#5665,#5663,#6991,.T.);
#4450=EDGE_CURVE('',#5666,#4906,#6992,.T.);
#4451=EDGE_CURVE('',#5667,#5666,#6993,.T.);
#4452=EDGE_CURVE('',#5667,#4908,#6994,.T.);
#4453=EDGE_CURVE('',#5668,#4907,#6995,.T.);
#4454=EDGE_CURVE('',#5666,#5668,#6996,.T.);
#4455=EDGE_CURVE('',#5669,#4909,#6997,.T.);
#4456=EDGE_CURVE('',#5668,#5669,#6998,.T.);
#4457=EDGE_CURVE('',#5669,#5667,#6999,.T.);
#4458=EDGE_CURVE('',#5670,#4910,#7000,.T.);
#4459=EDGE_CURVE('',#5671,#5670,#7001,.T.);
#4460=EDGE_CURVE('',#5671,#4912,#7002,.T.);
#4461=EDGE_CURVE('',#5672,#4911,#7003,.T.);
#4462=EDGE_CURVE('',#5670,#5672,#7004,.T.);
#4463=EDGE_CURVE('',#5673,#4913,#7005,.T.);
#4464=EDGE_CURVE('',#5672,#5673,#7006,.T.);
#4465=EDGE_CURVE('',#5673,#5671,#7007,.T.);
#4466=EDGE_CURVE('',#5674,#4914,#7008,.T.);
#4467=EDGE_CURVE('',#5675,#5674,#7009,.T.);
#4468=EDGE_CURVE('',#5675,#4916,#7010,.T.);
#4469=EDGE_CURVE('',#5676,#4915,#7011,.T.);
#4470=EDGE_CURVE('',#5674,#5676,#7012,.T.);
#4471=EDGE_CURVE('',#5677,#4917,#7013,.T.);
#4472=EDGE_CURVE('',#5676,#5677,#7014,.T.);
#4473=EDGE_CURVE('',#5677,#5675,#7015,.T.);
#4474=EDGE_CURVE('',#5678,#4918,#7016,.T.);
#4475=EDGE_CURVE('',#5679,#5678,#7017,.T.);
#4476=EDGE_CURVE('',#5679,#4920,#7018,.T.);
#4477=EDGE_CURVE('',#5680,#4919,#7019,.T.);
#4478=EDGE_CURVE('',#5678,#5680,#7020,.T.);
#4479=EDGE_CURVE('',#5681,#4921,#7021,.T.);
#4480=EDGE_CURVE('',#5680,#5681,#7022,.T.);
#4481=EDGE_CURVE('',#5681,#5679,#7023,.T.);
#4482=EDGE_CURVE('',#5682,#4922,#7024,.T.);
#4483=EDGE_CURVE('',#5683,#5682,#7025,.T.);
#4484=EDGE_CURVE('',#5683,#4924,#7026,.T.);
#4485=EDGE_CURVE('',#5684,#4923,#7027,.T.);
#4486=EDGE_CURVE('',#5682,#5684,#7028,.T.);
#4487=EDGE_CURVE('',#5685,#4925,#7029,.T.);
#4488=EDGE_CURVE('',#5684,#5685,#7030,.T.);
#4489=EDGE_CURVE('',#5685,#5683,#7031,.T.);
#4490=EDGE_CURVE('',#5686,#4926,#7032,.T.);
#4491=EDGE_CURVE('',#5687,#5686,#7033,.T.);
#4492=EDGE_CURVE('',#5687,#4928,#7034,.T.);
#4493=EDGE_CURVE('',#5688,#4927,#7035,.T.);
#4494=EDGE_CURVE('',#5686,#5688,#7036,.T.);
#4495=EDGE_CURVE('',#5689,#4929,#7037,.T.);
#4496=EDGE_CURVE('',#5688,#5689,#7038,.T.);
#4497=EDGE_CURVE('',#5689,#5687,#7039,.T.);
#4498=EDGE_CURVE('',#5690,#4930,#7040,.T.);
#4499=EDGE_CURVE('',#5691,#5690,#7041,.T.);
#4500=EDGE_CURVE('',#5691,#4932,#7042,.T.);
#4501=EDGE_CURVE('',#5692,#4931,#7043,.T.);
#4502=EDGE_CURVE('',#5690,#5692,#7044,.T.);
#4503=EDGE_CURVE('',#5693,#4933,#7045,.T.);
#4504=EDGE_CURVE('',#5692,#5693,#7046,.T.);
#4505=EDGE_CURVE('',#5693,#5691,#7047,.T.);
#4506=EDGE_CURVE('',#5694,#4934,#7048,.T.);
#4507=EDGE_CURVE('',#5695,#5694,#7049,.T.);
#4508=EDGE_CURVE('',#5695,#4936,#7050,.T.);
#4509=EDGE_CURVE('',#5696,#4935,#7051,.T.);
#4510=EDGE_CURVE('',#5694,#5696,#7052,.T.);
#4511=EDGE_CURVE('',#5697,#4937,#7053,.T.);
#4512=EDGE_CURVE('',#5696,#5697,#7054,.T.);
#4513=EDGE_CURVE('',#5697,#5695,#7055,.T.);
#4514=EDGE_CURVE('',#5698,#4938,#7056,.T.);
#4515=EDGE_CURVE('',#5699,#5698,#7057,.T.);
#4516=EDGE_CURVE('',#5699,#4940,#7058,.T.);
#4517=EDGE_CURVE('',#5700,#4939,#7059,.T.);
#4518=EDGE_CURVE('',#5698,#5700,#7060,.T.);
#4519=EDGE_CURVE('',#5701,#4941,#7061,.T.);
#4520=EDGE_CURVE('',#5700,#5701,#7062,.T.);
#4521=EDGE_CURVE('',#5701,#5699,#7063,.T.);
#4522=EDGE_CURVE('',#5702,#4942,#7064,.T.);
#4523=EDGE_CURVE('',#5703,#5702,#7065,.T.);
#4524=EDGE_CURVE('',#5703,#4944,#7066,.T.);
#4525=EDGE_CURVE('',#5704,#4943,#7067,.T.);
#4526=EDGE_CURVE('',#5702,#5704,#7068,.T.);
#4527=EDGE_CURVE('',#5705,#4945,#7069,.T.);
#4528=EDGE_CURVE('',#5704,#5705,#7070,.T.);
#4529=EDGE_CURVE('',#5705,#5703,#7071,.T.);
#4530=EDGE_CURVE('',#5706,#5566,#7072,.T.);
#4531=EDGE_CURVE('',#5706,#5707,#7073,.T.);
#4532=EDGE_CURVE('',#5707,#5567,#7074,.T.);
#4533=EDGE_CURVE('',#5708,#5569,#7075,.T.);
#4534=EDGE_CURVE('',#5708,#5706,#7076,.T.);
#4535=EDGE_CURVE('',#5709,#5568,#7077,.T.);
#4536=EDGE_CURVE('',#5709,#5708,#7078,.T.);
#4537=EDGE_CURVE('',#5707,#5709,#7079,.T.);
#4538=EDGE_CURVE('',#5710,#5562,#7080,.T.);
#4539=EDGE_CURVE('',#5710,#5711,#7081,.T.);
#4540=EDGE_CURVE('',#5711,#5563,#7082,.T.);
#4541=EDGE_CURVE('',#5712,#5565,#7083,.T.);
#4542=EDGE_CURVE('',#5712,#5710,#7084,.T.);
#4543=EDGE_CURVE('',#5713,#5564,#7085,.T.);
#4544=EDGE_CURVE('',#5713,#5712,#7086,.T.);
#4545=EDGE_CURVE('',#5711,#5713,#7087,.T.);
#4546=EDGE_CURVE('',#5714,#5558,#7088,.T.);
#4547=EDGE_CURVE('',#5714,#5715,#7089,.T.);
#4548=EDGE_CURVE('',#5715,#5559,#7090,.T.);
#4549=EDGE_CURVE('',#5716,#5561,#7091,.T.);
#4550=EDGE_CURVE('',#5716,#5714,#7092,.T.);
#4551=EDGE_CURVE('',#5717,#5560,#7093,.T.);
#4552=EDGE_CURVE('',#5717,#5716,#7094,.T.);
#4553=EDGE_CURVE('',#5715,#5717,#7095,.T.);
#4554=EDGE_CURVE('',#5718,#5554,#7096,.T.);
#4555=EDGE_CURVE('',#5718,#5719,#7097,.T.);
#4556=EDGE_CURVE('',#5719,#5555,#7098,.T.);
#4557=EDGE_CURVE('',#5720,#5557,#7099,.T.);
#4558=EDGE_CURVE('',#5720,#5718,#7100,.T.);
#4559=EDGE_CURVE('',#5721,#5556,#7101,.T.);
#4560=EDGE_CURVE('',#5721,#5720,#7102,.T.);
#4561=EDGE_CURVE('',#5719,#5721,#7103,.T.);
#4562=EDGE_CURVE('',#5722,#5550,#7104,.T.);
#4563=EDGE_CURVE('',#5722,#5723,#7105,.T.);
#4564=EDGE_CURVE('',#5723,#5551,#7106,.T.);
#4565=EDGE_CURVE('',#5724,#5553,#7107,.T.);
#4566=EDGE_CURVE('',#5724,#5722,#7108,.T.);
#4567=EDGE_CURVE('',#5725,#5552,#7109,.T.);
#4568=EDGE_CURVE('',#5725,#5724,#7110,.T.);
#4569=EDGE_CURVE('',#5723,#5725,#7111,.T.);
#4570=EDGE_CURVE('',#5726,#5546,#7112,.T.);
#4571=EDGE_CURVE('',#5726,#5727,#7113,.T.);
#4572=EDGE_CURVE('',#5727,#5547,#7114,.T.);
#4573=EDGE_CURVE('',#5728,#5549,#7115,.T.);
#4574=EDGE_CURVE('',#5728,#5726,#7116,.T.);
#4575=EDGE_CURVE('',#5729,#5548,#7117,.T.);
#4576=EDGE_CURVE('',#5729,#5728,#7118,.T.);
#4577=EDGE_CURVE('',#5727,#5729,#7119,.T.);
#4578=EDGE_CURVE('',#5730,#5542,#7120,.T.);
#4579=EDGE_CURVE('',#5730,#5731,#7121,.T.);
#4580=EDGE_CURVE('',#5731,#5543,#7122,.T.);
#4581=EDGE_CURVE('',#5732,#5545,#7123,.T.);
#4582=EDGE_CURVE('',#5732,#5730,#7124,.T.);
#4583=EDGE_CURVE('',#5733,#5544,#7125,.T.);
#4584=EDGE_CURVE('',#5733,#5732,#7126,.T.);
#4585=EDGE_CURVE('',#5731,#5733,#7127,.T.);
#4586=EDGE_CURVE('',#5734,#5538,#7128,.T.);
#4587=EDGE_CURVE('',#5734,#5735,#7129,.T.);
#4588=EDGE_CURVE('',#5735,#5539,#7130,.T.);
#4589=EDGE_CURVE('',#5736,#5541,#7131,.T.);
#4590=EDGE_CURVE('',#5736,#5734,#7132,.T.);
#4591=EDGE_CURVE('',#5737,#5540,#7133,.T.);
#4592=EDGE_CURVE('',#5737,#5736,#7134,.T.);
#4593=EDGE_CURVE('',#5735,#5737,#7135,.T.);
#4594=EDGE_CURVE('',#5738,#5534,#7136,.T.);
#4595=EDGE_CURVE('',#5738,#5739,#7137,.T.);
#4596=EDGE_CURVE('',#5739,#5535,#7138,.T.);
#4597=EDGE_CURVE('',#5740,#5537,#7139,.T.);
#4598=EDGE_CURVE('',#5740,#5738,#7140,.T.);
#4599=EDGE_CURVE('',#5741,#5536,#7141,.T.);
#4600=EDGE_CURVE('',#5741,#5740,#7142,.T.);
#4601=EDGE_CURVE('',#5739,#5741,#7143,.T.);
#4602=EDGE_CURVE('',#5742,#5530,#7144,.T.);
#4603=EDGE_CURVE('',#5742,#5743,#7145,.T.);
#4604=EDGE_CURVE('',#5743,#5531,#7146,.T.);
#4605=EDGE_CURVE('',#5744,#5533,#7147,.T.);
#4606=EDGE_CURVE('',#5744,#5742,#7148,.T.);
#4607=EDGE_CURVE('',#5745,#5532,#7149,.T.);
#4608=EDGE_CURVE('',#5745,#5744,#7150,.T.);
#4609=EDGE_CURVE('',#5743,#5745,#7151,.T.);
#4610=EDGE_CURVE('',#5746,#5526,#7152,.T.);
#4611=EDGE_CURVE('',#5746,#5747,#7153,.T.);
#4612=EDGE_CURVE('',#5747,#5527,#7154,.T.);
#4613=EDGE_CURVE('',#5748,#5529,#7155,.T.);
#4614=EDGE_CURVE('',#5748,#5746,#7156,.T.);
#4615=EDGE_CURVE('',#5749,#5528,#7157,.T.);
#4616=EDGE_CURVE('',#5749,#5748,#7158,.T.);
#4617=EDGE_CURVE('',#5747,#5749,#7159,.T.);
#4618=EDGE_CURVE('',#5750,#5522,#7160,.T.);
#4619=EDGE_CURVE('',#5750,#5751,#7161,.T.);
#4620=EDGE_CURVE('',#5751,#5523,#7162,.T.);
#4621=EDGE_CURVE('',#5752,#5525,#7163,.T.);
#4622=EDGE_CURVE('',#5752,#5750,#7164,.T.);
#4623=EDGE_CURVE('',#5753,#5524,#7165,.T.);
#4624=EDGE_CURVE('',#5753,#5752,#7166,.T.);
#4625=EDGE_CURVE('',#5751,#5753,#7167,.T.);
#4626=EDGE_CURVE('',#5754,#5518,#7168,.T.);
#4627=EDGE_CURVE('',#5754,#5755,#7169,.T.);
#4628=EDGE_CURVE('',#5755,#5519,#7170,.T.);
#4629=EDGE_CURVE('',#5756,#5521,#7171,.T.);
#4630=EDGE_CURVE('',#5756,#5754,#7172,.T.);
#4631=EDGE_CURVE('',#5757,#5520,#7173,.T.);
#4632=EDGE_CURVE('',#5757,#5756,#7174,.T.);
#4633=EDGE_CURVE('',#5755,#5757,#7175,.T.);
#4634=EDGE_CURVE('',#5758,#5514,#7176,.T.);
#4635=EDGE_CURVE('',#5758,#5759,#7177,.T.);
#4636=EDGE_CURVE('',#5759,#5515,#7178,.T.);
#4637=EDGE_CURVE('',#5760,#5517,#7179,.T.);
#4638=EDGE_CURVE('',#5760,#5758,#7180,.T.);
#4639=EDGE_CURVE('',#5761,#5516,#7181,.T.);
#4640=EDGE_CURVE('',#5761,#5760,#7182,.T.);
#4641=EDGE_CURVE('',#5759,#5761,#7183,.T.);
#4642=EDGE_CURVE('',#5762,#5510,#7184,.T.);
#4643=EDGE_CURVE('',#5762,#5763,#7185,.T.);
#4644=EDGE_CURVE('',#5763,#5511,#7186,.T.);
#4645=EDGE_CURVE('',#5764,#5513,#7187,.T.);
#4646=EDGE_CURVE('',#5764,#5762,#7188,.T.);
#4647=EDGE_CURVE('',#5765,#5512,#7189,.T.);
#4648=EDGE_CURVE('',#5765,#5764,#7190,.T.);
#4649=EDGE_CURVE('',#5763,#5765,#7191,.T.);
#4650=EDGE_CURVE('',#5766,#5506,#7192,.T.);
#4651=EDGE_CURVE('',#5766,#5767,#7193,.T.);
#4652=EDGE_CURVE('',#5767,#5507,#7194,.T.);
#4653=EDGE_CURVE('',#5768,#5509,#7195,.T.);
#4654=EDGE_CURVE('',#5768,#5766,#7196,.T.);
#4655=EDGE_CURVE('',#5769,#5508,#7197,.T.);
#4656=EDGE_CURVE('',#5769,#5768,#7198,.T.);
#4657=EDGE_CURVE('',#5767,#5769,#7199,.T.);
#4658=EDGE_CURVE('',#5770,#5502,#7200,.T.);
#4659=EDGE_CURVE('',#5770,#5771,#7201,.T.);
#4660=EDGE_CURVE('',#5771,#5503,#7202,.T.);
#4661=EDGE_CURVE('',#5772,#5505,#7203,.T.);
#4662=EDGE_CURVE('',#5772,#5770,#7204,.T.);
#4663=EDGE_CURVE('',#5773,#5504,#7205,.T.);
#4664=EDGE_CURVE('',#5773,#5772,#7206,.T.);
#4665=EDGE_CURVE('',#5771,#5773,#7207,.T.);
#4666=EDGE_CURVE('',#5774,#5498,#7208,.T.);
#4667=EDGE_CURVE('',#5774,#5775,#7209,.T.);
#4668=EDGE_CURVE('',#5775,#5499,#7210,.T.);
#4669=EDGE_CURVE('',#5776,#5501,#7211,.T.);
#4670=EDGE_CURVE('',#5776,#5774,#7212,.T.);
#4671=EDGE_CURVE('',#5777,#5500,#7213,.T.);
#4672=EDGE_CURVE('',#5777,#5776,#7214,.T.);
#4673=EDGE_CURVE('',#5775,#5777,#7215,.T.);
#4674=EDGE_CURVE('',#5778,#5494,#7216,.T.);
#4675=EDGE_CURVE('',#5778,#5779,#7217,.T.);
#4676=EDGE_CURVE('',#5779,#5495,#7218,.T.);
#4677=EDGE_CURVE('',#5780,#5497,#7219,.T.);
#4678=EDGE_CURVE('',#5780,#5778,#7220,.T.);
#4679=EDGE_CURVE('',#5781,#5496,#7221,.T.);
#4680=EDGE_CURVE('',#5781,#5780,#7222,.T.);
#4681=EDGE_CURVE('',#5779,#5781,#7223,.T.);
#4682=EDGE_CURVE('',#5782,#5490,#7224,.T.);
#4683=EDGE_CURVE('',#5782,#5783,#7225,.T.);
#4684=EDGE_CURVE('',#5783,#5491,#7226,.T.);
#4685=EDGE_CURVE('',#5784,#5493,#7227,.T.);
#4686=EDGE_CURVE('',#5784,#5782,#7228,.T.);
#4687=EDGE_CURVE('',#5785,#5492,#7229,.T.);
#4688=EDGE_CURVE('',#5785,#5784,#7230,.T.);
#4689=EDGE_CURVE('',#5783,#5785,#7231,.T.);
#4690=EDGE_CURVE('',#5786,#5486,#7232,.T.);
#4691=EDGE_CURVE('',#5786,#5787,#7233,.T.);
#4692=EDGE_CURVE('',#5787,#5487,#7234,.T.);
#4693=EDGE_CURVE('',#5788,#5489,#7235,.T.);
#4694=EDGE_CURVE('',#5788,#5786,#7236,.T.);
#4695=EDGE_CURVE('',#5789,#5488,#7237,.T.);
#4696=EDGE_CURVE('',#5789,#5788,#7238,.T.);
#4697=EDGE_CURVE('',#5787,#5789,#7239,.T.);
#4698=EDGE_CURVE('',#5790,#5482,#7240,.T.);
#4699=EDGE_CURVE('',#5790,#5791,#7241,.T.);
#4700=EDGE_CURVE('',#5791,#5483,#7242,.T.);
#4701=EDGE_CURVE('',#5792,#5485,#7243,.T.);
#4702=EDGE_CURVE('',#5792,#5790,#7244,.T.);
#4703=EDGE_CURVE('',#5793,#5484,#7245,.T.);
#4704=EDGE_CURVE('',#5793,#5792,#7246,.T.);
#4705=EDGE_CURVE('',#5791,#5793,#7247,.T.);
#4706=EDGE_CURVE('',#5794,#5478,#7248,.T.);
#4707=EDGE_CURVE('',#5794,#5795,#7249,.T.);
#4708=EDGE_CURVE('',#5795,#5479,#7250,.T.);
#4709=EDGE_CURVE('',#5796,#5481,#7251,.T.);
#4710=EDGE_CURVE('',#5796,#5794,#7252,.T.);
#4711=EDGE_CURVE('',#5797,#5480,#7253,.T.);
#4712=EDGE_CURVE('',#5797,#5796,#7254,.T.);
#4713=EDGE_CURVE('',#5795,#5797,#7255,.T.);
#4714=EDGE_CURVE('',#5798,#5474,#7256,.T.);
#4715=EDGE_CURVE('',#5798,#5799,#7257,.T.);
#4716=EDGE_CURVE('',#5799,#5475,#7258,.T.);
#4717=EDGE_CURVE('',#5800,#5477,#7259,.T.);
#4718=EDGE_CURVE('',#5800,#5798,#7260,.T.);
#4719=EDGE_CURVE('',#5801,#5476,#7261,.T.);
#4720=EDGE_CURVE('',#5801,#5800,#7262,.T.);
#4721=EDGE_CURVE('',#5799,#5801,#7263,.T.);
#4722=EDGE_CURVE('',#5802,#5470,#7264,.T.);
#4723=EDGE_CURVE('',#5802,#5803,#7265,.T.);
#4724=EDGE_CURVE('',#5803,#5471,#7266,.T.);
#4725=EDGE_CURVE('',#5804,#5473,#7267,.T.);
#4726=EDGE_CURVE('',#5804,#5802,#7268,.T.);
#4727=EDGE_CURVE('',#5805,#5472,#7269,.T.);
#4728=EDGE_CURVE('',#5805,#5804,#7270,.T.);
#4729=EDGE_CURVE('',#5803,#5805,#7271,.T.);
#4730=EDGE_CURVE('',#5806,#5466,#7272,.T.);
#4731=EDGE_CURVE('',#5806,#5807,#7273,.T.);
#4732=EDGE_CURVE('',#5807,#5467,#7274,.T.);
#4733=EDGE_CURVE('',#5808,#5469,#7275,.T.);
#4734=EDGE_CURVE('',#5808,#5806,#7276,.T.);
#4735=EDGE_CURVE('',#5809,#5468,#7277,.T.);
#4736=EDGE_CURVE('',#5809,#5808,#7278,.T.);
#4737=EDGE_CURVE('',#5807,#5809,#7279,.T.);
#4738=EDGE_CURVE('',#5810,#5462,#7280,.T.);
#4739=EDGE_CURVE('',#5810,#5811,#7281,.T.);
#4740=EDGE_CURVE('',#5811,#5463,#7282,.T.);
#4741=EDGE_CURVE('',#5812,#5465,#7283,.T.);
#4742=EDGE_CURVE('',#5812,#5810,#7284,.T.);
#4743=EDGE_CURVE('',#5813,#5464,#7285,.T.);
#4744=EDGE_CURVE('',#5813,#5812,#7286,.T.);
#4745=EDGE_CURVE('',#5811,#5813,#7287,.T.);
#4746=EDGE_CURVE('',#5814,#5458,#7288,.T.);
#4747=EDGE_CURVE('',#5814,#5815,#7289,.T.);
#4748=EDGE_CURVE('',#5815,#5459,#7290,.T.);
#4749=EDGE_CURVE('',#5816,#5461,#7291,.T.);
#4750=EDGE_CURVE('',#5816,#5814,#7292,.T.);
#4751=EDGE_CURVE('',#5817,#5460,#7293,.T.);
#4752=EDGE_CURVE('',#5817,#5816,#7294,.T.);
#4753=EDGE_CURVE('',#5815,#5817,#7295,.T.);
#4754=EDGE_CURVE('',#5818,#5454,#7296,.T.);
#4755=EDGE_CURVE('',#5818,#5819,#7297,.T.);
#4756=EDGE_CURVE('',#5819,#5455,#7298,.T.);
#4757=EDGE_CURVE('',#5820,#5457,#7299,.T.);
#4758=EDGE_CURVE('',#5820,#5818,#7300,.T.);
#4759=EDGE_CURVE('',#5821,#5456,#7301,.T.);
#4760=EDGE_CURVE('',#5821,#5820,#7302,.T.);
#4761=EDGE_CURVE('',#5819,#5821,#7303,.T.);
#4762=EDGE_CURVE('',#5822,#5450,#7304,.T.);
#4763=EDGE_CURVE('',#5822,#5823,#7305,.T.);
#4764=EDGE_CURVE('',#5823,#5451,#7306,.T.);
#4765=EDGE_CURVE('',#5824,#5453,#7307,.T.);
#4766=EDGE_CURVE('',#5824,#5822,#7308,.T.);
#4767=EDGE_CURVE('',#5825,#5452,#7309,.T.);
#4768=EDGE_CURVE('',#5825,#5824,#7310,.T.);
#4769=EDGE_CURVE('',#5823,#5825,#7311,.T.);
#4770=EDGE_CURVE('',#5826,#5446,#7312,.T.);
#4771=EDGE_CURVE('',#5826,#5827,#7313,.T.);
#4772=EDGE_CURVE('',#5827,#5447,#7314,.T.);
#4773=EDGE_CURVE('',#5828,#5449,#7315,.T.);
#4774=EDGE_CURVE('',#5828,#5826,#7316,.T.);
#4775=EDGE_CURVE('',#5829,#5448,#7317,.T.);
#4776=EDGE_CURVE('',#5829,#5828,#7318,.T.);
#4777=EDGE_CURVE('',#5827,#5829,#7319,.T.);
#4778=EDGE_CURVE('',#5830,#5442,#7320,.T.);
#4779=EDGE_CURVE('',#5830,#5831,#7321,.T.);
#4780=EDGE_CURVE('',#5831,#5443,#7322,.T.);
#4781=EDGE_CURVE('',#5832,#5445,#7323,.T.);
#4782=EDGE_CURVE('',#5832,#5830,#7324,.T.);
#4783=EDGE_CURVE('',#5833,#5444,#7325,.T.);
#4784=EDGE_CURVE('',#5833,#5832,#7326,.T.);
#4785=EDGE_CURVE('',#5831,#5833,#7327,.T.);
#4786=EDGE_CURVE('',#5834,#5438,#7328,.T.);
#4787=EDGE_CURVE('',#5834,#5835,#7329,.T.);
#4788=EDGE_CURVE('',#5835,#5439,#7330,.T.);
#4789=EDGE_CURVE('',#5836,#5441,#7331,.T.);
#4790=EDGE_CURVE('',#5836,#5834,#7332,.T.);
#4791=EDGE_CURVE('',#5837,#5440,#7333,.T.);
#4792=EDGE_CURVE('',#5837,#5836,#7334,.T.);
#4793=EDGE_CURVE('',#5835,#5837,#7335,.T.);
#4794=EDGE_CURVE('',#5838,#5434,#7336,.T.);
#4795=EDGE_CURVE('',#5838,#5839,#7337,.T.);
#4796=EDGE_CURVE('',#5839,#5435,#7338,.T.);
#4797=EDGE_CURVE('',#5840,#5437,#7339,.T.);
#4798=EDGE_CURVE('',#5840,#5838,#7340,.T.);
#4799=EDGE_CURVE('',#5841,#5436,#7341,.T.);
#4800=EDGE_CURVE('',#5841,#5840,#7342,.T.);
#4801=EDGE_CURVE('',#5839,#5841,#7343,.T.);
#4802=VERTEX_POINT('',#15422);
#4803=VERTEX_POINT('',#15423);
#4804=VERTEX_POINT('',#15425);
#4805=VERTEX_POINT('',#15427);
#4806=VERTEX_POINT('',#15429);
#4807=VERTEX_POINT('',#15431);
#4808=VERTEX_POINT('',#15433);
#4809=VERTEX_POINT('',#15435);
#4810=VERTEX_POINT('',#15438);
#4811=VERTEX_POINT('',#15439);
#4812=VERTEX_POINT('',#15441);
#4813=VERTEX_POINT('',#15443);
#4814=VERTEX_POINT('',#15446);
#4815=VERTEX_POINT('',#15447);
#4816=VERTEX_POINT('',#15449);
#4817=VERTEX_POINT('',#15451);
#4818=VERTEX_POINT('',#15454);
#4819=VERTEX_POINT('',#15455);
#4820=VERTEX_POINT('',#15457);
#4821=VERTEX_POINT('',#15459);
#4822=VERTEX_POINT('',#15462);
#4823=VERTEX_POINT('',#15463);
#4824=VERTEX_POINT('',#15465);
#4825=VERTEX_POINT('',#15467);
#4826=VERTEX_POINT('',#15470);
#4827=VERTEX_POINT('',#15471);
#4828=VERTEX_POINT('',#15473);
#4829=VERTEX_POINT('',#15475);
#4830=VERTEX_POINT('',#15478);
#4831=VERTEX_POINT('',#15479);
#4832=VERTEX_POINT('',#15481);
#4833=VERTEX_POINT('',#15483);
#4834=VERTEX_POINT('',#15486);
#4835=VERTEX_POINT('',#15487);
#4836=VERTEX_POINT('',#15489);
#4837=VERTEX_POINT('',#15491);
#4838=VERTEX_POINT('',#15494);
#4839=VERTEX_POINT('',#15495);
#4840=VERTEX_POINT('',#15497);
#4841=VERTEX_POINT('',#15499);
#4842=VERTEX_POINT('',#15502);
#4843=VERTEX_POINT('',#15503);
#4844=VERTEX_POINT('',#15505);
#4845=VERTEX_POINT('',#15507);
#4846=VERTEX_POINT('',#15510);
#4847=VERTEX_POINT('',#15511);
#4848=VERTEX_POINT('',#15513);
#4849=VERTEX_POINT('',#15515);
#4850=VERTEX_POINT('',#15518);
#4851=VERTEX_POINT('',#15519);
#4852=VERTEX_POINT('',#15521);
#4853=VERTEX_POINT('',#15523);
#4854=VERTEX_POINT('',#15526);
#4855=VERTEX_POINT('',#15527);
#4856=VERTEX_POINT('',#15529);
#4857=VERTEX_POINT('',#15531);
#4858=VERTEX_POINT('',#15534);
#4859=VERTEX_POINT('',#15535);
#4860=VERTEX_POINT('',#15537);
#4861=VERTEX_POINT('',#15539);
#4862=VERTEX_POINT('',#15542);
#4863=VERTEX_POINT('',#15543);
#4864=VERTEX_POINT('',#15545);
#4865=VERTEX_POINT('',#15547);
#4866=VERTEX_POINT('',#15550);
#4867=VERTEX_POINT('',#15551);
#4868=VERTEX_POINT('',#15553);
#4869=VERTEX_POINT('',#15555);
#4870=VERTEX_POINT('',#15558);
#4871=VERTEX_POINT('',#15559);
#4872=VERTEX_POINT('',#15561);
#4873=VERTEX_POINT('',#15563);
#4874=VERTEX_POINT('',#15566);
#4875=VERTEX_POINT('',#15567);
#4876=VERTEX_POINT('',#15569);
#4877=VERTEX_POINT('',#15571);
#4878=VERTEX_POINT('',#15574);
#4879=VERTEX_POINT('',#15575);
#4880=VERTEX_POINT('',#15577);
#4881=VERTEX_POINT('',#15579);
#4882=VERTEX_POINT('',#15582);
#4883=VERTEX_POINT('',#15583);
#4884=VERTEX_POINT('',#15585);
#4885=VERTEX_POINT('',#15587);
#4886=VERTEX_POINT('',#15590);
#4887=VERTEX_POINT('',#15591);
#4888=VERTEX_POINT('',#15593);
#4889=VERTEX_POINT('',#15595);
#4890=VERTEX_POINT('',#15598);
#4891=VERTEX_POINT('',#15599);
#4892=VERTEX_POINT('',#15601);
#4893=VERTEX_POINT('',#15603);
#4894=VERTEX_POINT('',#15606);
#4895=VERTEX_POINT('',#15607);
#4896=VERTEX_POINT('',#15609);
#4897=VERTEX_POINT('',#15611);
#4898=VERTEX_POINT('',#15614);
#4899=VERTEX_POINT('',#15615);
#4900=VERTEX_POINT('',#15617);
#4901=VERTEX_POINT('',#15619);
#4902=VERTEX_POINT('',#15622);
#4903=VERTEX_POINT('',#15623);
#4904=VERTEX_POINT('',#15625);
#4905=VERTEX_POINT('',#15627);
#4906=VERTEX_POINT('',#15630);
#4907=VERTEX_POINT('',#15631);
#4908=VERTEX_POINT('',#15633);
#4909=VERTEX_POINT('',#15635);
#4910=VERTEX_POINT('',#15638);
#4911=VERTEX_POINT('',#15639);
#4912=VERTEX_POINT('',#15641);
#4913=VERTEX_POINT('',#15643);
#4914=VERTEX_POINT('',#15646);
#4915=VERTEX_POINT('',#15647);
#4916=VERTEX_POINT('',#15649);
#4917=VERTEX_POINT('',#15651);
#4918=VERTEX_POINT('',#15654);
#4919=VERTEX_POINT('',#15655);
#4920=VERTEX_POINT('',#15657);
#4921=VERTEX_POINT('',#15659);
#4922=VERTEX_POINT('',#15662);
#4923=VERTEX_POINT('',#15663);
#4924=VERTEX_POINT('',#15665);
#4925=VERTEX_POINT('',#15667);
#4926=VERTEX_POINT('',#15670);
#4927=VERTEX_POINT('',#15671);
#4928=VERTEX_POINT('',#15673);
#4929=VERTEX_POINT('',#15675);
#4930=VERTEX_POINT('',#15678);
#4931=VERTEX_POINT('',#15679);
#4932=VERTEX_POINT('',#15681);
#4933=VERTEX_POINT('',#15683);
#4934=VERTEX_POINT('',#15686);
#4935=VERTEX_POINT('',#15687);
#4936=VERTEX_POINT('',#15689);
#4937=VERTEX_POINT('',#15691);
#4938=VERTEX_POINT('',#15694);
#4939=VERTEX_POINT('',#15695);
#4940=VERTEX_POINT('',#15697);
#4941=VERTEX_POINT('',#15699);
#4942=VERTEX_POINT('',#15702);
#4943=VERTEX_POINT('',#15703);
#4944=VERTEX_POINT('',#15705);
#4945=VERTEX_POINT('',#15707);
#4946=VERTEX_POINT('',#15711);
#4947=VERTEX_POINT('',#15712);
#4948=VERTEX_POINT('',#15714);
#4949=VERTEX_POINT('',#15716);
#4950=VERTEX_POINT('',#15720);
#4951=VERTEX_POINT('',#15721);
#4952=VERTEX_POINT('',#15723);
#4953=VERTEX_POINT('',#15725);
#4954=VERTEX_POINT('',#15729);
#4955=VERTEX_POINT('',#15730);
#4956=VERTEX_POINT('',#15732);
#4957=VERTEX_POINT('',#15735);
#4958=VERTEX_POINT('',#15738);
#4959=VERTEX_POINT('',#15739);
#4960=VERTEX_POINT('',#15741);
#4961=VERTEX_POINT('',#15743);
#4962=VERTEX_POINT('',#15746);
#4963=VERTEX_POINT('',#15747);
#4964=VERTEX_POINT('',#15749);
#4965=VERTEX_POINT('',#15752);
#4966=VERTEX_POINT('',#15756);
#4967=VERTEX_POINT('',#15758);
#4968=VERTEX_POINT('',#15759);
#4969=VERTEX_POINT('',#15761);
#4970=VERTEX_POINT('',#15763);
#4971=VERTEX_POINT('',#15766);
#4972=VERTEX_POINT('',#15767);
#4973=VERTEX_POINT('',#15769);
#4974=VERTEX_POINT('',#15771);
#4975=VERTEX_POINT('',#15774);
#4976=VERTEX_POINT('',#15775);
#4977=VERTEX_POINT('',#15777);
#4978=VERTEX_POINT('',#15779);
#4979=VERTEX_POINT('',#15781);
#4980=VERTEX_POINT('',#15783);
#4981=VERTEX_POINT('',#15786);
#4982=VERTEX_POINT('',#15787);
#4983=VERTEX_POINT('',#15789);
#4984=VERTEX_POINT('',#15791);
#4985=VERTEX_POINT('',#15795);
#4986=VERTEX_POINT('',#15796);
#4987=VERTEX_POINT('',#15798);
#4988=VERTEX_POINT('',#15800);
#4989=VERTEX_POINT('',#15803);
#4990=VERTEX_POINT('',#15804);
#4991=VERTEX_POINT('',#15806);
#4992=VERTEX_POINT('',#15808);
#4993=VERTEX_POINT('',#15812);
#4994=VERTEX_POINT('',#15813);
#4995=VERTEX_POINT('',#15815);
#4996=VERTEX_POINT('',#15817);
#4997=VERTEX_POINT('',#15820);
#4998=VERTEX_POINT('',#15821);
#4999=VERTEX_POINT('',#15823);
#5000=VERTEX_POINT('',#15825);
#5001=VERTEX_POINT('',#15829);
#5002=VERTEX_POINT('',#15830);
#5003=VERTEX_POINT('',#15832);
#5004=VERTEX_POINT('',#15834);
#5005=VERTEX_POINT('',#15837);
#5006=VERTEX_POINT('',#15838);
#5007=VERTEX_POINT('',#15840);
#5008=VERTEX_POINT('',#15842);
#5009=VERTEX_POINT('',#15846);
#5010=VERTEX_POINT('',#15847);
#5011=VERTEX_POINT('',#15849);
#5012=VERTEX_POINT('',#15851);
#5013=VERTEX_POINT('',#15854);
#5014=VERTEX_POINT('',#15855);
#5015=VERTEX_POINT('',#15857);
#5016=VERTEX_POINT('',#15859);
#5017=VERTEX_POINT('',#15863);
#5018=VERTEX_POINT('',#15864);
#5019=VERTEX_POINT('',#15866);
#5020=VERTEX_POINT('',#15868);
#5021=VERTEX_POINT('',#15871);
#5022=VERTEX_POINT('',#15872);
#5023=VERTEX_POINT('',#15874);
#5024=VERTEX_POINT('',#15876);
#5025=VERTEX_POINT('',#15880);
#5026=VERTEX_POINT('',#15881);
#5027=VERTEX_POINT('',#15883);
#5028=VERTEX_POINT('',#15885);
#5029=VERTEX_POINT('',#15888);
#5030=VERTEX_POINT('',#15889);
#5031=VERTEX_POINT('',#15891);
#5032=VERTEX_POINT('',#15893);
#5033=VERTEX_POINT('',#15897);
#5034=VERTEX_POINT('',#15898);
#5035=VERTEX_POINT('',#15900);
#5036=VERTEX_POINT('',#15902);
#5037=VERTEX_POINT('',#15905);
#5038=VERTEX_POINT('',#15906);
#5039=VERTEX_POINT('',#15908);
#5040=VERTEX_POINT('',#15910);
#5041=VERTEX_POINT('',#15914);
#5042=VERTEX_POINT('',#15915);
#5043=VERTEX_POINT('',#15917);
#5044=VERTEX_POINT('',#15919);
#5045=VERTEX_POINT('',#15922);
#5046=VERTEX_POINT('',#15923);
#5047=VERTEX_POINT('',#15925);
#5048=VERTEX_POINT('',#15927);
#5049=VERTEX_POINT('',#15931);
#5050=VERTEX_POINT('',#15932);
#5051=VERTEX_POINT('',#15934);
#5052=VERTEX_POINT('',#15936);
#5053=VERTEX_POINT('',#15939);
#5054=VERTEX_POINT('',#15940);
#5055=VERTEX_POINT('',#15942);
#5056=VERTEX_POINT('',#15944);
#5057=VERTEX_POINT('',#15948);
#5058=VERTEX_POINT('',#15949);
#5059=VERTEX_POINT('',#15951);
#5060=VERTEX_POINT('',#15953);
#5061=VERTEX_POINT('',#15956);
#5062=VERTEX_POINT('',#15957);
#5063=VERTEX_POINT('',#15959);
#5064=VERTEX_POINT('',#15961);
#5065=VERTEX_POINT('',#15965);
#5066=VERTEX_POINT('',#15966);
#5067=VERTEX_POINT('',#15968);
#5068=VERTEX_POINT('',#15970);
#5069=VERTEX_POINT('',#15973);
#5070=VERTEX_POINT('',#15974);
#5071=VERTEX_POINT('',#15976);
#5072=VERTEX_POINT('',#15978);
#5073=VERTEX_POINT('',#15982);
#5074=VERTEX_POINT('',#15983);
#5075=VERTEX_POINT('',#15985);
#5076=VERTEX_POINT('',#15987);
#5077=VERTEX_POINT('',#15990);
#5078=VERTEX_POINT('',#15991);
#5079=VERTEX_POINT('',#15993);
#5080=VERTEX_POINT('',#15995);
#5081=VERTEX_POINT('',#15999);
#5082=VERTEX_POINT('',#16000);
#5083=VERTEX_POINT('',#16002);
#5084=VERTEX_POINT('',#16004);
#5085=VERTEX_POINT('',#16007);
#5086=VERTEX_POINT('',#16008);
#5087=VERTEX_POINT('',#16010);
#5088=VERTEX_POINT('',#16012);
#5089=VERTEX_POINT('',#16016);
#5090=VERTEX_POINT('',#16017);
#5091=VERTEX_POINT('',#16019);
#5092=VERTEX_POINT('',#16021);
#5093=VERTEX_POINT('',#16024);
#5094=VERTEX_POINT('',#16025);
#5095=VERTEX_POINT('',#16027);
#5096=VERTEX_POINT('',#16029);
#5097=VERTEX_POINT('',#16033);
#5098=VERTEX_POINT('',#16034);
#5099=VERTEX_POINT('',#16036);
#5100=VERTEX_POINT('',#16038);
#5101=VERTEX_POINT('',#16041);
#5102=VERTEX_POINT('',#16042);
#5103=VERTEX_POINT('',#16044);
#5104=VERTEX_POINT('',#16046);
#5105=VERTEX_POINT('',#16050);
#5106=VERTEX_POINT('',#16051);
#5107=VERTEX_POINT('',#16053);
#5108=VERTEX_POINT('',#16055);
#5109=VERTEX_POINT('',#16058);
#5110=VERTEX_POINT('',#16059);
#5111=VERTEX_POINT('',#16061);
#5112=VERTEX_POINT('',#16063);
#5113=VERTEX_POINT('',#16067);
#5114=VERTEX_POINT('',#16068);
#5115=VERTEX_POINT('',#16070);
#5116=VERTEX_POINT('',#16072);
#5117=VERTEX_POINT('',#16075);
#5118=VERTEX_POINT('',#16076);
#5119=VERTEX_POINT('',#16078);
#5120=VERTEX_POINT('',#16080);
#5121=VERTEX_POINT('',#16084);
#5122=VERTEX_POINT('',#16085);
#5123=VERTEX_POINT('',#16087);
#5124=VERTEX_POINT('',#16089);
#5125=VERTEX_POINT('',#16092);
#5126=VERTEX_POINT('',#16093);
#5127=VERTEX_POINT('',#16095);
#5128=VERTEX_POINT('',#16097);
#5129=VERTEX_POINT('',#16101);
#5130=VERTEX_POINT('',#16102);
#5131=VERTEX_POINT('',#16104);
#5132=VERTEX_POINT('',#16106);
#5133=VERTEX_POINT('',#16109);
#5134=VERTEX_POINT('',#16110);
#5135=VERTEX_POINT('',#16112);
#5136=VERTEX_POINT('',#16114);
#5137=VERTEX_POINT('',#16118);
#5138=VERTEX_POINT('',#16119);
#5139=VERTEX_POINT('',#16121);
#5140=VERTEX_POINT('',#16123);
#5141=VERTEX_POINT('',#16126);
#5142=VERTEX_POINT('',#16127);
#5143=VERTEX_POINT('',#16129);
#5144=VERTEX_POINT('',#16131);
#5145=VERTEX_POINT('',#16135);
#5146=VERTEX_POINT('',#16136);
#5147=VERTEX_POINT('',#16138);
#5148=VERTEX_POINT('',#16140);
#5149=VERTEX_POINT('',#16143);
#5150=VERTEX_POINT('',#16145);
#5151=VERTEX_POINT('',#16147);
#5152=VERTEX_POINT('',#16148);
#5153=VERTEX_POINT('',#16150);
#5154=VERTEX_POINT('',#16152);
#5155=VERTEX_POINT('',#16156);
#5156=VERTEX_POINT('',#16157);
#5157=VERTEX_POINT('',#16159);
#5158=VERTEX_POINT('',#16161);
#5159=VERTEX_POINT('',#16163);
#5160=VERTEX_POINT('',#16165);
#5161=VERTEX_POINT('',#16168);
#5162=VERTEX_POINT('',#16169);
#5163=VERTEX_POINT('',#16171);
#5164=VERTEX_POINT('',#16173);
#5165=VERTEX_POINT('',#16177);
#5166=VERTEX_POINT('',#16178);
#5167=VERTEX_POINT('',#16180);
#5168=VERTEX_POINT('',#16182);
#5169=VERTEX_POINT('',#16184);
#5170=VERTEX_POINT('',#16186);
#5171=VERTEX_POINT('',#16188);
#5172=VERTEX_POINT('',#16190);
#5173=VERTEX_POINT('',#16193);
#5174=VERTEX_POINT('',#16194);
#5175=VERTEX_POINT('',#16196);
#5176=VERTEX_POINT('',#16198);
#5177=VERTEX_POINT('',#16200);
#5178=VERTEX_POINT('',#16202);
#5179=VERTEX_POINT('',#16204);
#5180=VERTEX_POINT('',#16206);
#5181=VERTEX_POINT('',#16210);
#5182=VERTEX_POINT('',#16212);
#5183=VERTEX_POINT('',#16214);
#5184=VERTEX_POINT('',#16216);
#5185=VERTEX_POINT('',#16217);
#5186=VERTEX_POINT('',#16219);
#5187=VERTEX_POINT('',#16221);
#5188=VERTEX_POINT('',#16223);
#5189=VERTEX_POINT('',#16225);
#5190=VERTEX_POINT('',#16227);
#5191=VERTEX_POINT('',#16229);
#5192=VERTEX_POINT('',#16277);
#5193=VERTEX_POINT('',#16279);
#5194=VERTEX_POINT('',#16281);
#5195=VERTEX_POINT('',#16282);
#5196=VERTEX_POINT('',#16284);
#5197=VERTEX_POINT('',#16286);
#5198=VERTEX_POINT('',#16288);
#5199=VERTEX_POINT('',#16290);
#5200=VERTEX_POINT('',#16306);
#5201=VERTEX_POINT('',#16310);
#5202=VERTEX_POINT('',#16314);
#5203=VERTEX_POINT('',#16318);
#5204=VERTEX_POINT('',#16322);
#5205=VERTEX_POINT('',#16323);
#5206=VERTEX_POINT('',#16325);
#5207=VERTEX_POINT('',#16327);
#5208=VERTEX_POINT('',#16331);
#5209=VERTEX_POINT('',#16332);
#5210=VERTEX_POINT('',#16334);
#5211=VERTEX_POINT('',#16336);
#5212=VERTEX_POINT('',#16340);
#5213=VERTEX_POINT('',#16341);
#5214=VERTEX_POINT('',#16343);
#5215=VERTEX_POINT('',#16345);
#5216=VERTEX_POINT('',#16349);
#5217=VERTEX_POINT('',#16350);
#5218=VERTEX_POINT('',#16352);
#5219=VERTEX_POINT('',#16354);
#5220=VERTEX_POINT('',#16387);
#5221=VERTEX_POINT('',#16389);
#5222=VERTEX_POINT('',#16393);
#5223=VERTEX_POINT('',#16397);
#5224=VERTEX_POINT('',#16403);
#5225=VERTEX_POINT('',#16404);
#5226=VERTEX_POINT('',#16406);
#5227=VERTEX_POINT('',#16408);
#5228=VERTEX_POINT('',#16411);
#5229=VERTEX_POINT('',#16412);
#5230=VERTEX_POINT('',#16414);
#5231=VERTEX_POINT('',#16416);
#5232=VERTEX_POINT('',#16419);
#5233=VERTEX_POINT('',#16420);
#5234=VERTEX_POINT('',#16422);
#5235=VERTEX_POINT('',#16424);
#5236=VERTEX_POINT('',#16427);
#5237=VERTEX_POINT('',#16428);
#5238=VERTEX_POINT('',#16430);
#5239=VERTEX_POINT('',#16432);
#5240=VERTEX_POINT('',#16435);
#5241=VERTEX_POINT('',#16436);
#5242=VERTEX_POINT('',#16438);
#5243=VERTEX_POINT('',#16440);
#5244=VERTEX_POINT('',#16443);
#5245=VERTEX_POINT('',#16444);
#5246=VERTEX_POINT('',#16446);
#5247=VERTEX_POINT('',#16448);
#5248=VERTEX_POINT('',#16451);
#5249=VERTEX_POINT('',#16452);
#5250=VERTEX_POINT('',#16454);
#5251=VERTEX_POINT('',#16456);
#5252=VERTEX_POINT('',#16459);
#5253=VERTEX_POINT('',#16460);
#5254=VERTEX_POINT('',#16462);
#5255=VERTEX_POINT('',#16464);
#5256=VERTEX_POINT('',#16467);
#5257=VERTEX_POINT('',#16468);
#5258=VERTEX_POINT('',#16470);
#5259=VERTEX_POINT('',#16472);
#5260=VERTEX_POINT('',#16475);
#5261=VERTEX_POINT('',#16476);
#5262=VERTEX_POINT('',#16478);
#5263=VERTEX_POINT('',#16480);
#5264=VERTEX_POINT('',#16483);
#5265=VERTEX_POINT('',#16484);
#5266=VERTEX_POINT('',#16486);
#5267=VERTEX_POINT('',#16488);
#5268=VERTEX_POINT('',#16491);
#5269=VERTEX_POINT('',#16492);
#5270=VERTEX_POINT('',#16494);
#5271=VERTEX_POINT('',#16496);
#5272=VERTEX_POINT('',#16499);
#5273=VERTEX_POINT('',#16500);
#5274=VERTEX_POINT('',#16502);
#5275=VERTEX_POINT('',#16504);
#5276=VERTEX_POINT('',#16507);
#5277=VERTEX_POINT('',#16508);
#5278=VERTEX_POINT('',#16510);
#5279=VERTEX_POINT('',#16512);
#5280=VERTEX_POINT('',#16515);
#5281=VERTEX_POINT('',#16516);
#5282=VERTEX_POINT('',#16518);
#5283=VERTEX_POINT('',#16520);
#5284=VERTEX_POINT('',#16523);
#5285=VERTEX_POINT('',#16524);
#5286=VERTEX_POINT('',#16526);
#5287=VERTEX_POINT('',#16528);
#5288=VERTEX_POINT('',#16531);
#5289=VERTEX_POINT('',#16532);
#5290=VERTEX_POINT('',#16534);
#5291=VERTEX_POINT('',#16536);
#5292=VERTEX_POINT('',#16539);
#5293=VERTEX_POINT('',#16540);
#5294=VERTEX_POINT('',#16542);
#5295=VERTEX_POINT('',#16544);
#5296=VERTEX_POINT('',#16547);
#5297=VERTEX_POINT('',#16548);
#5298=VERTEX_POINT('',#16550);
#5299=VERTEX_POINT('',#16552);
#5300=VERTEX_POINT('',#16555);
#5301=VERTEX_POINT('',#16556);
#5302=VERTEX_POINT('',#16558);
#5303=VERTEX_POINT('',#16560);
#5304=VERTEX_POINT('',#16724);
#5305=VERTEX_POINT('',#16726);
#5306=VERTEX_POINT('',#16730);
#5307=VERTEX_POINT('',#16734);
#5308=VERTEX_POINT('',#16741);
#5309=VERTEX_POINT('',#16743);
#5310=VERTEX_POINT('',#16747);
#5311=VERTEX_POINT('',#16751);
#5312=VERTEX_POINT('',#16758);
#5313=VERTEX_POINT('',#16760);
#5314=VERTEX_POINT('',#16764);
#5315=VERTEX_POINT('',#16768);
#5316=VERTEX_POINT('',#16775);
#5317=VERTEX_POINT('',#16777);
#5318=VERTEX_POINT('',#16781);
#5319=VERTEX_POINT('',#16785);
#5320=VERTEX_POINT('',#16792);
#5321=VERTEX_POINT('',#16794);
#5322=VERTEX_POINT('',#16798);
#5323=VERTEX_POINT('',#16802);
#5324=VERTEX_POINT('',#16809);
#5325=VERTEX_POINT('',#16811);
#5326=VERTEX_POINT('',#16815);
#5327=VERTEX_POINT('',#16819);
#5328=VERTEX_POINT('',#16826);
#5329=VERTEX_POINT('',#16828);
#5330=VERTEX_POINT('',#16832);
#5331=VERTEX_POINT('',#16836);
#5332=VERTEX_POINT('',#16843);
#5333=VERTEX_POINT('',#16845);
#5334=VERTEX_POINT('',#16849);
#5335=VERTEX_POINT('',#16853);
#5336=VERTEX_POINT('',#16860);
#5337=VERTEX_POINT('',#16862);
#5338=VERTEX_POINT('',#16866);
#5339=VERTEX_POINT('',#16870);
#5340=VERTEX_POINT('',#16877);
#5341=VERTEX_POINT('',#16879);
#5342=VERTEX_POINT('',#16883);
#5343=VERTEX_POINT('',#16887);
#5344=VERTEX_POINT('',#16894);
#5345=VERTEX_POINT('',#16896);
#5346=VERTEX_POINT('',#16900);
#5347=VERTEX_POINT('',#16904);
#5348=VERTEX_POINT('',#16911);
#5349=VERTEX_POINT('',#16913);
#5350=VERTEX_POINT('',#16917);
#5351=VERTEX_POINT('',#16921);
#5352=VERTEX_POINT('',#16928);
#5353=VERTEX_POINT('',#16930);
#5354=VERTEX_POINT('',#16934);
#5355=VERTEX_POINT('',#16938);
#5356=VERTEX_POINT('',#16945);
#5357=VERTEX_POINT('',#16947);
#5358=VERTEX_POINT('',#16951);
#5359=VERTEX_POINT('',#16955);
#5360=VERTEX_POINT('',#16962);
#5361=VERTEX_POINT('',#16964);
#5362=VERTEX_POINT('',#16968);
#5363=VERTEX_POINT('',#16972);
#5364=VERTEX_POINT('',#16979);
#5365=VERTEX_POINT('',#16981);
#5366=VERTEX_POINT('',#16985);
#5367=VERTEX_POINT('',#16989);
#5368=VERTEX_POINT('',#16996);
#5369=VERTEX_POINT('',#16998);
#5370=VERTEX_POINT('',#17002);
#5371=VERTEX_POINT('',#17006);
#5372=VERTEX_POINT('',#17013);
#5373=VERTEX_POINT('',#17015);
#5374=VERTEX_POINT('',#17019);
#5375=VERTEX_POINT('',#17023);
#5376=VERTEX_POINT('',#17030);
#5377=VERTEX_POINT('',#17032);
#5378=VERTEX_POINT('',#17036);
#5379=VERTEX_POINT('',#17040);
#5380=VERTEX_POINT('',#17047);
#5381=VERTEX_POINT('',#17049);
#5382=VERTEX_POINT('',#17053);
#5383=VERTEX_POINT('',#17057);
#5384=VERTEX_POINT('',#17064);
#5385=VERTEX_POINT('',#17068);
#5386=VERTEX_POINT('',#17072);
#5387=VERTEX_POINT('',#17076);
#5388=VERTEX_POINT('',#17078);
#5389=VERTEX_POINT('',#17082);
#5390=VERTEX_POINT('',#17086);
#5391=VERTEX_POINT('',#17093);
#5392=VERTEX_POINT('',#17095);
#5393=VERTEX_POINT('',#17099);
#5394=VERTEX_POINT('',#17103);
#5395=VERTEX_POINT('',#17105);
#5396=VERTEX_POINT('',#17109);
#5397=VERTEX_POINT('',#17118);
#5398=VERTEX_POINT('',#17120);
#5399=VERTEX_POINT('',#17124);
#5400=VERTEX_POINT('',#17128);
#5401=VERTEX_POINT('',#17134);
#5402=VERTEX_POINT('',#17137);
#5403=VERTEX_POINT('',#17140);
#5404=VERTEX_POINT('',#17143);
#5405=VERTEX_POINT('',#17147);
#5406=VERTEX_POINT('',#17151);
#5407=VERTEX_POINT('',#17153);
#5408=VERTEX_POINT('',#17157);
#5409=VERTEX_POINT('',#17161);
#5410=VERTEX_POINT('',#17167);
#5411=VERTEX_POINT('',#17168);
#5412=VERTEX_POINT('',#17171);
#5413=VERTEX_POINT('',#17173);
#5414=VERTEX_POINT('',#17175);
#5415=VERTEX_POINT('',#17177);
#5416=VERTEX_POINT('',#17181);
#5417=VERTEX_POINT('',#17183);
#5418=VERTEX_POINT('',#17187);
#5419=VERTEX_POINT('',#17191);
#5420=VERTEX_POINT('',#17197);
#5421=VERTEX_POINT('',#17198);
#5422=VERTEX_POINT('',#17201);
#5423=VERTEX_POINT('',#17203);
#5424=VERTEX_POINT('',#17205);
#5425=VERTEX_POINT('',#17207);
#5426=VERTEX_POINT('',#17227);
#5427=VERTEX_POINT('',#17229);
#5428=VERTEX_POINT('',#17233);
#5429=VERTEX_POINT('',#17235);
#5430=VERTEX_POINT('',#17239);
#5431=VERTEX_POINT('',#17243);
#5432=VERTEX_POINT('',#17247);
#5433=VERTEX_POINT('',#17251);
#5434=VERTEX_POINT('',#17259);
#5435=VERTEX_POINT('',#17260);
#5436=VERTEX_POINT('',#17262);
#5437=VERTEX_POINT('',#17264);
#5438=VERTEX_POINT('',#17267);
#5439=VERTEX_POINT('',#17268);
#5440=VERTEX_POINT('',#17270);
#5441=VERTEX_POINT('',#17272);
#5442=VERTEX_POINT('',#17275);
#5443=VERTEX_POINT('',#17276);
#5444=VERTEX_POINT('',#17278);
#5445=VERTEX_POINT('',#17280);
#5446=VERTEX_POINT('',#17283);
#5447=VERTEX_POINT('',#17284);
#5448=VERTEX_POINT('',#17286);
#5449=VERTEX_POINT('',#17288);
#5450=VERTEX_POINT('',#17291);
#5451=VERTEX_POINT('',#17292);
#5452=VERTEX_POINT('',#17294);
#5453=VERTEX_POINT('',#17296);
#5454=VERTEX_POINT('',#17299);
#5455=VERTEX_POINT('',#17300);
#5456=VERTEX_POINT('',#17302);
#5457=VERTEX_POINT('',#17304);
#5458=VERTEX_POINT('',#17307);
#5459=VERTEX_POINT('',#17308);
#5460=VERTEX_POINT('',#17310);
#5461=VERTEX_POINT('',#17312);
#5462=VERTEX_POINT('',#17315);
#5463=VERTEX_POINT('',#17316);
#5464=VERTEX_POINT('',#17318);
#5465=VERTEX_POINT('',#17320);
#5466=VERTEX_POINT('',#17323);
#5467=VERTEX_POINT('',#17324);
#5468=VERTEX_POINT('',#17326);
#5469=VERTEX_POINT('',#17328);
#5470=VERTEX_POINT('',#17331);
#5471=VERTEX_POINT('',#17332);
#5472=VERTEX_POINT('',#17334);
#5473=VERTEX_POINT('',#17336);
#5474=VERTEX_POINT('',#17339);
#5475=VERTEX_POINT('',#17340);
#5476=VERTEX_POINT('',#17342);
#5477=VERTEX_POINT('',#17344);
#5478=VERTEX_POINT('',#17347);
#5479=VERTEX_POINT('',#17348);
#5480=VERTEX_POINT('',#17350);
#5481=VERTEX_POINT('',#17352);
#5482=VERTEX_POINT('',#17355);
#5483=VERTEX_POINT('',#17356);
#5484=VERTEX_POINT('',#17358);
#5485=VERTEX_POINT('',#17360);
#5486=VERTEX_POINT('',#17363);
#5487=VERTEX_POINT('',#17364);
#5488=VERTEX_POINT('',#17366);
#5489=VERTEX_POINT('',#17368);
#5490=VERTEX_POINT('',#17371);
#5491=VERTEX_POINT('',#17372);
#5492=VERTEX_POINT('',#17374);
#5493=VERTEX_POINT('',#17376);
#5494=VERTEX_POINT('',#17379);
#5495=VERTEX_POINT('',#17380);
#5496=VERTEX_POINT('',#17382);
#5497=VERTEX_POINT('',#17384);
#5498=VERTEX_POINT('',#17387);
#5499=VERTEX_POINT('',#17388);
#5500=VERTEX_POINT('',#17390);
#5501=VERTEX_POINT('',#17392);
#5502=VERTEX_POINT('',#17395);
#5503=VERTEX_POINT('',#17396);
#5504=VERTEX_POINT('',#17398);
#5505=VERTEX_POINT('',#17400);
#5506=VERTEX_POINT('',#17403);
#5507=VERTEX_POINT('',#17404);
#5508=VERTEX_POINT('',#17406);
#5509=VERTEX_POINT('',#17408);
#5510=VERTEX_POINT('',#17411);
#5511=VERTEX_POINT('',#17412);
#5512=VERTEX_POINT('',#17414);
#5513=VERTEX_POINT('',#17416);
#5514=VERTEX_POINT('',#17419);
#5515=VERTEX_POINT('',#17420);
#5516=VERTEX_POINT('',#17422);
#5517=VERTEX_POINT('',#17424);
#5518=VERTEX_POINT('',#17427);
#5519=VERTEX_POINT('',#17428);
#5520=VERTEX_POINT('',#17430);
#5521=VERTEX_POINT('',#17432);
#5522=VERTEX_POINT('',#17435);
#5523=VERTEX_POINT('',#17436);
#5524=VERTEX_POINT('',#17438);
#5525=VERTEX_POINT('',#17440);
#5526=VERTEX_POINT('',#17443);
#5527=VERTEX_POINT('',#17444);
#5528=VERTEX_POINT('',#17446);
#5529=VERTEX_POINT('',#17448);
#5530=VERTEX_POINT('',#17451);
#5531=VERTEX_POINT('',#17452);
#5532=VERTEX_POINT('',#17454);
#5533=VERTEX_POINT('',#17456);
#5534=VERTEX_POINT('',#17459);
#5535=VERTEX_POINT('',#17460);
#5536=VERTEX_POINT('',#17462);
#5537=VERTEX_POINT('',#17464);
#5538=VERTEX_POINT('',#17467);
#5539=VERTEX_POINT('',#17468);
#5540=VERTEX_POINT('',#17470);
#5541=VERTEX_POINT('',#17472);
#5542=VERTEX_POINT('',#17475);
#5543=VERTEX_POINT('',#17476);
#5544=VERTEX_POINT('',#17478);
#5545=VERTEX_POINT('',#17480);
#5546=VERTEX_POINT('',#17483);
#5547=VERTEX_POINT('',#17484);
#5548=VERTEX_POINT('',#17486);
#5549=VERTEX_POINT('',#17488);
#5550=VERTEX_POINT('',#17491);
#5551=VERTEX_POINT('',#17492);
#5552=VERTEX_POINT('',#17494);
#5553=VERTEX_POINT('',#17496);
#5554=VERTEX_POINT('',#17499);
#5555=VERTEX_POINT('',#17500);
#5556=VERTEX_POINT('',#17502);
#5557=VERTEX_POINT('',#17504);
#5558=VERTEX_POINT('',#17507);
#5559=VERTEX_POINT('',#17508);
#5560=VERTEX_POINT('',#17510);
#5561=VERTEX_POINT('',#17512);
#5562=VERTEX_POINT('',#17515);
#5563=VERTEX_POINT('',#17516);
#5564=VERTEX_POINT('',#17518);
#5565=VERTEX_POINT('',#17520);
#5566=VERTEX_POINT('',#17523);
#5567=VERTEX_POINT('',#17524);
#5568=VERTEX_POINT('',#17526);
#5569=VERTEX_POINT('',#17528);
#5570=VERTEX_POINT('',#17532);
#5571=VERTEX_POINT('',#17534);
#5572=VERTEX_POINT('',#17538);
#5573=VERTEX_POINT('',#17542);
#5574=VERTEX_POINT('',#17549);
#5575=VERTEX_POINT('',#17551);
#5576=VERTEX_POINT('',#17555);
#5577=VERTEX_POINT('',#17559);
#5578=VERTEX_POINT('',#17566);
#5579=VERTEX_POINT('',#17568);
#5580=VERTEX_POINT('',#17572);
#5581=VERTEX_POINT('',#17576);
#5582=VERTEX_POINT('',#17583);
#5583=VERTEX_POINT('',#17585);
#5584=VERTEX_POINT('',#17589);
#5585=VERTEX_POINT('',#17593);
#5586=VERTEX_POINT('',#17600);
#5587=VERTEX_POINT('',#17602);
#5588=VERTEX_POINT('',#17606);
#5589=VERTEX_POINT('',#17610);
#5590=VERTEX_POINT('',#17617);
#5591=VERTEX_POINT('',#17619);
#5592=VERTEX_POINT('',#17623);
#5593=VERTEX_POINT('',#17627);
#5594=VERTEX_POINT('',#17634);
#5595=VERTEX_POINT('',#17636);
#5596=VERTEX_POINT('',#17640);
#5597=VERTEX_POINT('',#17644);
#5598=VERTEX_POINT('',#17651);
#5599=VERTEX_POINT('',#17653);
#5600=VERTEX_POINT('',#17657);
#5601=VERTEX_POINT('',#17661);
#5602=VERTEX_POINT('',#17668);
#5603=VERTEX_POINT('',#17670);
#5604=VERTEX_POINT('',#17674);
#5605=VERTEX_POINT('',#17678);
#5606=VERTEX_POINT('',#17685);
#5607=VERTEX_POINT('',#17687);
#5608=VERTEX_POINT('',#17691);
#5609=VERTEX_POINT('',#17695);
#5610=VERTEX_POINT('',#17702);
#5611=VERTEX_POINT('',#17704);
#5612=VERTEX_POINT('',#17708);
#5613=VERTEX_POINT('',#17712);
#5614=VERTEX_POINT('',#17719);
#5615=VERTEX_POINT('',#17721);
#5616=VERTEX_POINT('',#17725);
#5617=VERTEX_POINT('',#17729);
#5618=VERTEX_POINT('',#17736);
#5619=VERTEX_POINT('',#17738);
#5620=VERTEX_POINT('',#17742);
#5621=VERTEX_POINT('',#17746);
#5622=VERTEX_POINT('',#17753);
#5623=VERTEX_POINT('',#17755);
#5624=VERTEX_POINT('',#17759);
#5625=VERTEX_POINT('',#17763);
#5626=VERTEX_POINT('',#17770);
#5627=VERTEX_POINT('',#17772);
#5628=VERTEX_POINT('',#17776);
#5629=VERTEX_POINT('',#17780);
#5630=VERTEX_POINT('',#17787);
#5631=VERTEX_POINT('',#17789);
#5632=VERTEX_POINT('',#17793);
#5633=VERTEX_POINT('',#17797);
#5634=VERTEX_POINT('',#17804);
#5635=VERTEX_POINT('',#17806);
#5636=VERTEX_POINT('',#17810);
#5637=VERTEX_POINT('',#17814);
#5638=VERTEX_POINT('',#17821);
#5639=VERTEX_POINT('',#17823);
#5640=VERTEX_POINT('',#17827);
#5641=VERTEX_POINT('',#17831);
#5642=VERTEX_POINT('',#17838);
#5643=VERTEX_POINT('',#17840);
#5644=VERTEX_POINT('',#17844);
#5645=VERTEX_POINT('',#17848);
#5646=VERTEX_POINT('',#17855);
#5647=VERTEX_POINT('',#17857);
#5648=VERTEX_POINT('',#17861);
#5649=VERTEX_POINT('',#17865);
#5650=VERTEX_POINT('',#17872);
#5651=VERTEX_POINT('',#17874);
#5652=VERTEX_POINT('',#17878);
#5653=VERTEX_POINT('',#17882);
#5654=VERTEX_POINT('',#17889);
#5655=VERTEX_POINT('',#17891);
#5656=VERTEX_POINT('',#17895);
#5657=VERTEX_POINT('',#17899);
#5658=VERTEX_POINT('',#17906);
#5659=VERTEX_POINT('',#17908);
#5660=VERTEX_POINT('',#17912);
#5661=VERTEX_POINT('',#17916);
#5662=VERTEX_POINT('',#17923);
#5663=VERTEX_POINT('',#17925);
#5664=VERTEX_POINT('',#17929);
#5665=VERTEX_POINT('',#17933);
#5666=VERTEX_POINT('',#17940);
#5667=VERTEX_POINT('',#17942);
#5668=VERTEX_POINT('',#17946);
#5669=VERTEX_POINT('',#17950);
#5670=VERTEX_POINT('',#17957);
#5671=VERTEX_POINT('',#17959);
#5672=VERTEX_POINT('',#17963);
#5673=VERTEX_POINT('',#17967);
#5674=VERTEX_POINT('',#17974);
#5675=VERTEX_POINT('',#17976);
#5676=VERTEX_POINT('',#17980);
#5677=VERTEX_POINT('',#17984);
#5678=VERTEX_POINT('',#17991);
#5679=VERTEX_POINT('',#17993);
#5680=VERTEX_POINT('',#17997);
#5681=VERTEX_POINT('',#18001);
#5682=VERTEX_POINT('',#18008);
#5683=VERTEX_POINT('',#18010);
#5684=VERTEX_POINT('',#18014);
#5685=VERTEX_POINT('',#18018);
#5686=VERTEX_POINT('',#18025);
#5687=VERTEX_POINT('',#18027);
#5688=VERTEX_POINT('',#18031);
#5689=VERTEX_POINT('',#18035);
#5690=VERTEX_POINT('',#18042);
#5691=VERTEX_POINT('',#18044);
#5692=VERTEX_POINT('',#18048);
#5693=VERTEX_POINT('',#18052);
#5694=VERTEX_POINT('',#18059);
#5695=VERTEX_POINT('',#18061);
#5696=VERTEX_POINT('',#18065);
#5697=VERTEX_POINT('',#18069);
#5698=VERTEX_POINT('',#18076);
#5699=VERTEX_POINT('',#18078);
#5700=VERTEX_POINT('',#18082);
#5701=VERTEX_POINT('',#18086);
#5702=VERTEX_POINT('',#18093);
#5703=VERTEX_POINT('',#18095);
#5704=VERTEX_POINT('',#18099);
#5705=VERTEX_POINT('',#18103);
#5706=VERTEX_POINT('',#18110);
#5707=VERTEX_POINT('',#18112);
#5708=VERTEX_POINT('',#18116);
#5709=VERTEX_POINT('',#18120);
#5710=VERTEX_POINT('',#18127);
#5711=VERTEX_POINT('',#18129);
#5712=VERTEX_POINT('',#18133);
#5713=VERTEX_POINT('',#18137);
#5714=VERTEX_POINT('',#18144);
#5715=VERTEX_POINT('',#18146);
#5716=VERTEX_POINT('',#18150);
#5717=VERTEX_POINT('',#18154);
#5718=VERTEX_POINT('',#18161);
#5719=VERTEX_POINT('',#18163);
#5720=VERTEX_POINT('',#18167);
#5721=VERTEX_POINT('',#18171);
#5722=VERTEX_POINT('',#18178);
#5723=VERTEX_POINT('',#18180);
#5724=VERTEX_POINT('',#18184);
#5725=VERTEX_POINT('',#18188);
#5726=VERTEX_POINT('',#18195);
#5727=VERTEX_POINT('',#18197);
#5728=VERTEX_POINT('',#18201);
#5729=VERTEX_POINT('',#18205);
#5730=VERTEX_POINT('',#18212);
#5731=VERTEX_POINT('',#18214);
#5732=VERTEX_POINT('',#18218);
#5733=VERTEX_POINT('',#18222);
#5734=VERTEX_POINT('',#18229);
#5735=VERTEX_POINT('',#18231);
#5736=VERTEX_POINT('',#18235);
#5737=VERTEX_POINT('',#18239);
#5738=VERTEX_POINT('',#18246);
#5739=VERTEX_POINT('',#18248);
#5740=VERTEX_POINT('',#18252);
#5741=VERTEX_POINT('',#18256);
#5742=VERTEX_POINT('',#18263);
#5743=VERTEX_POINT('',#18265);
#5744=VERTEX_POINT('',#18269);
#5745=VERTEX_POINT('',#18273);
#5746=VERTEX_POINT('',#18280);
#5747=VERTEX_POINT('',#18282);
#5748=VERTEX_POINT('',#18286);
#5749=VERTEX_POINT('',#18290);
#5750=VERTEX_POINT('',#18297);
#5751=VERTEX_POINT('',#18299);
#5752=VERTEX_POINT('',#18303);
#5753=VERTEX_POINT('',#18307);
#5754=VERTEX_POINT('',#18314);
#5755=VERTEX_POINT('',#18316);
#5756=VERTEX_POINT('',#18320);
#5757=VERTEX_POINT('',#18324);
#5758=VERTEX_POINT('',#18331);
#5759=VERTEX_POINT('',#18333);
#5760=VERTEX_POINT('',#18337);
#5761=VERTEX_POINT('',#18341);
#5762=VERTEX_POINT('',#18348);
#5763=VERTEX_POINT('',#18350);
#5764=VERTEX_POINT('',#18354);
#5765=VERTEX_POINT('',#18358);
#5766=VERTEX_POINT('',#18365);
#5767=VERTEX_POINT('',#18367);
#5768=VERTEX_POINT('',#18371);
#5769=VERTEX_POINT('',#18375);
#5770=VERTEX_POINT('',#18382);
#5771=VERTEX_POINT('',#18384);
#5772=VERTEX_POINT('',#18388);
#5773=VERTEX_POINT('',#18392);
#5774=VERTEX_POINT('',#18399);
#5775=VERTEX_POINT('',#18401);
#5776=VERTEX_POINT('',#18405);
#5777=VERTEX_POINT('',#18409);
#5778=VERTEX_POINT('',#18416);
#5779=VERTEX_POINT('',#18418);
#5780=VERTEX_POINT('',#18422);
#5781=VERTEX_POINT('',#18426);
#5782=VERTEX_POINT('',#18433);
#5783=VERTEX_POINT('',#18435);
#5784=VERTEX_POINT('',#18439);
#5785=VERTEX_POINT('',#18443);
#5786=VERTEX_POINT('',#18450);
#5787=VERTEX_POINT('',#18452);
#5788=VERTEX_POINT('',#18456);
#5789=VERTEX_POINT('',#18460);
#5790=VERTEX_POINT('',#18467);
#5791=VERTEX_POINT('',#18469);
#5792=VERTEX_POINT('',#18473);
#5793=VERTEX_POINT('',#18477);
#5794=VERTEX_POINT('',#18484);
#5795=VERTEX_POINT('',#18486);
#5796=VERTEX_POINT('',#18490);
#5797=VERTEX_POINT('',#18494);
#5798=VERTEX_POINT('',#18501);
#5799=VERTEX_POINT('',#18503);
#5800=VERTEX_POINT('',#18507);
#5801=VERTEX_POINT('',#18511);
#5802=VERTEX_POINT('',#18518);
#5803=VERTEX_POINT('',#18520);
#5804=VERTEX_POINT('',#18524);
#5805=VERTEX_POINT('',#18528);
#5806=VERTEX_POINT('',#18535);
#5807=VERTEX_POINT('',#18537);
#5808=VERTEX_POINT('',#18541);
#5809=VERTEX_POINT('',#18545);
#5810=VERTEX_POINT('',#18552);
#5811=VERTEX_POINT('',#18554);
#5812=VERTEX_POINT('',#18558);
#5813=VERTEX_POINT('',#18562);
#5814=VERTEX_POINT('',#18569);
#5815=VERTEX_POINT('',#18571);
#5816=VERTEX_POINT('',#18575);
#5817=VERTEX_POINT('',#18579);
#5818=VERTEX_POINT('',#18586);
#5819=VERTEX_POINT('',#18588);
#5820=VERTEX_POINT('',#18592);
#5821=VERTEX_POINT('',#18596);
#5822=VERTEX_POINT('',#18603);
#5823=VERTEX_POINT('',#18605);
#5824=VERTEX_POINT('',#18609);
#5825=VERTEX_POINT('',#18613);
#5826=VERTEX_POINT('',#18620);
#5827=VERTEX_POINT('',#18622);
#5828=VERTEX_POINT('',#18626);
#5829=VERTEX_POINT('',#18630);
#5830=VERTEX_POINT('',#18637);
#5831=VERTEX_POINT('',#18639);
#5832=VERTEX_POINT('',#18643);
#5833=VERTEX_POINT('',#18647);
#5834=VERTEX_POINT('',#18654);
#5835=VERTEX_POINT('',#18656);
#5836=VERTEX_POINT('',#18660);
#5837=VERTEX_POINT('',#18664);
#5838=VERTEX_POINT('',#18671);
#5839=VERTEX_POINT('',#18673);
#5840=VERTEX_POINT('',#18677);
#5841=VERTEX_POINT('',#18681);
#5842=LINE('',#15421,#7344);
#5843=LINE('',#15424,#7345);
#5844=LINE('',#15426,#7346);
#5845=LINE('',#15428,#7347);
#5846=LINE('',#15430,#7348);
#5847=LINE('',#15432,#7349);
#5848=LINE('',#15434,#7350);
#5849=LINE('',#15436,#7351);
#5850=LINE('',#15437,#7352);
#5851=LINE('',#15440,#7353);
#5852=LINE('',#15442,#7354);
#5853=LINE('',#15444,#7355);
#5854=LINE('',#15445,#7356);
#5855=LINE('',#15448,#7357);
#5856=LINE('',#15450,#7358);
#5857=LINE('',#15452,#7359);
#5858=LINE('',#15453,#7360);
#5859=LINE('',#15456,#7361);
#5860=LINE('',#15458,#7362);
#5861=LINE('',#15460,#7363);
#5862=LINE('',#15461,#7364);
#5863=LINE('',#15464,#7365);
#5864=LINE('',#15466,#7366);
#5865=LINE('',#15468,#7367);
#5866=LINE('',#15469,#7368);
#5867=LINE('',#15472,#7369);
#5868=LINE('',#15474,#7370);
#5869=LINE('',#15476,#7371);
#5870=LINE('',#15477,#7372);
#5871=LINE('',#15480,#7373);
#5872=LINE('',#15482,#7374);
#5873=LINE('',#15484,#7375);
#5874=LINE('',#15485,#7376);
#5875=LINE('',#15488,#7377);
#5876=LINE('',#15490,#7378);
#5877=LINE('',#15492,#7379);
#5878=LINE('',#15493,#7380);
#5879=LINE('',#15496,#7381);
#5880=LINE('',#15498,#7382);
#5881=LINE('',#15500,#7383);
#5882=LINE('',#15501,#7384);
#5883=LINE('',#15504,#7385);
#5884=LINE('',#15506,#7386);
#5885=LINE('',#15508,#7387);
#5886=LINE('',#15509,#7388);
#5887=LINE('',#15512,#7389);
#5888=LINE('',#15514,#7390);
#5889=LINE('',#15516,#7391);
#5890=LINE('',#15517,#7392);
#5891=LINE('',#15520,#7393);
#5892=LINE('',#15522,#7394);
#5893=LINE('',#15524,#7395);
#5894=LINE('',#15525,#7396);
#5895=LINE('',#15528,#7397);
#5896=LINE('',#15530,#7398);
#5897=LINE('',#15532,#7399);
#5898=LINE('',#15533,#7400);
#5899=LINE('',#15536,#7401);
#5900=LINE('',#15538,#7402);
#5901=LINE('',#15540,#7403);
#5902=LINE('',#15541,#7404);
#5903=LINE('',#15544,#7405);
#5904=LINE('',#15546,#7406);
#5905=LINE('',#15548,#7407);
#5906=LINE('',#15549,#7408);
#5907=LINE('',#15552,#7409);
#5908=LINE('',#15554,#7410);
#5909=LINE('',#15556,#7411);
#5910=LINE('',#15557,#7412);
#5911=LINE('',#15560,#7413);
#5912=LINE('',#15562,#7414);
#5913=LINE('',#15564,#7415);
#5914=LINE('',#15565,#7416);
#5915=LINE('',#15568,#7417);
#5916=LINE('',#15570,#7418);
#5917=LINE('',#15572,#7419);
#5918=LINE('',#15573,#7420);
#5919=LINE('',#15576,#7421);
#5920=LINE('',#15578,#7422);
#5921=LINE('',#15580,#7423);
#5922=LINE('',#15581,#7424);
#5923=LINE('',#15584,#7425);
#5924=LINE('',#15586,#7426);
#5925=LINE('',#15588,#7427);
#5926=LINE('',#15589,#7428);
#5927=LINE('',#15592,#7429);
#5928=LINE('',#15594,#7430);
#5929=LINE('',#15596,#7431);
#5930=LINE('',#15597,#7432);
#5931=LINE('',#15600,#7433);
#5932=LINE('',#15602,#7434);
#5933=LINE('',#15604,#7435);
#5934=LINE('',#15605,#7436);
#5935=LINE('',#15608,#7437);
#5936=LINE('',#15610,#7438);
#5937=LINE('',#15612,#7439);
#5938=LINE('',#15613,#7440);
#5939=LINE('',#15616,#7441);
#5940=LINE('',#15618,#7442);
#5941=LINE('',#15620,#7443);
#5942=LINE('',#15621,#7444);
#5943=LINE('',#15624,#7445);
#5944=LINE('',#15626,#7446);
#5945=LINE('',#15628,#7447);
#5946=LINE('',#15629,#7448);
#5947=LINE('',#15632,#7449);
#5948=LINE('',#15634,#7450);
#5949=LINE('',#15636,#7451);
#5950=LINE('',#15637,#7452);
#5951=LINE('',#15640,#7453);
#5952=LINE('',#15642,#7454);
#5953=LINE('',#15644,#7455);
#5954=LINE('',#15645,#7456);
#5955=LINE('',#15648,#7457);
#5956=LINE('',#15650,#7458);
#5957=LINE('',#15652,#7459);
#5958=LINE('',#15653,#7460);
#5959=LINE('',#15656,#7461);
#5960=LINE('',#15658,#7462);
#5961=LINE('',#15660,#7463);
#5962=LINE('',#15661,#7464);
#5963=LINE('',#15664,#7465);
#5964=LINE('',#15666,#7466);
#5965=LINE('',#15668,#7467);
#5966=LINE('',#15669,#7468);
#5967=LINE('',#15672,#7469);
#5968=LINE('',#15674,#7470);
#5969=LINE('',#15676,#7471);
#5970=LINE('',#15677,#7472);
#5971=LINE('',#15680,#7473);
#5972=LINE('',#15682,#7474);
#5973=LINE('',#15684,#7475);
#5974=LINE('',#15685,#7476);
#5975=LINE('',#15688,#7477);
#5976=LINE('',#15690,#7478);
#5977=LINE('',#15692,#7479);
#5978=LINE('',#15693,#7480);
#5979=LINE('',#15696,#7481);
#5980=LINE('',#15698,#7482);
#5981=LINE('',#15700,#7483);
#5982=LINE('',#15701,#7484);
#5983=LINE('',#15704,#7485);
#5984=LINE('',#15706,#7486);
#5985=LINE('',#15708,#7487);
#5986=LINE('',#15710,#7488);
#5987=LINE('',#15713,#7489);
#5988=LINE('',#15715,#7490);
#5989=LINE('',#15717,#7491);
#5990=LINE('',#15719,#7492);
#5991=LINE('',#15722,#7493);
#5992=LINE('',#15724,#7494);
#5993=LINE('',#15726,#7495);
#5994=LINE('',#15728,#7496);
#5995=LINE('',#15731,#7497);
#5996=LINE('',#15733,#7498);
#5997=LINE('',#15734,#7499);
#5998=LINE('',#15736,#7500);
#5999=LINE('',#15737,#7501);
#6000=LINE('',#15740,#7502);
#6001=LINE('',#15742,#7503);
#6002=LINE('',#15744,#7504);
#6003=LINE('',#15745,#7505);
#6004=LINE('',#15748,#7506);
#6005=LINE('',#15750,#7507);
#6006=LINE('',#15751,#7508);
#6007=LINE('',#15753,#7509);
#6008=LINE('',#15757,#7510);
#6009=LINE('',#15760,#7511);
#6010=LINE('',#15762,#7512);
#6011=LINE('',#15764,#7513);
#6012=LINE('',#15765,#7514);
#6013=LINE('',#15768,#7515);
#6014=LINE('',#15770,#7516);
#6015=LINE('',#15772,#7517);
#6016=LINE('',#15773,#7518);
#6017=LINE('',#15776,#7519);
#6018=LINE('',#15778,#7520);
#6019=LINE('',#15780,#7521);
#6020=LINE('',#15782,#7522);
#6021=LINE('',#15784,#7523);
#6022=LINE('',#15785,#7524);
#6023=LINE('',#15788,#7525);
#6024=LINE('',#15790,#7526);
#6025=LINE('',#15792,#7527);
#6026=LINE('',#15794,#7528);
#6027=LINE('',#15797,#7529);
#6028=LINE('',#15799,#7530);
#6029=LINE('',#15801,#7531);
#6030=LINE('',#15802,#7532);
#6031=LINE('',#15805,#7533);
#6032=LINE('',#15807,#7534);
#6033=LINE('',#15809,#7535);
#6034=LINE('',#15811,#7536);
#6035=LINE('',#15814,#7537);
#6036=LINE('',#15816,#7538);
#6037=LINE('',#15818,#7539);
#6038=LINE('',#15819,#7540);
#6039=LINE('',#15822,#7541);
#6040=LINE('',#15824,#7542);
#6041=LINE('',#15826,#7543);
#6042=LINE('',#15828,#7544);
#6043=LINE('',#15831,#7545);
#6044=LINE('',#15833,#7546);
#6045=LINE('',#15835,#7547);
#6046=LINE('',#15836,#7548);
#6047=LINE('',#15839,#7549);
#6048=LINE('',#15841,#7550);
#6049=LINE('',#15843,#7551);
#6050=LINE('',#15845,#7552);
#6051=LINE('',#15848,#7553);
#6052=LINE('',#15850,#7554);
#6053=LINE('',#15852,#7555);
#6054=LINE('',#15853,#7556);
#6055=LINE('',#15856,#7557);
#6056=LINE('',#15858,#7558);
#6057=LINE('',#15860,#7559);
#6058=LINE('',#15862,#7560);
#6059=LINE('',#15865,#7561);
#6060=LINE('',#15867,#7562);
#6061=LINE('',#15869,#7563);
#6062=LINE('',#15870,#7564);
#6063=LINE('',#15873,#7565);
#6064=LINE('',#15875,#7566);
#6065=LINE('',#15877,#7567);
#6066=LINE('',#15879,#7568);
#6067=LINE('',#15882,#7569);
#6068=LINE('',#15884,#7570);
#6069=LINE('',#15886,#7571);
#6070=LINE('',#15887,#7572);
#6071=LINE('',#15890,#7573);
#6072=LINE('',#15892,#7574);
#6073=LINE('',#15894,#7575);
#6074=LINE('',#15896,#7576);
#6075=LINE('',#15899,#7577);
#6076=LINE('',#15901,#7578);
#6077=LINE('',#15903,#7579);
#6078=LINE('',#15904,#7580);
#6079=LINE('',#15907,#7581);
#6080=LINE('',#15909,#7582);
#6081=LINE('',#15911,#7583);
#6082=LINE('',#15913,#7584);
#6083=LINE('',#15916,#7585);
#6084=LINE('',#15918,#7586);
#6085=LINE('',#15920,#7587);
#6086=LINE('',#15921,#7588);
#6087=LINE('',#15924,#7589);
#6088=LINE('',#15926,#7590);
#6089=LINE('',#15928,#7591);
#6090=LINE('',#15930,#7592);
#6091=LINE('',#15933,#7593);
#6092=LINE('',#15935,#7594);
#6093=LINE('',#15937,#7595);
#6094=LINE('',#15938,#7596);
#6095=LINE('',#15941,#7597);
#6096=LINE('',#15943,#7598);
#6097=LINE('',#15945,#7599);
#6098=LINE('',#15947,#7600);
#6099=LINE('',#15950,#7601);
#6100=LINE('',#15952,#7602);
#6101=LINE('',#15954,#7603);
#6102=LINE('',#15955,#7604);
#6103=LINE('',#15958,#7605);
#6104=LINE('',#15960,#7606);
#6105=LINE('',#15962,#7607);
#6106=LINE('',#15964,#7608);
#6107=LINE('',#15967,#7609);
#6108=LINE('',#15969,#7610);
#6109=LINE('',#15971,#7611);
#6110=LINE('',#15972,#7612);
#6111=LINE('',#15975,#7613);
#6112=LINE('',#15977,#7614);
#6113=LINE('',#15979,#7615);
#6114=LINE('',#15981,#7616);
#6115=LINE('',#15984,#7617);
#6116=LINE('',#15986,#7618);
#6117=LINE('',#15988,#7619);
#6118=LINE('',#15989,#7620);
#6119=LINE('',#15992,#7621);
#6120=LINE('',#15994,#7622);
#6121=LINE('',#15996,#7623);
#6122=LINE('',#15998,#7624);
#6123=LINE('',#16001,#7625);
#6124=LINE('',#16003,#7626);
#6125=LINE('',#16005,#7627);
#6126=LINE('',#16006,#7628);
#6127=LINE('',#16009,#7629);
#6128=LINE('',#16011,#7630);
#6129=LINE('',#16013,#7631);
#6130=LINE('',#16015,#7632);
#6131=LINE('',#16018,#7633);
#6132=LINE('',#16020,#7634);
#6133=LINE('',#16022,#7635);
#6134=LINE('',#16023,#7636);
#6135=LINE('',#16026,#7637);
#6136=LINE('',#16028,#7638);
#6137=LINE('',#16030,#7639);
#6138=LINE('',#16032,#7640);
#6139=LINE('',#16035,#7641);
#6140=LINE('',#16037,#7642);
#6141=LINE('',#16039,#7643);
#6142=LINE('',#16040,#7644);
#6143=LINE('',#16043,#7645);
#6144=LINE('',#16045,#7646);
#6145=LINE('',#16047,#7647);
#6146=LINE('',#16049,#7648);
#6147=LINE('',#16052,#7649);
#6148=LINE('',#16054,#7650);
#6149=LINE('',#16056,#7651);
#6150=LINE('',#16057,#7652);
#6151=LINE('',#16060,#7653);
#6152=LINE('',#16062,#7654);
#6153=LINE('',#16064,#7655);
#6154=LINE('',#16066,#7656);
#6155=LINE('',#16069,#7657);
#6156=LINE('',#16071,#7658);
#6157=LINE('',#16073,#7659);
#6158=LINE('',#16074,#7660);
#6159=LINE('',#16077,#7661);
#6160=LINE('',#16079,#7662);
#6161=LINE('',#16081,#7663);
#6162=LINE('',#16083,#7664);
#6163=LINE('',#16086,#7665);
#6164=LINE('',#16088,#7666);
#6165=LINE('',#16090,#7667);
#6166=LINE('',#16091,#7668);
#6167=LINE('',#16094,#7669);
#6168=LINE('',#16096,#7670);
#6169=LINE('',#16098,#7671);
#6170=LINE('',#16100,#7672);
#6171=LINE('',#16103,#7673);
#6172=LINE('',#16105,#7674);
#6173=LINE('',#16107,#7675);
#6174=LINE('',#16108,#7676);
#6175=LINE('',#16111,#7677);
#6176=LINE('',#16113,#7678);
#6177=LINE('',#16115,#7679);
#6178=LINE('',#16117,#7680);
#6179=LINE('',#16120,#7681);
#6180=LINE('',#16122,#7682);
#6181=LINE('',#16124,#7683);
#6182=LINE('',#16125,#7684);
#6183=LINE('',#16128,#7685);
#6184=LINE('',#16130,#7686);
#6185=LINE('',#16132,#7687);
#6186=LINE('',#16134,#7688);
#6187=LINE('',#16137,#7689);
#6188=LINE('',#16139,#7690);
#6189=LINE('',#16141,#7691);
#6190=LINE('',#16146,#7692);
#6191=LINE('',#16149,#7693);
#6192=LINE('',#16151,#7694);
#6193=LINE('',#16153,#7695);
#6194=LINE('',#16160,#7696);
#6195=LINE('',#16166,#7697);
#6196=LINE('',#16167,#7698);
#6197=LINE('',#16170,#7699);
#6198=LINE('',#16172,#7700);
#6199=LINE('',#16174,#7701);
#6200=LINE('',#16179,#7702);
#6201=LINE('',#16183,#7703);
#6202=LINE('',#16187,#7704);
#6203=LINE('',#16191,#7705);
#6204=LINE('',#16195,#7706);
#6205=LINE('',#16199,#7707);
#6206=LINE('',#16203,#7708);
#6207=LINE('',#16207,#7709);
#6208=LINE('',#16218,#7710);
#6209=LINE('',#16222,#7711);
#6210=LINE('',#16226,#7712);
#6211=LINE('',#16230,#7713);
#6212=LINE('',#16244,#7714);
#6213=LINE('',#16245,#7715);
#6214=LINE('',#16247,#7716);
#6215=LINE('',#16249,#7717);
#6216=LINE('',#16251,#7718);
#6217=LINE('',#16253,#7719);
#6218=LINE('',#16255,#7720);
#6219=LINE('',#16257,#7721);
#6220=LINE('',#16260,#7722);
#6221=LINE('',#16261,#7723);
#6222=LINE('',#16263,#7724);
#6223=LINE('',#16265,#7725);
#6224=LINE('',#16267,#7726);
#6225=LINE('',#16269,#7727);
#6226=LINE('',#16271,#7728);
#6227=LINE('',#16273,#7729);
#6228=LINE('',#16285,#7730);
#6229=LINE('',#16291,#7731);
#6230=LINE('',#16321,#7732);
#6231=LINE('',#16324,#7733);
#6232=LINE('',#16326,#7734);
#6233=LINE('',#16328,#7735);
#6234=LINE('',#16330,#7736);
#6235=LINE('',#16333,#7737);
#6236=LINE('',#16335,#7738);
#6237=LINE('',#16337,#7739);
#6238=LINE('',#16339,#7740);
#6239=LINE('',#16342,#7741);
#6240=LINE('',#16344,#7742);
#6241=LINE('',#16346,#7743);
#6242=LINE('',#16348,#7744);
#6243=LINE('',#16351,#7745);
#6244=LINE('',#16353,#7746);
#6245=LINE('',#16355,#7747);
#6246=LINE('',#16370,#7748);
#6247=LINE('',#16371,#7749);
#6248=LINE('',#16373,#7750);
#6249=LINE('',#16375,#7751);
#6250=LINE('',#16377,#7752);
#6251=LINE('',#16379,#7753);
#6252=LINE('',#16381,#7754);
#6253=LINE('',#16383,#7755);
#6254=LINE('',#16386,#7756);
#6255=LINE('',#16388,#7757);
#6256=LINE('',#16390,#7758);
#6257=LINE('',#16392,#7759);
#6258=LINE('',#16394,#7760);
#6259=LINE('',#16396,#7761);
#6260=LINE('',#16398,#7762);
#6261=LINE('',#16400,#7763);
#6262=LINE('',#16402,#7764);
#6263=LINE('',#16405,#7765);
#6264=LINE('',#16407,#7766);
#6265=LINE('',#16409,#7767);
#6266=LINE('',#16410,#7768);
#6267=LINE('',#16413,#7769);
#6268=LINE('',#16415,#7770);
#6269=LINE('',#16417,#7771);
#6270=LINE('',#16418,#7772);
#6271=LINE('',#16421,#7773);
#6272=LINE('',#16423,#7774);
#6273=LINE('',#16425,#7775);
#6274=LINE('',#16426,#7776);
#6275=LINE('',#16429,#7777);
#6276=LINE('',#16431,#7778);
#6277=LINE('',#16433,#7779);
#6278=LINE('',#16434,#7780);
#6279=LINE('',#16437,#7781);
#6280=LINE('',#16439,#7782);
#6281=LINE('',#16441,#7783);
#6282=LINE('',#16442,#7784);
#6283=LINE('',#16445,#7785);
#6284=LINE('',#16447,#7786);
#6285=LINE('',#16449,#7787);
#6286=LINE('',#16450,#7788);
#6287=LINE('',#16453,#7789);
#6288=LINE('',#16455,#7790);
#6289=LINE('',#16457,#7791);
#6290=LINE('',#16458,#7792);
#6291=LINE('',#16461,#7793);
#6292=LINE('',#16463,#7794);
#6293=LINE('',#16465,#7795);
#6294=LINE('',#16466,#7796);
#6295=LINE('',#16469,#7797);
#6296=LINE('',#16471,#7798);
#6297=LINE('',#16473,#7799);
#6298=LINE('',#16474,#7800);
#6299=LINE('',#16477,#7801);
#6300=LINE('',#16479,#7802);
#6301=LINE('',#16481,#7803);
#6302=LINE('',#16482,#7804);
#6303=LINE('',#16485,#7805);
#6304=LINE('',#16487,#7806);
#6305=LINE('',#16489,#7807);
#6306=LINE('',#16490,#7808);
#6307=LINE('',#16493,#7809);
#6308=LINE('',#16495,#7810);
#6309=LINE('',#16497,#7811);
#6310=LINE('',#16498,#7812);
#6311=LINE('',#16501,#7813);
#6312=LINE('',#16503,#7814);
#6313=LINE('',#16505,#7815);
#6314=LINE('',#16506,#7816);
#6315=LINE('',#16509,#7817);
#6316=LINE('',#16511,#7818);
#6317=LINE('',#16513,#7819);
#6318=LINE('',#16514,#7820);
#6319=LINE('',#16517,#7821);
#6320=LINE('',#16519,#7822);
#6321=LINE('',#16521,#7823);
#6322=LINE('',#16522,#7824);
#6323=LINE('',#16525,#7825);
#6324=LINE('',#16527,#7826);
#6325=LINE('',#16529,#7827);
#6326=LINE('',#16530,#7828);
#6327=LINE('',#16533,#7829);
#6328=LINE('',#16535,#7830);
#6329=LINE('',#16537,#7831);
#6330=LINE('',#16538,#7832);
#6331=LINE('',#16541,#7833);
#6332=LINE('',#16543,#7834);
#6333=LINE('',#16545,#7835);
#6334=LINE('',#16546,#7836);
#6335=LINE('',#16549,#7837);
#6336=LINE('',#16551,#7838);
#6337=LINE('',#16553,#7839);
#6338=LINE('',#16554,#7840);
#6339=LINE('',#16557,#7841);
#6340=LINE('',#16559,#7842);
#6341=LINE('',#16561,#7843);
#6342=LINE('',#16563,#7844);
#6343=LINE('',#16564,#7845);
#6344=LINE('',#16566,#7846);
#6345=LINE('',#16568,#7847);
#6346=LINE('',#16571,#7848);
#6347=LINE('',#16572,#7849);
#6348=LINE('',#16574,#7850);
#6349=LINE('',#16576,#7851);
#6350=LINE('',#16579,#7852);
#6351=LINE('',#16580,#7853);
#6352=LINE('',#16582,#7854);
#6353=LINE('',#16584,#7855);
#6354=LINE('',#16587,#7856);
#6355=LINE('',#16588,#7857);
#6356=LINE('',#16590,#7858);
#6357=LINE('',#16592,#7859);
#6358=LINE('',#16595,#7860);
#6359=LINE('',#16596,#7861);
#6360=LINE('',#16598,#7862);
#6361=LINE('',#16600,#7863);
#6362=LINE('',#16603,#7864);
#6363=LINE('',#16604,#7865);
#6364=LINE('',#16606,#7866);
#6365=LINE('',#16608,#7867);
#6366=LINE('',#16611,#7868);
#6367=LINE('',#16612,#7869);
#6368=LINE('',#16614,#7870);
#6369=LINE('',#16616,#7871);
#6370=LINE('',#16619,#7872);
#6371=LINE('',#16620,#7873);
#6372=LINE('',#16622,#7874);
#6373=LINE('',#16624,#7875);
#6374=LINE('',#16627,#7876);
#6375=LINE('',#16628,#7877);
#6376=LINE('',#16630,#7878);
#6377=LINE('',#16632,#7879);
#6378=LINE('',#16635,#7880);
#6379=LINE('',#16636,#7881);
#6380=LINE('',#16638,#7882);
#6381=LINE('',#16640,#7883);
#6382=LINE('',#16643,#7884);
#6383=LINE('',#16644,#7885);
#6384=LINE('',#16646,#7886);
#6385=LINE('',#16648,#7887);
#6386=LINE('',#16651,#7888);
#6387=LINE('',#16652,#7889);
#6388=LINE('',#16654,#7890);
#6389=LINE('',#16656,#7891);
#6390=LINE('',#16659,#7892);
#6391=LINE('',#16660,#7893);
#6392=LINE('',#16662,#7894);
#6393=LINE('',#16664,#7895);
#6394=LINE('',#16667,#7896);
#6395=LINE('',#16668,#7897);
#6396=LINE('',#16670,#7898);
#6397=LINE('',#16672,#7899);
#6398=LINE('',#16675,#7900);
#6399=LINE('',#16676,#7901);
#6400=LINE('',#16678,#7902);
#6401=LINE('',#16680,#7903);
#6402=LINE('',#16683,#7904);
#6403=LINE('',#16684,#7905);
#6404=LINE('',#16686,#7906);
#6405=LINE('',#16688,#7907);
#6406=LINE('',#16691,#7908);
#6407=LINE('',#16692,#7909);
#6408=LINE('',#16694,#7910);
#6409=LINE('',#16696,#7911);
#6410=LINE('',#16699,#7912);
#6411=LINE('',#16700,#7913);
#6412=LINE('',#16702,#7914);
#6413=LINE('',#16704,#7915);
#6414=LINE('',#16707,#7916);
#6415=LINE('',#16708,#7917);
#6416=LINE('',#16710,#7918);
#6417=LINE('',#16712,#7919);
#6418=LINE('',#16715,#7920);
#6419=LINE('',#16716,#7921);
#6420=LINE('',#16718,#7922);
#6421=LINE('',#16720,#7923);
#6422=LINE('',#16723,#7924);
#6423=LINE('',#16725,#7925);
#6424=LINE('',#16727,#7926);
#6425=LINE('',#16729,#7927);
#6426=LINE('',#16731,#7928);
#6427=LINE('',#16733,#7929);
#6428=LINE('',#16735,#7930);
#6429=LINE('',#16737,#7931);
#6430=LINE('',#16740,#7932);
#6431=LINE('',#16742,#7933);
#6432=LINE('',#16744,#7934);
#6433=LINE('',#16746,#7935);
#6434=LINE('',#16748,#7936);
#6435=LINE('',#16750,#7937);
#6436=LINE('',#16752,#7938);
#6437=LINE('',#16754,#7939);
#6438=LINE('',#16757,#7940);
#6439=LINE('',#16759,#7941);
#6440=LINE('',#16761,#7942);
#6441=LINE('',#16763,#7943);
#6442=LINE('',#16765,#7944);
#6443=LINE('',#16767,#7945);
#6444=LINE('',#16769,#7946);
#6445=LINE('',#16771,#7947);
#6446=LINE('',#16774,#7948);
#6447=LINE('',#16776,#7949);
#6448=LINE('',#16778,#7950);
#6449=LINE('',#16780,#7951);
#6450=LINE('',#16782,#7952);
#6451=LINE('',#16784,#7953);
#6452=LINE('',#16786,#7954);
#6453=LINE('',#16788,#7955);
#6454=LINE('',#16791,#7956);
#6455=LINE('',#16793,#7957);
#6456=LINE('',#16795,#7958);
#6457=LINE('',#16797,#7959);
#6458=LINE('',#16799,#7960);
#6459=LINE('',#16801,#7961);
#6460=LINE('',#16803,#7962);
#6461=LINE('',#16805,#7963);
#6462=LINE('',#16808,#7964);
#6463=LINE('',#16810,#7965);
#6464=LINE('',#16812,#7966);
#6465=LINE('',#16814,#7967);
#6466=LINE('',#16816,#7968);
#6467=LINE('',#16818,#7969);
#6468=LINE('',#16820,#7970);
#6469=LINE('',#16822,#7971);
#6470=LINE('',#16825,#7972);
#6471=LINE('',#16827,#7973);
#6472=LINE('',#16829,#7974);
#6473=LINE('',#16831,#7975);
#6474=LINE('',#16833,#7976);
#6475=LINE('',#16835,#7977);
#6476=LINE('',#16837,#7978);
#6477=LINE('',#16839,#7979);
#6478=LINE('',#16842,#7980);
#6479=LINE('',#16844,#7981);
#6480=LINE('',#16846,#7982);
#6481=LINE('',#16848,#7983);
#6482=LINE('',#16850,#7984);
#6483=LINE('',#16852,#7985);
#6484=LINE('',#16854,#7986);
#6485=LINE('',#16856,#7987);
#6486=LINE('',#16859,#7988);
#6487=LINE('',#16861,#7989);
#6488=LINE('',#16863,#7990);
#6489=LINE('',#16865,#7991);
#6490=LINE('',#16867,#7992);
#6491=LINE('',#16869,#7993);
#6492=LINE('',#16871,#7994);
#6493=LINE('',#16873,#7995);
#6494=LINE('',#16876,#7996);
#6495=LINE('',#16878,#7997);
#6496=LINE('',#16880,#7998);
#6497=LINE('',#16882,#7999);
#6498=LINE('',#16884,#8000);
#6499=LINE('',#16886,#8001);
#6500=LINE('',#16888,#8002);
#6501=LINE('',#16890,#8003);
#6502=LINE('',#16893,#8004);
#6503=LINE('',#16895,#8005);
#6504=LINE('',#16897,#8006);
#6505=LINE('',#16899,#8007);
#6506=LINE('',#16901,#8008);
#6507=LINE('',#16903,#8009);
#6508=LINE('',#16905,#8010);
#6509=LINE('',#16907,#8011);
#6510=LINE('',#16910,#8012);
#6511=LINE('',#16912,#8013);
#6512=LINE('',#16914,#8014);
#6513=LINE('',#16916,#8015);
#6514=LINE('',#16918,#8016);
#6515=LINE('',#16920,#8017);
#6516=LINE('',#16922,#8018);
#6517=LINE('',#16924,#8019);
#6518=LINE('',#16927,#8020);
#6519=LINE('',#16929,#8021);
#6520=LINE('',#16931,#8022);
#6521=LINE('',#16933,#8023);
#6522=LINE('',#16935,#8024);
#6523=LINE('',#16937,#8025);
#6524=LINE('',#16939,#8026);
#6525=LINE('',#16941,#8027);
#6526=LINE('',#16944,#8028);
#6527=LINE('',#16946,#8029);
#6528=LINE('',#16948,#8030);
#6529=LINE('',#16950,#8031);
#6530=LINE('',#16952,#8032);
#6531=LINE('',#16954,#8033);
#6532=LINE('',#16956,#8034);
#6533=LINE('',#16958,#8035);
#6534=LINE('',#16961,#8036);
#6535=LINE('',#16963,#8037);
#6536=LINE('',#16965,#8038);
#6537=LINE('',#16967,#8039);
#6538=LINE('',#16969,#8040);
#6539=LINE('',#16971,#8041);
#6540=LINE('',#16973,#8042);
#6541=LINE('',#16975,#8043);
#6542=LINE('',#16978,#8044);
#6543=LINE('',#16980,#8045);
#6544=LINE('',#16982,#8046);
#6545=LINE('',#16984,#8047);
#6546=LINE('',#16986,#8048);
#6547=LINE('',#16988,#8049);
#6548=LINE('',#16990,#8050);
#6549=LINE('',#16992,#8051);
#6550=LINE('',#16995,#8052);
#6551=LINE('',#16997,#8053);
#6552=LINE('',#16999,#8054);
#6553=LINE('',#17001,#8055);
#6554=LINE('',#17003,#8056);
#6555=LINE('',#17005,#8057);
#6556=LINE('',#17007,#8058);
#6557=LINE('',#17009,#8059);
#6558=LINE('',#17012,#8060);
#6559=LINE('',#17014,#8061);
#6560=LINE('',#17016,#8062);
#6561=LINE('',#17018,#8063);
#6562=LINE('',#17020,#8064);
#6563=LINE('',#17022,#8065);
#6564=LINE('',#17024,#8066);
#6565=LINE('',#17026,#8067);
#6566=LINE('',#17029,#8068);
#6567=LINE('',#17031,#8069);
#6568=LINE('',#17033,#8070);
#6569=LINE('',#17035,#8071);
#6570=LINE('',#17037,#8072);
#6571=LINE('',#17039,#8073);
#6572=LINE('',#17041,#8074);
#6573=LINE('',#17043,#8075);
#6574=LINE('',#17046,#8076);
#6575=LINE('',#17048,#8077);
#6576=LINE('',#17050,#8078);
#6577=LINE('',#17052,#8079);
#6578=LINE('',#17054,#8080);
#6579=LINE('',#17056,#8081);
#6580=LINE('',#17058,#8082);
#6581=LINE('',#17060,#8083);
#6582=LINE('',#17075,#8084);
#6583=LINE('',#17077,#8085);
#6584=LINE('',#17079,#8086);
#6585=LINE('',#17081,#8087);
#6586=LINE('',#17083,#8088);
#6587=LINE('',#17085,#8089);
#6588=LINE('',#17087,#8090);
#6589=LINE('',#17089,#8091);
#6590=LINE('',#17092,#8092);
#6591=LINE('',#17094,#8093);
#6592=LINE('',#17096,#8094);
#6593=LINE('',#17098,#8095);
#6594=LINE('',#17100,#8096);
#6595=LINE('',#17102,#8097);
#6596=LINE('',#17104,#8098);
#6597=LINE('',#17106,#8099);
#6598=LINE('',#17108,#8100);
#6599=LINE('',#17110,#8101);
#6600=LINE('',#17112,#8102);
#6601=LINE('',#17113,#8103);
#6602=LINE('',#17117,#8104);
#6603=LINE('',#17119,#8105);
#6604=LINE('',#17121,#8106);
#6605=LINE('',#17123,#8107);
#6606=LINE('',#17125,#8108);
#6607=LINE('',#17127,#8109);
#6608=LINE('',#17129,#8110);
#6609=LINE('',#17131,#8111);
#6610=LINE('',#17150,#8112);
#6611=LINE('',#17152,#8113);
#6612=LINE('',#17154,#8114);
#6613=LINE('',#17156,#8115);
#6614=LINE('',#17158,#8116);
#6615=LINE('',#17160,#8117);
#6616=LINE('',#17162,#8118);
#6617=LINE('',#17164,#8119);
#6618=LINE('',#17166,#8120);
#6619=LINE('',#17169,#8121);
#6620=LINE('',#17170,#8122);
#6621=LINE('',#17172,#8123);
#6622=LINE('',#17174,#8124);
#6623=LINE('',#17176,#8125);
#6624=LINE('',#17178,#8126);
#6625=LINE('',#17180,#8127);
#6626=LINE('',#17182,#8128);
#6627=LINE('',#17184,#8129);
#6628=LINE('',#17186,#8130);
#6629=LINE('',#17188,#8131);
#6630=LINE('',#17190,#8132);
#6631=LINE('',#17192,#8133);
#6632=LINE('',#17194,#8134);
#6633=LINE('',#17196,#8135);
#6634=LINE('',#17199,#8136);
#6635=LINE('',#17200,#8137);
#6636=LINE('',#17202,#8138);
#6637=LINE('',#17204,#8139);
#6638=LINE('',#17206,#8140);
#6639=LINE('',#17208,#8141);
#6640=LINE('',#17210,#8142);
#6641=LINE('',#17211,#8143);
#6642=LINE('',#17213,#8144);
#6643=LINE('',#17214,#8145);
#6644=LINE('',#17216,#8146);
#6645=LINE('',#17218,#8147);
#6646=LINE('',#17220,#8148);
#6647=LINE('',#17222,#8149);
#6648=LINE('',#17226,#8150);
#6649=LINE('',#17228,#8151);
#6650=LINE('',#17230,#8152);
#6651=LINE('',#17232,#8153);
#6652=LINE('',#17234,#8154);
#6653=LINE('',#17236,#8155);
#6654=LINE('',#17238,#8156);
#6655=LINE('',#17240,#8157);
#6656=LINE('',#17242,#8158);
#6657=LINE('',#17244,#8159);
#6658=LINE('',#17246,#8160);
#6659=LINE('',#17248,#8161);
#6660=LINE('',#17250,#8162);
#6661=LINE('',#17252,#8163);
#6662=LINE('',#17254,#8164);
#6663=LINE('',#17256,#8165);
#6664=LINE('',#17258,#8166);
#6665=LINE('',#17261,#8167);
#6666=LINE('',#17263,#8168);
#6667=LINE('',#17265,#8169);
#6668=LINE('',#17266,#8170);
#6669=LINE('',#17269,#8171);
#6670=LINE('',#17271,#8172);
#6671=LINE('',#17273,#8173);
#6672=LINE('',#17274,#8174);
#6673=LINE('',#17277,#8175);
#6674=LINE('',#17279,#8176);
#6675=LINE('',#17281,#8177);
#6676=LINE('',#17282,#8178);
#6677=LINE('',#17285,#8179);
#6678=LINE('',#17287,#8180);
#6679=LINE('',#17289,#8181);
#6680=LINE('',#17290,#8182);
#6681=LINE('',#17293,#8183);
#6682=LINE('',#17295,#8184);
#6683=LINE('',#17297,#8185);
#6684=LINE('',#17298,#8186);
#6685=LINE('',#17301,#8187);
#6686=LINE('',#17303,#8188);
#6687=LINE('',#17305,#8189);
#6688=LINE('',#17306,#8190);
#6689=LINE('',#17309,#8191);
#6690=LINE('',#17311,#8192);
#6691=LINE('',#17313,#8193);
#6692=LINE('',#17314,#8194);
#6693=LINE('',#17317,#8195);
#6694=LINE('',#17319,#8196);
#6695=LINE('',#17321,#8197);
#6696=LINE('',#17322,#8198);
#6697=LINE('',#17325,#8199);
#6698=LINE('',#17327,#8200);
#6699=LINE('',#17329,#8201);
#6700=LINE('',#17330,#8202);
#6701=LINE('',#17333,#8203);
#6702=LINE('',#17335,#8204);
#6703=LINE('',#17337,#8205);
#6704=LINE('',#17338,#8206);
#6705=LINE('',#17341,#8207);
#6706=LINE('',#17343,#8208);
#6707=LINE('',#17345,#8209);
#6708=LINE('',#17346,#8210);
#6709=LINE('',#17349,#8211);
#6710=LINE('',#17351,#8212);
#6711=LINE('',#17353,#8213);
#6712=LINE('',#17354,#8214);
#6713=LINE('',#17357,#8215);
#6714=LINE('',#17359,#8216);
#6715=LINE('',#17361,#8217);
#6716=LINE('',#17362,#8218);
#6717=LINE('',#17365,#8219);
#6718=LINE('',#17367,#8220);
#6719=LINE('',#17369,#8221);
#6720=LINE('',#17370,#8222);
#6721=LINE('',#17373,#8223);
#6722=LINE('',#17375,#8224);
#6723=LINE('',#17377,#8225);
#6724=LINE('',#17378,#8226);
#6725=LINE('',#17381,#8227);
#6726=LINE('',#17383,#8228);
#6727=LINE('',#17385,#8229);
#6728=LINE('',#17386,#8230);
#6729=LINE('',#17389,#8231);
#6730=LINE('',#17391,#8232);
#6731=LINE('',#17393,#8233);
#6732=LINE('',#17394,#8234);
#6733=LINE('',#17397,#8235);
#6734=LINE('',#17399,#8236);
#6735=LINE('',#17401,#8237);
#6736=LINE('',#17402,#8238);
#6737=LINE('',#17405,#8239);
#6738=LINE('',#17407,#8240);
#6739=LINE('',#17409,#8241);
#6740=LINE('',#17410,#8242);
#6741=LINE('',#17413,#8243);
#6742=LINE('',#17415,#8244);
#6743=LINE('',#17417,#8245);
#6744=LINE('',#17418,#8246);
#6745=LINE('',#17421,#8247);
#6746=LINE('',#17423,#8248);
#6747=LINE('',#17425,#8249);
#6748=LINE('',#17426,#8250);
#6749=LINE('',#17429,#8251);
#6750=LINE('',#17431,#8252);
#6751=LINE('',#17433,#8253);
#6752=LINE('',#17434,#8254);
#6753=LINE('',#17437,#8255);
#6754=LINE('',#17439,#8256);
#6755=LINE('',#17441,#8257);
#6756=LINE('',#17442,#8258);
#6757=LINE('',#17445,#8259);
#6758=LINE('',#17447,#8260);
#6759=LINE('',#17449,#8261);
#6760=LINE('',#17450,#8262);
#6761=LINE('',#17453,#8263);
#6762=LINE('',#17455,#8264);
#6763=LINE('',#17457,#8265);
#6764=LINE('',#17458,#8266);
#6765=LINE('',#17461,#8267);
#6766=LINE('',#17463,#8268);
#6767=LINE('',#17465,#8269);
#6768=LINE('',#17466,#8270);
#6769=LINE('',#17469,#8271);
#6770=LINE('',#17471,#8272);
#6771=LINE('',#17473,#8273);
#6772=LINE('',#17474,#8274);
#6773=LINE('',#17477,#8275);
#6774=LINE('',#17479,#8276);
#6775=LINE('',#17481,#8277);
#6776=LINE('',#17482,#8278);
#6777=LINE('',#17485,#8279);
#6778=LINE('',#17487,#8280);
#6779=LINE('',#17489,#8281);
#6780=LINE('',#17490,#8282);
#6781=LINE('',#17493,#8283);
#6782=LINE('',#17495,#8284);
#6783=LINE('',#17497,#8285);
#6784=LINE('',#17498,#8286);
#6785=LINE('',#17501,#8287);
#6786=LINE('',#17503,#8288);
#6787=LINE('',#17505,#8289);
#6788=LINE('',#17506,#8290);
#6789=LINE('',#17509,#8291);
#6790=LINE('',#17511,#8292);
#6791=LINE('',#17513,#8293);
#6792=LINE('',#17514,#8294);
#6793=LINE('',#17517,#8295);
#6794=LINE('',#17519,#8296);
#6795=LINE('',#17521,#8297);
#6796=LINE('',#17522,#8298);
#6797=LINE('',#17525,#8299);
#6798=LINE('',#17527,#8300);
#6799=LINE('',#17529,#8301);
#6800=LINE('',#17531,#8302);
#6801=LINE('',#17533,#8303);
#6802=LINE('',#17535,#8304);
#6803=LINE('',#17537,#8305);
#6804=LINE('',#17539,#8306);
#6805=LINE('',#17541,#8307);
#6806=LINE('',#17543,#8308);
#6807=LINE('',#17545,#8309);
#6808=LINE('',#17548,#8310);
#6809=LINE('',#17550,#8311);
#6810=LINE('',#17552,#8312);
#6811=LINE('',#17554,#8313);
#6812=LINE('',#17556,#8314);
#6813=LINE('',#17558,#8315);
#6814=LINE('',#17560,#8316);
#6815=LINE('',#17562,#8317);
#6816=LINE('',#17565,#8318);
#6817=LINE('',#17567,#8319);
#6818=LINE('',#17569,#8320);
#6819=LINE('',#17571,#8321);
#6820=LINE('',#17573,#8322);
#6821=LINE('',#17575,#8323);
#6822=LINE('',#17577,#8324);
#6823=LINE('',#17579,#8325);
#6824=LINE('',#17582,#8326);
#6825=LINE('',#17584,#8327);
#6826=LINE('',#17586,#8328);
#6827=LINE('',#17588,#8329);
#6828=LINE('',#17590,#8330);
#6829=LINE('',#17592,#8331);
#6830=LINE('',#17594,#8332);
#6831=LINE('',#17596,#8333);
#6832=LINE('',#17599,#8334);
#6833=LINE('',#17601,#8335);
#6834=LINE('',#17603,#8336);
#6835=LINE('',#17605,#8337);
#6836=LINE('',#17607,#8338);
#6837=LINE('',#17609,#8339);
#6838=LINE('',#17611,#8340);
#6839=LINE('',#17613,#8341);
#6840=LINE('',#17616,#8342);
#6841=LINE('',#17618,#8343);
#6842=LINE('',#17620,#8344);
#6843=LINE('',#17622,#8345);
#6844=LINE('',#17624,#8346);
#6845=LINE('',#17626,#8347);
#6846=LINE('',#17628,#8348);
#6847=LINE('',#17630,#8349);
#6848=LINE('',#17633,#8350);
#6849=LINE('',#17635,#8351);
#6850=LINE('',#17637,#8352);
#6851=LINE('',#17639,#8353);
#6852=LINE('',#17641,#8354);
#6853=LINE('',#17643,#8355);
#6854=LINE('',#17645,#8356);
#6855=LINE('',#17647,#8357);
#6856=LINE('',#17650,#8358);
#6857=LINE('',#17652,#8359);
#6858=LINE('',#17654,#8360);
#6859=LINE('',#17656,#8361);
#6860=LINE('',#17658,#8362);
#6861=LINE('',#17660,#8363);
#6862=LINE('',#17662,#8364);
#6863=LINE('',#17664,#8365);
#6864=LINE('',#17667,#8366);
#6865=LINE('',#17669,#8367);
#6866=LINE('',#17671,#8368);
#6867=LINE('',#17673,#8369);
#6868=LINE('',#17675,#8370);
#6869=LINE('',#17677,#8371);
#6870=LINE('',#17679,#8372);
#6871=LINE('',#17681,#8373);
#6872=LINE('',#17684,#8374);
#6873=LINE('',#17686,#8375);
#6874=LINE('',#17688,#8376);
#6875=LINE('',#17690,#8377);
#6876=LINE('',#17692,#8378);
#6877=LINE('',#17694,#8379);
#6878=LINE('',#17696,#8380);
#6879=LINE('',#17698,#8381);
#6880=LINE('',#17701,#8382);
#6881=LINE('',#17703,#8383);
#6882=LINE('',#17705,#8384);
#6883=LINE('',#17707,#8385);
#6884=LINE('',#17709,#8386);
#6885=LINE('',#17711,#8387);
#6886=LINE('',#17713,#8388);
#6887=LINE('',#17715,#8389);
#6888=LINE('',#17718,#8390);
#6889=LINE('',#17720,#8391);
#6890=LINE('',#17722,#8392);
#6891=LINE('',#17724,#8393);
#6892=LINE('',#17726,#8394);
#6893=LINE('',#17728,#8395);
#6894=LINE('',#17730,#8396);
#6895=LINE('',#17732,#8397);
#6896=LINE('',#17735,#8398);
#6897=LINE('',#17737,#8399);
#6898=LINE('',#17739,#8400);
#6899=LINE('',#17741,#8401);
#6900=LINE('',#17743,#8402);
#6901=LINE('',#17745,#8403);
#6902=LINE('',#17747,#8404);
#6903=LINE('',#17749,#8405);
#6904=LINE('',#17752,#8406);
#6905=LINE('',#17754,#8407);
#6906=LINE('',#17756,#8408);
#6907=LINE('',#17758,#8409);
#6908=LINE('',#17760,#8410);
#6909=LINE('',#17762,#8411);
#6910=LINE('',#17764,#8412);
#6911=LINE('',#17766,#8413);
#6912=LINE('',#17769,#8414);
#6913=LINE('',#17771,#8415);
#6914=LINE('',#17773,#8416);
#6915=LINE('',#17775,#8417);
#6916=LINE('',#17777,#8418);
#6917=LINE('',#17779,#8419);
#6918=LINE('',#17781,#8420);
#6919=LINE('',#17783,#8421);
#6920=LINE('',#17786,#8422);
#6921=LINE('',#17788,#8423);
#6922=LINE('',#17790,#8424);
#6923=LINE('',#17792,#8425);
#6924=LINE('',#17794,#8426);
#6925=LINE('',#17796,#8427);
#6926=LINE('',#17798,#8428);
#6927=LINE('',#17800,#8429);
#6928=LINE('',#17803,#8430);
#6929=LINE('',#17805,#8431);
#6930=LINE('',#17807,#8432);
#6931=LINE('',#17809,#8433);
#6932=LINE('',#17811,#8434);
#6933=LINE('',#17813,#8435);
#6934=LINE('',#17815,#8436);
#6935=LINE('',#17817,#8437);
#6936=LINE('',#17820,#8438);
#6937=LINE('',#17822,#8439);
#6938=LINE('',#17824,#8440);
#6939=LINE('',#17826,#8441);
#6940=LINE('',#17828,#8442);
#6941=LINE('',#17830,#8443);
#6942=LINE('',#17832,#8444);
#6943=LINE('',#17834,#8445);
#6944=LINE('',#17837,#8446);
#6945=LINE('',#17839,#8447);
#6946=LINE('',#17841,#8448);
#6947=LINE('',#17843,#8449);
#6948=LINE('',#17845,#8450);
#6949=LINE('',#17847,#8451);
#6950=LINE('',#17849,#8452);
#6951=LINE('',#17851,#8453);
#6952=LINE('',#17854,#8454);
#6953=LINE('',#17856,#8455);
#6954=LINE('',#17858,#8456);
#6955=LINE('',#17860,#8457);
#6956=LINE('',#17862,#8458);
#6957=LINE('',#17864,#8459);
#6958=LINE('',#17866,#8460);
#6959=LINE('',#17868,#8461);
#6960=LINE('',#17871,#8462);
#6961=LINE('',#17873,#8463);
#6962=LINE('',#17875,#8464);
#6963=LINE('',#17877,#8465);
#6964=LINE('',#17879,#8466);
#6965=LINE('',#17881,#8467);
#6966=LINE('',#17883,#8468);
#6967=LINE('',#17885,#8469);
#6968=LINE('',#17888,#8470);
#6969=LINE('',#17890,#8471);
#6970=LINE('',#17892,#8472);
#6971=LINE('',#17894,#8473);
#6972=LINE('',#17896,#8474);
#6973=LINE('',#17898,#8475);
#6974=LINE('',#17900,#8476);
#6975=LINE('',#17902,#8477);
#6976=LINE('',#17905,#8478);
#6977=LINE('',#17907,#8479);
#6978=LINE('',#17909,#8480);
#6979=LINE('',#17911,#8481);
#6980=LINE('',#17913,#8482);
#6981=LINE('',#17915,#8483);
#6982=LINE('',#17917,#8484);
#6983=LINE('',#17919,#8485);
#6984=LINE('',#17922,#8486);
#6985=LINE('',#17924,#8487);
#6986=LINE('',#17926,#8488);
#6987=LINE('',#17928,#8489);
#6988=LINE('',#17930,#8490);
#6989=LINE('',#17932,#8491);
#6990=LINE('',#17934,#8492);
#6991=LINE('',#17936,#8493);
#6992=LINE('',#17939,#8494);
#6993=LINE('',#17941,#8495);
#6994=LINE('',#17943,#8496);
#6995=LINE('',#17945,#8497);
#6996=LINE('',#17947,#8498);
#6997=LINE('',#17949,#8499);
#6998=LINE('',#17951,#8500);
#6999=LINE('',#17953,#8501);
#7000=LINE('',#17956,#8502);
#7001=LINE('',#17958,#8503);
#7002=LINE('',#17960,#8504);
#7003=LINE('',#17962,#8505);
#7004=LINE('',#17964,#8506);
#7005=LINE('',#17966,#8507);
#7006=LINE('',#17968,#8508);
#7007=LINE('',#17970,#8509);
#7008=LINE('',#17973,#8510);
#7009=LINE('',#17975,#8511);
#7010=LINE('',#17977,#8512);
#7011=LINE('',#17979,#8513);
#7012=LINE('',#17981,#8514);
#7013=LINE('',#17983,#8515);
#7014=LINE('',#17985,#8516);
#7015=LINE('',#17987,#8517);
#7016=LINE('',#17990,#8518);
#7017=LINE('',#17992,#8519);
#7018=LINE('',#17994,#8520);
#7019=LINE('',#17996,#8521);
#7020=LINE('',#17998,#8522);
#7021=LINE('',#18000,#8523);
#7022=LINE('',#18002,#8524);
#7023=LINE('',#18004,#8525);
#7024=LINE('',#18007,#8526);
#7025=LINE('',#18009,#8527);
#7026=LINE('',#18011,#8528);
#7027=LINE('',#18013,#8529);
#7028=LINE('',#18015,#8530);
#7029=LINE('',#18017,#8531);
#7030=LINE('',#18019,#8532);
#7031=LINE('',#18021,#8533);
#7032=LINE('',#18024,#8534);
#7033=LINE('',#18026,#8535);
#7034=LINE('',#18028,#8536);
#7035=LINE('',#18030,#8537);
#7036=LINE('',#18032,#8538);
#7037=LINE('',#18034,#8539);
#7038=LINE('',#18036,#8540);
#7039=LINE('',#18038,#8541);
#7040=LINE('',#18041,#8542);
#7041=LINE('',#18043,#8543);
#7042=LINE('',#18045,#8544);
#7043=LINE('',#18047,#8545);
#7044=LINE('',#18049,#8546);
#7045=LINE('',#18051,#8547);
#7046=LINE('',#18053,#8548);
#7047=LINE('',#18055,#8549);
#7048=LINE('',#18058,#8550);
#7049=LINE('',#18060,#8551);
#7050=LINE('',#18062,#8552);
#7051=LINE('',#18064,#8553);
#7052=LINE('',#18066,#8554);
#7053=LINE('',#18068,#8555);
#7054=LINE('',#18070,#8556);
#7055=LINE('',#18072,#8557);
#7056=LINE('',#18075,#8558);
#7057=LINE('',#18077,#8559);
#7058=LINE('',#18079,#8560);
#7059=LINE('',#18081,#8561);
#7060=LINE('',#18083,#8562);
#7061=LINE('',#18085,#8563);
#7062=LINE('',#18087,#8564);
#7063=LINE('',#18089,#8565);
#7064=LINE('',#18092,#8566);
#7065=LINE('',#18094,#8567);
#7066=LINE('',#18096,#8568);
#7067=LINE('',#18098,#8569);
#7068=LINE('',#18100,#8570);
#7069=LINE('',#18102,#8571);
#7070=LINE('',#18104,#8572);
#7071=LINE('',#18106,#8573);
#7072=LINE('',#18109,#8574);
#7073=LINE('',#18111,#8575);
#7074=LINE('',#18113,#8576);
#7075=LINE('',#18115,#8577);
#7076=LINE('',#18117,#8578);
#7077=LINE('',#18119,#8579);
#7078=LINE('',#18121,#8580);
#7079=LINE('',#18123,#8581);
#7080=LINE('',#18126,#8582);
#7081=LINE('',#18128,#8583);
#7082=LINE('',#18130,#8584);
#7083=LINE('',#18132,#8585);
#7084=LINE('',#18134,#8586);
#7085=LINE('',#18136,#8587);
#7086=LINE('',#18138,#8588);
#7087=LINE('',#18140,#8589);
#7088=LINE('',#18143,#8590);
#7089=LINE('',#18145,#8591);
#7090=LINE('',#18147,#8592);
#7091=LINE('',#18149,#8593);
#7092=LINE('',#18151,#8594);
#7093=LINE('',#18153,#8595);
#7094=LINE('',#18155,#8596);
#7095=LINE('',#18157,#8597);
#7096=LINE('',#18160,#8598);
#7097=LINE('',#18162,#8599);
#7098=LINE('',#18164,#8600);
#7099=LINE('',#18166,#8601);
#7100=LINE('',#18168,#8602);
#7101=LINE('',#18170,#8603);
#7102=LINE('',#18172,#8604);
#7103=LINE('',#18174,#8605);
#7104=LINE('',#18177,#8606);
#7105=LINE('',#18179,#8607);
#7106=LINE('',#18181,#8608);
#7107=LINE('',#18183,#8609);
#7108=LINE('',#18185,#8610);
#7109=LINE('',#18187,#8611);
#7110=LINE('',#18189,#8612);
#7111=LINE('',#18191,#8613);
#7112=LINE('',#18194,#8614);
#7113=LINE('',#18196,#8615);
#7114=LINE('',#18198,#8616);
#7115=LINE('',#18200,#8617);
#7116=LINE('',#18202,#8618);
#7117=LINE('',#18204,#8619);
#7118=LINE('',#18206,#8620);
#7119=LINE('',#18208,#8621);
#7120=LINE('',#18211,#8622);
#7121=LINE('',#18213,#8623);
#7122=LINE('',#18215,#8624);
#7123=LINE('',#18217,#8625);
#7124=LINE('',#18219,#8626);
#7125=LINE('',#18221,#8627);
#7126=LINE('',#18223,#8628);
#7127=LINE('',#18225,#8629);
#7128=LINE('',#18228,#8630);
#7129=LINE('',#18230,#8631);
#7130=LINE('',#18232,#8632);
#7131=LINE('',#18234,#8633);
#7132=LINE('',#18236,#8634);
#7133=LINE('',#18238,#8635);
#7134=LINE('',#18240,#8636);
#7135=LINE('',#18242,#8637);
#7136=LINE('',#18245,#8638);
#7137=LINE('',#18247,#8639);
#7138=LINE('',#18249,#8640);
#7139=LINE('',#18251,#8641);
#7140=LINE('',#18253,#8642);
#7141=LINE('',#18255,#8643);
#7142=LINE('',#18257,#8644);
#7143=LINE('',#18259,#8645);
#7144=LINE('',#18262,#8646);
#7145=LINE('',#18264,#8647);
#7146=LINE('',#18266,#8648);
#7147=LINE('',#18268,#8649);
#7148=LINE('',#18270,#8650);
#7149=LINE('',#18272,#8651);
#7150=LINE('',#18274,#8652);
#7151=LINE('',#18276,#8653);
#7152=LINE('',#18279,#8654);
#7153=LINE('',#18281,#8655);
#7154=LINE('',#18283,#8656);
#7155=LINE('',#18285,#8657);
#7156=LINE('',#18287,#8658);
#7157=LINE('',#18289,#8659);
#7158=LINE('',#18291,#8660);
#7159=LINE('',#18293,#8661);
#7160=LINE('',#18296,#8662);
#7161=LINE('',#18298,#8663);
#7162=LINE('',#18300,#8664);
#7163=LINE('',#18302,#8665);
#7164=LINE('',#18304,#8666);
#7165=LINE('',#18306,#8667);
#7166=LINE('',#18308,#8668);
#7167=LINE('',#18310,#8669);
#7168=LINE('',#18313,#8670);
#7169=LINE('',#18315,#8671);
#7170=LINE('',#18317,#8672);
#7171=LINE('',#18319,#8673);
#7172=LINE('',#18321,#8674);
#7173=LINE('',#18323,#8675);
#7174=LINE('',#18325,#8676);
#7175=LINE('',#18327,#8677);
#7176=LINE('',#18330,#8678);
#7177=LINE('',#18332,#8679);
#7178=LINE('',#18334,#8680);
#7179=LINE('',#18336,#8681);
#7180=LINE('',#18338,#8682);
#7181=LINE('',#18340,#8683);
#7182=LINE('',#18342,#8684);
#7183=LINE('',#18344,#8685);
#7184=LINE('',#18347,#8686);
#7185=LINE('',#18349,#8687);
#7186=LINE('',#18351,#8688);
#7187=LINE('',#18353,#8689);
#7188=LINE('',#18355,#8690);
#7189=LINE('',#18357,#8691);
#7190=LINE('',#18359,#8692);
#7191=LINE('',#18361,#8693);
#7192=LINE('',#18364,#8694);
#7193=LINE('',#18366,#8695);
#7194=LINE('',#18368,#8696);
#7195=LINE('',#18370,#8697);
#7196=LINE('',#18372,#8698);
#7197=LINE('',#18374,#8699);
#7198=LINE('',#18376,#8700);
#7199=LINE('',#18378,#8701);
#7200=LINE('',#18381,#8702);
#7201=LINE('',#18383,#8703);
#7202=LINE('',#18385,#8704);
#7203=LINE('',#18387,#8705);
#7204=LINE('',#18389,#8706);
#7205=LINE('',#18391,#8707);
#7206=LINE('',#18393,#8708);
#7207=LINE('',#18395,#8709);
#7208=LINE('',#18398,#8710);
#7209=LINE('',#18400,#8711);
#7210=LINE('',#18402,#8712);
#7211=LINE('',#18404,#8713);
#7212=LINE('',#18406,#8714);
#7213=LINE('',#18408,#8715);
#7214=LINE('',#18410,#8716);
#7215=LINE('',#18412,#8717);
#7216=LINE('',#18415,#8718);
#7217=LINE('',#18417,#8719);
#7218=LINE('',#18419,#8720);
#7219=LINE('',#18421,#8721);
#7220=LINE('',#18423,#8722);
#7221=LINE('',#18425,#8723);
#7222=LINE('',#18427,#8724);
#7223=LINE('',#18429,#8725);
#7224=LINE('',#18432,#8726);
#7225=LINE('',#18434,#8727);
#7226=LINE('',#18436,#8728);
#7227=LINE('',#18438,#8729);
#7228=LINE('',#18440,#8730);
#7229=LINE('',#18442,#8731);
#7230=LINE('',#18444,#8732);
#7231=LINE('',#18446,#8733);
#7232=LINE('',#18449,#8734);
#7233=LINE('',#18451,#8735);
#7234=LINE('',#18453,#8736);
#7235=LINE('',#18455,#8737);
#7236=LINE('',#18457,#8738);
#7237=LINE('',#18459,#8739);
#7238=LINE('',#18461,#8740);
#7239=LINE('',#18463,#8741);
#7240=LINE('',#18466,#8742);
#7241=LINE('',#18468,#8743);
#7242=LINE('',#18470,#8744);
#7243=LINE('',#18472,#8745);
#7244=LINE('',#18474,#8746);
#7245=LINE('',#18476,#8747);
#7246=LINE('',#18478,#8748);
#7247=LINE('',#18480,#8749);
#7248=LINE('',#18483,#8750);
#7249=LINE('',#18485,#8751);
#7250=LINE('',#18487,#8752);
#7251=LINE('',#18489,#8753);
#7252=LINE('',#18491,#8754);
#7253=LINE('',#18493,#8755);
#7254=LINE('',#18495,#8756);
#7255=LINE('',#18497,#8757);
#7256=LINE('',#18500,#8758);
#7257=LINE('',#18502,#8759);
#7258=LINE('',#18504,#8760);
#7259=LINE('',#18506,#8761);
#7260=LINE('',#18508,#8762);
#7261=LINE('',#18510,#8763);
#7262=LINE('',#18512,#8764);
#7263=LINE('',#18514,#8765);
#7264=LINE('',#18517,#8766);
#7265=LINE('',#18519,#8767);
#7266=LINE('',#18521,#8768);
#7267=LINE('',#18523,#8769);
#7268=LINE('',#18525,#8770);
#7269=LINE('',#18527,#8771);
#7270=LINE('',#18529,#8772);
#7271=LINE('',#18531,#8773);
#7272=LINE('',#18534,#8774);
#7273=LINE('',#18536,#8775);
#7274=LINE('',#18538,#8776);
#7275=LINE('',#18540,#8777);
#7276=LINE('',#18542,#8778);
#7277=LINE('',#18544,#8779);
#7278=LINE('',#18546,#8780);
#7279=LINE('',#18548,#8781);
#7280=LINE('',#18551,#8782);
#7281=LINE('',#18553,#8783);
#7282=LINE('',#18555,#8784);
#7283=LINE('',#18557,#8785);
#7284=LINE('',#18559,#8786);
#7285=LINE('',#18561,#8787);
#7286=LINE('',#18563,#8788);
#7287=LINE('',#18565,#8789);
#7288=LINE('',#18568,#8790);
#7289=LINE('',#18570,#8791);
#7290=LINE('',#18572,#8792);
#7291=LINE('',#18574,#8793);
#7292=LINE('',#18576,#8794);
#7293=LINE('',#18578,#8795);
#7294=LINE('',#18580,#8796);
#7295=LINE('',#18582,#8797);
#7296=LINE('',#18585,#8798);
#7297=LINE('',#18587,#8799);
#7298=LINE('',#18589,#8800);
#7299=LINE('',#18591,#8801);
#7300=LINE('',#18593,#8802);
#7301=LINE('',#18595,#8803);
#7302=LINE('',#18597,#8804);
#7303=LINE('',#18599,#8805);
#7304=LINE('',#18602,#8806);
#7305=LINE('',#18604,#8807);
#7306=LINE('',#18606,#8808);
#7307=LINE('',#18608,#8809);
#7308=LINE('',#18610,#8810);
#7309=LINE('',#18612,#8811);
#7310=LINE('',#18614,#8812);
#7311=LINE('',#18616,#8813);
#7312=LINE('',#18619,#8814);
#7313=LINE('',#18621,#8815);
#7314=LINE('',#18623,#8816);
#7315=LINE('',#18625,#8817);
#7316=LINE('',#18627,#8818);
#7317=LINE('',#18629,#8819);
#7318=LINE('',#18631,#8820);
#7319=LINE('',#18633,#8821);
#7320=LINE('',#18636,#8822);
#7321=LINE('',#18638,#8823);
#7322=LINE('',#18640,#8824);
#7323=LINE('',#18642,#8825);
#7324=LINE('',#18644,#8826);
#7325=LINE('',#18646,#8827);
#7326=LINE('',#18648,#8828);
#7327=LINE('',#18650,#8829);
#7328=LINE('',#18653,#8830);
#7329=LINE('',#18655,#8831);
#7330=LINE('',#18657,#8832);
#7331=LINE('',#18659,#8833);
#7332=LINE('',#18661,#8834);
#7333=LINE('',#18663,#8835);
#7334=LINE('',#18665,#8836);
#7335=LINE('',#18667,#8837);
#7336=LINE('',#18670,#8838);
#7337=LINE('',#18672,#8839);
#7338=LINE('',#18674,#8840);
#7339=LINE('',#18676,#8841);
#7340=LINE('',#18678,#8842);
#7341=LINE('',#18680,#8843);
#7342=LINE('',#18682,#8844);
#7343=LINE('',#18684,#8845);
#7344=VECTOR('',#12471,1.);
#7345=VECTOR('',#12472,1.);
#7346=VECTOR('',#12473,1.);
#7347=VECTOR('',#12474,1.);
#7348=VECTOR('',#12475,1.);
#7349=VECTOR('',#12476,1.);
#7350=VECTOR('',#12477,1.);
#7351=VECTOR('',#12478,1.);
#7352=VECTOR('',#12479,1.);
#7353=VECTOR('',#12480,1.);
#7354=VECTOR('',#12481,1.);
#7355=VECTOR('',#12482,1.);
#7356=VECTOR('',#12483,1.);
#7357=VECTOR('',#12484,1.);
#7358=VECTOR('',#12485,1.);
#7359=VECTOR('',#12486,1.);
#7360=VECTOR('',#12487,1.);
#7361=VECTOR('',#12488,1.);
#7362=VECTOR('',#12489,1.);
#7363=VECTOR('',#12490,1.);
#7364=VECTOR('',#12491,1.);
#7365=VECTOR('',#12492,1.);
#7366=VECTOR('',#12493,1.);
#7367=VECTOR('',#12494,1.);
#7368=VECTOR('',#12495,1.);
#7369=VECTOR('',#12496,1.);
#7370=VECTOR('',#12497,1.);
#7371=VECTOR('',#12498,1.);
#7372=VECTOR('',#12499,1.);
#7373=VECTOR('',#12500,1.);
#7374=VECTOR('',#12501,1.);
#7375=VECTOR('',#12502,1.);
#7376=VECTOR('',#12503,1.);
#7377=VECTOR('',#12504,1.);
#7378=VECTOR('',#12505,1.);
#7379=VECTOR('',#12506,1.);
#7380=VECTOR('',#12507,1.);
#7381=VECTOR('',#12508,1.);
#7382=VECTOR('',#12509,1.);
#7383=VECTOR('',#12510,1.);
#7384=VECTOR('',#12511,1.);
#7385=VECTOR('',#12512,1.);
#7386=VECTOR('',#12513,1.);
#7387=VECTOR('',#12514,1.);
#7388=VECTOR('',#12515,1.);
#7389=VECTOR('',#12516,1.);
#7390=VECTOR('',#12517,1.);
#7391=VECTOR('',#12518,1.);
#7392=VECTOR('',#12519,1.);
#7393=VECTOR('',#12520,1.);
#7394=VECTOR('',#12521,1.);
#7395=VECTOR('',#12522,1.);
#7396=VECTOR('',#12523,1.);
#7397=VECTOR('',#12524,1.);
#7398=VECTOR('',#12525,1.);
#7399=VECTOR('',#12526,1.);
#7400=VECTOR('',#12527,1.);
#7401=VECTOR('',#12528,1.);
#7402=VECTOR('',#12529,1.);
#7403=VECTOR('',#12530,1.);
#7404=VECTOR('',#12531,1.);
#7405=VECTOR('',#12532,1.);
#7406=VECTOR('',#12533,1.);
#7407=VECTOR('',#12534,1.);
#7408=VECTOR('',#12535,1.);
#7409=VECTOR('',#12536,1.);
#7410=VECTOR('',#12537,1.);
#7411=VECTOR('',#12538,1.);
#7412=VECTOR('',#12539,1.);
#7413=VECTOR('',#12540,1.);
#7414=VECTOR('',#12541,1.);
#7415=VECTOR('',#12542,1.);
#7416=VECTOR('',#12543,1.);
#7417=VECTOR('',#12544,1.);
#7418=VECTOR('',#12545,1.);
#7419=VECTOR('',#12546,1.);
#7420=VECTOR('',#12547,1.);
#7421=VECTOR('',#12548,1.);
#7422=VECTOR('',#12549,1.);
#7423=VECTOR('',#12550,1.);
#7424=VECTOR('',#12551,1.);
#7425=VECTOR('',#12552,1.);
#7426=VECTOR('',#12553,1.);
#7427=VECTOR('',#12554,1.);
#7428=VECTOR('',#12555,1.);
#7429=VECTOR('',#12556,1.);
#7430=VECTOR('',#12557,1.);
#7431=VECTOR('',#12558,1.);
#7432=VECTOR('',#12559,1.);
#7433=VECTOR('',#12560,1.);
#7434=VECTOR('',#12561,1.);
#7435=VECTOR('',#12562,1.);
#7436=VECTOR('',#12563,1.);
#7437=VECTOR('',#12564,1.);
#7438=VECTOR('',#12565,1.);
#7439=VECTOR('',#12566,1.);
#7440=VECTOR('',#12567,1.);
#7441=VECTOR('',#12568,1.);
#7442=VECTOR('',#12569,1.);
#7443=VECTOR('',#12570,1.);
#7444=VECTOR('',#12571,1.);
#7445=VECTOR('',#12572,1.);
#7446=VECTOR('',#12573,1.);
#7447=VECTOR('',#12574,1.);
#7448=VECTOR('',#12575,1.);
#7449=VECTOR('',#12576,1.);
#7450=VECTOR('',#12577,1.);
#7451=VECTOR('',#12578,1.);
#7452=VECTOR('',#12579,1.);
#7453=VECTOR('',#12580,1.);
#7454=VECTOR('',#12581,1.);
#7455=VECTOR('',#12582,1.);
#7456=VECTOR('',#12583,1.);
#7457=VECTOR('',#12584,1.);
#7458=VECTOR('',#12585,1.);
#7459=VECTOR('',#12586,1.);
#7460=VECTOR('',#12587,1.);
#7461=VECTOR('',#12588,1.);
#7462=VECTOR('',#12589,1.);
#7463=VECTOR('',#12590,1.);
#7464=VECTOR('',#12591,1.);
#7465=VECTOR('',#12592,1.);
#7466=VECTOR('',#12593,1.);
#7467=VECTOR('',#12594,1.);
#7468=VECTOR('',#12595,1.);
#7469=VECTOR('',#12596,1.);
#7470=VECTOR('',#12597,1.);
#7471=VECTOR('',#12598,1.);
#7472=VECTOR('',#12599,1.);
#7473=VECTOR('',#12600,1.);
#7474=VECTOR('',#12601,1.);
#7475=VECTOR('',#12602,1.);
#7476=VECTOR('',#12603,1.);
#7477=VECTOR('',#12604,1.);
#7478=VECTOR('',#12605,1.);
#7479=VECTOR('',#12606,1.);
#7480=VECTOR('',#12607,1.);
#7481=VECTOR('',#12608,1.);
#7482=VECTOR('',#12609,1.);
#7483=VECTOR('',#12610,1.);
#7484=VECTOR('',#12611,1.);
#7485=VECTOR('',#12612,1.);
#7486=VECTOR('',#12613,1.);
#7487=VECTOR('',#12614,1.);
#7488=VECTOR('',#12617,1.);
#7489=VECTOR('',#12618,1.);
#7490=VECTOR('',#12619,1.);
#7491=VECTOR('',#12620,1.);
#7492=VECTOR('',#12623,1.);
#7493=VECTOR('',#12624,1.);
#7494=VECTOR('',#12625,1.);
#7495=VECTOR('',#12626,1.);
#7496=VECTOR('',#12629,1.);
#7497=VECTOR('',#12630,1.);
#7498=VECTOR('',#12631,1.);
#7499=VECTOR('',#12632,1.);
#7500=VECTOR('',#12633,1.);
#7501=VECTOR('',#12634,1.);
#7502=VECTOR('',#12635,1.);
#7503=VECTOR('',#12636,1.);
#7504=VECTOR('',#12637,1.);
#7505=VECTOR('',#12638,1.);
#7506=VECTOR('',#12639,1.);
#7507=VECTOR('',#12640,1.);
#7508=VECTOR('',#12641,1.);
#7509=VECTOR('',#12642,1.);
#7510=VECTOR('',#12647,1.);
#7511=VECTOR('',#12648,1.);
#7512=VECTOR('',#12649,1.);
#7513=VECTOR('',#12650,1.);
#7514=VECTOR('',#12651,1.);
#7515=VECTOR('',#12652,1.);
#7516=VECTOR('',#12653,1.);
#7517=VECTOR('',#12654,1.);
#7518=VECTOR('',#12655,1.);
#7519=VECTOR('',#12656,1.);
#7520=VECTOR('',#12657,1.);
#7521=VECTOR('',#12658,1.);
#7522=VECTOR('',#12659,1.);
#7523=VECTOR('',#12660,1.);
#7524=VECTOR('',#12661,1.);
#7525=VECTOR('',#12662,1.);
#7526=VECTOR('',#12663,1.);
#7527=VECTOR('',#12664,1.);
#7528=VECTOR('',#12667,1.);
#7529=VECTOR('',#12668,1.);
#7530=VECTOR('',#12669,1.);
#7531=VECTOR('',#12670,1.);
#7532=VECTOR('',#12671,1.);
#7533=VECTOR('',#12672,1.);
#7534=VECTOR('',#12673,1.);
#7535=VECTOR('',#12674,1.);
#7536=VECTOR('',#12677,1.);
#7537=VECTOR('',#12678,1.);
#7538=VECTOR('',#12679,1.);
#7539=VECTOR('',#12680,1.);
#7540=VECTOR('',#12681,1.);
#7541=VECTOR('',#12682,1.);
#7542=VECTOR('',#12683,1.);
#7543=VECTOR('',#12684,1.);
#7544=VECTOR('',#12687,1.);
#7545=VECTOR('',#12688,1.);
#7546=VECTOR('',#12689,1.);
#7547=VECTOR('',#12690,1.);
#7548=VECTOR('',#12691,1.);
#7549=VECTOR('',#12692,1.);
#7550=VECTOR('',#12693,1.);
#7551=VECTOR('',#12694,1.);
#7552=VECTOR('',#12697,1.);
#7553=VECTOR('',#12698,1.);
#7554=VECTOR('',#12699,1.);
#7555=VECTOR('',#12700,1.);
#7556=VECTOR('',#12701,1.);
#7557=VECTOR('',#12702,1.);
#7558=VECTOR('',#12703,1.);
#7559=VECTOR('',#12704,1.);
#7560=VECTOR('',#12707,1.);
#7561=VECTOR('',#12708,1.);
#7562=VECTOR('',#12709,1.);
#7563=VECTOR('',#12710,1.);
#7564=VECTOR('',#12711,1.);
#7565=VECTOR('',#12712,1.);
#7566=VECTOR('',#12713,1.);
#7567=VECTOR('',#12714,1.);
#7568=VECTOR('',#12717,1.);
#7569=VECTOR('',#12718,1.);
#7570=VECTOR('',#12719,1.);
#7571=VECTOR('',#12720,1.);
#7572=VECTOR('',#12721,1.);
#7573=VECTOR('',#12722,1.);
#7574=VECTOR('',#12723,1.);
#7575=VECTOR('',#12724,1.);
#7576=VECTOR('',#12727,1.);
#7577=VECTOR('',#12728,1.);
#7578=VECTOR('',#12729,1.);
#7579=VECTOR('',#12730,1.);
#7580=VECTOR('',#12731,1.);
#7581=VECTOR('',#12732,1.);
#7582=VECTOR('',#12733,1.);
#7583=VECTOR('',#12734,1.);
#7584=VECTOR('',#12737,1.);
#7585=VECTOR('',#12738,1.);
#7586=VECTOR('',#12739,1.);
#7587=VECTOR('',#12740,1.);
#7588=VECTOR('',#12741,1.);
#7589=VECTOR('',#12742,1.);
#7590=VECTOR('',#12743,1.);
#7591=VECTOR('',#12744,1.);
#7592=VECTOR('',#12747,1.);
#7593=VECTOR('',#12748,1.);
#7594=VECTOR('',#12749,1.);
#7595=VECTOR('',#12750,1.);
#7596=VECTOR('',#12751,1.);
#7597=VECTOR('',#12752,1.);
#7598=VECTOR('',#12753,1.);
#7599=VECTOR('',#12754,1.);
#7600=VECTOR('',#12757,1.);
#7601=VECTOR('',#12758,1.);
#7602=VECTOR('',#12759,1.);
#7603=VECTOR('',#12760,1.);
#7604=VECTOR('',#12761,1.);
#7605=VECTOR('',#12762,1.);
#7606=VECTOR('',#12763,1.);
#7607=VECTOR('',#12764,1.);
#7608=VECTOR('',#12767,1.);
#7609=VECTOR('',#12768,1.);
#7610=VECTOR('',#12769,1.);
#7611=VECTOR('',#12770,1.);
#7612=VECTOR('',#12771,1.);
#7613=VECTOR('',#12772,1.);
#7614=VECTOR('',#12773,1.);
#7615=VECTOR('',#12774,1.);
#7616=VECTOR('',#12777,1.);
#7617=VECTOR('',#12778,1.);
#7618=VECTOR('',#12779,1.);
#7619=VECTOR('',#12780,1.);
#7620=VECTOR('',#12781,1.);
#7621=VECTOR('',#12782,1.);
#7622=VECTOR('',#12783,1.);
#7623=VECTOR('',#12784,1.);
#7624=VECTOR('',#12787,1.);
#7625=VECTOR('',#12788,1.);
#7626=VECTOR('',#12789,1.);
#7627=VECTOR('',#12790,1.);
#7628=VECTOR('',#12791,1.);
#7629=VECTOR('',#12792,1.);
#7630=VECTOR('',#12793,1.);
#7631=VECTOR('',#12794,1.);
#7632=VECTOR('',#12797,1.);
#7633=VECTOR('',#12798,1.);
#7634=VECTOR('',#12799,1.);
#7635=VECTOR('',#12800,1.);
#7636=VECTOR('',#12801,1.);
#7637=VECTOR('',#12802,1.);
#7638=VECTOR('',#12803,1.);
#7639=VECTOR('',#12804,1.);
#7640=VECTOR('',#12807,1.);
#7641=VECTOR('',#12808,1.);
#7642=VECTOR('',#12809,1.);
#7643=VECTOR('',#12810,1.);
#7644=VECTOR('',#12811,1.);
#7645=VECTOR('',#12812,1.);
#7646=VECTOR('',#12813,1.);
#7647=VECTOR('',#12814,1.);
#7648=VECTOR('',#12817,1.);
#7649=VECTOR('',#12818,1.);
#7650=VECTOR('',#12819,1.);
#7651=VECTOR('',#12820,1.);
#7652=VECTOR('',#12821,1.);
#7653=VECTOR('',#12822,1.);
#7654=VECTOR('',#12823,1.);
#7655=VECTOR('',#12824,1.);
#7656=VECTOR('',#12827,1.);
#7657=VECTOR('',#12828,1.);
#7658=VECTOR('',#12829,1.);
#7659=VECTOR('',#12830,1.);
#7660=VECTOR('',#12831,1.);
#7661=VECTOR('',#12832,1.);
#7662=VECTOR('',#12833,1.);
#7663=VECTOR('',#12834,1.);
#7664=VECTOR('',#12837,1.);
#7665=VECTOR('',#12838,1.);
#7666=VECTOR('',#12839,1.);
#7667=VECTOR('',#12840,1.);
#7668=VECTOR('',#12841,1.);
#7669=VECTOR('',#12842,1.);
#7670=VECTOR('',#12843,1.);
#7671=VECTOR('',#12844,1.);
#7672=VECTOR('',#12847,1.);
#7673=VECTOR('',#12848,1.);
#7674=VECTOR('',#12849,1.);
#7675=VECTOR('',#12850,1.);
#7676=VECTOR('',#12851,1.);
#7677=VECTOR('',#12852,1.);
#7678=VECTOR('',#12853,1.);
#7679=VECTOR('',#12854,1.);
#7680=VECTOR('',#12857,1.);
#7681=VECTOR('',#12858,1.);
#7682=VECTOR('',#12859,1.);
#7683=VECTOR('',#12860,1.);
#7684=VECTOR('',#12861,1.);
#7685=VECTOR('',#12862,1.);
#7686=VECTOR('',#12863,1.);
#7687=VECTOR('',#12864,1.);
#7688=VECTOR('',#12867,1.);
#7689=VECTOR('',#12868,1.);
#7690=VECTOR('',#12869,1.);
#7691=VECTOR('',#12870,1.);
#7692=VECTOR('',#12875,1.);
#7693=VECTOR('',#12876,1.);
#7694=VECTOR('',#12877,1.);
#7695=VECTOR('',#12878,1.);
#7696=VECTOR('',#12885,1.);
#7697=VECTOR('',#12890,1.);
#7698=VECTOR('',#12891,1.);
#7699=VECTOR('',#12892,1.);
#7700=VECTOR('',#12893,1.);
#7701=VECTOR('',#12894,1.);
#7702=VECTOR('',#12899,1.);
#7703=VECTOR('',#12902,1.);
#7704=VECTOR('',#12905,1.);
#7705=VECTOR('',#12908,1.);
#7706=VECTOR('',#12911,1.);
#7707=VECTOR('',#12914,1.);
#7708=VECTOR('',#12917,1.);
#7709=VECTOR('',#12920,1.);
#7710=VECTOR('',#12931,1.);
#7711=VECTOR('',#12934,1.);
#7712=VECTOR('',#12937,1.);
#7713=VECTOR('',#12940,1.);
#7714=VECTOR('',#12967,1.);
#7715=VECTOR('',#12968,1.);
#7716=VECTOR('',#12971,1.);
#7717=VECTOR('',#12974,1.);
#7718=VECTOR('',#12977,1.);
#7719=VECTOR('',#12980,1.);
#7720=VECTOR('',#12983,1.);
#7721=VECTOR('',#12986,1.);
#7722=VECTOR('',#12991,1.);
#7723=VECTOR('',#12992,1.);
#7724=VECTOR('',#12995,1.);
#7725=VECTOR('',#12998,1.);
#7726=VECTOR('',#13001,1.);
#7727=VECTOR('',#13004,1.);
#7728=VECTOR('',#13007,1.);
#7729=VECTOR('',#13010,1.);
#7730=VECTOR('',#13023,1.);
#7731=VECTOR('',#13028,1.);
#7732=VECTOR('',#13079,1.);
#7733=VECTOR('',#13080,1.);
#7734=VECTOR('',#13081,1.);
#7735=VECTOR('',#13082,1.);
#7736=VECTOR('',#13085,1.);
#7737=VECTOR('',#13086,1.);
#7738=VECTOR('',#13087,1.);
#7739=VECTOR('',#13088,1.);
#7740=VECTOR('',#13091,1.);
#7741=VECTOR('',#13092,1.);
#7742=VECTOR('',#13093,1.);
#7743=VECTOR('',#13094,1.);
#7744=VECTOR('',#13097,1.);
#7745=VECTOR('',#13098,1.);
#7746=VECTOR('',#13099,1.);
#7747=VECTOR('',#13100,1.);
#7748=VECTOR('',#13129,1.);
#7749=VECTOR('',#13130,1.);
#7750=VECTOR('',#13133,1.);
#7751=VECTOR('',#13136,1.);
#7752=VECTOR('',#13139,1.);
#7753=VECTOR('',#13142,1.);
#7754=VECTOR('',#13145,1.);
#7755=VECTOR('',#13148,1.);
#7756=VECTOR('',#13153,1.);
#7757=VECTOR('',#13154,1.);
#7758=VECTOR('',#13155,1.);
#7759=VECTOR('',#13158,1.);
#7760=VECTOR('',#13159,1.);
#7761=VECTOR('',#13162,1.);
#7762=VECTOR('',#13163,1.);
#7763=VECTOR('',#13166,1.);
#7764=VECTOR('',#13169,1.);
#7765=VECTOR('',#13170,1.);
#7766=VECTOR('',#13171,1.);
#7767=VECTOR('',#13172,1.);
#7768=VECTOR('',#13173,1.);
#7769=VECTOR('',#13174,1.);
#7770=VECTOR('',#13175,1.);
#7771=VECTOR('',#13176,1.);
#7772=VECTOR('',#13177,1.);
#7773=VECTOR('',#13178,1.);
#7774=VECTOR('',#13179,1.);
#7775=VECTOR('',#13180,1.);
#7776=VECTOR('',#13181,1.);
#7777=VECTOR('',#13182,1.);
#7778=VECTOR('',#13183,1.);
#7779=VECTOR('',#13184,1.);
#7780=VECTOR('',#13185,1.);
#7781=VECTOR('',#13186,1.);
#7782=VECTOR('',#13187,1.);
#7783=VECTOR('',#13188,1.);
#7784=VECTOR('',#13189,1.);
#7785=VECTOR('',#13190,1.);
#7786=VECTOR('',#13191,1.);
#7787=VECTOR('',#13192,1.);
#7788=VECTOR('',#13193,1.);
#7789=VECTOR('',#13194,1.);
#7790=VECTOR('',#13195,1.);
#7791=VECTOR('',#13196,1.);
#7792=VECTOR('',#13197,1.);
#7793=VECTOR('',#13198,1.);
#7794=VECTOR('',#13199,1.);
#7795=VECTOR('',#13200,1.);
#7796=VECTOR('',#13201,1.);
#7797=VECTOR('',#13202,1.);
#7798=VECTOR('',#13203,1.);
#7799=VECTOR('',#13204,1.);
#7800=VECTOR('',#13205,1.);
#7801=VECTOR('',#13206,1.);
#7802=VECTOR('',#13207,1.);
#7803=VECTOR('',#13208,1.);
#7804=VECTOR('',#13209,1.);
#7805=VECTOR('',#13210,1.);
#7806=VECTOR('',#13211,1.);
#7807=VECTOR('',#13212,1.);
#7808=VECTOR('',#13213,1.);
#7809=VECTOR('',#13214,1.);
#7810=VECTOR('',#13215,1.);
#7811=VECTOR('',#13216,1.);
#7812=VECTOR('',#13217,1.);
#7813=VECTOR('',#13218,1.);
#7814=VECTOR('',#13219,1.);
#7815=VECTOR('',#13220,1.);
#7816=VECTOR('',#13221,1.);
#7817=VECTOR('',#13222,1.);
#7818=VECTOR('',#13223,1.);
#7819=VECTOR('',#13224,1.);
#7820=VECTOR('',#13225,1.);
#7821=VECTOR('',#13226,1.);
#7822=VECTOR('',#13227,1.);
#7823=VECTOR('',#13228,1.);
#7824=VECTOR('',#13229,1.);
#7825=VECTOR('',#13230,1.);
#7826=VECTOR('',#13231,1.);
#7827=VECTOR('',#13232,1.);
#7828=VECTOR('',#13233,1.);
#7829=VECTOR('',#13234,1.);
#7830=VECTOR('',#13235,1.);
#7831=VECTOR('',#13236,1.);
#7832=VECTOR('',#13237,1.);
#7833=VECTOR('',#13238,1.);
#7834=VECTOR('',#13239,1.);
#7835=VECTOR('',#13240,1.);
#7836=VECTOR('',#13241,1.);
#7837=VECTOR('',#13242,1.);
#7838=VECTOR('',#13243,1.);
#7839=VECTOR('',#13244,1.);
#7840=VECTOR('',#13245,1.);
#7841=VECTOR('',#13246,1.);
#7842=VECTOR('',#13247,1.);
#7843=VECTOR('',#13248,1.);
#7844=VECTOR('',#13251,1.);
#7845=VECTOR('',#13252,1.);
#7846=VECTOR('',#13255,1.);
#7847=VECTOR('',#13258,1.);
#7848=VECTOR('',#13263,1.);
#7849=VECTOR('',#13264,1.);
#7850=VECTOR('',#13267,1.);
#7851=VECTOR('',#13270,1.);
#7852=VECTOR('',#13275,1.);
#7853=VECTOR('',#13276,1.);
#7854=VECTOR('',#13279,1.);
#7855=VECTOR('',#13282,1.);
#7856=VECTOR('',#13287,1.);
#7857=VECTOR('',#13288,1.);
#7858=VECTOR('',#13291,1.);
#7859=VECTOR('',#13294,1.);
#7860=VECTOR('',#13299,1.);
#7861=VECTOR('',#13300,1.);
#7862=VECTOR('',#13303,1.);
#7863=VECTOR('',#13306,1.);
#7864=VECTOR('',#13311,1.);
#7865=VECTOR('',#13312,1.);
#7866=VECTOR('',#13315,1.);
#7867=VECTOR('',#13318,1.);
#7868=VECTOR('',#13323,1.);
#7869=VECTOR('',#13324,1.);
#7870=VECTOR('',#13327,1.);
#7871=VECTOR('',#13330,1.);
#7872=VECTOR('',#13335,1.);
#7873=VECTOR('',#13336,1.);
#7874=VECTOR('',#13339,1.);
#7875=VECTOR('',#13342,1.);
#7876=VECTOR('',#13347,1.);
#7877=VECTOR('',#13348,1.);
#7878=VECTOR('',#13351,1.);
#7879=VECTOR('',#13354,1.);
#7880=VECTOR('',#13359,1.);
#7881=VECTOR('',#13360,1.);
#7882=VECTOR('',#13363,1.);
#7883=VECTOR('',#13366,1.);
#7884=VECTOR('',#13371,1.);
#7885=VECTOR('',#13372,1.);
#7886=VECTOR('',#13375,1.);
#7887=VECTOR('',#13378,1.);
#7888=VECTOR('',#13383,1.);
#7889=VECTOR('',#13384,1.);
#7890=VECTOR('',#13387,1.);
#7891=VECTOR('',#13390,1.);
#7892=VECTOR('',#13395,1.);
#7893=VECTOR('',#13396,1.);
#7894=VECTOR('',#13399,1.);
#7895=VECTOR('',#13402,1.);
#7896=VECTOR('',#13407,1.);
#7897=VECTOR('',#13408,1.);
#7898=VECTOR('',#13411,1.);
#7899=VECTOR('',#13414,1.);
#7900=VECTOR('',#13419,1.);
#7901=VECTOR('',#13420,1.);
#7902=VECTOR('',#13423,1.);
#7903=VECTOR('',#13426,1.);
#7904=VECTOR('',#13431,1.);
#7905=VECTOR('',#13432,1.);
#7906=VECTOR('',#13435,1.);
#7907=VECTOR('',#13438,1.);
#7908=VECTOR('',#13443,1.);
#7909=VECTOR('',#13444,1.);
#7910=VECTOR('',#13447,1.);
#7911=VECTOR('',#13450,1.);
#7912=VECTOR('',#13455,1.);
#7913=VECTOR('',#13456,1.);
#7914=VECTOR('',#13459,1.);
#7915=VECTOR('',#13462,1.);
#7916=VECTOR('',#13467,1.);
#7917=VECTOR('',#13468,1.);
#7918=VECTOR('',#13471,1.);
#7919=VECTOR('',#13474,1.);
#7920=VECTOR('',#13479,1.);
#7921=VECTOR('',#13480,1.);
#7922=VECTOR('',#13483,1.);
#7923=VECTOR('',#13486,1.);
#7924=VECTOR('',#13491,1.);
#7925=VECTOR('',#13492,1.);
#7926=VECTOR('',#13493,1.);
#7927=VECTOR('',#13496,1.);
#7928=VECTOR('',#13497,1.);
#7929=VECTOR('',#13500,1.);
#7930=VECTOR('',#13501,1.);
#7931=VECTOR('',#13504,1.);
#7932=VECTOR('',#13509,1.);
#7933=VECTOR('',#13510,1.);
#7934=VECTOR('',#13511,1.);
#7935=VECTOR('',#13514,1.);
#7936=VECTOR('',#13515,1.);
#7937=VECTOR('',#13518,1.);
#7938=VECTOR('',#13519,1.);
#7939=VECTOR('',#13522,1.);
#7940=VECTOR('',#13527,1.);
#7941=VECTOR('',#13528,1.);
#7942=VECTOR('',#13529,1.);
#7943=VECTOR('',#13532,1.);
#7944=VECTOR('',#13533,1.);
#7945=VECTOR('',#13536,1.);
#7946=VECTOR('',#13537,1.);
#7947=VECTOR('',#13540,1.);
#7948=VECTOR('',#13545,1.);
#7949=VECTOR('',#13546,1.);
#7950=VECTOR('',#13547,1.);
#7951=VECTOR('',#13550,1.);
#7952=VECTOR('',#13551,1.);
#7953=VECTOR('',#13554,1.);
#7954=VECTOR('',#13555,1.);
#7955=VECTOR('',#13558,1.);
#7956=VECTOR('',#13563,1.);
#7957=VECTOR('',#13564,1.);
#7958=VECTOR('',#13565,1.);
#7959=VECTOR('',#13568,1.);
#7960=VECTOR('',#13569,1.);
#7961=VECTOR('',#13572,1.);
#7962=VECTOR('',#13573,1.);
#7963=VECTOR('',#13576,1.);
#7964=VECTOR('',#13581,1.);
#7965=VECTOR('',#13582,1.);
#7966=VECTOR('',#13583,1.);
#7967=VECTOR('',#13586,1.);
#7968=VECTOR('',#13587,1.);
#7969=VECTOR('',#13590,1.);
#7970=VECTOR('',#13591,1.);
#7971=VECTOR('',#13594,1.);
#7972=VECTOR('',#13599,1.);
#7973=VECTOR('',#13600,1.);
#7974=VECTOR('',#13601,1.);
#7975=VECTOR('',#13604,1.);
#7976=VECTOR('',#13605,1.);
#7977=VECTOR('',#13608,1.);
#7978=VECTOR('',#13609,1.);
#7979=VECTOR('',#13612,1.);
#7980=VECTOR('',#13617,1.);
#7981=VECTOR('',#13618,1.);
#7982=VECTOR('',#13619,1.);
#7983=VECTOR('',#13622,1.);
#7984=VECTOR('',#13623,1.);
#7985=VECTOR('',#13626,1.);
#7986=VECTOR('',#13627,1.);
#7987=VECTOR('',#13630,1.);
#7988=VECTOR('',#13635,1.);
#7989=VECTOR('',#13636,1.);
#7990=VECTOR('',#13637,1.);
#7991=VECTOR('',#13640,1.);
#7992=VECTOR('',#13641,1.);
#7993=VECTOR('',#13644,1.);
#7994=VECTOR('',#13645,1.);
#7995=VECTOR('',#13648,1.);
#7996=VECTOR('',#13653,1.);
#7997=VECTOR('',#13654,1.);
#7998=VECTOR('',#13655,1.);
#7999=VECTOR('',#13658,1.);
#8000=VECTOR('',#13659,1.);
#8001=VECTOR('',#13662,1.);
#8002=VECTOR('',#13663,1.);
#8003=VECTOR('',#13666,1.);
#8004=VECTOR('',#13671,1.);
#8005=VECTOR('',#13672,1.);
#8006=VECTOR('',#13673,1.);
#8007=VECTOR('',#13676,1.);
#8008=VECTOR('',#13677,1.);
#8009=VECTOR('',#13680,1.);
#8010=VECTOR('',#13681,1.);
#8011=VECTOR('',#13684,1.);
#8012=VECTOR('',#13689,1.);
#8013=VECTOR('',#13690,1.);
#8014=VECTOR('',#13691,1.);
#8015=VECTOR('',#13694,1.);
#8016=VECTOR('',#13695,1.);
#8017=VECTOR('',#13698,1.);
#8018=VECTOR('',#13699,1.);
#8019=VECTOR('',#13702,1.);
#8020=VECTOR('',#13707,1.);
#8021=VECTOR('',#13708,1.);
#8022=VECTOR('',#13709,1.);
#8023=VECTOR('',#13712,1.);
#8024=VECTOR('',#13713,1.);
#8025=VECTOR('',#13716,1.);
#8026=VECTOR('',#13717,1.);
#8027=VECTOR('',#13720,1.);
#8028=VECTOR('',#13725,1.);
#8029=VECTOR('',#13726,1.);
#8030=VECTOR('',#13727,1.);
#8031=VECTOR('',#13730,1.);
#8032=VECTOR('',#13731,1.);
#8033=VECTOR('',#13734,1.);
#8034=VECTOR('',#13735,1.);
#8035=VECTOR('',#13738,1.);
#8036=VECTOR('',#13743,1.);
#8037=VECTOR('',#13744,1.);
#8038=VECTOR('',#13745,1.);
#8039=VECTOR('',#13748,1.);
#8040=VECTOR('',#13749,1.);
#8041=VECTOR('',#13752,1.);
#8042=VECTOR('',#13753,1.);
#8043=VECTOR('',#13756,1.);
#8044=VECTOR('',#13761,1.);
#8045=VECTOR('',#13762,1.);
#8046=VECTOR('',#13763,1.);
#8047=VECTOR('',#13766,1.);
#8048=VECTOR('',#13767,1.);
#8049=VECTOR('',#13770,1.);
#8050=VECTOR('',#13771,1.);
#8051=VECTOR('',#13774,1.);
#8052=VECTOR('',#13779,1.);
#8053=VECTOR('',#13780,1.);
#8054=VECTOR('',#13781,1.);
#8055=VECTOR('',#13784,1.);
#8056=VECTOR('',#13785,1.);
#8057=VECTOR('',#13788,1.);
#8058=VECTOR('',#13789,1.);
#8059=VECTOR('',#13792,1.);
#8060=VECTOR('',#13797,1.);
#8061=VECTOR('',#13798,1.);
#8062=VECTOR('',#13799,1.);
#8063=VECTOR('',#13802,1.);
#8064=VECTOR('',#13803,1.);
#8065=VECTOR('',#13806,1.);
#8066=VECTOR('',#13807,1.);
#8067=VECTOR('',#13810,1.);
#8068=VECTOR('',#13815,1.);
#8069=VECTOR('',#13816,1.);
#8070=VECTOR('',#13817,1.);
#8071=VECTOR('',#13820,1.);
#8072=VECTOR('',#13821,1.);
#8073=VECTOR('',#13824,1.);
#8074=VECTOR('',#13825,1.);
#8075=VECTOR('',#13828,1.);
#8076=VECTOR('',#13833,1.);
#8077=VECTOR('',#13834,1.);
#8078=VECTOR('',#13835,1.);
#8079=VECTOR('',#13838,1.);
#8080=VECTOR('',#13839,1.);
#8081=VECTOR('',#13842,1.);
#8082=VECTOR('',#13843,1.);
#8083=VECTOR('',#13846,1.);
#8084=VECTOR('',#13869,1.);
#8085=VECTOR('',#13870,1.);
#8086=VECTOR('',#13871,1.);
#8087=VECTOR('',#13874,1.);
#8088=VECTOR('',#13875,1.);
#8089=VECTOR('',#13878,1.);
#8090=VECTOR('',#13879,1.);
#8091=VECTOR('',#13882,1.);
#8092=VECTOR('',#13887,1.);
#8093=VECTOR('',#13888,1.);
#8094=VECTOR('',#13889,1.);
#8095=VECTOR('',#13892,1.);
#8096=VECTOR('',#13893,1.);
#8097=VECTOR('',#13896,1.);
#8098=VECTOR('',#13897,1.);
#8099=VECTOR('',#13898,1.);
#8100=VECTOR('',#13901,1.);
#8101=VECTOR('',#13902,1.);
#8102=VECTOR('',#13905,1.);
#8103=VECTOR('',#13906,1.);
#8104=VECTOR('',#13913,1.);
#8105=VECTOR('',#13914,1.);
#8106=VECTOR('',#13915,1.);
#8107=VECTOR('',#13918,1.);
#8108=VECTOR('',#13919,1.);
#8109=VECTOR('',#13922,1.);
#8110=VECTOR('',#13923,1.);
#8111=VECTOR('',#13926,1.);
#8112=VECTOR('',#13953,1.);
#8113=VECTOR('',#13954,1.);
#8114=VECTOR('',#13955,1.);
#8115=VECTOR('',#13958,1.);
#8116=VECTOR('',#13959,1.);
#8117=VECTOR('',#13962,1.);
#8118=VECTOR('',#13963,1.);
#8119=VECTOR('',#13966,1.);
#8120=VECTOR('',#13969,1.);
#8121=VECTOR('',#13970,1.);
#8122=VECTOR('',#13971,1.);
#8123=VECTOR('',#13972,1.);
#8124=VECTOR('',#13973,1.);
#8125=VECTOR('',#13974,1.);
#8126=VECTOR('',#13975,1.);
#8127=VECTOR('',#13978,1.);
#8128=VECTOR('',#13979,1.);
#8129=VECTOR('',#13980,1.);
#8130=VECTOR('',#13983,1.);
#8131=VECTOR('',#13984,1.);
#8132=VECTOR('',#13987,1.);
#8133=VECTOR('',#13988,1.);
#8134=VECTOR('',#13991,1.);
#8135=VECTOR('',#13994,1.);
#8136=VECTOR('',#13995,1.);
#8137=VECTOR('',#13996,1.);
#8138=VECTOR('',#13997,1.);
#8139=VECTOR('',#13998,1.);
#8140=VECTOR('',#13999,1.);
#8141=VECTOR('',#14000,1.);
#8142=VECTOR('',#14003,1.);
#8143=VECTOR('',#14004,1.);
#8144=VECTOR('',#14007,1.);
#8145=VECTOR('',#14008,1.);
#8146=VECTOR('',#14011,1.);
#8147=VECTOR('',#14014,1.);
#8148=VECTOR('',#14017,1.);
#8149=VECTOR('',#14020,1.);
#8150=VECTOR('',#14027,1.);
#8151=VECTOR('',#14028,1.);
#8152=VECTOR('',#14029,1.);
#8153=VECTOR('',#14032,1.);
#8154=VECTOR('',#14033,1.);
#8155=VECTOR('',#14034,1.);
#8156=VECTOR('',#14037,1.);
#8157=VECTOR('',#14038,1.);
#8158=VECTOR('',#14041,1.);
#8159=VECTOR('',#14042,1.);
#8160=VECTOR('',#14045,1.);
#8161=VECTOR('',#14046,1.);
#8162=VECTOR('',#14049,1.);
#8163=VECTOR('',#14050,1.);
#8164=VECTOR('',#14053,1.);
#8165=VECTOR('',#14056,1.);
#8166=VECTOR('',#14059,1.);
#8167=VECTOR('',#14060,1.);
#8168=VECTOR('',#14061,1.);
#8169=VECTOR('',#14062,1.);
#8170=VECTOR('',#14063,1.);
#8171=VECTOR('',#14064,1.);
#8172=VECTOR('',#14065,1.);
#8173=VECTOR('',#14066,1.);
#8174=VECTOR('',#14067,1.);
#8175=VECTOR('',#14068,1.);
#8176=VECTOR('',#14069,1.);
#8177=VECTOR('',#14070,1.);
#8178=VECTOR('',#14071,1.);
#8179=VECTOR('',#14072,1.);
#8180=VECTOR('',#14073,1.);
#8181=VECTOR('',#14074,1.);
#8182=VECTOR('',#14075,1.);
#8183=VECTOR('',#14076,1.);
#8184=VECTOR('',#14077,1.);
#8185=VECTOR('',#14078,1.);
#8186=VECTOR('',#14079,1.);
#8187=VECTOR('',#14080,1.);
#8188=VECTOR('',#14081,1.);
#8189=VECTOR('',#14082,1.);
#8190=VECTOR('',#14083,1.);
#8191=VECTOR('',#14084,1.);
#8192=VECTOR('',#14085,1.);
#8193=VECTOR('',#14086,1.);
#8194=VECTOR('',#14087,1.);
#8195=VECTOR('',#14088,1.);
#8196=VECTOR('',#14089,1.);
#8197=VECTOR('',#14090,1.);
#8198=VECTOR('',#14091,1.);
#8199=VECTOR('',#14092,1.);
#8200=VECTOR('',#14093,1.);
#8201=VECTOR('',#14094,1.);
#8202=VECTOR('',#14095,1.);
#8203=VECTOR('',#14096,1.);
#8204=VECTOR('',#14097,1.);
#8205=VECTOR('',#14098,1.);
#8206=VECTOR('',#14099,1.);
#8207=VECTOR('',#14100,1.);
#8208=VECTOR('',#14101,1.);
#8209=VECTOR('',#14102,1.);
#8210=VECTOR('',#14103,1.);
#8211=VECTOR('',#14104,1.);
#8212=VECTOR('',#14105,1.);
#8213=VECTOR('',#14106,1.);
#8214=VECTOR('',#14107,1.);
#8215=VECTOR('',#14108,1.);
#8216=VECTOR('',#14109,1.);
#8217=VECTOR('',#14110,1.);
#8218=VECTOR('',#14111,1.);
#8219=VECTOR('',#14112,1.);
#8220=VECTOR('',#14113,1.);
#8221=VECTOR('',#14114,1.);
#8222=VECTOR('',#14115,1.);
#8223=VECTOR('',#14116,1.);
#8224=VECTOR('',#14117,1.);
#8225=VECTOR('',#14118,1.);
#8226=VECTOR('',#14119,1.);
#8227=VECTOR('',#14120,1.);
#8228=VECTOR('',#14121,1.);
#8229=VECTOR('',#14122,1.);
#8230=VECTOR('',#14123,1.);
#8231=VECTOR('',#14124,1.);
#8232=VECTOR('',#14125,1.);
#8233=VECTOR('',#14126,1.);
#8234=VECTOR('',#14127,1.);
#8235=VECTOR('',#14128,1.);
#8236=VECTOR('',#14129,1.);
#8237=VECTOR('',#14130,1.);
#8238=VECTOR('',#14131,1.);
#8239=VECTOR('',#14132,1.);
#8240=VECTOR('',#14133,1.);
#8241=VECTOR('',#14134,1.);
#8242=VECTOR('',#14135,1.);
#8243=VECTOR('',#14136,1.);
#8244=VECTOR('',#14137,1.);
#8245=VECTOR('',#14138,1.);
#8246=VECTOR('',#14139,1.);
#8247=VECTOR('',#14140,1.);
#8248=VECTOR('',#14141,1.);
#8249=VECTOR('',#14142,1.);
#8250=VECTOR('',#14143,1.);
#8251=VECTOR('',#14144,1.);
#8252=VECTOR('',#14145,1.);
#8253=VECTOR('',#14146,1.);
#8254=VECTOR('',#14147,1.);
#8255=VECTOR('',#14148,1.);
#8256=VECTOR('',#14149,1.);
#8257=VECTOR('',#14150,1.);
#8258=VECTOR('',#14151,1.);
#8259=VECTOR('',#14152,1.);
#8260=VECTOR('',#14153,1.);
#8261=VECTOR('',#14154,1.);
#8262=VECTOR('',#14155,1.);
#8263=VECTOR('',#14156,1.);
#8264=VECTOR('',#14157,1.);
#8265=VECTOR('',#14158,1.);
#8266=VECTOR('',#14159,1.);
#8267=VECTOR('',#14160,1.);
#8268=VECTOR('',#14161,1.);
#8269=VECTOR('',#14162,1.);
#8270=VECTOR('',#14163,1.);
#8271=VECTOR('',#14164,1.);
#8272=VECTOR('',#14165,1.);
#8273=VECTOR('',#14166,1.);
#8274=VECTOR('',#14167,1.);
#8275=VECTOR('',#14168,1.);
#8276=VECTOR('',#14169,1.);
#8277=VECTOR('',#14170,1.);
#8278=VECTOR('',#14171,1.);
#8279=VECTOR('',#14172,1.);
#8280=VECTOR('',#14173,1.);
#8281=VECTOR('',#14174,1.);
#8282=VECTOR('',#14175,1.);
#8283=VECTOR('',#14176,1.);
#8284=VECTOR('',#14177,1.);
#8285=VECTOR('',#14178,1.);
#8286=VECTOR('',#14179,1.);
#8287=VECTOR('',#14180,1.);
#8288=VECTOR('',#14181,1.);
#8289=VECTOR('',#14182,1.);
#8290=VECTOR('',#14183,1.);
#8291=VECTOR('',#14184,1.);
#8292=VECTOR('',#14185,1.);
#8293=VECTOR('',#14186,1.);
#8294=VECTOR('',#14187,1.);
#8295=VECTOR('',#14188,1.);
#8296=VECTOR('',#14189,1.);
#8297=VECTOR('',#14190,1.);
#8298=VECTOR('',#14191,1.);
#8299=VECTOR('',#14192,1.);
#8300=VECTOR('',#14193,1.);
#8301=VECTOR('',#14194,1.);
#8302=VECTOR('',#14197,1.);
#8303=VECTOR('',#14198,1.);
#8304=VECTOR('',#14199,1.);
#8305=VECTOR('',#14202,1.);
#8306=VECTOR('',#14203,1.);
#8307=VECTOR('',#14206,1.);
#8308=VECTOR('',#14207,1.);
#8309=VECTOR('',#14210,1.);
#8310=VECTOR('',#14215,1.);
#8311=VECTOR('',#14216,1.);
#8312=VECTOR('',#14217,1.);
#8313=VECTOR('',#14220,1.);
#8314=VECTOR('',#14221,1.);
#8315=VECTOR('',#14224,1.);
#8316=VECTOR('',#14225,1.);
#8317=VECTOR('',#14228,1.);
#8318=VECTOR('',#14233,1.);
#8319=VECTOR('',#14234,1.);
#8320=VECTOR('',#14235,1.);
#8321=VECTOR('',#14238,1.);
#8322=VECTOR('',#14239,1.);
#8323=VECTOR('',#14242,1.);
#8324=VECTOR('',#14243,1.);
#8325=VECTOR('',#14246,1.);
#8326=VECTOR('',#14251,1.);
#8327=VECTOR('',#14252,1.);
#8328=VECTOR('',#14253,1.);
#8329=VECTOR('',#14256,1.);
#8330=VECTOR('',#14257,1.);
#8331=VECTOR('',#14260,1.);
#8332=VECTOR('',#14261,1.);
#8333=VECTOR('',#14264,1.);
#8334=VECTOR('',#14269,1.);
#8335=VECTOR('',#14270,1.);
#8336=VECTOR('',#14271,1.);
#8337=VECTOR('',#14274,1.);
#8338=VECTOR('',#14275,1.);
#8339=VECTOR('',#14278,1.);
#8340=VECTOR('',#14279,1.);
#8341=VECTOR('',#14282,1.);
#8342=VECTOR('',#14287,1.);
#8343=VECTOR('',#14288,1.);
#8344=VECTOR('',#14289,1.);
#8345=VECTOR('',#14292,1.);
#8346=VECTOR('',#14293,1.);
#8347=VECTOR('',#14296,1.);
#8348=VECTOR('',#14297,1.);
#8349=VECTOR('',#14300,1.);
#8350=VECTOR('',#14305,1.);
#8351=VECTOR('',#14306,1.);
#8352=VECTOR('',#14307,1.);
#8353=VECTOR('',#14310,1.);
#8354=VECTOR('',#14311,1.);
#8355=VECTOR('',#14314,1.);
#8356=VECTOR('',#14315,1.);
#8357=VECTOR('',#14318,1.);
#8358=VECTOR('',#14323,1.);
#8359=VECTOR('',#14324,1.);
#8360=VECTOR('',#14325,1.);
#8361=VECTOR('',#14328,1.);
#8362=VECTOR('',#14329,1.);
#8363=VECTOR('',#14332,1.);
#8364=VECTOR('',#14333,1.);
#8365=VECTOR('',#14336,1.);
#8366=VECTOR('',#14341,1.);
#8367=VECTOR('',#14342,1.);
#8368=VECTOR('',#14343,1.);
#8369=VECTOR('',#14346,1.);
#8370=VECTOR('',#14347,1.);
#8371=VECTOR('',#14350,1.);
#8372=VECTOR('',#14351,1.);
#8373=VECTOR('',#14354,1.);
#8374=VECTOR('',#14359,1.);
#8375=VECTOR('',#14360,1.);
#8376=VECTOR('',#14361,1.);
#8377=VECTOR('',#14364,1.);
#8378=VECTOR('',#14365,1.);
#8379=VECTOR('',#14368,1.);
#8380=VECTOR('',#14369,1.);
#8381=VECTOR('',#14372,1.);
#8382=VECTOR('',#14377,1.);
#8383=VECTOR('',#14378,1.);
#8384=VECTOR('',#14379,1.);
#8385=VECTOR('',#14382,1.);
#8386=VECTOR('',#14383,1.);
#8387=VECTOR('',#14386,1.);
#8388=VECTOR('',#14387,1.);
#8389=VECTOR('',#14390,1.);
#8390=VECTOR('',#14395,1.);
#8391=VECTOR('',#14396,1.);
#8392=VECTOR('',#14397,1.);
#8393=VECTOR('',#14400,1.);
#8394=VECTOR('',#14401,1.);
#8395=VECTOR('',#14404,1.);
#8396=VECTOR('',#14405,1.);
#8397=VECTOR('',#14408,1.);
#8398=VECTOR('',#14413,1.);
#8399=VECTOR('',#14414,1.);
#8400=VECTOR('',#14415,1.);
#8401=VECTOR('',#14418,1.);
#8402=VECTOR('',#14419,1.);
#8403=VECTOR('',#14422,1.);
#8404=VECTOR('',#14423,1.);
#8405=VECTOR('',#14426,1.);
#8406=VECTOR('',#14431,1.);
#8407=VECTOR('',#14432,1.);
#8408=VECTOR('',#14433,1.);
#8409=VECTOR('',#14436,1.);
#8410=VECTOR('',#14437,1.);
#8411=VECTOR('',#14440,1.);
#8412=VECTOR('',#14441,1.);
#8413=VECTOR('',#14444,1.);
#8414=VECTOR('',#14449,1.);
#8415=VECTOR('',#14450,1.);
#8416=VECTOR('',#14451,1.);
#8417=VECTOR('',#14454,1.);
#8418=VECTOR('',#14455,1.);
#8419=VECTOR('',#14458,1.);
#8420=VECTOR('',#14459,1.);
#8421=VECTOR('',#14462,1.);
#8422=VECTOR('',#14467,1.);
#8423=VECTOR('',#14468,1.);
#8424=VECTOR('',#14469,1.);
#8425=VECTOR('',#14472,1.);
#8426=VECTOR('',#14473,1.);
#8427=VECTOR('',#14476,1.);
#8428=VECTOR('',#14477,1.);
#8429=VECTOR('',#14480,1.);
#8430=VECTOR('',#14485,1.);
#8431=VECTOR('',#14486,1.);
#8432=VECTOR('',#14487,1.);
#8433=VECTOR('',#14490,1.);
#8434=VECTOR('',#14491,1.);
#8435=VECTOR('',#14494,1.);
#8436=VECTOR('',#14495,1.);
#8437=VECTOR('',#14498,1.);
#8438=VECTOR('',#14503,1.);
#8439=VECTOR('',#14504,1.);
#8440=VECTOR('',#14505,1.);
#8441=VECTOR('',#14508,1.);
#8442=VECTOR('',#14509,1.);
#8443=VECTOR('',#14512,1.);
#8444=VECTOR('',#14513,1.);
#8445=VECTOR('',#14516,1.);
#8446=VECTOR('',#14521,1.);
#8447=VECTOR('',#14522,1.);
#8448=VECTOR('',#14523,1.);
#8449=VECTOR('',#14526,1.);
#8450=VECTOR('',#14527,1.);
#8451=VECTOR('',#14530,1.);
#8452=VECTOR('',#14531,1.);
#8453=VECTOR('',#14534,1.);
#8454=VECTOR('',#14539,1.);
#8455=VECTOR('',#14540,1.);
#8456=VECTOR('',#14541,1.);
#8457=VECTOR('',#14544,1.);
#8458=VECTOR('',#14545,1.);
#8459=VECTOR('',#14548,1.);
#8460=VECTOR('',#14549,1.);
#8461=VECTOR('',#14552,1.);
#8462=VECTOR('',#14557,1.);
#8463=VECTOR('',#14558,1.);
#8464=VECTOR('',#14559,1.);
#8465=VECTOR('',#14562,1.);
#8466=VECTOR('',#14563,1.);
#8467=VECTOR('',#14566,1.);
#8468=VECTOR('',#14567,1.);
#8469=VECTOR('',#14570,1.);
#8470=VECTOR('',#14575,1.);
#8471=VECTOR('',#14576,1.);
#8472=VECTOR('',#14577,1.);
#8473=VECTOR('',#14580,1.);
#8474=VECTOR('',#14581,1.);
#8475=VECTOR('',#14584,1.);
#8476=VECTOR('',#14585,1.);
#8477=VECTOR('',#14588,1.);
#8478=VECTOR('',#14593,1.);
#8479=VECTOR('',#14594,1.);
#8480=VECTOR('',#14595,1.);
#8481=VECTOR('',#14598,1.);
#8482=VECTOR('',#14599,1.);
#8483=VECTOR('',#14602,1.);
#8484=VECTOR('',#14603,1.);
#8485=VECTOR('',#14606,1.);
#8486=VECTOR('',#14611,1.);
#8487=VECTOR('',#14612,1.);
#8488=VECTOR('',#14613,1.);
#8489=VECTOR('',#14616,1.);
#8490=VECTOR('',#14617,1.);
#8491=VECTOR('',#14620,1.);
#8492=VECTOR('',#14621,1.);
#8493=VECTOR('',#14624,1.);
#8494=VECTOR('',#14629,1.);
#8495=VECTOR('',#14630,1.);
#8496=VECTOR('',#14631,1.);
#8497=VECTOR('',#14634,1.);
#8498=VECTOR('',#14635,1.);
#8499=VECTOR('',#14638,1.);
#8500=VECTOR('',#14639,1.);
#8501=VECTOR('',#14642,1.);
#8502=VECTOR('',#14647,1.);
#8503=VECTOR('',#14648,1.);
#8504=VECTOR('',#14649,1.);
#8505=VECTOR('',#14652,1.);
#8506=VECTOR('',#14653,1.);
#8507=VECTOR('',#14656,1.);
#8508=VECTOR('',#14657,1.);
#8509=VECTOR('',#14660,1.);
#8510=VECTOR('',#14665,1.);
#8511=VECTOR('',#14666,1.);
#8512=VECTOR('',#14667,1.);
#8513=VECTOR('',#14670,1.);
#8514=VECTOR('',#14671,1.);
#8515=VECTOR('',#14674,1.);
#8516=VECTOR('',#14675,1.);
#8517=VECTOR('',#14678,1.);
#8518=VECTOR('',#14683,1.);
#8519=VECTOR('',#14684,1.);
#8520=VECTOR('',#14685,1.);
#8521=VECTOR('',#14688,1.);
#8522=VECTOR('',#14689,1.);
#8523=VECTOR('',#14692,1.);
#8524=VECTOR('',#14693,1.);
#8525=VECTOR('',#14696,1.);
#8526=VECTOR('',#14701,1.);
#8527=VECTOR('',#14702,1.);
#8528=VECTOR('',#14703,1.);
#8529=VECTOR('',#14706,1.);
#8530=VECTOR('',#14707,1.);
#8531=VECTOR('',#14710,1.);
#8532=VECTOR('',#14711,1.);
#8533=VECTOR('',#14714,1.);
#8534=VECTOR('',#14719,1.);
#8535=VECTOR('',#14720,1.);
#8536=VECTOR('',#14721,1.);
#8537=VECTOR('',#14724,1.);
#8538=VECTOR('',#14725,1.);
#8539=VECTOR('',#14728,1.);
#8540=VECTOR('',#14729,1.);
#8541=VECTOR('',#14732,1.);
#8542=VECTOR('',#14737,1.);
#8543=VECTOR('',#14738,1.);
#8544=VECTOR('',#14739,1.);
#8545=VECTOR('',#14742,1.);
#8546=VECTOR('',#14743,1.);
#8547=VECTOR('',#14746,1.);
#8548=VECTOR('',#14747,1.);
#8549=VECTOR('',#14750,1.);
#8550=VECTOR('',#14755,1.);
#8551=VECTOR('',#14756,1.);
#8552=VECTOR('',#14757,1.);
#8553=VECTOR('',#14760,1.);
#8554=VECTOR('',#14761,1.);
#8555=VECTOR('',#14764,1.);
#8556=VECTOR('',#14765,1.);
#8557=VECTOR('',#14768,1.);
#8558=VECTOR('',#14773,1.);
#8559=VECTOR('',#14774,1.);
#8560=VECTOR('',#14775,1.);
#8561=VECTOR('',#14778,1.);
#8562=VECTOR('',#14779,1.);
#8563=VECTOR('',#14782,1.);
#8564=VECTOR('',#14783,1.);
#8565=VECTOR('',#14786,1.);
#8566=VECTOR('',#14791,1.);
#8567=VECTOR('',#14792,1.);
#8568=VECTOR('',#14793,1.);
#8569=VECTOR('',#14796,1.);
#8570=VECTOR('',#14797,1.);
#8571=VECTOR('',#14800,1.);
#8572=VECTOR('',#14801,1.);
#8573=VECTOR('',#14804,1.);
#8574=VECTOR('',#14809,1.);
#8575=VECTOR('',#14810,1.);
#8576=VECTOR('',#14811,1.);
#8577=VECTOR('',#14814,1.);
#8578=VECTOR('',#14815,1.);
#8579=VECTOR('',#14818,1.);
#8580=VECTOR('',#14819,1.);
#8581=VECTOR('',#14822,1.);
#8582=VECTOR('',#14827,1.);
#8583=VECTOR('',#14828,1.);
#8584=VECTOR('',#14829,1.);
#8585=VECTOR('',#14832,1.);
#8586=VECTOR('',#14833,1.);
#8587=VECTOR('',#14836,1.);
#8588=VECTOR('',#14837,1.);
#8589=VECTOR('',#14840,1.);
#8590=VECTOR('',#14845,1.);
#8591=VECTOR('',#14846,1.);
#8592=VECTOR('',#14847,1.);
#8593=VECTOR('',#14850,1.);
#8594=VECTOR('',#14851,1.);
#8595=VECTOR('',#14854,1.);
#8596=VECTOR('',#14855,1.);
#8597=VECTOR('',#14858,1.);
#8598=VECTOR('',#14863,1.);
#8599=VECTOR('',#14864,1.);
#8600=VECTOR('',#14865,1.);
#8601=VECTOR('',#14868,1.);
#8602=VECTOR('',#14869,1.);
#8603=VECTOR('',#14872,1.);
#8604=VECTOR('',#14873,1.);
#8605=VECTOR('',#14876,1.);
#8606=VECTOR('',#14881,1.);
#8607=VECTOR('',#14882,1.);
#8608=VECTOR('',#14883,1.);
#8609=VECTOR('',#14886,1.);
#8610=VECTOR('',#14887,1.);
#8611=VECTOR('',#14890,1.);
#8612=VECTOR('',#14891,1.);
#8613=VECTOR('',#14894,1.);
#8614=VECTOR('',#14899,1.);
#8615=VECTOR('',#14900,1.);
#8616=VECTOR('',#14901,1.);
#8617=VECTOR('',#14904,1.);
#8618=VECTOR('',#14905,1.);
#8619=VECTOR('',#14908,1.);
#8620=VECTOR('',#14909,1.);
#8621=VECTOR('',#14912,1.);
#8622=VECTOR('',#14917,1.);
#8623=VECTOR('',#14918,1.);
#8624=VECTOR('',#14919,1.);
#8625=VECTOR('',#14922,1.);
#8626=VECTOR('',#14923,1.);
#8627=VECTOR('',#14926,1.);
#8628=VECTOR('',#14927,1.);
#8629=VECTOR('',#14930,1.);
#8630=VECTOR('',#14935,1.);
#8631=VECTOR('',#14936,1.);
#8632=VECTOR('',#14937,1.);
#8633=VECTOR('',#14940,1.);
#8634=VECTOR('',#14941,1.);
#8635=VECTOR('',#14944,1.);
#8636=VECTOR('',#14945,1.);
#8637=VECTOR('',#14948,1.);
#8638=VECTOR('',#14953,1.);
#8639=VECTOR('',#14954,1.);
#8640=VECTOR('',#14955,1.);
#8641=VECTOR('',#14958,1.);
#8642=VECTOR('',#14959,1.);
#8643=VECTOR('',#14962,1.);
#8644=VECTOR('',#14963,1.);
#8645=VECTOR('',#14966,1.);
#8646=VECTOR('',#14971,1.);
#8647=VECTOR('',#14972,1.);
#8648=VECTOR('',#14973,1.);
#8649=VECTOR('',#14976,1.);
#8650=VECTOR('',#14977,1.);
#8651=VECTOR('',#14980,1.);
#8652=VECTOR('',#14981,1.);
#8653=VECTOR('',#14984,1.);
#8654=VECTOR('',#14989,1.);
#8655=VECTOR('',#14990,1.);
#8656=VECTOR('',#14991,1.);
#8657=VECTOR('',#14994,1.);
#8658=VECTOR('',#14995,1.);
#8659=VECTOR('',#14998,1.);
#8660=VECTOR('',#14999,1.);
#8661=VECTOR('',#15002,1.);
#8662=VECTOR('',#15007,1.);
#8663=VECTOR('',#15008,1.);
#8664=VECTOR('',#15009,1.);
#8665=VECTOR('',#15012,1.);
#8666=VECTOR('',#15013,1.);
#8667=VECTOR('',#15016,1.);
#8668=VECTOR('',#15017,1.);
#8669=VECTOR('',#15020,1.);
#8670=VECTOR('',#15025,1.);
#8671=VECTOR('',#15026,1.);
#8672=VECTOR('',#15027,1.);
#8673=VECTOR('',#15030,1.);
#8674=VECTOR('',#15031,1.);
#8675=VECTOR('',#15034,1.);
#8676=VECTOR('',#15035,1.);
#8677=VECTOR('',#15038,1.);
#8678=VECTOR('',#15043,1.);
#8679=VECTOR('',#15044,1.);
#8680=VECTOR('',#15045,1.);
#8681=VECTOR('',#15048,1.);
#8682=VECTOR('',#15049,1.);
#8683=VECTOR('',#15052,1.);
#8684=VECTOR('',#15053,1.);
#8685=VECTOR('',#15056,1.);
#8686=VECTOR('',#15061,1.);
#8687=VECTOR('',#15062,1.);
#8688=VECTOR('',#15063,1.);
#8689=VECTOR('',#15066,1.);
#8690=VECTOR('',#15067,1.);
#8691=VECTOR('',#15070,1.);
#8692=VECTOR('',#15071,1.);
#8693=VECTOR('',#15074,1.);
#8694=VECTOR('',#15079,1.);
#8695=VECTOR('',#15080,1.);
#8696=VECTOR('',#15081,1.);
#8697=VECTOR('',#15084,1.);
#8698=VECTOR('',#15085,1.);
#8699=VECTOR('',#15088,1.);
#8700=VECTOR('',#15089,1.);
#8701=VECTOR('',#15092,1.);
#8702=VECTOR('',#15097,1.);
#8703=VECTOR('',#15098,1.);
#8704=VECTOR('',#15099,1.);
#8705=VECTOR('',#15102,1.);
#8706=VECTOR('',#15103,1.);
#8707=VECTOR('',#15106,1.);
#8708=VECTOR('',#15107,1.);
#8709=VECTOR('',#15110,1.);
#8710=VECTOR('',#15115,1.);
#8711=VECTOR('',#15116,1.);
#8712=VECTOR('',#15117,1.);
#8713=VECTOR('',#15120,1.);
#8714=VECTOR('',#15121,1.);
#8715=VECTOR('',#15124,1.);
#8716=VECTOR('',#15125,1.);
#8717=VECTOR('',#15128,1.);
#8718=VECTOR('',#15133,1.);
#8719=VECTOR('',#15134,1.);
#8720=VECTOR('',#15135,1.);
#8721=VECTOR('',#15138,1.);
#8722=VECTOR('',#15139,1.);
#8723=VECTOR('',#15142,1.);
#8724=VECTOR('',#15143,1.);
#8725=VECTOR('',#15146,1.);
#8726=VECTOR('',#15151,1.);
#8727=VECTOR('',#15152,1.);
#8728=VECTOR('',#15153,1.);
#8729=VECTOR('',#15156,1.);
#8730=VECTOR('',#15157,1.);
#8731=VECTOR('',#15160,1.);
#8732=VECTOR('',#15161,1.);
#8733=VECTOR('',#15164,1.);
#8734=VECTOR('',#15169,1.);
#8735=VECTOR('',#15170,1.);
#8736=VECTOR('',#15171,1.);
#8737=VECTOR('',#15174,1.);
#8738=VECTOR('',#15175,1.);
#8739=VECTOR('',#15178,1.);
#8740=VECTOR('',#15179,1.);
#8741=VECTOR('',#15182,1.);
#8742=VECTOR('',#15187,1.);
#8743=VECTOR('',#15188,1.);
#8744=VECTOR('',#15189,1.);
#8745=VECTOR('',#15192,1.);
#8746=VECTOR('',#15193,1.);
#8747=VECTOR('',#15196,1.);
#8748=VECTOR('',#15197,1.);
#8749=VECTOR('',#15200,1.);
#8750=VECTOR('',#15205,1.);
#8751=VECTOR('',#15206,1.);
#8752=VECTOR('',#15207,1.);
#8753=VECTOR('',#15210,1.);
#8754=VECTOR('',#15211,1.);
#8755=VECTOR('',#15214,1.);
#8756=VECTOR('',#15215,1.);
#8757=VECTOR('',#15218,1.);
#8758=VECTOR('',#15223,1.);
#8759=VECTOR('',#15224,1.);
#8760=VECTOR('',#15225,1.);
#8761=VECTOR('',#15228,1.);
#8762=VECTOR('',#15229,1.);
#8763=VECTOR('',#15232,1.);
#8764=VECTOR('',#15233,1.);
#8765=VECTOR('',#15236,1.);
#8766=VECTOR('',#15241,1.);
#8767=VECTOR('',#15242,1.);
#8768=VECTOR('',#15243,1.);
#8769=VECTOR('',#15246,1.);
#8770=VECTOR('',#15247,1.);
#8771=VECTOR('',#15250,1.);
#8772=VECTOR('',#15251,1.);
#8773=VECTOR('',#15254,1.);
#8774=VECTOR('',#15259,1.);
#8775=VECTOR('',#15260,1.);
#8776=VECTOR('',#15261,1.);
#8777=VECTOR('',#15264,1.);
#8778=VECTOR('',#15265,1.);
#8779=VECTOR('',#15268,1.);
#8780=VECTOR('',#15269,1.);
#8781=VECTOR('',#15272,1.);
#8782=VECTOR('',#15277,1.);
#8783=VECTOR('',#15278,1.);
#8784=VECTOR('',#15279,1.);
#8785=VECTOR('',#15282,1.);
#8786=VECTOR('',#15283,1.);
#8787=VECTOR('',#15286,1.);
#8788=VECTOR('',#15287,1.);
#8789=VECTOR('',#15290,1.);
#8790=VECTOR('',#15295,1.);
#8791=VECTOR('',#15296,1.);
#8792=VECTOR('',#15297,1.);
#8793=VECTOR('',#15300,1.);
#8794=VECTOR('',#15301,1.);
#8795=VECTOR('',#15304,1.);
#8796=VECTOR('',#15305,1.);
#8797=VECTOR('',#15308,1.);
#8798=VECTOR('',#15313,1.);
#8799=VECTOR('',#15314,1.);
#8800=VECTOR('',#15315,1.);
#8801=VECTOR('',#15318,1.);
#8802=VECTOR('',#15319,1.);
#8803=VECTOR('',#15322,1.);
#8804=VECTOR('',#15323,1.);
#8805=VECTOR('',#15326,1.);
#8806=VECTOR('',#15331,1.);
#8807=VECTOR('',#15332,1.);
#8808=VECTOR('',#15333,1.);
#8809=VECTOR('',#15336,1.);
#8810=VECTOR('',#15337,1.);
#8811=VECTOR('',#15340,1.);
#8812=VECTOR('',#15341,1.);
#8813=VECTOR('',#15344,1.);
#8814=VECTOR('',#15349,1.);
#8815=VECTOR('',#15350,1.);
#8816=VECTOR('',#15351,1.);
#8817=VECTOR('',#15354,1.);
#8818=VECTOR('',#15355,1.);
#8819=VECTOR('',#15358,1.);
#8820=VECTOR('',#15359,1.);
#8821=VECTOR('',#15362,1.);
#8822=VECTOR('',#15367,1.);
#8823=VECTOR('',#15368,1.);
#8824=VECTOR('',#15369,1.);
#8825=VECTOR('',#15372,1.);
#8826=VECTOR('',#15373,1.);
#8827=VECTOR('',#15376,1.);
#8828=VECTOR('',#15377,1.);
#8829=VECTOR('',#15380,1.);
#8830=VECTOR('',#15385,1.);
#8831=VECTOR('',#15386,1.);
#8832=VECTOR('',#15387,1.);
#8833=VECTOR('',#15390,1.);
#8834=VECTOR('',#15391,1.);
#8835=VECTOR('',#15394,1.);
#8836=VECTOR('',#15395,1.);
#8837=VECTOR('',#15398,1.);
#8838=VECTOR('',#15403,1.);
#8839=VECTOR('',#15404,1.);
#8840=VECTOR('',#15405,1.);
#8841=VECTOR('',#15408,1.);
#8842=VECTOR('',#15409,1.);
#8843=VECTOR('',#15412,1.);
#8844=VECTOR('',#15413,1.);
#8845=VECTOR('',#15416,1.);
#8846=EDGE_LOOP('',(#110,#111,#112,#113,#114,#115,#116,#117));
#8847=EDGE_LOOP('',(#118,#119,#120,#121));
#8848=EDGE_LOOP('',(#122,#123,#124,#125));
#8849=EDGE_LOOP('',(#126,#127,#128,#129));
#8850=EDGE_LOOP('',(#130,#131,#132,#133));
#8851=EDGE_LOOP('',(#134,#135,#136,#137));
#8852=EDGE_LOOP('',(#138,#139,#140,#141));
#8853=EDGE_LOOP('',(#142,#143,#144,#145));
#8854=EDGE_LOOP('',(#146,#147,#148,#149));
#8855=EDGE_LOOP('',(#150,#151,#152,#153));
#8856=EDGE_LOOP('',(#154,#155,#156,#157));
#8857=EDGE_LOOP('',(#158,#159,#160,#161));
#8858=EDGE_LOOP('',(#162,#163,#164,#165));
#8859=EDGE_LOOP('',(#166,#167,#168,#169));
#8860=EDGE_LOOP('',(#170,#171,#172,#173));
#8861=EDGE_LOOP('',(#174,#175,#176,#177));
#8862=EDGE_LOOP('',(#178,#179,#180,#181));
#8863=EDGE_LOOP('',(#182,#183,#184,#185));
#8864=EDGE_LOOP('',(#186,#187,#188,#189));
#8865=EDGE_LOOP('',(#190,#191,#192,#193));
#8866=EDGE_LOOP('',(#194,#195,#196,#197));
#8867=EDGE_LOOP('',(#198,#199,#200,#201));
#8868=EDGE_LOOP('',(#202,#203,#204,#205));
#8869=EDGE_LOOP('',(#206,#207,#208,#209));
#8870=EDGE_LOOP('',(#210,#211,#212,#213));
#8871=EDGE_LOOP('',(#214,#215,#216,#217));
#8872=EDGE_LOOP('',(#218,#219,#220,#221));
#8873=EDGE_LOOP('',(#222,#223,#224,#225));
#8874=EDGE_LOOP('',(#226,#227,#228,#229));
#8875=EDGE_LOOP('',(#230,#231,#232,#233));
#8876=EDGE_LOOP('',(#234,#235,#236,#237));
#8877=EDGE_LOOP('',(#238,#239,#240,#241));
#8878=EDGE_LOOP('',(#242,#243,#244,#245));
#8879=EDGE_LOOP('',(#246,#247,#248,#249));
#8880=EDGE_LOOP('',(#250,#251,#252,#253));
#8881=EDGE_LOOP('',(#254,#255,#256,#257));
#8882=EDGE_LOOP('',(#258,#259,#260,#261));
#8883=EDGE_LOOP('',(#262,#263,#264,#265,#266,#267));
#8884=EDGE_LOOP('',(#268,#269,#270,#271));
#8885=EDGE_LOOP('',(#272,#273,#274,#275,#276,#277));
#8886=EDGE_LOOP('',(#278));
#8887=EDGE_LOOP('',(#279,#280,#281,#282));
#8888=EDGE_LOOP('',(#283,#284,#285,#286));
#8889=EDGE_LOOP('',(#287,#288,#289,#290,#291,#292));
#8890=EDGE_LOOP('',(#293,#294,#295,#296));
#8891=EDGE_LOOP('',(#297,#298,#299,#300));
#8892=EDGE_LOOP('',(#301,#302,#303,#304));
#8893=EDGE_LOOP('',(#305,#306,#307,#308));
#8894=EDGE_LOOP('',(#309,#310,#311,#312));
#8895=EDGE_LOOP('',(#313,#314,#315,#316));
#8896=EDGE_LOOP('',(#317,#318,#319,#320));
#8897=EDGE_LOOP('',(#321,#322,#323,#324));
#8898=EDGE_LOOP('',(#325,#326,#327,#328));
#8899=EDGE_LOOP('',(#329,#330,#331,#332));
#8900=EDGE_LOOP('',(#333,#334,#335,#336));
#8901=EDGE_LOOP('',(#337,#338,#339,#340));
#8902=EDGE_LOOP('',(#341,#342,#343,#344));
#8903=EDGE_LOOP('',(#345,#346,#347,#348));
#8904=EDGE_LOOP('',(#349,#350,#351,#352));
#8905=EDGE_LOOP('',(#353,#354,#355,#356));
#8906=EDGE_LOOP('',(#357,#358,#359,#360));
#8907=EDGE_LOOP('',(#361,#362,#363,#364));
#8908=EDGE_LOOP('',(#365,#366,#367,#368));
#8909=EDGE_LOOP('',(#369,#370,#371,#372));
#8910=EDGE_LOOP('',(#373,#374,#375,#376));
#8911=EDGE_LOOP('',(#377,#378,#379,#380));
#8912=EDGE_LOOP('',(#381,#382,#383,#384));
#8913=EDGE_LOOP('',(#385,#386,#387,#388));
#8914=EDGE_LOOP('',(#389,#390,#391,#392));
#8915=EDGE_LOOP('',(#393,#394,#395,#396));
#8916=EDGE_LOOP('',(#397,#398,#399,#400));
#8917=EDGE_LOOP('',(#401,#402,#403,#404));
#8918=EDGE_LOOP('',(#405,#406,#407,#408));
#8919=EDGE_LOOP('',(#409,#410,#411,#412));
#8920=EDGE_LOOP('',(#413,#414,#415,#416));
#8921=EDGE_LOOP('',(#417,#418,#419,#420));
#8922=EDGE_LOOP('',(#421,#422,#423,#424));
#8923=EDGE_LOOP('',(#425,#426,#427,#428));
#8924=EDGE_LOOP('',(#429,#430,#431,#432));
#8925=EDGE_LOOP('',(#433,#434,#435,#436));
#8926=EDGE_LOOP('',(#437,#438,#439,#440));
#8927=EDGE_LOOP('',(#441,#442,#443,#444));
#8928=EDGE_LOOP('',(#445,#446,#447,#448));
#8929=EDGE_LOOP('',(#449,#450,#451,#452));
#8930=EDGE_LOOP('',(#453,#454,#455,#456));
#8931=EDGE_LOOP('',(#457,#458,#459,#460));
#8932=EDGE_LOOP('',(#461));
#8933=EDGE_LOOP('',(#462));
#8934=EDGE_LOOP('',(#463,#464,#465,#466));
#8935=EDGE_LOOP('',(#467,#468,#469,#470,#471,#472));
#8936=EDGE_LOOP('',(#473,#474,#475,#476));
#8937=EDGE_LOOP('',(#477,#478,#479,#480,#481,#482,#483,#484));
#8938=EDGE_LOOP('',(#485,#486,#487,#488,#489,#490,#491,#492));
#8939=EDGE_LOOP('',(#493));
#8940=EDGE_LOOP('',(#494));
#8941=EDGE_LOOP('',(#495));
#8942=EDGE_LOOP('',(#496,#497,#498,#499,#500,#501,#502,#503));
#8943=EDGE_LOOP('',(#504,#505,#506,#507));
#8944=EDGE_LOOP('',(#508,#509,#510,#511));
#8945=EDGE_LOOP('',(#512,#513,#514,#515));
#8946=EDGE_LOOP('',(#516,#517,#518,#519));
#8947=EDGE_LOOP('',(#520,#521,#522,#523));
#8948=EDGE_LOOP('',(#524,#525,#526,#527));
#8949=EDGE_LOOP('',(#528,#529,#530,#531));
#8950=EDGE_LOOP('',(#532,#533,#534,#535));
#8951=EDGE_LOOP('',(#536,#537,#538,#539));
#8952=EDGE_LOOP('',(#540,#541,#542,#543));
#8953=EDGE_LOOP('',(#544,#545,#546,#547));
#8954=EDGE_LOOP('',(#548,#549,#550,#551));
#8955=EDGE_LOOP('',(#552,#553,#554,#555));
#8956=EDGE_LOOP('',(#556,#557,#558,#559));
#8957=EDGE_LOOP('',(#560,#561,#562,#563));
#8958=EDGE_LOOP('',(#564,#565,#566,#567));
#8959=EDGE_LOOP('',(#568,#569,#570,#571));
#8960=EDGE_LOOP('',(#572,#573,#574,#575));
#8961=EDGE_LOOP('',(#576,#577,#578,#579));
#8962=EDGE_LOOP('',(#580,#581,#582,#583));
#8963=EDGE_LOOP('',(#584));
#8964=EDGE_LOOP('',(#585));
#8965=EDGE_LOOP('',(#586,#587,#588,#589,#590,#591));
#8966=EDGE_LOOP('',(#592,#593,#594,#595));
#8967=EDGE_LOOP('',(#596,#597,#598,#599));
#8968=EDGE_LOOP('',(#600,#601,#602,#603));
#8969=EDGE_LOOP('',(#604,#605,#606,#607));
#8970=EDGE_LOOP('',(#608,#609,#610,#611));
#8971=EDGE_LOOP('',(#612,#613,#614,#615));
#8972=EDGE_LOOP('',(#616));
#8973=EDGE_LOOP('',(#617));
#8974=EDGE_LOOP('',(#618));
#8975=EDGE_LOOP('',(#619));
#8976=EDGE_LOOP('',(#620));
#8977=EDGE_LOOP('',(#621));
#8978=EDGE_LOOP('',(#622));
#8979=EDGE_LOOP('',(#623));
#8980=EDGE_LOOP('',(#624));
#8981=EDGE_LOOP('',(#625));
#8982=EDGE_LOOP('',(#626));
#8983=EDGE_LOOP('',(#627));
#8984=EDGE_LOOP('',(#628,#629,#630,#631));
#8985=EDGE_LOOP('',(#632,#633,#634,#635));
#8986=EDGE_LOOP('',(#636,#637,#638,#639));
#8987=EDGE_LOOP('',(#640,#641,#642,#643));
#8988=EDGE_LOOP('',(#644,#645,#646,#647,#648,#649,#650,#651));
#8989=EDGE_LOOP('',(#652,#653,#654,#655));
#8990=EDGE_LOOP('',(#656,#657,#658,#659));
#8991=EDGE_LOOP('',(#660,#661,#662,#663));
#8992=EDGE_LOOP('',(#664,#665,#666,#667));
#8993=EDGE_LOOP('',(#668,#669,#670,#671));
#8994=EDGE_LOOP('',(#672,#673,#674,#675));
#8995=EDGE_LOOP('',(#676,#677,#678,#679));
#8996=EDGE_LOOP('',(#680,#681,#682,#683));
#8997=EDGE_LOOP('',(#684,#685,#686,#687));
#8998=EDGE_LOOP('',(#688,#689,#690,#691));
#8999=EDGE_LOOP('',(#692,#693,#694,#695));
#9000=EDGE_LOOP('',(#696,#697,#698,#699));
#9001=EDGE_LOOP('',(#700,#701,#702,#703));
#9002=EDGE_LOOP('',(#704,#705,#706,#707));
#9003=EDGE_LOOP('',(#708,#709,#710,#711));
#9004=EDGE_LOOP('',(#712,#713,#714,#715));
#9005=EDGE_LOOP('',(#716,#717,#718,#719));
#9006=EDGE_LOOP('',(#720,#721,#722,#723));
#9007=EDGE_LOOP('',(#724,#725,#726,#727));
#9008=EDGE_LOOP('',(#728,#729,#730,#731));
#9009=EDGE_LOOP('',(#732,#733,#734,#735));
#9010=EDGE_LOOP('',(#736,#737,#738,#739));
#9011=EDGE_LOOP('',(#740,#741,#742,#743));
#9012=EDGE_LOOP('',(#744,#745,#746,#747));
#9013=EDGE_LOOP('',(#748,#749,#750,#751));
#9014=EDGE_LOOP('',(#752,#753,#754,#755));
#9015=EDGE_LOOP('',(#756,#757,#758,#759));
#9016=EDGE_LOOP('',(#760,#761,#762,#763));
#9017=EDGE_LOOP('',(#764,#765,#766,#767));
#9018=EDGE_LOOP('',(#768,#769,#770,#771));
#9019=EDGE_LOOP('',(#772,#773,#774,#775));
#9020=EDGE_LOOP('',(#776,#777,#778,#779));
#9021=EDGE_LOOP('',(#780,#781,#782,#783));
#9022=EDGE_LOOP('',(#784,#785,#786,#787));
#9023=EDGE_LOOP('',(#788,#789,#790,#791));
#9024=EDGE_LOOP('',(#792,#793,#794,#795));
#9025=EDGE_LOOP('',(#796,#797,#798,#799));
#9026=EDGE_LOOP('',(#800,#801,#802,#803));
#9027=EDGE_LOOP('',(#804,#805,#806,#807));
#9028=EDGE_LOOP('',(#808,#809,#810,#811));
#9029=EDGE_LOOP('',(#812,#813,#814,#815));
#9030=EDGE_LOOP('',(#816,#817,#818,#819));
#9031=EDGE_LOOP('',(#820,#821,#822,#823));
#9032=EDGE_LOOP('',(#824,#825,#826,#827));
#9033=EDGE_LOOP('',(#828,#829,#830,#831));
#9034=EDGE_LOOP('',(#832,#833,#834,#835));
#9035=EDGE_LOOP('',(#836,#837,#838,#839));
#9036=EDGE_LOOP('',(#840,#841,#842,#843));
#9037=EDGE_LOOP('',(#844,#845,#846,#847));
#9038=EDGE_LOOP('',(#848,#849,#850,#851));
#9039=EDGE_LOOP('',(#852,#853,#854,#855));
#9040=EDGE_LOOP('',(#856,#857,#858,#859));
#9041=EDGE_LOOP('',(#860,#861,#862,#863));
#9042=EDGE_LOOP('',(#864,#865,#866,#867));
#9043=EDGE_LOOP('',(#868,#869,#870,#871));
#9044=EDGE_LOOP('',(#872,#873,#874,#875));
#9045=EDGE_LOOP('',(#876,#877,#878,#879));
#9046=EDGE_LOOP('',(#880,#881,#882,#883));
#9047=EDGE_LOOP('',(#884,#885,#886,#887));
#9048=EDGE_LOOP('',(#888,#889,#890,#891));
#9049=EDGE_LOOP('',(#892,#893,#894,#895));
#9050=EDGE_LOOP('',(#896,#897,#898,#899));
#9051=EDGE_LOOP('',(#900,#901,#902,#903));
#9052=EDGE_LOOP('',(#904,#905,#906,#907));
#9053=EDGE_LOOP('',(#908,#909,#910,#911));
#9054=EDGE_LOOP('',(#912,#913,#914,#915));
#9055=EDGE_LOOP('',(#916,#917,#918,#919));
#9056=EDGE_LOOP('',(#920,#921,#922,#923));
#9057=EDGE_LOOP('',(#924,#925,#926,#927));
#9058=EDGE_LOOP('',(#928,#929,#930,#931));
#9059=EDGE_LOOP('',(#932,#933,#934,#935));
#9060=EDGE_LOOP('',(#936,#937,#938,#939));
#9061=EDGE_LOOP('',(#940,#941,#942,#943));
#9062=EDGE_LOOP('',(#944,#945,#946,#947));
#9063=EDGE_LOOP('',(#948,#949,#950,#951));
#9064=EDGE_LOOP('',(#952,#953,#954,#955));
#9065=EDGE_LOOP('',(#956,#957,#958,#959));
#9066=EDGE_LOOP('',(#960,#961,#962,#963));
#9067=EDGE_LOOP('',(#964,#965,#966,#967));
#9068=EDGE_LOOP('',(#968,#969,#970,#971));
#9069=EDGE_LOOP('',(#972,#973,#974,#975));
#9070=EDGE_LOOP('',(#976,#977,#978,#979));
#9071=EDGE_LOOP('',(#980,#981,#982,#983));
#9072=EDGE_LOOP('',(#984,#985,#986,#987));
#9073=EDGE_LOOP('',(#988,#989,#990,#991));
#9074=EDGE_LOOP('',(#992,#993,#994,#995));
#9075=EDGE_LOOP('',(#996,#997,#998,#999));
#9076=EDGE_LOOP('',(#1000,#1001,#1002,#1003));
#9077=EDGE_LOOP('',(#1004,#1005,#1006,#1007));
#9078=EDGE_LOOP('',(#1008,#1009,#1010,#1011));
#9079=EDGE_LOOP('',(#1012,#1013,#1014,#1015));
#9080=EDGE_LOOP('',(#1016,#1017,#1018,#1019));
#9081=EDGE_LOOP('',(#1020,#1021,#1022,#1023));
#9082=EDGE_LOOP('',(#1024,#1025,#1026,#1027));
#9083=EDGE_LOOP('',(#1028,#1029,#1030,#1031));
#9084=EDGE_LOOP('',(#1032,#1033,#1034,#1035));
#9085=EDGE_LOOP('',(#1036,#1037,#1038,#1039));
#9086=EDGE_LOOP('',(#1040,#1041,#1042,#1043));
#9087=EDGE_LOOP('',(#1044,#1045,#1046,#1047));
#9088=EDGE_LOOP('',(#1048,#1049,#1050,#1051));
#9089=EDGE_LOOP('',(#1052,#1053,#1054,#1055));
#9090=EDGE_LOOP('',(#1056,#1057,#1058,#1059));
#9091=EDGE_LOOP('',(#1060,#1061,#1062,#1063));
#9092=EDGE_LOOP('',(#1064,#1065,#1066,#1067));
#9093=EDGE_LOOP('',(#1068,#1069,#1070,#1071));
#9094=EDGE_LOOP('',(#1072,#1073,#1074,#1075));
#9095=EDGE_LOOP('',(#1076,#1077,#1078,#1079));
#9096=EDGE_LOOP('',(#1080,#1081,#1082,#1083));
#9097=EDGE_LOOP('',(#1084,#1085,#1086,#1087));
#9098=EDGE_LOOP('',(#1088,#1089,#1090,#1091));
#9099=EDGE_LOOP('',(#1092,#1093,#1094,#1095));
#9100=EDGE_LOOP('',(#1096,#1097,#1098,#1099));
#9101=EDGE_LOOP('',(#1100,#1101,#1102,#1103));
#9102=EDGE_LOOP('',(#1104,#1105,#1106,#1107));
#9103=EDGE_LOOP('',(#1108,#1109,#1110,#1111));
#9104=EDGE_LOOP('',(#1112,#1113,#1114,#1115));
#9105=EDGE_LOOP('',(#1116,#1117,#1118,#1119));
#9106=EDGE_LOOP('',(#1120,#1121,#1122,#1123));
#9107=EDGE_LOOP('',(#1124,#1125,#1126,#1127));
#9108=EDGE_LOOP('',(#1128,#1129,#1130,#1131));
#9109=EDGE_LOOP('',(#1132,#1133,#1134,#1135));
#9110=EDGE_LOOP('',(#1136,#1137,#1138,#1139));
#9111=EDGE_LOOP('',(#1140,#1141,#1142,#1143));
#9112=EDGE_LOOP('',(#1144,#1145,#1146,#1147));
#9113=EDGE_LOOP('',(#1148,#1149,#1150,#1151));
#9114=EDGE_LOOP('',(#1152,#1153,#1154,#1155));
#9115=EDGE_LOOP('',(#1156,#1157,#1158,#1159));
#9116=EDGE_LOOP('',(#1160,#1161,#1162,#1163));
#9117=EDGE_LOOP('',(#1164,#1165,#1166,#1167));
#9118=EDGE_LOOP('',(#1168,#1169,#1170,#1171));
#9119=EDGE_LOOP('',(#1172,#1173,#1174,#1175));
#9120=EDGE_LOOP('',(#1176,#1177,#1178,#1179));
#9121=EDGE_LOOP('',(#1180,#1181,#1182,#1183));
#9122=EDGE_LOOP('',(#1184,#1185,#1186,#1187));
#9123=EDGE_LOOP('',(#1188,#1189,#1190,#1191));
#9124=EDGE_LOOP('',(#1192,#1193,#1194,#1195));
#9125=EDGE_LOOP('',(#1196,#1197,#1198,#1199));
#9126=EDGE_LOOP('',(#1200,#1201,#1202,#1203));
#9127=EDGE_LOOP('',(#1204,#1205,#1206,#1207));
#9128=EDGE_LOOP('',(#1208,#1209,#1210,#1211));
#9129=EDGE_LOOP('',(#1212,#1213,#1214,#1215));
#9130=EDGE_LOOP('',(#1216,#1217,#1218,#1219));
#9131=EDGE_LOOP('',(#1220,#1221,#1222,#1223));
#9132=EDGE_LOOP('',(#1224,#1225,#1226,#1227));
#9133=EDGE_LOOP('',(#1228,#1229,#1230,#1231));
#9134=EDGE_LOOP('',(#1232,#1233,#1234,#1235));
#9135=EDGE_LOOP('',(#1236,#1237,#1238,#1239));
#9136=EDGE_LOOP('',(#1240,#1241,#1242,#1243));
#9137=EDGE_LOOP('',(#1244,#1245,#1246,#1247));
#9138=EDGE_LOOP('',(#1248,#1249,#1250,#1251));
#9139=EDGE_LOOP('',(#1252,#1253,#1254,#1255));
#9140=EDGE_LOOP('',(#1256,#1257,#1258,#1259));
#9141=EDGE_LOOP('',(#1260,#1261,#1262,#1263));
#9142=EDGE_LOOP('',(#1264,#1265,#1266,#1267));
#9143=EDGE_LOOP('',(#1268,#1269,#1270,#1271));
#9144=EDGE_LOOP('',(#1272,#1273,#1274,#1275));
#9145=EDGE_LOOP('',(#1276,#1277,#1278,#1279));
#9146=EDGE_LOOP('',(#1280,#1281,#1282,#1283));
#9147=EDGE_LOOP('',(#1284,#1285,#1286,#1287));
#9148=EDGE_LOOP('',(#1288,#1289,#1290,#1291));
#9149=EDGE_LOOP('',(#1292,#1293,#1294,#1295));
#9150=EDGE_LOOP('',(#1296,#1297,#1298,#1299));
#9151=EDGE_LOOP('',(#1300,#1301,#1302,#1303));
#9152=EDGE_LOOP('',(#1304,#1305,#1306,#1307));
#9153=EDGE_LOOP('',(#1308,#1309,#1310,#1311));
#9154=EDGE_LOOP('',(#1312,#1313,#1314,#1315));
#9155=EDGE_LOOP('',(#1316,#1317,#1318,#1319));
#9156=EDGE_LOOP('',(#1320,#1321,#1322,#1323));
#9157=EDGE_LOOP('',(#1324,#1325,#1326,#1327));
#9158=EDGE_LOOP('',(#1328,#1329,#1330,#1331));
#9159=EDGE_LOOP('',(#1332,#1333,#1334,#1335));
#9160=EDGE_LOOP('',(#1336,#1337,#1338,#1339));
#9161=EDGE_LOOP('',(#1340,#1341,#1342,#1343));
#9162=EDGE_LOOP('',(#1344,#1345,#1346,#1347));
#9163=EDGE_LOOP('',(#1348,#1349,#1350,#1351));
#9164=EDGE_LOOP('',(#1352,#1353,#1354,#1355));
#9165=EDGE_LOOP('',(#1356,#1357,#1358,#1359));
#9166=EDGE_LOOP('',(#1360,#1361,#1362,#1363));
#9167=EDGE_LOOP('',(#1364,#1365,#1366,#1367));
#9168=EDGE_LOOP('',(#1368,#1369,#1370,#1371));
#9169=EDGE_LOOP('',(#1372,#1373,#1374,#1375));
#9170=EDGE_LOOP('',(#1376,#1377,#1378,#1379));
#9171=EDGE_LOOP('',(#1380,#1381,#1382,#1383));
#9172=EDGE_LOOP('',(#1384,#1385,#1386,#1387));
#9173=EDGE_LOOP('',(#1388,#1389,#1390,#1391));
#9174=EDGE_LOOP('',(#1392,#1393,#1394,#1395));
#9175=EDGE_LOOP('',(#1396,#1397,#1398,#1399));
#9176=EDGE_LOOP('',(#1400,#1401,#1402,#1403));
#9177=EDGE_LOOP('',(#1404,#1405,#1406,#1407));
#9178=EDGE_LOOP('',(#1408,#1409,#1410,#1411));
#9179=EDGE_LOOP('',(#1412,#1413,#1414,#1415));
#9180=EDGE_LOOP('',(#1416,#1417,#1418,#1419));
#9181=EDGE_LOOP('',(#1420,#1421,#1422,#1423));
#9182=EDGE_LOOP('',(#1424,#1425,#1426,#1427));
#9183=EDGE_LOOP('',(#1428,#1429,#1430,#1431));
#9184=EDGE_LOOP('',(#1432,#1433,#1434,#1435));
#9185=EDGE_LOOP('',(#1436,#1437,#1438,#1439));
#9186=EDGE_LOOP('',(#1440,#1441,#1442,#1443));
#9187=EDGE_LOOP('',(#1444,#1445,#1446,#1447));
#9188=EDGE_LOOP('',(#1448,#1449,#1450,#1451));
#9189=EDGE_LOOP('',(#1452,#1453,#1454,#1455));
#9190=EDGE_LOOP('',(#1456,#1457,#1458,#1459));
#9191=EDGE_LOOP('',(#1460,#1461,#1462,#1463));
#9192=EDGE_LOOP('',(#1464,#1465,#1466,#1467));
#9193=EDGE_LOOP('',(#1468,#1469,#1470,#1471));
#9194=EDGE_LOOP('',(#1472,#1473,#1474,#1475));
#9195=EDGE_LOOP('',(#1476,#1477,#1478,#1479));
#9196=EDGE_LOOP('',(#1480,#1481,#1482,#1483));
#9197=EDGE_LOOP('',(#1484,#1485,#1486,#1487));
#9198=EDGE_LOOP('',(#1488,#1489,#1490,#1491));
#9199=EDGE_LOOP('',(#1492,#1493,#1494,#1495));
#9200=EDGE_LOOP('',(#1496,#1497,#1498,#1499));
#9201=EDGE_LOOP('',(#1500,#1501,#1502,#1503));
#9202=EDGE_LOOP('',(#1504,#1505,#1506,#1507));
#9203=EDGE_LOOP('',(#1508,#1509,#1510,#1511));
#9204=EDGE_LOOP('',(#1512,#1513,#1514,#1515));
#9205=EDGE_LOOP('',(#1516,#1517,#1518,#1519));
#9206=EDGE_LOOP('',(#1520));
#9207=EDGE_LOOP('',(#1521));
#9208=EDGE_LOOP('',(#1522));
#9209=EDGE_LOOP('',(#1523));
#9210=EDGE_LOOP('',(#1524));
#9211=EDGE_LOOP('',(#1525));
#9212=EDGE_LOOP('',(#1526));
#9213=EDGE_LOOP('',(#1527));
#9214=EDGE_LOOP('',(#1528));
#9215=EDGE_LOOP('',(#1529,#1530,#1531,#1532));
#9216=EDGE_LOOP('',(#1533,#1534,#1535,#1536));
#9217=EDGE_LOOP('',(#1537,#1538,#1539,#1540));
#9218=EDGE_LOOP('',(#1541,#1542,#1543,#1544));
#9219=EDGE_LOOP('',(#1545,#1546,#1547,#1548));
#9220=EDGE_LOOP('',(#1549,#1550,#1551,#1552));
#9221=EDGE_LOOP('',(#1553,#1554,#1555,#1556));
#9222=EDGE_LOOP('',(#1557,#1558,#1559,#1560));
#9223=EDGE_LOOP('',(#1561,#1562,#1563,#1564));
#9224=EDGE_LOOP('',(#1565,#1566,#1567,#1568,#1569,#1570));
#9225=EDGE_LOOP('',(#1571,#1572,#1573,#1574));
#9226=EDGE_LOOP('',(#1575,#1576,#1577,#1578));
#9227=EDGE_LOOP('',(#1579,#1580,#1581,#1582));
#9228=EDGE_LOOP('',(#1583,#1584,#1585,#1586));
#9229=EDGE_LOOP('',(#1587,#1588,#1589,#1590));
#9230=EDGE_LOOP('',(#1591,#1592,#1593,#1594));
#9231=EDGE_LOOP('',(#1595));
#9232=EDGE_LOOP('',(#1596,#1597,#1598,#1599));
#9233=EDGE_LOOP('',(#1600));
#9234=EDGE_LOOP('',(#1601));
#9235=EDGE_LOOP('',(#1602));
#9236=EDGE_LOOP('',(#1603));
#9237=EDGE_LOOP('',(#1604));
#9238=EDGE_LOOP('',(#1605));
#9239=EDGE_LOOP('',(#1606));
#9240=EDGE_LOOP('',(#1607));
#9241=EDGE_LOOP('',(#1608));
#9242=EDGE_LOOP('',(#1609));
#9243=EDGE_LOOP('',(#1610,#1611,#1612,#1613));
#9244=EDGE_LOOP('',(#1614,#1615,#1616,#1617));
#9245=EDGE_LOOP('',(#1618,#1619,#1620,#1621));
#9246=EDGE_LOOP('',(#1622,#1623,#1624,#1625));
#9247=EDGE_LOOP('',(#1626,#1627,#1628,#1629,#1630,#1631,#1632,#1633,#1634,
#1635,#1636,#1637));
#9248=EDGE_LOOP('',(#1638,#1639,#1640,#1641));
#9249=EDGE_LOOP('',(#1642,#1643,#1644,#1645));
#9250=EDGE_LOOP('',(#1646,#1647,#1648,#1649));
#9251=EDGE_LOOP('',(#1650,#1651,#1652,#1653));
#9252=EDGE_LOOP('',(#1654,#1655,#1656,#1657,#1658,#1659,#1660,#1661,#1662,
#1663,#1664,#1665));
#9253=EDGE_LOOP('',(#1666,#1667,#1668,#1669));
#9254=EDGE_LOOP('',(#1670,#1671,#1672,#1673));
#9255=EDGE_LOOP('',(#1674,#1675,#1676,#1677));
#9256=EDGE_LOOP('',(#1678,#1679,#1680,#1681));
#9257=EDGE_LOOP('',(#1682,#1683,#1684,#1685));
#9258=EDGE_LOOP('',(#1686,#1687,#1688,#1689));
#9259=EDGE_LOOP('',(#1690,#1691,#1692,#1693,#1694));
#9260=EDGE_LOOP('',(#1695,#1696,#1697,#1698,#1699));
#9261=EDGE_LOOP('',(#1700,#1701,#1702,#1703));
#9262=EDGE_LOOP('',(#1704,#1705,#1706,#1707));
#9263=EDGE_LOOP('',(#1708,#1709,#1710,#1711));
#9264=EDGE_LOOP('',(#1712,#1713,#1714,#1715));
#9265=EDGE_LOOP('',(#1716,#1717,#1718,#1719));
#9266=EDGE_LOOP('',(#1720,#1721,#1722,#1723));
#9267=EDGE_LOOP('',(#1724,#1725,#1726,#1727,#1728));
#9268=EDGE_LOOP('',(#1729,#1730,#1731,#1732,#1733));
#9269=EDGE_LOOP('',(#1734,#1735,#1736,#1737));
#9270=EDGE_LOOP('',(#1738,#1739,#1740,#1741));
#9271=EDGE_LOOP('',(#1742,#1743,#1744,#1745));
#9272=EDGE_LOOP('',(#1746,#1747,#1748,#1749));
#9273=EDGE_LOOP('',(#1750,#1751,#1752,#1753));
#9274=EDGE_LOOP('',(#1754,#1755,#1756,#1757));
#9275=EDGE_LOOP('',(#1758,#1759,#1760,#1761));
#9276=EDGE_LOOP('',(#1762,#1763,#1764,#1765));
#9277=EDGE_LOOP('',(#1766,#1767,#1768,#1769));
#9278=EDGE_LOOP('',(#1770,#1771,#1772,#1773));
#9279=EDGE_LOOP('',(#1774,#1775,#1776,#1777));
#9280=EDGE_LOOP('',(#1778,#1779,#1780,#1781));
#9281=EDGE_LOOP('',(#1782,#1783,#1784,#1785));
#9282=EDGE_LOOP('',(#1786,#1787,#1788,#1789));
#9283=EDGE_LOOP('',(#1790,#1791,#1792,#1793));
#9284=EDGE_LOOP('',(#1794,#1795,#1796,#1797));
#9285=EDGE_LOOP('',(#1798,#1799,#1800,#1801));
#9286=EDGE_LOOP('',(#1802,#1803,#1804,#1805));
#9287=EDGE_LOOP('',(#1806,#1807,#1808,#1809));
#9288=EDGE_LOOP('',(#1810,#1811,#1812,#1813));
#9289=EDGE_LOOP('',(#1814,#1815,#1816,#1817));
#9290=EDGE_LOOP('',(#1818,#1819,#1820,#1821));
#9291=EDGE_LOOP('',(#1822,#1823,#1824,#1825));
#9292=EDGE_LOOP('',(#1826,#1827,#1828,#1829));
#9293=EDGE_LOOP('',(#1830,#1831,#1832,#1833));
#9294=EDGE_LOOP('',(#1834,#1835,#1836,#1837));
#9295=EDGE_LOOP('',(#1838,#1839,#1840,#1841));
#9296=EDGE_LOOP('',(#1842,#1843,#1844,#1845));
#9297=EDGE_LOOP('',(#1846,#1847,#1848,#1849));
#9298=EDGE_LOOP('',(#1850,#1851,#1852,#1853));
#9299=EDGE_LOOP('',(#1854,#1855,#1856,#1857));
#9300=EDGE_LOOP('',(#1858,#1859,#1860,#1861));
#9301=EDGE_LOOP('',(#1862,#1863,#1864,#1865));
#9302=EDGE_LOOP('',(#1866,#1867,#1868,#1869));
#9303=EDGE_LOOP('',(#1870,#1871,#1872,#1873,#1874,#1875,#1876,#1877));
#9304=EDGE_LOOP('',(#1878,#1879,#1880,#1881));
#9305=EDGE_LOOP('',(#1882,#1883,#1884,#1885));
#9306=EDGE_LOOP('',(#1886,#1887,#1888,#1889));
#9307=EDGE_LOOP('',(#1890,#1891,#1892,#1893));
#9308=EDGE_LOOP('',(#1894,#1895,#1896,#1897));
#9309=EDGE_LOOP('',(#1898,#1899,#1900,#1901));
#9310=EDGE_LOOP('',(#1902,#1903,#1904,#1905));
#9311=EDGE_LOOP('',(#1906,#1907,#1908,#1909));
#9312=EDGE_LOOP('',(#1910,#1911,#1912,#1913));
#9313=EDGE_LOOP('',(#1914,#1915,#1916,#1917));
#9314=EDGE_LOOP('',(#1918,#1919,#1920,#1921));
#9315=EDGE_LOOP('',(#1922,#1923,#1924,#1925));
#9316=EDGE_LOOP('',(#1926,#1927,#1928,#1929));
#9317=EDGE_LOOP('',(#1930,#1931,#1932,#1933));
#9318=EDGE_LOOP('',(#1934,#1935,#1936,#1937));
#9319=EDGE_LOOP('',(#1938,#1939,#1940,#1941));
#9320=EDGE_LOOP('',(#1942,#1943,#1944,#1945));
#9321=EDGE_LOOP('',(#1946,#1947,#1948,#1949));
#9322=EDGE_LOOP('',(#1950,#1951,#1952,#1953));
#9323=EDGE_LOOP('',(#1954,#1955,#1956,#1957));
#9324=EDGE_LOOP('',(#1958,#1959,#1960,#1961));
#9325=EDGE_LOOP('',(#1962,#1963,#1964,#1965));
#9326=EDGE_LOOP('',(#1966,#1967,#1968,#1969));
#9327=EDGE_LOOP('',(#1970,#1971,#1972,#1973));
#9328=EDGE_LOOP('',(#1974,#1975,#1976,#1977));
#9329=EDGE_LOOP('',(#1978,#1979,#1980,#1981));
#9330=EDGE_LOOP('',(#1982,#1983,#1984,#1985));
#9331=EDGE_LOOP('',(#1986,#1987,#1988,#1989));
#9332=EDGE_LOOP('',(#1990,#1991,#1992,#1993));
#9333=EDGE_LOOP('',(#1994,#1995,#1996,#1997));
#9334=EDGE_LOOP('',(#1998,#1999,#2000,#2001));
#9335=EDGE_LOOP('',(#2002,#2003,#2004,#2005));
#9336=EDGE_LOOP('',(#2006,#2007,#2008,#2009));
#9337=EDGE_LOOP('',(#2010,#2011,#2012,#2013));
#9338=EDGE_LOOP('',(#2014,#2015,#2016,#2017));
#9339=EDGE_LOOP('',(#2018,#2019,#2020,#2021));
#9340=EDGE_LOOP('',(#2022,#2023,#2024,#2025));
#9341=EDGE_LOOP('',(#2026,#2027,#2028,#2029));
#9342=EDGE_LOOP('',(#2030,#2031,#2032,#2033));
#9343=EDGE_LOOP('',(#2034,#2035,#2036,#2037));
#9344=EDGE_LOOP('',(#2038,#2039,#2040,#2041));
#9345=EDGE_LOOP('',(#2042,#2043,#2044,#2045));
#9346=EDGE_LOOP('',(#2046,#2047,#2048,#2049));
#9347=EDGE_LOOP('',(#2050,#2051,#2052,#2053));
#9348=EDGE_LOOP('',(#2054,#2055,#2056,#2057));
#9349=EDGE_LOOP('',(#2058,#2059,#2060,#2061));
#9350=EDGE_LOOP('',(#2062,#2063,#2064,#2065));
#9351=EDGE_LOOP('',(#2066,#2067,#2068,#2069));
#9352=EDGE_LOOP('',(#2070,#2071,#2072,#2073));
#9353=EDGE_LOOP('',(#2074,#2075,#2076,#2077));
#9354=EDGE_LOOP('',(#2078,#2079,#2080,#2081));
#9355=EDGE_LOOP('',(#2082,#2083,#2084,#2085));
#9356=EDGE_LOOP('',(#2086,#2087,#2088,#2089));
#9357=EDGE_LOOP('',(#2090,#2091,#2092,#2093));
#9358=EDGE_LOOP('',(#2094,#2095,#2096,#2097));
#9359=EDGE_LOOP('',(#2098,#2099,#2100,#2101));
#9360=EDGE_LOOP('',(#2102,#2103,#2104,#2105));
#9361=EDGE_LOOP('',(#2106,#2107,#2108,#2109));
#9362=EDGE_LOOP('',(#2110,#2111,#2112,#2113));
#9363=EDGE_LOOP('',(#2114,#2115,#2116,#2117));
#9364=EDGE_LOOP('',(#2118,#2119,#2120,#2121));
#9365=EDGE_LOOP('',(#2122,#2123,#2124,#2125));
#9366=EDGE_LOOP('',(#2126,#2127,#2128,#2129));
#9367=EDGE_LOOP('',(#2130,#2131,#2132,#2133));
#9368=EDGE_LOOP('',(#2134,#2135,#2136,#2137));
#9369=EDGE_LOOP('',(#2138,#2139,#2140,#2141));
#9370=EDGE_LOOP('',(#2142,#2143,#2144,#2145));
#9371=EDGE_LOOP('',(#2146,#2147,#2148,#2149));
#9372=EDGE_LOOP('',(#2150,#2151,#2152,#2153));
#9373=EDGE_LOOP('',(#2154,#2155,#2156,#2157));
#9374=EDGE_LOOP('',(#2158,#2159,#2160,#2161));
#9375=EDGE_LOOP('',(#2162,#2163,#2164,#2165));
#9376=EDGE_LOOP('',(#2166,#2167,#2168,#2169));
#9377=EDGE_LOOP('',(#2170,#2171,#2172,#2173));
#9378=EDGE_LOOP('',(#2174,#2175,#2176,#2177));
#9379=EDGE_LOOP('',(#2178,#2179,#2180,#2181));
#9380=EDGE_LOOP('',(#2182,#2183,#2184,#2185));
#9381=EDGE_LOOP('',(#2186,#2187,#2188,#2189));
#9382=EDGE_LOOP('',(#2190,#2191,#2192,#2193));
#9383=EDGE_LOOP('',(#2194,#2195,#2196,#2197));
#9384=EDGE_LOOP('',(#2198,#2199,#2200,#2201));
#9385=EDGE_LOOP('',(#2202,#2203,#2204,#2205));
#9386=EDGE_LOOP('',(#2206,#2207,#2208,#2209));
#9387=EDGE_LOOP('',(#2210,#2211,#2212,#2213));
#9388=EDGE_LOOP('',(#2214,#2215,#2216,#2217));
#9389=EDGE_LOOP('',(#2218,#2219,#2220,#2221));
#9390=EDGE_LOOP('',(#2222,#2223,#2224,#2225));
#9391=EDGE_LOOP('',(#2226,#2227,#2228,#2229));
#9392=EDGE_LOOP('',(#2230,#2231,#2232,#2233));
#9393=EDGE_LOOP('',(#2234,#2235,#2236,#2237));
#9394=EDGE_LOOP('',(#2238,#2239,#2240,#2241));
#9395=EDGE_LOOP('',(#2242,#2243,#2244,#2245));
#9396=EDGE_LOOP('',(#2246,#2247,#2248,#2249));
#9397=EDGE_LOOP('',(#2250,#2251,#2252,#2253));
#9398=EDGE_LOOP('',(#2254,#2255,#2256,#2257));
#9399=EDGE_LOOP('',(#2258,#2259,#2260,#2261));
#9400=EDGE_LOOP('',(#2262,#2263,#2264,#2265));
#9401=EDGE_LOOP('',(#2266,#2267,#2268,#2269));
#9402=EDGE_LOOP('',(#2270,#2271,#2272,#2273));
#9403=EDGE_LOOP('',(#2274,#2275,#2276,#2277));
#9404=EDGE_LOOP('',(#2278,#2279,#2280,#2281));
#9405=EDGE_LOOP('',(#2282,#2283,#2284,#2285));
#9406=EDGE_LOOP('',(#2286,#2287,#2288,#2289));
#9407=EDGE_LOOP('',(#2290,#2291,#2292,#2293));
#9408=EDGE_LOOP('',(#2294,#2295,#2296,#2297));
#9409=EDGE_LOOP('',(#2298,#2299,#2300,#2301));
#9410=EDGE_LOOP('',(#2302,#2303,#2304,#2305));
#9411=EDGE_LOOP('',(#2306,#2307,#2308,#2309));
#9412=EDGE_LOOP('',(#2310,#2311,#2312,#2313));
#9413=EDGE_LOOP('',(#2314,#2315,#2316,#2317));
#9414=EDGE_LOOP('',(#2318,#2319,#2320,#2321));
#9415=EDGE_LOOP('',(#2322,#2323,#2324,#2325));
#9416=EDGE_LOOP('',(#2326,#2327,#2328,#2329));
#9417=EDGE_LOOP('',(#2330,#2331,#2332,#2333));
#9418=EDGE_LOOP('',(#2334,#2335,#2336,#2337));
#9419=EDGE_LOOP('',(#2338,#2339,#2340,#2341));
#9420=EDGE_LOOP('',(#2342,#2343,#2344,#2345));
#9421=EDGE_LOOP('',(#2346,#2347,#2348,#2349));
#9422=EDGE_LOOP('',(#2350,#2351,#2352,#2353));
#9423=EDGE_LOOP('',(#2354,#2355,#2356,#2357));
#9424=EDGE_LOOP('',(#2358,#2359,#2360,#2361));
#9425=EDGE_LOOP('',(#2362,#2363,#2364,#2365));
#9426=EDGE_LOOP('',(#2366,#2367,#2368,#2369));
#9427=EDGE_LOOP('',(#2370,#2371,#2372,#2373));
#9428=EDGE_LOOP('',(#2374,#2375,#2376,#2377));
#9429=EDGE_LOOP('',(#2378,#2379,#2380,#2381));
#9430=EDGE_LOOP('',(#2382,#2383,#2384,#2385));
#9431=EDGE_LOOP('',(#2386,#2387,#2388,#2389));
#9432=EDGE_LOOP('',(#2390,#2391,#2392,#2393));
#9433=EDGE_LOOP('',(#2394,#2395,#2396,#2397));
#9434=EDGE_LOOP('',(#2398,#2399,#2400,#2401));
#9435=EDGE_LOOP('',(#2402,#2403,#2404,#2405));
#9436=EDGE_LOOP('',(#2406,#2407,#2408,#2409));
#9437=EDGE_LOOP('',(#2410,#2411,#2412,#2413));
#9438=EDGE_LOOP('',(#2414,#2415,#2416,#2417));
#9439=EDGE_LOOP('',(#2418,#2419,#2420,#2421));
#9440=EDGE_LOOP('',(#2422,#2423,#2424,#2425));
#9441=EDGE_LOOP('',(#2426,#2427,#2428,#2429));
#9442=EDGE_LOOP('',(#2430,#2431,#2432,#2433));
#9443=EDGE_LOOP('',(#2434,#2435,#2436,#2437));
#9444=EDGE_LOOP('',(#2438,#2439,#2440,#2441));
#9445=EDGE_LOOP('',(#2442,#2443,#2444,#2445));
#9446=EDGE_LOOP('',(#2446,#2447,#2448,#2449));
#9447=EDGE_LOOP('',(#2450,#2451,#2452,#2453));
#9448=EDGE_LOOP('',(#2454,#2455,#2456,#2457));
#9449=EDGE_LOOP('',(#2458,#2459,#2460,#2461));
#9450=EDGE_LOOP('',(#2462,#2463,#2464,#2465));
#9451=EDGE_LOOP('',(#2466,#2467,#2468,#2469));
#9452=EDGE_LOOP('',(#2470,#2471,#2472,#2473));
#9453=EDGE_LOOP('',(#2474,#2475,#2476,#2477));
#9454=EDGE_LOOP('',(#2478,#2479,#2480,#2481));
#9455=EDGE_LOOP('',(#2482,#2483,#2484,#2485));
#9456=EDGE_LOOP('',(#2486,#2487,#2488,#2489));
#9457=EDGE_LOOP('',(#2490,#2491,#2492,#2493));
#9458=EDGE_LOOP('',(#2494,#2495,#2496,#2497));
#9459=EDGE_LOOP('',(#2498,#2499,#2500,#2501));
#9460=EDGE_LOOP('',(#2502,#2503,#2504,#2505));
#9461=EDGE_LOOP('',(#2506,#2507,#2508,#2509));
#9462=EDGE_LOOP('',(#2510,#2511,#2512,#2513));
#9463=EDGE_LOOP('',(#2514,#2515,#2516,#2517));
#9464=EDGE_LOOP('',(#2518,#2519,#2520,#2521));
#9465=EDGE_LOOP('',(#2522,#2523,#2524,#2525));
#9466=EDGE_LOOP('',(#2526,#2527,#2528,#2529));
#9467=EDGE_LOOP('',(#2530,#2531,#2532,#2533));
#9468=EDGE_LOOP('',(#2534,#2535,#2536,#2537));
#9469=EDGE_LOOP('',(#2538,#2539,#2540,#2541));
#9470=EDGE_LOOP('',(#2542,#2543,#2544,#2545));
#9471=EDGE_LOOP('',(#2546,#2547,#2548,#2549));
#9472=EDGE_LOOP('',(#2550,#2551,#2552,#2553));
#9473=EDGE_LOOP('',(#2554,#2555,#2556,#2557));
#9474=EDGE_LOOP('',(#2558,#2559,#2560,#2561));
#9475=EDGE_LOOP('',(#2562,#2563,#2564,#2565));
#9476=EDGE_LOOP('',(#2566,#2567,#2568,#2569));
#9477=EDGE_LOOP('',(#2570,#2571,#2572,#2573));
#9478=EDGE_LOOP('',(#2574,#2575,#2576,#2577));
#9479=EDGE_LOOP('',(#2578,#2579,#2580,#2581));
#9480=EDGE_LOOP('',(#2582,#2583,#2584,#2585));
#9481=EDGE_LOOP('',(#2586,#2587,#2588,#2589));
#9482=EDGE_LOOP('',(#2590,#2591,#2592,#2593));
#9483=EDGE_LOOP('',(#2594,#2595,#2596,#2597));
#9484=EDGE_LOOP('',(#2598,#2599,#2600,#2601));
#9485=EDGE_LOOP('',(#2602,#2603,#2604,#2605));
#9486=EDGE_LOOP('',(#2606,#2607,#2608,#2609));
#9487=EDGE_LOOP('',(#2610,#2611,#2612,#2613));
#9488=EDGE_LOOP('',(#2614,#2615,#2616,#2617));
#9489=EDGE_LOOP('',(#2618,#2619,#2620,#2621));
#9490=EDGE_LOOP('',(#2622,#2623,#2624,#2625));
#9491=EDGE_LOOP('',(#2626,#2627,#2628,#2629));
#9492=EDGE_LOOP('',(#2630,#2631,#2632,#2633));
#9493=EDGE_LOOP('',(#2634,#2635,#2636,#2637));
#9494=EDGE_LOOP('',(#2638,#2639,#2640,#2641));
#9495=EDGE_LOOP('',(#2642,#2643,#2644,#2645));
#9496=EDGE_LOOP('',(#2646,#2647,#2648,#2649));
#9497=EDGE_LOOP('',(#2650,#2651,#2652,#2653));
#9498=EDGE_LOOP('',(#2654,#2655,#2656,#2657));
#9499=EDGE_LOOP('',(#2658,#2659,#2660,#2661));
#9500=EDGE_LOOP('',(#2662,#2663,#2664,#2665));
#9501=EDGE_LOOP('',(#2666,#2667,#2668,#2669));
#9502=EDGE_LOOP('',(#2670,#2671,#2672,#2673));
#9503=EDGE_LOOP('',(#2674,#2675,#2676,#2677));
#9504=EDGE_LOOP('',(#2678,#2679,#2680,#2681));
#9505=EDGE_LOOP('',(#2682,#2683,#2684,#2685));
#9506=EDGE_LOOP('',(#2686,#2687,#2688,#2689));
#9507=EDGE_LOOP('',(#2690,#2691,#2692,#2693));
#9508=EDGE_LOOP('',(#2694,#2695,#2696,#2697));
#9509=EDGE_LOOP('',(#2698,#2699,#2700,#2701));
#9510=EDGE_LOOP('',(#2702,#2703,#2704,#2705));
#9511=EDGE_LOOP('',(#2706,#2707,#2708,#2709));
#9512=EDGE_LOOP('',(#2710,#2711,#2712,#2713));
#9513=EDGE_LOOP('',(#2714,#2715,#2716,#2717));
#9514=EDGE_LOOP('',(#2718,#2719,#2720,#2721));
#9515=EDGE_LOOP('',(#2722,#2723,#2724,#2725));
#9516=EDGE_LOOP('',(#2726,#2727,#2728,#2729));
#9517=EDGE_LOOP('',(#2730,#2731,#2732,#2733));
#9518=EDGE_LOOP('',(#2734,#2735,#2736,#2737));
#9519=EDGE_LOOP('',(#2738,#2739,#2740,#2741));
#9520=EDGE_LOOP('',(#2742,#2743,#2744,#2745));
#9521=EDGE_LOOP('',(#2746,#2747,#2748,#2749));
#9522=EDGE_LOOP('',(#2750,#2751,#2752,#2753));
#9523=EDGE_LOOP('',(#2754,#2755,#2756,#2757));
#9524=EDGE_LOOP('',(#2758,#2759,#2760,#2761));
#9525=EDGE_LOOP('',(#2762,#2763,#2764,#2765));
#9526=EDGE_LOOP('',(#2766,#2767,#2768,#2769));
#9527=EDGE_LOOP('',(#2770,#2771,#2772,#2773));
#9528=EDGE_LOOP('',(#2774,#2775,#2776,#2777));
#9529=EDGE_LOOP('',(#2778,#2779,#2780,#2781));
#9530=EDGE_LOOP('',(#2782,#2783,#2784,#2785));
#9531=EDGE_LOOP('',(#2786,#2787,#2788,#2789));
#9532=EDGE_LOOP('',(#2790,#2791,#2792,#2793));
#9533=EDGE_LOOP('',(#2794,#2795,#2796,#2797));
#9534=EDGE_LOOP('',(#2798,#2799,#2800,#2801));
#9535=EDGE_LOOP('',(#2802,#2803,#2804,#2805));
#9536=EDGE_LOOP('',(#2806,#2807,#2808,#2809));
#9537=EDGE_LOOP('',(#2810,#2811,#2812,#2813));
#9538=EDGE_LOOP('',(#2814,#2815,#2816,#2817));
#9539=EDGE_LOOP('',(#2818,#2819,#2820,#2821));
#9540=EDGE_LOOP('',(#2822,#2823,#2824,#2825));
#9541=EDGE_LOOP('',(#2826,#2827,#2828,#2829));
#9542=EDGE_LOOP('',(#2830,#2831,#2832,#2833));
#9543=EDGE_LOOP('',(#2834,#2835,#2836,#2837));
#9544=EDGE_LOOP('',(#2838,#2839,#2840,#2841));
#9545=EDGE_LOOP('',(#2842,#2843,#2844,#2845));
#9546=EDGE_LOOP('',(#2846,#2847,#2848,#2849));
#9547=EDGE_LOOP('',(#2850,#2851,#2852,#2853));
#9548=EDGE_LOOP('',(#2854,#2855,#2856,#2857));
#9549=EDGE_LOOP('',(#2858,#2859,#2860,#2861));
#9550=EDGE_LOOP('',(#2862,#2863,#2864,#2865));
#9551=EDGE_LOOP('',(#2866,#2867,#2868,#2869));
#9552=EDGE_LOOP('',(#2870,#2871,#2872,#2873));
#9553=EDGE_LOOP('',(#2874,#2875,#2876,#2877));
#9554=EDGE_LOOP('',(#2878,#2879,#2880,#2881));
#9555=EDGE_LOOP('',(#2882,#2883,#2884,#2885));
#9556=EDGE_LOOP('',(#2886,#2887,#2888,#2889));
#9557=EDGE_LOOP('',(#2890,#2891,#2892,#2893));
#9558=EDGE_LOOP('',(#2894,#2895,#2896,#2897));
#9559=EDGE_LOOP('',(#2898,#2899,#2900,#2901));
#9560=EDGE_LOOP('',(#2902,#2903,#2904,#2905));
#9561=EDGE_LOOP('',(#2906,#2907,#2908,#2909));
#9562=EDGE_LOOP('',(#2910,#2911,#2912,#2913));
#9563=EDGE_LOOP('',(#2914,#2915,#2916,#2917));
#9564=EDGE_LOOP('',(#2918,#2919,#2920,#2921));
#9565=EDGE_LOOP('',(#2922,#2923,#2924,#2925));
#9566=EDGE_LOOP('',(#2926,#2927,#2928,#2929));
#9567=EDGE_LOOP('',(#2930,#2931,#2932,#2933));
#9568=EDGE_LOOP('',(#2934,#2935,#2936,#2937));
#9569=EDGE_LOOP('',(#2938,#2939,#2940,#2941));
#9570=EDGE_LOOP('',(#2942,#2943,#2944,#2945));
#9571=EDGE_LOOP('',(#2946,#2947,#2948,#2949));
#9572=EDGE_LOOP('',(#2950,#2951,#2952,#2953));
#9573=EDGE_LOOP('',(#2954,#2955,#2956,#2957));
#9574=EDGE_LOOP('',(#2958,#2959,#2960,#2961));
#9575=EDGE_LOOP('',(#2962,#2963,#2964,#2965));
#9576=EDGE_LOOP('',(#2966,#2967,#2968,#2969));
#9577=EDGE_LOOP('',(#2970,#2971,#2972,#2973));
#9578=EDGE_LOOP('',(#2974,#2975,#2976,#2977));
#9579=EDGE_LOOP('',(#2978,#2979,#2980,#2981));
#9580=EDGE_LOOP('',(#2982,#2983,#2984,#2985));
#9581=EDGE_LOOP('',(#2986,#2987,#2988,#2989));
#9582=EDGE_LOOP('',(#2990,#2991,#2992,#2993));
#9583=EDGE_LOOP('',(#2994,#2995,#2996,#2997));
#9584=EDGE_LOOP('',(#2998,#2999,#3000,#3001));
#9585=EDGE_LOOP('',(#3002,#3003,#3004,#3005));
#9586=EDGE_LOOP('',(#3006,#3007,#3008,#3009));
#9587=EDGE_LOOP('',(#3010,#3011,#3012,#3013));
#9588=EDGE_LOOP('',(#3014,#3015,#3016,#3017));
#9589=EDGE_LOOP('',(#3018,#3019,#3020,#3021));
#9590=EDGE_LOOP('',(#3022,#3023,#3024,#3025));
#9591=EDGE_LOOP('',(#3026,#3027,#3028,#3029));
#9592=EDGE_LOOP('',(#3030,#3031,#3032,#3033));
#9593=EDGE_LOOP('',(#3034,#3035,#3036,#3037));
#9594=EDGE_LOOP('',(#3038,#3039,#3040,#3041));
#9595=EDGE_LOOP('',(#3042,#3043,#3044,#3045));
#9596=EDGE_LOOP('',(#3046,#3047,#3048,#3049));
#9597=EDGE_LOOP('',(#3050,#3051,#3052,#3053));
#9598=EDGE_LOOP('',(#3054,#3055,#3056,#3057));
#9599=EDGE_LOOP('',(#3058,#3059,#3060,#3061));
#9600=EDGE_LOOP('',(#3062,#3063,#3064,#3065));
#9601=EDGE_LOOP('',(#3066,#3067,#3068,#3069));
#9602=EDGE_LOOP('',(#3070,#3071,#3072,#3073));
#9603=EDGE_LOOP('',(#3074,#3075,#3076,#3077));
#9604=EDGE_LOOP('',(#3078,#3079,#3080,#3081));
#9605=EDGE_LOOP('',(#3082,#3083,#3084,#3085));
#9606=EDGE_LOOP('',(#3086,#3087,#3088,#3089));
#9607=EDGE_LOOP('',(#3090,#3091,#3092,#3093));
#9608=EDGE_LOOP('',(#3094,#3095,#3096,#3097));
#9609=EDGE_LOOP('',(#3098,#3099,#3100,#3101));
#9610=EDGE_LOOP('',(#3102,#3103,#3104,#3105));
#9611=EDGE_LOOP('',(#3106,#3107,#3108,#3109));
#9612=EDGE_LOOP('',(#3110,#3111,#3112,#3113));
#9613=EDGE_LOOP('',(#3114,#3115,#3116,#3117));
#9614=EDGE_LOOP('',(#3118,#3119,#3120,#3121));
#9615=EDGE_LOOP('',(#3122,#3123,#3124,#3125));
#9616=EDGE_LOOP('',(#3126,#3127,#3128,#3129));
#9617=EDGE_LOOP('',(#3130,#3131,#3132,#3133));
#9618=EDGE_LOOP('',(#3134,#3135,#3136,#3137));
#9619=EDGE_LOOP('',(#3138,#3139,#3140,#3141));
#9620=EDGE_LOOP('',(#3142,#3143,#3144,#3145));
#9621=EDGE_LOOP('',(#3146,#3147,#3148,#3149));
#9622=EDGE_LOOP('',(#3150,#3151,#3152,#3153));
#9623=EDGE_LOOP('',(#3154,#3155,#3156,#3157));
#9624=EDGE_LOOP('',(#3158,#3159,#3160,#3161));
#9625=EDGE_LOOP('',(#3162,#3163,#3164,#3165));
#9626=EDGE_LOOP('',(#3166,#3167,#3168,#3169));
#9627=EDGE_LOOP('',(#3170,#3171,#3172,#3173));
#9628=EDGE_LOOP('',(#3174,#3175,#3176,#3177));
#9629=EDGE_LOOP('',(#3178,#3179,#3180,#3181));
#9630=EDGE_LOOP('',(#3182,#3183,#3184,#3185));
#9631=EDGE_LOOP('',(#3186,#3187,#3188,#3189));
#9632=EDGE_LOOP('',(#3190,#3191,#3192,#3193));
#9633=EDGE_LOOP('',(#3194,#3195,#3196,#3197));
#9634=EDGE_LOOP('',(#3198,#3199,#3200,#3201));
#9635=EDGE_LOOP('',(#3202,#3203,#3204,#3205));
#9636=EDGE_LOOP('',(#3206,#3207,#3208,#3209));
#9637=EDGE_LOOP('',(#3210,#3211,#3212,#3213));
#9638=EDGE_LOOP('',(#3214,#3215,#3216,#3217));
#9639=EDGE_LOOP('',(#3218,#3219,#3220,#3221));
#9640=EDGE_LOOP('',(#3222,#3223,#3224,#3225));
#9641=EDGE_LOOP('',(#3226,#3227,#3228,#3229));
#9642=EDGE_LOOP('',(#3230,#3231,#3232,#3233));
#9643=EDGE_LOOP('',(#3234,#3235,#3236,#3237));
#9644=FACE_BOUND('',#8846,.T.);
#9645=FACE_BOUND('',#8847,.T.);
#9646=FACE_BOUND('',#8848,.T.);
#9647=FACE_BOUND('',#8849,.T.);
#9648=FACE_BOUND('',#8850,.T.);
#9649=FACE_BOUND('',#8851,.T.);
#9650=FACE_BOUND('',#8852,.T.);
#9651=FACE_BOUND('',#8853,.T.);
#9652=FACE_BOUND('',#8854,.T.);
#9653=FACE_BOUND('',#8855,.T.);
#9654=FACE_BOUND('',#8856,.T.);
#9655=FACE_BOUND('',#8857,.T.);
#9656=FACE_BOUND('',#8858,.T.);
#9657=FACE_BOUND('',#8859,.T.);
#9658=FACE_BOUND('',#8860,.T.);
#9659=FACE_BOUND('',#8861,.T.);
#9660=FACE_BOUND('',#8862,.T.);
#9661=FACE_BOUND('',#8863,.T.);
#9662=FACE_BOUND('',#8864,.T.);
#9663=FACE_BOUND('',#8865,.T.);
#9664=FACE_BOUND('',#8866,.T.);
#9665=FACE_BOUND('',#8867,.T.);
#9666=FACE_BOUND('',#8868,.T.);
#9667=FACE_BOUND('',#8869,.T.);
#9668=FACE_BOUND('',#8870,.T.);
#9669=FACE_BOUND('',#8871,.T.);
#9670=FACE_BOUND('',#8872,.T.);
#9671=FACE_BOUND('',#8873,.T.);
#9672=FACE_BOUND('',#8874,.T.);
#9673=FACE_BOUND('',#8875,.T.);
#9674=FACE_BOUND('',#8876,.T.);
#9675=FACE_BOUND('',#8877,.T.);
#9676=FACE_BOUND('',#8878,.T.);
#9677=FACE_BOUND('',#8879,.T.);
#9678=FACE_BOUND('',#8880,.T.);
#9679=FACE_BOUND('',#8881,.T.);
#9680=FACE_BOUND('',#8882,.T.);
#9681=FACE_BOUND('',#8883,.T.);
#9682=FACE_BOUND('',#8884,.T.);
#9683=FACE_BOUND('',#8885,.T.);
#9684=FACE_BOUND('',#8886,.T.);
#9685=FACE_BOUND('',#8887,.T.);
#9686=FACE_BOUND('',#8888,.T.);
#9687=FACE_BOUND('',#8889,.T.);
#9688=FACE_BOUND('',#8890,.T.);
#9689=FACE_BOUND('',#8891,.T.);
#9690=FACE_BOUND('',#8892,.T.);
#9691=FACE_BOUND('',#8893,.T.);
#9692=FACE_BOUND('',#8894,.T.);
#9693=FACE_BOUND('',#8895,.T.);
#9694=FACE_BOUND('',#8896,.T.);
#9695=FACE_BOUND('',#8897,.T.);
#9696=FACE_BOUND('',#8898,.T.);
#9697=FACE_BOUND('',#8899,.T.);
#9698=FACE_BOUND('',#8900,.T.);
#9699=FACE_BOUND('',#8901,.T.);
#9700=FACE_BOUND('',#8902,.T.);
#9701=FACE_BOUND('',#8903,.T.);
#9702=FACE_BOUND('',#8904,.T.);
#9703=FACE_BOUND('',#8905,.T.);
#9704=FACE_BOUND('',#8906,.T.);
#9705=FACE_BOUND('',#8907,.T.);
#9706=FACE_BOUND('',#8908,.T.);
#9707=FACE_BOUND('',#8909,.T.);
#9708=FACE_BOUND('',#8910,.T.);
#9709=FACE_BOUND('',#8911,.T.);
#9710=FACE_BOUND('',#8912,.T.);
#9711=FACE_BOUND('',#8913,.T.);
#9712=FACE_BOUND('',#8914,.T.);
#9713=FACE_BOUND('',#8915,.T.);
#9714=FACE_BOUND('',#8916,.T.);
#9715=FACE_BOUND('',#8917,.T.);
#9716=FACE_BOUND('',#8918,.T.);
#9717=FACE_BOUND('',#8919,.T.);
#9718=FACE_BOUND('',#8920,.T.);
#9719=FACE_BOUND('',#8921,.T.);
#9720=FACE_BOUND('',#8922,.T.);
#9721=FACE_BOUND('',#8923,.T.);
#9722=FACE_BOUND('',#8924,.T.);
#9723=FACE_BOUND('',#8925,.T.);
#9724=FACE_BOUND('',#8926,.T.);
#9725=FACE_BOUND('',#8927,.T.);
#9726=FACE_BOUND('',#8928,.T.);
#9727=FACE_BOUND('',#8929,.T.);
#9728=FACE_BOUND('',#8930,.T.);
#9729=FACE_BOUND('',#8931,.T.);
#9730=FACE_BOUND('',#8932,.T.);
#9731=FACE_BOUND('',#8933,.T.);
#9732=FACE_BOUND('',#8934,.T.);
#9733=FACE_BOUND('',#8935,.T.);
#9734=FACE_BOUND('',#8936,.T.);
#9735=FACE_BOUND('',#8937,.T.);
#9736=FACE_BOUND('',#8938,.T.);
#9737=FACE_BOUND('',#8939,.T.);
#9738=FACE_BOUND('',#8940,.T.);
#9739=FACE_BOUND('',#8941,.T.);
#9740=FACE_BOUND('',#8942,.T.);
#9741=FACE_BOUND('',#8943,.T.);
#9742=FACE_BOUND('',#8944,.T.);
#9743=FACE_BOUND('',#8945,.T.);
#9744=FACE_BOUND('',#8946,.T.);
#9745=FACE_BOUND('',#8947,.T.);
#9746=FACE_BOUND('',#8948,.T.);
#9747=FACE_BOUND('',#8949,.T.);
#9748=FACE_BOUND('',#8950,.T.);
#9749=FACE_BOUND('',#8951,.T.);
#9750=FACE_BOUND('',#8952,.T.);
#9751=FACE_BOUND('',#8953,.T.);
#9752=FACE_BOUND('',#8954,.T.);
#9753=FACE_BOUND('',#8955,.T.);
#9754=FACE_BOUND('',#8956,.T.);
#9755=FACE_BOUND('',#8957,.T.);
#9756=FACE_BOUND('',#8958,.T.);
#9757=FACE_BOUND('',#8959,.T.);
#9758=FACE_BOUND('',#8960,.T.);
#9759=FACE_BOUND('',#8961,.T.);
#9760=FACE_BOUND('',#8962,.T.);
#9761=FACE_BOUND('',#8963,.T.);
#9762=FACE_BOUND('',#8964,.T.);
#9763=FACE_BOUND('',#8965,.T.);
#9764=FACE_BOUND('',#8966,.T.);
#9765=FACE_BOUND('',#8967,.T.);
#9766=FACE_BOUND('',#8968,.T.);
#9767=FACE_BOUND('',#8969,.T.);
#9768=FACE_BOUND('',#8970,.T.);
#9769=FACE_BOUND('',#8971,.T.);
#9770=FACE_BOUND('',#8972,.T.);
#9771=FACE_BOUND('',#8973,.T.);
#9772=FACE_BOUND('',#8974,.T.);
#9773=FACE_BOUND('',#8975,.T.);
#9774=FACE_BOUND('',#8976,.T.);
#9775=FACE_BOUND('',#8977,.T.);
#9776=FACE_BOUND('',#8978,.T.);
#9777=FACE_BOUND('',#8979,.T.);
#9778=FACE_BOUND('',#8980,.T.);
#9779=FACE_BOUND('',#8981,.T.);
#9780=FACE_BOUND('',#8982,.T.);
#9781=FACE_BOUND('',#8983,.T.);
#9782=FACE_BOUND('',#8984,.T.);
#9783=FACE_BOUND('',#8985,.T.);
#9784=FACE_BOUND('',#8986,.T.);
#9785=FACE_BOUND('',#8987,.T.);
#9786=FACE_BOUND('',#8988,.T.);
#9787=FACE_BOUND('',#8989,.T.);
#9788=FACE_BOUND('',#8990,.T.);
#9789=FACE_BOUND('',#8991,.T.);
#9790=FACE_BOUND('',#8992,.T.);
#9791=FACE_BOUND('',#8993,.T.);
#9792=FACE_BOUND('',#8994,.T.);
#9793=FACE_BOUND('',#8995,.T.);
#9794=FACE_BOUND('',#8996,.T.);
#9795=FACE_BOUND('',#8997,.T.);
#9796=FACE_BOUND('',#8998,.T.);
#9797=FACE_BOUND('',#8999,.T.);
#9798=FACE_BOUND('',#9000,.T.);
#9799=FACE_BOUND('',#9001,.T.);
#9800=FACE_BOUND('',#9002,.T.);
#9801=FACE_BOUND('',#9003,.T.);
#9802=FACE_BOUND('',#9004,.T.);
#9803=FACE_BOUND('',#9005,.T.);
#9804=FACE_BOUND('',#9006,.T.);
#9805=FACE_BOUND('',#9007,.T.);
#9806=FACE_BOUND('',#9008,.T.);
#9807=FACE_BOUND('',#9009,.T.);
#9808=FACE_BOUND('',#9010,.T.);
#9809=FACE_BOUND('',#9011,.T.);
#9810=FACE_BOUND('',#9012,.T.);
#9811=FACE_BOUND('',#9013,.T.);
#9812=FACE_BOUND('',#9014,.T.);
#9813=FACE_BOUND('',#9015,.T.);
#9814=FACE_BOUND('',#9016,.T.);
#9815=FACE_BOUND('',#9017,.T.);
#9816=FACE_BOUND('',#9018,.T.);
#9817=FACE_BOUND('',#9019,.T.);
#9818=FACE_BOUND('',#9020,.T.);
#9819=FACE_BOUND('',#9021,.T.);
#9820=FACE_BOUND('',#9022,.T.);
#9821=FACE_BOUND('',#9023,.T.);
#9822=FACE_BOUND('',#9024,.T.);
#9823=FACE_BOUND('',#9025,.T.);
#9824=FACE_BOUND('',#9026,.T.);
#9825=FACE_BOUND('',#9027,.T.);
#9826=FACE_BOUND('',#9028,.T.);
#9827=FACE_BOUND('',#9029,.T.);
#9828=FACE_BOUND('',#9030,.T.);
#9829=FACE_BOUND('',#9031,.T.);
#9830=FACE_BOUND('',#9032,.T.);
#9831=FACE_BOUND('',#9033,.T.);
#9832=FACE_BOUND('',#9034,.T.);
#9833=FACE_BOUND('',#9035,.T.);
#9834=FACE_BOUND('',#9036,.T.);
#9835=FACE_BOUND('',#9037,.T.);
#9836=FACE_BOUND('',#9038,.T.);
#9837=FACE_BOUND('',#9039,.T.);
#9838=FACE_BOUND('',#9040,.T.);
#9839=FACE_BOUND('',#9041,.T.);
#9840=FACE_BOUND('',#9042,.T.);
#9841=FACE_BOUND('',#9043,.T.);
#9842=FACE_BOUND('',#9044,.T.);
#9843=FACE_BOUND('',#9045,.T.);
#9844=FACE_BOUND('',#9046,.T.);
#9845=FACE_BOUND('',#9047,.T.);
#9846=FACE_BOUND('',#9048,.T.);
#9847=FACE_BOUND('',#9049,.T.);
#9848=FACE_BOUND('',#9050,.T.);
#9849=FACE_BOUND('',#9051,.T.);
#9850=FACE_BOUND('',#9052,.T.);
#9851=FACE_BOUND('',#9053,.T.);
#9852=FACE_BOUND('',#9054,.T.);
#9853=FACE_BOUND('',#9055,.T.);
#9854=FACE_BOUND('',#9056,.T.);
#9855=FACE_BOUND('',#9057,.T.);
#9856=FACE_BOUND('',#9058,.T.);
#9857=FACE_BOUND('',#9059,.T.);
#9858=FACE_BOUND('',#9060,.T.);
#9859=FACE_BOUND('',#9061,.T.);
#9860=FACE_BOUND('',#9062,.T.);
#9861=FACE_BOUND('',#9063,.T.);
#9862=FACE_BOUND('',#9064,.T.);
#9863=FACE_BOUND('',#9065,.T.);
#9864=FACE_BOUND('',#9066,.T.);
#9865=FACE_BOUND('',#9067,.T.);
#9866=FACE_BOUND('',#9068,.T.);
#9867=FACE_BOUND('',#9069,.T.);
#9868=FACE_BOUND('',#9070,.T.);
#9869=FACE_BOUND('',#9071,.T.);
#9870=FACE_BOUND('',#9072,.T.);
#9871=FACE_BOUND('',#9073,.T.);
#9872=FACE_BOUND('',#9074,.T.);
#9873=FACE_BOUND('',#9075,.T.);
#9874=FACE_BOUND('',#9076,.T.);
#9875=FACE_BOUND('',#9077,.T.);
#9876=FACE_BOUND('',#9078,.T.);
#9877=FACE_BOUND('',#9079,.T.);
#9878=FACE_BOUND('',#9080,.T.);
#9879=FACE_BOUND('',#9081,.T.);
#9880=FACE_BOUND('',#9082,.T.);
#9881=FACE_BOUND('',#9083,.T.);
#9882=FACE_BOUND('',#9084,.T.);
#9883=FACE_BOUND('',#9085,.T.);
#9884=FACE_BOUND('',#9086,.T.);
#9885=FACE_BOUND('',#9087,.T.);
#9886=FACE_BOUND('',#9088,.T.);
#9887=FACE_BOUND('',#9089,.T.);
#9888=FACE_BOUND('',#9090,.T.);
#9889=FACE_BOUND('',#9091,.T.);
#9890=FACE_BOUND('',#9092,.T.);
#9891=FACE_BOUND('',#9093,.T.);
#9892=FACE_BOUND('',#9094,.T.);
#9893=FACE_BOUND('',#9095,.T.);
#9894=FACE_BOUND('',#9096,.T.);
#9895=FACE_BOUND('',#9097,.T.);
#9896=FACE_BOUND('',#9098,.T.);
#9897=FACE_BOUND('',#9099,.T.);
#9898=FACE_BOUND('',#9100,.T.);
#9899=FACE_BOUND('',#9101,.T.);
#9900=FACE_BOUND('',#9102,.T.);
#9901=FACE_BOUND('',#9103,.T.);
#9902=FACE_BOUND('',#9104,.T.);
#9903=FACE_BOUND('',#9105,.T.);
#9904=FACE_BOUND('',#9106,.T.);
#9905=FACE_BOUND('',#9107,.T.);
#9906=FACE_BOUND('',#9108,.T.);
#9907=FACE_BOUND('',#9109,.T.);
#9908=FACE_BOUND('',#9110,.T.);
#9909=FACE_BOUND('',#9111,.T.);
#9910=FACE_BOUND('',#9112,.T.);
#9911=FACE_BOUND('',#9113,.T.);
#9912=FACE_BOUND('',#9114,.T.);
#9913=FACE_BOUND('',#9115,.T.);
#9914=FACE_BOUND('',#9116,.T.);
#9915=FACE_BOUND('',#9117,.T.);
#9916=FACE_BOUND('',#9118,.T.);
#9917=FACE_BOUND('',#9119,.T.);
#9918=FACE_BOUND('',#9120,.T.);
#9919=FACE_BOUND('',#9121,.T.);
#9920=FACE_BOUND('',#9122,.T.);
#9921=FACE_BOUND('',#9123,.T.);
#9922=FACE_BOUND('',#9124,.T.);
#9923=FACE_BOUND('',#9125,.T.);
#9924=FACE_BOUND('',#9126,.T.);
#9925=FACE_BOUND('',#9127,.T.);
#9926=FACE_BOUND('',#9128,.T.);
#9927=FACE_BOUND('',#9129,.T.);
#9928=FACE_BOUND('',#9130,.T.);
#9929=FACE_BOUND('',#9131,.T.);
#9930=FACE_BOUND('',#9132,.T.);
#9931=FACE_BOUND('',#9133,.T.);
#9932=FACE_BOUND('',#9134,.T.);
#9933=FACE_BOUND('',#9135,.T.);
#9934=FACE_BOUND('',#9136,.T.);
#9935=FACE_BOUND('',#9137,.T.);
#9936=FACE_BOUND('',#9138,.T.);
#9937=FACE_BOUND('',#9139,.T.);
#9938=FACE_BOUND('',#9140,.T.);
#9939=FACE_BOUND('',#9141,.T.);
#9940=FACE_BOUND('',#9142,.T.);
#9941=FACE_BOUND('',#9143,.T.);
#9942=FACE_BOUND('',#9144,.T.);
#9943=FACE_BOUND('',#9145,.T.);
#9944=FACE_BOUND('',#9146,.T.);
#9945=FACE_BOUND('',#9147,.T.);
#9946=FACE_BOUND('',#9148,.T.);
#9947=FACE_BOUND('',#9149,.T.);
#9948=FACE_BOUND('',#9150,.T.);
#9949=FACE_BOUND('',#9151,.T.);
#9950=FACE_BOUND('',#9152,.T.);
#9951=FACE_BOUND('',#9153,.T.);
#9952=FACE_BOUND('',#9154,.T.);
#9953=FACE_BOUND('',#9155,.T.);
#9954=FACE_BOUND('',#9156,.T.);
#9955=FACE_BOUND('',#9157,.T.);
#9956=FACE_BOUND('',#9158,.T.);
#9957=FACE_BOUND('',#9159,.T.);
#9958=FACE_BOUND('',#9160,.T.);
#9959=FACE_BOUND('',#9161,.T.);
#9960=FACE_BOUND('',#9162,.T.);
#9961=FACE_BOUND('',#9163,.T.);
#9962=FACE_BOUND('',#9164,.T.);
#9963=FACE_BOUND('',#9165,.T.);
#9964=FACE_BOUND('',#9166,.T.);
#9965=FACE_BOUND('',#9167,.T.);
#9966=FACE_BOUND('',#9168,.T.);
#9967=FACE_BOUND('',#9169,.T.);
#9968=FACE_BOUND('',#9170,.T.);
#9969=FACE_BOUND('',#9171,.T.);
#9970=FACE_BOUND('',#9172,.T.);
#9971=FACE_BOUND('',#9173,.T.);
#9972=FACE_BOUND('',#9174,.T.);
#9973=FACE_BOUND('',#9175,.T.);
#9974=FACE_BOUND('',#9176,.T.);
#9975=FACE_BOUND('',#9177,.T.);
#9976=FACE_BOUND('',#9178,.T.);
#9977=FACE_BOUND('',#9179,.T.);
#9978=FACE_BOUND('',#9180,.T.);
#9979=FACE_BOUND('',#9181,.T.);
#9980=FACE_BOUND('',#9182,.T.);
#9981=FACE_BOUND('',#9183,.T.);
#9982=FACE_BOUND('',#9184,.T.);
#9983=FACE_BOUND('',#9185,.T.);
#9984=FACE_BOUND('',#9186,.T.);
#9985=FACE_BOUND('',#9187,.T.);
#9986=FACE_BOUND('',#9188,.T.);
#9987=FACE_BOUND('',#9189,.T.);
#9988=FACE_BOUND('',#9190,.T.);
#9989=FACE_BOUND('',#9191,.T.);
#9990=FACE_BOUND('',#9192,.T.);
#9991=FACE_BOUND('',#9193,.T.);
#9992=FACE_BOUND('',#9194,.T.);
#9993=FACE_BOUND('',#9195,.T.);
#9994=FACE_BOUND('',#9196,.T.);
#9995=FACE_BOUND('',#9197,.T.);
#9996=FACE_BOUND('',#9198,.T.);
#9997=FACE_BOUND('',#9199,.T.);
#9998=FACE_BOUND('',#9200,.T.);
#9999=FACE_BOUND('',#9201,.T.);
#10000=FACE_BOUND('',#9202,.T.);
#10001=FACE_BOUND('',#9203,.T.);
#10002=FACE_BOUND('',#9204,.T.);
#10003=FACE_BOUND('',#9205,.T.);
#10004=FACE_BOUND('',#9206,.T.);
#10005=FACE_BOUND('',#9207,.T.);
#10006=FACE_BOUND('',#9208,.T.);
#10007=FACE_BOUND('',#9209,.T.);
#10008=FACE_BOUND('',#9210,.T.);
#10009=FACE_BOUND('',#9211,.T.);
#10010=FACE_BOUND('',#9212,.T.);
#10011=FACE_BOUND('',#9213,.T.);
#10012=FACE_BOUND('',#9214,.T.);
#10013=FACE_BOUND('',#9215,.T.);
#10014=FACE_BOUND('',#9216,.T.);
#10015=FACE_BOUND('',#9217,.T.);
#10016=FACE_BOUND('',#9218,.T.);
#10017=FACE_BOUND('',#9219,.T.);
#10018=FACE_BOUND('',#9220,.T.);
#10019=FACE_BOUND('',#9221,.T.);
#10020=FACE_BOUND('',#9222,.T.);
#10021=FACE_BOUND('',#9223,.T.);
#10022=FACE_BOUND('',#9224,.T.);
#10023=FACE_BOUND('',#9225,.T.);
#10024=FACE_BOUND('',#9226,.T.);
#10025=FACE_BOUND('',#9227,.T.);
#10026=FACE_BOUND('',#9228,.T.);
#10027=FACE_BOUND('',#9229,.T.);
#10028=FACE_BOUND('',#9230,.T.);
#10029=FACE_BOUND('',#9231,.T.);
#10030=FACE_BOUND('',#9232,.T.);
#10031=FACE_BOUND('',#9233,.T.);
#10032=FACE_BOUND('',#9234,.T.);
#10033=FACE_BOUND('',#9235,.T.);
#10034=FACE_BOUND('',#9236,.T.);
#10035=FACE_BOUND('',#9237,.T.);
#10036=FACE_BOUND('',#9238,.T.);
#10037=FACE_BOUND('',#9239,.T.);
#10038=FACE_BOUND('',#9240,.T.);
#10039=FACE_BOUND('',#9241,.T.);
#10040=FACE_BOUND('',#9242,.T.);
#10041=FACE_BOUND('',#9243,.T.);
#10042=FACE_BOUND('',#9244,.T.);
#10043=FACE_BOUND('',#9245,.T.);
#10044=FACE_BOUND('',#9246,.T.);
#10045=FACE_BOUND('',#9247,.T.);
#10046=FACE_BOUND('',#9248,.T.);
#10047=FACE_BOUND('',#9249,.T.);
#10048=FACE_BOUND('',#9250,.T.);
#10049=FACE_BOUND('',#9251,.T.);
#10050=FACE_BOUND('',#9252,.T.);
#10051=FACE_BOUND('',#9253,.T.);
#10052=FACE_BOUND('',#9254,.T.);
#10053=FACE_BOUND('',#9255,.T.);
#10054=FACE_BOUND('',#9256,.T.);
#10055=FACE_BOUND('',#9257,.T.);
#10056=FACE_BOUND('',#9258,.T.);
#10057=FACE_BOUND('',#9259,.T.);
#10058=FACE_BOUND('',#9260,.T.);
#10059=FACE_BOUND('',#9261,.T.);
#10060=FACE_BOUND('',#9262,.T.);
#10061=FACE_BOUND('',#9263,.T.);
#10062=FACE_BOUND('',#9264,.T.);
#10063=FACE_BOUND('',#9265,.T.);
#10064=FACE_BOUND('',#9266,.T.);
#10065=FACE_BOUND('',#9267,.T.);
#10066=FACE_BOUND('',#9268,.T.);
#10067=FACE_BOUND('',#9269,.T.);
#10068=FACE_BOUND('',#9270,.T.);
#10069=FACE_BOUND('',#9271,.T.);
#10070=FACE_BOUND('',#9272,.T.);
#10071=FACE_BOUND('',#9273,.T.);
#10072=FACE_BOUND('',#9274,.T.);
#10073=FACE_BOUND('',#9275,.T.);
#10074=FACE_BOUND('',#9276,.T.);
#10075=FACE_BOUND('',#9277,.T.);
#10076=FACE_BOUND('',#9278,.T.);
#10077=FACE_BOUND('',#9279,.T.);
#10078=FACE_BOUND('',#9280,.T.);
#10079=FACE_BOUND('',#9281,.T.);
#10080=FACE_BOUND('',#9282,.T.);
#10081=FACE_BOUND('',#9283,.T.);
#10082=FACE_BOUND('',#9284,.T.);
#10083=FACE_BOUND('',#9285,.T.);
#10084=FACE_BOUND('',#9286,.T.);
#10085=FACE_BOUND('',#9287,.T.);
#10086=FACE_BOUND('',#9288,.T.);
#10087=FACE_BOUND('',#9289,.T.);
#10088=FACE_BOUND('',#9290,.T.);
#10089=FACE_BOUND('',#9291,.T.);
#10090=FACE_BOUND('',#9292,.T.);
#10091=FACE_BOUND('',#9293,.T.);
#10092=FACE_BOUND('',#9294,.T.);
#10093=FACE_BOUND('',#9295,.T.);
#10094=FACE_BOUND('',#9296,.T.);
#10095=FACE_BOUND('',#9297,.T.);
#10096=FACE_BOUND('',#9298,.T.);
#10097=FACE_BOUND('',#9299,.T.);
#10098=FACE_BOUND('',#9300,.T.);
#10099=FACE_BOUND('',#9301,.T.);
#10100=FACE_BOUND('',#9302,.T.);
#10101=FACE_BOUND('',#9303,.T.);
#10102=FACE_BOUND('',#9304,.T.);
#10103=FACE_BOUND('',#9305,.T.);
#10104=FACE_BOUND('',#9306,.T.);
#10105=FACE_BOUND('',#9307,.T.);
#10106=FACE_BOUND('',#9308,.T.);
#10107=FACE_BOUND('',#9309,.T.);
#10108=FACE_BOUND('',#9310,.T.);
#10109=FACE_BOUND('',#9311,.T.);
#10110=FACE_BOUND('',#9312,.T.);
#10111=FACE_BOUND('',#9313,.T.);
#10112=FACE_BOUND('',#9314,.T.);
#10113=FACE_BOUND('',#9315,.T.);
#10114=FACE_BOUND('',#9316,.T.);
#10115=FACE_BOUND('',#9317,.T.);
#10116=FACE_BOUND('',#9318,.T.);
#10117=FACE_BOUND('',#9319,.T.);
#10118=FACE_BOUND('',#9320,.T.);
#10119=FACE_BOUND('',#9321,.T.);
#10120=FACE_BOUND('',#9322,.T.);
#10121=FACE_BOUND('',#9323,.T.);
#10122=FACE_BOUND('',#9324,.T.);
#10123=FACE_BOUND('',#9325,.T.);
#10124=FACE_BOUND('',#9326,.T.);
#10125=FACE_BOUND('',#9327,.T.);
#10126=FACE_BOUND('',#9328,.T.);
#10127=FACE_BOUND('',#9329,.T.);
#10128=FACE_BOUND('',#9330,.T.);
#10129=FACE_BOUND('',#9331,.T.);
#10130=FACE_BOUND('',#9332,.T.);
#10131=FACE_BOUND('',#9333,.T.);
#10132=FACE_BOUND('',#9334,.T.);
#10133=FACE_BOUND('',#9335,.T.);
#10134=FACE_BOUND('',#9336,.T.);
#10135=FACE_BOUND('',#9337,.T.);
#10136=FACE_BOUND('',#9338,.T.);
#10137=FACE_BOUND('',#9339,.T.);
#10138=FACE_BOUND('',#9340,.T.);
#10139=FACE_BOUND('',#9341,.T.);
#10140=FACE_BOUND('',#9342,.T.);
#10141=FACE_BOUND('',#9343,.T.);
#10142=FACE_BOUND('',#9344,.T.);
#10143=FACE_BOUND('',#9345,.T.);
#10144=FACE_BOUND('',#9346,.T.);
#10145=FACE_BOUND('',#9347,.T.);
#10146=FACE_BOUND('',#9348,.T.);
#10147=FACE_BOUND('',#9349,.T.);
#10148=FACE_BOUND('',#9350,.T.);
#10149=FACE_BOUND('',#9351,.T.);
#10150=FACE_BOUND('',#9352,.T.);
#10151=FACE_BOUND('',#9353,.T.);
#10152=FACE_BOUND('',#9354,.T.);
#10153=FACE_BOUND('',#9355,.T.);
#10154=FACE_BOUND('',#9356,.T.);
#10155=FACE_BOUND('',#9357,.T.);
#10156=FACE_BOUND('',#9358,.T.);
#10157=FACE_BOUND('',#9359,.T.);
#10158=FACE_BOUND('',#9360,.T.);
#10159=FACE_BOUND('',#9361,.T.);
#10160=FACE_BOUND('',#9362,.T.);
#10161=FACE_BOUND('',#9363,.T.);
#10162=FACE_BOUND('',#9364,.T.);
#10163=FACE_BOUND('',#9365,.T.);
#10164=FACE_BOUND('',#9366,.T.);
#10165=FACE_BOUND('',#9367,.T.);
#10166=FACE_BOUND('',#9368,.T.);
#10167=FACE_BOUND('',#9369,.T.);
#10168=FACE_BOUND('',#9370,.T.);
#10169=FACE_BOUND('',#9371,.T.);
#10170=FACE_BOUND('',#9372,.T.);
#10171=FACE_BOUND('',#9373,.T.);
#10172=FACE_BOUND('',#9374,.T.);
#10173=FACE_BOUND('',#9375,.T.);
#10174=FACE_BOUND('',#9376,.T.);
#10175=FACE_BOUND('',#9377,.T.);
#10176=FACE_BOUND('',#9378,.T.);
#10177=FACE_BOUND('',#9379,.T.);
#10178=FACE_BOUND('',#9380,.T.);
#10179=FACE_BOUND('',#9381,.T.);
#10180=FACE_BOUND('',#9382,.T.);
#10181=FACE_BOUND('',#9383,.T.);
#10182=FACE_BOUND('',#9384,.T.);
#10183=FACE_BOUND('',#9385,.T.);
#10184=FACE_BOUND('',#9386,.T.);
#10185=FACE_BOUND('',#9387,.T.);
#10186=FACE_BOUND('',#9388,.T.);
#10187=FACE_BOUND('',#9389,.T.);
#10188=FACE_BOUND('',#9390,.T.);
#10189=FACE_BOUND('',#9391,.T.);
#10190=FACE_BOUND('',#9392,.T.);
#10191=FACE_BOUND('',#9393,.T.);
#10192=FACE_BOUND('',#9394,.T.);
#10193=FACE_BOUND('',#9395,.T.);
#10194=FACE_BOUND('',#9396,.T.);
#10195=FACE_BOUND('',#9397,.T.);
#10196=FACE_BOUND('',#9398,.T.);
#10197=FACE_BOUND('',#9399,.T.);
#10198=FACE_BOUND('',#9400,.T.);
#10199=FACE_BOUND('',#9401,.T.);
#10200=FACE_BOUND('',#9402,.T.);
#10201=FACE_BOUND('',#9403,.T.);
#10202=FACE_BOUND('',#9404,.T.);
#10203=FACE_BOUND('',#9405,.T.);
#10204=FACE_BOUND('',#9406,.T.);
#10205=FACE_BOUND('',#9407,.T.);
#10206=FACE_BOUND('',#9408,.T.);
#10207=FACE_BOUND('',#9409,.T.);
#10208=FACE_BOUND('',#9410,.T.);
#10209=FACE_BOUND('',#9411,.T.);
#10210=FACE_BOUND('',#9412,.T.);
#10211=FACE_BOUND('',#9413,.T.);
#10212=FACE_BOUND('',#9414,.T.);
#10213=FACE_BOUND('',#9415,.T.);
#10214=FACE_BOUND('',#9416,.T.);
#10215=FACE_BOUND('',#9417,.T.);
#10216=FACE_BOUND('',#9418,.T.);
#10217=FACE_BOUND('',#9419,.T.);
#10218=FACE_BOUND('',#9420,.T.);
#10219=FACE_BOUND('',#9421,.T.);
#10220=FACE_BOUND('',#9422,.T.);
#10221=FACE_BOUND('',#9423,.T.);
#10222=FACE_BOUND('',#9424,.T.);
#10223=FACE_BOUND('',#9425,.T.);
#10224=FACE_BOUND('',#9426,.T.);
#10225=FACE_BOUND('',#9427,.T.);
#10226=FACE_BOUND('',#9428,.T.);
#10227=FACE_BOUND('',#9429,.T.);
#10228=FACE_BOUND('',#9430,.T.);
#10229=FACE_BOUND('',#9431,.T.);
#10230=FACE_BOUND('',#9432,.T.);
#10231=FACE_BOUND('',#9433,.T.);
#10232=FACE_BOUND('',#9434,.T.);
#10233=FACE_BOUND('',#9435,.T.);
#10234=FACE_BOUND('',#9436,.T.);
#10235=FACE_BOUND('',#9437,.T.);
#10236=FACE_BOUND('',#9438,.T.);
#10237=FACE_BOUND('',#9439,.T.);
#10238=FACE_BOUND('',#9440,.T.);
#10239=FACE_BOUND('',#9441,.T.);
#10240=FACE_BOUND('',#9442,.T.);
#10241=FACE_BOUND('',#9443,.T.);
#10242=FACE_BOUND('',#9444,.T.);
#10243=FACE_BOUND('',#9445,.T.);
#10244=FACE_BOUND('',#9446,.T.);
#10245=FACE_BOUND('',#9447,.T.);
#10246=FACE_BOUND('',#9448,.T.);
#10247=FACE_BOUND('',#9449,.T.);
#10248=FACE_BOUND('',#9450,.T.);
#10249=FACE_BOUND('',#9451,.T.);
#10250=FACE_BOUND('',#9452,.T.);
#10251=FACE_BOUND('',#9453,.T.);
#10252=FACE_BOUND('',#9454,.T.);
#10253=FACE_BOUND('',#9455,.T.);
#10254=FACE_BOUND('',#9456,.T.);
#10255=FACE_BOUND('',#9457,.T.);
#10256=FACE_BOUND('',#9458,.T.);
#10257=FACE_BOUND('',#9459,.T.);
#10258=FACE_BOUND('',#9460,.T.);
#10259=FACE_BOUND('',#9461,.T.);
#10260=FACE_BOUND('',#9462,.T.);
#10261=FACE_BOUND('',#9463,.T.);
#10262=FACE_BOUND('',#9464,.T.);
#10263=FACE_BOUND('',#9465,.T.);
#10264=FACE_BOUND('',#9466,.T.);
#10265=FACE_BOUND('',#9467,.T.);
#10266=FACE_BOUND('',#9468,.T.);
#10267=FACE_BOUND('',#9469,.T.);
#10268=FACE_BOUND('',#9470,.T.);
#10269=FACE_BOUND('',#9471,.T.);
#10270=FACE_BOUND('',#9472,.T.);
#10271=FACE_BOUND('',#9473,.T.);
#10272=FACE_BOUND('',#9474,.T.);
#10273=FACE_BOUND('',#9475,.T.);
#10274=FACE_BOUND('',#9476,.T.);
#10275=FACE_BOUND('',#9477,.T.);
#10276=FACE_BOUND('',#9478,.T.);
#10277=FACE_BOUND('',#9479,.T.);
#10278=FACE_BOUND('',#9480,.T.);
#10279=FACE_BOUND('',#9481,.T.);
#10280=FACE_BOUND('',#9482,.T.);
#10281=FACE_BOUND('',#9483,.T.);
#10282=FACE_BOUND('',#9484,.T.);
#10283=FACE_BOUND('',#9485,.T.);
#10284=FACE_BOUND('',#9486,.T.);
#10285=FACE_BOUND('',#9487,.T.);
#10286=FACE_BOUND('',#9488,.T.);
#10287=FACE_BOUND('',#9489,.T.);
#10288=FACE_BOUND('',#9490,.T.);
#10289=FACE_BOUND('',#9491,.T.);
#10290=FACE_BOUND('',#9492,.T.);
#10291=FACE_BOUND('',#9493,.T.);
#10292=FACE_BOUND('',#9494,.T.);
#10293=FACE_BOUND('',#9495,.T.);
#10294=FACE_BOUND('',#9496,.T.);
#10295=FACE_BOUND('',#9497,.T.);
#10296=FACE_BOUND('',#9498,.T.);
#10297=FACE_BOUND('',#9499,.T.);
#10298=FACE_BOUND('',#9500,.T.);
#10299=FACE_BOUND('',#9501,.T.);
#10300=FACE_BOUND('',#9502,.T.);
#10301=FACE_BOUND('',#9503,.T.);
#10302=FACE_BOUND('',#9504,.T.);
#10303=FACE_BOUND('',#9505,.T.);
#10304=FACE_BOUND('',#9506,.T.);
#10305=FACE_BOUND('',#9507,.T.);
#10306=FACE_BOUND('',#9508,.T.);
#10307=FACE_BOUND('',#9509,.T.);
#10308=FACE_BOUND('',#9510,.T.);
#10309=FACE_BOUND('',#9511,.T.);
#10310=FACE_BOUND('',#9512,.T.);
#10311=FACE_BOUND('',#9513,.T.);
#10312=FACE_BOUND('',#9514,.T.);
#10313=FACE_BOUND('',#9515,.T.);
#10314=FACE_BOUND('',#9516,.T.);
#10315=FACE_BOUND('',#9517,.T.);
#10316=FACE_BOUND('',#9518,.T.);
#10317=FACE_BOUND('',#9519,.T.);
#10318=FACE_BOUND('',#9520,.T.);
#10319=FACE_BOUND('',#9521,.T.);
#10320=FACE_BOUND('',#9522,.T.);
#10321=FACE_BOUND('',#9523,.T.);
#10322=FACE_BOUND('',#9524,.T.);
#10323=FACE_BOUND('',#9525,.T.);
#10324=FACE_BOUND('',#9526,.T.);
#10325=FACE_BOUND('',#9527,.T.);
#10326=FACE_BOUND('',#9528,.T.);
#10327=FACE_BOUND('',#9529,.T.);
#10328=FACE_BOUND('',#9530,.T.);
#10329=FACE_BOUND('',#9531,.T.);
#10330=FACE_BOUND('',#9532,.T.);
#10331=FACE_BOUND('',#9533,.T.);
#10332=FACE_BOUND('',#9534,.T.);
#10333=FACE_BOUND('',#9535,.T.);
#10334=FACE_BOUND('',#9536,.T.);
#10335=FACE_BOUND('',#9537,.T.);
#10336=FACE_BOUND('',#9538,.T.);
#10337=FACE_BOUND('',#9539,.T.);
#10338=FACE_BOUND('',#9540,.T.);
#10339=FACE_BOUND('',#9541,.T.);
#10340=FACE_BOUND('',#9542,.T.);
#10341=FACE_BOUND('',#9543,.T.);
#10342=FACE_BOUND('',#9544,.T.);
#10343=FACE_BOUND('',#9545,.T.);
#10344=FACE_BOUND('',#9546,.T.);
#10345=FACE_BOUND('',#9547,.T.);
#10346=FACE_BOUND('',#9548,.T.);
#10347=FACE_BOUND('',#9549,.T.);
#10348=FACE_BOUND('',#9550,.T.);
#10349=FACE_BOUND('',#9551,.T.);
#10350=FACE_BOUND('',#9552,.T.);
#10351=FACE_BOUND('',#9553,.T.);
#10352=FACE_BOUND('',#9554,.T.);
#10353=FACE_BOUND('',#9555,.T.);
#10354=FACE_BOUND('',#9556,.T.);
#10355=FACE_BOUND('',#9557,.T.);
#10356=FACE_BOUND('',#9558,.T.);
#10357=FACE_BOUND('',#9559,.T.);
#10358=FACE_BOUND('',#9560,.T.);
#10359=FACE_BOUND('',#9561,.T.);
#10360=FACE_BOUND('',#9562,.T.);
#10361=FACE_BOUND('',#9563,.T.);
#10362=FACE_BOUND('',#9564,.T.);
#10363=FACE_BOUND('',#9565,.T.);
#10364=FACE_BOUND('',#9566,.T.);
#10365=FACE_BOUND('',#9567,.T.);
#10366=FACE_BOUND('',#9568,.T.);
#10367=FACE_BOUND('',#9569,.T.);
#10368=FACE_BOUND('',#9570,.T.);
#10369=FACE_BOUND('',#9571,.T.);
#10370=FACE_BOUND('',#9572,.T.);
#10371=FACE_BOUND('',#9573,.T.);
#10372=FACE_BOUND('',#9574,.T.);
#10373=FACE_BOUND('',#9575,.T.);
#10374=FACE_BOUND('',#9576,.T.);
#10375=FACE_BOUND('',#9577,.T.);
#10376=FACE_BOUND('',#9578,.T.);
#10377=FACE_BOUND('',#9579,.T.);
#10378=FACE_BOUND('',#9580,.T.);
#10379=FACE_BOUND('',#9581,.T.);
#10380=FACE_BOUND('',#9582,.T.);
#10381=FACE_BOUND('',#9583,.T.);
#10382=FACE_BOUND('',#9584,.T.);
#10383=FACE_BOUND('',#9585,.T.);
#10384=FACE_BOUND('',#9586,.T.);
#10385=FACE_BOUND('',#9587,.T.);
#10386=FACE_BOUND('',#9588,.T.);
#10387=FACE_BOUND('',#9589,.T.);
#10388=FACE_BOUND('',#9590,.T.);
#10389=FACE_BOUND('',#9591,.T.);
#10390=FACE_BOUND('',#9592,.T.);
#10391=FACE_BOUND('',#9593,.T.);
#10392=FACE_BOUND('',#9594,.T.);
#10393=FACE_BOUND('',#9595,.T.);
#10394=FACE_BOUND('',#9596,.T.);
#10395=FACE_BOUND('',#9597,.T.);
#10396=FACE_BOUND('',#9598,.T.);
#10397=FACE_BOUND('',#9599,.T.);
#10398=FACE_BOUND('',#9600,.T.);
#10399=FACE_BOUND('',#9601,.T.);
#10400=FACE_BOUND('',#9602,.T.);
#10401=FACE_BOUND('',#9603,.T.);
#10402=FACE_BOUND('',#9604,.T.);
#10403=FACE_BOUND('',#9605,.T.);
#10404=FACE_BOUND('',#9606,.T.);
#10405=FACE_BOUND('',#9607,.T.);
#10406=FACE_BOUND('',#9608,.T.);
#10407=FACE_BOUND('',#9609,.T.);
#10408=FACE_BOUND('',#9610,.T.);
#10409=FACE_BOUND('',#9611,.T.);
#10410=FACE_BOUND('',#9612,.T.);
#10411=FACE_BOUND('',#9613,.T.);
#10412=FACE_BOUND('',#9614,.T.);
#10413=FACE_BOUND('',#9615,.T.);
#10414=FACE_BOUND('',#9616,.T.);
#10415=FACE_BOUND('',#9617,.T.);
#10416=FACE_BOUND('',#9618,.T.);
#10417=FACE_BOUND('',#9619,.T.);
#10418=FACE_BOUND('',#9620,.T.);
#10419=FACE_BOUND('',#9621,.T.);
#10420=FACE_BOUND('',#9622,.T.);
#10421=FACE_BOUND('',#9623,.T.);
#10422=FACE_BOUND('',#9624,.T.);
#10423=FACE_BOUND('',#9625,.T.);
#10424=FACE_BOUND('',#9626,.T.);
#10425=FACE_BOUND('',#9627,.T.);
#10426=FACE_BOUND('',#9628,.T.);
#10427=FACE_BOUND('',#9629,.T.);
#10428=FACE_BOUND('',#9630,.T.);
#10429=FACE_BOUND('',#9631,.T.);
#10430=FACE_BOUND('',#9632,.T.);
#10431=FACE_BOUND('',#9633,.T.);
#10432=FACE_BOUND('',#9634,.T.);
#10433=FACE_BOUND('',#9635,.T.);
#10434=FACE_BOUND('',#9636,.T.);
#10435=FACE_BOUND('',#9637,.T.);
#10436=FACE_BOUND('',#9638,.T.);
#10437=FACE_BOUND('',#9639,.T.);
#10438=FACE_BOUND('',#9640,.T.);
#10439=FACE_BOUND('',#9641,.T.);
#10440=FACE_BOUND('',#9642,.T.);
#10441=FACE_BOUND('',#9643,.T.);
#10442=PLANE('',#11743);
#10443=PLANE('',#11744);
#10444=PLANE('',#11745);
#10445=PLANE('',#11746);
#10446=PLANE('',#11747);
#10447=PLANE('',#11749);
#10448=PLANE('',#11750);
#10449=PLANE('',#11751);
#10450=PLANE('',#11752);
#10451=PLANE('',#11753);
#10452=PLANE('',#11754);
#10453=PLANE('',#11755);
#10454=PLANE('',#11756);
#10455=PLANE('',#11757);
#10456=PLANE('',#11758);
#10457=PLANE('',#11759);
#10458=PLANE('',#11760);
#10459=PLANE('',#11761);
#10460=PLANE('',#11762);
#10461=PLANE('',#11763);
#10462=PLANE('',#11764);
#10463=PLANE('',#11765);
#10464=PLANE('',#11766);
#10465=PLANE('',#11767);
#10466=PLANE('',#11768);
#10467=PLANE('',#11769);
#10468=PLANE('',#11772);
#10469=PLANE('',#11777);
#10470=PLANE('',#11786);
#10471=PLANE('',#11806);
#10472=PLANE('',#11809);
#10473=PLANE('',#11810);
#10474=PLANE('',#11813);
#10475=PLANE('',#11814);
#10476=PLANE('',#11817);
#10477=PLANE('',#11818);
#10478=PLANE('',#11821);
#10479=PLANE('',#11822);
#10480=PLANE('',#11843);
#10481=PLANE('',#11846);
#10482=PLANE('',#11849);
#10483=PLANE('',#11852);
#10484=PLANE('',#11853);
#10485=PLANE('',#11854);
#10486=PLANE('',#11855);
#10487=PLANE('',#11856);
#10488=PLANE('',#11857);
#10489=PLANE('',#11870);
#10490=PLANE('',#11873);
#10491=PLANE('',#11874);
#10492=PLANE('',#11877);
#10493=PLANE('',#11878);
#10494=PLANE('',#11879);
#10495=PLANE('',#11880);
#10496=PLANE('',#11881);
#10497=PLANE('',#11882);
#10498=PLANE('',#11883);
#10499=PLANE('',#11884);
#10500=PLANE('',#11885);
#10501=PLANE('',#11886);
#10502=PLANE('',#11887);
#10503=PLANE('',#11888);
#10504=PLANE('',#11889);
#10505=PLANE('',#11890);
#10506=PLANE('',#11891);
#10507=PLANE('',#11892);
#10508=PLANE('',#11893);
#10509=PLANE('',#11894);
#10510=PLANE('',#11895);
#10511=PLANE('',#11896);
#10512=PLANE('',#11897);
#10513=PLANE('',#11898);
#10514=PLANE('',#11899);
#10515=PLANE('',#11900);
#10516=PLANE('',#11901);
#10517=PLANE('',#11902);
#10518=PLANE('',#11903);
#10519=PLANE('',#11904);
#10520=PLANE('',#11905);
#10521=PLANE('',#11906);
#10522=PLANE('',#11907);
#10523=PLANE('',#11908);
#10524=PLANE('',#11909);
#10525=PLANE('',#11910);
#10526=PLANE('',#11911);
#10527=PLANE('',#11912);
#10528=PLANE('',#11913);
#10529=PLANE('',#11914);
#10530=PLANE('',#11915);
#10531=PLANE('',#11916);
#10532=PLANE('',#11917);
#10533=PLANE('',#11918);
#10534=PLANE('',#11919);
#10535=PLANE('',#11920);
#10536=PLANE('',#11921);
#10537=PLANE('',#11922);
#10538=PLANE('',#11923);
#10539=PLANE('',#11924);
#10540=PLANE('',#11925);
#10541=PLANE('',#11926);
#10542=PLANE('',#11927);
#10543=PLANE('',#11928);
#10544=PLANE('',#11929);
#10545=PLANE('',#11930);
#10546=PLANE('',#11931);
#10547=PLANE('',#11932);
#10548=PLANE('',#11933);
#10549=PLANE('',#11934);
#10550=PLANE('',#11935);
#10551=PLANE('',#11936);
#10552=PLANE('',#11937);
#10553=PLANE('',#11938);
#10554=PLANE('',#11939);
#10555=PLANE('',#11940);
#10556=PLANE('',#11941);
#10557=PLANE('',#11942);
#10558=PLANE('',#11943);
#10559=PLANE('',#11944);
#10560=PLANE('',#11945);
#10561=PLANE('',#11946);
#10562=PLANE('',#11947);
#10563=PLANE('',#11948);
#10564=PLANE('',#11949);
#10565=PLANE('',#11950);
#10566=PLANE('',#11951);
#10567=PLANE('',#11952);
#10568=PLANE('',#11953);
#10569=PLANE('',#11954);
#10570=PLANE('',#11955);
#10571=PLANE('',#11956);
#10572=PLANE('',#11957);
#10573=PLANE('',#11958);
#10574=PLANE('',#11959);
#10575=PLANE('',#11960);
#10576=PLANE('',#11961);
#10577=PLANE('',#11962);
#10578=PLANE('',#11963);
#10579=PLANE('',#11964);
#10580=PLANE('',#11965);
#10581=PLANE('',#11966);
#10582=PLANE('',#11967);
#10583=PLANE('',#11968);
#10584=PLANE('',#11969);
#10585=PLANE('',#11970);
#10586=PLANE('',#11971);
#10587=PLANE('',#11972);
#10588=PLANE('',#11973);
#10589=PLANE('',#11974);
#10590=PLANE('',#11975);
#10591=PLANE('',#11976);
#10592=PLANE('',#11977);
#10593=PLANE('',#11978);
#10594=PLANE('',#11979);
#10595=PLANE('',#11980);
#10596=PLANE('',#11981);
#10597=PLANE('',#11982);
#10598=PLANE('',#11983);
#10599=PLANE('',#11984);
#10600=PLANE('',#11985);
#10601=PLANE('',#11986);
#10602=PLANE('',#11987);
#10603=PLANE('',#11988);
#10604=PLANE('',#11989);
#10605=PLANE('',#11990);
#10606=PLANE('',#11991);
#10607=PLANE('',#11992);
#10608=PLANE('',#11993);
#10609=PLANE('',#11994);
#10610=PLANE('',#11995);
#10611=PLANE('',#11996);
#10612=PLANE('',#11997);
#10613=PLANE('',#11998);
#10614=PLANE('',#11999);
#10615=PLANE('',#12000);
#10616=PLANE('',#12001);
#10617=PLANE('',#12002);
#10618=PLANE('',#12003);
#10619=PLANE('',#12004);
#10620=PLANE('',#12005);
#10621=PLANE('',#12006);
#10622=PLANE('',#12007);
#10623=PLANE('',#12008);
#10624=PLANE('',#12009);
#10625=PLANE('',#12010);
#10626=PLANE('',#12011);
#10627=PLANE('',#12012);
#10628=PLANE('',#12013);
#10629=PLANE('',#12014);
#10630=PLANE('',#12015);
#10631=PLANE('',#12016);
#10632=PLANE('',#12017);
#10633=PLANE('',#12018);
#10634=PLANE('',#12019);
#10635=PLANE('',#12020);
#10636=PLANE('',#12021);
#10637=PLANE('',#12022);
#10638=PLANE('',#12023);
#10639=PLANE('',#12024);
#10640=PLANE('',#12025);
#10641=PLANE('',#12026);
#10642=PLANE('',#12027);
#10643=PLANE('',#12028);
#10644=PLANE('',#12029);
#10645=PLANE('',#12030);
#10646=PLANE('',#12031);
#10647=PLANE('',#12032);
#10648=PLANE('',#12033);
#10649=PLANE('',#12034);
#10650=PLANE('',#12035);
#10651=PLANE('',#12036);
#10652=PLANE('',#12037);
#10653=PLANE('',#12038);
#10654=PLANE('',#12039);
#10655=PLANE('',#12040);
#10656=PLANE('',#12041);
#10657=PLANE('',#12042);
#10658=PLANE('',#12043);
#10659=PLANE('',#12044);
#10660=PLANE('',#12045);
#10661=PLANE('',#12046);
#10662=PLANE('',#12047);
#10663=PLANE('',#12048);
#10664=PLANE('',#12049);
#10665=PLANE('',#12050);
#10666=PLANE('',#12051);
#10667=PLANE('',#12052);
#10668=PLANE('',#12053);
#10669=PLANE('',#12054);
#10670=PLANE('',#12055);
#10671=PLANE('',#12056);
#10672=PLANE('',#12057);
#10673=PLANE('',#12058);
#10674=PLANE('',#12059);
#10675=PLANE('',#12060);
#10676=PLANE('',#12061);
#10677=PLANE('',#12062);
#10678=PLANE('',#12065);
#10679=PLANE('',#12068);
#10680=PLANE('',#12071);
#10681=PLANE('',#12072);
#10682=PLANE('',#12073);
#10683=PLANE('',#12074);
#10684=PLANE('',#12075);
#10685=PLANE('',#12076);
#10686=PLANE('',#12077);
#10687=PLANE('',#12078);
#10688=PLANE('',#12079);
#10689=PLANE('',#12080);
#10690=PLANE('',#12081);
#10691=PLANE('',#12082);
#10692=PLANE('',#12083);
#10693=PLANE('',#12084);
#10694=PLANE('',#12085);
#10695=PLANE('',#12086);
#10696=PLANE('',#12087);
#10697=PLANE('',#12088);
#10698=PLANE('',#12092);
#10699=PLANE('',#12096);
#10700=PLANE('',#12099);
#10701=PLANE('',#12100);
#10702=PLANE('',#12101);
#10703=PLANE('',#12102);
#10704=PLANE('',#12103);
#10705=PLANE('',#12104);
#10706=PLANE('',#12105);
#10707=PLANE('',#12106);
#10708=PLANE('',#12107);
#10709=PLANE('',#12108);
#10710=PLANE('',#12109);
#10711=PLANE('',#12110);
#10712=PLANE('',#12111);
#10713=PLANE('',#12112);
#10714=PLANE('',#12113);
#10715=PLANE('',#12114);
#10716=PLANE('',#12115);
#10717=PLANE('',#12116);
#10718=PLANE('',#12117);
#10719=PLANE('',#12118);
#10720=PLANE('',#12119);
#10721=PLANE('',#12120);
#10722=PLANE('',#12121);
#10723=PLANE('',#12122);
#10724=PLANE('',#12123);
#10725=PLANE('',#12124);
#10726=PLANE('',#12125);
#10727=PLANE('',#12126);
#10728=PLANE('',#12127);
#10729=PLANE('',#12128);
#10730=PLANE('',#12129);
#10731=PLANE('',#12130);
#10732=PLANE('',#12131);
#10733=PLANE('',#12132);
#10734=PLANE('',#12133);
#10735=PLANE('',#12134);
#10736=PLANE('',#12135);
#10737=PLANE('',#12136);
#10738=PLANE('',#12137);
#10739=PLANE('',#12138);
#10740=PLANE('',#12139);
#10741=PLANE('',#12140);
#10742=PLANE('',#12141);
#10743=PLANE('',#12142);
#10744=PLANE('',#12143);
#10745=PLANE('',#12144);
#10746=PLANE('',#12145);
#10747=PLANE('',#12146);
#10748=PLANE('',#12147);
#10749=PLANE('',#12148);
#10750=PLANE('',#12149);
#10751=PLANE('',#12150);
#10752=PLANE('',#12151);
#10753=PLANE('',#12152);
#10754=PLANE('',#12153);
#10755=PLANE('',#12154);
#10756=PLANE('',#12155);
#10757=PLANE('',#12156);
#10758=PLANE('',#12157);
#10759=PLANE('',#12158);
#10760=PLANE('',#12159);
#10761=PLANE('',#12160);
#10762=PLANE('',#12161);
#10763=PLANE('',#12162);
#10764=PLANE('',#12163);
#10765=PLANE('',#12164);
#10766=PLANE('',#12165);
#10767=PLANE('',#12166);
#10768=PLANE('',#12167);
#10769=PLANE('',#12168);
#10770=PLANE('',#12169);
#10771=PLANE('',#12170);
#10772=PLANE('',#12171);
#10773=PLANE('',#12172);
#10774=PLANE('',#12173);
#10775=PLANE('',#12174);
#10776=PLANE('',#12175);
#10777=PLANE('',#12176);
#10778=PLANE('',#12177);
#10779=PLANE('',#12178);
#10780=PLANE('',#12179);
#10781=PLANE('',#12180);
#10782=PLANE('',#12181);
#10783=PLANE('',#12182);
#10784=PLANE('',#12183);
#10785=PLANE('',#12184);
#10786=PLANE('',#12185);
#10787=PLANE('',#12186);
#10788=PLANE('',#12187);
#10789=PLANE('',#12188);
#10790=PLANE('',#12189);
#10791=PLANE('',#12190);
#10792=PLANE('',#12191);
#10793=PLANE('',#12192);
#10794=PLANE('',#12193);
#10795=PLANE('',#12194);
#10796=PLANE('',#12195);
#10797=PLANE('',#12196);
#10798=PLANE('',#12197);
#10799=PLANE('',#12198);
#10800=PLANE('',#12199);
#10801=PLANE('',#12200);
#10802=PLANE('',#12201);
#10803=PLANE('',#12202);
#10804=PLANE('',#12203);
#10805=PLANE('',#12204);
#10806=PLANE('',#12205);
#10807=PLANE('',#12206);
#10808=PLANE('',#12207);
#10809=PLANE('',#12208);
#10810=PLANE('',#12209);
#10811=PLANE('',#12210);
#10812=PLANE('',#12211);
#10813=PLANE('',#12212);
#10814=PLANE('',#12213);
#10815=PLANE('',#12214);
#10816=PLANE('',#12215);
#10817=PLANE('',#12216);
#10818=PLANE('',#12217);
#10819=PLANE('',#12218);
#10820=PLANE('',#12219);
#10821=PLANE('',#12220);
#10822=PLANE('',#12221);
#10823=PLANE('',#12222);
#10824=PLANE('',#12223);
#10825=PLANE('',#12224);
#10826=PLANE('',#12225);
#10827=PLANE('',#12226);
#10828=PLANE('',#12227);
#10829=PLANE('',#12228);
#10830=PLANE('',#12229);
#10831=PLANE('',#12230);
#10832=PLANE('',#12231);
#10833=PLANE('',#12232);
#10834=PLANE('',#12233);
#10835=PLANE('',#12234);
#10836=PLANE('',#12235);
#10837=PLANE('',#12236);
#10838=PLANE('',#12237);
#10839=PLANE('',#12238);
#10840=PLANE('',#12239);
#10841=PLANE('',#12240);
#10842=PLANE('',#12241);
#10843=PLANE('',#12242);
#10844=PLANE('',#12243);
#10845=PLANE('',#12244);
#10846=PLANE('',#12245);
#10847=PLANE('',#12246);
#10848=PLANE('',#12247);
#10849=PLANE('',#12248);
#10850=PLANE('',#12249);
#10851=PLANE('',#12250);
#10852=PLANE('',#12251);
#10853=PLANE('',#12252);
#10854=PLANE('',#12253);
#10855=PLANE('',#12254);
#10856=PLANE('',#12255);
#10857=PLANE('',#12256);
#10858=PLANE('',#12257);
#10859=PLANE('',#12258);
#10860=PLANE('',#12259);
#10861=PLANE('',#12260);
#10862=PLANE('',#12261);
#10863=PLANE('',#12262);
#10864=PLANE('',#12263);
#10865=PLANE('',#12264);
#10866=PLANE('',#12265);
#10867=PLANE('',#12266);
#10868=PLANE('',#12267);
#10869=PLANE('',#12268);
#10870=PLANE('',#12269);
#10871=PLANE('',#12270);
#10872=PLANE('',#12271);
#10873=PLANE('',#12272);
#10874=PLANE('',#12273);
#10875=PLANE('',#12274);
#10876=PLANE('',#12275);
#10877=PLANE('',#12276);
#10878=PLANE('',#12277);
#10879=PLANE('',#12278);
#10880=PLANE('',#12279);
#10881=PLANE('',#12280);
#10882=PLANE('',#12281);
#10883=PLANE('',#12282);
#10884=PLANE('',#12283);
#10885=PLANE('',#12284);
#10886=PLANE('',#12285);
#10887=PLANE('',#12286);
#10888=PLANE('',#12287);
#10889=PLANE('',#12288);
#10890=PLANE('',#12289);
#10891=PLANE('',#12290);
#10892=PLANE('',#12291);
#10893=PLANE('',#12292);
#10894=PLANE('',#12293);
#10895=PLANE('',#12294);
#10896=PLANE('',#12295);
#10897=PLANE('',#12296);
#10898=PLANE('',#12297);
#10899=PLANE('',#12298);
#10900=PLANE('',#12299);
#10901=PLANE('',#12300);
#10902=PLANE('',#12301);
#10903=PLANE('',#12302);
#10904=PLANE('',#12303);
#10905=PLANE('',#12304);
#10906=PLANE('',#12305);
#10907=PLANE('',#12306);
#10908=PLANE('',#12307);
#10909=PLANE('',#12308);
#10910=PLANE('',#12309);
#10911=PLANE('',#12310);
#10912=PLANE('',#12311);
#10913=PLANE('',#12312);
#10914=PLANE('',#12313);
#10915=PLANE('',#12314);
#10916=PLANE('',#12315);
#10917=PLANE('',#12316);
#10918=PLANE('',#12317);
#10919=PLANE('',#12318);
#10920=PLANE('',#12319);
#10921=PLANE('',#12320);
#10922=PLANE('',#12321);
#10923=PLANE('',#12322);
#10924=PLANE('',#12323);
#10925=PLANE('',#12324);
#10926=PLANE('',#12325);
#10927=PLANE('',#12326);
#10928=PLANE('',#12327);
#10929=PLANE('',#12328);
#10930=PLANE('',#12329);
#10931=PLANE('',#12330);
#10932=PLANE('',#12331);
#10933=PLANE('',#12332);
#10934=PLANE('',#12333);
#10935=PLANE('',#12334);
#10936=PLANE('',#12335);
#10937=PLANE('',#12336);
#10938=PLANE('',#12337);
#10939=PLANE('',#12338);
#10940=PLANE('',#12339);
#10941=PLANE('',#12340);
#10942=PLANE('',#12341);
#10943=PLANE('',#12342);
#10944=PLANE('',#12343);
#10945=PLANE('',#12344);
#10946=PLANE('',#12345);
#10947=PLANE('',#12346);
#10948=PLANE('',#12347);
#10949=PLANE('',#12348);
#10950=PLANE('',#12349);
#10951=PLANE('',#12350);
#10952=PLANE('',#12351);
#10953=PLANE('',#12352);
#10954=PLANE('',#12353);
#10955=PLANE('',#12354);
#10956=PLANE('',#12355);
#10957=PLANE('',#12356);
#10958=PLANE('',#12357);
#10959=PLANE('',#12358);
#10960=PLANE('',#12359);
#10961=PLANE('',#12360);
#10962=PLANE('',#12361);
#10963=PLANE('',#12362);
#10964=PLANE('',#12363);
#10965=PLANE('',#12364);
#10966=PLANE('',#12365);
#10967=PLANE('',#12366);
#10968=PLANE('',#12367);
#10969=PLANE('',#12368);
#10970=PLANE('',#12369);
#10971=PLANE('',#12370);
#10972=PLANE('',#12371);
#10973=PLANE('',#12372);
#10974=PLANE('',#12373);
#10975=PLANE('',#12374);
#10976=PLANE('',#12375);
#10977=PLANE('',#12376);
#10978=PLANE('',#12377);
#10979=PLANE('',#12378);
#10980=PLANE('',#12379);
#10981=PLANE('',#12380);
#10982=PLANE('',#12381);
#10983=PLANE('',#12382);
#10984=PLANE('',#12383);
#10985=PLANE('',#12384);
#10986=PLANE('',#12385);
#10987=PLANE('',#12386);
#10988=PLANE('',#12387);
#10989=PLANE('',#12388);
#10990=PLANE('',#12389);
#10991=PLANE('',#12390);
#10992=PLANE('',#12391);
#10993=PLANE('',#12392);
#10994=PLANE('',#12393);
#10995=PLANE('',#12394);
#10996=PLANE('',#12395);
#10997=PLANE('',#12396);
#10998=PLANE('',#12397);
#10999=PLANE('',#12398);
#11000=PLANE('',#12399);
#11001=PLANE('',#12400);
#11002=PLANE('',#12401);
#11003=PLANE('',#12402);
#11004=PLANE('',#12403);
#11005=PLANE('',#12404);
#11006=PLANE('',#12405);
#11007=PLANE('',#12406);
#11008=PLANE('',#12407);
#11009=PLANE('',#12408);
#11010=PLANE('',#12409);
#11011=PLANE('',#12410);
#11012=PLANE('',#12411);
#11013=PLANE('',#12412);
#11014=PLANE('',#12413);
#11015=PLANE('',#12414);
#11016=PLANE('',#12415);
#11017=PLANE('',#12416);
#11018=PLANE('',#12417);
#11019=PLANE('',#12418);
#11020=PLANE('',#12419);
#11021=PLANE('',#12420);
#11022=PLANE('',#12421);
#11023=PLANE('',#12422);
#11024=PLANE('',#12423);
#11025=PLANE('',#12424);
#11026=PLANE('',#12425);
#11027=PLANE('',#12426);
#11028=PLANE('',#12427);
#11029=PLANE('',#12428);
#11030=PLANE('',#12429);
#11031=PLANE('',#12430);
#11032=PLANE('',#12431);
#11033=PLANE('',#12432);
#11034=PLANE('',#12433);
#11035=PLANE('',#12434);
#11036=PLANE('',#12435);
#11037=PLANE('',#12436);
#11038=PLANE('',#12437);
#11039=PLANE('',#12438);
#11040=PLANE('',#12439);
#11041=PLANE('',#12440);
#11042=PLANE('',#12441);
#11043=PLANE('',#12442);
#11044=PLANE('',#12443);
#11045=PLANE('',#12444);
#11046=PLANE('',#12445);
#11047=PLANE('',#12446);
#11048=PLANE('',#12447);
#11049=PLANE('',#12448);
#11050=PLANE('',#12449);
#11051=PLANE('',#12450);
#11052=PLANE('',#12451);
#11053=PLANE('',#12452);
#11054=PLANE('',#12453);
#11055=PLANE('',#12454);
#11056=PLANE('',#12455);
#11057=PLANE('',#12456);
#11058=PLANE('',#12457);
#11059=PLANE('',#12458);
#11060=PLANE('',#12459);
#11061=PLANE('',#12460);
#11062=PLANE('',#12461);
#11063=PLANE('',#12462);
#11064=PLANE('',#12463);
#11065=PLANE('',#12464);
#11066=PLANE('',#12465);
#11067=PLANE('',#12466);
#11068=ADVANCED_FACE('',(#9644,#9645,#9646,#9647,#9648,#9649,#9650,#9651,
#9652,#9653,#9654,#9655,#9656,#9657,#9658,#9659,#9660,#9661,#9662,#9663,
#9664,#9665,#9666,#9667,#9668,#9669,#9670,#9671,#9672,#9673,#9674,#9675,
#9676,#9677,#9678),#10442,.T.);
#11069=ADVANCED_FACE('',(#9679),#10443,.F.);
#11070=ADVANCED_FACE('',(#9680),#10444,.F.);
#11071=ADVANCED_FACE('',(#9681,#9682,#9683),#10445,.F.);
#11072=ADVANCED_FACE('',(#9684,#9685,#9686,#9687,#9688),#10446,.F.);
#11073=ADVANCED_FACE('',(#9689,#9690),#10447,.F.);
#11074=ADVANCED_FACE('',(#9691,#9692),#10448,.F.);
#11075=ADVANCED_FACE('',(#9693,#9694),#10449,.F.);
#11076=ADVANCED_FACE('',(#9695,#9696),#10450,.F.);
#11077=ADVANCED_FACE('',(#9697,#9698),#10451,.F.);
#11078=ADVANCED_FACE('',(#9699,#9700),#10452,.F.);
#11079=ADVANCED_FACE('',(#9701,#9702),#10453,.F.);
#11080=ADVANCED_FACE('',(#9703,#9704),#10454,.F.);
#11081=ADVANCED_FACE('',(#9705,#9706),#10455,.F.);
#11082=ADVANCED_FACE('',(#9707,#9708),#10456,.F.);
#11083=ADVANCED_FACE('',(#9709,#9710),#10457,.F.);
#11084=ADVANCED_FACE('',(#9711,#9712),#10458,.F.);
#11085=ADVANCED_FACE('',(#9713,#9714),#10459,.F.);
#11086=ADVANCED_FACE('',(#9715,#9716),#10460,.F.);
#11087=ADVANCED_FACE('',(#9717,#9718),#10461,.F.);
#11088=ADVANCED_FACE('',(#9719,#9720),#10462,.F.);
#11089=ADVANCED_FACE('',(#9721,#9722),#10463,.F.);
#11090=ADVANCED_FACE('',(#9723,#9724),#10464,.F.);
#11091=ADVANCED_FACE('',(#9725,#9726),#10465,.F.);
#11092=ADVANCED_FACE('',(#9727,#9728),#10466,.F.);
#11093=ADVANCED_FACE('',(#9729,#9730,#9731,#9732),#10467,.F.);
#11094=ADVANCED_FACE('',(#9733,#9734),#10468,.F.);
#11095=ADVANCED_FACE('',(#9735,#9736),#10469,.F.);
#11096=ADVANCED_FACE('',(#9737,#9738,#9739,#9740),#10470,.T.);
#11097=ADVANCED_FACE('',(#9741),#28,.T.);
#11098=ADVANCED_FACE('',(#9742),#29,.T.);
#11099=ADVANCED_FACE('',(#9743),#30,.T.);
#11100=ADVANCED_FACE('',(#9744),#31,.T.);
#11101=ADVANCED_FACE('',(#9745),#10471,.T.);
#11102=ADVANCED_FACE('',(#9746),#16,.T.);
#11103=ADVANCED_FACE('',(#9747),#17,.T.);
#11104=ADVANCED_FACE('',(#9748),#10472,.T.);
#11105=ADVANCED_FACE('',(#9749),#10473,.T.);
#11106=ADVANCED_FACE('',(#9750),#18,.T.);
#11107=ADVANCED_FACE('',(#9751),#19,.T.);
#11108=ADVANCED_FACE('',(#9752),#10474,.T.);
#11109=ADVANCED_FACE('',(#9753),#10475,.F.);
#11110=ADVANCED_FACE('',(#9754),#20,.T.);
#11111=ADVANCED_FACE('',(#9755),#21,.T.);
#11112=ADVANCED_FACE('',(#9756),#10476,.F.);
#11113=ADVANCED_FACE('',(#9757),#10477,.F.);
#11114=ADVANCED_FACE('',(#9758),#22,.T.);
#11115=ADVANCED_FACE('',(#9759),#23,.T.);
#11116=ADVANCED_FACE('',(#9760),#10478,.F.);
#11117=ADVANCED_FACE('',(#9761,#9762,#9763),#10479,.T.);
#11118=ADVANCED_FACE('',(#9764),#12,.F.);
#11119=ADVANCED_FACE('',(#9765),#32,.F.);
#11120=ADVANCED_FACE('',(#9766),#13,.F.);
#11121=ADVANCED_FACE('',(#9767),#14,.F.);
#11122=ADVANCED_FACE('',(#9768),#33,.F.);
#11123=ADVANCED_FACE('',(#9769),#15,.F.);
#11124=ADVANCED_FACE('',(#9770,#9771),#34,.T.);
#11125=ADVANCED_FACE('',(#9772),#10480,.T.);
#11126=ADVANCED_FACE('',(#9773,#9774),#35,.T.);
#11127=ADVANCED_FACE('',(#9775),#10481,.T.);
#11128=ADVANCED_FACE('',(#9776,#9777),#36,.F.);
#11129=ADVANCED_FACE('',(#9778),#10482,.T.);
#11130=ADVANCED_FACE('',(#9779,#9780),#37,.F.);
#11131=ADVANCED_FACE('',(#9781),#10483,.T.);
#11132=ADVANCED_FACE('',(#9782),#10484,.F.);
#11133=ADVANCED_FACE('',(#9783),#10485,.F.);
#11134=ADVANCED_FACE('',(#9784),#10486,.F.);
#11135=ADVANCED_FACE('',(#9785),#10487,.F.);
#11136=ADVANCED_FACE('',(#9786),#10488,.F.);
#11137=ADVANCED_FACE('',(#9787),#38,.F.);
#11138=ADVANCED_FACE('',(#9788),#39,.F.);
#11139=ADVANCED_FACE('',(#9789),#40,.F.);
#11140=ADVANCED_FACE('',(#9790),#41,.F.);
#11141=ADVANCED_FACE('',(#9791),#10489,.F.);
#11142=ADVANCED_FACE('',(#9792),#24,.F.);
#11143=ADVANCED_FACE('',(#9793),#25,.F.);
#11144=ADVANCED_FACE('',(#9794),#10490,.F.);
#11145=ADVANCED_FACE('',(#9795),#10491,.F.);
#11146=ADVANCED_FACE('',(#9796),#26,.F.);
#11147=ADVANCED_FACE('',(#9797),#27,.F.);
#11148=ADVANCED_FACE('',(#9798),#10492,.F.);
#11149=ADVANCED_FACE('',(#9799),#10493,.F.);
#11150=ADVANCED_FACE('',(#9800),#10494,.F.);
#11151=ADVANCED_FACE('',(#9801),#10495,.F.);
#11152=ADVANCED_FACE('',(#9802),#10496,.F.);
#11153=ADVANCED_FACE('',(#9803,#9804,#9805,#9806,#9807,#9808,#9809,#9810,
#9811,#9812,#9813,#9814,#9815,#9816,#9817,#9818,#9819,#9820,#9821,#9822,
#9823),#10497,.F.);
#11154=ADVANCED_FACE('',(#9824),#10498,.F.);
#11155=ADVANCED_FACE('',(#9825),#10499,.F.);
#11156=ADVANCED_FACE('',(#9826),#10500,.F.);
#11157=ADVANCED_FACE('',(#9827),#10501,.F.);
#11158=ADVANCED_FACE('',(#9828),#10502,.F.);
#11159=ADVANCED_FACE('',(#9829),#10503,.F.);
#11160=ADVANCED_FACE('',(#9830),#10504,.F.);
#11161=ADVANCED_FACE('',(#9831),#10505,.F.);
#11162=ADVANCED_FACE('',(#9832),#10506,.F.);
#11163=ADVANCED_FACE('',(#9833),#10507,.F.);
#11164=ADVANCED_FACE('',(#9834),#10508,.F.);
#11165=ADVANCED_FACE('',(#9835),#10509,.F.);
#11166=ADVANCED_FACE('',(#9836),#10510,.F.);
#11167=ADVANCED_FACE('',(#9837),#10511,.F.);
#11168=ADVANCED_FACE('',(#9838),#10512,.F.);
#11169=ADVANCED_FACE('',(#9839),#10513,.F.);
#11170=ADVANCED_FACE('',(#9840),#10514,.F.);
#11171=ADVANCED_FACE('',(#9841),#10515,.F.);
#11172=ADVANCED_FACE('',(#9842),#10516,.F.);
#11173=ADVANCED_FACE('',(#9843),#10517,.F.);
#11174=ADVANCED_FACE('',(#9844),#10518,.F.);
#11175=ADVANCED_FACE('',(#9845),#10519,.F.);
#11176=ADVANCED_FACE('',(#9846),#10520,.F.);
#11177=ADVANCED_FACE('',(#9847),#10521,.F.);
#11178=ADVANCED_FACE('',(#9848),#10522,.F.);
#11179=ADVANCED_FACE('',(#9849),#10523,.F.);
#11180=ADVANCED_FACE('',(#9850),#10524,.F.);
#11181=ADVANCED_FACE('',(#9851),#10525,.F.);
#11182=ADVANCED_FACE('',(#9852),#10526,.F.);
#11183=ADVANCED_FACE('',(#9853),#10527,.F.);
#11184=ADVANCED_FACE('',(#9854),#10528,.F.);
#11185=ADVANCED_FACE('',(#9855),#10529,.F.);
#11186=ADVANCED_FACE('',(#9856),#10530,.F.);
#11187=ADVANCED_FACE('',(#9857),#10531,.F.);
#11188=ADVANCED_FACE('',(#9858),#10532,.F.);
#11189=ADVANCED_FACE('',(#9859),#10533,.F.);
#11190=ADVANCED_FACE('',(#9860),#10534,.F.);
#11191=ADVANCED_FACE('',(#9861),#10535,.F.);
#11192=ADVANCED_FACE('',(#9862),#10536,.F.);
#11193=ADVANCED_FACE('',(#9863),#10537,.F.);
#11194=ADVANCED_FACE('',(#9864),#10538,.F.);
#11195=ADVANCED_FACE('',(#9865),#10539,.F.);
#11196=ADVANCED_FACE('',(#9866),#10540,.F.);
#11197=ADVANCED_FACE('',(#9867),#10541,.F.);
#11198=ADVANCED_FACE('',(#9868),#10542,.F.);
#11199=ADVANCED_FACE('',(#9869),#10543,.F.);
#11200=ADVANCED_FACE('',(#9870),#10544,.F.);
#11201=ADVANCED_FACE('',(#9871),#10545,.F.);
#11202=ADVANCED_FACE('',(#9872),#10546,.F.);
#11203=ADVANCED_FACE('',(#9873),#10547,.F.);
#11204=ADVANCED_FACE('',(#9874),#10548,.F.);
#11205=ADVANCED_FACE('',(#9875),#10549,.F.);
#11206=ADVANCED_FACE('',(#9876),#10550,.F.);
#11207=ADVANCED_FACE('',(#9877),#10551,.F.);
#11208=ADVANCED_FACE('',(#9878),#10552,.F.);
#11209=ADVANCED_FACE('',(#9879),#10553,.F.);
#11210=ADVANCED_FACE('',(#9880),#10554,.F.);
#11211=ADVANCED_FACE('',(#9881),#10555,.F.);
#11212=ADVANCED_FACE('',(#9882),#10556,.F.);
#11213=ADVANCED_FACE('',(#9883),#10557,.F.);
#11214=ADVANCED_FACE('',(#9884),#10558,.F.);
#11215=ADVANCED_FACE('',(#9885),#10559,.F.);
#11216=ADVANCED_FACE('',(#9886),#10560,.F.);
#11217=ADVANCED_FACE('',(#9887),#10561,.F.);
#11218=ADVANCED_FACE('',(#9888),#10562,.F.);
#11219=ADVANCED_FACE('',(#9889),#10563,.F.);
#11220=ADVANCED_FACE('',(#9890),#10564,.F.);
#11221=ADVANCED_FACE('',(#9891),#10565,.F.);
#11222=ADVANCED_FACE('',(#9892),#10566,.F.);
#11223=ADVANCED_FACE('',(#9893),#10567,.F.);
#11224=ADVANCED_FACE('',(#9894),#10568,.F.);
#11225=ADVANCED_FACE('',(#9895),#10569,.F.);
#11226=ADVANCED_FACE('',(#9896),#10570,.F.);
#11227=ADVANCED_FACE('',(#9897),#10571,.F.);
#11228=ADVANCED_FACE('',(#9898),#10572,.F.);
#11229=ADVANCED_FACE('',(#9899),#10573,.F.);
#11230=ADVANCED_FACE('',(#9900),#10574,.F.);
#11231=ADVANCED_FACE('',(#9901),#10575,.F.);
#11232=ADVANCED_FACE('',(#9902),#10576,.F.);
#11233=ADVANCED_FACE('',(#9903),#10577,.F.);
#11234=ADVANCED_FACE('',(#9904),#10578,.F.);
#11235=ADVANCED_FACE('',(#9905),#10579,.F.);
#11236=ADVANCED_FACE('',(#9906),#10580,.F.);
#11237=ADVANCED_FACE('',(#9907),#10581,.F.);
#11238=ADVANCED_FACE('',(#9908),#10582,.F.);
#11239=ADVANCED_FACE('',(#9909),#10583,.F.);
#11240=ADVANCED_FACE('',(#9910),#10584,.F.);
#11241=ADVANCED_FACE('',(#9911),#10585,.F.);
#11242=ADVANCED_FACE('',(#9912),#10586,.F.);
#11243=ADVANCED_FACE('',(#9913),#10587,.F.);
#11244=ADVANCED_FACE('',(#9914),#10588,.F.);
#11245=ADVANCED_FACE('',(#9915),#10589,.F.);
#11246=ADVANCED_FACE('',(#9916),#10590,.F.);
#11247=ADVANCED_FACE('',(#9917),#10591,.F.);
#11248=ADVANCED_FACE('',(#9918),#10592,.F.);
#11249=ADVANCED_FACE('',(#9919),#10593,.F.);
#11250=ADVANCED_FACE('',(#9920),#10594,.F.);
#11251=ADVANCED_FACE('',(#9921),#10595,.F.);
#11252=ADVANCED_FACE('',(#9922),#10596,.F.);
#11253=ADVANCED_FACE('',(#9923),#10597,.F.);
#11254=ADVANCED_FACE('',(#9924),#10598,.F.);
#11255=ADVANCED_FACE('',(#9925),#10599,.F.);
#11256=ADVANCED_FACE('',(#9926),#10600,.F.);
#11257=ADVANCED_FACE('',(#9927),#10601,.F.);
#11258=ADVANCED_FACE('',(#9928),#10602,.F.);
#11259=ADVANCED_FACE('',(#9929),#10603,.F.);
#11260=ADVANCED_FACE('',(#9930),#10604,.F.);
#11261=ADVANCED_FACE('',(#9931),#10605,.F.);
#11262=ADVANCED_FACE('',(#9932),#10606,.F.);
#11263=ADVANCED_FACE('',(#9933),#10607,.F.);
#11264=ADVANCED_FACE('',(#9934),#10608,.F.);
#11265=ADVANCED_FACE('',(#9935),#10609,.F.);
#11266=ADVANCED_FACE('',(#9936),#10610,.F.);
#11267=ADVANCED_FACE('',(#9937),#10611,.F.);
#11268=ADVANCED_FACE('',(#9938),#10612,.F.);
#11269=ADVANCED_FACE('',(#9939),#10613,.F.);
#11270=ADVANCED_FACE('',(#9940),#10614,.F.);
#11271=ADVANCED_FACE('',(#9941),#10615,.F.);
#11272=ADVANCED_FACE('',(#9942),#10616,.F.);
#11273=ADVANCED_FACE('',(#9943),#10617,.F.);
#11274=ADVANCED_FACE('',(#9944),#10618,.F.);
#11275=ADVANCED_FACE('',(#9945),#10619,.F.);
#11276=ADVANCED_FACE('',(#9946),#10620,.F.);
#11277=ADVANCED_FACE('',(#9947),#10621,.F.);
#11278=ADVANCED_FACE('',(#9948),#10622,.F.);
#11279=ADVANCED_FACE('',(#9949),#10623,.F.);
#11280=ADVANCED_FACE('',(#9950),#10624,.F.);
#11281=ADVANCED_FACE('',(#9951),#10625,.F.);
#11282=ADVANCED_FACE('',(#9952),#10626,.F.);
#11283=ADVANCED_FACE('',(#9953),#10627,.F.);
#11284=ADVANCED_FACE('',(#9954),#10628,.F.);
#11285=ADVANCED_FACE('',(#9955),#10629,.F.);
#11286=ADVANCED_FACE('',(#9956),#10630,.F.);
#11287=ADVANCED_FACE('',(#9957),#10631,.F.);
#11288=ADVANCED_FACE('',(#9958),#10632,.F.);
#11289=ADVANCED_FACE('',(#9959),#10633,.F.);
#11290=ADVANCED_FACE('',(#9960),#10634,.F.);
#11291=ADVANCED_FACE('',(#9961),#10635,.F.);
#11292=ADVANCED_FACE('',(#9962),#10636,.F.);
#11293=ADVANCED_FACE('',(#9963),#10637,.F.);
#11294=ADVANCED_FACE('',(#9964),#10638,.F.);
#11295=ADVANCED_FACE('',(#9965),#10639,.F.);
#11296=ADVANCED_FACE('',(#9966),#10640,.F.);
#11297=ADVANCED_FACE('',(#9967),#10641,.F.);
#11298=ADVANCED_FACE('',(#9968),#10642,.F.);
#11299=ADVANCED_FACE('',(#9969),#10643,.F.);
#11300=ADVANCED_FACE('',(#9970),#10644,.F.);
#11301=ADVANCED_FACE('',(#9971),#10645,.F.);
#11302=ADVANCED_FACE('',(#9972),#10646,.F.);
#11303=ADVANCED_FACE('',(#9973),#10647,.F.);
#11304=ADVANCED_FACE('',(#9974),#10648,.F.);
#11305=ADVANCED_FACE('',(#9975),#10649,.F.);
#11306=ADVANCED_FACE('',(#9976),#10650,.F.);
#11307=ADVANCED_FACE('',(#9977),#10651,.F.);
#11308=ADVANCED_FACE('',(#9978),#10652,.F.);
#11309=ADVANCED_FACE('',(#9979),#10653,.F.);
#11310=ADVANCED_FACE('',(#9980),#10654,.F.);
#11311=ADVANCED_FACE('',(#9981),#10655,.F.);
#11312=ADVANCED_FACE('',(#9982),#10656,.F.);
#11313=ADVANCED_FACE('',(#9983),#10657,.F.);
#11314=ADVANCED_FACE('',(#9984),#10658,.F.);
#11315=ADVANCED_FACE('',(#9985),#10659,.F.);
#11316=ADVANCED_FACE('',(#9986),#10660,.F.);
#11317=ADVANCED_FACE('',(#9987),#10661,.F.);
#11318=ADVANCED_FACE('',(#9988),#10662,.F.);
#11319=ADVANCED_FACE('',(#9989),#10663,.F.);
#11320=ADVANCED_FACE('',(#9990),#10664,.F.);
#11321=ADVANCED_FACE('',(#9991),#10665,.F.);
#11322=ADVANCED_FACE('',(#9992),#10666,.F.);
#11323=ADVANCED_FACE('',(#9993),#10667,.F.);
#11324=ADVANCED_FACE('',(#9994),#10668,.F.);
#11325=ADVANCED_FACE('',(#9995),#10669,.F.);
#11326=ADVANCED_FACE('',(#9996),#10670,.F.);
#11327=ADVANCED_FACE('',(#9997),#10671,.F.);
#11328=ADVANCED_FACE('',(#9998),#10672,.F.);
#11329=ADVANCED_FACE('',(#9999),#10673,.F.);
#11330=ADVANCED_FACE('',(#10000),#10674,.F.);
#11331=ADVANCED_FACE('',(#10001),#10675,.F.);
#11332=ADVANCED_FACE('',(#10002),#10676,.F.);
#11333=ADVANCED_FACE('',(#10003),#10677,.F.);
#11334=ADVANCED_FACE('',(#10004,#10005),#42,.F.);
#11335=ADVANCED_FACE('',(#10006),#10678,.T.);
#11336=ADVANCED_FACE('',(#10007,#10008),#43,.F.);
#11337=ADVANCED_FACE('',(#10009),#10679,.T.);
#11338=ADVANCED_FACE('',(#10010,#10011),#44,.F.);
#11339=ADVANCED_FACE('',(#10012),#10680,.T.);
#11340=ADVANCED_FACE('',(#10013),#10681,.F.);
#11341=ADVANCED_FACE('',(#10014),#10682,.F.);
#11342=ADVANCED_FACE('',(#10015),#10683,.F.);
#11343=ADVANCED_FACE('',(#10016),#10684,.F.);
#11344=ADVANCED_FACE('',(#10017),#10685,.T.);
#11345=ADVANCED_FACE('',(#10018),#10686,.F.);
#11346=ADVANCED_FACE('',(#10019),#10687,.F.);
#11347=ADVANCED_FACE('',(#10020),#10688,.F.);
#11348=ADVANCED_FACE('',(#10021),#10689,.F.);
#11349=ADVANCED_FACE('',(#10022),#10690,.F.);
#11350=ADVANCED_FACE('',(#10023),#10691,.T.);
#11351=ADVANCED_FACE('',(#10024),#10692,.T.);
#11352=ADVANCED_FACE('',(#10025),#10693,.F.);
#11353=ADVANCED_FACE('',(#10026),#10694,.F.);
#11354=ADVANCED_FACE('',(#10027),#10695,.F.);
#11355=ADVANCED_FACE('',(#10028),#10696,.F.);
#11356=ADVANCED_FACE('',(#10029,#10030),#10697,.F.);
#11357=ADVANCED_FACE('',(#10031,#10032),#45,.F.);
#11358=ADVANCED_FACE('',(#10033,#10034),#10698,.T.);
#11359=ADVANCED_FACE('',(#10035,#10036),#46,.T.);
#11360=ADVANCED_FACE('',(#10037),#10699,.T.);
#11361=ADVANCED_FACE('',(#10038,#10039),#47,.F.);
#11362=ADVANCED_FACE('',(#10040),#10700,.T.);
#11363=ADVANCED_FACE('',(#10041),#10701,.F.);
#11364=ADVANCED_FACE('',(#10042),#10702,.F.);
#11365=ADVANCED_FACE('',(#10043),#10703,.F.);
#11366=ADVANCED_FACE('',(#10044),#10704,.F.);
#11367=ADVANCED_FACE('',(#10045),#10705,.F.);
#11368=ADVANCED_FACE('',(#10046),#10706,.F.);
#11369=ADVANCED_FACE('',(#10047),#10707,.F.);
#11370=ADVANCED_FACE('',(#10048),#10708,.F.);
#11371=ADVANCED_FACE('',(#10049),#10709,.F.);
#11372=ADVANCED_FACE('',(#10050),#10710,.F.);
#11373=ADVANCED_FACE('',(#10051),#10711,.F.);
#11374=ADVANCED_FACE('',(#10052),#10712,.F.);
#11375=ADVANCED_FACE('',(#10053),#10713,.F.);
#11376=ADVANCED_FACE('',(#10054),#10714,.F.);
#11377=ADVANCED_FACE('',(#10055),#10715,.F.);
#11378=ADVANCED_FACE('',(#10056),#10716,.F.);
#11379=ADVANCED_FACE('',(#10057),#10717,.F.);
#11380=ADVANCED_FACE('',(#10058),#10718,.F.);
#11381=ADVANCED_FACE('',(#10059),#10719,.F.);
#11382=ADVANCED_FACE('',(#10060),#10720,.F.);
#11383=ADVANCED_FACE('',(#10061),#10721,.F.);
#11384=ADVANCED_FACE('',(#10062),#10722,.F.);
#11385=ADVANCED_FACE('',(#10063),#10723,.F.);
#11386=ADVANCED_FACE('',(#10064),#10724,.F.);
#11387=ADVANCED_FACE('',(#10065),#10725,.F.);
#11388=ADVANCED_FACE('',(#10066),#10726,.F.);
#11389=ADVANCED_FACE('',(#10067,#10068,#10069,#10070,#10071,#10072,#10073,
#10074,#10075,#10076,#10077,#10078,#10079,#10080,#10081,#10082,#10083,#10084,
#10085,#10086,#10087,#10088,#10089,#10090,#10091,#10092,#10093,#10094,#10095,
#10096,#10097,#10098,#10099,#10100,#10101),#10727,.T.);
#11390=ADVANCED_FACE('',(#10102),#10728,.F.);
#11391=ADVANCED_FACE('',(#10103),#10729,.F.);
#11392=ADVANCED_FACE('',(#10104),#10730,.F.);
#11393=ADVANCED_FACE('',(#10105),#10731,.F.);
#11394=ADVANCED_FACE('',(#10106),#10732,.T.);
#11395=ADVANCED_FACE('',(#10107),#10733,.F.);
#11396=ADVANCED_FACE('',(#10108),#10734,.F.);
#11397=ADVANCED_FACE('',(#10109),#10735,.F.);
#11398=ADVANCED_FACE('',(#10110),#10736,.F.);
#11399=ADVANCED_FACE('',(#10111),#10737,.T.);
#11400=ADVANCED_FACE('',(#10112),#10738,.F.);
#11401=ADVANCED_FACE('',(#10113),#10739,.F.);
#11402=ADVANCED_FACE('',(#10114),#10740,.F.);
#11403=ADVANCED_FACE('',(#10115),#10741,.F.);
#11404=ADVANCED_FACE('',(#10116),#10742,.T.);
#11405=ADVANCED_FACE('',(#10117),#10743,.F.);
#11406=ADVANCED_FACE('',(#10118),#10744,.F.);
#11407=ADVANCED_FACE('',(#10119),#10745,.F.);
#11408=ADVANCED_FACE('',(#10120),#10746,.F.);
#11409=ADVANCED_FACE('',(#10121),#10747,.T.);
#11410=ADVANCED_FACE('',(#10122),#10748,.F.);
#11411=ADVANCED_FACE('',(#10123),#10749,.F.);
#11412=ADVANCED_FACE('',(#10124),#10750,.F.);
#11413=ADVANCED_FACE('',(#10125),#10751,.F.);
#11414=ADVANCED_FACE('',(#10126),#10752,.T.);
#11415=ADVANCED_FACE('',(#10127),#10753,.F.);
#11416=ADVANCED_FACE('',(#10128),#10754,.F.);
#11417=ADVANCED_FACE('',(#10129),#10755,.F.);
#11418=ADVANCED_FACE('',(#10130),#10756,.F.);
#11419=ADVANCED_FACE('',(#10131),#10757,.T.);
#11420=ADVANCED_FACE('',(#10132),#10758,.F.);
#11421=ADVANCED_FACE('',(#10133),#10759,.F.);
#11422=ADVANCED_FACE('',(#10134),#10760,.F.);
#11423=ADVANCED_FACE('',(#10135),#10761,.F.);
#11424=ADVANCED_FACE('',(#10136),#10762,.T.);
#11425=ADVANCED_FACE('',(#10137),#10763,.F.);
#11426=ADVANCED_FACE('',(#10138),#10764,.F.);
#11427=ADVANCED_FACE('',(#10139),#10765,.F.);
#11428=ADVANCED_FACE('',(#10140),#10766,.F.);
#11429=ADVANCED_FACE('',(#10141),#10767,.T.);
#11430=ADVANCED_FACE('',(#10142),#10768,.F.);
#11431=ADVANCED_FACE('',(#10143),#10769,.F.);
#11432=ADVANCED_FACE('',(#10144),#10770,.F.);
#11433=ADVANCED_FACE('',(#10145),#10771,.F.);
#11434=ADVANCED_FACE('',(#10146),#10772,.T.);
#11435=ADVANCED_FACE('',(#10147),#10773,.F.);
#11436=ADVANCED_FACE('',(#10148),#10774,.F.);
#11437=ADVANCED_FACE('',(#10149),#10775,.F.);
#11438=ADVANCED_FACE('',(#10150),#10776,.F.);
#11439=ADVANCED_FACE('',(#10151),#10777,.T.);
#11440=ADVANCED_FACE('',(#10152),#10778,.F.);
#11441=ADVANCED_FACE('',(#10153),#10779,.F.);
#11442=ADVANCED_FACE('',(#10154),#10780,.F.);
#11443=ADVANCED_FACE('',(#10155),#10781,.F.);
#11444=ADVANCED_FACE('',(#10156),#10782,.T.);
#11445=ADVANCED_FACE('',(#10157),#10783,.F.);
#11446=ADVANCED_FACE('',(#10158),#10784,.F.);
#11447=ADVANCED_FACE('',(#10159),#10785,.F.);
#11448=ADVANCED_FACE('',(#10160),#10786,.F.);
#11449=ADVANCED_FACE('',(#10161),#10787,.T.);
#11450=ADVANCED_FACE('',(#10162),#10788,.F.);
#11451=ADVANCED_FACE('',(#10163),#10789,.F.);
#11452=ADVANCED_FACE('',(#10164),#10790,.F.);
#11453=ADVANCED_FACE('',(#10165),#10791,.F.);
#11454=ADVANCED_FACE('',(#10166),#10792,.T.);
#11455=ADVANCED_FACE('',(#10167),#10793,.F.);
#11456=ADVANCED_FACE('',(#10168),#10794,.F.);
#11457=ADVANCED_FACE('',(#10169),#10795,.F.);
#11458=ADVANCED_FACE('',(#10170),#10796,.F.);
#11459=ADVANCED_FACE('',(#10171),#10797,.T.);
#11460=ADVANCED_FACE('',(#10172),#10798,.F.);
#11461=ADVANCED_FACE('',(#10173),#10799,.F.);
#11462=ADVANCED_FACE('',(#10174),#10800,.F.);
#11463=ADVANCED_FACE('',(#10175),#10801,.F.);
#11464=ADVANCED_FACE('',(#10176),#10802,.T.);
#11465=ADVANCED_FACE('',(#10177),#10803,.F.);
#11466=ADVANCED_FACE('',(#10178),#10804,.F.);
#11467=ADVANCED_FACE('',(#10179),#10805,.F.);
#11468=ADVANCED_FACE('',(#10180),#10806,.F.);
#11469=ADVANCED_FACE('',(#10181),#10807,.T.);
#11470=ADVANCED_FACE('',(#10182),#10808,.F.);
#11471=ADVANCED_FACE('',(#10183),#10809,.F.);
#11472=ADVANCED_FACE('',(#10184),#10810,.F.);
#11473=ADVANCED_FACE('',(#10185),#10811,.F.);
#11474=ADVANCED_FACE('',(#10186),#10812,.T.);
#11475=ADVANCED_FACE('',(#10187),#10813,.F.);
#11476=ADVANCED_FACE('',(#10188),#10814,.F.);
#11477=ADVANCED_FACE('',(#10189),#10815,.F.);
#11478=ADVANCED_FACE('',(#10190),#10816,.F.);
#11479=ADVANCED_FACE('',(#10191),#10817,.T.);
#11480=ADVANCED_FACE('',(#10192),#10818,.F.);
#11481=ADVANCED_FACE('',(#10193),#10819,.F.);
#11482=ADVANCED_FACE('',(#10194),#10820,.F.);
#11483=ADVANCED_FACE('',(#10195),#10821,.F.);
#11484=ADVANCED_FACE('',(#10196),#10822,.T.);
#11485=ADVANCED_FACE('',(#10197),#10823,.F.);
#11486=ADVANCED_FACE('',(#10198),#10824,.F.);
#11487=ADVANCED_FACE('',(#10199),#10825,.F.);
#11488=ADVANCED_FACE('',(#10200),#10826,.F.);
#11489=ADVANCED_FACE('',(#10201),#10827,.T.);
#11490=ADVANCED_FACE('',(#10202),#10828,.F.);
#11491=ADVANCED_FACE('',(#10203),#10829,.F.);
#11492=ADVANCED_FACE('',(#10204),#10830,.F.);
#11493=ADVANCED_FACE('',(#10205),#10831,.F.);
#11494=ADVANCED_FACE('',(#10206),#10832,.T.);
#11495=ADVANCED_FACE('',(#10207),#10833,.F.);
#11496=ADVANCED_FACE('',(#10208),#10834,.F.);
#11497=ADVANCED_FACE('',(#10209),#10835,.F.);
#11498=ADVANCED_FACE('',(#10210),#10836,.F.);
#11499=ADVANCED_FACE('',(#10211),#10837,.T.);
#11500=ADVANCED_FACE('',(#10212),#10838,.F.);
#11501=ADVANCED_FACE('',(#10213),#10839,.F.);
#11502=ADVANCED_FACE('',(#10214),#10840,.F.);
#11503=ADVANCED_FACE('',(#10215),#10841,.F.);
#11504=ADVANCED_FACE('',(#10216),#10842,.T.);
#11505=ADVANCED_FACE('',(#10217),#10843,.F.);
#11506=ADVANCED_FACE('',(#10218),#10844,.F.);
#11507=ADVANCED_FACE('',(#10219),#10845,.F.);
#11508=ADVANCED_FACE('',(#10220),#10846,.F.);
#11509=ADVANCED_FACE('',(#10221),#10847,.T.);
#11510=ADVANCED_FACE('',(#10222),#10848,.F.);
#11511=ADVANCED_FACE('',(#10223),#10849,.F.);
#11512=ADVANCED_FACE('',(#10224),#10850,.F.);
#11513=ADVANCED_FACE('',(#10225),#10851,.F.);
#11514=ADVANCED_FACE('',(#10226),#10852,.T.);
#11515=ADVANCED_FACE('',(#10227),#10853,.F.);
#11516=ADVANCED_FACE('',(#10228),#10854,.F.);
#11517=ADVANCED_FACE('',(#10229),#10855,.F.);
#11518=ADVANCED_FACE('',(#10230),#10856,.F.);
#11519=ADVANCED_FACE('',(#10231),#10857,.T.);
#11520=ADVANCED_FACE('',(#10232),#10858,.F.);
#11521=ADVANCED_FACE('',(#10233),#10859,.F.);
#11522=ADVANCED_FACE('',(#10234),#10860,.F.);
#11523=ADVANCED_FACE('',(#10235),#10861,.F.);
#11524=ADVANCED_FACE('',(#10236),#10862,.T.);
#11525=ADVANCED_FACE('',(#10237),#10863,.F.);
#11526=ADVANCED_FACE('',(#10238),#10864,.F.);
#11527=ADVANCED_FACE('',(#10239),#10865,.F.);
#11528=ADVANCED_FACE('',(#10240),#10866,.F.);
#11529=ADVANCED_FACE('',(#10241),#10867,.T.);
#11530=ADVANCED_FACE('',(#10242),#10868,.F.);
#11531=ADVANCED_FACE('',(#10243),#10869,.F.);
#11532=ADVANCED_FACE('',(#10244),#10870,.F.);
#11533=ADVANCED_FACE('',(#10245),#10871,.F.);
#11534=ADVANCED_FACE('',(#10246),#10872,.T.);
#11535=ADVANCED_FACE('',(#10247),#10873,.F.);
#11536=ADVANCED_FACE('',(#10248),#10874,.F.);
#11537=ADVANCED_FACE('',(#10249),#10875,.F.);
#11538=ADVANCED_FACE('',(#10250),#10876,.F.);
#11539=ADVANCED_FACE('',(#10251),#10877,.T.);
#11540=ADVANCED_FACE('',(#10252),#10878,.F.);
#11541=ADVANCED_FACE('',(#10253),#10879,.F.);
#11542=ADVANCED_FACE('',(#10254),#10880,.F.);
#11543=ADVANCED_FACE('',(#10255),#10881,.F.);
#11544=ADVANCED_FACE('',(#10256),#10882,.T.);
#11545=ADVANCED_FACE('',(#10257),#10883,.F.);
#11546=ADVANCED_FACE('',(#10258),#10884,.F.);
#11547=ADVANCED_FACE('',(#10259),#10885,.F.);
#11548=ADVANCED_FACE('',(#10260),#10886,.F.);
#11549=ADVANCED_FACE('',(#10261),#10887,.T.);
#11550=ADVANCED_FACE('',(#10262),#10888,.F.);
#11551=ADVANCED_FACE('',(#10263),#10889,.F.);
#11552=ADVANCED_FACE('',(#10264),#10890,.F.);
#11553=ADVANCED_FACE('',(#10265),#10891,.F.);
#11554=ADVANCED_FACE('',(#10266),#10892,.T.);
#11555=ADVANCED_FACE('',(#10267),#10893,.F.);
#11556=ADVANCED_FACE('',(#10268),#10894,.F.);
#11557=ADVANCED_FACE('',(#10269),#10895,.F.);
#11558=ADVANCED_FACE('',(#10270),#10896,.F.);
#11559=ADVANCED_FACE('',(#10271),#10897,.T.);
#11560=ADVANCED_FACE('',(#10272),#10898,.T.);
#11561=ADVANCED_FACE('',(#10273),#10899,.T.);
#11562=ADVANCED_FACE('',(#10274),#10900,.T.);
#11563=ADVANCED_FACE('',(#10275),#10901,.T.);
#11564=ADVANCED_FACE('',(#10276),#10902,.T.);
#11565=ADVANCED_FACE('',(#10277),#10903,.T.);
#11566=ADVANCED_FACE('',(#10278),#10904,.T.);
#11567=ADVANCED_FACE('',(#10279),#10905,.T.);
#11568=ADVANCED_FACE('',(#10280),#10906,.T.);
#11569=ADVANCED_FACE('',(#10281),#10907,.T.);
#11570=ADVANCED_FACE('',(#10282),#10908,.T.);
#11571=ADVANCED_FACE('',(#10283),#10909,.T.);
#11572=ADVANCED_FACE('',(#10284),#10910,.T.);
#11573=ADVANCED_FACE('',(#10285),#10911,.T.);
#11574=ADVANCED_FACE('',(#10286),#10912,.T.);
#11575=ADVANCED_FACE('',(#10287),#10913,.T.);
#11576=ADVANCED_FACE('',(#10288),#10914,.T.);
#11577=ADVANCED_FACE('',(#10289),#10915,.T.);
#11578=ADVANCED_FACE('',(#10290),#10916,.T.);
#11579=ADVANCED_FACE('',(#10291),#10917,.T.);
#11580=ADVANCED_FACE('',(#10292),#10918,.T.);
#11581=ADVANCED_FACE('',(#10293),#10919,.T.);
#11582=ADVANCED_FACE('',(#10294),#10920,.T.);
#11583=ADVANCED_FACE('',(#10295),#10921,.T.);
#11584=ADVANCED_FACE('',(#10296),#10922,.T.);
#11585=ADVANCED_FACE('',(#10297),#10923,.T.);
#11586=ADVANCED_FACE('',(#10298),#10924,.T.);
#11587=ADVANCED_FACE('',(#10299),#10925,.T.);
#11588=ADVANCED_FACE('',(#10300),#10926,.T.);
#11589=ADVANCED_FACE('',(#10301),#10927,.T.);
#11590=ADVANCED_FACE('',(#10302),#10928,.T.);
#11591=ADVANCED_FACE('',(#10303),#10929,.T.);
#11592=ADVANCED_FACE('',(#10304),#10930,.T.);
#11593=ADVANCED_FACE('',(#10305),#10931,.T.);
#11594=ADVANCED_FACE('',(#10306),#10932,.T.);
#11595=ADVANCED_FACE('',(#10307),#10933,.T.);
#11596=ADVANCED_FACE('',(#10308),#10934,.T.);
#11597=ADVANCED_FACE('',(#10309),#10935,.T.);
#11598=ADVANCED_FACE('',(#10310),#10936,.T.);
#11599=ADVANCED_FACE('',(#10311),#10937,.T.);
#11600=ADVANCED_FACE('',(#10312),#10938,.T.);
#11601=ADVANCED_FACE('',(#10313),#10939,.T.);
#11602=ADVANCED_FACE('',(#10314),#10940,.T.);
#11603=ADVANCED_FACE('',(#10315),#10941,.T.);
#11604=ADVANCED_FACE('',(#10316),#10942,.T.);
#11605=ADVANCED_FACE('',(#10317),#10943,.T.);
#11606=ADVANCED_FACE('',(#10318),#10944,.T.);
#11607=ADVANCED_FACE('',(#10319),#10945,.T.);
#11608=ADVANCED_FACE('',(#10320),#10946,.T.);
#11609=ADVANCED_FACE('',(#10321),#10947,.T.);
#11610=ADVANCED_FACE('',(#10322),#10948,.T.);
#11611=ADVANCED_FACE('',(#10323),#10949,.T.);
#11612=ADVANCED_FACE('',(#10324),#10950,.T.);
#11613=ADVANCED_FACE('',(#10325),#10951,.T.);
#11614=ADVANCED_FACE('',(#10326),#10952,.T.);
#11615=ADVANCED_FACE('',(#10327),#10953,.T.);
#11616=ADVANCED_FACE('',(#10328),#10954,.T.);
#11617=ADVANCED_FACE('',(#10329),#10955,.T.);
#11618=ADVANCED_FACE('',(#10330),#10956,.T.);
#11619=ADVANCED_FACE('',(#10331),#10957,.T.);
#11620=ADVANCED_FACE('',(#10332),#10958,.T.);
#11621=ADVANCED_FACE('',(#10333),#10959,.T.);
#11622=ADVANCED_FACE('',(#10334),#10960,.T.);
#11623=ADVANCED_FACE('',(#10335),#10961,.T.);
#11624=ADVANCED_FACE('',(#10336),#10962,.T.);
#11625=ADVANCED_FACE('',(#10337),#10963,.T.);
#11626=ADVANCED_FACE('',(#10338),#10964,.T.);
#11627=ADVANCED_FACE('',(#10339),#10965,.T.);
#11628=ADVANCED_FACE('',(#10340),#10966,.T.);
#11629=ADVANCED_FACE('',(#10341),#10967,.T.);
#11630=ADVANCED_FACE('',(#10342),#10968,.T.);
#11631=ADVANCED_FACE('',(#10343),#10969,.T.);
#11632=ADVANCED_FACE('',(#10344),#10970,.T.);
#11633=ADVANCED_FACE('',(#10345),#10971,.T.);
#11634=ADVANCED_FACE('',(#10346),#10972,.T.);
#11635=ADVANCED_FACE('',(#10347),#10973,.T.);
#11636=ADVANCED_FACE('',(#10348),#10974,.T.);
#11637=ADVANCED_FACE('',(#10349),#10975,.T.);
#11638=ADVANCED_FACE('',(#10350),#10976,.T.);
#11639=ADVANCED_FACE('',(#10351),#10977,.T.);
#11640=ADVANCED_FACE('',(#10352),#10978,.T.);
#11641=ADVANCED_FACE('',(#10353),#10979,.T.);
#11642=ADVANCED_FACE('',(#10354),#10980,.T.);
#11643=ADVANCED_FACE('',(#10355),#10981,.T.);
#11644=ADVANCED_FACE('',(#10356),#10982,.T.);
#11645=ADVANCED_FACE('',(#10357),#10983,.T.);
#11646=ADVANCED_FACE('',(#10358),#10984,.T.);
#11647=ADVANCED_FACE('',(#10359),#10985,.T.);
#11648=ADVANCED_FACE('',(#10360),#10986,.T.);
#11649=ADVANCED_FACE('',(#10361),#10987,.T.);
#11650=ADVANCED_FACE('',(#10362),#10988,.T.);
#11651=ADVANCED_FACE('',(#10363),#10989,.T.);
#11652=ADVANCED_FACE('',(#10364),#10990,.T.);
#11653=ADVANCED_FACE('',(#10365),#10991,.T.);
#11654=ADVANCED_FACE('',(#10366),#10992,.T.);
#11655=ADVANCED_FACE('',(#10367),#10993,.T.);
#11656=ADVANCED_FACE('',(#10368),#10994,.T.);
#11657=ADVANCED_FACE('',(#10369),#10995,.T.);
#11658=ADVANCED_FACE('',(#10370),#10996,.T.);
#11659=ADVANCED_FACE('',(#10371),#10997,.T.);
#11660=ADVANCED_FACE('',(#10372),#10998,.T.);
#11661=ADVANCED_FACE('',(#10373),#10999,.T.);
#11662=ADVANCED_FACE('',(#10374),#11000,.T.);
#11663=ADVANCED_FACE('',(#10375),#11001,.T.);
#11664=ADVANCED_FACE('',(#10376),#11002,.T.);
#11665=ADVANCED_FACE('',(#10377),#11003,.T.);
#11666=ADVANCED_FACE('',(#10378),#11004,.T.);
#11667=ADVANCED_FACE('',(#10379),#11005,.T.);
#11668=ADVANCED_FACE('',(#10380),#11006,.T.);
#11669=ADVANCED_FACE('',(#10381),#11007,.T.);
#11670=ADVANCED_FACE('',(#10382),#11008,.T.);
#11671=ADVANCED_FACE('',(#10383),#11009,.T.);
#11672=ADVANCED_FACE('',(#10384),#11010,.T.);
#11673=ADVANCED_FACE('',(#10385),#11011,.T.);
#11674=ADVANCED_FACE('',(#10386),#11012,.T.);
#11675=ADVANCED_FACE('',(#10387),#11013,.T.);
#11676=ADVANCED_FACE('',(#10388),#11014,.T.);
#11677=ADVANCED_FACE('',(#10389),#11015,.T.);
#11678=ADVANCED_FACE('',(#10390),#11016,.T.);
#11679=ADVANCED_FACE('',(#10391),#11017,.T.);
#11680=ADVANCED_FACE('',(#10392),#11018,.T.);
#11681=ADVANCED_FACE('',(#10393),#11019,.T.);
#11682=ADVANCED_FACE('',(#10394),#11020,.T.);
#11683=ADVANCED_FACE('',(#10395),#11021,.T.);
#11684=ADVANCED_FACE('',(#10396),#11022,.T.);
#11685=ADVANCED_FACE('',(#10397),#11023,.T.);
#11686=ADVANCED_FACE('',(#10398),#11024,.T.);
#11687=ADVANCED_FACE('',(#10399),#11025,.T.);
#11688=ADVANCED_FACE('',(#10400),#11026,.T.);
#11689=ADVANCED_FACE('',(#10401),#11027,.T.);
#11690=ADVANCED_FACE('',(#10402),#11028,.T.);
#11691=ADVANCED_FACE('',(#10403),#11029,.T.);
#11692=ADVANCED_FACE('',(#10404),#11030,.T.);
#11693=ADVANCED_FACE('',(#10405),#11031,.T.);
#11694=ADVANCED_FACE('',(#10406),#11032,.T.);
#11695=ADVANCED_FACE('',(#10407),#11033,.T.);
#11696=ADVANCED_FACE('',(#10408),#11034,.T.);
#11697=ADVANCED_FACE('',(#10409),#11035,.T.);
#11698=ADVANCED_FACE('',(#10410),#11036,.T.);
#11699=ADVANCED_FACE('',(#10411),#11037,.T.);
#11700=ADVANCED_FACE('',(#10412),#11038,.T.);
#11701=ADVANCED_FACE('',(#10413),#11039,.T.);
#11702=ADVANCED_FACE('',(#10414),#11040,.T.);
#11703=ADVANCED_FACE('',(#10415),#11041,.T.);
#11704=ADVANCED_FACE('',(#10416),#11042,.T.);
#11705=ADVANCED_FACE('',(#10417),#11043,.T.);
#11706=ADVANCED_FACE('',(#10418),#11044,.T.);
#11707=ADVANCED_FACE('',(#10419),#11045,.T.);
#11708=ADVANCED_FACE('',(#10420),#11046,.T.);
#11709=ADVANCED_FACE('',(#10421),#11047,.T.);
#11710=ADVANCED_FACE('',(#10422),#11048,.T.);
#11711=ADVANCED_FACE('',(#10423),#11049,.T.);
#11712=ADVANCED_FACE('',(#10424),#11050,.T.);
#11713=ADVANCED_FACE('',(#10425),#11051,.T.);
#11714=ADVANCED_FACE('',(#10426),#11052,.T.);
#11715=ADVANCED_FACE('',(#10427),#11053,.T.);
#11716=ADVANCED_FACE('',(#10428),#11054,.T.);
#11717=ADVANCED_FACE('',(#10429),#11055,.T.);
#11718=ADVANCED_FACE('',(#10430),#11056,.T.);
#11719=ADVANCED_FACE('',(#10431),#11057,.T.);
#11720=ADVANCED_FACE('',(#10432),#11058,.T.);
#11721=ADVANCED_FACE('',(#10433),#11059,.T.);
#11722=ADVANCED_FACE('',(#10434),#11060,.T.);
#11723=ADVANCED_FACE('',(#10435),#11061,.T.);
#11724=ADVANCED_FACE('',(#10436),#11062,.T.);
#11725=ADVANCED_FACE('',(#10437),#11063,.T.);
#11726=ADVANCED_FACE('',(#10438),#11064,.T.);
#11727=ADVANCED_FACE('',(#10439),#11065,.T.);
#11728=ADVANCED_FACE('',(#10440),#11066,.T.);
#11729=ADVANCED_FACE('',(#10441),#11067,.T.);
#11730=CLOSED_SHELL('',(#11068,#11069,#11070,#11071,#11072,#11073,#11074,
#11075,#11076,#11077,#11078,#11079,#11080,#11081,#11082,#11083,#11084,#11085,
#11086,#11087,#11088,#11089,#11090,#11091,#11092,#11093,#11094,#11095,#11096,
#11097,#11098,#11099,#11100,#11101,#11102,#11103,#11104,#11105,#11106,#11107,
#11108,#11109,#11110,#11111,#11112,#11113,#11114,#11115,#11116,#11117,#11118,
#11119,#11120,#11121,#11122,#11123,#11124,#11125,#11126,#11127,#11128,#11129,
#11130,#11131,#11132,#11133,#11134,#11135,#11136,#11137,#11138,#11139,#11140,
#11141,#11142,#11143,#11144,#11145,#11146,#11147,#11148,#11149,#11150,#11151,
#11152,#11153,#11154,#11155,#11156,#11157,#11158,#11159,#11160,#11161,#11162,
#11163,#11164,#11165,#11166,#11167,#11168,#11169,#11170,#11171,#11172,#11173,
#11174,#11175,#11176,#11177,#11178,#11179,#11180,#11181,#11182,#11183,#11184,
#11185,#11186,#11187,#11188,#11189,#11190,#11191,#11192,#11193,#11194,#11195,
#11196,#11197,#11198,#11199,#11200,#11201,#11202,#11203,#11204,#11205,#11206,
#11207,#11208,#11209,#11210,#11211,#11212,#11213,#11214,#11215,#11216,#11217,
#11218,#11219,#11220,#11221,#11222,#11223,#11224,#11225,#11226,#11227,#11228,
#11229,#11230,#11231,#11232,#11233,#11234,#11235,#11236,#11237,#11238,#11239,
#11240,#11241,#11242,#11243,#11244,#11245,#11246,#11247,#11248,#11249,#11250,
#11251,#11252,#11253,#11254,#11255,#11256,#11257,#11258,#11259,#11260,#11261,
#11262,#11263,#11264,#11265,#11266,#11267,#11268,#11269,#11270,#11271,#11272,
#11273,#11274,#11275,#11276,#11277,#11278,#11279,#11280,#11281,#11282,#11283,
#11284,#11285,#11286,#11287,#11288,#11289,#11290,#11291,#11292,#11293,#11294,
#11295,#11296,#11297,#11298,#11299,#11300,#11301,#11302,#11303,#11304,#11305,
#11306,#11307,#11308,#11309,#11310,#11311,#11312,#11313,#11314,#11315,#11316,
#11317,#11318,#11319,#11320,#11321,#11322,#11323,#11324,#11325,#11326,#11327,
#11328,#11329,#11330,#11331,#11332,#11333,#11334,#11335,#11336,#11337,#11338,
#11339,#11340,#11341,#11342,#11343,#11344,#11345,#11346,#11347,#11348,#11349,
#11350,#11351,#11352,#11353,#11354,#11355,#11356,#11357,#11358,#11359,#11360,
#11361,#11362,#11363,#11364,#11365,#11366,#11367,#11368,#11369,#11370,#11371,
#11372,#11373,#11374,#11375,#11376,#11377,#11378,#11379,#11380,#11381,#11382,
#11383,#11384,#11385,#11386,#11387,#11388,#11389,#11390,#11391,#11392,#11393,
#11394,#11395,#11396,#11397,#11398,#11399,#11400,#11401,#11402,#11403,#11404,
#11405,#11406,#11407,#11408,#11409,#11410,#11411,#11412,#11413,#11414,#11415,
#11416,#11417,#11418,#11419,#11420,#11421,#11422,#11423,#11424,#11425,#11426,
#11427,#11428,#11429,#11430,#11431,#11432,#11433,#11434,#11435,#11436,#11437,
#11438,#11439,#11440,#11441,#11442,#11443,#11444,#11445,#11446,#11447,#11448,
#11449,#11450,#11451,#11452,#11453,#11454,#11455,#11456,#11457,#11458,#11459,
#11460,#11461,#11462,#11463,#11464,#11465,#11466,#11467,#11468,#11469,#11470,
#11471,#11472,#11473,#11474,#11475,#11476,#11477,#11478,#11479,#11480,#11481,
#11482,#11483,#11484,#11485,#11486,#11487,#11488,#11489,#11490,#11491,#11492,
#11493,#11494,#11495,#11496,#11497,#11498,#11499,#11500,#11501,#11502,#11503,
#11504,#11505,#11506,#11507,#11508,#11509,#11510,#11511,#11512,#11513,#11514,
#11515,#11516,#11517,#11518,#11519,#11520,#11521,#11522,#11523,#11524,#11525,
#11526,#11527,#11528,#11529,#11530,#11531,#11532,#11533,#11534,#11535,#11536,
#11537,#11538,#11539,#11540,#11541,#11542,#11543,#11544,#11545,#11546,#11547,
#11548,#11549,#11550,#11551,#11552,#11553,#11554,#11555,#11556,#11557,#11558,
#11559,#11560,#11561,#11562,#11563,#11564,#11565,#11566,#11567,#11568,#11569,
#11570,#11571,#11572,#11573,#11574,#11575,#11576,#11577,#11578,#11579,#11580,
#11581,#11582,#11583,#11584,#11585,#11586,#11587,#11588,#11589,#11590,#11591,
#11592,#11593,#11594,#11595,#11596,#11597,#11598,#11599,#11600,#11601,#11602,
#11603,#11604,#11605,#11606,#11607,#11608,#11609,#11610,#11611,#11612,#11613,
#11614,#11615,#11616,#11617,#11618,#11619,#11620,#11621,#11622,#11623,#11624,
#11625,#11626,#11627,#11628,#11629,#11630,#11631,#11632,#11633,#11634,#11635,
#11636,#11637,#11638,#11639,#11640,#11641,#11642,#11643,#11644,#11645,#11646,
#11647,#11648,#11649,#11650,#11651,#11652,#11653,#11654,#11655,#11656,#11657,
#11658,#11659,#11660,#11661,#11662,#11663,#11664,#11665,#11666,#11667,#11668,
#11669,#11670,#11671,#11672,#11673,#11674,#11675,#11676,#11677,#11678,#11679,
#11680,#11681,#11682,#11683,#11684,#11685,#11686,#11687,#11688,#11689,#11690,
#11691,#11692,#11693,#11694,#11695,#11696,#11697,#11698,#11699,#11700,#11701,
#11702,#11703,#11704,#11705,#11706,#11707,#11708,#11709,#11710,#11711,#11712,
#11713,#11714,#11715,#11716,#11717,#11718,#11719,#11720,#11721,#11722,#11723,
#11724,#11725,#11726,#11727,#11728,#11729));
#11731=STYLED_ITEM('',(#11732),#11739);
#11732=PRESENTATION_STYLE_ASSIGNMENT((#11733));
#11733=SURFACE_STYLE_USAGE(.BOTH.,#11734);
#11734=SURFACE_SIDE_STYLE('',(#11735));
#11735=SURFACE_STYLE_FILL_AREA(#11736);
#11736=FILL_AREA_STYLE('',(#11737));
#11737=FILL_AREA_STYLE_COLOUR('',#11738);
#11738=COLOUR_RGB('',0.752941176470588,0.752941176470588,0.752941176470588);
#11739=MANIFOLD_SOLID_BREP('Part 1',#11730);
#11740=SHAPE_DEFINITION_REPRESENTATION(#18692,#11741);
#11741=SHAPE_REPRESENTATION('Part 1',(#11742),#18687);
#11742=AXIS2_PLACEMENT_3D('',#15419,#12467,#12468);
#11743=AXIS2_PLACEMENT_3D('',#15420,#12469,#12470);
#11744=AXIS2_PLACEMENT_3D('',#15709,#12615,#12616);
#11745=AXIS2_PLACEMENT_3D('',#15718,#12621,#12622);
#11746=AXIS2_PLACEMENT_3D('',#15727,#12627,#12628);
#11747=AXIS2_PLACEMENT_3D('',#15754,#12643,#12644);
#11748=AXIS2_PLACEMENT_3D('',#15755,#12645,#12646);
#11749=AXIS2_PLACEMENT_3D('',#15793,#12665,#12666);
#11750=AXIS2_PLACEMENT_3D('',#15810,#12675,#12676);
#11751=AXIS2_PLACEMENT_3D('',#15827,#12685,#12686);
#11752=AXIS2_PLACEMENT_3D('',#15844,#12695,#12696);
#11753=AXIS2_PLACEMENT_3D('',#15861,#12705,#12706);
#11754=AXIS2_PLACEMENT_3D('',#15878,#12715,#12716);
#11755=AXIS2_PLACEMENT_3D('',#15895,#12725,#12726);
#11756=AXIS2_PLACEMENT_3D('',#15912,#12735,#12736);
#11757=AXIS2_PLACEMENT_3D('',#15929,#12745,#12746);
#11758=AXIS2_PLACEMENT_3D('',#15946,#12755,#12756);
#11759=AXIS2_PLACEMENT_3D('',#15963,#12765,#12766);
#11760=AXIS2_PLACEMENT_3D('',#15980,#12775,#12776);
#11761=AXIS2_PLACEMENT_3D('',#15997,#12785,#12786);
#11762=AXIS2_PLACEMENT_3D('',#16014,#12795,#12796);
#11763=AXIS2_PLACEMENT_3D('',#16031,#12805,#12806);
#11764=AXIS2_PLACEMENT_3D('',#16048,#12815,#12816);
#11765=AXIS2_PLACEMENT_3D('',#16065,#12825,#12826);
#11766=AXIS2_PLACEMENT_3D('',#16082,#12835,#12836);
#11767=AXIS2_PLACEMENT_3D('',#16099,#12845,#12846);
#11768=AXIS2_PLACEMENT_3D('',#16116,#12855,#12856);
#11769=AXIS2_PLACEMENT_3D('',#16133,#12865,#12866);
#11770=AXIS2_PLACEMENT_3D('',#16142,#12871,#12872);
#11771=AXIS2_PLACEMENT_3D('',#16144,#12873,#12874);
#11772=AXIS2_PLACEMENT_3D('',#16154,#12879,#12880);
#11773=AXIS2_PLACEMENT_3D('',#16155,#12881,#12882);
#11774=AXIS2_PLACEMENT_3D('',#16158,#12883,#12884);
#11775=AXIS2_PLACEMENT_3D('',#16162,#12886,#12887);
#11776=AXIS2_PLACEMENT_3D('',#16164,#12888,#12889);
#11777=AXIS2_PLACEMENT_3D('',#16175,#12895,#12896);
#11778=AXIS2_PLACEMENT_3D('',#16176,#12897,#12898);
#11779=AXIS2_PLACEMENT_3D('',#16181,#12900,#12901);
#11780=AXIS2_PLACEMENT_3D('',#16185,#12903,#12904);
#11781=AXIS2_PLACEMENT_3D('',#16189,#12906,#12907);
#11782=AXIS2_PLACEMENT_3D('',#16192,#12909,#12910);
#11783=AXIS2_PLACEMENT_3D('',#16197,#12912,#12913);
#11784=AXIS2_PLACEMENT_3D('',#16201,#12915,#12916);
#11785=AXIS2_PLACEMENT_3D('',#16205,#12918,#12919);
#11786=AXIS2_PLACEMENT_3D('',#16208,#12921,#12922);
#11787=AXIS2_PLACEMENT_3D('',#16209,#12923,#12924);
#11788=AXIS2_PLACEMENT_3D('',#16211,#12925,#12926);
#11789=AXIS2_PLACEMENT_3D('',#16213,#12927,#12928);
#11790=AXIS2_PLACEMENT_3D('',#16215,#12929,#12930);
#11791=AXIS2_PLACEMENT_3D('',#16220,#12932,#12933);
#11792=AXIS2_PLACEMENT_3D('',#16224,#12935,#12936);
#11793=AXIS2_PLACEMENT_3D('',#16228,#12938,#12939);
#11794=AXIS2_PLACEMENT_3D('',#16231,#12941,#12942);
#11795=AXIS2_PLACEMENT_3D('',#16232,#12943,#12944);
#11796=AXIS2_PLACEMENT_3D('',#16233,#12945,#12946);
#11797=AXIS2_PLACEMENT_3D('',#16234,#12947,#12948);
#11798=AXIS2_PLACEMENT_3D('',#16235,#12949,#12950);
#11799=AXIS2_PLACEMENT_3D('',#16236,#12951,#12952);
#11800=AXIS2_PLACEMENT_3D('',#16237,#12953,#12954);
#11801=AXIS2_PLACEMENT_3D('',#16238,#12955,#12956);
#11802=AXIS2_PLACEMENT_3D('',#16239,#12957,#12958);
#11803=AXIS2_PLACEMENT_3D('',#16240,#12959,#12960);
#11804=AXIS2_PLACEMENT_3D('',#16241,#12961,#12962);
#11805=AXIS2_PLACEMENT_3D('',#16242,#12963,#12964);
#11806=AXIS2_PLACEMENT_3D('',#16243,#12965,#12966);
#11807=AXIS2_PLACEMENT_3D('',#16246,#12969,#12970);
#11808=AXIS2_PLACEMENT_3D('',#16248,#12972,#12973);
#11809=AXIS2_PLACEMENT_3D('',#16250,#12975,#12976);
#11810=AXIS2_PLACEMENT_3D('',#16252,#12978,#12979);
#11811=AXIS2_PLACEMENT_3D('',#16254,#12981,#12982);
#11812=AXIS2_PLACEMENT_3D('',#16256,#12984,#12985);
#11813=AXIS2_PLACEMENT_3D('',#16258,#12987,#12988);
#11814=AXIS2_PLACEMENT_3D('',#16259,#12989,#12990);
#11815=AXIS2_PLACEMENT_3D('',#16262,#12993,#12994);
#11816=AXIS2_PLACEMENT_3D('',#16264,#12996,#12997);
#11817=AXIS2_PLACEMENT_3D('',#16266,#12999,#13000);
#11818=AXIS2_PLACEMENT_3D('',#16268,#13002,#13003);
#11819=AXIS2_PLACEMENT_3D('',#16270,#13005,#13006);
#11820=AXIS2_PLACEMENT_3D('',#16272,#13008,#13009);
#11821=AXIS2_PLACEMENT_3D('',#16274,#13011,#13012);
#11822=AXIS2_PLACEMENT_3D('',#16275,#13013,#13014);
#11823=AXIS2_PLACEMENT_3D('',#16276,#13015,#13016);
#11824=AXIS2_PLACEMENT_3D('',#16278,#13017,#13018);
#11825=AXIS2_PLACEMENT_3D('',#16280,#13019,#13020);
#11826=AXIS2_PLACEMENT_3D('',#16283,#13021,#13022);
#11827=AXIS2_PLACEMENT_3D('',#16287,#13024,#13025);
#11828=AXIS2_PLACEMENT_3D('',#16289,#13026,#13027);
#11829=AXIS2_PLACEMENT_3D('',#16292,#13029,#13030);
#11830=AXIS2_PLACEMENT_3D('',#16293,#13031,#13032);
#11831=AXIS2_PLACEMENT_3D('',#16294,#13033,#13034);
#11832=AXIS2_PLACEMENT_3D('',#16295,#13035,#13036);
#11833=AXIS2_PLACEMENT_3D('',#16296,#13037,#13038);
#11834=AXIS2_PLACEMENT_3D('',#16297,#13039,#13040);
#11835=AXIS2_PLACEMENT_3D('',#16298,#13041,#13042);
#11836=AXIS2_PLACEMENT_3D('',#16299,#13043,#13044);
#11837=AXIS2_PLACEMENT_3D('',#16300,#13045,#13046);
#11838=AXIS2_PLACEMENT_3D('',#16301,#13047,#13048);
#11839=AXIS2_PLACEMENT_3D('',#16302,#13049,#13050);
#11840=AXIS2_PLACEMENT_3D('',#16303,#13051,#13052);
#11841=AXIS2_PLACEMENT_3D('',#16304,#13053,#13054);
#11842=AXIS2_PLACEMENT_3D('',#16305,#13055,#13056);
#11843=AXIS2_PLACEMENT_3D('',#16307,#13057,#13058);
#11844=AXIS2_PLACEMENT_3D('',#16308,#13059,#13060);
#11845=AXIS2_PLACEMENT_3D('',#16309,#13061,#13062);
#11846=AXIS2_PLACEMENT_3D('',#16311,#13063,#13064);
#11847=AXIS2_PLACEMENT_3D('',#16312,#13065,#13066);
#11848=AXIS2_PLACEMENT_3D('',#16313,#13067,#13068);
#11849=AXIS2_PLACEMENT_3D('',#16315,#13069,#13070);
#11850=AXIS2_PLACEMENT_3D('',#16316,#13071,#13072);
#11851=AXIS2_PLACEMENT_3D('',#16317,#13073,#13074);
#11852=AXIS2_PLACEMENT_3D('',#16319,#13075,#13076);
#11853=AXIS2_PLACEMENT_3D('',#16320,#13077,#13078);
#11854=AXIS2_PLACEMENT_3D('',#16329,#13083,#13084);
#11855=AXIS2_PLACEMENT_3D('',#16338,#13089,#13090);
#11856=AXIS2_PLACEMENT_3D('',#16347,#13095,#13096);
#11857=AXIS2_PLACEMENT_3D('',#16356,#13101,#13102);
#11858=AXIS2_PLACEMENT_3D('',#16357,#13103,#13104);
#11859=AXIS2_PLACEMENT_3D('',#16358,#13105,#13106);
#11860=AXIS2_PLACEMENT_3D('',#16359,#13107,#13108);
#11861=AXIS2_PLACEMENT_3D('',#16360,#13109,#13110);
#11862=AXIS2_PLACEMENT_3D('',#16361,#13111,#13112);
#11863=AXIS2_PLACEMENT_3D('',#16362,#13113,#13114);
#11864=AXIS2_PLACEMENT_3D('',#16363,#13115,#13116);
#11865=AXIS2_PLACEMENT_3D('',#16364,#13117,#13118);
#11866=AXIS2_PLACEMENT_3D('',#16365,#13119,#13120);
#11867=AXIS2_PLACEMENT_3D('',#16366,#13121,#13122);
#11868=AXIS2_PLACEMENT_3D('',#16367,#13123,#13124);
#11869=AXIS2_PLACEMENT_3D('',#16368,#13125,#13126);
#11870=AXIS2_PLACEMENT_3D('',#16369,#13127,#13128);
#11871=AXIS2_PLACEMENT_3D('',#16372,#13131,#13132);
#11872=AXIS2_PLACEMENT_3D('',#16374,#13134,#13135);
#11873=AXIS2_PLACEMENT_3D('',#16376,#13137,#13138);
#11874=AXIS2_PLACEMENT_3D('',#16378,#13140,#13141);
#11875=AXIS2_PLACEMENT_3D('',#16380,#13143,#13144);
#11876=AXIS2_PLACEMENT_3D('',#16382,#13146,#13147);
#11877=AXIS2_PLACEMENT_3D('',#16384,#13149,#13150);
#11878=AXIS2_PLACEMENT_3D('',#16385,#13151,#13152);
#11879=AXIS2_PLACEMENT_3D('',#16391,#13156,#13157);
#11880=AXIS2_PLACEMENT_3D('',#16395,#13160,#13161);
#11881=AXIS2_PLACEMENT_3D('',#16399,#13164,#13165);
#11882=AXIS2_PLACEMENT_3D('',#16401,#13167,#13168);
#11883=AXIS2_PLACEMENT_3D('',#16562,#13249,#13250);
#11884=AXIS2_PLACEMENT_3D('',#16565,#13253,#13254);
#11885=AXIS2_PLACEMENT_3D('',#16567,#13256,#13257);
#11886=AXIS2_PLACEMENT_3D('',#16569,#13259,#13260);
#11887=AXIS2_PLACEMENT_3D('',#16570,#13261,#13262);
#11888=AXIS2_PLACEMENT_3D('',#16573,#13265,#13266);
#11889=AXIS2_PLACEMENT_3D('',#16575,#13268,#13269);
#11890=AXIS2_PLACEMENT_3D('',#16577,#13271,#13272);
#11891=AXIS2_PLACEMENT_3D('',#16578,#13273,#13274);
#11892=AXIS2_PLACEMENT_3D('',#16581,#13277,#13278);
#11893=AXIS2_PLACEMENT_3D('',#16583,#13280,#13281);
#11894=AXIS2_PLACEMENT_3D('',#16585,#13283,#13284);
#11895=AXIS2_PLACEMENT_3D('',#16586,#13285,#13286);
#11896=AXIS2_PLACEMENT_3D('',#16589,#13289,#13290);
#11897=AXIS2_PLACEMENT_3D('',#16591,#13292,#13293);
#11898=AXIS2_PLACEMENT_3D('',#16593,#13295,#13296);
#11899=AXIS2_PLACEMENT_3D('',#16594,#13297,#13298);
#11900=AXIS2_PLACEMENT_3D('',#16597,#13301,#13302);
#11901=AXIS2_PLACEMENT_3D('',#16599,#13304,#13305);
#11902=AXIS2_PLACEMENT_3D('',#16601,#13307,#13308);
#11903=AXIS2_PLACEMENT_3D('',#16602,#13309,#13310);
#11904=AXIS2_PLACEMENT_3D('',#16605,#13313,#13314);
#11905=AXIS2_PLACEMENT_3D('',#16607,#13316,#13317);
#11906=AXIS2_PLACEMENT_3D('',#16609,#13319,#13320);
#11907=AXIS2_PLACEMENT_3D('',#16610,#13321,#13322);
#11908=AXIS2_PLACEMENT_3D('',#16613,#13325,#13326);
#11909=AXIS2_PLACEMENT_3D('',#16615,#13328,#13329);
#11910=AXIS2_PLACEMENT_3D('',#16617,#13331,#13332);
#11911=AXIS2_PLACEMENT_3D('',#16618,#13333,#13334);
#11912=AXIS2_PLACEMENT_3D('',#16621,#13337,#13338);
#11913=AXIS2_PLACEMENT_3D('',#16623,#13340,#13341);
#11914=AXIS2_PLACEMENT_3D('',#16625,#13343,#13344);
#11915=AXIS2_PLACEMENT_3D('',#16626,#13345,#13346);
#11916=AXIS2_PLACEMENT_3D('',#16629,#13349,#13350);
#11917=AXIS2_PLACEMENT_3D('',#16631,#13352,#13353);
#11918=AXIS2_PLACEMENT_3D('',#16633,#13355,#13356);
#11919=AXIS2_PLACEMENT_3D('',#16634,#13357,#13358);
#11920=AXIS2_PLACEMENT_3D('',#16637,#13361,#13362);
#11921=AXIS2_PLACEMENT_3D('',#16639,#13364,#13365);
#11922=AXIS2_PLACEMENT_3D('',#16641,#13367,#13368);
#11923=AXIS2_PLACEMENT_3D('',#16642,#13369,#13370);
#11924=AXIS2_PLACEMENT_3D('',#16645,#13373,#13374);
#11925=AXIS2_PLACEMENT_3D('',#16647,#13376,#13377);
#11926=AXIS2_PLACEMENT_3D('',#16649,#13379,#13380);
#11927=AXIS2_PLACEMENT_3D('',#16650,#13381,#13382);
#11928=AXIS2_PLACEMENT_3D('',#16653,#13385,#13386);
#11929=AXIS2_PLACEMENT_3D('',#16655,#13388,#13389);
#11930=AXIS2_PLACEMENT_3D('',#16657,#13391,#13392);
#11931=AXIS2_PLACEMENT_3D('',#16658,#13393,#13394);
#11932=AXIS2_PLACEMENT_3D('',#16661,#13397,#13398);
#11933=AXIS2_PLACEMENT_3D('',#16663,#13400,#13401);
#11934=AXIS2_PLACEMENT_3D('',#16665,#13403,#13404);
#11935=AXIS2_PLACEMENT_3D('',#16666,#13405,#13406);
#11936=AXIS2_PLACEMENT_3D('',#16669,#13409,#13410);
#11937=AXIS2_PLACEMENT_3D('',#16671,#13412,#13413);
#11938=AXIS2_PLACEMENT_3D('',#16673,#13415,#13416);
#11939=AXIS2_PLACEMENT_3D('',#16674,#13417,#13418);
#11940=AXIS2_PLACEMENT_3D('',#16677,#13421,#13422);
#11941=AXIS2_PLACEMENT_3D('',#16679,#13424,#13425);
#11942=AXIS2_PLACEMENT_3D('',#16681,#13427,#13428);
#11943=AXIS2_PLACEMENT_3D('',#16682,#13429,#13430);
#11944=AXIS2_PLACEMENT_3D('',#16685,#13433,#13434);
#11945=AXIS2_PLACEMENT_3D('',#16687,#13436,#13437);
#11946=AXIS2_PLACEMENT_3D('',#16689,#13439,#13440);
#11947=AXIS2_PLACEMENT_3D('',#16690,#13441,#13442);
#11948=AXIS2_PLACEMENT_3D('',#16693,#13445,#13446);
#11949=AXIS2_PLACEMENT_3D('',#16695,#13448,#13449);
#11950=AXIS2_PLACEMENT_3D('',#16697,#13451,#13452);
#11951=AXIS2_PLACEMENT_3D('',#16698,#13453,#13454);
#11952=AXIS2_PLACEMENT_3D('',#16701,#13457,#13458);
#11953=AXIS2_PLACEMENT_3D('',#16703,#13460,#13461);
#11954=AXIS2_PLACEMENT_3D('',#16705,#13463,#13464);
#11955=AXIS2_PLACEMENT_3D('',#16706,#13465,#13466);
#11956=AXIS2_PLACEMENT_3D('',#16709,#13469,#13470);
#11957=AXIS2_PLACEMENT_3D('',#16711,#13472,#13473);
#11958=AXIS2_PLACEMENT_3D('',#16713,#13475,#13476);
#11959=AXIS2_PLACEMENT_3D('',#16714,#13477,#13478);
#11960=AXIS2_PLACEMENT_3D('',#16717,#13481,#13482);
#11961=AXIS2_PLACEMENT_3D('',#16719,#13484,#13485);
#11962=AXIS2_PLACEMENT_3D('',#16721,#13487,#13488);
#11963=AXIS2_PLACEMENT_3D('',#16722,#13489,#13490);
#11964=AXIS2_PLACEMENT_3D('',#16728,#13494,#13495);
#11965=AXIS2_PLACEMENT_3D('',#16732,#13498,#13499);
#11966=AXIS2_PLACEMENT_3D('',#16736,#13502,#13503);
#11967=AXIS2_PLACEMENT_3D('',#16738,#13505,#13506);
#11968=AXIS2_PLACEMENT_3D('',#16739,#13507,#13508);
#11969=AXIS2_PLACEMENT_3D('',#16745,#13512,#13513);
#11970=AXIS2_PLACEMENT_3D('',#16749,#13516,#13517);
#11971=AXIS2_PLACEMENT_3D('',#16753,#13520,#13521);
#11972=AXIS2_PLACEMENT_3D('',#16755,#13523,#13524);
#11973=AXIS2_PLACEMENT_3D('',#16756,#13525,#13526);
#11974=AXIS2_PLACEMENT_3D('',#16762,#13530,#13531);
#11975=AXIS2_PLACEMENT_3D('',#16766,#13534,#13535);
#11976=AXIS2_PLACEMENT_3D('',#16770,#13538,#13539);
#11977=AXIS2_PLACEMENT_3D('',#16772,#13541,#13542);
#11978=AXIS2_PLACEMENT_3D('',#16773,#13543,#13544);
#11979=AXIS2_PLACEMENT_3D('',#16779,#13548,#13549);
#11980=AXIS2_PLACEMENT_3D('',#16783,#13552,#13553);
#11981=AXIS2_PLACEMENT_3D('',#16787,#13556,#13557);
#11982=AXIS2_PLACEMENT_3D('',#16789,#13559,#13560);
#11983=AXIS2_PLACEMENT_3D('',#16790,#13561,#13562);
#11984=AXIS2_PLACEMENT_3D('',#16796,#13566,#13567);
#11985=AXIS2_PLACEMENT_3D('',#16800,#13570,#13571);
#11986=AXIS2_PLACEMENT_3D('',#16804,#13574,#13575);
#11987=AXIS2_PLACEMENT_3D('',#16806,#13577,#13578);
#11988=AXIS2_PLACEMENT_3D('',#16807,#13579,#13580);
#11989=AXIS2_PLACEMENT_3D('',#16813,#13584,#13585);
#11990=AXIS2_PLACEMENT_3D('',#16817,#13588,#13589);
#11991=AXIS2_PLACEMENT_3D('',#16821,#13592,#13593);
#11992=AXIS2_PLACEMENT_3D('',#16823,#13595,#13596);
#11993=AXIS2_PLACEMENT_3D('',#16824,#13597,#13598);
#11994=AXIS2_PLACEMENT_3D('',#16830,#13602,#13603);
#11995=AXIS2_PLACEMENT_3D('',#16834,#13606,#13607);
#11996=AXIS2_PLACEMENT_3D('',#16838,#13610,#13611);
#11997=AXIS2_PLACEMENT_3D('',#16840,#13613,#13614);
#11998=AXIS2_PLACEMENT_3D('',#16841,#13615,#13616);
#11999=AXIS2_PLACEMENT_3D('',#16847,#13620,#13621);
#12000=AXIS2_PLACEMENT_3D('',#16851,#13624,#13625);
#12001=AXIS2_PLACEMENT_3D('',#16855,#13628,#13629);
#12002=AXIS2_PLACEMENT_3D('',#16857,#13631,#13632);
#12003=AXIS2_PLACEMENT_3D('',#16858,#13633,#13634);
#12004=AXIS2_PLACEMENT_3D('',#16864,#13638,#13639);
#12005=AXIS2_PLACEMENT_3D('',#16868,#13642,#13643);
#12006=AXIS2_PLACEMENT_3D('',#16872,#13646,#13647);
#12007=AXIS2_PLACEMENT_3D('',#16874,#13649,#13650);
#12008=AXIS2_PLACEMENT_3D('',#16875,#13651,#13652);
#12009=AXIS2_PLACEMENT_3D('',#16881,#13656,#13657);
#12010=AXIS2_PLACEMENT_3D('',#16885,#13660,#13661);
#12011=AXIS2_PLACEMENT_3D('',#16889,#13664,#13665);
#12012=AXIS2_PLACEMENT_3D('',#16891,#13667,#13668);
#12013=AXIS2_PLACEMENT_3D('',#16892,#13669,#13670);
#12014=AXIS2_PLACEMENT_3D('',#16898,#13674,#13675);
#12015=AXIS2_PLACEMENT_3D('',#16902,#13678,#13679);
#12016=AXIS2_PLACEMENT_3D('',#16906,#13682,#13683);
#12017=AXIS2_PLACEMENT_3D('',#16908,#13685,#13686);
#12018=AXIS2_PLACEMENT_3D('',#16909,#13687,#13688);
#12019=AXIS2_PLACEMENT_3D('',#16915,#13692,#13693);
#12020=AXIS2_PLACEMENT_3D('',#16919,#13696,#13697);
#12021=AXIS2_PLACEMENT_3D('',#16923,#13700,#13701);
#12022=AXIS2_PLACEMENT_3D('',#16925,#13703,#13704);
#12023=AXIS2_PLACEMENT_3D('',#16926,#13705,#13706);
#12024=AXIS2_PLACEMENT_3D('',#16932,#13710,#13711);
#12025=AXIS2_PLACEMENT_3D('',#16936,#13714,#13715);
#12026=AXIS2_PLACEMENT_3D('',#16940,#13718,#13719);
#12027=AXIS2_PLACEMENT_3D('',#16942,#13721,#13722);
#12028=AXIS2_PLACEMENT_3D('',#16943,#13723,#13724);
#12029=AXIS2_PLACEMENT_3D('',#16949,#13728,#13729);
#12030=AXIS2_PLACEMENT_3D('',#16953,#13732,#13733);
#12031=AXIS2_PLACEMENT_3D('',#16957,#13736,#13737);
#12032=AXIS2_PLACEMENT_3D('',#16959,#13739,#13740);
#12033=AXIS2_PLACEMENT_3D('',#16960,#13741,#13742);
#12034=AXIS2_PLACEMENT_3D('',#16966,#13746,#13747);
#12035=AXIS2_PLACEMENT_3D('',#16970,#13750,#13751);
#12036=AXIS2_PLACEMENT_3D('',#16974,#13754,#13755);
#12037=AXIS2_PLACEMENT_3D('',#16976,#13757,#13758);
#12038=AXIS2_PLACEMENT_3D('',#16977,#13759,#13760);
#12039=AXIS2_PLACEMENT_3D('',#16983,#13764,#13765);
#12040=AXIS2_PLACEMENT_3D('',#16987,#13768,#13769);
#12041=AXIS2_PLACEMENT_3D('',#16991,#13772,#13773);
#12042=AXIS2_PLACEMENT_3D('',#16993,#13775,#13776);
#12043=AXIS2_PLACEMENT_3D('',#16994,#13777,#13778);
#12044=AXIS2_PLACEMENT_3D('',#17000,#13782,#13783);
#12045=AXIS2_PLACEMENT_3D('',#17004,#13786,#13787);
#12046=AXIS2_PLACEMENT_3D('',#17008,#13790,#13791);
#12047=AXIS2_PLACEMENT_3D('',#17010,#13793,#13794);
#12048=AXIS2_PLACEMENT_3D('',#17011,#13795,#13796);
#12049=AXIS2_PLACEMENT_3D('',#17017,#13800,#13801);
#12050=AXIS2_PLACEMENT_3D('',#17021,#13804,#13805);
#12051=AXIS2_PLACEMENT_3D('',#17025,#13808,#13809);
#12052=AXIS2_PLACEMENT_3D('',#17027,#13811,#13812);
#12053=AXIS2_PLACEMENT_3D('',#17028,#13813,#13814);
#12054=AXIS2_PLACEMENT_3D('',#17034,#13818,#13819);
#12055=AXIS2_PLACEMENT_3D('',#17038,#13822,#13823);
#12056=AXIS2_PLACEMENT_3D('',#17042,#13826,#13827);
#12057=AXIS2_PLACEMENT_3D('',#17044,#13829,#13830);
#12058=AXIS2_PLACEMENT_3D('',#17045,#13831,#13832);
#12059=AXIS2_PLACEMENT_3D('',#17051,#13836,#13837);
#12060=AXIS2_PLACEMENT_3D('',#17055,#13840,#13841);
#12061=AXIS2_PLACEMENT_3D('',#17059,#13844,#13845);
#12062=AXIS2_PLACEMENT_3D('',#17061,#13847,#13848);
#12063=AXIS2_PLACEMENT_3D('',#17062,#13849,#13850);
#12064=AXIS2_PLACEMENT_3D('',#17063,#13851,#13852);
#12065=AXIS2_PLACEMENT_3D('',#17065,#13853,#13854);
#12066=AXIS2_PLACEMENT_3D('',#17066,#13855,#13856);
#12067=AXIS2_PLACEMENT_3D('',#17067,#13857,#13858);
#12068=AXIS2_PLACEMENT_3D('',#17069,#13859,#13860);
#12069=AXIS2_PLACEMENT_3D('',#17070,#13861,#13862);
#12070=AXIS2_PLACEMENT_3D('',#17071,#13863,#13864);
#12071=AXIS2_PLACEMENT_3D('',#17073,#13865,#13866);
#12072=AXIS2_PLACEMENT_3D('',#17074,#13867,#13868);
#12073=AXIS2_PLACEMENT_3D('',#17080,#13872,#13873);
#12074=AXIS2_PLACEMENT_3D('',#17084,#13876,#13877);
#12075=AXIS2_PLACEMENT_3D('',#17088,#13880,#13881);
#12076=AXIS2_PLACEMENT_3D('',#17090,#13883,#13884);
#12077=AXIS2_PLACEMENT_3D('',#17091,#13885,#13886);
#12078=AXIS2_PLACEMENT_3D('',#17097,#13890,#13891);
#12079=AXIS2_PLACEMENT_3D('',#17101,#13894,#13895);
#12080=AXIS2_PLACEMENT_3D('',#17107,#13899,#13900);
#12081=AXIS2_PLACEMENT_3D('',#17111,#13903,#13904);
#12082=AXIS2_PLACEMENT_3D('',#17114,#13907,#13908);
#12083=AXIS2_PLACEMENT_3D('',#17115,#13909,#13910);
#12084=AXIS2_PLACEMENT_3D('',#17116,#13911,#13912);
#12085=AXIS2_PLACEMENT_3D('',#17122,#13916,#13917);
#12086=AXIS2_PLACEMENT_3D('',#17126,#13920,#13921);
#12087=AXIS2_PLACEMENT_3D('',#17130,#13924,#13925);
#12088=AXIS2_PLACEMENT_3D('',#17132,#13927,#13928);
#12089=AXIS2_PLACEMENT_3D('',#17133,#13929,#13930);
#12090=AXIS2_PLACEMENT_3D('',#17135,#13931,#13932);
#12091=AXIS2_PLACEMENT_3D('',#17136,#13933,#13934);
#12092=AXIS2_PLACEMENT_3D('',#17138,#13935,#13936);
#12093=AXIS2_PLACEMENT_3D('',#17139,#13937,#13938);
#12094=AXIS2_PLACEMENT_3D('',#17141,#13939,#13940);
#12095=AXIS2_PLACEMENT_3D('',#17142,#13941,#13942);
#12096=AXIS2_PLACEMENT_3D('',#17144,#13943,#13944);
#12097=AXIS2_PLACEMENT_3D('',#17145,#13945,#13946);
#12098=AXIS2_PLACEMENT_3D('',#17146,#13947,#13948);
#12099=AXIS2_PLACEMENT_3D('',#17148,#13949,#13950);
#12100=AXIS2_PLACEMENT_3D('',#17149,#13951,#13952);
#12101=AXIS2_PLACEMENT_3D('',#17155,#13956,#13957);
#12102=AXIS2_PLACEMENT_3D('',#17159,#13960,#13961);
#12103=AXIS2_PLACEMENT_3D('',#17163,#13964,#13965);
#12104=AXIS2_PLACEMENT_3D('',#17165,#13967,#13968);
#12105=AXIS2_PLACEMENT_3D('',#17179,#13976,#13977);
#12106=AXIS2_PLACEMENT_3D('',#17185,#13981,#13982);
#12107=AXIS2_PLACEMENT_3D('',#17189,#13985,#13986);
#12108=AXIS2_PLACEMENT_3D('',#17193,#13989,#13990);
#12109=AXIS2_PLACEMENT_3D('',#17195,#13992,#13993);
#12110=AXIS2_PLACEMENT_3D('',#17209,#14001,#14002);
#12111=AXIS2_PLACEMENT_3D('',#17212,#14005,#14006);
#12112=AXIS2_PLACEMENT_3D('',#17215,#14009,#14010);
#12113=AXIS2_PLACEMENT_3D('',#17217,#14012,#14013);
#12114=AXIS2_PLACEMENT_3D('',#17219,#14015,#14016);
#12115=AXIS2_PLACEMENT_3D('',#17221,#14018,#14019);
#12116=AXIS2_PLACEMENT_3D('',#17223,#14021,#14022);
#12117=AXIS2_PLACEMENT_3D('',#17224,#14023,#14024);
#12118=AXIS2_PLACEMENT_3D('',#17225,#14025,#14026);
#12119=AXIS2_PLACEMENT_3D('',#17231,#14030,#14031);
#12120=AXIS2_PLACEMENT_3D('',#17237,#14035,#14036);
#12121=AXIS2_PLACEMENT_3D('',#17241,#14039,#14040);
#12122=AXIS2_PLACEMENT_3D('',#17245,#14043,#14044);
#12123=AXIS2_PLACEMENT_3D('',#17249,#14047,#14048);
#12124=AXIS2_PLACEMENT_3D('',#17253,#14051,#14052);
#12125=AXIS2_PLACEMENT_3D('',#17255,#14054,#14055);
#12126=AXIS2_PLACEMENT_3D('',#17257,#14057,#14058);
#12127=AXIS2_PLACEMENT_3D('',#17530,#14195,#14196);
#12128=AXIS2_PLACEMENT_3D('',#17536,#14200,#14201);
#12129=AXIS2_PLACEMENT_3D('',#17540,#14204,#14205);
#12130=AXIS2_PLACEMENT_3D('',#17544,#14208,#14209);
#12131=AXIS2_PLACEMENT_3D('',#17546,#14211,#14212);
#12132=AXIS2_PLACEMENT_3D('',#17547,#14213,#14214);
#12133=AXIS2_PLACEMENT_3D('',#17553,#14218,#14219);
#12134=AXIS2_PLACEMENT_3D('',#17557,#14222,#14223);
#12135=AXIS2_PLACEMENT_3D('',#17561,#14226,#14227);
#12136=AXIS2_PLACEMENT_3D('',#17563,#14229,#14230);
#12137=AXIS2_PLACEMENT_3D('',#17564,#14231,#14232);
#12138=AXIS2_PLACEMENT_3D('',#17570,#14236,#14237);
#12139=AXIS2_PLACEMENT_3D('',#17574,#14240,#14241);
#12140=AXIS2_PLACEMENT_3D('',#17578,#14244,#14245);
#12141=AXIS2_PLACEMENT_3D('',#17580,#14247,#14248);
#12142=AXIS2_PLACEMENT_3D('',#17581,#14249,#14250);
#12143=AXIS2_PLACEMENT_3D('',#17587,#14254,#14255);
#12144=AXIS2_PLACEMENT_3D('',#17591,#14258,#14259);
#12145=AXIS2_PLACEMENT_3D('',#17595,#14262,#14263);
#12146=AXIS2_PLACEMENT_3D('',#17597,#14265,#14266);
#12147=AXIS2_PLACEMENT_3D('',#17598,#14267,#14268);
#12148=AXIS2_PLACEMENT_3D('',#17604,#14272,#14273);
#12149=AXIS2_PLACEMENT_3D('',#17608,#14276,#14277);
#12150=AXIS2_PLACEMENT_3D('',#17612,#14280,#14281);
#12151=AXIS2_PLACEMENT_3D('',#17614,#14283,#14284);
#12152=AXIS2_PLACEMENT_3D('',#17615,#14285,#14286);
#12153=AXIS2_PLACEMENT_3D('',#17621,#14290,#14291);
#12154=AXIS2_PLACEMENT_3D('',#17625,#14294,#14295);
#12155=AXIS2_PLACEMENT_3D('',#17629,#14298,#14299);
#12156=AXIS2_PLACEMENT_3D('',#17631,#14301,#14302);
#12157=AXIS2_PLACEMENT_3D('',#17632,#14303,#14304);
#12158=AXIS2_PLACEMENT_3D('',#17638,#14308,#14309);
#12159=AXIS2_PLACEMENT_3D('',#17642,#14312,#14313);
#12160=AXIS2_PLACEMENT_3D('',#17646,#14316,#14317);
#12161=AXIS2_PLACEMENT_3D('',#17648,#14319,#14320);
#12162=AXIS2_PLACEMENT_3D('',#17649,#14321,#14322);
#12163=AXIS2_PLACEMENT_3D('',#17655,#14326,#14327);
#12164=AXIS2_PLACEMENT_3D('',#17659,#14330,#14331);
#12165=AXIS2_PLACEMENT_3D('',#17663,#14334,#14335);
#12166=AXIS2_PLACEMENT_3D('',#17665,#14337,#14338);
#12167=AXIS2_PLACEMENT_3D('',#17666,#14339,#14340);
#12168=AXIS2_PLACEMENT_3D('',#17672,#14344,#14345);
#12169=AXIS2_PLACEMENT_3D('',#17676,#14348,#14349);
#12170=AXIS2_PLACEMENT_3D('',#17680,#14352,#14353);
#12171=AXIS2_PLACEMENT_3D('',#17682,#14355,#14356);
#12172=AXIS2_PLACEMENT_3D('',#17683,#14357,#14358);
#12173=AXIS2_PLACEMENT_3D('',#17689,#14362,#14363);
#12174=AXIS2_PLACEMENT_3D('',#17693,#14366,#14367);
#12175=AXIS2_PLACEMENT_3D('',#17697,#14370,#14371);
#12176=AXIS2_PLACEMENT_3D('',#17699,#14373,#14374);
#12177=AXIS2_PLACEMENT_3D('',#17700,#14375,#14376);
#12178=AXIS2_PLACEMENT_3D('',#17706,#14380,#14381);
#12179=AXIS2_PLACEMENT_3D('',#17710,#14384,#14385);
#12180=AXIS2_PLACEMENT_3D('',#17714,#14388,#14389);
#12181=AXIS2_PLACEMENT_3D('',#17716,#14391,#14392);
#12182=AXIS2_PLACEMENT_3D('',#17717,#14393,#14394);
#12183=AXIS2_PLACEMENT_3D('',#17723,#14398,#14399);
#12184=AXIS2_PLACEMENT_3D('',#17727,#14402,#14403);
#12185=AXIS2_PLACEMENT_3D('',#17731,#14406,#14407);
#12186=AXIS2_PLACEMENT_3D('',#17733,#14409,#14410);
#12187=AXIS2_PLACEMENT_3D('',#17734,#14411,#14412);
#12188=AXIS2_PLACEMENT_3D('',#17740,#14416,#14417);
#12189=AXIS2_PLACEMENT_3D('',#17744,#14420,#14421);
#12190=AXIS2_PLACEMENT_3D('',#17748,#14424,#14425);
#12191=AXIS2_PLACEMENT_3D('',#17750,#14427,#14428);
#12192=AXIS2_PLACEMENT_3D('',#17751,#14429,#14430);
#12193=AXIS2_PLACEMENT_3D('',#17757,#14434,#14435);
#12194=AXIS2_PLACEMENT_3D('',#17761,#14438,#14439);
#12195=AXIS2_PLACEMENT_3D('',#17765,#14442,#14443);
#12196=AXIS2_PLACEMENT_3D('',#17767,#14445,#14446);
#12197=AXIS2_PLACEMENT_3D('',#17768,#14447,#14448);
#12198=AXIS2_PLACEMENT_3D('',#17774,#14452,#14453);
#12199=AXIS2_PLACEMENT_3D('',#17778,#14456,#14457);
#12200=AXIS2_PLACEMENT_3D('',#17782,#14460,#14461);
#12201=AXIS2_PLACEMENT_3D('',#17784,#14463,#14464);
#12202=AXIS2_PLACEMENT_3D('',#17785,#14465,#14466);
#12203=AXIS2_PLACEMENT_3D('',#17791,#14470,#14471);
#12204=AXIS2_PLACEMENT_3D('',#17795,#14474,#14475);
#12205=AXIS2_PLACEMENT_3D('',#17799,#14478,#14479);
#12206=AXIS2_PLACEMENT_3D('',#17801,#14481,#14482);
#12207=AXIS2_PLACEMENT_3D('',#17802,#14483,#14484);
#12208=AXIS2_PLACEMENT_3D('',#17808,#14488,#14489);
#12209=AXIS2_PLACEMENT_3D('',#17812,#14492,#14493);
#12210=AXIS2_PLACEMENT_3D('',#17816,#14496,#14497);
#12211=AXIS2_PLACEMENT_3D('',#17818,#14499,#14500);
#12212=AXIS2_PLACEMENT_3D('',#17819,#14501,#14502);
#12213=AXIS2_PLACEMENT_3D('',#17825,#14506,#14507);
#12214=AXIS2_PLACEMENT_3D('',#17829,#14510,#14511);
#12215=AXIS2_PLACEMENT_3D('',#17833,#14514,#14515);
#12216=AXIS2_PLACEMENT_3D('',#17835,#14517,#14518);
#12217=AXIS2_PLACEMENT_3D('',#17836,#14519,#14520);
#12218=AXIS2_PLACEMENT_3D('',#17842,#14524,#14525);
#12219=AXIS2_PLACEMENT_3D('',#17846,#14528,#14529);
#12220=AXIS2_PLACEMENT_3D('',#17850,#14532,#14533);
#12221=AXIS2_PLACEMENT_3D('',#17852,#14535,#14536);
#12222=AXIS2_PLACEMENT_3D('',#17853,#14537,#14538);
#12223=AXIS2_PLACEMENT_3D('',#17859,#14542,#14543);
#12224=AXIS2_PLACEMENT_3D('',#17863,#14546,#14547);
#12225=AXIS2_PLACEMENT_3D('',#17867,#14550,#14551);
#12226=AXIS2_PLACEMENT_3D('',#17869,#14553,#14554);
#12227=AXIS2_PLACEMENT_3D('',#17870,#14555,#14556);
#12228=AXIS2_PLACEMENT_3D('',#17876,#14560,#14561);
#12229=AXIS2_PLACEMENT_3D('',#17880,#14564,#14565);
#12230=AXIS2_PLACEMENT_3D('',#17884,#14568,#14569);
#12231=AXIS2_PLACEMENT_3D('',#17886,#14571,#14572);
#12232=AXIS2_PLACEMENT_3D('',#17887,#14573,#14574);
#12233=AXIS2_PLACEMENT_3D('',#17893,#14578,#14579);
#12234=AXIS2_PLACEMENT_3D('',#17897,#14582,#14583);
#12235=AXIS2_PLACEMENT_3D('',#17901,#14586,#14587);
#12236=AXIS2_PLACEMENT_3D('',#17903,#14589,#14590);
#12237=AXIS2_PLACEMENT_3D('',#17904,#14591,#14592);
#12238=AXIS2_PLACEMENT_3D('',#17910,#14596,#14597);
#12239=AXIS2_PLACEMENT_3D('',#17914,#14600,#14601);
#12240=AXIS2_PLACEMENT_3D('',#17918,#14604,#14605);
#12241=AXIS2_PLACEMENT_3D('',#17920,#14607,#14608);
#12242=AXIS2_PLACEMENT_3D('',#17921,#14609,#14610);
#12243=AXIS2_PLACEMENT_3D('',#17927,#14614,#14615);
#12244=AXIS2_PLACEMENT_3D('',#17931,#14618,#14619);
#12245=AXIS2_PLACEMENT_3D('',#17935,#14622,#14623);
#12246=AXIS2_PLACEMENT_3D('',#17937,#14625,#14626);
#12247=AXIS2_PLACEMENT_3D('',#17938,#14627,#14628);
#12248=AXIS2_PLACEMENT_3D('',#17944,#14632,#14633);
#12249=AXIS2_PLACEMENT_3D('',#17948,#14636,#14637);
#12250=AXIS2_PLACEMENT_3D('',#17952,#14640,#14641);
#12251=AXIS2_PLACEMENT_3D('',#17954,#14643,#14644);
#12252=AXIS2_PLACEMENT_3D('',#17955,#14645,#14646);
#12253=AXIS2_PLACEMENT_3D('',#17961,#14650,#14651);
#12254=AXIS2_PLACEMENT_3D('',#17965,#14654,#14655);
#12255=AXIS2_PLACEMENT_3D('',#17969,#14658,#14659);
#12256=AXIS2_PLACEMENT_3D('',#17971,#14661,#14662);
#12257=AXIS2_PLACEMENT_3D('',#17972,#14663,#14664);
#12258=AXIS2_PLACEMENT_3D('',#17978,#14668,#14669);
#12259=AXIS2_PLACEMENT_3D('',#17982,#14672,#14673);
#12260=AXIS2_PLACEMENT_3D('',#17986,#14676,#14677);
#12261=AXIS2_PLACEMENT_3D('',#17988,#14679,#14680);
#12262=AXIS2_PLACEMENT_3D('',#17989,#14681,#14682);
#12263=AXIS2_PLACEMENT_3D('',#17995,#14686,#14687);
#12264=AXIS2_PLACEMENT_3D('',#17999,#14690,#14691);
#12265=AXIS2_PLACEMENT_3D('',#18003,#14694,#14695);
#12266=AXIS2_PLACEMENT_3D('',#18005,#14697,#14698);
#12267=AXIS2_PLACEMENT_3D('',#18006,#14699,#14700);
#12268=AXIS2_PLACEMENT_3D('',#18012,#14704,#14705);
#12269=AXIS2_PLACEMENT_3D('',#18016,#14708,#14709);
#12270=AXIS2_PLACEMENT_3D('',#18020,#14712,#14713);
#12271=AXIS2_PLACEMENT_3D('',#18022,#14715,#14716);
#12272=AXIS2_PLACEMENT_3D('',#18023,#14717,#14718);
#12273=AXIS2_PLACEMENT_3D('',#18029,#14722,#14723);
#12274=AXIS2_PLACEMENT_3D('',#18033,#14726,#14727);
#12275=AXIS2_PLACEMENT_3D('',#18037,#14730,#14731);
#12276=AXIS2_PLACEMENT_3D('',#18039,#14733,#14734);
#12277=AXIS2_PLACEMENT_3D('',#18040,#14735,#14736);
#12278=AXIS2_PLACEMENT_3D('',#18046,#14740,#14741);
#12279=AXIS2_PLACEMENT_3D('',#18050,#14744,#14745);
#12280=AXIS2_PLACEMENT_3D('',#18054,#14748,#14749);
#12281=AXIS2_PLACEMENT_3D('',#18056,#14751,#14752);
#12282=AXIS2_PLACEMENT_3D('',#18057,#14753,#14754);
#12283=AXIS2_PLACEMENT_3D('',#18063,#14758,#14759);
#12284=AXIS2_PLACEMENT_3D('',#18067,#14762,#14763);
#12285=AXIS2_PLACEMENT_3D('',#18071,#14766,#14767);
#12286=AXIS2_PLACEMENT_3D('',#18073,#14769,#14770);
#12287=AXIS2_PLACEMENT_3D('',#18074,#14771,#14772);
#12288=AXIS2_PLACEMENT_3D('',#18080,#14776,#14777);
#12289=AXIS2_PLACEMENT_3D('',#18084,#14780,#14781);
#12290=AXIS2_PLACEMENT_3D('',#18088,#14784,#14785);
#12291=AXIS2_PLACEMENT_3D('',#18090,#14787,#14788);
#12292=AXIS2_PLACEMENT_3D('',#18091,#14789,#14790);
#12293=AXIS2_PLACEMENT_3D('',#18097,#14794,#14795);
#12294=AXIS2_PLACEMENT_3D('',#18101,#14798,#14799);
#12295=AXIS2_PLACEMENT_3D('',#18105,#14802,#14803);
#12296=AXIS2_PLACEMENT_3D('',#18107,#14805,#14806);
#12297=AXIS2_PLACEMENT_3D('',#18108,#14807,#14808);
#12298=AXIS2_PLACEMENT_3D('',#18114,#14812,#14813);
#12299=AXIS2_PLACEMENT_3D('',#18118,#14816,#14817);
#12300=AXIS2_PLACEMENT_3D('',#18122,#14820,#14821);
#12301=AXIS2_PLACEMENT_3D('',#18124,#14823,#14824);
#12302=AXIS2_PLACEMENT_3D('',#18125,#14825,#14826);
#12303=AXIS2_PLACEMENT_3D('',#18131,#14830,#14831);
#12304=AXIS2_PLACEMENT_3D('',#18135,#14834,#14835);
#12305=AXIS2_PLACEMENT_3D('',#18139,#14838,#14839);
#12306=AXIS2_PLACEMENT_3D('',#18141,#14841,#14842);
#12307=AXIS2_PLACEMENT_3D('',#18142,#14843,#14844);
#12308=AXIS2_PLACEMENT_3D('',#18148,#14848,#14849);
#12309=AXIS2_PLACEMENT_3D('',#18152,#14852,#14853);
#12310=AXIS2_PLACEMENT_3D('',#18156,#14856,#14857);
#12311=AXIS2_PLACEMENT_3D('',#18158,#14859,#14860);
#12312=AXIS2_PLACEMENT_3D('',#18159,#14861,#14862);
#12313=AXIS2_PLACEMENT_3D('',#18165,#14866,#14867);
#12314=AXIS2_PLACEMENT_3D('',#18169,#14870,#14871);
#12315=AXIS2_PLACEMENT_3D('',#18173,#14874,#14875);
#12316=AXIS2_PLACEMENT_3D('',#18175,#14877,#14878);
#12317=AXIS2_PLACEMENT_3D('',#18176,#14879,#14880);
#12318=AXIS2_PLACEMENT_3D('',#18182,#14884,#14885);
#12319=AXIS2_PLACEMENT_3D('',#18186,#14888,#14889);
#12320=AXIS2_PLACEMENT_3D('',#18190,#14892,#14893);
#12321=AXIS2_PLACEMENT_3D('',#18192,#14895,#14896);
#12322=AXIS2_PLACEMENT_3D('',#18193,#14897,#14898);
#12323=AXIS2_PLACEMENT_3D('',#18199,#14902,#14903);
#12324=AXIS2_PLACEMENT_3D('',#18203,#14906,#14907);
#12325=AXIS2_PLACEMENT_3D('',#18207,#14910,#14911);
#12326=AXIS2_PLACEMENT_3D('',#18209,#14913,#14914);
#12327=AXIS2_PLACEMENT_3D('',#18210,#14915,#14916);
#12328=AXIS2_PLACEMENT_3D('',#18216,#14920,#14921);
#12329=AXIS2_PLACEMENT_3D('',#18220,#14924,#14925);
#12330=AXIS2_PLACEMENT_3D('',#18224,#14928,#14929);
#12331=AXIS2_PLACEMENT_3D('',#18226,#14931,#14932);
#12332=AXIS2_PLACEMENT_3D('',#18227,#14933,#14934);
#12333=AXIS2_PLACEMENT_3D('',#18233,#14938,#14939);
#12334=AXIS2_PLACEMENT_3D('',#18237,#14942,#14943);
#12335=AXIS2_PLACEMENT_3D('',#18241,#14946,#14947);
#12336=AXIS2_PLACEMENT_3D('',#18243,#14949,#14950);
#12337=AXIS2_PLACEMENT_3D('',#18244,#14951,#14952);
#12338=AXIS2_PLACEMENT_3D('',#18250,#14956,#14957);
#12339=AXIS2_PLACEMENT_3D('',#18254,#14960,#14961);
#12340=AXIS2_PLACEMENT_3D('',#18258,#14964,#14965);
#12341=AXIS2_PLACEMENT_3D('',#18260,#14967,#14968);
#12342=AXIS2_PLACEMENT_3D('',#18261,#14969,#14970);
#12343=AXIS2_PLACEMENT_3D('',#18267,#14974,#14975);
#12344=AXIS2_PLACEMENT_3D('',#18271,#14978,#14979);
#12345=AXIS2_PLACEMENT_3D('',#18275,#14982,#14983);
#12346=AXIS2_PLACEMENT_3D('',#18277,#14985,#14986);
#12347=AXIS2_PLACEMENT_3D('',#18278,#14987,#14988);
#12348=AXIS2_PLACEMENT_3D('',#18284,#14992,#14993);
#12349=AXIS2_PLACEMENT_3D('',#18288,#14996,#14997);
#12350=AXIS2_PLACEMENT_3D('',#18292,#15000,#15001);
#12351=AXIS2_PLACEMENT_3D('',#18294,#15003,#15004);
#12352=AXIS2_PLACEMENT_3D('',#18295,#15005,#15006);
#12353=AXIS2_PLACEMENT_3D('',#18301,#15010,#15011);
#12354=AXIS2_PLACEMENT_3D('',#18305,#15014,#15015);
#12355=AXIS2_PLACEMENT_3D('',#18309,#15018,#15019);
#12356=AXIS2_PLACEMENT_3D('',#18311,#15021,#15022);
#12357=AXIS2_PLACEMENT_3D('',#18312,#15023,#15024);
#12358=AXIS2_PLACEMENT_3D('',#18318,#15028,#15029);
#12359=AXIS2_PLACEMENT_3D('',#18322,#15032,#15033);
#12360=AXIS2_PLACEMENT_3D('',#18326,#15036,#15037);
#12361=AXIS2_PLACEMENT_3D('',#18328,#15039,#15040);
#12362=AXIS2_PLACEMENT_3D('',#18329,#15041,#15042);
#12363=AXIS2_PLACEMENT_3D('',#18335,#15046,#15047);
#12364=AXIS2_PLACEMENT_3D('',#18339,#15050,#15051);
#12365=AXIS2_PLACEMENT_3D('',#18343,#15054,#15055);
#12366=AXIS2_PLACEMENT_3D('',#18345,#15057,#15058);
#12367=AXIS2_PLACEMENT_3D('',#18346,#15059,#15060);
#12368=AXIS2_PLACEMENT_3D('',#18352,#15064,#15065);
#12369=AXIS2_PLACEMENT_3D('',#18356,#15068,#15069);
#12370=AXIS2_PLACEMENT_3D('',#18360,#15072,#15073);
#12371=AXIS2_PLACEMENT_3D('',#18362,#15075,#15076);
#12372=AXIS2_PLACEMENT_3D('',#18363,#15077,#15078);
#12373=AXIS2_PLACEMENT_3D('',#18369,#15082,#15083);
#12374=AXIS2_PLACEMENT_3D('',#18373,#15086,#15087);
#12375=AXIS2_PLACEMENT_3D('',#18377,#15090,#15091);
#12376=AXIS2_PLACEMENT_3D('',#18379,#15093,#15094);
#12377=AXIS2_PLACEMENT_3D('',#18380,#15095,#15096);
#12378=AXIS2_PLACEMENT_3D('',#18386,#15100,#15101);
#12379=AXIS2_PLACEMENT_3D('',#18390,#15104,#15105);
#12380=AXIS2_PLACEMENT_3D('',#18394,#15108,#15109);
#12381=AXIS2_PLACEMENT_3D('',#18396,#15111,#15112);
#12382=AXIS2_PLACEMENT_3D('',#18397,#15113,#15114);
#12383=AXIS2_PLACEMENT_3D('',#18403,#15118,#15119);
#12384=AXIS2_PLACEMENT_3D('',#18407,#15122,#15123);
#12385=AXIS2_PLACEMENT_3D('',#18411,#15126,#15127);
#12386=AXIS2_PLACEMENT_3D('',#18413,#15129,#15130);
#12387=AXIS2_PLACEMENT_3D('',#18414,#15131,#15132);
#12388=AXIS2_PLACEMENT_3D('',#18420,#15136,#15137);
#12389=AXIS2_PLACEMENT_3D('',#18424,#15140,#15141);
#12390=AXIS2_PLACEMENT_3D('',#18428,#15144,#15145);
#12391=AXIS2_PLACEMENT_3D('',#18430,#15147,#15148);
#12392=AXIS2_PLACEMENT_3D('',#18431,#15149,#15150);
#12393=AXIS2_PLACEMENT_3D('',#18437,#15154,#15155);
#12394=AXIS2_PLACEMENT_3D('',#18441,#15158,#15159);
#12395=AXIS2_PLACEMENT_3D('',#18445,#15162,#15163);
#12396=AXIS2_PLACEMENT_3D('',#18447,#15165,#15166);
#12397=AXIS2_PLACEMENT_3D('',#18448,#15167,#15168);
#12398=AXIS2_PLACEMENT_3D('',#18454,#15172,#15173);
#12399=AXIS2_PLACEMENT_3D('',#18458,#15176,#15177);
#12400=AXIS2_PLACEMENT_3D('',#18462,#15180,#15181);
#12401=AXIS2_PLACEMENT_3D('',#18464,#15183,#15184);
#12402=AXIS2_PLACEMENT_3D('',#18465,#15185,#15186);
#12403=AXIS2_PLACEMENT_3D('',#18471,#15190,#15191);
#12404=AXIS2_PLACEMENT_3D('',#18475,#15194,#15195);
#12405=AXIS2_PLACEMENT_3D('',#18479,#15198,#15199);
#12406=AXIS2_PLACEMENT_3D('',#18481,#15201,#15202);
#12407=AXIS2_PLACEMENT_3D('',#18482,#15203,#15204);
#12408=AXIS2_PLACEMENT_3D('',#18488,#15208,#15209);
#12409=AXIS2_PLACEMENT_3D('',#18492,#15212,#15213);
#12410=AXIS2_PLACEMENT_3D('',#18496,#15216,#15217);
#12411=AXIS2_PLACEMENT_3D('',#18498,#15219,#15220);
#12412=AXIS2_PLACEMENT_3D('',#18499,#15221,#15222);
#12413=AXIS2_PLACEMENT_3D('',#18505,#15226,#15227);
#12414=AXIS2_PLACEMENT_3D('',#18509,#15230,#15231);
#12415=AXIS2_PLACEMENT_3D('',#18513,#15234,#15235);
#12416=AXIS2_PLACEMENT_3D('',#18515,#15237,#15238);
#12417=AXIS2_PLACEMENT_3D('',#18516,#15239,#15240);
#12418=AXIS2_PLACEMENT_3D('',#18522,#15244,#15245);
#12419=AXIS2_PLACEMENT_3D('',#18526,#15248,#15249);
#12420=AXIS2_PLACEMENT_3D('',#18530,#15252,#15253);
#12421=AXIS2_PLACEMENT_3D('',#18532,#15255,#15256);
#12422=AXIS2_PLACEMENT_3D('',#18533,#15257,#15258);
#12423=AXIS2_PLACEMENT_3D('',#18539,#15262,#15263);
#12424=AXIS2_PLACEMENT_3D('',#18543,#15266,#15267);
#12425=AXIS2_PLACEMENT_3D('',#18547,#15270,#15271);
#12426=AXIS2_PLACEMENT_3D('',#18549,#15273,#15274);
#12427=AXIS2_PLACEMENT_3D('',#18550,#15275,#15276);
#12428=AXIS2_PLACEMENT_3D('',#18556,#15280,#15281);
#12429=AXIS2_PLACEMENT_3D('',#18560,#15284,#15285);
#12430=AXIS2_PLACEMENT_3D('',#18564,#15288,#15289);
#12431=AXIS2_PLACEMENT_3D('',#18566,#15291,#15292);
#12432=AXIS2_PLACEMENT_3D('',#18567,#15293,#15294);
#12433=AXIS2_PLACEMENT_3D('',#18573,#15298,#15299);
#12434=AXIS2_PLACEMENT_3D('',#18577,#15302,#15303);
#12435=AXIS2_PLACEMENT_3D('',#18581,#15306,#15307);
#12436=AXIS2_PLACEMENT_3D('',#18583,#15309,#15310);
#12437=AXIS2_PLACEMENT_3D('',#18584,#15311,#15312);
#12438=AXIS2_PLACEMENT_3D('',#18590,#15316,#15317);
#12439=AXIS2_PLACEMENT_3D('',#18594,#15320,#15321);
#12440=AXIS2_PLACEMENT_3D('',#18598,#15324,#15325);
#12441=AXIS2_PLACEMENT_3D('',#18600,#15327,#15328);
#12442=AXIS2_PLACEMENT_3D('',#18601,#15329,#15330);
#12443=AXIS2_PLACEMENT_3D('',#18607,#15334,#15335);
#12444=AXIS2_PLACEMENT_3D('',#18611,#15338,#15339);
#12445=AXIS2_PLACEMENT_3D('',#18615,#15342,#15343);
#12446=AXIS2_PLACEMENT_3D('',#18617,#15345,#15346);
#12447=AXIS2_PLACEMENT_3D('',#18618,#15347,#15348);
#12448=AXIS2_PLACEMENT_3D('',#18624,#15352,#15353);
#12449=AXIS2_PLACEMENT_3D('',#18628,#15356,#15357);
#12450=AXIS2_PLACEMENT_3D('',#18632,#15360,#15361);
#12451=AXIS2_PLACEMENT_3D('',#18634,#15363,#15364);
#12452=AXIS2_PLACEMENT_3D('',#18635,#15365,#15366);
#12453=AXIS2_PLACEMENT_3D('',#18641,#15370,#15371);
#12454=AXIS2_PLACEMENT_3D('',#18645,#15374,#15375);
#12455=AXIS2_PLACEMENT_3D('',#18649,#15378,#15379);
#12456=AXIS2_PLACEMENT_3D('',#18651,#15381,#15382);
#12457=AXIS2_PLACEMENT_3D('',#18652,#15383,#15384);
#12458=AXIS2_PLACEMENT_3D('',#18658,#15388,#15389);
#12459=AXIS2_PLACEMENT_3D('',#18662,#15392,#15393);
#12460=AXIS2_PLACEMENT_3D('',#18666,#15396,#15397);
#12461=AXIS2_PLACEMENT_3D('',#18668,#15399,#15400);
#12462=AXIS2_PLACEMENT_3D('',#18669,#15401,#15402);
#12463=AXIS2_PLACEMENT_3D('',#18675,#15406,#15407);
#12464=AXIS2_PLACEMENT_3D('',#18679,#15410,#15411);
#12465=AXIS2_PLACEMENT_3D('',#18683,#15414,#15415);
#12466=AXIS2_PLACEMENT_3D('',#18685,#15417,#15418);
#12467=DIRECTION('',(0.,0.,1.));
#12468=DIRECTION('',(1.,0.,0.));
#12469=DIRECTION('',(0.,-1.,0.));
#12470=DIRECTION('',(0.,0.,-1.));
#12471=DIRECTION('',(-1.,0.,3.94255335449274E-17));
#12472=DIRECTION('',(0.,0.,1.));
#12473=DIRECTION('',(-1.,0.,-1.92747052886312E-16));
#12474=DIRECTION('',(0.,0.,-1.));
#12475=DIRECTION('',(-1.,0.,0.));
#12476=DIRECTION('',(0.,0.,-1.));
#12477=DIRECTION('',(1.,0.,0.));
#12478=DIRECTION('',(0.,0.,1.));
#12479=DIRECTION('',(-1.,0.,0.));
#12480=DIRECTION('',(0.,0.,1.));
#12481=DIRECTION('',(1.,0.,-1.35525271560688E-15));
#12482=DIRECTION('',(0.,0.,-1.));
#12483=DIRECTION('',(-1.,0.,-2.03287907341033E-15));
#12484=DIRECTION('',(0.,0.,1.));
#12485=DIRECTION('',(1.,0.,1.69406589450861E-16));
#12486=DIRECTION('',(0.,0.,-1.));
#12487=DIRECTION('',(-1.,0.,0.));
#12488=DIRECTION('',(0.,0.,1.));
#12489=DIRECTION('',(1.,0.,-1.35525271560688E-15));
#12490=DIRECTION('',(0.,0.,-1.));
#12491=DIRECTION('',(-1.,0.,-2.03287907341033E-15));
#12492=DIRECTION('',(0.,0.,1.));
#12493=DIRECTION('',(1.,0.,1.69406589450861E-16));
#12494=DIRECTION('',(0.,0.,-1.));
#12495=DIRECTION('',(-1.,0.,0.));
#12496=DIRECTION('',(0.,0.,1.));
#12497=DIRECTION('',(1.,0.,-1.35525271560688E-15));
#12498=DIRECTION('',(0.,0.,-1.));
#12499=DIRECTION('',(-1.,0.,-2.03287907341033E-15));
#12500=DIRECTION('',(0.,0.,1.));
#12501=DIRECTION('',(1.,0.,1.69406589450861E-16));
#12502=DIRECTION('',(0.,0.,-1.));
#12503=DIRECTION('',(-1.,0.,0.));
#12504=DIRECTION('',(0.,0.,1.));
#12505=DIRECTION('',(1.,0.,-1.35525271560689E-15));
#12506=DIRECTION('',(0.,0.,-1.));
#12507=DIRECTION('',(-1.,0.,-2.03287907341034E-15));
#12508=DIRECTION('',(0.,0.,1.));
#12509=DIRECTION('',(1.,0.,1.69406589450861E-16));
#12510=DIRECTION('',(0.,0.,-1.));
#12511=DIRECTION('',(-1.,0.,0.));
#12512=DIRECTION('',(0.,0.,1.));
#12513=DIRECTION('',(1.,0.,-1.35525271560689E-15));
#12514=DIRECTION('',(0.,0.,-1.));
#12515=DIRECTION('',(-1.,0.,-2.03287907341034E-15));
#12516=DIRECTION('',(0.,0.,1.));
#12517=DIRECTION('',(1.,0.,1.69406589450861E-16));
#12518=DIRECTION('',(0.,0.,-1.));
#12519=DIRECTION('',(-1.,0.,0.));
#12520=DIRECTION('',(0.,0.,1.));
#12521=DIRECTION('',(1.,0.,-1.35525271560689E-15));
#12522=DIRECTION('',(0.,0.,-1.));
#12523=DIRECTION('',(-1.,0.,-2.03287907341033E-15));
#12524=DIRECTION('',(0.,0.,1.));
#12525=DIRECTION('',(1.,0.,1.69406589450861E-16));
#12526=DIRECTION('',(0.,0.,-1.));
#12527=DIRECTION('',(-1.,0.,0.));
#12528=DIRECTION('',(0.,0.,1.));
#12529=DIRECTION('',(1.,0.,-1.35525271560688E-15));
#12530=DIRECTION('',(0.,0.,-1.));
#12531=DIRECTION('',(-1.,0.,-2.03287907341033E-15));
#12532=DIRECTION('',(0.,0.,1.));
#12533=DIRECTION('',(1.,0.,1.69406589450861E-16));
#12534=DIRECTION('',(0.,0.,-1.));
#12535=DIRECTION('',(-1.,0.,0.));
#12536=DIRECTION('',(0.,0.,1.));
#12537=DIRECTION('',(1.,0.,-1.35525271560688E-15));
#12538=DIRECTION('',(0.,0.,-1.));
#12539=DIRECTION('',(-1.,0.,-2.03287907341033E-15));
#12540=DIRECTION('',(0.,0.,1.));
#12541=DIRECTION('',(1.,0.,1.69406589450861E-16));
#12542=DIRECTION('',(0.,0.,-1.));
#12543=DIRECTION('',(-1.,0.,0.));
#12544=DIRECTION('',(0.,0.,1.));
#12545=DIRECTION('',(1.,0.,-1.35525271560688E-15));
#12546=DIRECTION('',(0.,0.,-1.));
#12547=DIRECTION('',(-1.,0.,-2.03287907341033E-15));
#12548=DIRECTION('',(0.,0.,1.));
#12549=DIRECTION('',(1.,0.,1.69406589450861E-16));
#12550=DIRECTION('',(0.,0.,-1.));
#12551=DIRECTION('',(-1.,0.,0.));
#12552=DIRECTION('',(0.,0.,1.));
#12553=DIRECTION('',(1.,0.,-1.35525271560688E-15));
#12554=DIRECTION('',(0.,0.,-1.));
#12555=DIRECTION('',(-1.,0.,-2.03287907341033E-15));
#12556=DIRECTION('',(0.,0.,1.));
#12557=DIRECTION('',(1.,0.,1.69406589450861E-16));
#12558=DIRECTION('',(0.,0.,-1.));
#12559=DIRECTION('',(-1.,0.,0.));
#12560=DIRECTION('',(0.,0.,1.));
#12561=DIRECTION('',(1.,0.,-1.35525271560688E-15));
#12562=DIRECTION('',(0.,0.,-1.));
#12563=DIRECTION('',(-1.,0.,-2.03287907341032E-15));
#12564=DIRECTION('',(0.,0.,1.));
#12565=DIRECTION('',(1.,0.,1.6940658945086E-16));
#12566=DIRECTION('',(0.,0.,-1.));
#12567=DIRECTION('',(-1.,0.,0.));
#12568=DIRECTION('',(0.,0.,1.));
#12569=DIRECTION('',(1.,0.,-1.35525271560688E-15));
#12570=DIRECTION('',(0.,0.,-1.));
#12571=DIRECTION('',(-1.,0.,-2.03287907341032E-15));
#12572=DIRECTION('',(0.,0.,1.));
#12573=DIRECTION('',(1.,0.,1.6940658945086E-16));
#12574=DIRECTION('',(0.,0.,-1.));
#12575=DIRECTION('',(-1.,0.,0.));
#12576=DIRECTION('',(0.,0.,1.));
#12577=DIRECTION('',(1.,0.,-1.35525271560688E-15));
#12578=DIRECTION('',(0.,0.,-1.));
#12579=DIRECTION('',(-1.,0.,-2.03287907341032E-15));
#12580=DIRECTION('',(0.,0.,1.));
#12581=DIRECTION('',(1.,0.,1.6940658945086E-16));
#12582=DIRECTION('',(0.,0.,-1.));
#12583=DIRECTION('',(-1.,0.,0.));
#12584=DIRECTION('',(0.,0.,1.));
#12585=DIRECTION('',(1.,0.,-1.35525271560688E-15));
#12586=DIRECTION('',(0.,0.,-1.));
#12587=DIRECTION('',(-1.,0.,-2.03287907341032E-15));
#12588=DIRECTION('',(0.,0.,1.));
#12589=DIRECTION('',(1.,0.,1.6940658945086E-16));
#12590=DIRECTION('',(0.,0.,-1.));
#12591=DIRECTION('',(-1.,0.,0.));
#12592=DIRECTION('',(0.,0.,1.));
#12593=DIRECTION('',(1.,0.,-1.35525271560688E-15));
#12594=DIRECTION('',(0.,0.,-1.));
#12595=DIRECTION('',(-1.,0.,-2.03287907341032E-15));
#12596=DIRECTION('',(0.,0.,1.));
#12597=DIRECTION('',(1.,0.,1.6940658945086E-16));
#12598=DIRECTION('',(0.,0.,-1.));
#12599=DIRECTION('',(-1.,0.,0.));
#12600=DIRECTION('',(0.,0.,1.));
#12601=DIRECTION('',(1.,0.,-1.35525271560688E-15));
#12602=DIRECTION('',(0.,0.,-1.));
#12603=DIRECTION('',(-1.,0.,-2.03287907341032E-15));
#12604=DIRECTION('',(0.,0.,1.));
#12605=DIRECTION('',(1.,0.,1.6940658945086E-16));
#12606=DIRECTION('',(0.,0.,-1.));
#12607=DIRECTION('',(-1.,0.,0.));
#12608=DIRECTION('',(0.,0.,1.));
#12609=DIRECTION('',(1.,0.,-1.35525271560688E-15));
#12610=DIRECTION('',(0.,0.,-1.));
#12611=DIRECTION('',(-1.,0.,-2.03287907341032E-15));
#12612=DIRECTION('',(0.,0.,1.));
#12613=DIRECTION('',(1.,0.,1.6940658945086E-16));
#12614=DIRECTION('',(0.,0.,-1.));
#12615=DIRECTION('',(0.,0.,-1.));
#12616=DIRECTION('',(-1.,0.,0.));
#12617=DIRECTION('',(-1.,0.,0.));
#12618=DIRECTION('',(0.,-1.,0.));
#12619=DIRECTION('',(-1.,0.,0.));
#12620=DIRECTION('',(0.,1.,0.));
#12621=DIRECTION('',(0.,0.,-1.));
#12622=DIRECTION('',(-1.,0.,0.));
#12623=DIRECTION('',(-1.,0.,0.));
#12624=DIRECTION('',(0.,-1.,0.));
#12625=DIRECTION('',(-1.,0.,0.));
#12626=DIRECTION('',(0.,1.,0.));
#12627=DIRECTION('',(0.,1.,0.));
#12628=DIRECTION('',(0.,0.,1.));
#12629=DIRECTION('',(0.,0.,1.));
#12630=DIRECTION('',(1.,0.,5.97591748614058E-17));
#12631=DIRECTION('',(0.,0.,-1.));
#12632=DIRECTION('',(1.,0.,1.92747052886312E-16));
#12633=DIRECTION('',(-1.,0.,0.));
#12634=DIRECTION('',(0.,0.,-1.));
#12635=DIRECTION('',(1.,0.,0.));
#12636=DIRECTION('',(0.,0.,-1.));
#12637=DIRECTION('',(-1.,0.,0.));
#12638=DIRECTION('',(0.,0.,1.));
#12639=DIRECTION('',(1.,0.,5.97591748614058E-17));
#12640=DIRECTION('',(0.,0.,-1.));
#12641=DIRECTION('',(1.,0.,0.));
#12642=DIRECTION('',(-1.,0.,0.));
#12643=DIRECTION('',(1.,0.,0.));
#12644=DIRECTION('',(0.,0.,-1.));
#12645=DIRECTION('',(-1.,0.,0.));
#12646=DIRECTION('',(0.,0.,1.));
#12647=DIRECTION('',(0.,0.,-1.));
#12648=DIRECTION('',(0.,-1.,0.));
#12649=DIRECTION('',(0.,0.,-1.));
#12650=DIRECTION('',(0.,1.,0.));
#12651=DIRECTION('',(0.,0.,-1.));
#12652=DIRECTION('',(0.,1.,-1.03586194823456E-16));
#12653=DIRECTION('',(0.,0.,1.));
#12654=DIRECTION('',(0.,-1.,1.03586194823456E-16));
#12655=DIRECTION('',(0.,1.54283583979533E-16,1.));
#12656=DIRECTION('',(0.,-1.,9.32647030095057E-17));
#12657=DIRECTION('',(0.,-1.02855722653022E-16,-1.));
#12658=DIRECTION('',(0.,0.707106781186543,-0.707106781186552));
#12659=DIRECTION('',(0.,1.,-9.32647030095057E-17));
#12660=DIRECTION('',(0.,0.707106781186552,0.707106781186543));
#12661=DIRECTION('',(0.,-1.,1.92747052886312E-16));
#12662=DIRECTION('',(0.,-1.5770213417971E-16,-1.));
#12663=DIRECTION('',(0.,1.,-1.92747052886312E-16));
#12664=DIRECTION('',(0.,3.1540426835942E-16,1.));
#12665=DIRECTION('',(0.,-1.,0.));
#12666=DIRECTION('',(0.,0.,-1.));
#12667=DIRECTION('',(0.,0.,1.));
#12668=DIRECTION('',(1.,0.,0.));
#12669=DIRECTION('',(0.,0.,-1.));
#12670=DIRECTION('',(-1.,0.,0.));
#12671=DIRECTION('',(8.67361737988466E-15,0.,1.));
#12672=DIRECTION('',(-1.,0.,6.6813958879419E-14));
#12673=DIRECTION('',(8.67361737988347E-15,0.,-1.));
#12674=DIRECTION('',(1.,0.,7.05747851652293E-14));
#12675=DIRECTION('',(0.,-1.,0.));
#12676=DIRECTION('',(0.,0.,-1.));
#12677=DIRECTION('',(0.,0.,1.));
#12678=DIRECTION('',(1.,0.,0.));
#12679=DIRECTION('',(0.,0.,-1.));
#12680=DIRECTION('',(-1.,0.,0.));
#12681=DIRECTION('',(0.,0.,1.));
#12682=DIRECTION('',(-1.,0.,6.77626357803444E-16));
#12683=DIRECTION('',(0.,0.,-1.));
#12684=DIRECTION('',(1.,0.,1.18584612615603E-15));
#12685=DIRECTION('',(0.,-1.,0.));
#12686=DIRECTION('',(0.,0.,-1.));
#12687=DIRECTION('',(0.,0.,1.));
#12688=DIRECTION('',(1.,0.,0.));
#12689=DIRECTION('',(0.,0.,-1.));
#12690=DIRECTION('',(-1.,0.,0.));
#12691=DIRECTION('',(0.,0.,1.));
#12692=DIRECTION('',(-1.,0.,6.77626357803444E-16));
#12693=DIRECTION('',(0.,0.,-1.));
#12694=DIRECTION('',(1.,0.,1.18584612615603E-15));
#12695=DIRECTION('',(0.,-1.,0.));
#12696=DIRECTION('',(0.,0.,-1.));
#12697=DIRECTION('',(0.,0.,1.));
#12698=DIRECTION('',(1.,0.,0.));
#12699=DIRECTION('',(0.,0.,-1.));
#12700=DIRECTION('',(-1.,0.,0.));
#12701=DIRECTION('',(0.,0.,1.));
#12702=DIRECTION('',(-1.,0.,6.77626357803444E-16));
#12703=DIRECTION('',(0.,0.,-1.));
#12704=DIRECTION('',(1.,0.,1.18584612615603E-15));
#12705=DIRECTION('',(0.,-1.,0.));
#12706=DIRECTION('',(0.,0.,-1.));
#12707=DIRECTION('',(0.,0.,1.));
#12708=DIRECTION('',(1.,0.,0.));
#12709=DIRECTION('',(0.,0.,-1.));
#12710=DIRECTION('',(-1.,0.,0.));
#12711=DIRECTION('',(0.,0.,1.));
#12712=DIRECTION('',(-1.,0.,6.77626357803433E-16));
#12713=DIRECTION('',(0.,0.,-1.));
#12714=DIRECTION('',(1.,0.,1.18584612615601E-15));
#12715=DIRECTION('',(0.,-1.,0.));
#12716=DIRECTION('',(0.,0.,-1.));
#12717=DIRECTION('',(0.,0.,1.));
#12718=DIRECTION('',(1.,0.,0.));
#12719=DIRECTION('',(0.,0.,-1.));
#12720=DIRECTION('',(-1.,0.,0.));
#12721=DIRECTION('',(0.,0.,1.));
#12722=DIRECTION('',(-1.,0.,6.77626357803441E-16));
#12723=DIRECTION('',(0.,0.,-1.));
#12724=DIRECTION('',(1.,0.,1.18584612615602E-15));
#12725=DIRECTION('',(0.,-1.,0.));
#12726=DIRECTION('',(0.,0.,-1.));
#12727=DIRECTION('',(0.,0.,1.));
#12728=DIRECTION('',(1.,0.,0.));
#12729=DIRECTION('',(0.,0.,-1.));
#12730=DIRECTION('',(-1.,0.,0.));
#12731=DIRECTION('',(0.,0.,1.));
#12732=DIRECTION('',(-1.,0.,6.77626357803438E-16));
#12733=DIRECTION('',(0.,0.,-1.));
#12734=DIRECTION('',(1.,0.,1.18584612615602E-15));
#12735=DIRECTION('',(0.,-1.,0.));
#12736=DIRECTION('',(0.,0.,-1.));
#12737=DIRECTION('',(0.,0.,1.));
#12738=DIRECTION('',(1.,0.,0.));
#12739=DIRECTION('',(0.,0.,-1.));
#12740=DIRECTION('',(-1.,0.,0.));
#12741=DIRECTION('',(0.,0.,1.));
#12742=DIRECTION('',(-1.,0.,6.77626357803438E-16));
#12743=DIRECTION('',(0.,0.,-1.));
#12744=DIRECTION('',(1.,0.,1.18584612615602E-15));
#12745=DIRECTION('',(0.,-1.,0.));
#12746=DIRECTION('',(0.,0.,-1.));
#12747=DIRECTION('',(0.,0.,1.));
#12748=DIRECTION('',(1.,0.,0.));
#12749=DIRECTION('',(0.,0.,-1.));
#12750=DIRECTION('',(-1.,0.,0.));
#12751=DIRECTION('',(0.,0.,1.));
#12752=DIRECTION('',(-1.,0.,6.77626357803438E-16));
#12753=DIRECTION('',(0.,0.,-1.));
#12754=DIRECTION('',(1.,0.,1.18584612615602E-15));
#12755=DIRECTION('',(0.,-1.,0.));
#12756=DIRECTION('',(0.,0.,-1.));
#12757=DIRECTION('',(0.,0.,1.));
#12758=DIRECTION('',(1.,0.,0.));
#12759=DIRECTION('',(0.,0.,-1.));
#12760=DIRECTION('',(-1.,0.,0.));
#12761=DIRECTION('',(0.,0.,1.));
#12762=DIRECTION('',(-1.,0.,6.77626357803438E-16));
#12763=DIRECTION('',(0.,0.,-1.));
#12764=DIRECTION('',(1.,0.,1.18584612615602E-15));
#12765=DIRECTION('',(0.,-1.,0.));
#12766=DIRECTION('',(0.,0.,-1.));
#12767=DIRECTION('',(0.,0.,1.));
#12768=DIRECTION('',(1.,0.,0.));
#12769=DIRECTION('',(0.,0.,-1.));
#12770=DIRECTION('',(-1.,0.,0.));
#12771=DIRECTION('',(0.,0.,1.));
#12772=DIRECTION('',(-1.,0.,6.77626357803438E-16));
#12773=DIRECTION('',(0.,0.,-1.));
#12774=DIRECTION('',(1.,0.,1.18584612615602E-15));
#12775=DIRECTION('',(0.,-1.,0.));
#12776=DIRECTION('',(0.,0.,-1.));
#12777=DIRECTION('',(0.,0.,1.));
#12778=DIRECTION('',(1.,0.,0.));
#12779=DIRECTION('',(0.,0.,-1.));
#12780=DIRECTION('',(-1.,0.,0.));
#12781=DIRECTION('',(0.,0.,1.));
#12782=DIRECTION('',(-1.,0.,6.77626357803438E-16));
#12783=DIRECTION('',(0.,0.,-1.));
#12784=DIRECTION('',(1.,0.,1.18584612615602E-15));
#12785=DIRECTION('',(0.,-1.,0.));
#12786=DIRECTION('',(0.,0.,-1.));
#12787=DIRECTION('',(0.,0.,1.));
#12788=DIRECTION('',(1.,0.,0.));
#12789=DIRECTION('',(0.,0.,-1.));
#12790=DIRECTION('',(-1.,0.,0.));
#12791=DIRECTION('',(0.,0.,1.));
#12792=DIRECTION('',(-1.,0.,6.77626357803438E-16));
#12793=DIRECTION('',(0.,0.,-1.));
#12794=DIRECTION('',(1.,0.,1.18584612615602E-15));
#12795=DIRECTION('',(0.,-1.,0.));
#12796=DIRECTION('',(0.,0.,-1.));
#12797=DIRECTION('',(0.,0.,1.));
#12798=DIRECTION('',(1.,0.,0.));
#12799=DIRECTION('',(0.,0.,-1.));
#12800=DIRECTION('',(-1.,0.,0.));
#12801=DIRECTION('',(0.,0.,1.));
#12802=DIRECTION('',(-1.,0.,6.77626357803438E-16));
#12803=DIRECTION('',(0.,0.,-1.));
#12804=DIRECTION('',(1.,0.,1.18584612615602E-15));
#12805=DIRECTION('',(0.,-1.,0.));
#12806=DIRECTION('',(0.,0.,-1.));
#12807=DIRECTION('',(0.,0.,1.));
#12808=DIRECTION('',(1.,0.,0.));
#12809=DIRECTION('',(0.,0.,-1.));
#12810=DIRECTION('',(-1.,0.,0.));
#12811=DIRECTION('',(0.,0.,1.));
#12812=DIRECTION('',(-1.,0.,6.77626357803438E-16));
#12813=DIRECTION('',(0.,0.,-1.));
#12814=DIRECTION('',(1.,0.,1.18584612615602E-15));
#12815=DIRECTION('',(0.,-1.,0.));
#12816=DIRECTION('',(0.,0.,-1.));
#12817=DIRECTION('',(0.,0.,1.));
#12818=DIRECTION('',(1.,0.,0.));
#12819=DIRECTION('',(0.,0.,-1.));
#12820=DIRECTION('',(-1.,0.,0.));
#12821=DIRECTION('',(0.,0.,1.));
#12822=DIRECTION('',(-1.,0.,6.77626357803438E-16));
#12823=DIRECTION('',(0.,0.,-1.));
#12824=DIRECTION('',(1.,0.,1.18584612615602E-15));
#12825=DIRECTION('',(0.,-1.,0.));
#12826=DIRECTION('',(0.,0.,-1.));
#12827=DIRECTION('',(0.,0.,1.));
#12828=DIRECTION('',(1.,0.,0.));
#12829=DIRECTION('',(0.,0.,-1.));
#12830=DIRECTION('',(-1.,0.,0.));
#12831=DIRECTION('',(0.,0.,1.));
#12832=DIRECTION('',(-1.,0.,6.77626357803438E-16));
#12833=DIRECTION('',(0.,0.,-1.));
#12834=DIRECTION('',(1.,0.,1.18584612615602E-15));
#12835=DIRECTION('',(0.,-1.,0.));
#12836=DIRECTION('',(0.,0.,-1.));
#12837=DIRECTION('',(0.,0.,1.));
#12838=DIRECTION('',(1.,0.,0.));
#12839=DIRECTION('',(0.,0.,-1.));
#12840=DIRECTION('',(-1.,0.,0.));
#12841=DIRECTION('',(0.,0.,1.));
#12842=DIRECTION('',(-1.,0.,6.77626357803438E-16));
#12843=DIRECTION('',(0.,0.,-1.));
#12844=DIRECTION('',(1.,0.,1.18584612615602E-15));
#12845=DIRECTION('',(0.,-1.,0.));
#12846=DIRECTION('',(0.,0.,-1.));
#12847=DIRECTION('',(0.,0.,1.));
#12848=DIRECTION('',(1.,0.,0.));
#12849=DIRECTION('',(0.,0.,-1.));
#12850=DIRECTION('',(-1.,0.,0.));
#12851=DIRECTION('',(4.33680868994202E-15,0.,1.));
#12852=DIRECTION('',(-1.,0.,-1.35525271560688E-16));
#12853=DIRECTION('',(0.,0.,-1.));
#12854=DIRECTION('',(1.,0.,-1.18584612615602E-16));
#12855=DIRECTION('',(0.,-1.,0.));
#12856=DIRECTION('',(0.,0.,-1.));
#12857=DIRECTION('',(7.67576759281773E-16,0.,1.));
#12858=DIRECTION('',(1.,0.,0.));
#12859=DIRECTION('',(0.,0.,-1.));
#12860=DIRECTION('',(-1.,0.,0.));
#12861=DIRECTION('',(0.,0.,1.));
#12862=DIRECTION('',(-1.,0.,1.35525271560688E-16));
#12863=DIRECTION('',(0.,0.,-1.));
#12864=DIRECTION('',(1.,0.,-1.35525271560688E-16));
#12865=DIRECTION('',(0.,-1.,0.));
#12866=DIRECTION('',(0.,0.,-1.));
#12867=DIRECTION('',(0.,0.,-1.));
#12868=DIRECTION('',(-1.,0.,0.));
#12869=DIRECTION('',(0.,0.,-1.));
#12870=DIRECTION('',(1.,0.,0.));
#12871=DIRECTION('',(0.,1.,0.));
#12872=DIRECTION('',(0.,0.,1.));
#12873=DIRECTION('',(0.,1.,0.));
#12874=DIRECTION('',(0.,0.,1.));
#12875=DIRECTION('',(0.,0.,1.));
#12876=DIRECTION('',(-1.,0.,5.61762783671246E-17));
#12877=DIRECTION('',(-4.95635278850516E-16,0.,-1.));
#12878=DIRECTION('',(1.,0.,-5.61762783671246E-17));
#12879=DIRECTION('',(-1.,0.,0.));
#12880=DIRECTION('',(0.,0.,1.));
#12881=DIRECTION('',(-1.,0.,0.));
#12882=DIRECTION('',(0.,0.,1.));
#12883=DIRECTION('',(-1.,0.,0.));
#12884=DIRECTION('',(0.,0.,1.));
#12885=DIRECTION('',(0.,-1.,0.));
#12886=DIRECTION('',(-1.,0.,0.));
#12887=DIRECTION('',(0.,0.,1.));
#12888=DIRECTION('',(-1.,0.,0.));
#12889=DIRECTION('',(0.,0.,1.));
#12890=DIRECTION('',(0.,1.,0.));
#12891=DIRECTION('',(0.,0.,-1.));
#12892=DIRECTION('',(0.,1.,0.));
#12893=DIRECTION('',(0.,0.,-1.));
#12894=DIRECTION('',(0.,-1.,0.));
#12895=DIRECTION('',(0.,0.,-1.));
#12896=DIRECTION('',(-1.,0.,0.));
#12897=DIRECTION('',(0.,0.,-1.));
#12898=DIRECTION('',(-1.,0.,0.));
#12899=DIRECTION('',(1.,1.43579957620757E-16,0.));
#12900=DIRECTION('',(0.,0.,-1.));
#12901=DIRECTION('',(-1.,0.,0.));
#12902=DIRECTION('',(0.,-1.,0.));
#12903=DIRECTION('',(0.,0.,-1.));
#12904=DIRECTION('',(-1.,0.,0.));
#12905=DIRECTION('',(-1.,-9.57199717471711E-17,0.));
#12906=DIRECTION('',(0.,0.,-1.));
#12907=DIRECTION('',(-1.,0.,0.));
#12908=DIRECTION('',(-2.87865963505191E-16,1.,0.));
#12909=DIRECTION('',(0.,0.,-1.));
#12910=DIRECTION('',(-1.,0.,0.));
#12911=DIRECTION('',(-1.,0.,0.));
#12912=DIRECTION('',(0.,0.,-1.));
#12913=DIRECTION('',(-1.,0.,0.));
#12914=DIRECTION('',(0.,-1.,0.));
#12915=DIRECTION('',(0.,0.,-1.));
#12916=DIRECTION('',(-1.,0.,0.));
#12917=DIRECTION('',(1.,0.,0.));
#12918=DIRECTION('',(0.,0.,-1.));
#12919=DIRECTION('',(-1.,0.,0.));
#12920=DIRECTION('',(0.,1.,0.));
#12921=DIRECTION('',(0.,0.,-1.));
#12922=DIRECTION('',(-1.,0.,0.));
#12923=DIRECTION('',(0.,0.,-1.));
#12924=DIRECTION('',(-1.,0.,0.));
#12925=DIRECTION('',(0.,0.,-1.));
#12926=DIRECTION('',(-1.,0.,0.));
#12927=DIRECTION('',(0.,0.,-1.));
#12928=DIRECTION('',(-1.,0.,0.));
#12929=DIRECTION('',(0.,0.,-1.));
#12930=DIRECTION('',(-1.,0.,0.));
#12931=DIRECTION('',(1.,0.,0.));
#12932=DIRECTION('',(0.,0.,-1.));
#12933=DIRECTION('',(-1.,0.,0.));
#12934=DIRECTION('',(0.,-1.,0.));
#12935=DIRECTION('',(0.,0.,-1.));
#12936=DIRECTION('',(-1.,0.,0.));
#12937=DIRECTION('',(-1.,0.,0.));
#12938=DIRECTION('',(0.,0.,-1.));
#12939=DIRECTION('',(-1.,0.,0.));
#12940=DIRECTION('',(0.,1.,0.));
#12941=DIRECTION('',(0.,0.,-1.));
#12942=DIRECTION('',(-1.,0.,0.));
#12943=DIRECTION('',(0.,0.,-1.));
#12944=DIRECTION('',(-1.,0.,0.));
#12945=DIRECTION('',(0.,0.,-1.));
#12946=DIRECTION('',(-1.,0.,0.));
#12947=DIRECTION('',(0.,0.,-1.));
#12948=DIRECTION('',(-1.,0.,0.));
#12949=DIRECTION('',(0.,0.,-1.));
#12950=DIRECTION('',(-1.,0.,0.));
#12951=DIRECTION('',(0.,0.,-1.));
#12952=DIRECTION('',(-1.,0.,0.));
#12953=DIRECTION('',(0.,0.,-1.));
#12954=DIRECTION('',(-1.,0.,0.));
#12955=DIRECTION('',(0.,0.,-1.));
#12956=DIRECTION('',(-1.,0.,0.));
#12957=DIRECTION('',(0.,0.,-1.));
#12958=DIRECTION('',(-1.,0.,0.));
#12959=DIRECTION('',(0.,0.,-1.));
#12960=DIRECTION('',(-1.,0.,0.));
#12961=DIRECTION('',(0.,0.,-1.));
#12962=DIRECTION('',(-1.,0.,0.));
#12963=DIRECTION('',(0.,0.,-1.));
#12964=DIRECTION('',(-1.,0.,0.));
#12965=DIRECTION('',(0.,-0.707106781186546,-0.707106781186549));
#12966=DIRECTION('',(-1.,0.,0.));
#12967=DIRECTION('',(0.,-0.707106781186549,0.707106781186546));
#12968=DIRECTION('',(0.,0.707106781186549,-0.707106781186546));
#12969=DIRECTION('',(0.,0.,1.));
#12970=DIRECTION('',(1.,0.,0.));
#12971=DIRECTION('',(-0.707106781186549,0.,-0.707106781186546));
#12972=DIRECTION('',(0.,0.,1.));
#12973=DIRECTION('',(1.,0.,0.));
#12974=DIRECTION('',(-0.707106781186549,0.,0.707106781186546));
#12975=DIRECTION('',(0.707106781186546,0.,-0.707106781186549));
#12976=DIRECTION('',(0.,-1.,0.));
#12977=DIRECTION('',(-0.707106781186549,0.,-0.707106781186546));
#12978=DIRECTION('',(-0.707106781186546,0.,-0.707106781186549));
#12979=DIRECTION('',(0.,1.,0.));
#12980=DIRECTION('',(-0.707106781186549,0.,0.707106781186546));
#12981=DIRECTION('',(0.,0.,1.));
#12982=DIRECTION('',(1.,0.,0.));
#12983=DIRECTION('',(0.,-0.707106781186549,-0.707106781186546));
#12984=DIRECTION('',(0.,0.,1.));
#12985=DIRECTION('',(1.,0.,0.));
#12986=DIRECTION('',(0.,0.707106781186549,0.707106781186546));
#12987=DIRECTION('',(0.,0.707106781186546,-0.707106781186549));
#12988=DIRECTION('',(1.,0.,0.));
#12989=DIRECTION('',(0.,0.707106781186549,-0.707106781186546));
#12990=DIRECTION('',(1.,0.,0.));
#12991=DIRECTION('',(0.,0.707106781186546,0.707106781186549));
#12992=DIRECTION('',(0.,-0.707106781186546,-0.707106781186549));
#12993=DIRECTION('',(0.,0.,-1.));
#12994=DIRECTION('',(-1.,0.,0.));
#12995=DIRECTION('',(0.707106781186546,0.,-0.707106781186549));
#12996=DIRECTION('',(0.,0.,-1.));
#12997=DIRECTION('',(-1.,0.,0.));
#12998=DIRECTION('',(0.707106781186546,0.,0.707106781186549));
#12999=DIRECTION('',(-0.707106781186549,0.,-0.707106781186546));
#13000=DIRECTION('',(0.,1.,0.));
#13001=DIRECTION('',(0.707106781186546,0.,-0.707106781186549));
#13002=DIRECTION('',(0.707106781186549,0.,-0.707106781186546));
#13003=DIRECTION('',(0.,-1.,0.));
#13004=DIRECTION('',(0.707106781186546,0.,0.707106781186549));
#13005=DIRECTION('',(0.,0.,-1.));
#13006=DIRECTION('',(-1.,0.,0.));
#13007=DIRECTION('',(0.,0.707106781186546,-0.707106781186549));
#13008=DIRECTION('',(0.,0.,-1.));
#13009=DIRECTION('',(-1.,0.,0.));
#13010=DIRECTION('',(0.,-0.707106781186546,0.707106781186549));
#13011=DIRECTION('',(0.,-0.707106781186549,-0.707106781186546));
#13012=DIRECTION('',(-1.,0.,0.));
#13013=DIRECTION('',(1.,0.,0.));
#13014=DIRECTION('',(0.,0.,-1.));
#13015=DIRECTION('',(1.,0.,0.));
#13016=DIRECTION('',(0.,0.,-1.));
#13017=DIRECTION('',(1.,0.,0.));
#13018=DIRECTION('',(0.,0.,-1.));
#13019=DIRECTION('',(1.,0.,0.));
#13020=DIRECTION('',(0.,0.,-1.));
#13021=DIRECTION('',(1.,0.,0.));
#13022=DIRECTION('',(0.,0.,-1.));
#13023=DIRECTION('',(0.,-1.,0.));
#13024=DIRECTION('',(1.,0.,0.));
#13025=DIRECTION('',(0.,0.,-1.));
#13026=DIRECTION('',(1.,0.,0.));
#13027=DIRECTION('',(0.,0.,-1.));
#13028=DIRECTION('',(0.,1.,0.));
#13029=DIRECTION('',(1.,0.,0.));
#13030=DIRECTION('',(0.,0.,-1.));
#13031=DIRECTION('',(0.,0.,-1.));
#13032=DIRECTION('',(-1.,0.,0.));
#13033=DIRECTION('',(0.,-1.,0.));
#13034=DIRECTION('',(0.,0.,-1.));
#13035=DIRECTION('',(0.,1.,0.));
#13036=DIRECTION('',(0.,0.,1.));
#13037=DIRECTION('',(0.,-1.,0.));
#13038=DIRECTION('',(0.,0.,-1.));
#13039=DIRECTION('',(1.,0.,0.));
#13040=DIRECTION('',(0.,0.,-1.));
#13041=DIRECTION('',(0.,-1.,0.));
#13042=DIRECTION('',(0.,0.,-1.));
#13043=DIRECTION('',(1.,0.,0.));
#13044=DIRECTION('',(0.,0.,-1.));
#13045=DIRECTION('',(0.,0.,-1.));
#13046=DIRECTION('',(-1.,0.,0.));
#13047=DIRECTION('',(0.,-1.,0.));
#13048=DIRECTION('',(0.,0.,-1.));
#13049=DIRECTION('',(0.,-1.,0.));
#13050=DIRECTION('',(0.,0.,-1.));
#13051=DIRECTION('',(1.,0.,0.));
#13052=DIRECTION('',(0.,0.,-1.));
#13053=DIRECTION('',(-1.,0.,0.));
#13054=DIRECTION('',(0.,0.,1.));
#13055=DIRECTION('',(1.,0.,0.));
#13056=DIRECTION('',(0.,0.,-1.));
#13057=DIRECTION('',(1.,0.,0.));
#13058=DIRECTION('',(0.,0.,-1.));
#13059=DIRECTION('',(-1.,0.,0.));
#13060=DIRECTION('',(0.,0.,1.));
#13061=DIRECTION('',(1.,0.,0.));
#13062=DIRECTION('',(0.,0.,-1.));
#13063=DIRECTION('',(1.,0.,0.));
#13064=DIRECTION('',(0.,0.,-1.));
#13065=DIRECTION('',(0.,1.,0.));
#13066=DIRECTION('',(0.,0.,1.));
#13067=DIRECTION('',(0.,1.,0.));
#13068=DIRECTION('',(0.,0.,1.));
#13069=DIRECTION('',(0.,1.,0.));
#13070=DIRECTION('',(0.,0.,1.));
#13071=DIRECTION('',(0.,1.,0.));
#13072=DIRECTION('',(0.,0.,1.));
#13073=DIRECTION('',(0.,1.,0.));
#13074=DIRECTION('',(0.,0.,1.));
#13075=DIRECTION('',(0.,1.,0.));
#13076=DIRECTION('',(0.,0.,1.));
#13077=DIRECTION('',(-1.,-2.87865963505191E-16,0.));
#13078=DIRECTION('',(2.87865963505191E-16,-1.,0.));
#13079=DIRECTION('',(0.,0.,1.));
#13080=DIRECTION('',(2.87865963505191E-16,-1.,0.));
#13081=DIRECTION('',(0.,0.,1.));
#13082=DIRECTION('',(2.87865963505191E-16,-1.,0.));
#13083=DIRECTION('',(-1.43579957620757E-16,1.,0.));
#13084=DIRECTION('',(-1.,-1.43579957620757E-16,0.));
#13085=DIRECTION('',(0.,0.,1.));
#13086=DIRECTION('',(-1.,-1.43579957620757E-16,0.));
#13087=DIRECTION('',(0.,0.,1.));
#13088=DIRECTION('',(-1.,-1.43579957620757E-16,0.));
#13089=DIRECTION('',(1.,0.,0.));
#13090=DIRECTION('',(0.,0.,-1.));
#13091=DIRECTION('',(0.,0.,1.));
#13092=DIRECTION('',(0.,1.,0.));
#13093=DIRECTION('',(0.,0.,1.));
#13094=DIRECTION('',(0.,1.,0.));
#13095=DIRECTION('',(9.57199717471711E-17,-1.,0.));
#13096=DIRECTION('',(1.,9.57199717471711E-17,0.));
#13097=DIRECTION('',(0.,0.,1.));
#13098=DIRECTION('',(1.,9.57199717471711E-17,0.));
#13099=DIRECTION('',(0.,0.,1.));
#13100=DIRECTION('',(1.,9.57199717471711E-17,0.));
#13101=DIRECTION('',(0.,0.,-1.));
#13102=DIRECTION('',(-1.,0.,0.));
#13103=DIRECTION('',(0.,0.,-1.));
#13104=DIRECTION('',(-1.,0.,0.));
#13105=DIRECTION('',(0.,0.,-1.));
#13106=DIRECTION('',(-1.,0.,0.));
#13107=DIRECTION('',(0.,0.,-1.));
#13108=DIRECTION('',(-1.,0.,0.));
#13109=DIRECTION('',(0.,0.,-1.));
#13110=DIRECTION('',(-1.,0.,0.));
#13111=DIRECTION('',(0.,0.,-1.));
#13112=DIRECTION('',(-1.,0.,0.));
#13113=DIRECTION('',(0.,0.,-1.));
#13114=DIRECTION('',(-1.,0.,0.));
#13115=DIRECTION('',(0.,0.,-1.));
#13116=DIRECTION('',(-1.,0.,0.));
#13117=DIRECTION('',(0.,0.,-1.));
#13118=DIRECTION('',(-1.,0.,0.));
#13119=DIRECTION('',(0.,0.,-1.));
#13120=DIRECTION('',(-1.,0.,0.));
#13121=DIRECTION('',(0.,0.,-1.));
#13122=DIRECTION('',(-1.,0.,0.));
#13123=DIRECTION('',(0.,0.,-1.));
#13124=DIRECTION('',(-1.,0.,0.));
#13125=DIRECTION('',(0.,0.,-1.));
#13126=DIRECTION('',(-1.,0.,0.));
#13127=DIRECTION('',(6.76842411174088E-17,-0.707106781186541,-0.707106781186554));
#13128=DIRECTION('',(1.,9.57199717471711E-17,0.));
#13129=DIRECTION('',(0.,0.707106781186554,-0.707106781186541));
#13130=DIRECTION('',(0.,-0.707106781186554,0.707106781186541));
#13131=DIRECTION('',(0.,0.,1.));
#13132=DIRECTION('',(1.,0.,0.));
#13133=DIRECTION('',(0.707106781186554,0.,0.707106781186541));
#13134=DIRECTION('',(0.,0.,1.));
#13135=DIRECTION('',(1.,0.,0.));
#13136=DIRECTION('',(0.707106781186554,0.,-0.707106781186541));
#13137=DIRECTION('',(0.707106781186541,0.,-0.707106781186554));
#13138=DIRECTION('',(0.,1.,0.));
#13139=DIRECTION('',(0.707106781186554,0.,0.707106781186541));
#13140=DIRECTION('',(-0.707106781186541,-2.03551974867318E-16,-0.707106781186554));
#13141=DIRECTION('',(2.87865963505191E-16,-1.,0.));
#13142=DIRECTION('',(0.707106781186554,0.,-0.707106781186541));
#13143=DIRECTION('',(0.,0.,1.));
#13144=DIRECTION('',(1.,0.,0.));
#13145=DIRECTION('',(0.,0.707106781186554,0.707106781186541));
#13146=DIRECTION('',(0.,0.,1.));
#13147=DIRECTION('',(1.,0.,0.));
#13148=DIRECTION('',(0.,-0.707106781186554,-0.707106781186541));
#13149=DIRECTION('',(-1.01526361676113E-16,0.70710678118654,-0.707106781186555));
#13150=DIRECTION('',(-1.,-1.43579957620757E-16,0.));
#13151=DIRECTION('',(1.,0.,0.));
#13152=DIRECTION('',(0.,0.,-1.));
#13153=DIRECTION('',(0.,-1.,0.));
#13154=DIRECTION('',(0.,0.,1.));
#13155=DIRECTION('',(0.,-1.,0.));
#13156=DIRECTION('',(-5.61762783671246E-17,0.,-1.));
#13157=DIRECTION('',(-1.,0.,5.61762783671246E-17));
#13158=DIRECTION('',(0.,-1.,0.));
#13159=DIRECTION('',(1.,0.,-5.61762783671246E-17));
#13160=DIRECTION('',(-1.,0.,4.95635278850516E-16));
#13161=DIRECTION('',(4.95635278850516E-16,0.,1.));
#13162=DIRECTION('',(0.,-1.,0.));
#13163=DIRECTION('',(-4.95635278850516E-16,0.,-1.));
#13164=DIRECTION('',(5.61762783671246E-17,0.,1.));
#13165=DIRECTION('',(1.,0.,-5.61762783671246E-17));
#13166=DIRECTION('',(-1.,0.,5.61762783671246E-17));
#13167=DIRECTION('',(0.,-1.,0.));
#13168=DIRECTION('',(0.,0.,-1.));
#13169=DIRECTION('',(1.,0.,0.));
#13170=DIRECTION('',(0.,0.,1.));
#13171=DIRECTION('',(-1.,0.,0.));
#13172=DIRECTION('',(0.,0.,-1.));
#13173=DIRECTION('',(1.,0.,0.));
#13174=DIRECTION('',(0.,0.,1.));
#13175=DIRECTION('',(-1.,0.,0.));
#13176=DIRECTION('',(0.,0.,-1.));
#13177=DIRECTION('',(1.,0.,0.));
#13178=DIRECTION('',(0.,0.,1.));
#13179=DIRECTION('',(-1.,0.,0.));
#13180=DIRECTION('',(0.,0.,-1.));
#13181=DIRECTION('',(1.,0.,0.));
#13182=DIRECTION('',(0.,0.,1.));
#13183=DIRECTION('',(-1.,0.,0.));
#13184=DIRECTION('',(0.,0.,-1.));
#13185=DIRECTION('',(1.,0.,0.));
#13186=DIRECTION('',(0.,0.,1.));
#13187=DIRECTION('',(-1.,0.,0.));
#13188=DIRECTION('',(0.,0.,-1.));
#13189=DIRECTION('',(1.,0.,0.));
#13190=DIRECTION('',(0.,0.,1.));
#13191=DIRECTION('',(-1.,0.,0.));
#13192=DIRECTION('',(0.,0.,-1.));
#13193=DIRECTION('',(1.,0.,0.));
#13194=DIRECTION('',(0.,0.,1.));
#13195=DIRECTION('',(-1.,0.,0.));
#13196=DIRECTION('',(0.,0.,-1.));
#13197=DIRECTION('',(1.,0.,0.));
#13198=DIRECTION('',(0.,0.,1.));
#13199=DIRECTION('',(-1.,0.,0.));
#13200=DIRECTION('',(0.,0.,-1.));
#13201=DIRECTION('',(1.,0.,0.));
#13202=DIRECTION('',(0.,0.,1.));
#13203=DIRECTION('',(-1.,0.,0.));
#13204=DIRECTION('',(0.,0.,-1.));
#13205=DIRECTION('',(1.,0.,0.));
#13206=DIRECTION('',(0.,0.,1.));
#13207=DIRECTION('',(-1.,0.,0.));
#13208=DIRECTION('',(0.,0.,-1.));
#13209=DIRECTION('',(1.,0.,0.));
#13210=DIRECTION('',(0.,0.,1.));
#13211=DIRECTION('',(-1.,0.,0.));
#13212=DIRECTION('',(0.,0.,-1.));
#13213=DIRECTION('',(1.,0.,0.));
#13214=DIRECTION('',(0.,0.,1.));
#13215=DIRECTION('',(-1.,0.,0.));
#13216=DIRECTION('',(0.,0.,-1.));
#13217=DIRECTION('',(1.,0.,0.));
#13218=DIRECTION('',(0.,0.,1.));
#13219=DIRECTION('',(-1.,0.,0.));
#13220=DIRECTION('',(0.,0.,-1.));
#13221=DIRECTION('',(1.,0.,0.));
#13222=DIRECTION('',(0.,0.,1.));
#13223=DIRECTION('',(-1.,0.,0.));
#13224=DIRECTION('',(0.,0.,-1.));
#13225=DIRECTION('',(1.,0.,0.));
#13226=DIRECTION('',(0.,0.,1.));
#13227=DIRECTION('',(-1.,0.,0.));
#13228=DIRECTION('',(0.,0.,-1.));
#13229=DIRECTION('',(1.,0.,0.));
#13230=DIRECTION('',(0.,0.,1.));
#13231=DIRECTION('',(-1.,0.,0.));
#13232=DIRECTION('',(0.,0.,-1.));
#13233=DIRECTION('',(1.,0.,0.));
#13234=DIRECTION('',(0.,0.,1.));
#13235=DIRECTION('',(-1.,0.,0.));
#13236=DIRECTION('',(0.,0.,-1.));
#13237=DIRECTION('',(1.,0.,0.));
#13238=DIRECTION('',(0.,0.,1.));
#13239=DIRECTION('',(-1.,0.,0.));
#13240=DIRECTION('',(0.,0.,-1.));
#13241=DIRECTION('',(1.,0.,0.));
#13242=DIRECTION('',(0.,0.,1.));
#13243=DIRECTION('',(-1.,0.,0.));
#13244=DIRECTION('',(0.,0.,-1.));
#13245=DIRECTION('',(1.,0.,0.));
#13246=DIRECTION('',(7.67576759281773E-16,0.,1.));
#13247=DIRECTION('',(-1.,0.,0.));
#13248=DIRECTION('',(0.,0.,-1.));
#13249=DIRECTION('',(-1.,0.,7.67576759281773E-16));
#13250=DIRECTION('',(7.67576759281773E-16,0.,1.));
#13251=DIRECTION('',(0.,1.,0.));
#13252=DIRECTION('',(0.,1.,0.));
#13253=DIRECTION('',(0.,0.,-1.));
#13254=DIRECTION('',(-1.,0.,0.));
#13255=DIRECTION('',(0.,1.,0.));
#13256=DIRECTION('',(1.,0.,0.));
#13257=DIRECTION('',(0.,0.,-1.));
#13258=DIRECTION('',(0.,1.,0.));
#13259=DIRECTION('',(0.,0.,1.));
#13260=DIRECTION('',(1.,0.,0.));
#13261=DIRECTION('',(-1.,0.,0.));
#13262=DIRECTION('',(0.,0.,1.));
#13263=DIRECTION('',(0.,1.,0.));
#13264=DIRECTION('',(0.,1.,0.));
#13265=DIRECTION('',(0.,0.,-1.));
#13266=DIRECTION('',(-1.,0.,0.));
#13267=DIRECTION('',(0.,1.,0.));
#13268=DIRECTION('',(1.,0.,0.));
#13269=DIRECTION('',(0.,0.,-1.));
#13270=DIRECTION('',(0.,1.,0.));
#13271=DIRECTION('',(0.,0.,1.));
#13272=DIRECTION('',(1.,0.,0.));
#13273=DIRECTION('',(-1.,0.,0.));
#13274=DIRECTION('',(0.,0.,1.));
#13275=DIRECTION('',(0.,1.,0.));
#13276=DIRECTION('',(0.,1.,0.));
#13277=DIRECTION('',(0.,0.,-1.));
#13278=DIRECTION('',(-1.,0.,0.));
#13279=DIRECTION('',(0.,1.,0.));
#13280=DIRECTION('',(1.,0.,0.));
#13281=DIRECTION('',(0.,0.,-1.));
#13282=DIRECTION('',(0.,1.,0.));
#13283=DIRECTION('',(0.,0.,1.));
#13284=DIRECTION('',(1.,0.,0.));
#13285=DIRECTION('',(-1.,0.,0.));
#13286=DIRECTION('',(0.,0.,1.));
#13287=DIRECTION('',(0.,1.,0.));
#13288=DIRECTION('',(0.,1.,0.));
#13289=DIRECTION('',(0.,0.,-1.));
#13290=DIRECTION('',(-1.,0.,0.));
#13291=DIRECTION('',(0.,1.,0.));
#13292=DIRECTION('',(1.,0.,0.));
#13293=DIRECTION('',(0.,0.,-1.));
#13294=DIRECTION('',(0.,1.,0.));
#13295=DIRECTION('',(0.,0.,1.));
#13296=DIRECTION('',(1.,0.,0.));
#13297=DIRECTION('',(-1.,0.,0.));
#13298=DIRECTION('',(0.,0.,1.));
#13299=DIRECTION('',(0.,1.,0.));
#13300=DIRECTION('',(0.,1.,0.));
#13301=DIRECTION('',(0.,0.,-1.));
#13302=DIRECTION('',(-1.,0.,0.));
#13303=DIRECTION('',(0.,1.,0.));
#13304=DIRECTION('',(1.,0.,0.));
#13305=DIRECTION('',(0.,0.,-1.));
#13306=DIRECTION('',(0.,1.,0.));
#13307=DIRECTION('',(0.,0.,1.));
#13308=DIRECTION('',(1.,0.,0.));
#13309=DIRECTION('',(-1.,0.,0.));
#13310=DIRECTION('',(0.,0.,1.));
#13311=DIRECTION('',(0.,1.,0.));
#13312=DIRECTION('',(0.,1.,0.));
#13313=DIRECTION('',(0.,0.,-1.));
#13314=DIRECTION('',(-1.,0.,0.));
#13315=DIRECTION('',(0.,1.,0.));
#13316=DIRECTION('',(1.,0.,0.));
#13317=DIRECTION('',(0.,0.,-1.));
#13318=DIRECTION('',(0.,1.,0.));
#13319=DIRECTION('',(0.,0.,1.));
#13320=DIRECTION('',(1.,0.,0.));
#13321=DIRECTION('',(-1.,0.,0.));
#13322=DIRECTION('',(0.,0.,1.));
#13323=DIRECTION('',(0.,1.,0.));
#13324=DIRECTION('',(0.,1.,0.));
#13325=DIRECTION('',(0.,0.,-1.));
#13326=DIRECTION('',(-1.,0.,0.));
#13327=DIRECTION('',(0.,1.,0.));
#13328=DIRECTION('',(1.,0.,0.));
#13329=DIRECTION('',(0.,0.,-1.));
#13330=DIRECTION('',(0.,1.,0.));
#13331=DIRECTION('',(0.,0.,1.));
#13332=DIRECTION('',(1.,0.,0.));
#13333=DIRECTION('',(-1.,0.,0.));
#13334=DIRECTION('',(0.,0.,1.));
#13335=DIRECTION('',(0.,1.,0.));
#13336=DIRECTION('',(0.,1.,0.));
#13337=DIRECTION('',(0.,0.,-1.));
#13338=DIRECTION('',(-1.,0.,0.));
#13339=DIRECTION('',(0.,1.,0.));
#13340=DIRECTION('',(1.,0.,0.));
#13341=DIRECTION('',(0.,0.,-1.));
#13342=DIRECTION('',(0.,1.,0.));
#13343=DIRECTION('',(0.,0.,1.));
#13344=DIRECTION('',(1.,0.,0.));
#13345=DIRECTION('',(-1.,0.,0.));
#13346=DIRECTION('',(0.,0.,1.));
#13347=DIRECTION('',(0.,1.,0.));
#13348=DIRECTION('',(0.,1.,0.));
#13349=DIRECTION('',(0.,0.,-1.));
#13350=DIRECTION('',(-1.,0.,0.));
#13351=DIRECTION('',(0.,1.,0.));
#13352=DIRECTION('',(1.,0.,0.));
#13353=DIRECTION('',(0.,0.,-1.));
#13354=DIRECTION('',(0.,1.,0.));
#13355=DIRECTION('',(0.,0.,1.));
#13356=DIRECTION('',(1.,0.,0.));
#13357=DIRECTION('',(-1.,0.,0.));
#13358=DIRECTION('',(0.,0.,1.));
#13359=DIRECTION('',(0.,1.,0.));
#13360=DIRECTION('',(0.,1.,0.));
#13361=DIRECTION('',(0.,0.,-1.));
#13362=DIRECTION('',(-1.,0.,0.));
#13363=DIRECTION('',(0.,1.,0.));
#13364=DIRECTION('',(1.,0.,0.));
#13365=DIRECTION('',(0.,0.,-1.));
#13366=DIRECTION('',(0.,1.,0.));
#13367=DIRECTION('',(0.,0.,1.));
#13368=DIRECTION('',(1.,0.,0.));
#13369=DIRECTION('',(-1.,0.,0.));
#13370=DIRECTION('',(0.,0.,1.));
#13371=DIRECTION('',(0.,1.,0.));
#13372=DIRECTION('',(0.,1.,0.));
#13373=DIRECTION('',(0.,0.,-1.));
#13374=DIRECTION('',(-1.,0.,0.));
#13375=DIRECTION('',(0.,1.,0.));
#13376=DIRECTION('',(1.,0.,0.));
#13377=DIRECTION('',(0.,0.,-1.));
#13378=DIRECTION('',(0.,1.,0.));
#13379=DIRECTION('',(0.,0.,1.));
#13380=DIRECTION('',(1.,0.,0.));
#13381=DIRECTION('',(-1.,0.,0.));
#13382=DIRECTION('',(0.,0.,1.));
#13383=DIRECTION('',(0.,1.,0.));
#13384=DIRECTION('',(0.,1.,0.));
#13385=DIRECTION('',(0.,0.,-1.));
#13386=DIRECTION('',(-1.,0.,0.));
#13387=DIRECTION('',(0.,1.,0.));
#13388=DIRECTION('',(1.,0.,0.));
#13389=DIRECTION('',(0.,0.,-1.));
#13390=DIRECTION('',(0.,1.,0.));
#13391=DIRECTION('',(0.,0.,1.));
#13392=DIRECTION('',(1.,0.,0.));
#13393=DIRECTION('',(-1.,0.,0.));
#13394=DIRECTION('',(0.,0.,1.));
#13395=DIRECTION('',(0.,1.,0.));
#13396=DIRECTION('',(0.,1.,0.));
#13397=DIRECTION('',(0.,0.,-1.));
#13398=DIRECTION('',(-1.,0.,0.));
#13399=DIRECTION('',(0.,1.,0.));
#13400=DIRECTION('',(1.,0.,0.));
#13401=DIRECTION('',(0.,0.,-1.));
#13402=DIRECTION('',(0.,1.,0.));
#13403=DIRECTION('',(0.,0.,1.));
#13404=DIRECTION('',(1.,0.,0.));
#13405=DIRECTION('',(-1.,0.,0.));
#13406=DIRECTION('',(0.,0.,1.));
#13407=DIRECTION('',(0.,1.,0.));
#13408=DIRECTION('',(0.,1.,0.));
#13409=DIRECTION('',(0.,0.,-1.));
#13410=DIRECTION('',(-1.,0.,0.));
#13411=DIRECTION('',(0.,1.,0.));
#13412=DIRECTION('',(1.,0.,0.));
#13413=DIRECTION('',(0.,0.,-1.));
#13414=DIRECTION('',(0.,1.,0.));
#13415=DIRECTION('',(0.,0.,1.));
#13416=DIRECTION('',(1.,0.,0.));
#13417=DIRECTION('',(-1.,0.,0.));
#13418=DIRECTION('',(0.,0.,1.));
#13419=DIRECTION('',(0.,1.,0.));
#13420=DIRECTION('',(0.,1.,0.));
#13421=DIRECTION('',(0.,0.,-1.));
#13422=DIRECTION('',(-1.,0.,0.));
#13423=DIRECTION('',(0.,1.,0.));
#13424=DIRECTION('',(1.,0.,0.));
#13425=DIRECTION('',(0.,0.,-1.));
#13426=DIRECTION('',(0.,1.,0.));
#13427=DIRECTION('',(0.,0.,1.));
#13428=DIRECTION('',(1.,0.,0.));
#13429=DIRECTION('',(-1.,0.,0.));
#13430=DIRECTION('',(0.,0.,1.));
#13431=DIRECTION('',(0.,1.,0.));
#13432=DIRECTION('',(0.,1.,0.));
#13433=DIRECTION('',(0.,0.,-1.));
#13434=DIRECTION('',(-1.,0.,0.));
#13435=DIRECTION('',(0.,1.,0.));
#13436=DIRECTION('',(1.,0.,0.));
#13437=DIRECTION('',(0.,0.,-1.));
#13438=DIRECTION('',(0.,1.,0.));
#13439=DIRECTION('',(0.,0.,1.));
#13440=DIRECTION('',(1.,0.,0.));
#13441=DIRECTION('',(-1.,0.,0.));
#13442=DIRECTION('',(0.,0.,1.));
#13443=DIRECTION('',(0.,1.,0.));
#13444=DIRECTION('',(0.,1.,0.));
#13445=DIRECTION('',(0.,0.,-1.));
#13446=DIRECTION('',(-1.,0.,0.));
#13447=DIRECTION('',(0.,1.,0.));
#13448=DIRECTION('',(1.,0.,0.));
#13449=DIRECTION('',(0.,0.,-1.));
#13450=DIRECTION('',(0.,1.,0.));
#13451=DIRECTION('',(0.,0.,1.));
#13452=DIRECTION('',(1.,0.,0.));
#13453=DIRECTION('',(-1.,0.,0.));
#13454=DIRECTION('',(0.,0.,1.));
#13455=DIRECTION('',(0.,1.,0.));
#13456=DIRECTION('',(0.,1.,0.));
#13457=DIRECTION('',(0.,0.,-1.));
#13458=DIRECTION('',(-1.,0.,0.));
#13459=DIRECTION('',(0.,1.,0.));
#13460=DIRECTION('',(1.,0.,0.));
#13461=DIRECTION('',(0.,0.,-1.));
#13462=DIRECTION('',(0.,1.,0.));
#13463=DIRECTION('',(0.,0.,1.));
#13464=DIRECTION('',(1.,0.,0.));
#13465=DIRECTION('',(-1.,0.,0.));
#13466=DIRECTION('',(0.,0.,1.));
#13467=DIRECTION('',(0.,1.,0.));
#13468=DIRECTION('',(0.,1.,0.));
#13469=DIRECTION('',(0.,0.,-1.));
#13470=DIRECTION('',(-1.,0.,0.));
#13471=DIRECTION('',(0.,1.,0.));
#13472=DIRECTION('',(1.,0.,0.));
#13473=DIRECTION('',(0.,0.,-1.));
#13474=DIRECTION('',(0.,1.,0.));
#13475=DIRECTION('',(0.,0.,1.));
#13476=DIRECTION('',(1.,0.,0.));
#13477=DIRECTION('',(-1.,0.,0.));
#13478=DIRECTION('',(0.,0.,1.));
#13479=DIRECTION('',(0.,1.,0.));
#13480=DIRECTION('',(0.,1.,0.));
#13481=DIRECTION('',(0.,0.,-1.));
#13482=DIRECTION('',(-1.,0.,0.));
#13483=DIRECTION('',(0.,1.,0.));
#13484=DIRECTION('',(1.,0.,0.));
#13485=DIRECTION('',(0.,0.,-1.));
#13486=DIRECTION('',(0.,1.,0.));
#13487=DIRECTION('',(0.,0.,1.));
#13488=DIRECTION('',(1.,0.,0.));
#13489=DIRECTION('',(1.,0.,0.));
#13490=DIRECTION('',(0.,0.,-1.));
#13491=DIRECTION('',(0.,-1.,0.));
#13492=DIRECTION('',(0.,0.,1.));
#13493=DIRECTION('',(0.,-1.,0.));
#13494=DIRECTION('',(-1.35525271560688E-16,0.,-1.));
#13495=DIRECTION('',(-1.,0.,1.35525271560688E-16));
#13496=DIRECTION('',(0.,-1.,0.));
#13497=DIRECTION('',(1.,0.,-1.35525271560688E-16));
#13498=DIRECTION('',(-1.,0.,0.));
#13499=DIRECTION('',(0.,0.,1.));
#13500=DIRECTION('',(0.,-1.,0.));
#13501=DIRECTION('',(0.,0.,-1.));
#13502=DIRECTION('',(1.35525271560688E-16,0.,1.));
#13503=DIRECTION('',(1.,0.,-1.35525271560688E-16));
#13504=DIRECTION('',(-1.,0.,1.35525271560688E-16));
#13505=DIRECTION('',(0.,-1.,0.));
#13506=DIRECTION('',(0.,0.,-1.));
#13507=DIRECTION('',(1.,0.,-4.33680868994202E-15));
#13508=DIRECTION('',(-4.33680868994202E-15,0.,-1.));
#13509=DIRECTION('',(0.,-1.,0.));
#13510=DIRECTION('',(4.33680868994202E-15,0.,1.));
#13511=DIRECTION('',(0.,-1.,0.));
#13512=DIRECTION('',(-1.18584612615602E-16,0.,-1.));
#13513=DIRECTION('',(-1.,0.,1.18584612615602E-16));
#13514=DIRECTION('',(0.,-1.,0.));
#13515=DIRECTION('',(1.,0.,-1.18584612615602E-16));
#13516=DIRECTION('',(-1.,0.,0.));
#13517=DIRECTION('',(0.,0.,1.));
#13518=DIRECTION('',(0.,-1.,0.));
#13519=DIRECTION('',(0.,0.,-1.));
#13520=DIRECTION('',(-1.35525271560688E-16,0.,1.));
#13521=DIRECTION('',(1.,0.,1.35525271560688E-16));
#13522=DIRECTION('',(-1.,0.,-1.35525271560688E-16));
#13523=DIRECTION('',(0.,-1.,0.));
#13524=DIRECTION('',(0.,0.,-1.));
#13525=DIRECTION('',(1.,0.,0.));
#13526=DIRECTION('',(0.,0.,-1.));
#13527=DIRECTION('',(0.,-1.,0.));
#13528=DIRECTION('',(0.,0.,1.));
#13529=DIRECTION('',(0.,-1.,0.));
#13530=DIRECTION('',(1.18584612615602E-15,0.,-1.));
#13531=DIRECTION('',(-1.,0.,-1.18584612615602E-15));
#13532=DIRECTION('',(0.,-1.,0.));
#13533=DIRECTION('',(1.,0.,1.18584612615602E-15));
#13534=DIRECTION('',(-1.,0.,0.));
#13535=DIRECTION('',(0.,0.,1.));
#13536=DIRECTION('',(0.,-1.,0.));
#13537=DIRECTION('',(0.,0.,-1.));
#13538=DIRECTION('',(6.77626357803438E-16,0.,1.));
#13539=DIRECTION('',(1.,0.,-6.77626357803439E-16));
#13540=DIRECTION('',(-1.,0.,6.77626357803438E-16));
#13541=DIRECTION('',(0.,-1.,0.));
#13542=DIRECTION('',(0.,0.,-1.));
#13543=DIRECTION('',(1.,0.,0.));
#13544=DIRECTION('',(0.,0.,-1.));
#13545=DIRECTION('',(0.,-1.,0.));
#13546=DIRECTION('',(0.,0.,1.));
#13547=DIRECTION('',(0.,-1.,0.));
#13548=DIRECTION('',(1.18584612615602E-15,0.,-1.));
#13549=DIRECTION('',(-1.,0.,-1.18584612615602E-15));
#13550=DIRECTION('',(0.,-1.,0.));
#13551=DIRECTION('',(1.,0.,1.18584612615602E-15));
#13552=DIRECTION('',(-1.,0.,0.));
#13553=DIRECTION('',(0.,0.,1.));
#13554=DIRECTION('',(0.,-1.,0.));
#13555=DIRECTION('',(0.,0.,-1.));
#13556=DIRECTION('',(6.77626357803438E-16,0.,1.));
#13557=DIRECTION('',(1.,0.,-6.77626357803439E-16));
#13558=DIRECTION('',(-1.,0.,6.77626357803438E-16));
#13559=DIRECTION('',(0.,-1.,0.));
#13560=DIRECTION('',(0.,0.,-1.));
#13561=DIRECTION('',(1.,0.,0.));
#13562=DIRECTION('',(0.,0.,-1.));
#13563=DIRECTION('',(0.,-1.,0.));
#13564=DIRECTION('',(0.,0.,1.));
#13565=DIRECTION('',(0.,-1.,0.));
#13566=DIRECTION('',(1.18584612615602E-15,0.,-1.));
#13567=DIRECTION('',(-1.,0.,-1.18584612615602E-15));
#13568=DIRECTION('',(0.,-1.,0.));
#13569=DIRECTION('',(1.,0.,1.18584612615602E-15));
#13570=DIRECTION('',(-1.,0.,0.));
#13571=DIRECTION('',(0.,0.,1.));
#13572=DIRECTION('',(0.,-1.,0.));
#13573=DIRECTION('',(0.,0.,-1.));
#13574=DIRECTION('',(6.77626357803438E-16,0.,1.));
#13575=DIRECTION('',(1.,0.,-6.77626357803439E-16));
#13576=DIRECTION('',(-1.,0.,6.77626357803438E-16));
#13577=DIRECTION('',(0.,-1.,0.));
#13578=DIRECTION('',(0.,0.,-1.));
#13579=DIRECTION('',(1.,0.,0.));
#13580=DIRECTION('',(0.,0.,-1.));
#13581=DIRECTION('',(0.,-1.,0.));
#13582=DIRECTION('',(0.,0.,1.));
#13583=DIRECTION('',(0.,-1.,0.));
#13584=DIRECTION('',(1.18584612615602E-15,0.,-1.));
#13585=DIRECTION('',(-1.,0.,-1.18584612615602E-15));
#13586=DIRECTION('',(0.,-1.,0.));
#13587=DIRECTION('',(1.,0.,1.18584612615602E-15));
#13588=DIRECTION('',(-1.,0.,0.));
#13589=DIRECTION('',(0.,0.,1.));
#13590=DIRECTION('',(0.,-1.,0.));
#13591=DIRECTION('',(0.,0.,-1.));
#13592=DIRECTION('',(6.77626357803438E-16,0.,1.));
#13593=DIRECTION('',(1.,0.,-6.77626357803439E-16));
#13594=DIRECTION('',(-1.,0.,6.77626357803438E-16));
#13595=DIRECTION('',(0.,-1.,0.));
#13596=DIRECTION('',(0.,0.,-1.));
#13597=DIRECTION('',(1.,0.,0.));
#13598=DIRECTION('',(0.,0.,-1.));
#13599=DIRECTION('',(0.,-1.,0.));
#13600=DIRECTION('',(0.,0.,1.));
#13601=DIRECTION('',(0.,-1.,0.));
#13602=DIRECTION('',(1.18584612615602E-15,0.,-1.));
#13603=DIRECTION('',(-1.,0.,-1.18584612615602E-15));
#13604=DIRECTION('',(0.,-1.,0.));
#13605=DIRECTION('',(1.,0.,1.18584612615602E-15));
#13606=DIRECTION('',(-1.,0.,0.));
#13607=DIRECTION('',(0.,0.,1.));
#13608=DIRECTION('',(0.,-1.,0.));
#13609=DIRECTION('',(0.,0.,-1.));
#13610=DIRECTION('',(6.77626357803438E-16,0.,1.));
#13611=DIRECTION('',(1.,0.,-6.77626357803439E-16));
#13612=DIRECTION('',(-1.,0.,6.77626357803438E-16));
#13613=DIRECTION('',(0.,-1.,0.));
#13614=DIRECTION('',(0.,0.,-1.));
#13615=DIRECTION('',(1.,0.,0.));
#13616=DIRECTION('',(0.,0.,-1.));
#13617=DIRECTION('',(0.,-1.,0.));
#13618=DIRECTION('',(0.,0.,1.));
#13619=DIRECTION('',(0.,-1.,0.));
#13620=DIRECTION('',(1.18584612615602E-15,0.,-1.));
#13621=DIRECTION('',(-1.,0.,-1.18584612615602E-15));
#13622=DIRECTION('',(0.,-1.,0.));
#13623=DIRECTION('',(1.,0.,1.18584612615602E-15));
#13624=DIRECTION('',(-1.,0.,0.));
#13625=DIRECTION('',(0.,0.,1.));
#13626=DIRECTION('',(0.,-1.,0.));
#13627=DIRECTION('',(0.,0.,-1.));
#13628=DIRECTION('',(6.77626357803438E-16,0.,1.));
#13629=DIRECTION('',(1.,0.,-6.77626357803439E-16));
#13630=DIRECTION('',(-1.,0.,6.77626357803438E-16));
#13631=DIRECTION('',(0.,-1.,0.));
#13632=DIRECTION('',(0.,0.,-1.));
#13633=DIRECTION('',(1.,0.,0.));
#13634=DIRECTION('',(0.,0.,-1.));
#13635=DIRECTION('',(0.,-1.,0.));
#13636=DIRECTION('',(0.,0.,1.));
#13637=DIRECTION('',(0.,-1.,0.));
#13638=DIRECTION('',(1.18584612615602E-15,0.,-1.));
#13639=DIRECTION('',(-1.,0.,-1.18584612615602E-15));
#13640=DIRECTION('',(0.,-1.,0.));
#13641=DIRECTION('',(1.,0.,1.18584612615602E-15));
#13642=DIRECTION('',(-1.,0.,0.));
#13643=DIRECTION('',(0.,0.,1.));
#13644=DIRECTION('',(0.,-1.,0.));
#13645=DIRECTION('',(0.,0.,-1.));
#13646=DIRECTION('',(6.77626357803438E-16,0.,1.));
#13647=DIRECTION('',(1.,0.,-6.77626357803439E-16));
#13648=DIRECTION('',(-1.,0.,6.77626357803438E-16));
#13649=DIRECTION('',(0.,-1.,0.));
#13650=DIRECTION('',(0.,0.,-1.));
#13651=DIRECTION('',(1.,0.,0.));
#13652=DIRECTION('',(0.,0.,-1.));
#13653=DIRECTION('',(0.,-1.,0.));
#13654=DIRECTION('',(0.,0.,1.));
#13655=DIRECTION('',(0.,-1.,0.));
#13656=DIRECTION('',(1.18584612615602E-15,0.,-1.));
#13657=DIRECTION('',(-1.,0.,-1.18584612615602E-15));
#13658=DIRECTION('',(0.,-1.,0.));
#13659=DIRECTION('',(1.,0.,1.18584612615602E-15));
#13660=DIRECTION('',(-1.,0.,0.));
#13661=DIRECTION('',(0.,0.,1.));
#13662=DIRECTION('',(0.,-1.,0.));
#13663=DIRECTION('',(0.,0.,-1.));
#13664=DIRECTION('',(6.77626357803438E-16,0.,1.));
#13665=DIRECTION('',(1.,0.,-6.77626357803439E-16));
#13666=DIRECTION('',(-1.,0.,6.77626357803438E-16));
#13667=DIRECTION('',(0.,-1.,0.));
#13668=DIRECTION('',(0.,0.,-1.));
#13669=DIRECTION('',(1.,0.,0.));
#13670=DIRECTION('',(0.,0.,-1.));
#13671=DIRECTION('',(0.,-1.,0.));
#13672=DIRECTION('',(0.,0.,1.));
#13673=DIRECTION('',(0.,-1.,0.));
#13674=DIRECTION('',(1.18584612615602E-15,0.,-1.));
#13675=DIRECTION('',(-1.,0.,-1.18584612615602E-15));
#13676=DIRECTION('',(0.,-1.,0.));
#13677=DIRECTION('',(1.,0.,1.18584612615602E-15));
#13678=DIRECTION('',(-1.,0.,0.));
#13679=DIRECTION('',(0.,0.,1.));
#13680=DIRECTION('',(0.,-1.,0.));
#13681=DIRECTION('',(0.,0.,-1.));
#13682=DIRECTION('',(6.77626357803438E-16,0.,1.));
#13683=DIRECTION('',(1.,0.,-6.77626357803439E-16));
#13684=DIRECTION('',(-1.,0.,6.77626357803438E-16));
#13685=DIRECTION('',(0.,-1.,0.));
#13686=DIRECTION('',(0.,0.,-1.));
#13687=DIRECTION('',(1.,0.,0.));
#13688=DIRECTION('',(0.,0.,-1.));
#13689=DIRECTION('',(0.,-1.,0.));
#13690=DIRECTION('',(0.,0.,1.));
#13691=DIRECTION('',(0.,-1.,0.));
#13692=DIRECTION('',(1.18584612615602E-15,0.,-1.));
#13693=DIRECTION('',(-1.,0.,-1.18584612615602E-15));
#13694=DIRECTION('',(0.,-1.,0.));
#13695=DIRECTION('',(1.,0.,1.18584612615602E-15));
#13696=DIRECTION('',(-1.,0.,0.));
#13697=DIRECTION('',(0.,0.,1.));
#13698=DIRECTION('',(0.,-1.,0.));
#13699=DIRECTION('',(0.,0.,-1.));
#13700=DIRECTION('',(6.77626357803438E-16,0.,1.));
#13701=DIRECTION('',(1.,0.,-6.77626357803439E-16));
#13702=DIRECTION('',(-1.,0.,6.77626357803438E-16));
#13703=DIRECTION('',(0.,-1.,0.));
#13704=DIRECTION('',(0.,0.,-1.));
#13705=DIRECTION('',(1.,0.,0.));
#13706=DIRECTION('',(0.,0.,-1.));
#13707=DIRECTION('',(0.,-1.,0.));
#13708=DIRECTION('',(0.,0.,1.));
#13709=DIRECTION('',(0.,-1.,0.));
#13710=DIRECTION('',(1.18584612615602E-15,0.,-1.));
#13711=DIRECTION('',(-1.,0.,-1.18584612615602E-15));
#13712=DIRECTION('',(0.,-1.,0.));
#13713=DIRECTION('',(1.,0.,1.18584612615602E-15));
#13714=DIRECTION('',(-1.,0.,0.));
#13715=DIRECTION('',(0.,0.,1.));
#13716=DIRECTION('',(0.,-1.,0.));
#13717=DIRECTION('',(0.,0.,-1.));
#13718=DIRECTION('',(6.77626357803438E-16,0.,1.));
#13719=DIRECTION('',(1.,0.,-6.77626357803439E-16));
#13720=DIRECTION('',(-1.,0.,6.77626357803438E-16));
#13721=DIRECTION('',(0.,-1.,0.));
#13722=DIRECTION('',(0.,0.,-1.));
#13723=DIRECTION('',(1.,0.,0.));
#13724=DIRECTION('',(0.,0.,-1.));
#13725=DIRECTION('',(0.,-1.,0.));
#13726=DIRECTION('',(0.,0.,1.));
#13727=DIRECTION('',(0.,-1.,0.));
#13728=DIRECTION('',(1.18584612615602E-15,0.,-1.));
#13729=DIRECTION('',(-1.,0.,-1.18584612615602E-15));
#13730=DIRECTION('',(0.,-1.,0.));
#13731=DIRECTION('',(1.,0.,1.18584612615602E-15));
#13732=DIRECTION('',(-1.,0.,0.));
#13733=DIRECTION('',(0.,0.,1.));
#13734=DIRECTION('',(0.,-1.,0.));
#13735=DIRECTION('',(0.,0.,-1.));
#13736=DIRECTION('',(6.77626357803438E-16,0.,1.));
#13737=DIRECTION('',(1.,0.,-6.77626357803439E-16));
#13738=DIRECTION('',(-1.,0.,6.77626357803438E-16));
#13739=DIRECTION('',(0.,-1.,0.));
#13740=DIRECTION('',(0.,0.,-1.));
#13741=DIRECTION('',(1.,0.,0.));
#13742=DIRECTION('',(0.,0.,-1.));
#13743=DIRECTION('',(0.,-1.,0.));
#13744=DIRECTION('',(0.,0.,1.));
#13745=DIRECTION('',(0.,-1.,0.));
#13746=DIRECTION('',(1.18584612615602E-15,0.,-1.));
#13747=DIRECTION('',(-1.,0.,-1.18584612615602E-15));
#13748=DIRECTION('',(0.,-1.,0.));
#13749=DIRECTION('',(1.,0.,1.18584612615602E-15));
#13750=DIRECTION('',(-1.,0.,0.));
#13751=DIRECTION('',(0.,0.,1.));
#13752=DIRECTION('',(0.,-1.,0.));
#13753=DIRECTION('',(0.,0.,-1.));
#13754=DIRECTION('',(6.77626357803441E-16,0.,1.));
#13755=DIRECTION('',(1.,0.,-6.77626357803441E-16));
#13756=DIRECTION('',(-1.,0.,6.77626357803441E-16));
#13757=DIRECTION('',(0.,-1.,0.));
#13758=DIRECTION('',(0.,0.,-1.));
#13759=DIRECTION('',(1.,0.,0.));
#13760=DIRECTION('',(0.,0.,-1.));
#13761=DIRECTION('',(0.,-1.,0.));
#13762=DIRECTION('',(0.,0.,1.));
#13763=DIRECTION('',(0.,-1.,0.));
#13764=DIRECTION('',(1.18584612615601E-15,0.,-1.));
#13765=DIRECTION('',(-1.,0.,-1.18584612615601E-15));
#13766=DIRECTION('',(0.,-1.,0.));
#13767=DIRECTION('',(1.,0.,1.18584612615601E-15));
#13768=DIRECTION('',(-1.,0.,0.));
#13769=DIRECTION('',(0.,0.,1.));
#13770=DIRECTION('',(0.,-1.,0.));
#13771=DIRECTION('',(0.,0.,-1.));
#13772=DIRECTION('',(6.77626357803432E-16,0.,1.));
#13773=DIRECTION('',(1.,0.,-6.77626357803433E-16));
#13774=DIRECTION('',(-1.,0.,6.77626357803433E-16));
#13775=DIRECTION('',(0.,-1.,0.));
#13776=DIRECTION('',(0.,0.,-1.));
#13777=DIRECTION('',(1.,0.,0.));
#13778=DIRECTION('',(0.,0.,-1.));
#13779=DIRECTION('',(0.,-1.,0.));
#13780=DIRECTION('',(0.,0.,1.));
#13781=DIRECTION('',(0.,-1.,0.));
#13782=DIRECTION('',(1.18584612615603E-15,0.,-1.));
#13783=DIRECTION('',(-1.,0.,-1.18584612615603E-15));
#13784=DIRECTION('',(0.,-1.,0.));
#13785=DIRECTION('',(1.,0.,1.18584612615603E-15));
#13786=DIRECTION('',(-1.,0.,0.));
#13787=DIRECTION('',(0.,0.,1.));
#13788=DIRECTION('',(0.,-1.,0.));
#13789=DIRECTION('',(0.,0.,-1.));
#13790=DIRECTION('',(6.77626357803444E-16,0.,1.));
#13791=DIRECTION('',(1.,0.,-6.77626357803444E-16));
#13792=DIRECTION('',(-1.,0.,6.77626357803444E-16));
#13793=DIRECTION('',(0.,-1.,0.));
#13794=DIRECTION('',(0.,0.,-1.));
#13795=DIRECTION('',(1.,0.,0.));
#13796=DIRECTION('',(0.,0.,-1.));
#13797=DIRECTION('',(0.,-1.,0.));
#13798=DIRECTION('',(0.,0.,1.));
#13799=DIRECTION('',(0.,-1.,0.));
#13800=DIRECTION('',(1.18584612615603E-15,0.,-1.));
#13801=DIRECTION('',(-1.,0.,-1.18584612615603E-15));
#13802=DIRECTION('',(0.,-1.,0.));
#13803=DIRECTION('',(1.,0.,1.18584612615603E-15));
#13804=DIRECTION('',(-1.,0.,0.));
#13805=DIRECTION('',(0.,0.,1.));
#13806=DIRECTION('',(0.,-1.,0.));
#13807=DIRECTION('',(0.,0.,-1.));
#13808=DIRECTION('',(6.77626357803444E-16,0.,1.));
#13809=DIRECTION('',(1.,0.,-6.77626357803444E-16));
#13810=DIRECTION('',(-1.,0.,6.77626357803444E-16));
#13811=DIRECTION('',(0.,-1.,0.));
#13812=DIRECTION('',(0.,0.,-1.));
#13813=DIRECTION('',(1.,0.,0.));
#13814=DIRECTION('',(0.,0.,-1.));
#13815=DIRECTION('',(0.,-1.,0.));
#13816=DIRECTION('',(0.,0.,1.));
#13817=DIRECTION('',(0.,-1.,0.));
#13818=DIRECTION('',(1.18584612615603E-15,0.,-1.));
#13819=DIRECTION('',(-1.,0.,-1.18584612615603E-15));
#13820=DIRECTION('',(0.,-1.,0.));
#13821=DIRECTION('',(1.,0.,1.18584612615603E-15));
#13822=DIRECTION('',(-1.,0.,0.));
#13823=DIRECTION('',(0.,0.,1.));
#13824=DIRECTION('',(0.,-1.,0.));
#13825=DIRECTION('',(0.,0.,-1.));
#13826=DIRECTION('',(6.77626357803444E-16,0.,1.));
#13827=DIRECTION('',(1.,0.,-6.77626357803444E-16));
#13828=DIRECTION('',(-1.,0.,6.77626357803444E-16));
#13829=DIRECTION('',(0.,-1.,0.));
#13830=DIRECTION('',(0.,0.,-1.));
#13831=DIRECTION('',(1.,0.,-8.67361737988466E-15));
#13832=DIRECTION('',(-8.67361737988466E-15,0.,-1.));
#13833=DIRECTION('',(0.,-1.,0.));
#13834=DIRECTION('',(8.67361737988466E-15,0.,1.));
#13835=DIRECTION('',(0.,-1.,0.));
#13836=DIRECTION('',(7.05747851652293E-14,0.,-1.));
#13837=DIRECTION('',(-1.,0.,-7.05747851652293E-14));
#13838=DIRECTION('',(0.,-1.,0.));
#13839=DIRECTION('',(1.,0.,7.05747851652293E-14));
#13840=DIRECTION('',(-1.,0.,-8.67361737988347E-15));
#13841=DIRECTION('',(-8.67361737988347E-15,0.,1.));
#13842=DIRECTION('',(0.,-1.,0.));
#13843=DIRECTION('',(8.67361737988347E-15,0.,-1.));
#13844=DIRECTION('',(6.6813958879419E-14,0.,1.));
#13845=DIRECTION('',(1.,0.,-6.68139588794191E-14));
#13846=DIRECTION('',(-1.,0.,6.6813958879419E-14));
#13847=DIRECTION('',(0.,-1.,0.));
#13848=DIRECTION('',(0.,0.,-1.));
#13849=DIRECTION('',(0.,0.,-1.));
#13850=DIRECTION('',(-1.,0.,0.));
#13851=DIRECTION('',(0.,0.,-1.));
#13852=DIRECTION('',(-1.,0.,0.));
#13853=DIRECTION('',(0.,0.,-1.));
#13854=DIRECTION('',(-1.,0.,0.));
#13855=DIRECTION('',(0.,0.,-1.));
#13856=DIRECTION('',(-1.,0.,0.));
#13857=DIRECTION('',(0.,0.,-1.));
#13858=DIRECTION('',(-1.,0.,0.));
#13859=DIRECTION('',(0.,0.,-1.));
#13860=DIRECTION('',(-1.,0.,0.));
#13861=DIRECTION('',(0.,0.,-1.));
#13862=DIRECTION('',(-1.,0.,0.));
#13863=DIRECTION('',(0.,0.,-1.));
#13864=DIRECTION('',(-1.,0.,0.));
#13865=DIRECTION('',(0.,0.,-1.));
#13866=DIRECTION('',(-1.,0.,0.));
#13867=DIRECTION('',(0.,1.03586194823456E-16,1.));
#13868=DIRECTION('',(0.,-1.,1.03586194823456E-16));
#13869=DIRECTION('',(-1.,0.,0.));
#13870=DIRECTION('',(0.,1.,-1.03586194823456E-16));
#13871=DIRECTION('',(-1.,0.,0.));
#13872=DIRECTION('',(0.,-1.,0.));
#13873=DIRECTION('',(0.,0.,-1.));
#13874=DIRECTION('',(0.,0.,1.));
#13875=DIRECTION('',(-1.,0.,0.));
#13876=DIRECTION('',(0.,-1.03586194823456E-16,-1.));
#13877=DIRECTION('',(0.,1.,-1.03586194823456E-16));
#13878=DIRECTION('',(0.,-1.,1.03586194823456E-16));
#13879=DIRECTION('',(-1.,0.,0.));
#13880=DIRECTION('',(0.,1.,0.));
#13881=DIRECTION('',(0.,0.,1.));
#13882=DIRECTION('',(0.,0.,-1.));
#13883=DIRECTION('',(-1.,0.,0.));
#13884=DIRECTION('',(0.,0.,1.));
#13885=DIRECTION('',(0.,-9.32647030095057E-17,-1.));
#13886=DIRECTION('',(0.,1.,-9.32647030095057E-17));
#13887=DIRECTION('',(-1.,0.,0.));
#13888=DIRECTION('',(0.,-1.,9.32647030095057E-17));
#13889=DIRECTION('',(-1.,0.,0.));
#13890=DIRECTION('',(0.,1.,-1.02855722653022E-16));
#13891=DIRECTION('',(0.,1.02855722653022E-16,1.));
#13892=DIRECTION('',(0.,-1.02855722653022E-16,-1.));
#13893=DIRECTION('',(-1.,0.,0.));
#13894=DIRECTION('',(0.,9.32647030095057E-17,1.));
#13895=DIRECTION('',(0.,-1.,9.32647030095057E-17));
#13896=DIRECTION('',(1.,0.,0.));
#13897=DIRECTION('',(0.,1.,-9.32647030095057E-17));
#13898=DIRECTION('',(-1.,0.,0.));
#13899=DIRECTION('',(0.,-1.,1.54283583979533E-16));
#13900=DIRECTION('',(0.,-1.54283583979533E-16,-1.));
#13901=DIRECTION('',(1.,0.,0.));
#13902=DIRECTION('',(0.,1.54283583979533E-16,1.));
#13903=DIRECTION('',(1.,0.,0.));
#13904=DIRECTION('',(0.,0.,-1.));
#13905=DIRECTION('',(0.,-0.707106781186543,0.707106781186552));
#13906=DIRECTION('',(0.,-0.707106781186552,-0.707106781186543));
#13907=DIRECTION('',(0.,-0.707106781186552,-0.707106781186543));
#13908=DIRECTION('',(1.,0.,0.));
#13909=DIRECTION('',(0.,0.707106781186543,-0.707106781186552));
#13910=DIRECTION('',(1.,0.,0.));
#13911=DIRECTION('',(0.,1.92747052886312E-16,1.));
#13912=DIRECTION('',(0.,-1.,1.92747052886312E-16));
#13913=DIRECTION('',(1.,0.,0.));
#13914=DIRECTION('',(0.,-1.,1.92747052886312E-16));
#13915=DIRECTION('',(1.,0.,0.));
#13916=DIRECTION('',(0.,1.,-3.1540426835942E-16));
#13917=DIRECTION('',(0.,3.1540426835942E-16,1.));
#13918=DIRECTION('',(1.,0.,0.));
#13919=DIRECTION('',(0.,3.1540426835942E-16,1.));
#13920=DIRECTION('',(0.,-1.92747052886312E-16,-1.));
#13921=DIRECTION('',(0.,1.,-1.92747052886312E-16));
#13922=DIRECTION('',(1.,0.,0.));
#13923=DIRECTION('',(0.,1.,-1.92747052886312E-16));
#13924=DIRECTION('',(0.,-1.,1.5770213417971E-16));
#13925=DIRECTION('',(0.,-1.5770213417971E-16,-1.));
#13926=DIRECTION('',(0.,-1.5770213417971E-16,-1.));
#13927=DIRECTION('',(1.,0.,0.));
#13928=DIRECTION('',(0.,0.,-1.));
#13929=DIRECTION('',(-1.,0.,0.));
#13930=DIRECTION('',(0.,0.,1.));
#13931=DIRECTION('',(-1.,0.,0.));
#13932=DIRECTION('',(0.,0.,1.));
#13933=DIRECTION('',(-1.,0.,0.));
#13934=DIRECTION('',(0.,0.,1.));
#13935=DIRECTION('',(-1.,0.,0.));
#13936=DIRECTION('',(0.,0.,1.));
#13937=DIRECTION('',(-1.,0.,0.));
#13938=DIRECTION('',(0.,0.,1.));
#13939=DIRECTION('',(1.,0.,0.));
#13940=DIRECTION('',(0.,0.,-1.));
#13941=DIRECTION('',(-1.,0.,0.));
#13942=DIRECTION('',(0.,0.,1.));
#13943=DIRECTION('',(-1.,0.,0.));
#13944=DIRECTION('',(0.,0.,1.));
#13945=DIRECTION('',(-1.,0.,0.));
#13946=DIRECTION('',(0.,0.,1.));
#13947=DIRECTION('',(-1.,0.,0.));
#13948=DIRECTION('',(0.,0.,1.));
#13949=DIRECTION('',(-1.,0.,0.));
#13950=DIRECTION('',(0.,0.,1.));
#13951=DIRECTION('',(-1.,0.,0.));
#13952=DIRECTION('',(0.,0.,1.));
#13953=DIRECTION('',(0.,1.,0.));
#13954=DIRECTION('',(0.,0.,1.));
#13955=DIRECTION('',(0.,1.,0.));
#13956=DIRECTION('',(0.,0.,-1.));
#13957=DIRECTION('',(-1.,0.,0.));
#13958=DIRECTION('',(0.,-1.,0.));
#13959=DIRECTION('',(-1.,0.,0.));
#13960=DIRECTION('',(1.,0.,0.));
#13961=DIRECTION('',(0.,0.,-1.));
#13962=DIRECTION('',(0.,1.,0.));
#13963=DIRECTION('',(0.,0.,-1.));
#13964=DIRECTION('',(-5.97591748614058E-17,0.,1.));
#13965=DIRECTION('',(1.,0.,5.97591748614058E-17));
#13966=DIRECTION('',(1.,0.,5.97591748614058E-17));
#13967=DIRECTION('',(0.,1.,0.));
#13968=DIRECTION('',(0.,0.,1.));
#13969=DIRECTION('',(-1.,0.,0.));
#13970=DIRECTION('',(0.,0.,-1.));
#13971=DIRECTION('',(0.,0.,1.));
#13972=DIRECTION('',(-1.,0.,3.94255335449274E-17));
#13973=DIRECTION('',(0.,0.,1.));
#13974=DIRECTION('',(1.,0.,0.));
#13975=DIRECTION('',(0.,0.,-1.));
#13976=DIRECTION('',(-1.,0.,0.));
#13977=DIRECTION('',(0.,0.,1.));
#13978=DIRECTION('',(0.,1.,0.));
#13979=DIRECTION('',(0.,0.,1.));
#13980=DIRECTION('',(0.,1.,0.));
#13981=DIRECTION('',(0.,0.,-1.));
#13982=DIRECTION('',(-1.,0.,0.));
#13983=DIRECTION('',(0.,-1.,0.));
#13984=DIRECTION('',(-1.,0.,0.));
#13985=DIRECTION('',(1.,0.,0.));
#13986=DIRECTION('',(0.,0.,-1.));
#13987=DIRECTION('',(0.,1.,0.));
#13988=DIRECTION('',(0.,0.,-1.));
#13989=DIRECTION('',(-5.97591748614058E-17,0.,1.));
#13990=DIRECTION('',(1.,0.,5.97591748614058E-17));
#13991=DIRECTION('',(1.,0.,5.97591748614058E-17));
#13992=DIRECTION('',(0.,1.,0.));
#13993=DIRECTION('',(0.,0.,1.));
#13994=DIRECTION('',(-1.,0.,-6.28103844978688E-16));
#13995=DIRECTION('',(0.,0.,-1.));
#13996=DIRECTION('',(0.,0.,1.));
#13997=DIRECTION('',(-1.,0.,5.93940583745723E-16));
#13998=DIRECTION('',(0.,0.,1.));
#13999=DIRECTION('',(1.,0.,0.));
#14000=DIRECTION('',(0.,0.,-1.));
#14001=DIRECTION('',(-1.92747052886312E-16,0.,1.));
#14002=DIRECTION('',(1.,0.,1.92747052886312E-16));
#14003=DIRECTION('',(0.,-1.,0.));
#14004=DIRECTION('',(0.,-1.,0.));
#14005=DIRECTION('',(3.94255335449274E-17,0.,1.));
#14006=DIRECTION('',(1.,0.,-3.94255335449274E-17));
#14007=DIRECTION('',(0.,-1.,0.));
#14008=DIRECTION('',(0.,-1.,0.));
#14009=DIRECTION('',(1.,0.,0.));
#14010=DIRECTION('',(0.,0.,-1.));
#14011=DIRECTION('',(0.,-1.,0.));
#14012=DIRECTION('',(0.,0.,-1.));
#14013=DIRECTION('',(-1.,0.,0.));
#14014=DIRECTION('',(0.,-1.,0.));
#14015=DIRECTION('',(-1.,0.,0.));
#14016=DIRECTION('',(0.,0.,1.));
#14017=DIRECTION('',(0.,-1.,0.));
#14018=DIRECTION('',(0.,0.,1.));
#14019=DIRECTION('',(1.,0.,0.));
#14020=DIRECTION('',(0.,-1.,0.));
#14021=DIRECTION('',(-1.,0.,0.));
#14022=DIRECTION('',(0.,0.,1.));
#14023=DIRECTION('',(1.,0.,0.));
#14024=DIRECTION('',(0.,0.,-1.));
#14025=DIRECTION('',(0.,0.,1.));
#14026=DIRECTION('',(1.,0.,0.));
#14027=DIRECTION('',(0.,-1.,0.));
#14028=DIRECTION('',(-1.,0.,0.));
#14029=DIRECTION('',(0.,-1.,0.));
#14030=DIRECTION('',(5.93940583745723E-16,0.,1.));
#14031=DIRECTION('',(1.,0.,-5.93940583745723E-16));
#14032=DIRECTION('',(0.,-1.,0.));
#14033=DIRECTION('',(-1.,0.,5.93940583745723E-16));
#14034=DIRECTION('',(0.,-1.,0.));
#14035=DIRECTION('',(1.,0.,0.));
#14036=DIRECTION('',(0.,0.,-1.));
#14037=DIRECTION('',(0.,0.,1.));
#14038=DIRECTION('',(0.,-1.,0.));
#14039=DIRECTION('',(0.,0.,-1.));
#14040=DIRECTION('',(-1.,0.,0.));
#14041=DIRECTION('',(1.,0.,0.));
#14042=DIRECTION('',(0.,-1.,0.));
#14043=DIRECTION('',(-1.,0.,0.));
#14044=DIRECTION('',(0.,0.,1.));
#14045=DIRECTION('',(0.,0.,-1.));
#14046=DIRECTION('',(0.,-1.,0.));
#14047=DIRECTION('',(-6.28103844978687E-16,0.,1.));
#14048=DIRECTION('',(1.,0.,6.28103844978688E-16));
#14049=DIRECTION('',(-1.,0.,-6.28103844978688E-16));
#14050=DIRECTION('',(0.,-1.,0.));
#14051=DIRECTION('',(-1.,0.,0.));
#14052=DIRECTION('',(0.,0.,1.));
#14053=DIRECTION('',(0.,0.,-1.));
#14054=DIRECTION('',(1.,0.,0.));
#14055=DIRECTION('',(0.,0.,-1.));
#14056=DIRECTION('',(0.,0.,1.));
#14057=DIRECTION('',(0.,-1.,0.));
#14058=DIRECTION('',(0.,0.,-1.));
#14059=DIRECTION('',(0.,0.,1.));
#14060=DIRECTION('',(1.,0.,-2.03287907341032E-15));
#14061=DIRECTION('',(0.,0.,-1.));
#14062=DIRECTION('',(-1.,0.,1.6940658945086E-16));
#14063=DIRECTION('',(0.,0.,1.));
#14064=DIRECTION('',(1.,0.,0.));
#14065=DIRECTION('',(0.,0.,-1.));
#14066=DIRECTION('',(-1.,0.,-1.35525271560688E-15));
#14067=DIRECTION('',(0.,0.,1.));
#14068=DIRECTION('',(1.,0.,-2.03287907341032E-15));
#14069=DIRECTION('',(0.,0.,-1.));
#14070=DIRECTION('',(-1.,0.,1.6940658945086E-16));
#14071=DIRECTION('',(0.,0.,1.));
#14072=DIRECTION('',(1.,0.,0.));
#14073=DIRECTION('',(0.,0.,-1.));
#14074=DIRECTION('',(-1.,0.,-1.35525271560688E-15));
#14075=DIRECTION('',(0.,0.,1.));
#14076=DIRECTION('',(1.,0.,-2.03287907341032E-15));
#14077=DIRECTION('',(0.,0.,-1.));
#14078=DIRECTION('',(-1.,0.,1.6940658945086E-16));
#14079=DIRECTION('',(0.,0.,1.));
#14080=DIRECTION('',(1.,0.,0.));
#14081=DIRECTION('',(0.,0.,-1.));
#14082=DIRECTION('',(-1.,0.,-1.35525271560688E-15));
#14083=DIRECTION('',(0.,0.,1.));
#14084=DIRECTION('',(1.,0.,-2.03287907341032E-15));
#14085=DIRECTION('',(0.,0.,-1.));
#14086=DIRECTION('',(-1.,0.,1.6940658945086E-16));
#14087=DIRECTION('',(0.,0.,1.));
#14088=DIRECTION('',(1.,0.,0.));
#14089=DIRECTION('',(0.,0.,-1.));
#14090=DIRECTION('',(-1.,0.,-1.35525271560688E-15));
#14091=DIRECTION('',(0.,0.,1.));
#14092=DIRECTION('',(1.,0.,-2.03287907341032E-15));
#14093=DIRECTION('',(0.,0.,-1.));
#14094=DIRECTION('',(-1.,0.,1.6940658945086E-16));
#14095=DIRECTION('',(0.,0.,1.));
#14096=DIRECTION('',(1.,0.,0.));
#14097=DIRECTION('',(0.,0.,-1.));
#14098=DIRECTION('',(-1.,0.,-1.35525271560688E-15));
#14099=DIRECTION('',(0.,0.,1.));
#14100=DIRECTION('',(1.,0.,-2.03287907341032E-15));
#14101=DIRECTION('',(0.,0.,-1.));
#14102=DIRECTION('',(-1.,0.,1.6940658945086E-16));
#14103=DIRECTION('',(0.,0.,1.));
#14104=DIRECTION('',(1.,0.,0.));
#14105=DIRECTION('',(0.,0.,-1.));
#14106=DIRECTION('',(-1.,0.,-1.35525271560688E-15));
#14107=DIRECTION('',(0.,0.,1.));
#14108=DIRECTION('',(1.,0.,-2.03287907341032E-15));
#14109=DIRECTION('',(0.,0.,-1.));
#14110=DIRECTION('',(-1.,0.,1.6940658945086E-16));
#14111=DIRECTION('',(0.,0.,1.));
#14112=DIRECTION('',(1.,0.,0.));
#14113=DIRECTION('',(0.,0.,-1.));
#14114=DIRECTION('',(-1.,0.,-1.35525271560688E-15));
#14115=DIRECTION('',(0.,0.,1.));
#14116=DIRECTION('',(1.,0.,-2.03287907341033E-15));
#14117=DIRECTION('',(0.,0.,-1.));
#14118=DIRECTION('',(-1.,0.,1.69406589450861E-16));
#14119=DIRECTION('',(0.,0.,1.));
#14120=DIRECTION('',(1.,0.,0.));
#14121=DIRECTION('',(0.,0.,-1.));
#14122=DIRECTION('',(-1.,0.,-1.35525271560688E-15));
#14123=DIRECTION('',(0.,0.,1.));
#14124=DIRECTION('',(1.,0.,-2.03287907341033E-15));
#14125=DIRECTION('',(0.,0.,-1.));
#14126=DIRECTION('',(-1.,0.,1.69406589450861E-16));
#14127=DIRECTION('',(0.,0.,1.));
#14128=DIRECTION('',(1.,0.,0.));
#14129=DIRECTION('',(0.,0.,-1.));
#14130=DIRECTION('',(-1.,0.,-1.35525271560688E-15));
#14131=DIRECTION('',(0.,0.,1.));
#14132=DIRECTION('',(1.,0.,-2.03287907341033E-15));
#14133=DIRECTION('',(0.,0.,-1.));
#14134=DIRECTION('',(-1.,0.,1.69406589450861E-16));
#14135=DIRECTION('',(0.,0.,1.));
#14136=DIRECTION('',(1.,0.,0.));
#14137=DIRECTION('',(0.,0.,-1.));
#14138=DIRECTION('',(-1.,0.,-1.35525271560688E-15));
#14139=DIRECTION('',(0.,0.,1.));
#14140=DIRECTION('',(1.,0.,-2.03287907341033E-15));
#14141=DIRECTION('',(0.,0.,-1.));
#14142=DIRECTION('',(-1.,0.,1.69406589450861E-16));
#14143=DIRECTION('',(0.,0.,1.));
#14144=DIRECTION('',(1.,0.,0.));
#14145=DIRECTION('',(0.,0.,-1.));
#14146=DIRECTION('',(-1.,0.,-1.35525271560688E-15));
#14147=DIRECTION('',(0.,0.,1.));
#14148=DIRECTION('',(1.,0.,-2.03287907341033E-15));
#14149=DIRECTION('',(0.,0.,-1.));
#14150=DIRECTION('',(-1.,0.,1.69406589450861E-16));
#14151=DIRECTION('',(0.,0.,1.));
#14152=DIRECTION('',(1.,0.,0.));
#14153=DIRECTION('',(0.,0.,-1.));
#14154=DIRECTION('',(-1.,0.,-1.35525271560689E-15));
#14155=DIRECTION('',(0.,0.,1.));
#14156=DIRECTION('',(1.,0.,-2.03287907341034E-15));
#14157=DIRECTION('',(0.,0.,-1.));
#14158=DIRECTION('',(-1.,0.,1.69406589450861E-16));
#14159=DIRECTION('',(0.,0.,1.));
#14160=DIRECTION('',(1.,0.,0.));
#14161=DIRECTION('',(0.,0.,-1.));
#14162=DIRECTION('',(-1.,0.,-1.35525271560689E-15));
#14163=DIRECTION('',(0.,0.,1.));
#14164=DIRECTION('',(1.,0.,-2.03287907341034E-15));
#14165=DIRECTION('',(0.,0.,-1.));
#14166=DIRECTION('',(-1.,0.,1.69406589450861E-16));
#14167=DIRECTION('',(0.,0.,1.));
#14168=DIRECTION('',(1.,0.,0.));
#14169=DIRECTION('',(0.,0.,-1.));
#14170=DIRECTION('',(-1.,0.,-1.35525271560689E-15));
#14171=DIRECTION('',(0.,0.,1.));
#14172=DIRECTION('',(1.,0.,-2.03287907341033E-15));
#14173=DIRECTION('',(0.,0.,-1.));
#14174=DIRECTION('',(-1.,0.,1.69406589450861E-16));
#14175=DIRECTION('',(0.,0.,1.));
#14176=DIRECTION('',(1.,0.,0.));
#14177=DIRECTION('',(0.,0.,-1.));
#14178=DIRECTION('',(-1.,0.,-1.35525271560688E-15));
#14179=DIRECTION('',(0.,0.,1.));
#14180=DIRECTION('',(1.,0.,-2.03287907341033E-15));
#14181=DIRECTION('',(0.,0.,-1.));
#14182=DIRECTION('',(-1.,0.,1.69406589450861E-16));
#14183=DIRECTION('',(0.,0.,1.));
#14184=DIRECTION('',(1.,0.,0.));
#14185=DIRECTION('',(0.,0.,-1.));
#14186=DIRECTION('',(-1.,0.,-1.35525271560688E-15));
#14187=DIRECTION('',(0.,0.,1.));
#14188=DIRECTION('',(1.,0.,-2.03287907341033E-15));
#14189=DIRECTION('',(0.,0.,-1.));
#14190=DIRECTION('',(-1.,0.,1.69406589450861E-16));
#14191=DIRECTION('',(0.,0.,1.));
#14192=DIRECTION('',(1.,0.,0.));
#14193=DIRECTION('',(0.,0.,-1.));
#14194=DIRECTION('',(-1.,0.,-1.35525271560688E-15));
#14195=DIRECTION('',(-1.,0.,0.));
#14196=DIRECTION('',(0.,0.,1.));
#14197=DIRECTION('',(0.,1.,0.));
#14198=DIRECTION('',(0.,0.,1.));
#14199=DIRECTION('',(0.,1.,0.));
#14200=DIRECTION('',(0.,0.,-1.));
#14201=DIRECTION('',(-1.,0.,0.));
#14202=DIRECTION('',(0.,1.,0.));
#14203=DIRECTION('',(-1.,0.,0.));
#14204=DIRECTION('',(1.,0.,0.));
#14205=DIRECTION('',(0.,0.,-1.));
#14206=DIRECTION('',(0.,1.,0.));
#14207=DIRECTION('',(0.,0.,-1.));
#14208=DIRECTION('',(1.35525271560688E-15,0.,1.));
#14209=DIRECTION('',(1.,0.,-1.35525271560688E-15));
#14210=DIRECTION('',(1.,0.,-1.35525271560688E-15));
#14211=DIRECTION('',(0.,-1.,0.));
#14212=DIRECTION('',(0.,0.,-1.));
#14213=DIRECTION('',(-1.,0.,0.));
#14214=DIRECTION('',(0.,0.,1.));
#14215=DIRECTION('',(0.,1.,0.));
#14216=DIRECTION('',(0.,0.,1.));
#14217=DIRECTION('',(0.,1.,0.));
#14218=DIRECTION('',(2.03287907341033E-15,0.,-1.));
#14219=DIRECTION('',(-1.,0.,-2.03287907341033E-15));
#14220=DIRECTION('',(0.,1.,0.));
#14221=DIRECTION('',(-1.,0.,-2.03287907341033E-15));
#14222=DIRECTION('',(1.,0.,0.));
#14223=DIRECTION('',(0.,0.,-1.));
#14224=DIRECTION('',(0.,1.,0.));
#14225=DIRECTION('',(0.,0.,-1.));
#14226=DIRECTION('',(-1.69406589450861E-16,0.,1.));
#14227=DIRECTION('',(1.,0.,1.69406589450861E-16));
#14228=DIRECTION('',(1.,0.,1.69406589450861E-16));
#14229=DIRECTION('',(0.,-1.,0.));
#14230=DIRECTION('',(0.,0.,-1.));
#14231=DIRECTION('',(-1.,0.,0.));
#14232=DIRECTION('',(0.,0.,1.));
#14233=DIRECTION('',(0.,1.,0.));
#14234=DIRECTION('',(0.,0.,1.));
#14235=DIRECTION('',(0.,1.,0.));
#14236=DIRECTION('',(0.,0.,-1.));
#14237=DIRECTION('',(-1.,0.,0.));
#14238=DIRECTION('',(0.,1.,0.));
#14239=DIRECTION('',(-1.,0.,0.));
#14240=DIRECTION('',(1.,0.,0.));
#14241=DIRECTION('',(0.,0.,-1.));
#14242=DIRECTION('',(0.,1.,0.));
#14243=DIRECTION('',(0.,0.,-1.));
#14244=DIRECTION('',(1.35525271560688E-15,0.,1.));
#14245=DIRECTION('',(1.,0.,-1.35525271560688E-15));
#14246=DIRECTION('',(1.,0.,-1.35525271560688E-15));
#14247=DIRECTION('',(0.,-1.,0.));
#14248=DIRECTION('',(0.,0.,-1.));
#14249=DIRECTION('',(-1.,0.,0.));
#14250=DIRECTION('',(0.,0.,1.));
#14251=DIRECTION('',(0.,1.,0.));
#14252=DIRECTION('',(0.,0.,1.));
#14253=DIRECTION('',(0.,1.,0.));
#14254=DIRECTION('',(2.03287907341033E-15,0.,-1.));
#14255=DIRECTION('',(-1.,0.,-2.03287907341033E-15));
#14256=DIRECTION('',(0.,1.,0.));
#14257=DIRECTION('',(-1.,0.,-2.03287907341033E-15));
#14258=DIRECTION('',(1.,0.,0.));
#14259=DIRECTION('',(0.,0.,-1.));
#14260=DIRECTION('',(0.,1.,0.));
#14261=DIRECTION('',(0.,0.,-1.));
#14262=DIRECTION('',(-1.69406589450861E-16,0.,1.));
#14263=DIRECTION('',(1.,0.,1.69406589450861E-16));
#14264=DIRECTION('',(1.,0.,1.69406589450861E-16));
#14265=DIRECTION('',(0.,-1.,0.));
#14266=DIRECTION('',(0.,0.,-1.));
#14267=DIRECTION('',(-1.,0.,0.));
#14268=DIRECTION('',(0.,0.,1.));
#14269=DIRECTION('',(0.,1.,0.));
#14270=DIRECTION('',(0.,0.,1.));
#14271=DIRECTION('',(0.,1.,0.));
#14272=DIRECTION('',(0.,0.,-1.));
#14273=DIRECTION('',(-1.,0.,0.));
#14274=DIRECTION('',(0.,1.,0.));
#14275=DIRECTION('',(-1.,0.,0.));
#14276=DIRECTION('',(1.,0.,0.));
#14277=DIRECTION('',(0.,0.,-1.));
#14278=DIRECTION('',(0.,1.,0.));
#14279=DIRECTION('',(0.,0.,-1.));
#14280=DIRECTION('',(1.35525271560688E-15,0.,1.));
#14281=DIRECTION('',(1.,0.,-1.35525271560688E-15));
#14282=DIRECTION('',(1.,0.,-1.35525271560688E-15));
#14283=DIRECTION('',(0.,-1.,0.));
#14284=DIRECTION('',(0.,0.,-1.));
#14285=DIRECTION('',(-1.,0.,0.));
#14286=DIRECTION('',(0.,0.,1.));
#14287=DIRECTION('',(0.,1.,0.));
#14288=DIRECTION('',(0.,0.,1.));
#14289=DIRECTION('',(0.,1.,0.));
#14290=DIRECTION('',(2.03287907341033E-15,0.,-1.));
#14291=DIRECTION('',(-1.,0.,-2.03287907341033E-15));
#14292=DIRECTION('',(0.,1.,0.));
#14293=DIRECTION('',(-1.,0.,-2.03287907341033E-15));
#14294=DIRECTION('',(1.,0.,0.));
#14295=DIRECTION('',(0.,0.,-1.));
#14296=DIRECTION('',(0.,1.,0.));
#14297=DIRECTION('',(0.,0.,-1.));
#14298=DIRECTION('',(-1.69406589450861E-16,0.,1.));
#14299=DIRECTION('',(1.,0.,1.69406589450861E-16));
#14300=DIRECTION('',(1.,0.,1.69406589450861E-16));
#14301=DIRECTION('',(0.,-1.,0.));
#14302=DIRECTION('',(0.,0.,-1.));
#14303=DIRECTION('',(-1.,0.,0.));
#14304=DIRECTION('',(0.,0.,1.));
#14305=DIRECTION('',(0.,1.,0.));
#14306=DIRECTION('',(0.,0.,1.));
#14307=DIRECTION('',(0.,1.,0.));
#14308=DIRECTION('',(0.,0.,-1.));
#14309=DIRECTION('',(-1.,0.,0.));
#14310=DIRECTION('',(0.,1.,0.));
#14311=DIRECTION('',(-1.,0.,0.));
#14312=DIRECTION('',(1.,0.,0.));
#14313=DIRECTION('',(0.,0.,-1.));
#14314=DIRECTION('',(0.,1.,0.));
#14315=DIRECTION('',(0.,0.,-1.));
#14316=DIRECTION('',(1.35525271560689E-15,0.,1.));
#14317=DIRECTION('',(1.,0.,-1.35525271560689E-15));
#14318=DIRECTION('',(1.,0.,-1.35525271560689E-15));
#14319=DIRECTION('',(0.,-1.,0.));
#14320=DIRECTION('',(0.,0.,-1.));
#14321=DIRECTION('',(-1.,0.,0.));
#14322=DIRECTION('',(0.,0.,1.));
#14323=DIRECTION('',(0.,1.,0.));
#14324=DIRECTION('',(0.,0.,1.));
#14325=DIRECTION('',(0.,1.,0.));
#14326=DIRECTION('',(2.03287907341034E-15,0.,-1.));
#14327=DIRECTION('',(-1.,0.,-2.03287907341034E-15));
#14328=DIRECTION('',(0.,1.,0.));
#14329=DIRECTION('',(-1.,0.,-2.03287907341034E-15));
#14330=DIRECTION('',(1.,0.,0.));
#14331=DIRECTION('',(0.,0.,-1.));
#14332=DIRECTION('',(0.,1.,0.));
#14333=DIRECTION('',(0.,0.,-1.));
#14334=DIRECTION('',(-1.69406589450861E-16,0.,1.));
#14335=DIRECTION('',(1.,0.,1.69406589450861E-16));
#14336=DIRECTION('',(1.,0.,1.69406589450861E-16));
#14337=DIRECTION('',(0.,-1.,0.));
#14338=DIRECTION('',(0.,0.,-1.));
#14339=DIRECTION('',(-1.,0.,0.));
#14340=DIRECTION('',(0.,0.,1.));
#14341=DIRECTION('',(0.,1.,0.));
#14342=DIRECTION('',(0.,0.,1.));
#14343=DIRECTION('',(0.,1.,0.));
#14344=DIRECTION('',(0.,0.,-1.));
#14345=DIRECTION('',(-1.,0.,0.));
#14346=DIRECTION('',(0.,1.,0.));
#14347=DIRECTION('',(-1.,0.,0.));
#14348=DIRECTION('',(1.,0.,0.));
#14349=DIRECTION('',(0.,0.,-1.));
#14350=DIRECTION('',(0.,1.,0.));
#14351=DIRECTION('',(0.,0.,-1.));
#14352=DIRECTION('',(1.35525271560689E-15,0.,1.));
#14353=DIRECTION('',(1.,0.,-1.35525271560689E-15));
#14354=DIRECTION('',(1.,0.,-1.35525271560689E-15));
#14355=DIRECTION('',(0.,-1.,0.));
#14356=DIRECTION('',(0.,0.,-1.));
#14357=DIRECTION('',(-1.,0.,0.));
#14358=DIRECTION('',(0.,0.,1.));
#14359=DIRECTION('',(0.,1.,0.));
#14360=DIRECTION('',(0.,0.,1.));
#14361=DIRECTION('',(0.,1.,0.));
#14362=DIRECTION('',(2.03287907341034E-15,0.,-1.));
#14363=DIRECTION('',(-1.,0.,-2.03287907341034E-15));
#14364=DIRECTION('',(0.,1.,0.));
#14365=DIRECTION('',(-1.,0.,-2.03287907341034E-15));
#14366=DIRECTION('',(1.,0.,0.));
#14367=DIRECTION('',(0.,0.,-1.));
#14368=DIRECTION('',(0.,1.,0.));
#14369=DIRECTION('',(0.,0.,-1.));
#14370=DIRECTION('',(-1.69406589450861E-16,0.,1.));
#14371=DIRECTION('',(1.,0.,1.69406589450861E-16));
#14372=DIRECTION('',(1.,0.,1.69406589450861E-16));
#14373=DIRECTION('',(0.,-1.,0.));
#14374=DIRECTION('',(0.,0.,-1.));
#14375=DIRECTION('',(-1.,0.,0.));
#14376=DIRECTION('',(0.,0.,1.));
#14377=DIRECTION('',(0.,1.,0.));
#14378=DIRECTION('',(0.,0.,1.));
#14379=DIRECTION('',(0.,1.,0.));
#14380=DIRECTION('',(0.,0.,-1.));
#14381=DIRECTION('',(-1.,0.,0.));
#14382=DIRECTION('',(0.,1.,0.));
#14383=DIRECTION('',(-1.,0.,0.));
#14384=DIRECTION('',(1.,0.,0.));
#14385=DIRECTION('',(0.,0.,-1.));
#14386=DIRECTION('',(0.,1.,0.));
#14387=DIRECTION('',(0.,0.,-1.));
#14388=DIRECTION('',(1.35525271560689E-15,0.,1.));
#14389=DIRECTION('',(1.,0.,-1.35525271560689E-15));
#14390=DIRECTION('',(1.,0.,-1.35525271560689E-15));
#14391=DIRECTION('',(0.,-1.,0.));
#14392=DIRECTION('',(0.,0.,-1.));
#14393=DIRECTION('',(-1.,0.,0.));
#14394=DIRECTION('',(0.,0.,1.));
#14395=DIRECTION('',(0.,1.,0.));
#14396=DIRECTION('',(0.,0.,1.));
#14397=DIRECTION('',(0.,1.,0.));
#14398=DIRECTION('',(2.03287907341033E-15,0.,-1.));
#14399=DIRECTION('',(-1.,0.,-2.03287907341033E-15));
#14400=DIRECTION('',(0.,1.,0.));
#14401=DIRECTION('',(-1.,0.,-2.03287907341033E-15));
#14402=DIRECTION('',(1.,0.,0.));
#14403=DIRECTION('',(0.,0.,-1.));
#14404=DIRECTION('',(0.,1.,0.));
#14405=DIRECTION('',(0.,0.,-1.));
#14406=DIRECTION('',(-1.69406589450861E-16,0.,1.));
#14407=DIRECTION('',(1.,0.,1.69406589450861E-16));
#14408=DIRECTION('',(1.,0.,1.69406589450861E-16));
#14409=DIRECTION('',(0.,-1.,0.));
#14410=DIRECTION('',(0.,0.,-1.));
#14411=DIRECTION('',(-1.,0.,0.));
#14412=DIRECTION('',(0.,0.,1.));
#14413=DIRECTION('',(0.,1.,0.));
#14414=DIRECTION('',(0.,0.,1.));
#14415=DIRECTION('',(0.,1.,0.));
#14416=DIRECTION('',(0.,0.,-1.));
#14417=DIRECTION('',(-1.,0.,0.));
#14418=DIRECTION('',(0.,1.,0.));
#14419=DIRECTION('',(-1.,0.,0.));
#14420=DIRECTION('',(1.,0.,0.));
#14421=DIRECTION('',(0.,0.,-1.));
#14422=DIRECTION('',(0.,1.,0.));
#14423=DIRECTION('',(0.,0.,-1.));
#14424=DIRECTION('',(1.35525271560688E-15,0.,1.));
#14425=DIRECTION('',(1.,0.,-1.35525271560688E-15));
#14426=DIRECTION('',(1.,0.,-1.35525271560688E-15));
#14427=DIRECTION('',(0.,-1.,0.));
#14428=DIRECTION('',(0.,0.,-1.));
#14429=DIRECTION('',(-1.,0.,0.));
#14430=DIRECTION('',(0.,0.,1.));
#14431=DIRECTION('',(0.,1.,0.));
#14432=DIRECTION('',(0.,0.,1.));
#14433=DIRECTION('',(0.,1.,0.));
#14434=DIRECTION('',(2.03287907341033E-15,0.,-1.));
#14435=DIRECTION('',(-1.,0.,-2.03287907341033E-15));
#14436=DIRECTION('',(0.,1.,0.));
#14437=DIRECTION('',(-1.,0.,-2.03287907341033E-15));
#14438=DIRECTION('',(1.,0.,0.));
#14439=DIRECTION('',(0.,0.,-1.));
#14440=DIRECTION('',(0.,1.,0.));
#14441=DIRECTION('',(0.,0.,-1.));
#14442=DIRECTION('',(-1.69406589450861E-16,0.,1.));
#14443=DIRECTION('',(1.,0.,1.69406589450861E-16));
#14444=DIRECTION('',(1.,0.,1.69406589450861E-16));
#14445=DIRECTION('',(0.,-1.,0.));
#14446=DIRECTION('',(0.,0.,-1.));
#14447=DIRECTION('',(-1.,0.,0.));
#14448=DIRECTION('',(0.,0.,1.));
#14449=DIRECTION('',(0.,1.,0.));
#14450=DIRECTION('',(0.,0.,1.));
#14451=DIRECTION('',(0.,1.,0.));
#14452=DIRECTION('',(0.,0.,-1.));
#14453=DIRECTION('',(-1.,0.,0.));
#14454=DIRECTION('',(0.,1.,0.));
#14455=DIRECTION('',(-1.,0.,0.));
#14456=DIRECTION('',(1.,0.,0.));
#14457=DIRECTION('',(0.,0.,-1.));
#14458=DIRECTION('',(0.,1.,0.));
#14459=DIRECTION('',(0.,0.,-1.));
#14460=DIRECTION('',(1.35525271560688E-15,0.,1.));
#14461=DIRECTION('',(1.,0.,-1.35525271560688E-15));
#14462=DIRECTION('',(1.,0.,-1.35525271560688E-15));
#14463=DIRECTION('',(0.,-1.,0.));
#14464=DIRECTION('',(0.,0.,-1.));
#14465=DIRECTION('',(-1.,0.,0.));
#14466=DIRECTION('',(0.,0.,1.));
#14467=DIRECTION('',(0.,1.,0.));
#14468=DIRECTION('',(0.,0.,1.));
#14469=DIRECTION('',(0.,1.,0.));
#14470=DIRECTION('',(2.03287907341033E-15,0.,-1.));
#14471=DIRECTION('',(-1.,0.,-2.03287907341033E-15));
#14472=DIRECTION('',(0.,1.,0.));
#14473=DIRECTION('',(-1.,0.,-2.03287907341033E-15));
#14474=DIRECTION('',(1.,0.,0.));
#14475=DIRECTION('',(0.,0.,-1.));
#14476=DIRECTION('',(0.,1.,0.));
#14477=DIRECTION('',(0.,0.,-1.));
#14478=DIRECTION('',(-1.69406589450861E-16,0.,1.));
#14479=DIRECTION('',(1.,0.,1.69406589450861E-16));
#14480=DIRECTION('',(1.,0.,1.69406589450861E-16));
#14481=DIRECTION('',(0.,-1.,0.));
#14482=DIRECTION('',(0.,0.,-1.));
#14483=DIRECTION('',(-1.,0.,0.));
#14484=DIRECTION('',(0.,0.,1.));
#14485=DIRECTION('',(0.,1.,0.));
#14486=DIRECTION('',(0.,0.,1.));
#14487=DIRECTION('',(0.,1.,0.));
#14488=DIRECTION('',(0.,0.,-1.));
#14489=DIRECTION('',(-1.,0.,0.));
#14490=DIRECTION('',(0.,1.,0.));
#14491=DIRECTION('',(-1.,0.,0.));
#14492=DIRECTION('',(1.,0.,0.));
#14493=DIRECTION('',(0.,0.,-1.));
#14494=DIRECTION('',(0.,1.,0.));
#14495=DIRECTION('',(0.,0.,-1.));
#14496=DIRECTION('',(1.35525271560688E-15,0.,1.));
#14497=DIRECTION('',(1.,0.,-1.35525271560688E-15));
#14498=DIRECTION('',(1.,0.,-1.35525271560688E-15));
#14499=DIRECTION('',(0.,-1.,0.));
#14500=DIRECTION('',(0.,0.,-1.));
#14501=DIRECTION('',(-1.,0.,0.));
#14502=DIRECTION('',(0.,0.,1.));
#14503=DIRECTION('',(0.,1.,0.));
#14504=DIRECTION('',(0.,0.,1.));
#14505=DIRECTION('',(0.,1.,0.));
#14506=DIRECTION('',(2.03287907341033E-15,0.,-1.));
#14507=DIRECTION('',(-1.,0.,-2.03287907341033E-15));
#14508=DIRECTION('',(0.,1.,0.));
#14509=DIRECTION('',(-1.,0.,-2.03287907341033E-15));
#14510=DIRECTION('',(1.,0.,0.));
#14511=DIRECTION('',(0.,0.,-1.));
#14512=DIRECTION('',(0.,1.,0.));
#14513=DIRECTION('',(0.,0.,-1.));
#14514=DIRECTION('',(-1.69406589450861E-16,0.,1.));
#14515=DIRECTION('',(1.,0.,1.69406589450861E-16));
#14516=DIRECTION('',(1.,0.,1.69406589450861E-16));
#14517=DIRECTION('',(0.,-1.,0.));
#14518=DIRECTION('',(0.,0.,-1.));
#14519=DIRECTION('',(-1.,0.,0.));
#14520=DIRECTION('',(0.,0.,1.));
#14521=DIRECTION('',(0.,1.,0.));
#14522=DIRECTION('',(0.,0.,1.));
#14523=DIRECTION('',(0.,1.,0.));
#14524=DIRECTION('',(0.,0.,-1.));
#14525=DIRECTION('',(-1.,0.,0.));
#14526=DIRECTION('',(0.,1.,0.));
#14527=DIRECTION('',(-1.,0.,0.));
#14528=DIRECTION('',(1.,0.,0.));
#14529=DIRECTION('',(0.,0.,-1.));
#14530=DIRECTION('',(0.,1.,0.));
#14531=DIRECTION('',(0.,0.,-1.));
#14532=DIRECTION('',(1.35525271560688E-15,0.,1.));
#14533=DIRECTION('',(1.,0.,-1.35525271560688E-15));
#14534=DIRECTION('',(1.,0.,-1.35525271560688E-15));
#14535=DIRECTION('',(0.,-1.,0.));
#14536=DIRECTION('',(0.,0.,-1.));
#14537=DIRECTION('',(-1.,0.,0.));
#14538=DIRECTION('',(0.,0.,1.));
#14539=DIRECTION('',(0.,1.,0.));
#14540=DIRECTION('',(0.,0.,1.));
#14541=DIRECTION('',(0.,1.,0.));
#14542=DIRECTION('',(2.03287907341033E-15,0.,-1.));
#14543=DIRECTION('',(-1.,0.,-2.03287907341033E-15));
#14544=DIRECTION('',(0.,1.,0.));
#14545=DIRECTION('',(-1.,0.,-2.03287907341033E-15));
#14546=DIRECTION('',(1.,0.,0.));
#14547=DIRECTION('',(0.,0.,-1.));
#14548=DIRECTION('',(0.,1.,0.));
#14549=DIRECTION('',(0.,0.,-1.));
#14550=DIRECTION('',(-1.69406589450861E-16,0.,1.));
#14551=DIRECTION('',(1.,0.,1.69406589450861E-16));
#14552=DIRECTION('',(1.,0.,1.69406589450861E-16));
#14553=DIRECTION('',(0.,-1.,0.));
#14554=DIRECTION('',(0.,0.,-1.));
#14555=DIRECTION('',(-1.,0.,0.));
#14556=DIRECTION('',(0.,0.,1.));
#14557=DIRECTION('',(0.,1.,0.));
#14558=DIRECTION('',(0.,0.,1.));
#14559=DIRECTION('',(0.,1.,0.));
#14560=DIRECTION('',(0.,0.,-1.));
#14561=DIRECTION('',(-1.,0.,0.));
#14562=DIRECTION('',(0.,1.,0.));
#14563=DIRECTION('',(-1.,0.,0.));
#14564=DIRECTION('',(1.,0.,0.));
#14565=DIRECTION('',(0.,0.,-1.));
#14566=DIRECTION('',(0.,1.,0.));
#14567=DIRECTION('',(0.,0.,-1.));
#14568=DIRECTION('',(1.35525271560688E-15,0.,1.));
#14569=DIRECTION('',(1.,0.,-1.35525271560688E-15));
#14570=DIRECTION('',(1.,0.,-1.35525271560688E-15));
#14571=DIRECTION('',(0.,-1.,0.));
#14572=DIRECTION('',(0.,0.,-1.));
#14573=DIRECTION('',(-1.,0.,0.));
#14574=DIRECTION('',(0.,0.,1.));
#14575=DIRECTION('',(0.,1.,0.));
#14576=DIRECTION('',(0.,0.,1.));
#14577=DIRECTION('',(0.,1.,0.));
#14578=DIRECTION('',(2.03287907341032E-15,0.,-1.));
#14579=DIRECTION('',(-1.,0.,-2.03287907341032E-15));
#14580=DIRECTION('',(0.,1.,0.));
#14581=DIRECTION('',(-1.,0.,-2.03287907341032E-15));
#14582=DIRECTION('',(1.,0.,0.));
#14583=DIRECTION('',(0.,0.,-1.));
#14584=DIRECTION('',(0.,1.,0.));
#14585=DIRECTION('',(0.,0.,-1.));
#14586=DIRECTION('',(-1.6940658945086E-16,0.,1.));
#14587=DIRECTION('',(1.,0.,1.6940658945086E-16));
#14588=DIRECTION('',(1.,0.,1.6940658945086E-16));
#14589=DIRECTION('',(0.,-1.,0.));
#14590=DIRECTION('',(0.,0.,-1.));
#14591=DIRECTION('',(-1.,0.,0.));
#14592=DIRECTION('',(0.,0.,1.));
#14593=DIRECTION('',(0.,1.,0.));
#14594=DIRECTION('',(0.,0.,1.));
#14595=DIRECTION('',(0.,1.,0.));
#14596=DIRECTION('',(0.,0.,-1.));
#14597=DIRECTION('',(-1.,0.,0.));
#14598=DIRECTION('',(0.,1.,0.));
#14599=DIRECTION('',(-1.,0.,0.));
#14600=DIRECTION('',(1.,0.,0.));
#14601=DIRECTION('',(0.,0.,-1.));
#14602=DIRECTION('',(0.,1.,0.));
#14603=DIRECTION('',(0.,0.,-1.));
#14604=DIRECTION('',(1.35525271560688E-15,0.,1.));
#14605=DIRECTION('',(1.,0.,-1.35525271560688E-15));
#14606=DIRECTION('',(1.,0.,-1.35525271560688E-15));
#14607=DIRECTION('',(0.,-1.,0.));
#14608=DIRECTION('',(0.,0.,-1.));
#14609=DIRECTION('',(-1.,0.,0.));
#14610=DIRECTION('',(0.,0.,1.));
#14611=DIRECTION('',(0.,1.,0.));
#14612=DIRECTION('',(0.,0.,1.));
#14613=DIRECTION('',(0.,1.,0.));
#14614=DIRECTION('',(2.03287907341032E-15,0.,-1.));
#14615=DIRECTION('',(-1.,0.,-2.03287907341032E-15));
#14616=DIRECTION('',(0.,1.,0.));
#14617=DIRECTION('',(-1.,0.,-2.03287907341032E-15));
#14618=DIRECTION('',(1.,0.,0.));
#14619=DIRECTION('',(0.,0.,-1.));
#14620=DIRECTION('',(0.,1.,0.));
#14621=DIRECTION('',(0.,0.,-1.));
#14622=DIRECTION('',(-1.6940658945086E-16,0.,1.));
#14623=DIRECTION('',(1.,0.,1.6940658945086E-16));
#14624=DIRECTION('',(1.,0.,1.6940658945086E-16));
#14625=DIRECTION('',(0.,-1.,0.));
#14626=DIRECTION('',(0.,0.,-1.));
#14627=DIRECTION('',(-1.,0.,0.));
#14628=DIRECTION('',(0.,0.,1.));
#14629=DIRECTION('',(0.,1.,0.));
#14630=DIRECTION('',(0.,0.,1.));
#14631=DIRECTION('',(0.,1.,0.));
#14632=DIRECTION('',(0.,0.,-1.));
#14633=DIRECTION('',(-1.,0.,0.));
#14634=DIRECTION('',(0.,1.,0.));
#14635=DIRECTION('',(-1.,0.,0.));
#14636=DIRECTION('',(1.,0.,0.));
#14637=DIRECTION('',(0.,0.,-1.));
#14638=DIRECTION('',(0.,1.,0.));
#14639=DIRECTION('',(0.,0.,-1.));
#14640=DIRECTION('',(1.35525271560688E-15,0.,1.));
#14641=DIRECTION('',(1.,0.,-1.35525271560688E-15));
#14642=DIRECTION('',(1.,0.,-1.35525271560688E-15));
#14643=DIRECTION('',(0.,-1.,0.));
#14644=DIRECTION('',(0.,0.,-1.));
#14645=DIRECTION('',(-1.,0.,0.));
#14646=DIRECTION('',(0.,0.,1.));
#14647=DIRECTION('',(0.,1.,0.));
#14648=DIRECTION('',(0.,0.,1.));
#14649=DIRECTION('',(0.,1.,0.));
#14650=DIRECTION('',(2.03287907341032E-15,0.,-1.));
#14651=DIRECTION('',(-1.,0.,-2.03287907341032E-15));
#14652=DIRECTION('',(0.,1.,0.));
#14653=DIRECTION('',(-1.,0.,-2.03287907341032E-15));
#14654=DIRECTION('',(1.,0.,0.));
#14655=DIRECTION('',(0.,0.,-1.));
#14656=DIRECTION('',(0.,1.,0.));
#14657=DIRECTION('',(0.,0.,-1.));
#14658=DIRECTION('',(-1.6940658945086E-16,0.,1.));
#14659=DIRECTION('',(1.,0.,1.6940658945086E-16));
#14660=DIRECTION('',(1.,0.,1.6940658945086E-16));
#14661=DIRECTION('',(0.,-1.,0.));
#14662=DIRECTION('',(0.,0.,-1.));
#14663=DIRECTION('',(-1.,0.,0.));
#14664=DIRECTION('',(0.,0.,1.));
#14665=DIRECTION('',(0.,1.,0.));
#14666=DIRECTION('',(0.,0.,1.));
#14667=DIRECTION('',(0.,1.,0.));
#14668=DIRECTION('',(0.,0.,-1.));
#14669=DIRECTION('',(-1.,0.,0.));
#14670=DIRECTION('',(0.,1.,0.));
#14671=DIRECTION('',(-1.,0.,0.));
#14672=DIRECTION('',(1.,0.,0.));
#14673=DIRECTION('',(0.,0.,-1.));
#14674=DIRECTION('',(0.,1.,0.));
#14675=DIRECTION('',(0.,0.,-1.));
#14676=DIRECTION('',(1.35525271560688E-15,0.,1.));
#14677=DIRECTION('',(1.,0.,-1.35525271560688E-15));
#14678=DIRECTION('',(1.,0.,-1.35525271560688E-15));
#14679=DIRECTION('',(0.,-1.,0.));
#14680=DIRECTION('',(0.,0.,-1.));
#14681=DIRECTION('',(-1.,0.,0.));
#14682=DIRECTION('',(0.,0.,1.));
#14683=DIRECTION('',(0.,1.,0.));
#14684=DIRECTION('',(0.,0.,1.));
#14685=DIRECTION('',(0.,1.,0.));
#14686=DIRECTION('',(2.03287907341032E-15,0.,-1.));
#14687=DIRECTION('',(-1.,0.,-2.03287907341032E-15));
#14688=DIRECTION('',(0.,1.,0.));
#14689=DIRECTION('',(-1.,0.,-2.03287907341032E-15));
#14690=DIRECTION('',(1.,0.,0.));
#14691=DIRECTION('',(0.,0.,-1.));
#14692=DIRECTION('',(0.,1.,0.));
#14693=DIRECTION('',(0.,0.,-1.));
#14694=DIRECTION('',(-1.6940658945086E-16,0.,1.));
#14695=DIRECTION('',(1.,0.,1.6940658945086E-16));
#14696=DIRECTION('',(1.,0.,1.6940658945086E-16));
#14697=DIRECTION('',(0.,-1.,0.));
#14698=DIRECTION('',(0.,0.,-1.));
#14699=DIRECTION('',(-1.,0.,0.));
#14700=DIRECTION('',(0.,0.,1.));
#14701=DIRECTION('',(0.,1.,0.));
#14702=DIRECTION('',(0.,0.,1.));
#14703=DIRECTION('',(0.,1.,0.));
#14704=DIRECTION('',(0.,0.,-1.));
#14705=DIRECTION('',(-1.,0.,0.));
#14706=DIRECTION('',(0.,1.,0.));
#14707=DIRECTION('',(-1.,0.,0.));
#14708=DIRECTION('',(1.,0.,0.));
#14709=DIRECTION('',(0.,0.,-1.));
#14710=DIRECTION('',(0.,1.,0.));
#14711=DIRECTION('',(0.,0.,-1.));
#14712=DIRECTION('',(1.35525271560688E-15,0.,1.));
#14713=DIRECTION('',(1.,0.,-1.35525271560688E-15));
#14714=DIRECTION('',(1.,0.,-1.35525271560688E-15));
#14715=DIRECTION('',(0.,-1.,0.));
#14716=DIRECTION('',(0.,0.,-1.));
#14717=DIRECTION('',(-1.,0.,0.));
#14718=DIRECTION('',(0.,0.,1.));
#14719=DIRECTION('',(0.,1.,0.));
#14720=DIRECTION('',(0.,0.,1.));
#14721=DIRECTION('',(0.,1.,0.));
#14722=DIRECTION('',(2.03287907341032E-15,0.,-1.));
#14723=DIRECTION('',(-1.,0.,-2.03287907341032E-15));
#14724=DIRECTION('',(0.,1.,0.));
#14725=DIRECTION('',(-1.,0.,-2.03287907341032E-15));
#14726=DIRECTION('',(1.,0.,0.));
#14727=DIRECTION('',(0.,0.,-1.));
#14728=DIRECTION('',(0.,1.,0.));
#14729=DIRECTION('',(0.,0.,-1.));
#14730=DIRECTION('',(-1.6940658945086E-16,0.,1.));
#14731=DIRECTION('',(1.,0.,1.6940658945086E-16));
#14732=DIRECTION('',(1.,0.,1.6940658945086E-16));
#14733=DIRECTION('',(0.,-1.,0.));
#14734=DIRECTION('',(0.,0.,-1.));
#14735=DIRECTION('',(-1.,0.,0.));
#14736=DIRECTION('',(0.,0.,1.));
#14737=DIRECTION('',(0.,1.,0.));
#14738=DIRECTION('',(0.,0.,1.));
#14739=DIRECTION('',(0.,1.,0.));
#14740=DIRECTION('',(0.,0.,-1.));
#14741=DIRECTION('',(-1.,0.,0.));
#14742=DIRECTION('',(0.,1.,0.));
#14743=DIRECTION('',(-1.,0.,0.));
#14744=DIRECTION('',(1.,0.,0.));
#14745=DIRECTION('',(0.,0.,-1.));
#14746=DIRECTION('',(0.,1.,0.));
#14747=DIRECTION('',(0.,0.,-1.));
#14748=DIRECTION('',(1.35525271560688E-15,0.,1.));
#14749=DIRECTION('',(1.,0.,-1.35525271560688E-15));
#14750=DIRECTION('',(1.,0.,-1.35525271560688E-15));
#14751=DIRECTION('',(0.,-1.,0.));
#14752=DIRECTION('',(0.,0.,-1.));
#14753=DIRECTION('',(-1.,0.,0.));
#14754=DIRECTION('',(0.,0.,1.));
#14755=DIRECTION('',(0.,1.,0.));
#14756=DIRECTION('',(0.,0.,1.));
#14757=DIRECTION('',(0.,1.,0.));
#14758=DIRECTION('',(2.03287907341032E-15,0.,-1.));
#14759=DIRECTION('',(-1.,0.,-2.03287907341032E-15));
#14760=DIRECTION('',(0.,1.,0.));
#14761=DIRECTION('',(-1.,0.,-2.03287907341032E-15));
#14762=DIRECTION('',(1.,0.,0.));
#14763=DIRECTION('',(0.,0.,-1.));
#14764=DIRECTION('',(0.,1.,0.));
#14765=DIRECTION('',(0.,0.,-1.));
#14766=DIRECTION('',(-1.6940658945086E-16,0.,1.));
#14767=DIRECTION('',(1.,0.,1.6940658945086E-16));
#14768=DIRECTION('',(1.,0.,1.6940658945086E-16));
#14769=DIRECTION('',(0.,-1.,0.));
#14770=DIRECTION('',(0.,0.,-1.));
#14771=DIRECTION('',(-1.,0.,0.));
#14772=DIRECTION('',(0.,0.,1.));
#14773=DIRECTION('',(0.,1.,0.));
#14774=DIRECTION('',(0.,0.,1.));
#14775=DIRECTION('',(0.,1.,0.));
#14776=DIRECTION('',(0.,0.,-1.));
#14777=DIRECTION('',(-1.,0.,0.));
#14778=DIRECTION('',(0.,1.,0.));
#14779=DIRECTION('',(-1.,0.,0.));
#14780=DIRECTION('',(1.,0.,0.));
#14781=DIRECTION('',(0.,0.,-1.));
#14782=DIRECTION('',(0.,1.,0.));
#14783=DIRECTION('',(0.,0.,-1.));
#14784=DIRECTION('',(1.35525271560688E-15,0.,1.));
#14785=DIRECTION('',(1.,0.,-1.35525271560688E-15));
#14786=DIRECTION('',(1.,0.,-1.35525271560688E-15));
#14787=DIRECTION('',(0.,-1.,0.));
#14788=DIRECTION('',(0.,0.,-1.));
#14789=DIRECTION('',(-1.,0.,0.));
#14790=DIRECTION('',(0.,0.,1.));
#14791=DIRECTION('',(0.,1.,0.));
#14792=DIRECTION('',(0.,0.,1.));
#14793=DIRECTION('',(0.,1.,0.));
#14794=DIRECTION('',(2.03287907341032E-15,0.,-1.));
#14795=DIRECTION('',(-1.,0.,-2.03287907341032E-15));
#14796=DIRECTION('',(0.,1.,0.));
#14797=DIRECTION('',(-1.,0.,-2.03287907341032E-15));
#14798=DIRECTION('',(1.,0.,0.));
#14799=DIRECTION('',(0.,0.,-1.));
#14800=DIRECTION('',(0.,1.,0.));
#14801=DIRECTION('',(0.,0.,-1.));
#14802=DIRECTION('',(-1.6940658945086E-16,0.,1.));
#14803=DIRECTION('',(1.,0.,1.6940658945086E-16));
#14804=DIRECTION('',(1.,0.,1.6940658945086E-16));
#14805=DIRECTION('',(0.,-1.,0.));
#14806=DIRECTION('',(0.,0.,-1.));
#14807=DIRECTION('',(-1.,0.,0.));
#14808=DIRECTION('',(0.,0.,1.));
#14809=DIRECTION('',(0.,1.,0.));
#14810=DIRECTION('',(0.,0.,1.));
#14811=DIRECTION('',(0.,1.,0.));
#14812=DIRECTION('',(1.35525271560688E-15,0.,-1.));
#14813=DIRECTION('',(-1.,0.,-1.35525271560688E-15));
#14814=DIRECTION('',(0.,1.,0.));
#14815=DIRECTION('',(-1.,0.,-1.35525271560688E-15));
#14816=DIRECTION('',(1.,0.,0.));
#14817=DIRECTION('',(0.,0.,-1.));
#14818=DIRECTION('',(0.,1.,0.));
#14819=DIRECTION('',(0.,0.,-1.));
#14820=DIRECTION('',(0.,0.,1.));
#14821=DIRECTION('',(1.,0.,0.));
#14822=DIRECTION('',(1.,0.,0.));
#14823=DIRECTION('',(0.,-1.,0.));
#14824=DIRECTION('',(0.,0.,-1.));
#14825=DIRECTION('',(-1.,0.,0.));
#14826=DIRECTION('',(0.,0.,1.));
#14827=DIRECTION('',(0.,1.,0.));
#14828=DIRECTION('',(0.,0.,1.));
#14829=DIRECTION('',(0.,1.,0.));
#14830=DIRECTION('',(-1.69406589450861E-16,0.,-1.));
#14831=DIRECTION('',(-1.,0.,1.69406589450861E-16));
#14832=DIRECTION('',(0.,1.,0.));
#14833=DIRECTION('',(-1.,0.,1.69406589450861E-16));
#14834=DIRECTION('',(1.,0.,0.));
#14835=DIRECTION('',(0.,0.,-1.));
#14836=DIRECTION('',(0.,1.,0.));
#14837=DIRECTION('',(0.,0.,-1.));
#14838=DIRECTION('',(2.03287907341033E-15,0.,1.));
#14839=DIRECTION('',(1.,0.,-2.03287907341033E-15));
#14840=DIRECTION('',(1.,0.,-2.03287907341033E-15));
#14841=DIRECTION('',(0.,-1.,0.));
#14842=DIRECTION('',(0.,0.,-1.));
#14843=DIRECTION('',(-1.,0.,0.));
#14844=DIRECTION('',(0.,0.,1.));
#14845=DIRECTION('',(0.,1.,0.));
#14846=DIRECTION('',(0.,0.,1.));
#14847=DIRECTION('',(0.,1.,0.));
#14848=DIRECTION('',(1.35525271560688E-15,0.,-1.));
#14849=DIRECTION('',(-1.,0.,-1.35525271560688E-15));
#14850=DIRECTION('',(0.,1.,0.));
#14851=DIRECTION('',(-1.,0.,-1.35525271560688E-15));
#14852=DIRECTION('',(1.,0.,0.));
#14853=DIRECTION('',(0.,0.,-1.));
#14854=DIRECTION('',(0.,1.,0.));
#14855=DIRECTION('',(0.,0.,-1.));
#14856=DIRECTION('',(0.,0.,1.));
#14857=DIRECTION('',(1.,0.,0.));
#14858=DIRECTION('',(1.,0.,0.));
#14859=DIRECTION('',(0.,-1.,0.));
#14860=DIRECTION('',(0.,0.,-1.));
#14861=DIRECTION('',(-1.,0.,0.));
#14862=DIRECTION('',(0.,0.,1.));
#14863=DIRECTION('',(0.,1.,0.));
#14864=DIRECTION('',(0.,0.,1.));
#14865=DIRECTION('',(0.,1.,0.));
#14866=DIRECTION('',(-1.69406589450861E-16,0.,-1.));
#14867=DIRECTION('',(-1.,0.,1.69406589450861E-16));
#14868=DIRECTION('',(0.,1.,0.));
#14869=DIRECTION('',(-1.,0.,1.69406589450861E-16));
#14870=DIRECTION('',(1.,0.,0.));
#14871=DIRECTION('',(0.,0.,-1.));
#14872=DIRECTION('',(0.,1.,0.));
#14873=DIRECTION('',(0.,0.,-1.));
#14874=DIRECTION('',(2.03287907341033E-15,0.,1.));
#14875=DIRECTION('',(1.,0.,-2.03287907341033E-15));
#14876=DIRECTION('',(1.,0.,-2.03287907341033E-15));
#14877=DIRECTION('',(0.,-1.,0.));
#14878=DIRECTION('',(0.,0.,-1.));
#14879=DIRECTION('',(-1.,0.,0.));
#14880=DIRECTION('',(0.,0.,1.));
#14881=DIRECTION('',(0.,1.,0.));
#14882=DIRECTION('',(0.,0.,1.));
#14883=DIRECTION('',(0.,1.,0.));
#14884=DIRECTION('',(1.35525271560688E-15,0.,-1.));
#14885=DIRECTION('',(-1.,0.,-1.35525271560688E-15));
#14886=DIRECTION('',(0.,1.,0.));
#14887=DIRECTION('',(-1.,0.,-1.35525271560688E-15));
#14888=DIRECTION('',(1.,0.,0.));
#14889=DIRECTION('',(0.,0.,-1.));
#14890=DIRECTION('',(0.,1.,0.));
#14891=DIRECTION('',(0.,0.,-1.));
#14892=DIRECTION('',(0.,0.,1.));
#14893=DIRECTION('',(1.,0.,0.));
#14894=DIRECTION('',(1.,0.,0.));
#14895=DIRECTION('',(0.,-1.,0.));
#14896=DIRECTION('',(0.,0.,-1.));
#14897=DIRECTION('',(-1.,0.,0.));
#14898=DIRECTION('',(0.,0.,1.));
#14899=DIRECTION('',(0.,1.,0.));
#14900=DIRECTION('',(0.,0.,1.));
#14901=DIRECTION('',(0.,1.,0.));
#14902=DIRECTION('',(-1.69406589450861E-16,0.,-1.));
#14903=DIRECTION('',(-1.,0.,1.69406589450861E-16));
#14904=DIRECTION('',(0.,1.,0.));
#14905=DIRECTION('',(-1.,0.,1.69406589450861E-16));
#14906=DIRECTION('',(1.,0.,0.));
#14907=DIRECTION('',(0.,0.,-1.));
#14908=DIRECTION('',(0.,1.,0.));
#14909=DIRECTION('',(0.,0.,-1.));
#14910=DIRECTION('',(2.03287907341033E-15,0.,1.));
#14911=DIRECTION('',(1.,0.,-2.03287907341033E-15));
#14912=DIRECTION('',(1.,0.,-2.03287907341033E-15));
#14913=DIRECTION('',(0.,-1.,0.));
#14914=DIRECTION('',(0.,0.,-1.));
#14915=DIRECTION('',(-1.,0.,0.));
#14916=DIRECTION('',(0.,0.,1.));
#14917=DIRECTION('',(0.,1.,0.));
#14918=DIRECTION('',(0.,0.,1.));
#14919=DIRECTION('',(0.,1.,0.));
#14920=DIRECTION('',(1.35525271560689E-15,0.,-1.));
#14921=DIRECTION('',(-1.,0.,-1.35525271560689E-15));
#14922=DIRECTION('',(0.,1.,0.));
#14923=DIRECTION('',(-1.,0.,-1.35525271560689E-15));
#14924=DIRECTION('',(1.,0.,0.));
#14925=DIRECTION('',(0.,0.,-1.));
#14926=DIRECTION('',(0.,1.,0.));
#14927=DIRECTION('',(0.,0.,-1.));
#14928=DIRECTION('',(0.,0.,1.));
#14929=DIRECTION('',(1.,0.,0.));
#14930=DIRECTION('',(1.,0.,0.));
#14931=DIRECTION('',(0.,-1.,0.));
#14932=DIRECTION('',(0.,0.,-1.));
#14933=DIRECTION('',(-1.,0.,0.));
#14934=DIRECTION('',(0.,0.,1.));
#14935=DIRECTION('',(0.,1.,0.));
#14936=DIRECTION('',(0.,0.,1.));
#14937=DIRECTION('',(0.,1.,0.));
#14938=DIRECTION('',(-1.69406589450861E-16,0.,-1.));
#14939=DIRECTION('',(-1.,0.,1.69406589450861E-16));
#14940=DIRECTION('',(0.,1.,0.));
#14941=DIRECTION('',(-1.,0.,1.69406589450861E-16));
#14942=DIRECTION('',(1.,0.,0.));
#14943=DIRECTION('',(0.,0.,-1.));
#14944=DIRECTION('',(0.,1.,0.));
#14945=DIRECTION('',(0.,0.,-1.));
#14946=DIRECTION('',(2.03287907341034E-15,0.,1.));
#14947=DIRECTION('',(1.,0.,-2.03287907341034E-15));
#14948=DIRECTION('',(1.,0.,-2.03287907341034E-15));
#14949=DIRECTION('',(0.,-1.,0.));
#14950=DIRECTION('',(0.,0.,-1.));
#14951=DIRECTION('',(-1.,0.,0.));
#14952=DIRECTION('',(0.,0.,1.));
#14953=DIRECTION('',(0.,1.,0.));
#14954=DIRECTION('',(0.,0.,1.));
#14955=DIRECTION('',(0.,1.,0.));
#14956=DIRECTION('',(1.35525271560689E-15,0.,-1.));
#14957=DIRECTION('',(-1.,0.,-1.35525271560689E-15));
#14958=DIRECTION('',(0.,1.,0.));
#14959=DIRECTION('',(-1.,0.,-1.35525271560689E-15));
#14960=DIRECTION('',(1.,0.,0.));
#14961=DIRECTION('',(0.,0.,-1.));
#14962=DIRECTION('',(0.,1.,0.));
#14963=DIRECTION('',(0.,0.,-1.));
#14964=DIRECTION('',(0.,0.,1.));
#14965=DIRECTION('',(1.,0.,0.));
#14966=DIRECTION('',(1.,0.,0.));
#14967=DIRECTION('',(0.,-1.,0.));
#14968=DIRECTION('',(0.,0.,-1.));
#14969=DIRECTION('',(-1.,0.,0.));
#14970=DIRECTION('',(0.,0.,1.));
#14971=DIRECTION('',(0.,1.,0.));
#14972=DIRECTION('',(0.,0.,1.));
#14973=DIRECTION('',(0.,1.,0.));
#14974=DIRECTION('',(-1.69406589450861E-16,0.,-1.));
#14975=DIRECTION('',(-1.,0.,1.69406589450861E-16));
#14976=DIRECTION('',(0.,1.,0.));
#14977=DIRECTION('',(-1.,0.,1.69406589450861E-16));
#14978=DIRECTION('',(1.,0.,0.));
#14979=DIRECTION('',(0.,0.,-1.));
#14980=DIRECTION('',(0.,1.,0.));
#14981=DIRECTION('',(0.,0.,-1.));
#14982=DIRECTION('',(2.03287907341034E-15,0.,1.));
#14983=DIRECTION('',(1.,0.,-2.03287907341034E-15));
#14984=DIRECTION('',(1.,0.,-2.03287907341034E-15));
#14985=DIRECTION('',(0.,-1.,0.));
#14986=DIRECTION('',(0.,0.,-1.));
#14987=DIRECTION('',(-1.,0.,0.));
#14988=DIRECTION('',(0.,0.,1.));
#14989=DIRECTION('',(0.,1.,0.));
#14990=DIRECTION('',(0.,0.,1.));
#14991=DIRECTION('',(0.,1.,0.));
#14992=DIRECTION('',(1.35525271560689E-15,0.,-1.));
#14993=DIRECTION('',(-1.,0.,-1.35525271560689E-15));
#14994=DIRECTION('',(0.,1.,0.));
#14995=DIRECTION('',(-1.,0.,-1.35525271560689E-15));
#14996=DIRECTION('',(1.,0.,0.));
#14997=DIRECTION('',(0.,0.,-1.));
#14998=DIRECTION('',(0.,1.,0.));
#14999=DIRECTION('',(0.,0.,-1.));
#15000=DIRECTION('',(0.,0.,1.));
#15001=DIRECTION('',(1.,0.,0.));
#15002=DIRECTION('',(1.,0.,0.));
#15003=DIRECTION('',(0.,-1.,0.));
#15004=DIRECTION('',(0.,0.,-1.));
#15005=DIRECTION('',(-1.,0.,0.));
#15006=DIRECTION('',(0.,0.,1.));
#15007=DIRECTION('',(0.,1.,0.));
#15008=DIRECTION('',(0.,0.,1.));
#15009=DIRECTION('',(0.,1.,0.));
#15010=DIRECTION('',(-1.69406589450861E-16,0.,-1.));
#15011=DIRECTION('',(-1.,0.,1.69406589450861E-16));
#15012=DIRECTION('',(0.,1.,0.));
#15013=DIRECTION('',(-1.,0.,1.69406589450861E-16));
#15014=DIRECTION('',(1.,0.,0.));
#15015=DIRECTION('',(0.,0.,-1.));
#15016=DIRECTION('',(0.,1.,0.));
#15017=DIRECTION('',(0.,0.,-1.));
#15018=DIRECTION('',(2.03287907341033E-15,0.,1.));
#15019=DIRECTION('',(1.,0.,-2.03287907341033E-15));
#15020=DIRECTION('',(1.,0.,-2.03287907341033E-15));
#15021=DIRECTION('',(0.,-1.,0.));
#15022=DIRECTION('',(0.,0.,-1.));
#15023=DIRECTION('',(-1.,0.,0.));
#15024=DIRECTION('',(0.,0.,1.));
#15025=DIRECTION('',(0.,1.,0.));
#15026=DIRECTION('',(0.,0.,1.));
#15027=DIRECTION('',(0.,1.,0.));
#15028=DIRECTION('',(1.35525271560688E-15,0.,-1.));
#15029=DIRECTION('',(-1.,0.,-1.35525271560688E-15));
#15030=DIRECTION('',(0.,1.,0.));
#15031=DIRECTION('',(-1.,0.,-1.35525271560688E-15));
#15032=DIRECTION('',(1.,0.,0.));
#15033=DIRECTION('',(0.,0.,-1.));
#15034=DIRECTION('',(0.,1.,0.));
#15035=DIRECTION('',(0.,0.,-1.));
#15036=DIRECTION('',(0.,0.,1.));
#15037=DIRECTION('',(1.,0.,0.));
#15038=DIRECTION('',(1.,0.,0.));
#15039=DIRECTION('',(0.,-1.,0.));
#15040=DIRECTION('',(0.,0.,-1.));
#15041=DIRECTION('',(-1.,0.,0.));
#15042=DIRECTION('',(0.,0.,1.));
#15043=DIRECTION('',(0.,1.,0.));
#15044=DIRECTION('',(0.,0.,1.));
#15045=DIRECTION('',(0.,1.,0.));
#15046=DIRECTION('',(-1.69406589450861E-16,0.,-1.));
#15047=DIRECTION('',(-1.,0.,1.69406589450861E-16));
#15048=DIRECTION('',(0.,1.,0.));
#15049=DIRECTION('',(-1.,0.,1.69406589450861E-16));
#15050=DIRECTION('',(1.,0.,0.));
#15051=DIRECTION('',(0.,0.,-1.));
#15052=DIRECTION('',(0.,1.,0.));
#15053=DIRECTION('',(0.,0.,-1.));
#15054=DIRECTION('',(2.03287907341033E-15,0.,1.));
#15055=DIRECTION('',(1.,0.,-2.03287907341033E-15));
#15056=DIRECTION('',(1.,0.,-2.03287907341033E-15));
#15057=DIRECTION('',(0.,-1.,0.));
#15058=DIRECTION('',(0.,0.,-1.));
#15059=DIRECTION('',(-1.,0.,0.));
#15060=DIRECTION('',(0.,0.,1.));
#15061=DIRECTION('',(0.,1.,0.));
#15062=DIRECTION('',(0.,0.,1.));
#15063=DIRECTION('',(0.,1.,0.));
#15064=DIRECTION('',(1.35525271560688E-15,0.,-1.));
#15065=DIRECTION('',(-1.,0.,-1.35525271560688E-15));
#15066=DIRECTION('',(0.,1.,0.));
#15067=DIRECTION('',(-1.,0.,-1.35525271560688E-15));
#15068=DIRECTION('',(1.,0.,0.));
#15069=DIRECTION('',(0.,0.,-1.));
#15070=DIRECTION('',(0.,1.,0.));
#15071=DIRECTION('',(0.,0.,-1.));
#15072=DIRECTION('',(0.,0.,1.));
#15073=DIRECTION('',(1.,0.,0.));
#15074=DIRECTION('',(1.,0.,0.));
#15075=DIRECTION('',(0.,-1.,0.));
#15076=DIRECTION('',(0.,0.,-1.));
#15077=DIRECTION('',(-1.,0.,0.));
#15078=DIRECTION('',(0.,0.,1.));
#15079=DIRECTION('',(0.,1.,0.));
#15080=DIRECTION('',(0.,0.,1.));
#15081=DIRECTION('',(0.,1.,0.));
#15082=DIRECTION('',(-1.69406589450861E-16,0.,-1.));
#15083=DIRECTION('',(-1.,0.,1.69406589450861E-16));
#15084=DIRECTION('',(0.,1.,0.));
#15085=DIRECTION('',(-1.,0.,1.69406589450861E-16));
#15086=DIRECTION('',(1.,0.,0.));
#15087=DIRECTION('',(0.,0.,-1.));
#15088=DIRECTION('',(0.,1.,0.));
#15089=DIRECTION('',(0.,0.,-1.));
#15090=DIRECTION('',(2.03287907341033E-15,0.,1.));
#15091=DIRECTION('',(1.,0.,-2.03287907341033E-15));
#15092=DIRECTION('',(1.,0.,-2.03287907341033E-15));
#15093=DIRECTION('',(0.,-1.,0.));
#15094=DIRECTION('',(0.,0.,-1.));
#15095=DIRECTION('',(-1.,0.,0.));
#15096=DIRECTION('',(0.,0.,1.));
#15097=DIRECTION('',(0.,1.,0.));
#15098=DIRECTION('',(0.,0.,1.));
#15099=DIRECTION('',(0.,1.,0.));
#15100=DIRECTION('',(1.35525271560688E-15,0.,-1.));
#15101=DIRECTION('',(-1.,0.,-1.35525271560688E-15));
#15102=DIRECTION('',(0.,1.,0.));
#15103=DIRECTION('',(-1.,0.,-1.35525271560688E-15));
#15104=DIRECTION('',(1.,0.,0.));
#15105=DIRECTION('',(0.,0.,-1.));
#15106=DIRECTION('',(0.,1.,0.));
#15107=DIRECTION('',(0.,0.,-1.));
#15108=DIRECTION('',(0.,0.,1.));
#15109=DIRECTION('',(1.,0.,0.));
#15110=DIRECTION('',(1.,0.,0.));
#15111=DIRECTION('',(0.,-1.,0.));
#15112=DIRECTION('',(0.,0.,-1.));
#15113=DIRECTION('',(-1.,0.,0.));
#15114=DIRECTION('',(0.,0.,1.));
#15115=DIRECTION('',(0.,1.,0.));
#15116=DIRECTION('',(0.,0.,1.));
#15117=DIRECTION('',(0.,1.,0.));
#15118=DIRECTION('',(-1.69406589450861E-16,0.,-1.));
#15119=DIRECTION('',(-1.,0.,1.69406589450861E-16));
#15120=DIRECTION('',(0.,1.,0.));
#15121=DIRECTION('',(-1.,0.,1.69406589450861E-16));
#15122=DIRECTION('',(1.,0.,0.));
#15123=DIRECTION('',(0.,0.,-1.));
#15124=DIRECTION('',(0.,1.,0.));
#15125=DIRECTION('',(0.,0.,-1.));
#15126=DIRECTION('',(2.03287907341033E-15,0.,1.));
#15127=DIRECTION('',(1.,0.,-2.03287907341033E-15));
#15128=DIRECTION('',(1.,0.,-2.03287907341033E-15));
#15129=DIRECTION('',(0.,-1.,0.));
#15130=DIRECTION('',(0.,0.,-1.));
#15131=DIRECTION('',(-1.,0.,0.));
#15132=DIRECTION('',(0.,0.,1.));
#15133=DIRECTION('',(0.,1.,0.));
#15134=DIRECTION('',(0.,0.,1.));
#15135=DIRECTION('',(0.,1.,0.));
#15136=DIRECTION('',(1.35525271560688E-15,0.,-1.));
#15137=DIRECTION('',(-1.,0.,-1.35525271560688E-15));
#15138=DIRECTION('',(0.,1.,0.));
#15139=DIRECTION('',(-1.,0.,-1.35525271560688E-15));
#15140=DIRECTION('',(1.,0.,0.));
#15141=DIRECTION('',(0.,0.,-1.));
#15142=DIRECTION('',(0.,1.,0.));
#15143=DIRECTION('',(0.,0.,-1.));
#15144=DIRECTION('',(0.,0.,1.));
#15145=DIRECTION('',(1.,0.,0.));
#15146=DIRECTION('',(1.,0.,0.));
#15147=DIRECTION('',(0.,-1.,0.));
#15148=DIRECTION('',(0.,0.,-1.));
#15149=DIRECTION('',(-1.,0.,0.));
#15150=DIRECTION('',(0.,0.,1.));
#15151=DIRECTION('',(0.,1.,0.));
#15152=DIRECTION('',(0.,0.,1.));
#15153=DIRECTION('',(0.,1.,0.));
#15154=DIRECTION('',(-1.69406589450861E-16,0.,-1.));
#15155=DIRECTION('',(-1.,0.,1.69406589450861E-16));
#15156=DIRECTION('',(0.,1.,0.));
#15157=DIRECTION('',(-1.,0.,1.69406589450861E-16));
#15158=DIRECTION('',(1.,0.,0.));
#15159=DIRECTION('',(0.,0.,-1.));
#15160=DIRECTION('',(0.,1.,0.));
#15161=DIRECTION('',(0.,0.,-1.));
#15162=DIRECTION('',(2.03287907341033E-15,0.,1.));
#15163=DIRECTION('',(1.,0.,-2.03287907341033E-15));
#15164=DIRECTION('',(1.,0.,-2.03287907341033E-15));
#15165=DIRECTION('',(0.,-1.,0.));
#15166=DIRECTION('',(0.,0.,-1.));
#15167=DIRECTION('',(-1.,0.,0.));
#15168=DIRECTION('',(0.,0.,1.));
#15169=DIRECTION('',(0.,1.,0.));
#15170=DIRECTION('',(0.,0.,1.));
#15171=DIRECTION('',(0.,1.,0.));
#15172=DIRECTION('',(1.35525271560688E-15,0.,-1.));
#15173=DIRECTION('',(-1.,0.,-1.35525271560688E-15));
#15174=DIRECTION('',(0.,1.,0.));
#15175=DIRECTION('',(-1.,0.,-1.35525271560688E-15));
#15176=DIRECTION('',(1.,0.,0.));
#15177=DIRECTION('',(0.,0.,-1.));
#15178=DIRECTION('',(0.,1.,0.));
#15179=DIRECTION('',(0.,0.,-1.));
#15180=DIRECTION('',(0.,0.,1.));
#15181=DIRECTION('',(1.,0.,0.));
#15182=DIRECTION('',(1.,0.,0.));
#15183=DIRECTION('',(0.,-1.,0.));
#15184=DIRECTION('',(0.,0.,-1.));
#15185=DIRECTION('',(-1.,0.,0.));
#15186=DIRECTION('',(0.,0.,1.));
#15187=DIRECTION('',(0.,1.,0.));
#15188=DIRECTION('',(0.,0.,1.));
#15189=DIRECTION('',(0.,1.,0.));
#15190=DIRECTION('',(-1.6940658945086E-16,0.,-1.));
#15191=DIRECTION('',(-1.,0.,1.6940658945086E-16));
#15192=DIRECTION('',(0.,1.,0.));
#15193=DIRECTION('',(-1.,0.,1.6940658945086E-16));
#15194=DIRECTION('',(1.,0.,0.));
#15195=DIRECTION('',(0.,0.,-1.));
#15196=DIRECTION('',(0.,1.,0.));
#15197=DIRECTION('',(0.,0.,-1.));
#15198=DIRECTION('',(2.03287907341032E-15,0.,1.));
#15199=DIRECTION('',(1.,0.,-2.03287907341032E-15));
#15200=DIRECTION('',(1.,0.,-2.03287907341032E-15));
#15201=DIRECTION('',(0.,-1.,0.));
#15202=DIRECTION('',(0.,0.,-1.));
#15203=DIRECTION('',(-1.,0.,0.));
#15204=DIRECTION('',(0.,0.,1.));
#15205=DIRECTION('',(0.,1.,0.));
#15206=DIRECTION('',(0.,0.,1.));
#15207=DIRECTION('',(0.,1.,0.));
#15208=DIRECTION('',(1.35525271560688E-15,0.,-1.));
#15209=DIRECTION('',(-1.,0.,-1.35525271560688E-15));
#15210=DIRECTION('',(0.,1.,0.));
#15211=DIRECTION('',(-1.,0.,-1.35525271560688E-15));
#15212=DIRECTION('',(1.,0.,0.));
#15213=DIRECTION('',(0.,0.,-1.));
#15214=DIRECTION('',(0.,1.,0.));
#15215=DIRECTION('',(0.,0.,-1.));
#15216=DIRECTION('',(0.,0.,1.));
#15217=DIRECTION('',(1.,0.,0.));
#15218=DIRECTION('',(1.,0.,0.));
#15219=DIRECTION('',(0.,-1.,0.));
#15220=DIRECTION('',(0.,0.,-1.));
#15221=DIRECTION('',(-1.,0.,0.));
#15222=DIRECTION('',(0.,0.,1.));
#15223=DIRECTION('',(0.,1.,0.));
#15224=DIRECTION('',(0.,0.,1.));
#15225=DIRECTION('',(0.,1.,0.));
#15226=DIRECTION('',(-1.6940658945086E-16,0.,-1.));
#15227=DIRECTION('',(-1.,0.,1.6940658945086E-16));
#15228=DIRECTION('',(0.,1.,0.));
#15229=DIRECTION('',(-1.,0.,1.6940658945086E-16));
#15230=DIRECTION('',(1.,0.,0.));
#15231=DIRECTION('',(0.,0.,-1.));
#15232=DIRECTION('',(0.,1.,0.));
#15233=DIRECTION('',(0.,0.,-1.));
#15234=DIRECTION('',(2.03287907341032E-15,0.,1.));
#15235=DIRECTION('',(1.,0.,-2.03287907341032E-15));
#15236=DIRECTION('',(1.,0.,-2.03287907341032E-15));
#15237=DIRECTION('',(0.,-1.,0.));
#15238=DIRECTION('',(0.,0.,-1.));
#15239=DIRECTION('',(-1.,0.,0.));
#15240=DIRECTION('',(0.,0.,1.));
#15241=DIRECTION('',(0.,1.,0.));
#15242=DIRECTION('',(0.,0.,1.));
#15243=DIRECTION('',(0.,1.,0.));
#15244=DIRECTION('',(1.35525271560688E-15,0.,-1.));
#15245=DIRECTION('',(-1.,0.,-1.35525271560688E-15));
#15246=DIRECTION('',(0.,1.,0.));
#15247=DIRECTION('',(-1.,0.,-1.35525271560688E-15));
#15248=DIRECTION('',(1.,0.,0.));
#15249=DIRECTION('',(0.,0.,-1.));
#15250=DIRECTION('',(0.,1.,0.));
#15251=DIRECTION('',(0.,0.,-1.));
#15252=DIRECTION('',(0.,0.,1.));
#15253=DIRECTION('',(1.,0.,0.));
#15254=DIRECTION('',(1.,0.,0.));
#15255=DIRECTION('',(0.,-1.,0.));
#15256=DIRECTION('',(0.,0.,-1.));
#15257=DIRECTION('',(-1.,0.,0.));
#15258=DIRECTION('',(0.,0.,1.));
#15259=DIRECTION('',(0.,1.,0.));
#15260=DIRECTION('',(0.,0.,1.));
#15261=DIRECTION('',(0.,1.,0.));
#15262=DIRECTION('',(-1.6940658945086E-16,0.,-1.));
#15263=DIRECTION('',(-1.,0.,1.6940658945086E-16));
#15264=DIRECTION('',(0.,1.,0.));
#15265=DIRECTION('',(-1.,0.,1.6940658945086E-16));
#15266=DIRECTION('',(1.,0.,0.));
#15267=DIRECTION('',(0.,0.,-1.));
#15268=DIRECTION('',(0.,1.,0.));
#15269=DIRECTION('',(0.,0.,-1.));
#15270=DIRECTION('',(2.03287907341032E-15,0.,1.));
#15271=DIRECTION('',(1.,0.,-2.03287907341032E-15));
#15272=DIRECTION('',(1.,0.,-2.03287907341032E-15));
#15273=DIRECTION('',(0.,-1.,0.));
#15274=DIRECTION('',(0.,0.,-1.));
#15275=DIRECTION('',(-1.,0.,0.));
#15276=DIRECTION('',(0.,0.,1.));
#15277=DIRECTION('',(0.,1.,0.));
#15278=DIRECTION('',(0.,0.,1.));
#15279=DIRECTION('',(0.,1.,0.));
#15280=DIRECTION('',(1.35525271560688E-15,0.,-1.));
#15281=DIRECTION('',(-1.,0.,-1.35525271560688E-15));
#15282=DIRECTION('',(0.,1.,0.));
#15283=DIRECTION('',(-1.,0.,-1.35525271560688E-15));
#15284=DIRECTION('',(1.,0.,0.));
#15285=DIRECTION('',(0.,0.,-1.));
#15286=DIRECTION('',(0.,1.,0.));
#15287=DIRECTION('',(0.,0.,-1.));
#15288=DIRECTION('',(0.,0.,1.));
#15289=DIRECTION('',(1.,0.,0.));
#15290=DIRECTION('',(1.,0.,0.));
#15291=DIRECTION('',(0.,-1.,0.));
#15292=DIRECTION('',(0.,0.,-1.));
#15293=DIRECTION('',(-1.,0.,0.));
#15294=DIRECTION('',(0.,0.,1.));
#15295=DIRECTION('',(0.,1.,0.));
#15296=DIRECTION('',(0.,0.,1.));
#15297=DIRECTION('',(0.,1.,0.));
#15298=DIRECTION('',(-1.6940658945086E-16,0.,-1.));
#15299=DIRECTION('',(-1.,0.,1.6940658945086E-16));
#15300=DIRECTION('',(0.,1.,0.));
#15301=DIRECTION('',(-1.,0.,1.6940658945086E-16));
#15302=DIRECTION('',(1.,0.,0.));
#15303=DIRECTION('',(0.,0.,-1.));
#15304=DIRECTION('',(0.,1.,0.));
#15305=DIRECTION('',(0.,0.,-1.));
#15306=DIRECTION('',(2.03287907341032E-15,0.,1.));
#15307=DIRECTION('',(1.,0.,-2.03287907341032E-15));
#15308=DIRECTION('',(1.,0.,-2.03287907341032E-15));
#15309=DIRECTION('',(0.,-1.,0.));
#15310=DIRECTION('',(0.,0.,-1.));
#15311=DIRECTION('',(-1.,0.,0.));
#15312=DIRECTION('',(0.,0.,1.));
#15313=DIRECTION('',(0.,1.,0.));
#15314=DIRECTION('',(0.,0.,1.));
#15315=DIRECTION('',(0.,1.,0.));
#15316=DIRECTION('',(1.35525271560688E-15,0.,-1.));
#15317=DIRECTION('',(-1.,0.,-1.35525271560688E-15));
#15318=DIRECTION('',(0.,1.,0.));
#15319=DIRECTION('',(-1.,0.,-1.35525271560688E-15));
#15320=DIRECTION('',(1.,0.,0.));
#15321=DIRECTION('',(0.,0.,-1.));
#15322=DIRECTION('',(0.,1.,0.));
#15323=DIRECTION('',(0.,0.,-1.));
#15324=DIRECTION('',(0.,0.,1.));
#15325=DIRECTION('',(1.,0.,0.));
#15326=DIRECTION('',(1.,0.,0.));
#15327=DIRECTION('',(0.,-1.,0.));
#15328=DIRECTION('',(0.,0.,-1.));
#15329=DIRECTION('',(-1.,0.,0.));
#15330=DIRECTION('',(0.,0.,1.));
#15331=DIRECTION('',(0.,1.,0.));
#15332=DIRECTION('',(0.,0.,1.));
#15333=DIRECTION('',(0.,1.,0.));
#15334=DIRECTION('',(-1.6940658945086E-16,0.,-1.));
#15335=DIRECTION('',(-1.,0.,1.6940658945086E-16));
#15336=DIRECTION('',(0.,1.,0.));
#15337=DIRECTION('',(-1.,0.,1.6940658945086E-16));
#15338=DIRECTION('',(1.,0.,0.));
#15339=DIRECTION('',(0.,0.,-1.));
#15340=DIRECTION('',(0.,1.,0.));
#15341=DIRECTION('',(0.,0.,-1.));
#15342=DIRECTION('',(2.03287907341032E-15,0.,1.));
#15343=DIRECTION('',(1.,0.,-2.03287907341032E-15));
#15344=DIRECTION('',(1.,0.,-2.03287907341032E-15));
#15345=DIRECTION('',(0.,-1.,0.));
#15346=DIRECTION('',(0.,0.,-1.));
#15347=DIRECTION('',(-1.,0.,0.));
#15348=DIRECTION('',(0.,0.,1.));
#15349=DIRECTION('',(0.,1.,0.));
#15350=DIRECTION('',(0.,0.,1.));
#15351=DIRECTION('',(0.,1.,0.));
#15352=DIRECTION('',(1.35525271560688E-15,0.,-1.));
#15353=DIRECTION('',(-1.,0.,-1.35525271560688E-15));
#15354=DIRECTION('',(0.,1.,0.));
#15355=DIRECTION('',(-1.,0.,-1.35525271560688E-15));
#15356=DIRECTION('',(1.,0.,0.));
#15357=DIRECTION('',(0.,0.,-1.));
#15358=DIRECTION('',(0.,1.,0.));
#15359=DIRECTION('',(0.,0.,-1.));
#15360=DIRECTION('',(0.,0.,1.));
#15361=DIRECTION('',(1.,0.,0.));
#15362=DIRECTION('',(1.,0.,0.));
#15363=DIRECTION('',(0.,-1.,0.));
#15364=DIRECTION('',(0.,0.,-1.));
#15365=DIRECTION('',(-1.,0.,0.));
#15366=DIRECTION('',(0.,0.,1.));
#15367=DIRECTION('',(0.,1.,0.));
#15368=DIRECTION('',(0.,0.,1.));
#15369=DIRECTION('',(0.,1.,0.));
#15370=DIRECTION('',(-1.6940658945086E-16,0.,-1.));
#15371=DIRECTION('',(-1.,0.,1.6940658945086E-16));
#15372=DIRECTION('',(0.,1.,0.));
#15373=DIRECTION('',(-1.,0.,1.6940658945086E-16));
#15374=DIRECTION('',(1.,0.,0.));
#15375=DIRECTION('',(0.,0.,-1.));
#15376=DIRECTION('',(0.,1.,0.));
#15377=DIRECTION('',(0.,0.,-1.));
#15378=DIRECTION('',(2.03287907341032E-15,0.,1.));
#15379=DIRECTION('',(1.,0.,-2.03287907341032E-15));
#15380=DIRECTION('',(1.,0.,-2.03287907341032E-15));
#15381=DIRECTION('',(0.,-1.,0.));
#15382=DIRECTION('',(0.,0.,-1.));
#15383=DIRECTION('',(-1.,0.,0.));
#15384=DIRECTION('',(0.,0.,1.));
#15385=DIRECTION('',(0.,1.,0.));
#15386=DIRECTION('',(0.,0.,1.));
#15387=DIRECTION('',(0.,1.,0.));
#15388=DIRECTION('',(1.35525271560688E-15,0.,-1.));
#15389=DIRECTION('',(-1.,0.,-1.35525271560688E-15));
#15390=DIRECTION('',(0.,1.,0.));
#15391=DIRECTION('',(-1.,0.,-1.35525271560688E-15));
#15392=DIRECTION('',(1.,0.,0.));
#15393=DIRECTION('',(0.,0.,-1.));
#15394=DIRECTION('',(0.,1.,0.));
#15395=DIRECTION('',(0.,0.,-1.));
#15396=DIRECTION('',(0.,0.,1.));
#15397=DIRECTION('',(1.,0.,0.));
#15398=DIRECTION('',(1.,0.,0.));
#15399=DIRECTION('',(0.,-1.,0.));
#15400=DIRECTION('',(0.,0.,-1.));
#15401=DIRECTION('',(-1.,0.,0.));
#15402=DIRECTION('',(0.,0.,1.));
#15403=DIRECTION('',(0.,1.,0.));
#15404=DIRECTION('',(0.,0.,1.));
#15405=DIRECTION('',(0.,1.,0.));
#15406=DIRECTION('',(-1.6940658945086E-16,0.,-1.));
#15407=DIRECTION('',(-1.,0.,1.6940658945086E-16));
#15408=DIRECTION('',(0.,1.,0.));
#15409=DIRECTION('',(-1.,0.,1.6940658945086E-16));
#15410=DIRECTION('',(1.,0.,0.));
#15411=DIRECTION('',(0.,0.,-1.));
#15412=DIRECTION('',(0.,1.,0.));
#15413=DIRECTION('',(0.,0.,-1.));
#15414=DIRECTION('',(2.03287907341032E-15,0.,1.));
#15415=DIRECTION('',(1.,0.,-2.03287907341032E-15));
#15416=DIRECTION('',(1.,0.,-2.03287907341032E-15));
#15417=DIRECTION('',(0.,-1.,0.));
#15418=DIRECTION('',(0.,0.,-1.));
#15419=CARTESIAN_POINT('',(0.,0.,0.));
#15420=CARTESIAN_POINT('',(0.,-0.038306090712,0.));
#15421=CARTESIAN_POINT('',(-0.02603543647,-0.038306090712,0.0051));
#15422=CARTESIAN_POINT('',(-0.00403543647000001,-0.038306090712,0.0051));
#15423=CARTESIAN_POINT('',(-0.02603543647,-0.038306090712,0.0051));
#15424=CARTESIAN_POINT('',(-0.02603543647,-0.038306090712,0.0051));
#15425=CARTESIAN_POINT('',(-0.02603543647,-0.038306090712,0.0063));
#15426=CARTESIAN_POINT('',(-0.03053543647,-0.038306090712,0.0063));
#15427=CARTESIAN_POINT('',(-0.03053543647,-0.038306090712,0.0063));
#15428=CARTESIAN_POINT('',(-0.03053543647,-0.038306090712,0.0051));
#15429=CARTESIAN_POINT('',(-0.03053543647,-0.038306090712,0.0051));
#15430=CARTESIAN_POINT('',(-0.05253543647,-0.038306090712,0.0051));
#15431=CARTESIAN_POINT('',(-0.05253543647,-0.038306090712,0.0051));
#15432=CARTESIAN_POINT('',(-0.05253543647,-0.038306090712,-0.0013));
#15433=CARTESIAN_POINT('',(-0.05253543647,-0.038306090712,-0.0013));
#15434=CARTESIAN_POINT('',(-0.05253543647,-0.038306090712,-0.0013));
#15435=CARTESIAN_POINT('',(-0.00403543647000001,-0.038306090712,-0.0013));
#15436=CARTESIAN_POINT('',(-0.00403543647000001,-0.038306090712,-0.0013));
#15437=CARTESIAN_POINT('',(-0.02860543647,-0.038306090712,0.00349));
#15438=CARTESIAN_POINT('',(-0.02796543647,-0.038306090712,0.00349));
#15439=CARTESIAN_POINT('',(-0.02860543647,-0.038306090712,0.00349));
#15440=CARTESIAN_POINT('',(-0.02796543647,-0.038306090712,0.00349));
#15441=CARTESIAN_POINT('',(-0.02796543647,-0.038306090712,0.00285));
#15442=CARTESIAN_POINT('',(-0.02860543647,-0.038306090712,0.00285));
#15443=CARTESIAN_POINT('',(-0.02860543647,-0.038306090712,0.00285));
#15444=CARTESIAN_POINT('',(-0.02860543647,-0.038306090712,0.00349));
#15445=CARTESIAN_POINT('',(-0.02860543647,-0.038306090712,0.00095));
#15446=CARTESIAN_POINT('',(-0.02796543647,-0.038306090712,0.00095));
#15447=CARTESIAN_POINT('',(-0.02860543647,-0.038306090712,0.00095));
#15448=CARTESIAN_POINT('',(-0.02796543647,-0.038306090712,0.00095));
#15449=CARTESIAN_POINT('',(-0.02796543647,-0.038306090712,0.00031));
#15450=CARTESIAN_POINT('',(-0.02860543647,-0.038306090712,0.00031));
#15451=CARTESIAN_POINT('',(-0.02860543647,-0.038306090712,0.00031));
#15452=CARTESIAN_POINT('',(-0.02860543647,-0.038306090712,0.00095));
#15453=CARTESIAN_POINT('',(-0.02606543647,-0.038306090712,0.00349));
#15454=CARTESIAN_POINT('',(-0.02542543647,-0.038306090712,0.00349));
#15455=CARTESIAN_POINT('',(-0.02606543647,-0.038306090712,0.00349));
#15456=CARTESIAN_POINT('',(-0.02542543647,-0.038306090712,0.00349));
#15457=CARTESIAN_POINT('',(-0.02542543647,-0.038306090712,0.00285));
#15458=CARTESIAN_POINT('',(-0.02606543647,-0.038306090712,0.00285));
#15459=CARTESIAN_POINT('',(-0.02606543647,-0.038306090712,0.00285));
#15460=CARTESIAN_POINT('',(-0.02606543647,-0.038306090712,0.00349));
#15461=CARTESIAN_POINT('',(-0.02606543647,-0.038306090712,0.00095));
#15462=CARTESIAN_POINT('',(-0.02542543647,-0.038306090712,0.00095));
#15463=CARTESIAN_POINT('',(-0.02606543647,-0.038306090712,0.00095));
#15464=CARTESIAN_POINT('',(-0.02542543647,-0.038306090712,0.00095));
#15465=CARTESIAN_POINT('',(-0.02542543647,-0.038306090712,0.00031));
#15466=CARTESIAN_POINT('',(-0.02606543647,-0.038306090712,0.00031));
#15467=CARTESIAN_POINT('',(-0.02606543647,-0.038306090712,0.00031));
#15468=CARTESIAN_POINT('',(-0.02606543647,-0.038306090712,0.00095));
#15469=CARTESIAN_POINT('',(-0.02352543647,-0.038306090712,0.00349));
#15470=CARTESIAN_POINT('',(-0.02288543647,-0.038306090712,0.00349));
#15471=CARTESIAN_POINT('',(-0.02352543647,-0.038306090712,0.00349));
#15472=CARTESIAN_POINT('',(-0.02288543647,-0.038306090712,0.00349));
#15473=CARTESIAN_POINT('',(-0.02288543647,-0.038306090712,0.00285));
#15474=CARTESIAN_POINT('',(-0.02352543647,-0.038306090712,0.00285));
#15475=CARTESIAN_POINT('',(-0.02352543647,-0.038306090712,0.00285));
#15476=CARTESIAN_POINT('',(-0.02352543647,-0.038306090712,0.00349));
#15477=CARTESIAN_POINT('',(-0.02352543647,-0.038306090712,0.00095));
#15478=CARTESIAN_POINT('',(-0.02288543647,-0.038306090712,0.00095));
#15479=CARTESIAN_POINT('',(-0.02352543647,-0.038306090712,0.00095));
#15480=CARTESIAN_POINT('',(-0.02288543647,-0.038306090712,0.00095));
#15481=CARTESIAN_POINT('',(-0.02288543647,-0.038306090712,0.00031));
#15482=CARTESIAN_POINT('',(-0.02352543647,-0.038306090712,0.00031));
#15483=CARTESIAN_POINT('',(-0.02352543647,-0.038306090712,0.00031));
#15484=CARTESIAN_POINT('',(-0.02352543647,-0.038306090712,0.00095));
#15485=CARTESIAN_POINT('',(-0.02098543647,-0.038306090712,0.00349));
#15486=CARTESIAN_POINT('',(-0.02034543647,-0.038306090712,0.00349));
#15487=CARTESIAN_POINT('',(-0.02098543647,-0.038306090712,0.00349));
#15488=CARTESIAN_POINT('',(-0.02034543647,-0.038306090712,0.00349));
#15489=CARTESIAN_POINT('',(-0.02034543647,-0.038306090712,0.00285));
#15490=CARTESIAN_POINT('',(-0.02098543647,-0.038306090712,0.00285));
#15491=CARTESIAN_POINT('',(-0.02098543647,-0.038306090712,0.00285));
#15492=CARTESIAN_POINT('',(-0.02098543647,-0.038306090712,0.00349));
#15493=CARTESIAN_POINT('',(-0.02098543647,-0.038306090712,0.00095));
#15494=CARTESIAN_POINT('',(-0.02034543647,-0.038306090712,0.00095));
#15495=CARTESIAN_POINT('',(-0.02098543647,-0.038306090712,0.00095));
#15496=CARTESIAN_POINT('',(-0.02034543647,-0.038306090712,0.00095));
#15497=CARTESIAN_POINT('',(-0.02034543647,-0.038306090712,0.00031));
#15498=CARTESIAN_POINT('',(-0.02098543647,-0.038306090712,0.00031));
#15499=CARTESIAN_POINT('',(-0.02098543647,-0.038306090712,0.00031));
#15500=CARTESIAN_POINT('',(-0.02098543647,-0.038306090712,0.00095));
#15501=CARTESIAN_POINT('',(-0.01844543647,-0.038306090712,0.00349));
#15502=CARTESIAN_POINT('',(-0.01780543647,-0.038306090712,0.00349));
#15503=CARTESIAN_POINT('',(-0.01844543647,-0.038306090712,0.00349));
#15504=CARTESIAN_POINT('',(-0.01780543647,-0.038306090712,0.00349));
#15505=CARTESIAN_POINT('',(-0.01780543647,-0.038306090712,0.00285));
#15506=CARTESIAN_POINT('',(-0.01844543647,-0.038306090712,0.00285));
#15507=CARTESIAN_POINT('',(-0.01844543647,-0.038306090712,0.00285));
#15508=CARTESIAN_POINT('',(-0.01844543647,-0.038306090712,0.00349));
#15509=CARTESIAN_POINT('',(-0.01844543647,-0.038306090712,0.00095));
#15510=CARTESIAN_POINT('',(-0.01780543647,-0.038306090712,0.00095));
#15511=CARTESIAN_POINT('',(-0.01844543647,-0.038306090712,0.00095));
#15512=CARTESIAN_POINT('',(-0.01780543647,-0.038306090712,0.00095));
#15513=CARTESIAN_POINT('',(-0.01780543647,-0.038306090712,0.00031));
#15514=CARTESIAN_POINT('',(-0.01844543647,-0.038306090712,0.00031));
#15515=CARTESIAN_POINT('',(-0.01844543647,-0.038306090712,0.00031));
#15516=CARTESIAN_POINT('',(-0.01844543647,-0.038306090712,0.00095));
#15517=CARTESIAN_POINT('',(-0.01590543647,-0.038306090712,0.00349));
#15518=CARTESIAN_POINT('',(-0.01526543647,-0.038306090712,0.00349));
#15519=CARTESIAN_POINT('',(-0.01590543647,-0.038306090712,0.00349));
#15520=CARTESIAN_POINT('',(-0.01526543647,-0.038306090712,0.00349));
#15521=CARTESIAN_POINT('',(-0.01526543647,-0.038306090712,0.00285));
#15522=CARTESIAN_POINT('',(-0.01590543647,-0.038306090712,0.00285));
#15523=CARTESIAN_POINT('',(-0.01590543647,-0.038306090712,0.00285));
#15524=CARTESIAN_POINT('',(-0.01590543647,-0.038306090712,0.00349));
#15525=CARTESIAN_POINT('',(-0.01590543647,-0.038306090712,0.00095));
#15526=CARTESIAN_POINT('',(-0.01526543647,-0.038306090712,0.00095));
#15527=CARTESIAN_POINT('',(-0.01590543647,-0.038306090712,0.00095));
#15528=CARTESIAN_POINT('',(-0.01526543647,-0.038306090712,0.00095));
#15529=CARTESIAN_POINT('',(-0.01526543647,-0.038306090712,0.00031));
#15530=CARTESIAN_POINT('',(-0.01590543647,-0.038306090712,0.00031));
#15531=CARTESIAN_POINT('',(-0.01590543647,-0.038306090712,0.00031));
#15532=CARTESIAN_POINT('',(-0.01590543647,-0.038306090712,0.00095));
#15533=CARTESIAN_POINT('',(-0.01336543647,-0.038306090712,0.00349));
#15534=CARTESIAN_POINT('',(-0.01272543647,-0.038306090712,0.00349));
#15535=CARTESIAN_POINT('',(-0.01336543647,-0.038306090712,0.00349));
#15536=CARTESIAN_POINT('',(-0.01272543647,-0.038306090712,0.00349));
#15537=CARTESIAN_POINT('',(-0.01272543647,-0.038306090712,0.00285));
#15538=CARTESIAN_POINT('',(-0.01336543647,-0.038306090712,0.00285));
#15539=CARTESIAN_POINT('',(-0.01336543647,-0.038306090712,0.00285));
#15540=CARTESIAN_POINT('',(-0.01336543647,-0.038306090712,0.00349));
#15541=CARTESIAN_POINT('',(-0.01336543647,-0.038306090712,0.00095));
#15542=CARTESIAN_POINT('',(-0.01272543647,-0.038306090712,0.00095));
#15543=CARTESIAN_POINT('',(-0.01336543647,-0.038306090712,0.00095));
#15544=CARTESIAN_POINT('',(-0.01272543647,-0.038306090712,0.00095));
#15545=CARTESIAN_POINT('',(-0.01272543647,-0.038306090712,0.00031));
#15546=CARTESIAN_POINT('',(-0.01336543647,-0.038306090712,0.00031));
#15547=CARTESIAN_POINT('',(-0.01336543647,-0.038306090712,0.00031));
#15548=CARTESIAN_POINT('',(-0.01336543647,-0.038306090712,0.00095));
#15549=CARTESIAN_POINT('',(-0.01082543647,-0.038306090712,0.00349));
#15550=CARTESIAN_POINT('',(-0.01018543647,-0.038306090712,0.00349));
#15551=CARTESIAN_POINT('',(-0.01082543647,-0.038306090712,0.00349));
#15552=CARTESIAN_POINT('',(-0.01018543647,-0.038306090712,0.00349));
#15553=CARTESIAN_POINT('',(-0.01018543647,-0.038306090712,0.00285));
#15554=CARTESIAN_POINT('',(-0.01082543647,-0.038306090712,0.00285));
#15555=CARTESIAN_POINT('',(-0.01082543647,-0.038306090712,0.00285));
#15556=CARTESIAN_POINT('',(-0.01082543647,-0.038306090712,0.00349));
#15557=CARTESIAN_POINT('',(-0.01082543647,-0.038306090712,0.00095));
#15558=CARTESIAN_POINT('',(-0.01018543647,-0.038306090712,0.00095));
#15559=CARTESIAN_POINT('',(-0.01082543647,-0.038306090712,0.00095));
#15560=CARTESIAN_POINT('',(-0.01018543647,-0.038306090712,0.00095));
#15561=CARTESIAN_POINT('',(-0.01018543647,-0.038306090712,0.00031));
#15562=CARTESIAN_POINT('',(-0.01082543647,-0.038306090712,0.00031));
#15563=CARTESIAN_POINT('',(-0.01082543647,-0.038306090712,0.00031));
#15564=CARTESIAN_POINT('',(-0.01082543647,-0.038306090712,0.00095));
#15565=CARTESIAN_POINT('',(-0.00828543647000001,-0.038306090712,0.00349));
#15566=CARTESIAN_POINT('',(-0.00764543647000001,-0.038306090712,0.00349));
#15567=CARTESIAN_POINT('',(-0.00828543647000001,-0.038306090712,0.00349));
#15568=CARTESIAN_POINT('',(-0.00764543647000001,-0.038306090712,0.00349));
#15569=CARTESIAN_POINT('',(-0.00764543647000001,-0.038306090712,0.00285));
#15570=CARTESIAN_POINT('',(-0.00828543647000001,-0.038306090712,0.00285));
#15571=CARTESIAN_POINT('',(-0.00828543647000001,-0.038306090712,0.00285));
#15572=CARTESIAN_POINT('',(-0.00828543647000001,-0.038306090712,0.00349));
#15573=CARTESIAN_POINT('',(-0.00828543647000001,-0.038306090712,0.00095));
#15574=CARTESIAN_POINT('',(-0.00764543647000001,-0.038306090712,0.00095));
#15575=CARTESIAN_POINT('',(-0.00828543647000001,-0.038306090712,0.00095));
#15576=CARTESIAN_POINT('',(-0.00764543647000001,-0.038306090712,0.00095));
#15577=CARTESIAN_POINT('',(-0.00764543647000001,-0.038306090712,0.00031));
#15578=CARTESIAN_POINT('',(-0.00828543647000001,-0.038306090712,0.00031));
#15579=CARTESIAN_POINT('',(-0.00828543647000001,-0.038306090712,0.00031));
#15580=CARTESIAN_POINT('',(-0.00828543647000001,-0.038306090712,0.00095));
#15581=CARTESIAN_POINT('',(-0.03114543647,-0.038306090712,0.00349));
#15582=CARTESIAN_POINT('',(-0.03050543647,-0.038306090712,0.00349));
#15583=CARTESIAN_POINT('',(-0.03114543647,-0.038306090712,0.00349));
#15584=CARTESIAN_POINT('',(-0.03050543647,-0.038306090712,0.00349));
#15585=CARTESIAN_POINT('',(-0.03050543647,-0.038306090712,0.00285));
#15586=CARTESIAN_POINT('',(-0.03114543647,-0.038306090712,0.00285));
#15587=CARTESIAN_POINT('',(-0.03114543647,-0.038306090712,0.00285));
#15588=CARTESIAN_POINT('',(-0.03114543647,-0.038306090712,0.00349));
#15589=CARTESIAN_POINT('',(-0.03114543647,-0.038306090712,0.000949999999999983));
#15590=CARTESIAN_POINT('',(-0.03050543647,-0.038306090712,0.000949999999999985));
#15591=CARTESIAN_POINT('',(-0.03114543647,-0.038306090712,0.000949999999999983));
#15592=CARTESIAN_POINT('',(-0.03050543647,-0.038306090712,0.000949999999999985));
#15593=CARTESIAN_POINT('',(-0.03050543647,-0.038306090712,0.000309999999999984));
#15594=CARTESIAN_POINT('',(-0.03114543647,-0.038306090712,0.000309999999999984));
#15595=CARTESIAN_POINT('',(-0.03114543647,-0.038306090712,0.000309999999999984));
#15596=CARTESIAN_POINT('',(-0.03114543647,-0.038306090712,0.000949999999999983));
#15597=CARTESIAN_POINT('',(-0.03368543647,-0.038306090712,0.00349));
#15598=CARTESIAN_POINT('',(-0.03304543647,-0.038306090712,0.00349));
#15599=CARTESIAN_POINT('',(-0.03368543647,-0.038306090712,0.00349));
#15600=CARTESIAN_POINT('',(-0.03304543647,-0.038306090712,0.00349));
#15601=CARTESIAN_POINT('',(-0.03304543647,-0.038306090712,0.00285));
#15602=CARTESIAN_POINT('',(-0.03368543647,-0.038306090712,0.00285));
#15603=CARTESIAN_POINT('',(-0.03368543647,-0.038306090712,0.00285));
#15604=CARTESIAN_POINT('',(-0.03368543647,-0.038306090712,0.00349));
#15605=CARTESIAN_POINT('',(-0.03368543647,-0.038306090712,0.000949999999999966));
#15606=CARTESIAN_POINT('',(-0.03304543647,-0.038306090712,0.000949999999999967));
#15607=CARTESIAN_POINT('',(-0.03368543647,-0.038306090712,0.000949999999999966));
#15608=CARTESIAN_POINT('',(-0.03304543647,-0.038306090712,0.000949999999999967));
#15609=CARTESIAN_POINT('',(-0.03304543647,-0.038306090712,0.000309999999999967));
#15610=CARTESIAN_POINT('',(-0.03368543647,-0.038306090712,0.000309999999999967));
#15611=CARTESIAN_POINT('',(-0.03368543647,-0.038306090712,0.000309999999999967));
#15612=CARTESIAN_POINT('',(-0.03368543647,-0.038306090712,0.000949999999999966));
#15613=CARTESIAN_POINT('',(-0.03622543647,-0.038306090712,0.00348999999999995));
#15614=CARTESIAN_POINT('',(-0.03558543647,-0.038306090712,0.00348999999999995));
#15615=CARTESIAN_POINT('',(-0.03622543647,-0.038306090712,0.00348999999999995));
#15616=CARTESIAN_POINT('',(-0.03558543647,-0.038306090712,0.00348999999999995));
#15617=CARTESIAN_POINT('',(-0.03558543647,-0.038306090712,0.00284999999999995));
#15618=CARTESIAN_POINT('',(-0.03622543647,-0.038306090712,0.00284999999999995));
#15619=CARTESIAN_POINT('',(-0.03622543647,-0.038306090712,0.00284999999999995));
#15620=CARTESIAN_POINT('',(-0.03622543647,-0.038306090712,0.00348999999999995));
#15621=CARTESIAN_POINT('',(-0.03622543647,-0.038306090712,0.000949999999999948));
#15622=CARTESIAN_POINT('',(-0.03558543647,-0.038306090712,0.000949999999999949));
#15623=CARTESIAN_POINT('',(-0.03622543647,-0.038306090712,0.000949999999999948));
#15624=CARTESIAN_POINT('',(-0.03558543647,-0.038306090712,0.000949999999999949));
#15625=CARTESIAN_POINT('',(-0.03558543647,-0.038306090712,0.000309999999999949));
#15626=CARTESIAN_POINT('',(-0.03622543647,-0.038306090712,0.000309999999999949));
#15627=CARTESIAN_POINT('',(-0.03622543647,-0.038306090712,0.000309999999999949));
#15628=CARTESIAN_POINT('',(-0.03622543647,-0.038306090712,0.000949999999999948));
#15629=CARTESIAN_POINT('',(-0.03876543647,-0.038306090712,0.00348999999999993));
#15630=CARTESIAN_POINT('',(-0.03812543647,-0.038306090712,0.00348999999999993));
#15631=CARTESIAN_POINT('',(-0.03876543647,-0.038306090712,0.00348999999999993));
#15632=CARTESIAN_POINT('',(-0.03812543647,-0.038306090712,0.00348999999999993));
#15633=CARTESIAN_POINT('',(-0.03812543647,-0.038306090712,0.00284999999999993));
#15634=CARTESIAN_POINT('',(-0.03876543647,-0.038306090712,0.00284999999999993));
#15635=CARTESIAN_POINT('',(-0.03876543647,-0.038306090712,0.00284999999999993));
#15636=CARTESIAN_POINT('',(-0.03876543647,-0.038306090712,0.00348999999999993));
#15637=CARTESIAN_POINT('',(-0.03876543647,-0.038306090712,0.00094999999999993));
#15638=CARTESIAN_POINT('',(-0.03812543647,-0.038306090712,0.000949999999999932));
#15639=CARTESIAN_POINT('',(-0.03876543647,-0.038306090712,0.00094999999999993));
#15640=CARTESIAN_POINT('',(-0.03812543647,-0.038306090712,0.000949999999999932));
#15641=CARTESIAN_POINT('',(-0.03812543647,-0.038306090712,0.000309999999999931));
#15642=CARTESIAN_POINT('',(-0.03876543647,-0.038306090712,0.000309999999999931));
#15643=CARTESIAN_POINT('',(-0.03876543647,-0.038306090712,0.000309999999999931));
#15644=CARTESIAN_POINT('',(-0.03876543647,-0.038306090712,0.00094999999999993));
#15645=CARTESIAN_POINT('',(-0.04130543647,-0.038306090712,0.00348999999999991));
#15646=CARTESIAN_POINT('',(-0.04066543647,-0.038306090712,0.00348999999999991));
#15647=CARTESIAN_POINT('',(-0.04130543647,-0.038306090712,0.00348999999999991));
#15648=CARTESIAN_POINT('',(-0.04066543647,-0.038306090712,0.00348999999999991));
#15649=CARTESIAN_POINT('',(-0.04066543647,-0.038306090712,0.00284999999999991));
#15650=CARTESIAN_POINT('',(-0.04130543647,-0.038306090712,0.00284999999999992));
#15651=CARTESIAN_POINT('',(-0.04130543647,-0.038306090712,0.00284999999999992));
#15652=CARTESIAN_POINT('',(-0.04130543647,-0.038306090712,0.00348999999999991));
#15653=CARTESIAN_POINT('',(-0.04130543647,-0.038306090712,0.000949999999999913));
#15654=CARTESIAN_POINT('',(-0.04066543647,-0.038306090712,0.000949999999999914));
#15655=CARTESIAN_POINT('',(-0.04130543647,-0.038306090712,0.000949999999999913));
#15656=CARTESIAN_POINT('',(-0.04066543647,-0.038306090712,0.000949999999999914));
#15657=CARTESIAN_POINT('',(-0.04066543647,-0.038306090712,0.000309999999999914));
#15658=CARTESIAN_POINT('',(-0.04130543647,-0.038306090712,0.000309999999999913));
#15659=CARTESIAN_POINT('',(-0.04130543647,-0.038306090712,0.000309999999999913));
#15660=CARTESIAN_POINT('',(-0.04130543647,-0.038306090712,0.000949999999999913));
#15661=CARTESIAN_POINT('',(-0.04384543647,-0.038306090712,0.0034899999999999));
#15662=CARTESIAN_POINT('',(-0.04320543647,-0.038306090712,0.0034899999999999));
#15663=CARTESIAN_POINT('',(-0.04384543647,-0.038306090712,0.0034899999999999));
#15664=CARTESIAN_POINT('',(-0.04320543647,-0.038306090712,0.0034899999999999));
#15665=CARTESIAN_POINT('',(-0.04320543647,-0.038306090712,0.0028499999999999));
#15666=CARTESIAN_POINT('',(-0.04384543647,-0.038306090712,0.0028499999999999));
#15667=CARTESIAN_POINT('',(-0.04384543647,-0.038306090712,0.0028499999999999));
#15668=CARTESIAN_POINT('',(-0.04384543647,-0.038306090712,0.0034899999999999));
#15669=CARTESIAN_POINT('',(-0.04384543647,-0.038306090712,0.000949999999999895));
#15670=CARTESIAN_POINT('',(-0.04320543647,-0.038306090712,0.000949999999999896));
#15671=CARTESIAN_POINT('',(-0.04384543647,-0.038306090712,0.000949999999999895));
#15672=CARTESIAN_POINT('',(-0.04320543647,-0.038306090712,0.000949999999999896));
#15673=CARTESIAN_POINT('',(-0.04320543647,-0.038306090712,0.000309999999999896));
#15674=CARTESIAN_POINT('',(-0.04384543647,-0.038306090712,0.000309999999999896));
#15675=CARTESIAN_POINT('',(-0.04384543647,-0.038306090712,0.000309999999999896));
#15676=CARTESIAN_POINT('',(-0.04384543647,-0.038306090712,0.000949999999999895));
#15677=CARTESIAN_POINT('',(-0.04638543647,-0.038306090712,0.00348999999999988));
#15678=CARTESIAN_POINT('',(-0.04574543647,-0.038306090712,0.00348999999999988));
#15679=CARTESIAN_POINT('',(-0.04638543647,-0.038306090712,0.00348999999999988));
#15680=CARTESIAN_POINT('',(-0.04574543647,-0.038306090712,0.00348999999999988));
#15681=CARTESIAN_POINT('',(-0.04574543647,-0.038306090712,0.00284999999999988));
#15682=CARTESIAN_POINT('',(-0.04638543647,-0.038306090712,0.00284999999999988));
#15683=CARTESIAN_POINT('',(-0.04638543647,-0.038306090712,0.00284999999999988));
#15684=CARTESIAN_POINT('',(-0.04638543647,-0.038306090712,0.00348999999999988));
#15685=CARTESIAN_POINT('',(-0.04638543647,-0.038306090712,0.000949999999999877));
#15686=CARTESIAN_POINT('',(-0.04574543647,-0.038306090712,0.000949999999999878));
#15687=CARTESIAN_POINT('',(-0.04638543647,-0.038306090712,0.000949999999999877));
#15688=CARTESIAN_POINT('',(-0.04574543647,-0.038306090712,0.000949999999999878));
#15689=CARTESIAN_POINT('',(-0.04574543647,-0.038306090712,0.000309999999999878));
#15690=CARTESIAN_POINT('',(-0.04638543647,-0.038306090712,0.000309999999999878));
#15691=CARTESIAN_POINT('',(-0.04638543647,-0.038306090712,0.000309999999999878));
#15692=CARTESIAN_POINT('',(-0.04638543647,-0.038306090712,0.000949999999999877));
#15693=CARTESIAN_POINT('',(-0.04892543647,-0.038306090712,0.00348999999999986));
#15694=CARTESIAN_POINT('',(-0.04828543647,-0.038306090712,0.00348999999999986));
#15695=CARTESIAN_POINT('',(-0.04892543647,-0.038306090712,0.00348999999999986));
#15696=CARTESIAN_POINT('',(-0.04828543647,-0.038306090712,0.00348999999999986));
#15697=CARTESIAN_POINT('',(-0.04828543647,-0.038306090712,0.00284999999999986));
#15698=CARTESIAN_POINT('',(-0.04892543647,-0.038306090712,0.00284999999999986));
#15699=CARTESIAN_POINT('',(-0.04892543647,-0.038306090712,0.00284999999999986));
#15700=CARTESIAN_POINT('',(-0.04892543647,-0.038306090712,0.00348999999999986));
#15701=CARTESIAN_POINT('',(-0.04892543647,-0.038306090712,0.000949999999999859));
#15702=CARTESIAN_POINT('',(-0.04828543647,-0.038306090712,0.000949999999999861));
#15703=CARTESIAN_POINT('',(-0.04892543647,-0.038306090712,0.000949999999999859));
#15704=CARTESIAN_POINT('',(-0.04828543647,-0.038306090712,0.000949999999999861));
#15705=CARTESIAN_POINT('',(-0.04828543647,-0.038306090712,0.00030999999999986));
#15706=CARTESIAN_POINT('',(-0.04892543647,-0.038306090712,0.00030999999999986));
#15707=CARTESIAN_POINT('',(-0.04892543647,-0.038306090712,0.00030999999999986));
#15708=CARTESIAN_POINT('',(-0.04892543647,-0.038306090712,0.000949999999999859));
#15709=CARTESIAN_POINT('',(0.00346456352999999,-0.044556090712,0.0063));
#15710=CARTESIAN_POINT('',(0.00346456352999999,-0.044556090712,0.0063));
#15711=CARTESIAN_POINT('',(0.02661456353,-0.044556090712,0.0063));
#15712=CARTESIAN_POINT('',(0.00346456352999999,-0.044556090712,0.0063));
#15713=CARTESIAN_POINT('',(0.02661456353,-0.038306090712,0.0063));
#15714=CARTESIAN_POINT('',(0.02661456353,-0.044306090712,0.0063));
#15715=CARTESIAN_POINT('',(0.00346456352999999,-0.044306090712,0.0063));
#15716=CARTESIAN_POINT('',(0.00346456352999998,-0.044306090712,0.0063));
#15717=CARTESIAN_POINT('',(0.00346456352999999,-0.044556090712,0.0063));
#15718=CARTESIAN_POINT('',(-0.05368543647,-0.044556090712,0.0063));
#15719=CARTESIAN_POINT('',(-0.05368543647,-0.044556090712,0.0063));
#15720=CARTESIAN_POINT('',(-0.03053543647,-0.044556090712,0.0063));
#15721=CARTESIAN_POINT('',(-0.05368543647,-0.044556090712,0.0063));
#15722=CARTESIAN_POINT('',(-0.03053543647,-0.038306090712,0.0063));
#15723=CARTESIAN_POINT('',(-0.03053543647,-0.044306090712,0.0063));
#15724=CARTESIAN_POINT('',(-0.05368543647,-0.044306090712,0.0063));
#15725=CARTESIAN_POINT('',(-0.05368543647,-0.044306090712,0.0063));
#15726=CARTESIAN_POINT('',(-0.05368543647,-0.044556090712,0.0063));
#15727=CARTESIAN_POINT('',(-0.06802343647,-0.044306090712,0.01207135));
#15728=CARTESIAN_POINT('',(-0.00288543647000002,-0.044306090712,-0.0025));
#15729=CARTESIAN_POINT('',(-0.00288543647000002,-0.044306090712,-0.0025));
#15730=CARTESIAN_POINT('',(-0.00288543647000002,-0.044306090712,0.0063));
#15731=CARTESIAN_POINT('',(-0.05368543647,-0.044306090712,-0.0025));
#15732=CARTESIAN_POINT('',(-0.05368543647,-0.044306090712,-0.0025));
#15733=CARTESIAN_POINT('',(-0.05368543647,-0.044306090712,-0.0025));
#15734=CARTESIAN_POINT('',(-0.06802343647,-0.044306090712,0.0063));
#15735=CARTESIAN_POINT('',(-0.02603543647,-0.044306090712,0.0063));
#15736=CARTESIAN_POINT('',(-0.05368543647,-0.044306090712,0.0063));
#15737=CARTESIAN_POINT('',(-0.06003520124,-0.044306090712,0.01207135));
#15738=CARTESIAN_POINT('',(-0.06003520124,-0.044306090712,0.00883845781200001));
#15739=CARTESIAN_POINT('',(-0.06003520124,-0.044306090712,-0.00883845781200001));
#15740=CARTESIAN_POINT('',(0.06003520124,-0.044306090712,-0.00883845781200001));
#15741=CARTESIAN_POINT('',(0.06003520124,-0.044306090712,-0.00883845781200001));
#15742=CARTESIAN_POINT('',(0.06003520124,-0.044306090712,0.01207135));
#15743=CARTESIAN_POINT('',(0.06003520124,-0.044306090712,0.00883845781200001));
#15744=CARTESIAN_POINT('',(-0.06802343647,-0.044306090712,0.00883845781200001));
#15745=CARTESIAN_POINT('',(0.05426456353,-0.044306090712,-0.0025));
#15746=CARTESIAN_POINT('',(0.05426456353,-0.044306090712,-0.0025));
#15747=CARTESIAN_POINT('',(0.05426456353,-0.044306090712,0.0063));
#15748=CARTESIAN_POINT('',(0.00346456352999999,-0.044306090712,-0.0025));
#15749=CARTESIAN_POINT('',(0.00346456352999999,-0.044306090712,-0.0025));
#15750=CARTESIAN_POINT('',(0.00346456352999999,-0.044306090712,-0.0025));
#15751=CARTESIAN_POINT('',(-0.06802343647,-0.044306090712,0.0063));
#15752=CARTESIAN_POINT('',(0.03111456353,-0.044306090712,0.0063));
#15753=CARTESIAN_POINT('',(0.00346456352999999,-0.044306090712,0.0063));
#15754=CARTESIAN_POINT('',(-0.06802343647,-0.044306090712,0.01207135));
#15755=CARTESIAN_POINT('',(-0.06802343647,-0.023606090712,3.46944695195362E-18));
#15756=CARTESIAN_POINT('',(-0.06802343647,-0.023606090712,0.001778));
#15757=CARTESIAN_POINT('',(-0.06802343647,0.036317855482,0.01207135));
#15758=CARTESIAN_POINT('',(-0.06802343647,0.036317855482,0.00883845781200001));
#15759=CARTESIAN_POINT('',(-0.06802343647,0.036317855482,-0.00883845781200001));
#15760=CARTESIAN_POINT('',(-0.06802343647,-0.036317855482,-0.00883845781200001));
#15761=CARTESIAN_POINT('',(-0.06802343647,-0.036317855482,-0.00883845781200001));
#15762=CARTESIAN_POINT('',(-0.06802343647,-0.036317855482,0.01207135));
#15763=CARTESIAN_POINT('',(-0.06802343647,-0.036317855482,0.00883845781200001));
#15764=CARTESIAN_POINT('',(-0.06802343647,-0.044306090712,0.00883845781200001));
#15765=CARTESIAN_POINT('',(-0.06802343647,0.025970090712,-0.00283591));
#15766=CARTESIAN_POINT('',(-0.06802343647,0.025970090712,0.00283591));
#15767=CARTESIAN_POINT('',(-0.06802343647,0.025970090712,-0.00283591));
#15768=CARTESIAN_POINT('',(-0.06802343647,0.025970090712,0.00283591));
#15769=CARTESIAN_POINT('',(-0.06802343647,0.013410090712,0.00283591));
#15770=CARTESIAN_POINT('',(-0.06802343647,0.013410090712,-0.00283591));
#15771=CARTESIAN_POINT('',(-0.06802343647,0.013410090712,-0.00283591));
#15772=CARTESIAN_POINT('',(-0.06802343647,0.025970090712,-0.00283591));
#15773=CARTESIAN_POINT('',(-0.06802343647,-0.00203390928799999,0.00559689));
#15774=CARTESIAN_POINT('',(-0.06802343647,-0.00203390928799999,-0.00283591));
#15775=CARTESIAN_POINT('',(-0.06802343647,-0.00203390928799999,0.00341029));
#15776=CARTESIAN_POINT('',(-0.06802343647,0.00726609071200001,-0.00283591));
#15777=CARTESIAN_POINT('',(-0.06802343647,0.00726609071200001,-0.00283591));
#15778=CARTESIAN_POINT('',(-0.06802343647,0.00726609071200001,0.00559689));
#15779=CARTESIAN_POINT('',(-0.06802343647,0.00726609071200001,0.00341029));
#15780=CARTESIAN_POINT('',(-0.06802343647,-0.0228505299999997,0.033526910712));
#15781=CARTESIAN_POINT('',(-0.06802343647,0.00507949071200004,0.00559689));
#15782=CARTESIAN_POINT('',(-0.06802343647,0.00726609071200001,0.00559689));
#15783=CARTESIAN_POINT('',(-0.06802343647,0.000152690712000006,0.00559689));
#15784=CARTESIAN_POINT('',(-0.06802343647,-0.0188394700000003,-0.013395270712));
#15785=CARTESIAN_POINT('',(-0.06802343647,-0.00782609071199998,-0.003999992));
#15786=CARTESIAN_POINT('',(-0.06802343647,-0.00782609071199998,-0.003999992));
#15787=CARTESIAN_POINT('',(-0.06802343647,-0.016826090712,-0.003999992));
#15788=CARTESIAN_POINT('',(-0.06802343647,-0.00782609071199998,0.007000008));
#15789=CARTESIAN_POINT('',(-0.06802343647,-0.00782609071199998,0.007000008));
#15790=CARTESIAN_POINT('',(-0.06802343647,-0.00782609071199998,0.007000008));
#15791=CARTESIAN_POINT('',(-0.06802343647,-0.016826090712,0.007000008));
#15792=CARTESIAN_POINT('',(-0.06802343647,-0.016826090712,0.007000008));
#15793=CARTESIAN_POINT('',(0.,0.037556090712,0.));
#15794=CARTESIAN_POINT('',(-0.0519465635300001,0.037556090712,0.00178200000000051));
#15795=CARTESIAN_POINT('',(-0.0519465635300001,0.037556090712,-0.00273799999999949));
#15796=CARTESIAN_POINT('',(-0.0519465635300001,0.037556090712,0.00178200000000051));
#15797=CARTESIAN_POINT('',(-0.0519465635300001,0.037556090712,0.00178200000000051));
#15798=CARTESIAN_POINT('',(-0.04886656353,0.037556090712,0.00178200000000051));
#15799=CARTESIAN_POINT('',(-0.04886656353,0.037556090712,0.00178200000000051));
#15800=CARTESIAN_POINT('',(-0.04886656353,0.037556090712,-0.00273799999999949));
#15801=CARTESIAN_POINT('',(-0.0519465635300001,0.037556090712,-0.00273799999999949));
#15802=CARTESIAN_POINT('',(-0.05080656353,0.037556090712,-0.000878));
#15803=CARTESIAN_POINT('',(-0.05080656353,0.037556090712,-0.000878));
#15804=CARTESIAN_POINT('',(-0.05080656353,0.037556090712,-7.80000000000518E-5));
#15805=CARTESIAN_POINT('',(-0.05000656353,0.037556090712,-0.000878000000000048));
#15806=CARTESIAN_POINT('',(-0.05000656353,0.037556090712,-0.000878000000000048));
#15807=CARTESIAN_POINT('',(-0.05000656353,0.037556090712,-0.000878000000000048));
#15808=CARTESIAN_POINT('',(-0.05000656353,0.037556090712,-7.79999999999953E-5));
#15809=CARTESIAN_POINT('',(-0.05000656353,0.037556090712,-7.79999999999953E-5));
#15810=CARTESIAN_POINT('',(0.,0.037556090712,0.));
#15811=CARTESIAN_POINT('',(-0.0481365635300001,0.037556090712,0.00178200000000048));
#15812=CARTESIAN_POINT('',(-0.0481365635300001,0.037556090712,-0.00273799999999952));
#15813=CARTESIAN_POINT('',(-0.0481365635300001,0.037556090712,0.00178200000000048));
#15814=CARTESIAN_POINT('',(-0.0481365635300001,0.037556090712,0.00178200000000048));
#15815=CARTESIAN_POINT('',(-0.0450565635300001,0.037556090712,0.00178200000000048));
#15816=CARTESIAN_POINT('',(-0.0450565635300001,0.037556090712,0.00178200000000048));
#15817=CARTESIAN_POINT('',(-0.0450565635300001,0.037556090712,-0.00273799999999952));
#15818=CARTESIAN_POINT('',(-0.0481365635300001,0.037556090712,-0.00273799999999952));
#15819=CARTESIAN_POINT('',(-0.04699656353,0.037556090712,-0.000878));
#15820=CARTESIAN_POINT('',(-0.04699656353,0.037556090712,-0.000878));
#15821=CARTESIAN_POINT('',(-0.04699656353,0.037556090712,-7.79999999999963E-5));
#15822=CARTESIAN_POINT('',(-0.04619656353,0.037556090712,-0.000878));
#15823=CARTESIAN_POINT('',(-0.04619656353,0.037556090712,-0.000878));
#15824=CARTESIAN_POINT('',(-0.04619656353,0.037556090712,-0.000878));
#15825=CARTESIAN_POINT('',(-0.04619656353,0.037556090712,-7.79999999999953E-5));
#15826=CARTESIAN_POINT('',(-0.04619656353,0.037556090712,-7.79999999999953E-5));
#15827=CARTESIAN_POINT('',(0.,0.037556090712,0.));
#15828=CARTESIAN_POINT('',(-0.0443265635300001,0.037556090712,0.00178200000000046));
#15829=CARTESIAN_POINT('',(-0.0443265635300001,0.037556090712,-0.00273799999999954));
#15830=CARTESIAN_POINT('',(-0.0443265635300001,0.037556090712,0.00178200000000046));
#15831=CARTESIAN_POINT('',(-0.0443265635300001,0.037556090712,0.00178200000000046));
#15832=CARTESIAN_POINT('',(-0.0412465635300001,0.037556090712,0.00178200000000046));
#15833=CARTESIAN_POINT('',(-0.0412465635300001,0.037556090712,0.00178200000000046));
#15834=CARTESIAN_POINT('',(-0.0412465635300001,0.037556090712,-0.00273799999999954));
#15835=CARTESIAN_POINT('',(-0.0443265635300001,0.037556090712,-0.00273799999999954));
#15836=CARTESIAN_POINT('',(-0.04318656353,0.037556090712,-0.000878));
#15837=CARTESIAN_POINT('',(-0.04318656353,0.037556090712,-0.000878));
#15838=CARTESIAN_POINT('',(-0.04318656353,0.037556090712,-7.79999999999963E-5));
#15839=CARTESIAN_POINT('',(-0.04238656353,0.037556090712,-0.000878));
#15840=CARTESIAN_POINT('',(-0.04238656353,0.037556090712,-0.000878));
#15841=CARTESIAN_POINT('',(-0.04238656353,0.037556090712,-0.000878));
#15842=CARTESIAN_POINT('',(-0.04238656353,0.037556090712,-7.79999999999953E-5));
#15843=CARTESIAN_POINT('',(-0.04238656353,0.037556090712,-7.79999999999953E-5));
#15844=CARTESIAN_POINT('',(0.,0.037556090712,0.));
#15845=CARTESIAN_POINT('',(-0.04051656353,0.037556090712,0.00178200000000043));
#15846=CARTESIAN_POINT('',(-0.04051656353,0.037556090712,-0.00273799999999957));
#15847=CARTESIAN_POINT('',(-0.04051656353,0.037556090712,0.00178200000000043));
#15848=CARTESIAN_POINT('',(-0.04051656353,0.037556090712,0.00178200000000043));
#15849=CARTESIAN_POINT('',(-0.03743656353,0.037556090712,0.00178200000000043));
#15850=CARTESIAN_POINT('',(-0.03743656353,0.037556090712,0.00178200000000043));
#15851=CARTESIAN_POINT('',(-0.03743656353,0.037556090712,-0.00273799999999957));
#15852=CARTESIAN_POINT('',(-0.04051656353,0.037556090712,-0.00273799999999957));
#15853=CARTESIAN_POINT('',(-0.03937656353,0.037556090712,-0.000878));
#15854=CARTESIAN_POINT('',(-0.03937656353,0.037556090712,-0.000878));
#15855=CARTESIAN_POINT('',(-0.03937656353,0.037556090712,-7.79999999999963E-5));
#15856=CARTESIAN_POINT('',(-0.03857656353,0.037556090712,-0.000878));
#15857=CARTESIAN_POINT('',(-0.03857656353,0.037556090712,-0.000878));
#15858=CARTESIAN_POINT('',(-0.03857656353,0.037556090712,-0.000878));
#15859=CARTESIAN_POINT('',(-0.03857656353,0.037556090712,-7.79999999999953E-5));
#15860=CARTESIAN_POINT('',(-0.03857656353,0.037556090712,-7.79999999999953E-5));
#15861=CARTESIAN_POINT('',(0.,0.037556090712,0.));
#15862=CARTESIAN_POINT('',(-0.03670656353,0.037556090712,0.0017820000000004));
#15863=CARTESIAN_POINT('',(-0.03670656353,0.037556090712,-0.0027379999999996));
#15864=CARTESIAN_POINT('',(-0.03670656353,0.037556090712,0.0017820000000004));
#15865=CARTESIAN_POINT('',(-0.03670656353,0.037556090712,0.0017820000000004));
#15866=CARTESIAN_POINT('',(-0.03362656353,0.037556090712,0.0017820000000004));
#15867=CARTESIAN_POINT('',(-0.03362656353,0.037556090712,0.0017820000000004));
#15868=CARTESIAN_POINT('',(-0.03362656353,0.037556090712,-0.0027379999999996));
#15869=CARTESIAN_POINT('',(-0.03670656353,0.037556090712,-0.0027379999999996));
#15870=CARTESIAN_POINT('',(-0.03556656353,0.037556090712,-0.000878));
#15871=CARTESIAN_POINT('',(-0.03556656353,0.037556090712,-0.000878));
#15872=CARTESIAN_POINT('',(-0.03556656353,0.037556090712,-7.79999999999963E-5));
#15873=CARTESIAN_POINT('',(-0.03476656353,0.037556090712,-0.000878));
#15874=CARTESIAN_POINT('',(-0.03476656353,0.037556090712,-0.000878));
#15875=CARTESIAN_POINT('',(-0.03476656353,0.037556090712,-0.000878));
#15876=CARTESIAN_POINT('',(-0.03476656353,0.037556090712,-7.79999999999953E-5));
#15877=CARTESIAN_POINT('',(-0.03476656353,0.037556090712,-7.79999999999953E-5));
#15878=CARTESIAN_POINT('',(0.,0.037556090712,0.));
#15879=CARTESIAN_POINT('',(-0.03289656353,0.037556090712,0.00178200000000038));
#15880=CARTESIAN_POINT('',(-0.03289656353,0.037556090712,-0.00273799999999962));
#15881=CARTESIAN_POINT('',(-0.03289656353,0.037556090712,0.00178200000000038));
#15882=CARTESIAN_POINT('',(-0.03289656353,0.037556090712,0.00178200000000038));
#15883=CARTESIAN_POINT('',(-0.02981656353,0.037556090712,0.00178200000000038));
#15884=CARTESIAN_POINT('',(-0.02981656353,0.037556090712,0.00178200000000038));
#15885=CARTESIAN_POINT('',(-0.02981656353,0.037556090712,-0.00273799999999962));
#15886=CARTESIAN_POINT('',(-0.03289656353,0.037556090712,-0.00273799999999962));
#15887=CARTESIAN_POINT('',(-0.03175656353,0.037556090712,-0.000878));
#15888=CARTESIAN_POINT('',(-0.03175656353,0.037556090712,-0.000878));
#15889=CARTESIAN_POINT('',(-0.03175656353,0.037556090712,-7.79999999999963E-5));
#15890=CARTESIAN_POINT('',(-0.03095656353,0.037556090712,-0.000878));
#15891=CARTESIAN_POINT('',(-0.03095656353,0.037556090712,-0.000878));
#15892=CARTESIAN_POINT('',(-0.03095656353,0.037556090712,-0.000878));
#15893=CARTESIAN_POINT('',(-0.03095656353,0.037556090712,-7.79999999999953E-5));
#15894=CARTESIAN_POINT('',(-0.03095656353,0.037556090712,-7.79999999999953E-5));
#15895=CARTESIAN_POINT('',(0.,0.037556090712,0.));
#15896=CARTESIAN_POINT('',(-0.02908656353,0.037556090712,0.00178200000000035));
#15897=CARTESIAN_POINT('',(-0.02908656353,0.037556090712,-0.00273799999999965));
#15898=CARTESIAN_POINT('',(-0.02908656353,0.037556090712,0.00178200000000035));
#15899=CARTESIAN_POINT('',(-0.02908656353,0.037556090712,0.00178200000000035));
#15900=CARTESIAN_POINT('',(-0.02600656353,0.037556090712,0.00178200000000035));
#15901=CARTESIAN_POINT('',(-0.02600656353,0.037556090712,0.00178200000000035));
#15902=CARTESIAN_POINT('',(-0.02600656353,0.037556090712,-0.00273799999999965));
#15903=CARTESIAN_POINT('',(-0.02908656353,0.037556090712,-0.00273799999999965));
#15904=CARTESIAN_POINT('',(-0.02794656353,0.037556090712,-0.000878));
#15905=CARTESIAN_POINT('',(-0.02794656353,0.037556090712,-0.000878));
#15906=CARTESIAN_POINT('',(-0.02794656353,0.037556090712,-7.79999999999963E-5));
#15907=CARTESIAN_POINT('',(-0.02714656353,0.037556090712,-0.000878));
#15908=CARTESIAN_POINT('',(-0.02714656353,0.037556090712,-0.000878));
#15909=CARTESIAN_POINT('',(-0.02714656353,0.037556090712,-0.000878));
#15910=CARTESIAN_POINT('',(-0.02714656353,0.037556090712,-7.79999999999953E-5));
#15911=CARTESIAN_POINT('',(-0.02714656353,0.037556090712,-7.79999999999953E-5));
#15912=CARTESIAN_POINT('',(0.,0.037556090712,0.));
#15913=CARTESIAN_POINT('',(-0.02527656353,0.037556090712,0.00178200000000032));
#15914=CARTESIAN_POINT('',(-0.02527656353,0.037556090712,-0.00273799999999968));
#15915=CARTESIAN_POINT('',(-0.02527656353,0.037556090712,0.00178200000000032));
#15916=CARTESIAN_POINT('',(-0.02527656353,0.037556090712,0.00178200000000032));
#15917=CARTESIAN_POINT('',(-0.02219656353,0.037556090712,0.00178200000000032));
#15918=CARTESIAN_POINT('',(-0.02219656353,0.037556090712,0.00178200000000032));
#15919=CARTESIAN_POINT('',(-0.02219656353,0.037556090712,-0.00273799999999968));
#15920=CARTESIAN_POINT('',(-0.02527656353,0.037556090712,-0.00273799999999968));
#15921=CARTESIAN_POINT('',(-0.02413656353,0.037556090712,-0.000878));
#15922=CARTESIAN_POINT('',(-0.02413656353,0.037556090712,-0.000878));
#15923=CARTESIAN_POINT('',(-0.02413656353,0.037556090712,-7.79999999999963E-5));
#15924=CARTESIAN_POINT('',(-0.02333656353,0.037556090712,-0.000878));
#15925=CARTESIAN_POINT('',(-0.02333656353,0.037556090712,-0.000878));
#15926=CARTESIAN_POINT('',(-0.02333656353,0.037556090712,-0.000878));
#15927=CARTESIAN_POINT('',(-0.02333656353,0.037556090712,-7.79999999999953E-5));
#15928=CARTESIAN_POINT('',(-0.02333656353,0.037556090712,-7.79999999999953E-5));
#15929=CARTESIAN_POINT('',(0.,0.037556090712,0.));
#15930=CARTESIAN_POINT('',(-0.02146656353,0.037556090712,0.0017820000000003));
#15931=CARTESIAN_POINT('',(-0.02146656353,0.037556090712,-0.0027379999999997));
#15932=CARTESIAN_POINT('',(-0.02146656353,0.037556090712,0.0017820000000003));
#15933=CARTESIAN_POINT('',(-0.02146656353,0.037556090712,0.0017820000000003));
#15934=CARTESIAN_POINT('',(-0.01838656353,0.037556090712,0.0017820000000003));
#15935=CARTESIAN_POINT('',(-0.01838656353,0.037556090712,0.0017820000000003));
#15936=CARTESIAN_POINT('',(-0.01838656353,0.037556090712,-0.0027379999999997));
#15937=CARTESIAN_POINT('',(-0.02146656353,0.037556090712,-0.0027379999999997));
#15938=CARTESIAN_POINT('',(-0.02032656353,0.037556090712,-0.000878));
#15939=CARTESIAN_POINT('',(-0.02032656353,0.037556090712,-0.000878));
#15940=CARTESIAN_POINT('',(-0.02032656353,0.037556090712,-7.79999999999963E-5));
#15941=CARTESIAN_POINT('',(-0.01952656353,0.037556090712,-0.000878));
#15942=CARTESIAN_POINT('',(-0.01952656353,0.037556090712,-0.000878));
#15943=CARTESIAN_POINT('',(-0.01952656353,0.037556090712,-0.000878));
#15944=CARTESIAN_POINT('',(-0.01952656353,0.037556090712,-7.79999999999953E-5));
#15945=CARTESIAN_POINT('',(-0.01952656353,0.037556090712,-7.79999999999953E-5));
#15946=CARTESIAN_POINT('',(0.,0.037556090712,0.));
#15947=CARTESIAN_POINT('',(-0.01765656353,0.037556090712,0.00178200000000027));
#15948=CARTESIAN_POINT('',(-0.01765656353,0.037556090712,-0.00273799999999973));
#15949=CARTESIAN_POINT('',(-0.01765656353,0.037556090712,0.00178200000000027));
#15950=CARTESIAN_POINT('',(-0.01765656353,0.037556090712,0.00178200000000027));
#15951=CARTESIAN_POINT('',(-0.01457656353,0.037556090712,0.00178200000000027));
#15952=CARTESIAN_POINT('',(-0.01457656353,0.037556090712,0.00178200000000027));
#15953=CARTESIAN_POINT('',(-0.01457656353,0.037556090712,-0.00273799999999973));
#15954=CARTESIAN_POINT('',(-0.01765656353,0.037556090712,-0.00273799999999973));
#15955=CARTESIAN_POINT('',(-0.01651656353,0.037556090712,-0.000878));
#15956=CARTESIAN_POINT('',(-0.01651656353,0.037556090712,-0.000878));
#15957=CARTESIAN_POINT('',(-0.01651656353,0.037556090712,-7.79999999999963E-5));
#15958=CARTESIAN_POINT('',(-0.01571656353,0.037556090712,-0.000878));
#15959=CARTESIAN_POINT('',(-0.01571656353,0.037556090712,-0.000878));
#15960=CARTESIAN_POINT('',(-0.01571656353,0.037556090712,-0.000878));
#15961=CARTESIAN_POINT('',(-0.01571656353,0.037556090712,-7.79999999999953E-5));
#15962=CARTESIAN_POINT('',(-0.01571656353,0.037556090712,-7.79999999999953E-5));
#15963=CARTESIAN_POINT('',(0.,0.037556090712,0.));
#15964=CARTESIAN_POINT('',(-0.01384656353,0.037556090712,0.00178200000000024));
#15965=CARTESIAN_POINT('',(-0.01384656353,0.037556090712,-0.00273799999999976));
#15966=CARTESIAN_POINT('',(-0.01384656353,0.037556090712,0.00178200000000024));
#15967=CARTESIAN_POINT('',(-0.01384656353,0.037556090712,0.00178200000000024));
#15968=CARTESIAN_POINT('',(-0.01076656353,0.037556090712,0.00178200000000024));
#15969=CARTESIAN_POINT('',(-0.01076656353,0.037556090712,0.00178200000000024));
#15970=CARTESIAN_POINT('',(-0.01076656353,0.037556090712,-0.00273799999999976));
#15971=CARTESIAN_POINT('',(-0.01384656353,0.037556090712,-0.00273799999999976));
#15972=CARTESIAN_POINT('',(-0.01270656353,0.037556090712,-0.000878));
#15973=CARTESIAN_POINT('',(-0.01270656353,0.037556090712,-0.000878));
#15974=CARTESIAN_POINT('',(-0.01270656353,0.037556090712,-7.79999999999963E-5));
#15975=CARTESIAN_POINT('',(-0.01190656353,0.037556090712,-0.000878));
#15976=CARTESIAN_POINT('',(-0.01190656353,0.037556090712,-0.000878));
#15977=CARTESIAN_POINT('',(-0.01190656353,0.037556090712,-0.000878));
#15978=CARTESIAN_POINT('',(-0.01190656353,0.037556090712,-7.79999999999953E-5));
#15979=CARTESIAN_POINT('',(-0.01190656353,0.037556090712,-7.79999999999953E-5));
#15980=CARTESIAN_POINT('',(0.,0.037556090712,0.));
#15981=CARTESIAN_POINT('',(-0.01003656353,0.037556090712,0.00178200000000022));
#15982=CARTESIAN_POINT('',(-0.01003656353,0.037556090712,-0.00273799999999978));
#15983=CARTESIAN_POINT('',(-0.01003656353,0.037556090712,0.00178200000000022));
#15984=CARTESIAN_POINT('',(-0.01003656353,0.037556090712,0.00178200000000022));
#15985=CARTESIAN_POINT('',(-0.00695656353000004,0.037556090712,0.00178200000000022));
#15986=CARTESIAN_POINT('',(-0.00695656353000004,0.037556090712,0.00178200000000022));
#15987=CARTESIAN_POINT('',(-0.00695656353000004,0.037556090712,-0.00273799999999978));
#15988=CARTESIAN_POINT('',(-0.01003656353,0.037556090712,-0.00273799999999978));
#15989=CARTESIAN_POINT('',(-0.00889656353000004,0.037556090712,-0.000878));
#15990=CARTESIAN_POINT('',(-0.00889656353000004,0.037556090712,-0.000878));
#15991=CARTESIAN_POINT('',(-0.00889656353000004,0.037556090712,-7.79999999999963E-5));
#15992=CARTESIAN_POINT('',(-0.00809656353000003,0.037556090712,-0.000878));
#15993=CARTESIAN_POINT('',(-0.00809656353000003,0.037556090712,-0.000878));
#15994=CARTESIAN_POINT('',(-0.00809656353000003,0.037556090712,-0.000878));
#15995=CARTESIAN_POINT('',(-0.00809656353000003,0.037556090712,-7.79999999999953E-5));
#15996=CARTESIAN_POINT('',(-0.00809656353000003,0.037556090712,-7.79999999999953E-5));
#15997=CARTESIAN_POINT('',(0.,0.037556090712,0.));
#15998=CARTESIAN_POINT('',(-0.00622656353000004,0.037556090712,0.00178200000000019));
#15999=CARTESIAN_POINT('',(-0.00622656353000004,0.037556090712,-0.00273799999999981));
#16000=CARTESIAN_POINT('',(-0.00622656353000004,0.037556090712,0.00178200000000019));
#16001=CARTESIAN_POINT('',(-0.00622656353000004,0.037556090712,0.00178200000000019));
#16002=CARTESIAN_POINT('',(-0.00314656353000004,0.037556090712,0.00178200000000019));
#16003=CARTESIAN_POINT('',(-0.00314656353000004,0.037556090712,0.00178200000000019));
#16004=CARTESIAN_POINT('',(-0.00314656353000004,0.037556090712,-0.00273799999999981));
#16005=CARTESIAN_POINT('',(-0.00622656353000004,0.037556090712,-0.00273799999999981));
#16006=CARTESIAN_POINT('',(-0.00508656353000004,0.037556090712,-0.000878));
#16007=CARTESIAN_POINT('',(-0.00508656353000004,0.037556090712,-0.000878));
#16008=CARTESIAN_POINT('',(-0.00508656353000004,0.037556090712,-7.79999999999963E-5));
#16009=CARTESIAN_POINT('',(-0.00428656353000003,0.037556090712,-0.000878));
#16010=CARTESIAN_POINT('',(-0.00428656353000003,0.037556090712,-0.000878));
#16011=CARTESIAN_POINT('',(-0.00428656353000003,0.037556090712,-0.000878));
#16012=CARTESIAN_POINT('',(-0.00428656353000003,0.037556090712,-7.79999999999953E-5));
#16013=CARTESIAN_POINT('',(-0.00428656353000003,0.037556090712,-7.79999999999953E-5));
#16014=CARTESIAN_POINT('',(0.,0.037556090712,0.));
#16015=CARTESIAN_POINT('',(-0.00241656353000004,0.037556090712,0.00178200000000016));
#16016=CARTESIAN_POINT('',(-0.00241656353000004,0.037556090712,-0.00273799999999984));
#16017=CARTESIAN_POINT('',(-0.00241656353000004,0.037556090712,0.00178200000000016));
#16018=CARTESIAN_POINT('',(-0.00241656353000004,0.037556090712,0.00178200000000016));
#16019=CARTESIAN_POINT('',(0.000663436469999959,0.037556090712,0.00178200000000016));
#16020=CARTESIAN_POINT('',(0.000663436469999959,0.037556090712,0.00178200000000016));
#16021=CARTESIAN_POINT('',(0.000663436469999959,0.037556090712,-0.00273799999999984));
#16022=CARTESIAN_POINT('',(-0.00241656353000004,0.037556090712,-0.00273799999999984));
#16023=CARTESIAN_POINT('',(-0.00127656353000003,0.037556090712,-0.000878));
#16024=CARTESIAN_POINT('',(-0.00127656353000003,0.037556090712,-0.000878));
#16025=CARTESIAN_POINT('',(-0.00127656353000003,0.037556090712,-7.79999999999963E-5));
#16026=CARTESIAN_POINT('',(-0.000476563530000033,0.037556090712,-0.000878));
#16027=CARTESIAN_POINT('',(-0.000476563530000033,0.037556090712,-0.000878));
#16028=CARTESIAN_POINT('',(-0.000476563530000033,0.037556090712,-0.000878));
#16029=CARTESIAN_POINT('',(-0.000476563530000033,0.037556090712,-7.79999999999953E-5));
#16030=CARTESIAN_POINT('',(-0.000476563530000033,0.037556090712,-7.79999999999953E-5));
#16031=CARTESIAN_POINT('',(0.,0.037556090712,0.));
#16032=CARTESIAN_POINT('',(0.00139343646999996,0.037556090712,0.00178200000000014));
#16033=CARTESIAN_POINT('',(0.00139343646999996,0.037556090712,-0.00273799999999986));
#16034=CARTESIAN_POINT('',(0.00139343646999996,0.037556090712,0.00178200000000014));
#16035=CARTESIAN_POINT('',(0.00139343646999996,0.037556090712,0.00178200000000014));
#16036=CARTESIAN_POINT('',(0.00447343646999996,0.037556090712,0.00178200000000014));
#16037=CARTESIAN_POINT('',(0.00447343646999996,0.037556090712,0.00178200000000014));
#16038=CARTESIAN_POINT('',(0.00447343646999996,0.037556090712,-0.00273799999999986));
#16039=CARTESIAN_POINT('',(0.00139343646999996,0.037556090712,-0.00273799999999986));
#16040=CARTESIAN_POINT('',(0.00253343646999996,0.037556090712,-0.000878));
#16041=CARTESIAN_POINT('',(0.00253343646999996,0.037556090712,-0.000878));
#16042=CARTESIAN_POINT('',(0.00253343646999996,0.037556090712,-7.79999999999963E-5));
#16043=CARTESIAN_POINT('',(0.00333343646999996,0.037556090712,-0.000878));
#16044=CARTESIAN_POINT('',(0.00333343646999996,0.037556090712,-0.000878));
#16045=CARTESIAN_POINT('',(0.00333343646999996,0.037556090712,-0.000878));
#16046=CARTESIAN_POINT('',(0.00333343646999996,0.037556090712,-7.79999999999953E-5));
#16047=CARTESIAN_POINT('',(0.00333343646999996,0.037556090712,-7.79999999999953E-5));
#16048=CARTESIAN_POINT('',(0.,0.037556090712,0.));
#16049=CARTESIAN_POINT('',(0.00520343646999996,0.037556090712,0.00178200000000011));
#16050=CARTESIAN_POINT('',(0.00520343646999996,0.037556090712,-0.00273799999999989));
#16051=CARTESIAN_POINT('',(0.00520343646999996,0.037556090712,0.00178200000000011));
#16052=CARTESIAN_POINT('',(0.00520343646999996,0.037556090712,0.00178200000000011));
#16053=CARTESIAN_POINT('',(0.00828343646999996,0.037556090712,0.00178200000000011));
#16054=CARTESIAN_POINT('',(0.00828343646999996,0.037556090712,0.00178200000000011));
#16055=CARTESIAN_POINT('',(0.00828343646999996,0.037556090712,-0.00273799999999989));
#16056=CARTESIAN_POINT('',(0.00520343646999996,0.037556090712,-0.00273799999999989));
#16057=CARTESIAN_POINT('',(0.00634343646999996,0.037556090712,-0.000878));
#16058=CARTESIAN_POINT('',(0.00634343646999996,0.037556090712,-0.000878));
#16059=CARTESIAN_POINT('',(0.00634343646999996,0.037556090712,-7.79999999999963E-5));
#16060=CARTESIAN_POINT('',(0.00714343646999997,0.037556090712,-0.000878));
#16061=CARTESIAN_POINT('',(0.00714343646999997,0.037556090712,-0.000878));
#16062=CARTESIAN_POINT('',(0.00714343646999997,0.037556090712,-0.000878));
#16063=CARTESIAN_POINT('',(0.00714343646999997,0.037556090712,-7.79999999999953E-5));
#16064=CARTESIAN_POINT('',(0.00714343646999997,0.037556090712,-7.79999999999953E-5));
#16065=CARTESIAN_POINT('',(0.,0.037556090712,0.));
#16066=CARTESIAN_POINT('',(0.00901343646999996,0.037556090712,0.00178200000000008));
#16067=CARTESIAN_POINT('',(0.00901343646999996,0.037556090712,-0.00273799999999992));
#16068=CARTESIAN_POINT('',(0.00901343646999996,0.037556090712,0.00178200000000008));
#16069=CARTESIAN_POINT('',(0.00901343646999996,0.037556090712,0.00178200000000008));
#16070=CARTESIAN_POINT('',(0.01209343647,0.037556090712,0.00178200000000008));
#16071=CARTESIAN_POINT('',(0.01209343647,0.037556090712,0.00178200000000008));
#16072=CARTESIAN_POINT('',(0.01209343647,0.037556090712,-0.00273799999999992));
#16073=CARTESIAN_POINT('',(0.00901343646999996,0.037556090712,-0.00273799999999992));
#16074=CARTESIAN_POINT('',(0.01015343647,0.037556090712,-0.000878));
#16075=CARTESIAN_POINT('',(0.01015343647,0.037556090712,-0.000878));
#16076=CARTESIAN_POINT('',(0.01015343647,0.037556090712,-7.79999999999963E-5));
#16077=CARTESIAN_POINT('',(0.01095343647,0.037556090712,-0.000878));
#16078=CARTESIAN_POINT('',(0.01095343647,0.037556090712,-0.000878));
#16079=CARTESIAN_POINT('',(0.01095343647,0.037556090712,-0.000878));
#16080=CARTESIAN_POINT('',(0.01095343647,0.037556090712,-7.79999999999953E-5));
#16081=CARTESIAN_POINT('',(0.01095343647,0.037556090712,-7.79999999999953E-5));
#16082=CARTESIAN_POINT('',(0.,0.037556090712,0.));
#16083=CARTESIAN_POINT('',(0.01282343647,0.037556090712,0.00178200000000006));
#16084=CARTESIAN_POINT('',(0.01282343647,0.037556090712,-0.00273799999999994));
#16085=CARTESIAN_POINT('',(0.01282343647,0.037556090712,0.00178200000000006));
#16086=CARTESIAN_POINT('',(0.01282343647,0.037556090712,0.00178200000000006));
#16087=CARTESIAN_POINT('',(0.01590343647,0.037556090712,0.00178200000000006));
#16088=CARTESIAN_POINT('',(0.01590343647,0.037556090712,0.00178200000000006));
#16089=CARTESIAN_POINT('',(0.01590343647,0.037556090712,-0.00273799999999994));
#16090=CARTESIAN_POINT('',(0.01282343647,0.037556090712,-0.00273799999999994));
#16091=CARTESIAN_POINT('',(0.01396343647,0.037556090712,-0.000878));
#16092=CARTESIAN_POINT('',(0.01396343647,0.037556090712,-0.000878));
#16093=CARTESIAN_POINT('',(0.01396343647,0.037556090712,-7.79999999999963E-5));
#16094=CARTESIAN_POINT('',(0.01476343647,0.037556090712,-0.000878));
#16095=CARTESIAN_POINT('',(0.01476343647,0.037556090712,-0.000878));
#16096=CARTESIAN_POINT('',(0.01476343647,0.037556090712,-0.000878));
#16097=CARTESIAN_POINT('',(0.01476343647,0.037556090712,-7.79999999999953E-5));
#16098=CARTESIAN_POINT('',(0.01476343647,0.037556090712,-7.79999999999953E-5));
#16099=CARTESIAN_POINT('',(0.,0.037556090712,0.));
#16100=CARTESIAN_POINT('',(0.01663343647,0.037556090712,0.00178200000000003));
#16101=CARTESIAN_POINT('',(0.01663343647,0.037556090712,-0.002738));
#16102=CARTESIAN_POINT('',(0.01663343647,0.037556090712,0.00178200000000003));
#16103=CARTESIAN_POINT('',(0.01663343647,0.037556090712,0.00178200000000003));
#16104=CARTESIAN_POINT('',(0.01971343647,0.037556090712,0.00178200000000003));
#16105=CARTESIAN_POINT('',(0.01971343647,0.037556090712,0.00178200000000003));
#16106=CARTESIAN_POINT('',(0.01971343647,0.037556090712,-0.002738));
#16107=CARTESIAN_POINT('',(0.01663343647,0.037556090712,-0.002738));
#16108=CARTESIAN_POINT('',(0.01777343647,0.037556090712,-0.000878));
#16109=CARTESIAN_POINT('',(0.01777343647,0.037556090712,-0.000878));
#16110=CARTESIAN_POINT('',(0.01777343647,0.037556090712,-7.79999999999952E-5));
#16111=CARTESIAN_POINT('',(0.01857343647,0.037556090712,-0.000878));
#16112=CARTESIAN_POINT('',(0.01857343647,0.037556090712,-0.000878));
#16113=CARTESIAN_POINT('',(0.01857343647,0.037556090712,-0.000878));
#16114=CARTESIAN_POINT('',(0.01857343647,0.037556090712,-7.79999999999953E-5));
#16115=CARTESIAN_POINT('',(0.01857343647,0.037556090712,-7.79999999999953E-5));
#16116=CARTESIAN_POINT('',(0.,0.037556090712,0.));
#16117=CARTESIAN_POINT('',(0.02044343647,0.037556090712,0.001782));
#16118=CARTESIAN_POINT('',(0.02044343647,0.037556090712,-0.002738));
#16119=CARTESIAN_POINT('',(0.02044343647,0.037556090712,0.001782));
#16120=CARTESIAN_POINT('',(0.02044343647,0.037556090712,0.001782));
#16121=CARTESIAN_POINT('',(0.02352343647,0.037556090712,0.001782));
#16122=CARTESIAN_POINT('',(0.02352343647,0.037556090712,0.001782));
#16123=CARTESIAN_POINT('',(0.02352343647,0.037556090712,-0.002738));
#16124=CARTESIAN_POINT('',(0.02044343647,0.037556090712,-0.002738));
#16125=CARTESIAN_POINT('',(0.02158343647,0.037556090712,-0.000878));
#16126=CARTESIAN_POINT('',(0.02158343647,0.037556090712,-0.000878));
#16127=CARTESIAN_POINT('',(0.02158343647,0.037556090712,-7.79999999999955E-5));
#16128=CARTESIAN_POINT('',(0.02238343647,0.037556090712,-0.000878));
#16129=CARTESIAN_POINT('',(0.02238343647,0.037556090712,-0.000878));
#16130=CARTESIAN_POINT('',(0.02238343647,0.037556090712,-0.000878));
#16131=CARTESIAN_POINT('',(0.02238343647,0.037556090712,-7.79999999999956E-5));
#16132=CARTESIAN_POINT('',(0.02238343647,0.037556090712,-7.79999999999956E-5));
#16133=CARTESIAN_POINT('',(-0.06802343647,0.044306090712,0.01207135));
#16134=CARTESIAN_POINT('',(0.0600352012399999,0.044306090712,0.01207135));
#16135=CARTESIAN_POINT('',(0.0600352012399999,0.044306090712,0.00883845781200001));
#16136=CARTESIAN_POINT('',(0.0600352012399999,0.044306090712,-0.00883845781200001));
#16137=CARTESIAN_POINT('',(-0.06003520124,0.044306090712,-0.00883845781200001));
#16138=CARTESIAN_POINT('',(-0.06003520124,0.044306090712,-0.00883845781200001));
#16139=CARTESIAN_POINT('',(-0.06003520124,0.044306090712,0.01207135));
#16140=CARTESIAN_POINT('',(-0.06003520124,0.044306090712,0.00883845781200001));
#16141=CARTESIAN_POINT('',(-0.06802343647,0.044306090712,0.00883845781200001));
#16142=CARTESIAN_POINT('',(0.043992399188,0.044306090712,-5.20417042793042E-18));
#16143=CARTESIAN_POINT('',(0.043992399188,0.044306090712,0.00179999639999998));
#16144=CARTESIAN_POINT('',(0.032562399188,0.044306090712,-3.98774379381425E-18));
#16145=CARTESIAN_POINT('',(0.032562399188,0.044306090712,0.00179999639999999));
#16146=CARTESIAN_POINT('',(-0.05277656353,0.044306090712,-0.0035));
#16147=CARTESIAN_POINT('',(-0.05277656353,0.044306090712,-0.0035));
#16148=CARTESIAN_POINT('',(-0.05277656353,0.044306090712,0.0035));
#16149=CARTESIAN_POINT('',(0.02442343647,0.044306090712,-0.0035));
#16150=CARTESIAN_POINT('',(0.02442343647,0.044306090712,-0.0035));
#16151=CARTESIAN_POINT('',(0.02442343647,0.044306090712,-0.0035));
#16152=CARTESIAN_POINT('',(0.02442343647,0.044306090712,0.0035));
#16153=CARTESIAN_POINT('',(0.02442343647,0.044306090712,0.0035));
#16154=CARTESIAN_POINT('',(0.06802343647,-0.044306090712,0.01207135));
#16155=CARTESIAN_POINT('',(0.06802343647,0.014772347138,-8.67361737988404E-19));
#16156=CARTESIAN_POINT('',(0.06802343647,0.014772347138,-0.005143518923));
#16157=CARTESIAN_POINT('',(0.06802343647,0.00962882821500002,-8.67361737988404E-19));
#16158=CARTESIAN_POINT('',(0.06802343647,0.014772347138,-8.67361737988404E-19));
#16159=CARTESIAN_POINT('',(0.06802343647,0.014772347138,0.005143518923));
#16160=CARTESIAN_POINT('',(0.06802343647,0.00962882821500002,0.005143518923));
#16161=CARTESIAN_POINT('',(0.06802343647,0.024830747138,0.005143518923));
#16162=CARTESIAN_POINT('',(0.06802343647,0.024830747138,-8.67361737988404E-19));
#16163=CARTESIAN_POINT('',(0.06802343647,0.029974266061,-8.67361737988404E-19));
#16164=CARTESIAN_POINT('',(0.06802343647,0.024830747138,-8.67361737988404E-19));
#16165=CARTESIAN_POINT('',(0.06802343647,0.024830747138,-0.005143518923));
#16166=CARTESIAN_POINT('',(0.06802343647,0.00962882821500002,-0.005143518923));
#16167=CARTESIAN_POINT('',(0.06802343647,-0.036317855482,0.01207135));
#16168=CARTESIAN_POINT('',(0.06802343647,-0.036317855482,0.00883845781200001));
#16169=CARTESIAN_POINT('',(0.06802343647,-0.036317855482,-0.00883845781200001));
#16170=CARTESIAN_POINT('',(0.06802343647,0.036317855482,-0.00883845781200001));
#16171=CARTESIAN_POINT('',(0.06802343647,0.036317855482,-0.00883845781200001));
#16172=CARTESIAN_POINT('',(0.06802343647,0.036317855482,0.01207135));
#16173=CARTESIAN_POINT('',(0.06802343647,0.036317855482,0.00883845781200001));
#16174=CARTESIAN_POINT('',(0.06802343647,-0.044306090712,0.00883845781200001));
#16175=CARTESIAN_POINT('',(0.,0.,0.01207135));
#16176=CARTESIAN_POINT('',(-0.0324358,0.0202946,0.01207135));
#16177=CARTESIAN_POINT('',(-0.036970462508,0.0202946,0.01207135));
#16178=CARTESIAN_POINT('',(-0.0324358,0.024829262508,0.01207135));
#16179=CARTESIAN_POINT('',(-3.56498445865328E-18,0.024829262508,0.01207135));
#16180=CARTESIAN_POINT('',(0.0324358,0.024829262508,0.01207135));
#16181=CARTESIAN_POINT('',(0.0324358,0.0202946,0.01207135));
#16182=CARTESIAN_POINT('',(0.036970462508,0.0202946,0.01207135));
#16183=CARTESIAN_POINT('',(0.036970462508,0.,0.01207135));
#16184=CARTESIAN_POINT('',(0.036970462508,-0.0202946,0.01207135));
#16185=CARTESIAN_POINT('',(0.0324358,-0.0202946,0.01207135));
#16186=CARTESIAN_POINT('',(0.0324358,-0.024829262508,0.01207135));
#16187=CARTESIAN_POINT('',(2.37665630576885E-18,-0.024829262508,0.01207135));
#16188=CARTESIAN_POINT('',(-0.0324358,-0.024829262508,0.01207135));
#16189=CARTESIAN_POINT('',(-0.0324358,-0.0202946,0.01207135));
#16190=CARTESIAN_POINT('',(-0.036970462508,-0.0202946,0.01207135));
#16191=CARTESIAN_POINT('',(-0.036970462508,-1.0642537811098E-17,0.01207135));
#16192=CARTESIAN_POINT('',(0.0600352012399999,0.036317855482,0.01207135));
#16193=CARTESIAN_POINT('',(0.064790544282,0.036317855482,0.01207135));
#16194=CARTESIAN_POINT('',(0.0600352012399999,0.041073198524,0.01207135));
#16195=CARTESIAN_POINT('',(0.,0.041073198524,0.01207135));
#16196=CARTESIAN_POINT('',(-0.06003520124,0.041073198524,0.01207135));
#16197=CARTESIAN_POINT('',(-0.06003520124,0.036317855482,0.01207135));
#16198=CARTESIAN_POINT('',(-0.064790544282,0.036317855482,0.01207135));
#16199=CARTESIAN_POINT('',(-0.064790544282,0.,0.01207135));
#16200=CARTESIAN_POINT('',(-0.064790544282,-0.036317855482,0.01207135));
#16201=CARTESIAN_POINT('',(-0.06003520124,-0.036317855482,0.01207135));
#16202=CARTESIAN_POINT('',(-0.06003520124,-0.041073198524,0.01207135));
#16203=CARTESIAN_POINT('',(0.,-0.041073198524,0.01207135));
#16204=CARTESIAN_POINT('',(0.06003520124,-0.041073198524,0.01207135));
#16205=CARTESIAN_POINT('',(0.06003520124,-0.036317855482,0.01207135));
#16206=CARTESIAN_POINT('',(0.064790544282,-0.036317855482,0.01207135));
#16207=CARTESIAN_POINT('',(0.064790544282,0.,0.01207135));
#16208=CARTESIAN_POINT('',(0.,0.,-0.01207135));
#16209=CARTESIAN_POINT('',(-0.04477656353,-0.0221,-0.01207135));
#16210=CARTESIAN_POINT('',(-0.04640851353,-0.0221,-0.01207135));
#16211=CARTESIAN_POINT('',(0.03522343647,0.,-0.01207135));
#16212=CARTESIAN_POINT('',(0.03359148647,0.,-0.01207135));
#16213=CARTESIAN_POINT('',(-0.04477656353,0.0221,-0.01207135));
#16214=CARTESIAN_POINT('',(-0.04640851353,0.0221,-0.01207135));
#16215=CARTESIAN_POINT('',(-0.06003520124,0.036317855482,-0.01207135));
#16216=CARTESIAN_POINT('',(-0.064790544282,0.036317855482,-0.01207135));
#16217=CARTESIAN_POINT('',(-0.06003520124,0.041073198524,-0.01207135));
#16218=CARTESIAN_POINT('',(0.0600352012399999,0.041073198524,-0.01207135));
#16219=CARTESIAN_POINT('',(0.0600352012399999,0.041073198524,-0.01207135));
#16220=CARTESIAN_POINT('',(0.0600352012399999,0.036317855482,-0.01207135));
#16221=CARTESIAN_POINT('',(0.064790544282,0.036317855482,-0.01207135));
#16222=CARTESIAN_POINT('',(0.064790544282,-0.036317855482,-0.01207135));
#16223=CARTESIAN_POINT('',(0.064790544282,-0.036317855482,-0.01207135));
#16224=CARTESIAN_POINT('',(0.06003520124,-0.036317855482,-0.01207135));
#16225=CARTESIAN_POINT('',(0.06003520124,-0.041073198524,-0.01207135));
#16226=CARTESIAN_POINT('',(-0.06003520124,-0.041073198524,-0.01207135));
#16227=CARTESIAN_POINT('',(-0.06003520124,-0.041073198524,-0.01207135));
#16228=CARTESIAN_POINT('',(-0.06003520124,-0.036317855482,-0.01207135));
#16229=CARTESIAN_POINT('',(-0.064790544282,-0.036317855482,-0.01207135));
#16230=CARTESIAN_POINT('',(-0.064790544282,0.036317855482,-0.01207135));
#16231=CARTESIAN_POINT('',(-0.06003520124,-0.036317855482,0.01207135));
#16232=CARTESIAN_POINT('',(-0.06003520124,-0.036317855482,-0.00883845781200001));
#16233=CARTESIAN_POINT('',(-0.06003520124,-0.036317855482,0.00883845781200001));
#16234=CARTESIAN_POINT('',(-0.06003520124,0.036317855482,0.01207135));
#16235=CARTESIAN_POINT('',(-0.06003520124,0.036317855482,-0.00883845781200001));
#16236=CARTESIAN_POINT('',(-0.06003520124,0.036317855482,0.00883845781200001));
#16237=CARTESIAN_POINT('',(0.0600352012399999,0.036317855482,0.01207135));
#16238=CARTESIAN_POINT('',(0.0600352012399999,0.036317855482,-0.00883845781200001));
#16239=CARTESIAN_POINT('',(0.0600352012399999,0.036317855482,0.00883845781200001));
#16240=CARTESIAN_POINT('',(0.06003520124,-0.036317855482,0.01207135));
#16241=CARTESIAN_POINT('',(0.06003520124,-0.036317855482,-0.00883845781200001));
#16242=CARTESIAN_POINT('',(0.06003520124,-0.036317855482,0.00883845781200001));
#16243=CARTESIAN_POINT('',(-0.06802343647,-0.044306090712,-0.00883845781200001));
#16244=CARTESIAN_POINT('',(-0.06003520124,-0.041073198524,-0.01207135));
#16245=CARTESIAN_POINT('',(0.06003520124,-0.044306090712,-0.00883845781200001));
#16246=CARTESIAN_POINT('',(0.06003520124,-0.036317855482,-0.01207135));
#16247=CARTESIAN_POINT('',(0.06802343647,-0.036317855482,-0.00883845781200001));
#16248=CARTESIAN_POINT('',(-0.06003520124,-0.036317855482,-0.01207135));
#16249=CARTESIAN_POINT('',(-0.064790544282,-0.036317855482,-0.01207135));
#16250=CARTESIAN_POINT('',(0.06802343647,-0.044306090712,-0.00883845781200001));
#16251=CARTESIAN_POINT('',(0.06802343647,0.036317855482,-0.00883845781200001));
#16252=CARTESIAN_POINT('',(-0.06802343647,-0.044306090712,-0.00883845781200001));
#16253=CARTESIAN_POINT('',(-0.064790544282,0.036317855482,-0.01207135));
#16254=CARTESIAN_POINT('',(0.0600352012399999,0.036317855482,-0.01207135));
#16255=CARTESIAN_POINT('',(0.0600352012399999,0.044306090712,-0.00883845781200001));
#16256=CARTESIAN_POINT('',(-0.06003520124,0.036317855482,-0.01207135));
#16257=CARTESIAN_POINT('',(-0.06003520124,0.041073198524,-0.01207135));
#16258=CARTESIAN_POINT('',(-0.06802343647,0.044306090712,-0.00883845781200001));
#16259=CARTESIAN_POINT('',(0.,-0.041073198524,0.01207135));
#16260=CARTESIAN_POINT('',(-0.06003520124,-0.044306090712,0.00883845781200001));
#16261=CARTESIAN_POINT('',(0.06003520124,-0.041073198524,0.01207135));
#16262=CARTESIAN_POINT('',(0.06003520124,-0.036317855482,0.01207135));
#16263=CARTESIAN_POINT('',(0.064790544282,-0.036317855482,0.01207135));
#16264=CARTESIAN_POINT('',(-0.06003520124,-0.036317855482,0.01207135));
#16265=CARTESIAN_POINT('',(-0.06802343647,-0.036317855482,0.00883845781200001));
#16266=CARTESIAN_POINT('',(0.064790544282,0.,0.01207135));
#16267=CARTESIAN_POINT('',(0.064790544282,0.036317855482,0.01207135));
#16268=CARTESIAN_POINT('',(-0.064790544282,0.,0.01207135));
#16269=CARTESIAN_POINT('',(-0.06802343647,0.036317855482,0.00883845781200001));
#16270=CARTESIAN_POINT('',(0.0600352012399999,0.036317855482,0.01207135));
#16271=CARTESIAN_POINT('',(0.0600352012399999,0.041073198524,0.01207135));
#16272=CARTESIAN_POINT('',(-0.06003520124,0.036317855482,0.01207135));
#16273=CARTESIAN_POINT('',(-0.06003520124,0.044306090712,0.00883845781200001));
#16274=CARTESIAN_POINT('',(0.,0.041073198524,0.01207135));
#16275=CARTESIAN_POINT('',(0.066922791986,0.,0.));
#16276=CARTESIAN_POINT('',(0.066922791986,0.014772347138,0.));
#16277=CARTESIAN_POINT('',(0.066922791986,0.014772347138,-0.0015));
#16278=CARTESIAN_POINT('',(0.066922791986,0.024830747138,0.));
#16279=CARTESIAN_POINT('',(0.066922791986,0.024830747138,-0.0015));
#16280=CARTESIAN_POINT('',(0.066922791986,0.024830747138,-8.67361737988404E-19));
#16281=CARTESIAN_POINT('',(0.066922791986,0.024830747138,-0.004042874439));
#16282=CARTESIAN_POINT('',(0.066922791986,0.028873621577,-8.67361737988404E-19));
#16283=CARTESIAN_POINT('',(0.066922791986,0.024830747138,-8.67361737988404E-19));
#16284=CARTESIAN_POINT('',(0.066922791986,0.024830747138,0.004042874439));
#16285=CARTESIAN_POINT('',(0.066922791986,0.,0.004042874439));
#16286=CARTESIAN_POINT('',(0.066922791986,0.014772347138,0.004042874439));
#16287=CARTESIAN_POINT('',(0.066922791986,0.014772347138,-8.67361737988404E-19));
#16288=CARTESIAN_POINT('',(0.066922791986,0.010729472699,-8.67361737988404E-19));
#16289=CARTESIAN_POINT('',(0.066922791986,0.014772347138,-8.67361737988404E-19));
#16290=CARTESIAN_POINT('',(0.066922791986,0.014772347138,-0.004042874439));
#16291=CARTESIAN_POINT('',(0.066922791986,0.,-0.004042874439));
#16292=CARTESIAN_POINT('',(0.06802343647,0.014772347138,-8.67361737988404E-19));
#16293=CARTESIAN_POINT('',(0.06802343647,0.010729472699,-8.67361737988404E-19));
#16294=CARTESIAN_POINT('',(0.06802343647,0.014772347138,-0.004042874439));
#16295=CARTESIAN_POINT('',(0.06802343647,0.,-0.004042874439));
#16296=CARTESIAN_POINT('',(0.06802343647,0.024830747138,-0.004042874439));
#16297=CARTESIAN_POINT('',(0.06802343647,0.014772347138,-8.67361737988404E-19));
#16298=CARTESIAN_POINT('',(0.06802343647,0.014772347138,0.004042874439));
#16299=CARTESIAN_POINT('',(0.06802343647,0.024830747138,-8.67361737988404E-19));
#16300=CARTESIAN_POINT('',(0.06802343647,0.028873621577,-8.67361737988404E-19));
#16301=CARTESIAN_POINT('',(0.06802343647,0.,0.004042874439));
#16302=CARTESIAN_POINT('',(0.06802343647,0.024830747138,0.004042874439));
#16303=CARTESIAN_POINT('',(0.06802343647,0.024830747138,-8.67361737988404E-19));
#16304=CARTESIAN_POINT('',(0.067653440258,0.024830747138,0.));
#16305=CARTESIAN_POINT('',(0.067653440258,0.024830747138,0.));
#16306=CARTESIAN_POINT('',(0.067653440258,0.024830747138,-0.0015));
#16307=CARTESIAN_POINT('',(0.067653440258,0.024830747138,0.));
#16308=CARTESIAN_POINT('',(0.067653440258,0.014772347138,0.));
#16309=CARTESIAN_POINT('',(0.067653440258,0.014772347138,0.));
#16310=CARTESIAN_POINT('',(0.067653440258,0.014772347138,-0.0015));
#16311=CARTESIAN_POINT('',(0.067653440258,0.014772347138,0.));
#16312=CARTESIAN_POINT('',(0.043992399188,0.041766090712,-5.20417042793042E-18));
#16313=CARTESIAN_POINT('',(0.043992399188,0.041766090712,-5.20417042793042E-18));
#16314=CARTESIAN_POINT('',(0.043992399188,0.041766090712,0.00179999639999998));
#16315=CARTESIAN_POINT('',(0.043992399188,0.041766090712,-5.20417042793042E-18));
#16316=CARTESIAN_POINT('',(0.032562399188,0.041766090712,-3.98774379381425E-18));
#16317=CARTESIAN_POINT('',(0.032562399188,0.041766090712,-3.98774379381425E-18));
#16318=CARTESIAN_POINT('',(0.032562399188,0.041766090712,0.00179999639999999));
#16319=CARTESIAN_POINT('',(0.032562399188,0.041766090712,-3.98774379381425E-18));
#16320=CARTESIAN_POINT('',(-0.0362458,0.0241046,0.01100455));
#16321=CARTESIAN_POINT('',(-0.0362458,0.0202946,0.01207135));
#16322=CARTESIAN_POINT('',(-0.0362458,0.0202946,0.01100455));
#16323=CARTESIAN_POINT('',(-0.0362458,0.0202946,0.011346687492));
#16324=CARTESIAN_POINT('',(-0.0362458,0.0241046,0.011346687492));
#16325=CARTESIAN_POINT('',(-0.0362458,-0.0202946,0.011346687492));
#16326=CARTESIAN_POINT('',(-0.0362458,-0.0202946,0.01100455));
#16327=CARTESIAN_POINT('',(-0.0362458,-0.0202946,0.01100455));
#16328=CARTESIAN_POINT('',(-0.0362458,0.0241046,0.01100455));
#16329=CARTESIAN_POINT('',(0.0362458,0.0241046,0.01100455));
#16330=CARTESIAN_POINT('',(0.0324358,0.0241046,0.01207135));
#16331=CARTESIAN_POINT('',(0.0324358,0.0241046,0.01100455));
#16332=CARTESIAN_POINT('',(0.0324358,0.0241046,0.011346687492));
#16333=CARTESIAN_POINT('',(0.0362458,0.0241046,0.011346687492));
#16334=CARTESIAN_POINT('',(-0.0324358,0.0241046,0.011346687492));
#16335=CARTESIAN_POINT('',(-0.0324358,0.0241046,0.01100455));
#16336=CARTESIAN_POINT('',(-0.0324358,0.0241046,0.01100455));
#16337=CARTESIAN_POINT('',(0.0362458,0.0241046,0.01100455));
#16338=CARTESIAN_POINT('',(0.0362458,0.0241046,0.01100455));
#16339=CARTESIAN_POINT('',(0.0362458,-0.0202946,0.01207135));
#16340=CARTESIAN_POINT('',(0.0362458,-0.0202946,0.01100455));
#16341=CARTESIAN_POINT('',(0.0362458,-0.0202946,0.011346687492));
#16342=CARTESIAN_POINT('',(0.0362458,0.0241046,0.011346687492));
#16343=CARTESIAN_POINT('',(0.0362458,0.0202946,0.011346687492));
#16344=CARTESIAN_POINT('',(0.0362458,0.0202946,0.01100455));
#16345=CARTESIAN_POINT('',(0.0362458,0.0202946,0.01100455));
#16346=CARTESIAN_POINT('',(0.0362458,0.0241046,0.01100455));
#16347=CARTESIAN_POINT('',(0.0362458,-0.0241046,0.01100455));
#16348=CARTESIAN_POINT('',(-0.0324358,-0.0241046,0.01207135));
#16349=CARTESIAN_POINT('',(-0.0324358,-0.0241046,0.01100455));
#16350=CARTESIAN_POINT('',(-0.0324358,-0.0241046,0.011346687492));
#16351=CARTESIAN_POINT('',(0.0362458,-0.0241046,0.011346687492));
#16352=CARTESIAN_POINT('',(0.0324358,-0.0241046,0.011346687492));
#16353=CARTESIAN_POINT('',(0.0324358,-0.0241046,0.01100455));
#16354=CARTESIAN_POINT('',(0.0324358,-0.0241046,0.01100455));
#16355=CARTESIAN_POINT('',(0.0362458,-0.0241046,0.01100455));
#16356=CARTESIAN_POINT('',(0.,0.,0.01100455));
#16357=CARTESIAN_POINT('',(0.0324358,-0.0202946,0.01100455));
#16358=CARTESIAN_POINT('',(0.0324358,0.0202946,0.01100455));
#16359=CARTESIAN_POINT('',(-0.0324358,0.0202946,0.01100455));
#16360=CARTESIAN_POINT('',(-0.0324358,-0.0202946,0.01100455));
#16361=CARTESIAN_POINT('',(0.0324358,-0.0202946,0.01100455));
#16362=CARTESIAN_POINT('',(0.0324358,-0.0202946,0.011346687492));
#16363=CARTESIAN_POINT('',(0.0324358,0.0202946,0.01100455));
#16364=CARTESIAN_POINT('',(0.0324358,0.0202946,0.011346687492));
#16365=CARTESIAN_POINT('',(-0.0324358,0.0202946,0.01100455));
#16366=CARTESIAN_POINT('',(-0.0324358,0.0202946,0.011346687492));
#16367=CARTESIAN_POINT('',(-0.0324358,-0.0202946,0.01100455));
#16368=CARTESIAN_POINT('',(-0.0324358,-0.0202946,0.011346687492));
#16369=CARTESIAN_POINT('',(0.0362458,-0.0241046,0.011346687492));
#16370=CARTESIAN_POINT('',(-0.0324358,-0.024829262508,0.01207135));
#16371=CARTESIAN_POINT('',(0.0324358,-0.0241046,0.011346687492));
#16372=CARTESIAN_POINT('',(0.0324358,-0.0202946,0.01207135));
#16373=CARTESIAN_POINT('',(0.0362458,-0.0202946,0.011346687492));
#16374=CARTESIAN_POINT('',(-0.0324358,-0.0202946,0.01207135));
#16375=CARTESIAN_POINT('',(-0.036970462508,-0.0202946,0.01207135));
#16376=CARTESIAN_POINT('',(0.0362458,0.0241046,0.011346687492));
#16377=CARTESIAN_POINT('',(0.0362458,0.0202946,0.011346687492));
#16378=CARTESIAN_POINT('',(-0.0362458,0.0241046,0.011346687492));
#16379=CARTESIAN_POINT('',(-0.036970462508,0.0202946,0.01207135));
#16380=CARTESIAN_POINT('',(0.0324358,0.0202946,0.01207135));
#16381=CARTESIAN_POINT('',(0.0324358,0.0241046,0.011346687492));
#16382=CARTESIAN_POINT('',(-0.0324358,0.0202946,0.01207135));
#16383=CARTESIAN_POINT('',(-0.0324358,0.024829262508,0.01207135));
#16384=CARTESIAN_POINT('',(0.0362458,0.0241046,0.011346687492));
#16385=CARTESIAN_POINT('',(-0.05277656353,0.044506090712,-0.0035));
#16386=CARTESIAN_POINT('',(-0.05277656353,0.044506090712,0.0035));
#16387=CARTESIAN_POINT('',(-0.05277656353,0.044506090712,0.0035));
#16388=CARTESIAN_POINT('',(-0.05277656353,0.044506090712,-0.0035));
#16389=CARTESIAN_POINT('',(-0.05277656353,0.044506090712,-0.0035));
#16390=CARTESIAN_POINT('',(-0.05277656353,0.044506090712,-0.0035));
#16391=CARTESIAN_POINT('',(0.02442343647,0.044506090712,0.0035));
#16392=CARTESIAN_POINT('',(0.02442343647,0.044506090712,0.0035));
#16393=CARTESIAN_POINT('',(0.02442343647,0.044506090712,0.0035));
#16394=CARTESIAN_POINT('',(0.02442343647,0.044506090712,0.0035));
#16395=CARTESIAN_POINT('',(0.02442343647,0.044506090712,-0.0035));
#16396=CARTESIAN_POINT('',(0.02442343647,0.044506090712,-0.0035));
#16397=CARTESIAN_POINT('',(0.02442343647,0.044506090712,-0.0035));
#16398=CARTESIAN_POINT('',(0.02442343647,0.044506090712,-0.0035));
#16399=CARTESIAN_POINT('',(0.02442343647,0.044506090712,-0.0035));
#16400=CARTESIAN_POINT('',(0.02442343647,0.044506090712,-0.0035));
#16401=CARTESIAN_POINT('',(0.,0.044506090712,0.));
#16402=CARTESIAN_POINT('',(0.01663343647,0.044506090712,0.00178200000000003));
#16403=CARTESIAN_POINT('',(0.01663343647,0.044506090712,0.00178200000000003));
#16404=CARTESIAN_POINT('',(0.01971343647,0.044506090712,0.00178200000000003));
#16405=CARTESIAN_POINT('',(0.01663343647,0.044506090712,0.00178200000000003));
#16406=CARTESIAN_POINT('',(0.01663343647,0.044506090712,-0.002738));
#16407=CARTESIAN_POINT('',(0.01663343647,0.044506090712,-0.002738));
#16408=CARTESIAN_POINT('',(0.01971343647,0.044506090712,-0.002738));
#16409=CARTESIAN_POINT('',(0.01971343647,0.044506090712,0.00178200000000003));
#16410=CARTESIAN_POINT('',(0.01282343647,0.044506090712,0.00178200000000006));
#16411=CARTESIAN_POINT('',(0.01282343647,0.044506090712,0.00178200000000006));
#16412=CARTESIAN_POINT('',(0.01590343647,0.044506090712,0.00178200000000006));
#16413=CARTESIAN_POINT('',(0.01282343647,0.044506090712,0.00178200000000006));
#16414=CARTESIAN_POINT('',(0.01282343647,0.044506090712,-0.00273799999999994));
#16415=CARTESIAN_POINT('',(0.01282343647,0.044506090712,-0.00273799999999994));
#16416=CARTESIAN_POINT('',(0.01590343647,0.044506090712,-0.00273799999999994));
#16417=CARTESIAN_POINT('',(0.01590343647,0.044506090712,0.00178200000000006));
#16418=CARTESIAN_POINT('',(0.00901343646999996,0.044506090712,0.00178200000000008));
#16419=CARTESIAN_POINT('',(0.00901343646999996,0.044506090712,0.00178200000000008));
#16420=CARTESIAN_POINT('',(0.01209343647,0.044506090712,0.00178200000000008));
#16421=CARTESIAN_POINT('',(0.00901343646999996,0.044506090712,0.00178200000000008));
#16422=CARTESIAN_POINT('',(0.00901343646999996,0.044506090712,-0.00273799999999992));
#16423=CARTESIAN_POINT('',(0.00901343646999996,0.044506090712,-0.00273799999999992));
#16424=CARTESIAN_POINT('',(0.01209343647,0.044506090712,-0.00273799999999992));
#16425=CARTESIAN_POINT('',(0.01209343647,0.044506090712,0.00178200000000008));
#16426=CARTESIAN_POINT('',(0.00520343646999996,0.044506090712,0.00178200000000011));
#16427=CARTESIAN_POINT('',(0.00520343646999996,0.044506090712,0.00178200000000011));
#16428=CARTESIAN_POINT('',(0.00828343646999996,0.044506090712,0.00178200000000011));
#16429=CARTESIAN_POINT('',(0.00520343646999996,0.044506090712,0.00178200000000011));
#16430=CARTESIAN_POINT('',(0.00520343646999996,0.044506090712,-0.00273799999999989));
#16431=CARTESIAN_POINT('',(0.00520343646999996,0.044506090712,-0.00273799999999989));
#16432=CARTESIAN_POINT('',(0.00828343646999996,0.044506090712,-0.00273799999999989));
#16433=CARTESIAN_POINT('',(0.00828343646999996,0.044506090712,0.00178200000000011));
#16434=CARTESIAN_POINT('',(0.00139343646999996,0.044506090712,0.00178200000000014));
#16435=CARTESIAN_POINT('',(0.00139343646999996,0.044506090712,0.00178200000000014));
#16436=CARTESIAN_POINT('',(0.00447343646999996,0.044506090712,0.00178200000000014));
#16437=CARTESIAN_POINT('',(0.00139343646999996,0.044506090712,0.00178200000000014));
#16438=CARTESIAN_POINT('',(0.00139343646999996,0.044506090712,-0.00273799999999986));
#16439=CARTESIAN_POINT('',(0.00139343646999996,0.044506090712,-0.00273799999999986));
#16440=CARTESIAN_POINT('',(0.00447343646999996,0.044506090712,-0.00273799999999986));
#16441=CARTESIAN_POINT('',(0.00447343646999996,0.044506090712,0.00178200000000014));
#16442=CARTESIAN_POINT('',(-0.00241656353000004,0.044506090712,0.00178200000000016));
#16443=CARTESIAN_POINT('',(-0.00241656353000004,0.044506090712,0.00178200000000016));
#16444=CARTESIAN_POINT('',(0.000663436469999959,0.044506090712,0.00178200000000016));
#16445=CARTESIAN_POINT('',(-0.00241656353000004,0.044506090712,0.00178200000000016));
#16446=CARTESIAN_POINT('',(-0.00241656353000004,0.044506090712,-0.00273799999999984));
#16447=CARTESIAN_POINT('',(-0.00241656353000004,0.044506090712,-0.00273799999999984));
#16448=CARTESIAN_POINT('',(0.000663436469999959,0.044506090712,-0.00273799999999984));
#16449=CARTESIAN_POINT('',(0.000663436469999959,0.044506090712,0.00178200000000016));
#16450=CARTESIAN_POINT('',(-0.00622656353000004,0.044506090712,0.00178200000000019));
#16451=CARTESIAN_POINT('',(-0.00622656353000004,0.044506090712,0.00178200000000019));
#16452=CARTESIAN_POINT('',(-0.00314656353000004,0.044506090712,0.00178200000000019));
#16453=CARTESIAN_POINT('',(-0.00622656353000004,0.044506090712,0.00178200000000019));
#16454=CARTESIAN_POINT('',(-0.00622656353000004,0.044506090712,-0.00273799999999981));
#16455=CARTESIAN_POINT('',(-0.00622656353000004,0.044506090712,-0.00273799999999981));
#16456=CARTESIAN_POINT('',(-0.00314656353000004,0.044506090712,-0.00273799999999981));
#16457=CARTESIAN_POINT('',(-0.00314656353000004,0.044506090712,0.00178200000000019));
#16458=CARTESIAN_POINT('',(-0.01003656353,0.044506090712,0.00178200000000022));
#16459=CARTESIAN_POINT('',(-0.01003656353,0.044506090712,0.00178200000000022));
#16460=CARTESIAN_POINT('',(-0.00695656353000004,0.044506090712,0.00178200000000022));
#16461=CARTESIAN_POINT('',(-0.01003656353,0.044506090712,0.00178200000000022));
#16462=CARTESIAN_POINT('',(-0.01003656353,0.044506090712,-0.00273799999999978));
#16463=CARTESIAN_POINT('',(-0.01003656353,0.044506090712,-0.00273799999999978));
#16464=CARTESIAN_POINT('',(-0.00695656353000004,0.044506090712,-0.00273799999999978));
#16465=CARTESIAN_POINT('',(-0.00695656353000004,0.044506090712,0.00178200000000022));
#16466=CARTESIAN_POINT('',(-0.01384656353,0.044506090712,0.00178200000000024));
#16467=CARTESIAN_POINT('',(-0.01384656353,0.044506090712,0.00178200000000024));
#16468=CARTESIAN_POINT('',(-0.01076656353,0.044506090712,0.00178200000000024));
#16469=CARTESIAN_POINT('',(-0.01384656353,0.044506090712,0.00178200000000024));
#16470=CARTESIAN_POINT('',(-0.01384656353,0.044506090712,-0.00273799999999976));
#16471=CARTESIAN_POINT('',(-0.01384656353,0.044506090712,-0.00273799999999976));
#16472=CARTESIAN_POINT('',(-0.01076656353,0.044506090712,-0.00273799999999976));
#16473=CARTESIAN_POINT('',(-0.01076656353,0.044506090712,0.00178200000000024));
#16474=CARTESIAN_POINT('',(-0.01765656353,0.044506090712,0.00178200000000027));
#16475=CARTESIAN_POINT('',(-0.01765656353,0.044506090712,0.00178200000000027));
#16476=CARTESIAN_POINT('',(-0.01457656353,0.044506090712,0.00178200000000027));
#16477=CARTESIAN_POINT('',(-0.01765656353,0.044506090712,0.00178200000000027));
#16478=CARTESIAN_POINT('',(-0.01765656353,0.044506090712,-0.00273799999999973));
#16479=CARTESIAN_POINT('',(-0.01765656353,0.044506090712,-0.00273799999999973));
#16480=CARTESIAN_POINT('',(-0.01457656353,0.044506090712,-0.00273799999999973));
#16481=CARTESIAN_POINT('',(-0.01457656353,0.044506090712,0.00178200000000027));
#16482=CARTESIAN_POINT('',(-0.02146656353,0.044506090712,0.0017820000000003));
#16483=CARTESIAN_POINT('',(-0.02146656353,0.044506090712,0.0017820000000003));
#16484=CARTESIAN_POINT('',(-0.01838656353,0.044506090712,0.0017820000000003));
#16485=CARTESIAN_POINT('',(-0.02146656353,0.044506090712,0.0017820000000003));
#16486=CARTESIAN_POINT('',(-0.02146656353,0.044506090712,-0.0027379999999997));
#16487=CARTESIAN_POINT('',(-0.02146656353,0.044506090712,-0.0027379999999997));
#16488=CARTESIAN_POINT('',(-0.01838656353,0.044506090712,-0.0027379999999997));
#16489=CARTESIAN_POINT('',(-0.01838656353,0.044506090712,0.0017820000000003));
#16490=CARTESIAN_POINT('',(-0.02527656353,0.044506090712,0.00178200000000032));
#16491=CARTESIAN_POINT('',(-0.02527656353,0.044506090712,0.00178200000000032));
#16492=CARTESIAN_POINT('',(-0.02219656353,0.044506090712,0.00178200000000032));
#16493=CARTESIAN_POINT('',(-0.02527656353,0.044506090712,0.00178200000000032));
#16494=CARTESIAN_POINT('',(-0.02527656353,0.044506090712,-0.00273799999999968));
#16495=CARTESIAN_POINT('',(-0.02527656353,0.044506090712,-0.00273799999999968));
#16496=CARTESIAN_POINT('',(-0.02219656353,0.044506090712,-0.00273799999999968));
#16497=CARTESIAN_POINT('',(-0.02219656353,0.044506090712,0.00178200000000032));
#16498=CARTESIAN_POINT('',(-0.02908656353,0.044506090712,0.00178200000000035));
#16499=CARTESIAN_POINT('',(-0.02908656353,0.044506090712,0.00178200000000035));
#16500=CARTESIAN_POINT('',(-0.02600656353,0.044506090712,0.00178200000000035));
#16501=CARTESIAN_POINT('',(-0.02908656353,0.044506090712,0.00178200000000035));
#16502=CARTESIAN_POINT('',(-0.02908656353,0.044506090712,-0.00273799999999965));
#16503=CARTESIAN_POINT('',(-0.02908656353,0.044506090712,-0.00273799999999965));
#16504=CARTESIAN_POINT('',(-0.02600656353,0.044506090712,-0.00273799999999965));
#16505=CARTESIAN_POINT('',(-0.02600656353,0.044506090712,0.00178200000000035));
#16506=CARTESIAN_POINT('',(-0.03289656353,0.044506090712,0.00178200000000038));
#16507=CARTESIAN_POINT('',(-0.03289656353,0.044506090712,0.00178200000000038));
#16508=CARTESIAN_POINT('',(-0.02981656353,0.044506090712,0.00178200000000038));
#16509=CARTESIAN_POINT('',(-0.03289656353,0.044506090712,0.00178200000000038));
#16510=CARTESIAN_POINT('',(-0.03289656353,0.044506090712,-0.00273799999999962));
#16511=CARTESIAN_POINT('',(-0.03289656353,0.044506090712,-0.00273799999999962));
#16512=CARTESIAN_POINT('',(-0.02981656353,0.044506090712,-0.00273799999999962));
#16513=CARTESIAN_POINT('',(-0.02981656353,0.044506090712,0.00178200000000038));
#16514=CARTESIAN_POINT('',(-0.03670656353,0.044506090712,0.0017820000000004));
#16515=CARTESIAN_POINT('',(-0.03670656353,0.044506090712,0.0017820000000004));
#16516=CARTESIAN_POINT('',(-0.03362656353,0.044506090712,0.0017820000000004));
#16517=CARTESIAN_POINT('',(-0.03670656353,0.044506090712,0.0017820000000004));
#16518=CARTESIAN_POINT('',(-0.03670656353,0.044506090712,-0.0027379999999996));
#16519=CARTESIAN_POINT('',(-0.03670656353,0.044506090712,-0.0027379999999996));
#16520=CARTESIAN_POINT('',(-0.03362656353,0.044506090712,-0.0027379999999996));
#16521=CARTESIAN_POINT('',(-0.03362656353,0.044506090712,0.0017820000000004));
#16522=CARTESIAN_POINT('',(-0.04051656353,0.044506090712,0.00178200000000043));
#16523=CARTESIAN_POINT('',(-0.04051656353,0.044506090712,0.00178200000000043));
#16524=CARTESIAN_POINT('',(-0.03743656353,0.044506090712,0.00178200000000043));
#16525=CARTESIAN_POINT('',(-0.04051656353,0.044506090712,0.00178200000000043));
#16526=CARTESIAN_POINT('',(-0.04051656353,0.044506090712,-0.00273799999999957));
#16527=CARTESIAN_POINT('',(-0.04051656353,0.044506090712,-0.00273799999999957));
#16528=CARTESIAN_POINT('',(-0.03743656353,0.044506090712,-0.00273799999999957));
#16529=CARTESIAN_POINT('',(-0.03743656353,0.044506090712,0.00178200000000043));
#16530=CARTESIAN_POINT('',(-0.0443265635300001,0.044506090712,0.00178200000000046));
#16531=CARTESIAN_POINT('',(-0.0443265635300001,0.044506090712,0.00178200000000046));
#16532=CARTESIAN_POINT('',(-0.0412465635300001,0.044506090712,0.00178200000000046));
#16533=CARTESIAN_POINT('',(-0.0443265635300001,0.044506090712,0.00178200000000046));
#16534=CARTESIAN_POINT('',(-0.0443265635300001,0.044506090712,-0.00273799999999954));
#16535=CARTESIAN_POINT('',(-0.0443265635300001,0.044506090712,-0.00273799999999954));
#16536=CARTESIAN_POINT('',(-0.0412465635300001,0.044506090712,-0.00273799999999954));
#16537=CARTESIAN_POINT('',(-0.0412465635300001,0.044506090712,0.00178200000000046));
#16538=CARTESIAN_POINT('',(-0.0481365635300001,0.044506090712,0.00178200000000048));
#16539=CARTESIAN_POINT('',(-0.0481365635300001,0.044506090712,0.00178200000000048));
#16540=CARTESIAN_POINT('',(-0.0450565635300001,0.044506090712,0.00178200000000048));
#16541=CARTESIAN_POINT('',(-0.0481365635300001,0.044506090712,0.00178200000000048));
#16542=CARTESIAN_POINT('',(-0.0481365635300001,0.044506090712,-0.00273799999999952));
#16543=CARTESIAN_POINT('',(-0.0481365635300001,0.044506090712,-0.00273799999999952));
#16544=CARTESIAN_POINT('',(-0.0450565635300001,0.044506090712,-0.00273799999999952));
#16545=CARTESIAN_POINT('',(-0.0450565635300001,0.044506090712,0.00178200000000048));
#16546=CARTESIAN_POINT('',(-0.0519465635300001,0.044506090712,0.00178200000000051));
#16547=CARTESIAN_POINT('',(-0.0519465635300001,0.044506090712,0.00178200000000051));
#16548=CARTESIAN_POINT('',(-0.04886656353,0.044506090712,0.00178200000000051));
#16549=CARTESIAN_POINT('',(-0.0519465635300001,0.044506090712,0.00178200000000051));
#16550=CARTESIAN_POINT('',(-0.0519465635300001,0.044506090712,-0.00273799999999949));
#16551=CARTESIAN_POINT('',(-0.0519465635300001,0.044506090712,-0.00273799999999949));
#16552=CARTESIAN_POINT('',(-0.04886656353,0.044506090712,-0.00273799999999949));
#16553=CARTESIAN_POINT('',(-0.04886656353,0.044506090712,0.00178200000000051));
#16554=CARTESIAN_POINT('',(0.02044343647,0.044506090712,0.001782));
#16555=CARTESIAN_POINT('',(0.02044343647,0.044506090712,0.001782));
#16556=CARTESIAN_POINT('',(0.02352343647,0.044506090712,0.001782));
#16557=CARTESIAN_POINT('',(0.02044343647,0.044506090712,0.001782));
#16558=CARTESIAN_POINT('',(0.02044343647,0.044506090712,-0.002738));
#16559=CARTESIAN_POINT('',(0.02044343647,0.044506090712,-0.002738));
#16560=CARTESIAN_POINT('',(0.02352343647,0.044506090712,-0.002738));
#16561=CARTESIAN_POINT('',(0.02352343647,0.044506090712,0.001782));
#16562=CARTESIAN_POINT('',(0.02044343647,0.037556090712,0.001782));
#16563=CARTESIAN_POINT('',(0.02044343647,0.037556090712,0.001782));
#16564=CARTESIAN_POINT('',(0.02044343647,0.037556090712,-0.002738));
#16565=CARTESIAN_POINT('',(0.02044343647,0.037556090712,-0.002738));
#16566=CARTESIAN_POINT('',(0.02352343647,0.037556090712,-0.002738));
#16567=CARTESIAN_POINT('',(0.02352343647,0.037556090712,0.001782));
#16568=CARTESIAN_POINT('',(0.02352343647,0.037556090712,0.001782));
#16569=CARTESIAN_POINT('',(0.02044343647,0.037556090712,0.001782));
#16570=CARTESIAN_POINT('',(-0.0519465635300001,0.037556090712,0.00178200000000051));
#16571=CARTESIAN_POINT('',(-0.0519465635300001,0.037556090712,0.00178200000000051));
#16572=CARTESIAN_POINT('',(-0.0519465635300001,0.037556090712,-0.00273799999999949));
#16573=CARTESIAN_POINT('',(-0.0519465635300001,0.037556090712,-0.00273799999999949));
#16574=CARTESIAN_POINT('',(-0.04886656353,0.037556090712,-0.00273799999999949));
#16575=CARTESIAN_POINT('',(-0.04886656353,0.037556090712,0.00178200000000051));
#16576=CARTESIAN_POINT('',(-0.04886656353,0.037556090712,0.00178200000000051));
#16577=CARTESIAN_POINT('',(-0.0519465635300001,0.037556090712,0.00178200000000051));
#16578=CARTESIAN_POINT('',(-0.0481365635300001,0.037556090712,0.00178200000000048));
#16579=CARTESIAN_POINT('',(-0.0481365635300001,0.037556090712,0.00178200000000048));
#16580=CARTESIAN_POINT('',(-0.0481365635300001,0.037556090712,-0.00273799999999952));
#16581=CARTESIAN_POINT('',(-0.0481365635300001,0.037556090712,-0.00273799999999952));
#16582=CARTESIAN_POINT('',(-0.0450565635300001,0.037556090712,-0.00273799999999952));
#16583=CARTESIAN_POINT('',(-0.0450565635300001,0.037556090712,0.00178200000000048));
#16584=CARTESIAN_POINT('',(-0.0450565635300001,0.037556090712,0.00178200000000048));
#16585=CARTESIAN_POINT('',(-0.0481365635300001,0.037556090712,0.00178200000000048));
#16586=CARTESIAN_POINT('',(-0.0443265635300001,0.037556090712,0.00178200000000046));
#16587=CARTESIAN_POINT('',(-0.0443265635300001,0.037556090712,0.00178200000000046));
#16588=CARTESIAN_POINT('',(-0.0443265635300001,0.037556090712,-0.00273799999999954));
#16589=CARTESIAN_POINT('',(-0.0443265635300001,0.037556090712,-0.00273799999999954));
#16590=CARTESIAN_POINT('',(-0.0412465635300001,0.037556090712,-0.00273799999999954));
#16591=CARTESIAN_POINT('',(-0.0412465635300001,0.037556090712,0.00178200000000046));
#16592=CARTESIAN_POINT('',(-0.0412465635300001,0.037556090712,0.00178200000000046));
#16593=CARTESIAN_POINT('',(-0.0443265635300001,0.037556090712,0.00178200000000046));
#16594=CARTESIAN_POINT('',(-0.04051656353,0.037556090712,0.00178200000000043));
#16595=CARTESIAN_POINT('',(-0.04051656353,0.037556090712,0.00178200000000043));
#16596=CARTESIAN_POINT('',(-0.04051656353,0.037556090712,-0.00273799999999957));
#16597=CARTESIAN_POINT('',(-0.04051656353,0.037556090712,-0.00273799999999957));
#16598=CARTESIAN_POINT('',(-0.03743656353,0.037556090712,-0.00273799999999957));
#16599=CARTESIAN_POINT('',(-0.03743656353,0.037556090712,0.00178200000000043));
#16600=CARTESIAN_POINT('',(-0.03743656353,0.037556090712,0.00178200000000043));
#16601=CARTESIAN_POINT('',(-0.04051656353,0.037556090712,0.00178200000000043));
#16602=CARTESIAN_POINT('',(-0.03670656353,0.037556090712,0.0017820000000004));
#16603=CARTESIAN_POINT('',(-0.03670656353,0.037556090712,0.0017820000000004));
#16604=CARTESIAN_POINT('',(-0.03670656353,0.037556090712,-0.0027379999999996));
#16605=CARTESIAN_POINT('',(-0.03670656353,0.037556090712,-0.0027379999999996));
#16606=CARTESIAN_POINT('',(-0.03362656353,0.037556090712,-0.0027379999999996));
#16607=CARTESIAN_POINT('',(-0.03362656353,0.037556090712,0.0017820000000004));
#16608=CARTESIAN_POINT('',(-0.03362656353,0.037556090712,0.0017820000000004));
#16609=CARTESIAN_POINT('',(-0.03670656353,0.037556090712,0.0017820000000004));
#16610=CARTESIAN_POINT('',(-0.03289656353,0.037556090712,0.00178200000000038));
#16611=CARTESIAN_POINT('',(-0.03289656353,0.037556090712,0.00178200000000038));
#16612=CARTESIAN_POINT('',(-0.03289656353,0.037556090712,-0.00273799999999962));
#16613=CARTESIAN_POINT('',(-0.03289656353,0.037556090712,-0.00273799999999962));
#16614=CARTESIAN_POINT('',(-0.02981656353,0.037556090712,-0.00273799999999962));
#16615=CARTESIAN_POINT('',(-0.02981656353,0.037556090712,0.00178200000000038));
#16616=CARTESIAN_POINT('',(-0.02981656353,0.037556090712,0.00178200000000038));
#16617=CARTESIAN_POINT('',(-0.03289656353,0.037556090712,0.00178200000000038));
#16618=CARTESIAN_POINT('',(-0.02908656353,0.037556090712,0.00178200000000035));
#16619=CARTESIAN_POINT('',(-0.02908656353,0.037556090712,0.00178200000000035));
#16620=CARTESIAN_POINT('',(-0.02908656353,0.037556090712,-0.00273799999999965));
#16621=CARTESIAN_POINT('',(-0.02908656353,0.037556090712,-0.00273799999999965));
#16622=CARTESIAN_POINT('',(-0.02600656353,0.037556090712,-0.00273799999999965));
#16623=CARTESIAN_POINT('',(-0.02600656353,0.037556090712,0.00178200000000035));
#16624=CARTESIAN_POINT('',(-0.02600656353,0.037556090712,0.00178200000000035));
#16625=CARTESIAN_POINT('',(-0.02908656353,0.037556090712,0.00178200000000035));
#16626=CARTESIAN_POINT('',(-0.02527656353,0.037556090712,0.00178200000000032));
#16627=CARTESIAN_POINT('',(-0.02527656353,0.037556090712,0.00178200000000032));
#16628=CARTESIAN_POINT('',(-0.02527656353,0.037556090712,-0.00273799999999968));
#16629=CARTESIAN_POINT('',(-0.02527656353,0.037556090712,-0.00273799999999968));
#16630=CARTESIAN_POINT('',(-0.02219656353,0.037556090712,-0.00273799999999968));
#16631=CARTESIAN_POINT('',(-0.02219656353,0.037556090712,0.00178200000000032));
#16632=CARTESIAN_POINT('',(-0.02219656353,0.037556090712,0.00178200000000032));
#16633=CARTESIAN_POINT('',(-0.02527656353,0.037556090712,0.00178200000000032));
#16634=CARTESIAN_POINT('',(-0.02146656353,0.037556090712,0.0017820000000003));
#16635=CARTESIAN_POINT('',(-0.02146656353,0.037556090712,0.0017820000000003));
#16636=CARTESIAN_POINT('',(-0.02146656353,0.037556090712,-0.0027379999999997));
#16637=CARTESIAN_POINT('',(-0.02146656353,0.037556090712,-0.0027379999999997));
#16638=CARTESIAN_POINT('',(-0.01838656353,0.037556090712,-0.0027379999999997));
#16639=CARTESIAN_POINT('',(-0.01838656353,0.037556090712,0.0017820000000003));
#16640=CARTESIAN_POINT('',(-0.01838656353,0.037556090712,0.0017820000000003));
#16641=CARTESIAN_POINT('',(-0.02146656353,0.037556090712,0.0017820000000003));
#16642=CARTESIAN_POINT('',(-0.01765656353,0.037556090712,0.00178200000000027));
#16643=CARTESIAN_POINT('',(-0.01765656353,0.037556090712,0.00178200000000027));
#16644=CARTESIAN_POINT('',(-0.01765656353,0.037556090712,-0.00273799999999973));
#16645=CARTESIAN_POINT('',(-0.01765656353,0.037556090712,-0.00273799999999973));
#16646=CARTESIAN_POINT('',(-0.01457656353,0.037556090712,-0.00273799999999973));
#16647=CARTESIAN_POINT('',(-0.01457656353,0.037556090712,0.00178200000000027));
#16648=CARTESIAN_POINT('',(-0.01457656353,0.037556090712,0.00178200000000027));
#16649=CARTESIAN_POINT('',(-0.01765656353,0.037556090712,0.00178200000000027));
#16650=CARTESIAN_POINT('',(-0.01384656353,0.037556090712,0.00178200000000024));
#16651=CARTESIAN_POINT('',(-0.01384656353,0.037556090712,0.00178200000000024));
#16652=CARTESIAN_POINT('',(-0.01384656353,0.037556090712,-0.00273799999999976));
#16653=CARTESIAN_POINT('',(-0.01384656353,0.037556090712,-0.00273799999999976));
#16654=CARTESIAN_POINT('',(-0.01076656353,0.037556090712,-0.00273799999999976));
#16655=CARTESIAN_POINT('',(-0.01076656353,0.037556090712,0.00178200000000024));
#16656=CARTESIAN_POINT('',(-0.01076656353,0.037556090712,0.00178200000000024));
#16657=CARTESIAN_POINT('',(-0.01384656353,0.037556090712,0.00178200000000024));
#16658=CARTESIAN_POINT('',(-0.01003656353,0.037556090712,0.00178200000000022));
#16659=CARTESIAN_POINT('',(-0.01003656353,0.037556090712,0.00178200000000022));
#16660=CARTESIAN_POINT('',(-0.01003656353,0.037556090712,-0.00273799999999978));
#16661=CARTESIAN_POINT('',(-0.01003656353,0.037556090712,-0.00273799999999978));
#16662=CARTESIAN_POINT('',(-0.00695656353000004,0.037556090712,-0.00273799999999978));
#16663=CARTESIAN_POINT('',(-0.00695656353000004,0.037556090712,0.00178200000000022));
#16664=CARTESIAN_POINT('',(-0.00695656353000004,0.037556090712,0.00178200000000022));
#16665=CARTESIAN_POINT('',(-0.01003656353,0.037556090712,0.00178200000000022));
#16666=CARTESIAN_POINT('',(-0.00622656353000004,0.037556090712,0.00178200000000019));
#16667=CARTESIAN_POINT('',(-0.00622656353000004,0.037556090712,0.00178200000000019));
#16668=CARTESIAN_POINT('',(-0.00622656353000004,0.037556090712,-0.00273799999999981));
#16669=CARTESIAN_POINT('',(-0.00622656353000004,0.037556090712,-0.00273799999999981));
#16670=CARTESIAN_POINT('',(-0.00314656353000004,0.037556090712,-0.00273799999999981));
#16671=CARTESIAN_POINT('',(-0.00314656353000004,0.037556090712,0.00178200000000019));
#16672=CARTESIAN_POINT('',(-0.00314656353000004,0.037556090712,0.00178200000000019));
#16673=CARTESIAN_POINT('',(-0.00622656353000004,0.037556090712,0.00178200000000019));
#16674=CARTESIAN_POINT('',(-0.00241656353000004,0.037556090712,0.00178200000000016));
#16675=CARTESIAN_POINT('',(-0.00241656353000004,0.037556090712,0.00178200000000016));
#16676=CARTESIAN_POINT('',(-0.00241656353000004,0.037556090712,-0.00273799999999984));
#16677=CARTESIAN_POINT('',(-0.00241656353000004,0.037556090712,-0.00273799999999984));
#16678=CARTESIAN_POINT('',(0.000663436469999959,0.037556090712,-0.00273799999999984));
#16679=CARTESIAN_POINT('',(0.000663436469999959,0.037556090712,0.00178200000000016));
#16680=CARTESIAN_POINT('',(0.000663436469999959,0.037556090712,0.00178200000000016));
#16681=CARTESIAN_POINT('',(-0.00241656353000004,0.037556090712,0.00178200000000016));
#16682=CARTESIAN_POINT('',(0.00139343646999996,0.037556090712,0.00178200000000014));
#16683=CARTESIAN_POINT('',(0.00139343646999996,0.037556090712,0.00178200000000014));
#16684=CARTESIAN_POINT('',(0.00139343646999996,0.037556090712,-0.00273799999999986));
#16685=CARTESIAN_POINT('',(0.00139343646999996,0.037556090712,-0.00273799999999986));
#16686=CARTESIAN_POINT('',(0.00447343646999996,0.037556090712,-0.00273799999999986));
#16687=CARTESIAN_POINT('',(0.00447343646999996,0.037556090712,0.00178200000000014));
#16688=CARTESIAN_POINT('',(0.00447343646999996,0.037556090712,0.00178200000000014));
#16689=CARTESIAN_POINT('',(0.00139343646999996,0.037556090712,0.00178200000000014));
#16690=CARTESIAN_POINT('',(0.00520343646999996,0.037556090712,0.00178200000000011));
#16691=CARTESIAN_POINT('',(0.00520343646999996,0.037556090712,0.00178200000000011));
#16692=CARTESIAN_POINT('',(0.00520343646999996,0.037556090712,-0.00273799999999989));
#16693=CARTESIAN_POINT('',(0.00520343646999996,0.037556090712,-0.00273799999999989));
#16694=CARTESIAN_POINT('',(0.00828343646999996,0.037556090712,-0.00273799999999989));
#16695=CARTESIAN_POINT('',(0.00828343646999996,0.037556090712,0.00178200000000011));
#16696=CARTESIAN_POINT('',(0.00828343646999996,0.037556090712,0.00178200000000011));
#16697=CARTESIAN_POINT('',(0.00520343646999996,0.037556090712,0.00178200000000011));
#16698=CARTESIAN_POINT('',(0.00901343646999996,0.037556090712,0.00178200000000008));
#16699=CARTESIAN_POINT('',(0.00901343646999996,0.037556090712,0.00178200000000008));
#16700=CARTESIAN_POINT('',(0.00901343646999996,0.037556090712,-0.00273799999999992));
#16701=CARTESIAN_POINT('',(0.00901343646999996,0.037556090712,-0.00273799999999992));
#16702=CARTESIAN_POINT('',(0.01209343647,0.037556090712,-0.00273799999999992));
#16703=CARTESIAN_POINT('',(0.01209343647,0.037556090712,0.00178200000000008));
#16704=CARTESIAN_POINT('',(0.01209343647,0.037556090712,0.00178200000000008));
#16705=CARTESIAN_POINT('',(0.00901343646999996,0.037556090712,0.00178200000000008));
#16706=CARTESIAN_POINT('',(0.01282343647,0.037556090712,0.00178200000000006));
#16707=CARTESIAN_POINT('',(0.01282343647,0.037556090712,0.00178200000000006));
#16708=CARTESIAN_POINT('',(0.01282343647,0.037556090712,-0.00273799999999994));
#16709=CARTESIAN_POINT('',(0.01282343647,0.037556090712,-0.00273799999999994));
#16710=CARTESIAN_POINT('',(0.01590343647,0.037556090712,-0.00273799999999994));
#16711=CARTESIAN_POINT('',(0.01590343647,0.037556090712,0.00178200000000006));
#16712=CARTESIAN_POINT('',(0.01590343647,0.037556090712,0.00178200000000006));
#16713=CARTESIAN_POINT('',(0.01282343647,0.037556090712,0.00178200000000006));
#16714=CARTESIAN_POINT('',(0.01663343647,0.037556090712,0.00178200000000003));
#16715=CARTESIAN_POINT('',(0.01663343647,0.037556090712,0.00178200000000003));
#16716=CARTESIAN_POINT('',(0.01663343647,0.037556090712,-0.002738));
#16717=CARTESIAN_POINT('',(0.01663343647,0.037556090712,-0.002738));
#16718=CARTESIAN_POINT('',(0.01971343647,0.037556090712,-0.002738));
#16719=CARTESIAN_POINT('',(0.01971343647,0.037556090712,0.00178200000000003));
#16720=CARTESIAN_POINT('',(0.01971343647,0.037556090712,0.00178200000000003));
#16721=CARTESIAN_POINT('',(0.01663343647,0.037556090712,0.00178200000000003));
#16722=CARTESIAN_POINT('',(0.02158343647,0.041856090712,-0.000878));
#16723=CARTESIAN_POINT('',(0.02158343647,0.041856090712,-7.79999999999955E-5));
#16724=CARTESIAN_POINT('',(0.02158343647,0.041856090712,-7.79999999999955E-5));
#16725=CARTESIAN_POINT('',(0.02158343647,0.041856090712,-0.000878));
#16726=CARTESIAN_POINT('',(0.02158343647,0.041856090712,-0.000878));
#16727=CARTESIAN_POINT('',(0.02158343647,0.041856090712,-0.000878));
#16728=CARTESIAN_POINT('',(0.02238343647,0.041856090712,-7.79999999999956E-5));
#16729=CARTESIAN_POINT('',(0.02238343647,0.041856090712,-7.79999999999956E-5));
#16730=CARTESIAN_POINT('',(0.02238343647,0.041856090712,-7.79999999999956E-5));
#16731=CARTESIAN_POINT('',(0.02238343647,0.041856090712,-7.79999999999956E-5));
#16732=CARTESIAN_POINT('',(0.02238343647,0.041856090712,-0.000878));
#16733=CARTESIAN_POINT('',(0.02238343647,0.041856090712,-0.000878));
#16734=CARTESIAN_POINT('',(0.02238343647,0.041856090712,-0.000878));
#16735=CARTESIAN_POINT('',(0.02238343647,0.041856090712,-0.000878));
#16736=CARTESIAN_POINT('',(0.02238343647,0.041856090712,-0.000878));
#16737=CARTESIAN_POINT('',(0.02238343647,0.041856090712,-0.000878));
#16738=CARTESIAN_POINT('',(0.,0.041856090712,0.));
#16739=CARTESIAN_POINT('',(0.01777343647,0.041856090712,-0.000878));
#16740=CARTESIAN_POINT('',(0.01777343647,0.041856090712,-7.79999999999952E-5));
#16741=CARTESIAN_POINT('',(0.01777343647,0.041856090712,-7.79999999999952E-5));
#16742=CARTESIAN_POINT('',(0.01777343647,0.041856090712,-0.000878));
#16743=CARTESIAN_POINT('',(0.01777343647,0.041856090712,-0.000878));
#16744=CARTESIAN_POINT('',(0.01777343647,0.041856090712,-0.000878));
#16745=CARTESIAN_POINT('',(0.01857343647,0.041856090712,-7.79999999999953E-5));
#16746=CARTESIAN_POINT('',(0.01857343647,0.041856090712,-7.79999999999953E-5));
#16747=CARTESIAN_POINT('',(0.01857343647,0.041856090712,-7.79999999999953E-5));
#16748=CARTESIAN_POINT('',(0.01857343647,0.041856090712,-7.79999999999953E-5));
#16749=CARTESIAN_POINT('',(0.01857343647,0.041856090712,-0.000878));
#16750=CARTESIAN_POINT('',(0.01857343647,0.041856090712,-0.000878));
#16751=CARTESIAN_POINT('',(0.01857343647,0.041856090712,-0.000878));
#16752=CARTESIAN_POINT('',(0.01857343647,0.041856090712,-0.000878));
#16753=CARTESIAN_POINT('',(0.01857343647,0.041856090712,-0.000878));
#16754=CARTESIAN_POINT('',(0.01857343647,0.041856090712,-0.000878));
#16755=CARTESIAN_POINT('',(0.,0.041856090712,0.));
#16756=CARTESIAN_POINT('',(0.01396343647,0.041856090712,-0.000878));
#16757=CARTESIAN_POINT('',(0.01396343647,0.041856090712,-7.79999999999963E-5));
#16758=CARTESIAN_POINT('',(0.01396343647,0.041856090712,-7.79999999999963E-5));
#16759=CARTESIAN_POINT('',(0.01396343647,0.041856090712,-0.000878));
#16760=CARTESIAN_POINT('',(0.01396343647,0.041856090712,-0.000878));
#16761=CARTESIAN_POINT('',(0.01396343647,0.041856090712,-0.000878));
#16762=CARTESIAN_POINT('',(0.01476343647,0.041856090712,-7.79999999999953E-5));
#16763=CARTESIAN_POINT('',(0.01476343647,0.041856090712,-7.79999999999953E-5));
#16764=CARTESIAN_POINT('',(0.01476343647,0.041856090712,-7.79999999999953E-5));
#16765=CARTESIAN_POINT('',(0.01476343647,0.041856090712,-7.79999999999953E-5));
#16766=CARTESIAN_POINT('',(0.01476343647,0.041856090712,-0.000878));
#16767=CARTESIAN_POINT('',(0.01476343647,0.041856090712,-0.000878));
#16768=CARTESIAN_POINT('',(0.01476343647,0.041856090712,-0.000878));
#16769=CARTESIAN_POINT('',(0.01476343647,0.041856090712,-0.000878));
#16770=CARTESIAN_POINT('',(0.01476343647,0.041856090712,-0.000878));
#16771=CARTESIAN_POINT('',(0.01476343647,0.041856090712,-0.000878));
#16772=CARTESIAN_POINT('',(0.,0.041856090712,0.));
#16773=CARTESIAN_POINT('',(0.01015343647,0.041856090712,-0.000878));
#16774=CARTESIAN_POINT('',(0.01015343647,0.041856090712,-7.79999999999963E-5));
#16775=CARTESIAN_POINT('',(0.01015343647,0.041856090712,-7.79999999999963E-5));
#16776=CARTESIAN_POINT('',(0.01015343647,0.041856090712,-0.000878));
#16777=CARTESIAN_POINT('',(0.01015343647,0.041856090712,-0.000878));
#16778=CARTESIAN_POINT('',(0.01015343647,0.041856090712,-0.000878));
#16779=CARTESIAN_POINT('',(0.01095343647,0.041856090712,-7.79999999999953E-5));
#16780=CARTESIAN_POINT('',(0.01095343647,0.041856090712,-7.79999999999953E-5));
#16781=CARTESIAN_POINT('',(0.01095343647,0.041856090712,-7.79999999999953E-5));
#16782=CARTESIAN_POINT('',(0.01095343647,0.041856090712,-7.79999999999953E-5));
#16783=CARTESIAN_POINT('',(0.01095343647,0.041856090712,-0.000878));
#16784=CARTESIAN_POINT('',(0.01095343647,0.041856090712,-0.000878));
#16785=CARTESIAN_POINT('',(0.01095343647,0.041856090712,-0.000878));
#16786=CARTESIAN_POINT('',(0.01095343647,0.041856090712,-0.000878));
#16787=CARTESIAN_POINT('',(0.01095343647,0.041856090712,-0.000878));
#16788=CARTESIAN_POINT('',(0.01095343647,0.041856090712,-0.000878));
#16789=CARTESIAN_POINT('',(0.,0.041856090712,0.));
#16790=CARTESIAN_POINT('',(0.00634343646999996,0.041856090712,-0.000878));
#16791=CARTESIAN_POINT('',(0.00634343646999996,0.041856090712,-7.79999999999963E-5));
#16792=CARTESIAN_POINT('',(0.00634343646999996,0.041856090712,-7.79999999999963E-5));
#16793=CARTESIAN_POINT('',(0.00634343646999996,0.041856090712,-0.000878));
#16794=CARTESIAN_POINT('',(0.00634343646999996,0.041856090712,-0.000878));
#16795=CARTESIAN_POINT('',(0.00634343646999996,0.041856090712,-0.000878));
#16796=CARTESIAN_POINT('',(0.00714343646999997,0.041856090712,-7.79999999999953E-5));
#16797=CARTESIAN_POINT('',(0.00714343646999997,0.041856090712,-7.79999999999953E-5));
#16798=CARTESIAN_POINT('',(0.00714343646999997,0.041856090712,-7.79999999999953E-5));
#16799=CARTESIAN_POINT('',(0.00714343646999997,0.041856090712,-7.79999999999953E-5));
#16800=CARTESIAN_POINT('',(0.00714343646999997,0.041856090712,-0.000878));
#16801=CARTESIAN_POINT('',(0.00714343646999997,0.041856090712,-0.000878));
#16802=CARTESIAN_POINT('',(0.00714343646999997,0.041856090712,-0.000878));
#16803=CARTESIAN_POINT('',(0.00714343646999997,0.041856090712,-0.000878));
#16804=CARTESIAN_POINT('',(0.00714343646999997,0.041856090712,-0.000878));
#16805=CARTESIAN_POINT('',(0.00714343646999997,0.041856090712,-0.000878));
#16806=CARTESIAN_POINT('',(0.,0.041856090712,0.));
#16807=CARTESIAN_POINT('',(0.00253343646999996,0.041856090712,-0.000878));
#16808=CARTESIAN_POINT('',(0.00253343646999996,0.041856090712,-7.79999999999963E-5));
#16809=CARTESIAN_POINT('',(0.00253343646999996,0.041856090712,-7.79999999999963E-5));
#16810=CARTESIAN_POINT('',(0.00253343646999996,0.041856090712,-0.000878));
#16811=CARTESIAN_POINT('',(0.00253343646999996,0.041856090712,-0.000878));
#16812=CARTESIAN_POINT('',(0.00253343646999996,0.041856090712,-0.000878));
#16813=CARTESIAN_POINT('',(0.00333343646999996,0.041856090712,-7.79999999999953E-5));
#16814=CARTESIAN_POINT('',(0.00333343646999996,0.041856090712,-7.79999999999953E-5));
#16815=CARTESIAN_POINT('',(0.00333343646999996,0.041856090712,-7.79999999999953E-5));
#16816=CARTESIAN_POINT('',(0.00333343646999996,0.041856090712,-7.79999999999953E-5));
#16817=CARTESIAN_POINT('',(0.00333343646999996,0.041856090712,-0.000878));
#16818=CARTESIAN_POINT('',(0.00333343646999996,0.041856090712,-0.000878));
#16819=CARTESIAN_POINT('',(0.00333343646999996,0.041856090712,-0.000878));
#16820=CARTESIAN_POINT('',(0.00333343646999996,0.041856090712,-0.000878));
#16821=CARTESIAN_POINT('',(0.00333343646999996,0.041856090712,-0.000878));
#16822=CARTESIAN_POINT('',(0.00333343646999996,0.041856090712,-0.000878));
#16823=CARTESIAN_POINT('',(0.,0.041856090712,0.));
#16824=CARTESIAN_POINT('',(-0.00127656353000003,0.041856090712,-0.000878));
#16825=CARTESIAN_POINT('',(-0.00127656353000003,0.041856090712,-7.79999999999963E-5));
#16826=CARTESIAN_POINT('',(-0.00127656353000003,0.041856090712,-7.79999999999963E-5));
#16827=CARTESIAN_POINT('',(-0.00127656353000003,0.041856090712,-0.000878));
#16828=CARTESIAN_POINT('',(-0.00127656353000003,0.041856090712,-0.000878));
#16829=CARTESIAN_POINT('',(-0.00127656353000003,0.041856090712,-0.000878));
#16830=CARTESIAN_POINT('',(-0.000476563530000033,0.041856090712,-7.79999999999953E-5));
#16831=CARTESIAN_POINT('',(-0.000476563530000033,0.041856090712,-7.79999999999953E-5));
#16832=CARTESIAN_POINT('',(-0.000476563530000033,0.041856090712,-7.79999999999953E-5));
#16833=CARTESIAN_POINT('',(-0.000476563530000033,0.041856090712,-7.79999999999953E-5));
#16834=CARTESIAN_POINT('',(-0.000476563530000033,0.041856090712,-0.000878));
#16835=CARTESIAN_POINT('',(-0.000476563530000033,0.041856090712,-0.000878));
#16836=CARTESIAN_POINT('',(-0.000476563530000033,0.041856090712,-0.000878));
#16837=CARTESIAN_POINT('',(-0.000476563530000033,0.041856090712,-0.000878));
#16838=CARTESIAN_POINT('',(-0.000476563530000033,0.041856090712,-0.000878));
#16839=CARTESIAN_POINT('',(-0.000476563530000033,0.041856090712,-0.000878));
#16840=CARTESIAN_POINT('',(0.,0.041856090712,0.));
#16841=CARTESIAN_POINT('',(-0.00508656353000004,0.041856090712,-0.000878));
#16842=CARTESIAN_POINT('',(-0.00508656353000004,0.041856090712,-7.79999999999963E-5));
#16843=CARTESIAN_POINT('',(-0.00508656353000004,0.041856090712,-7.79999999999963E-5));
#16844=CARTESIAN_POINT('',(-0.00508656353000004,0.041856090712,-0.000878));
#16845=CARTESIAN_POINT('',(-0.00508656353000004,0.041856090712,-0.000878));
#16846=CARTESIAN_POINT('',(-0.00508656353000004,0.041856090712,-0.000878));
#16847=CARTESIAN_POINT('',(-0.00428656353000003,0.041856090712,-7.79999999999953E-5));
#16848=CARTESIAN_POINT('',(-0.00428656353000003,0.041856090712,-7.79999999999953E-5));
#16849=CARTESIAN_POINT('',(-0.00428656353000003,0.041856090712,-7.79999999999953E-5));
#16850=CARTESIAN_POINT('',(-0.00428656353000003,0.041856090712,-7.79999999999953E-5));
#16851=CARTESIAN_POINT('',(-0.00428656353000003,0.041856090712,-0.000878));
#16852=CARTESIAN_POINT('',(-0.00428656353000003,0.041856090712,-0.000878));
#16853=CARTESIAN_POINT('',(-0.00428656353000003,0.041856090712,-0.000878));
#16854=CARTESIAN_POINT('',(-0.00428656353000003,0.041856090712,-0.000878));
#16855=CARTESIAN_POINT('',(-0.00428656353000003,0.041856090712,-0.000878));
#16856=CARTESIAN_POINT('',(-0.00428656353000003,0.041856090712,-0.000878));
#16857=CARTESIAN_POINT('',(0.,0.041856090712,0.));
#16858=CARTESIAN_POINT('',(-0.00889656353000004,0.041856090712,-0.000878));
#16859=CARTESIAN_POINT('',(-0.00889656353000004,0.041856090712,-7.79999999999963E-5));
#16860=CARTESIAN_POINT('',(-0.00889656353000004,0.041856090712,-7.79999999999963E-5));
#16861=CARTESIAN_POINT('',(-0.00889656353000004,0.041856090712,-0.000878));
#16862=CARTESIAN_POINT('',(-0.00889656353000004,0.041856090712,-0.000878));
#16863=CARTESIAN_POINT('',(-0.00889656353000004,0.041856090712,-0.000878));
#16864=CARTESIAN_POINT('',(-0.00809656353000003,0.041856090712,-7.79999999999953E-5));
#16865=CARTESIAN_POINT('',(-0.00809656353000003,0.041856090712,-7.79999999999953E-5));
#16866=CARTESIAN_POINT('',(-0.00809656353000003,0.041856090712,-7.79999999999953E-5));
#16867=CARTESIAN_POINT('',(-0.00809656353000003,0.041856090712,-7.79999999999953E-5));
#16868=CARTESIAN_POINT('',(-0.00809656353000003,0.041856090712,-0.000878));
#16869=CARTESIAN_POINT('',(-0.00809656353000003,0.041856090712,-0.000878));
#16870=CARTESIAN_POINT('',(-0.00809656353000003,0.041856090712,-0.000878));
#16871=CARTESIAN_POINT('',(-0.00809656353000003,0.041856090712,-0.000878));
#16872=CARTESIAN_POINT('',(-0.00809656353000003,0.041856090712,-0.000878));
#16873=CARTESIAN_POINT('',(-0.00809656353000003,0.041856090712,-0.000878));
#16874=CARTESIAN_POINT('',(0.,0.041856090712,0.));
#16875=CARTESIAN_POINT('',(-0.01270656353,0.041856090712,-0.000878));
#16876=CARTESIAN_POINT('',(-0.01270656353,0.041856090712,-7.79999999999963E-5));
#16877=CARTESIAN_POINT('',(-0.01270656353,0.041856090712,-7.79999999999963E-5));
#16878=CARTESIAN_POINT('',(-0.01270656353,0.041856090712,-0.000878));
#16879=CARTESIAN_POINT('',(-0.01270656353,0.041856090712,-0.000878));
#16880=CARTESIAN_POINT('',(-0.01270656353,0.041856090712,-0.000878));
#16881=CARTESIAN_POINT('',(-0.01190656353,0.041856090712,-7.79999999999953E-5));
#16882=CARTESIAN_POINT('',(-0.01190656353,0.041856090712,-7.79999999999953E-5));
#16883=CARTESIAN_POINT('',(-0.01190656353,0.041856090712,-7.79999999999953E-5));
#16884=CARTESIAN_POINT('',(-0.01190656353,0.041856090712,-7.79999999999953E-5));
#16885=CARTESIAN_POINT('',(-0.01190656353,0.041856090712,-0.000878));
#16886=CARTESIAN_POINT('',(-0.01190656353,0.041856090712,-0.000878));
#16887=CARTESIAN_POINT('',(-0.01190656353,0.041856090712,-0.000878));
#16888=CARTESIAN_POINT('',(-0.01190656353,0.041856090712,-0.000878));
#16889=CARTESIAN_POINT('',(-0.01190656353,0.041856090712,-0.000878));
#16890=CARTESIAN_POINT('',(-0.01190656353,0.041856090712,-0.000878));
#16891=CARTESIAN_POINT('',(0.,0.041856090712,0.));
#16892=CARTESIAN_POINT('',(-0.01651656353,0.041856090712,-0.000878));
#16893=CARTESIAN_POINT('',(-0.01651656353,0.041856090712,-7.79999999999963E-5));
#16894=CARTESIAN_POINT('',(-0.01651656353,0.041856090712,-7.79999999999963E-5));
#16895=CARTESIAN_POINT('',(-0.01651656353,0.041856090712,-0.000878));
#16896=CARTESIAN_POINT('',(-0.01651656353,0.041856090712,-0.000878));
#16897=CARTESIAN_POINT('',(-0.01651656353,0.041856090712,-0.000878));
#16898=CARTESIAN_POINT('',(-0.01571656353,0.041856090712,-7.79999999999953E-5));
#16899=CARTESIAN_POINT('',(-0.01571656353,0.041856090712,-7.79999999999953E-5));
#16900=CARTESIAN_POINT('',(-0.01571656353,0.041856090712,-7.79999999999953E-5));
#16901=CARTESIAN_POINT('',(-0.01571656353,0.041856090712,-7.79999999999953E-5));
#16902=CARTESIAN_POINT('',(-0.01571656353,0.041856090712,-0.000878));
#16903=CARTESIAN_POINT('',(-0.01571656353,0.041856090712,-0.000878));
#16904=CARTESIAN_POINT('',(-0.01571656353,0.041856090712,-0.000878));
#16905=CARTESIAN_POINT('',(-0.01571656353,0.041856090712,-0.000878));
#16906=CARTESIAN_POINT('',(-0.01571656353,0.041856090712,-0.000878));
#16907=CARTESIAN_POINT('',(-0.01571656353,0.041856090712,-0.000878));
#16908=CARTESIAN_POINT('',(0.,0.041856090712,0.));
#16909=CARTESIAN_POINT('',(-0.02032656353,0.041856090712,-0.000878));
#16910=CARTESIAN_POINT('',(-0.02032656353,0.041856090712,-7.79999999999963E-5));
#16911=CARTESIAN_POINT('',(-0.02032656353,0.041856090712,-7.79999999999963E-5));
#16912=CARTESIAN_POINT('',(-0.02032656353,0.041856090712,-0.000878));
#16913=CARTESIAN_POINT('',(-0.02032656353,0.041856090712,-0.000878));
#16914=CARTESIAN_POINT('',(-0.02032656353,0.041856090712,-0.000878));
#16915=CARTESIAN_POINT('',(-0.01952656353,0.041856090712,-7.79999999999953E-5));
#16916=CARTESIAN_POINT('',(-0.01952656353,0.041856090712,-7.79999999999953E-5));
#16917=CARTESIAN_POINT('',(-0.01952656353,0.041856090712,-7.79999999999953E-5));
#16918=CARTESIAN_POINT('',(-0.01952656353,0.041856090712,-7.79999999999953E-5));
#16919=CARTESIAN_POINT('',(-0.01952656353,0.041856090712,-0.000878));
#16920=CARTESIAN_POINT('',(-0.01952656353,0.041856090712,-0.000878));
#16921=CARTESIAN_POINT('',(-0.01952656353,0.041856090712,-0.000878));
#16922=CARTESIAN_POINT('',(-0.01952656353,0.041856090712,-0.000878));
#16923=CARTESIAN_POINT('',(-0.01952656353,0.041856090712,-0.000878));
#16924=CARTESIAN_POINT('',(-0.01952656353,0.041856090712,-0.000878));
#16925=CARTESIAN_POINT('',(0.,0.041856090712,0.));
#16926=CARTESIAN_POINT('',(-0.02413656353,0.041856090712,-0.000878));
#16927=CARTESIAN_POINT('',(-0.02413656353,0.041856090712,-7.79999999999963E-5));
#16928=CARTESIAN_POINT('',(-0.02413656353,0.041856090712,-7.79999999999963E-5));
#16929=CARTESIAN_POINT('',(-0.02413656353,0.041856090712,-0.000878));
#16930=CARTESIAN_POINT('',(-0.02413656353,0.041856090712,-0.000878));
#16931=CARTESIAN_POINT('',(-0.02413656353,0.041856090712,-0.000878));
#16932=CARTESIAN_POINT('',(-0.02333656353,0.041856090712,-7.79999999999953E-5));
#16933=CARTESIAN_POINT('',(-0.02333656353,0.041856090712,-7.79999999999953E-5));
#16934=CARTESIAN_POINT('',(-0.02333656353,0.041856090712,-7.79999999999953E-5));
#16935=CARTESIAN_POINT('',(-0.02333656353,0.041856090712,-7.79999999999953E-5));
#16936=CARTESIAN_POINT('',(-0.02333656353,0.041856090712,-0.000878));
#16937=CARTESIAN_POINT('',(-0.02333656353,0.041856090712,-0.000878));
#16938=CARTESIAN_POINT('',(-0.02333656353,0.041856090712,-0.000878));
#16939=CARTESIAN_POINT('',(-0.02333656353,0.041856090712,-0.000878));
#16940=CARTESIAN_POINT('',(-0.02333656353,0.041856090712,-0.000878));
#16941=CARTESIAN_POINT('',(-0.02333656353,0.041856090712,-0.000878));
#16942=CARTESIAN_POINT('',(0.,0.041856090712,0.));
#16943=CARTESIAN_POINT('',(-0.02794656353,0.041856090712,-0.000878));
#16944=CARTESIAN_POINT('',(-0.02794656353,0.041856090712,-7.79999999999963E-5));
#16945=CARTESIAN_POINT('',(-0.02794656353,0.041856090712,-7.79999999999963E-5));
#16946=CARTESIAN_POINT('',(-0.02794656353,0.041856090712,-0.000878));
#16947=CARTESIAN_POINT('',(-0.02794656353,0.041856090712,-0.000878));
#16948=CARTESIAN_POINT('',(-0.02794656353,0.041856090712,-0.000878));
#16949=CARTESIAN_POINT('',(-0.02714656353,0.041856090712,-7.79999999999953E-5));
#16950=CARTESIAN_POINT('',(-0.02714656353,0.041856090712,-7.79999999999953E-5));
#16951=CARTESIAN_POINT('',(-0.02714656353,0.041856090712,-7.79999999999953E-5));
#16952=CARTESIAN_POINT('',(-0.02714656353,0.041856090712,-7.79999999999953E-5));
#16953=CARTESIAN_POINT('',(-0.02714656353,0.041856090712,-0.000878));
#16954=CARTESIAN_POINT('',(-0.02714656353,0.041856090712,-0.000878));
#16955=CARTESIAN_POINT('',(-0.02714656353,0.041856090712,-0.000878));
#16956=CARTESIAN_POINT('',(-0.02714656353,0.041856090712,-0.000878));
#16957=CARTESIAN_POINT('',(-0.02714656353,0.041856090712,-0.000878));
#16958=CARTESIAN_POINT('',(-0.02714656353,0.041856090712,-0.000878));
#16959=CARTESIAN_POINT('',(0.,0.041856090712,0.));
#16960=CARTESIAN_POINT('',(-0.03175656353,0.041856090712,-0.000878));
#16961=CARTESIAN_POINT('',(-0.03175656353,0.041856090712,-7.79999999999963E-5));
#16962=CARTESIAN_POINT('',(-0.03175656353,0.041856090712,-7.79999999999963E-5));
#16963=CARTESIAN_POINT('',(-0.03175656353,0.041856090712,-0.000878));
#16964=CARTESIAN_POINT('',(-0.03175656353,0.041856090712,-0.000878));
#16965=CARTESIAN_POINT('',(-0.03175656353,0.041856090712,-0.000878));
#16966=CARTESIAN_POINT('',(-0.03095656353,0.041856090712,-7.79999999999953E-5));
#16967=CARTESIAN_POINT('',(-0.03095656353,0.041856090712,-7.79999999999953E-5));
#16968=CARTESIAN_POINT('',(-0.03095656353,0.041856090712,-7.79999999999953E-5));
#16969=CARTESIAN_POINT('',(-0.03095656353,0.041856090712,-7.79999999999953E-5));
#16970=CARTESIAN_POINT('',(-0.03095656353,0.041856090712,-0.000878));
#16971=CARTESIAN_POINT('',(-0.03095656353,0.041856090712,-0.000878));
#16972=CARTESIAN_POINT('',(-0.03095656353,0.041856090712,-0.000878));
#16973=CARTESIAN_POINT('',(-0.03095656353,0.041856090712,-0.000878));
#16974=CARTESIAN_POINT('',(-0.03095656353,0.041856090712,-0.000878));
#16975=CARTESIAN_POINT('',(-0.03095656353,0.041856090712,-0.000878));
#16976=CARTESIAN_POINT('',(0.,0.041856090712,0.));
#16977=CARTESIAN_POINT('',(-0.03556656353,0.041856090712,-0.000878));
#16978=CARTESIAN_POINT('',(-0.03556656353,0.041856090712,-7.79999999999963E-5));
#16979=CARTESIAN_POINT('',(-0.03556656353,0.041856090712,-7.79999999999963E-5));
#16980=CARTESIAN_POINT('',(-0.03556656353,0.041856090712,-0.000878));
#16981=CARTESIAN_POINT('',(-0.03556656353,0.041856090712,-0.000878));
#16982=CARTESIAN_POINT('',(-0.03556656353,0.041856090712,-0.000878));
#16983=CARTESIAN_POINT('',(-0.03476656353,0.041856090712,-7.79999999999953E-5));
#16984=CARTESIAN_POINT('',(-0.03476656353,0.041856090712,-7.79999999999953E-5));
#16985=CARTESIAN_POINT('',(-0.03476656353,0.041856090712,-7.79999999999953E-5));
#16986=CARTESIAN_POINT('',(-0.03476656353,0.041856090712,-7.79999999999953E-5));
#16987=CARTESIAN_POINT('',(-0.03476656353,0.041856090712,-0.000878));
#16988=CARTESIAN_POINT('',(-0.03476656353,0.041856090712,-0.000878));
#16989=CARTESIAN_POINT('',(-0.03476656353,0.041856090712,-0.000878));
#16990=CARTESIAN_POINT('',(-0.03476656353,0.041856090712,-0.000878));
#16991=CARTESIAN_POINT('',(-0.03476656353,0.041856090712,-0.000878));
#16992=CARTESIAN_POINT('',(-0.03476656353,0.041856090712,-0.000878));
#16993=CARTESIAN_POINT('',(0.,0.041856090712,0.));
#16994=CARTESIAN_POINT('',(-0.03937656353,0.041856090712,-0.000878));
#16995=CARTESIAN_POINT('',(-0.03937656353,0.041856090712,-7.79999999999963E-5));
#16996=CARTESIAN_POINT('',(-0.03937656353,0.041856090712,-7.79999999999963E-5));
#16997=CARTESIAN_POINT('',(-0.03937656353,0.041856090712,-0.000878));
#16998=CARTESIAN_POINT('',(-0.03937656353,0.041856090712,-0.000878));
#16999=CARTESIAN_POINT('',(-0.03937656353,0.041856090712,-0.000878));
#17000=CARTESIAN_POINT('',(-0.03857656353,0.041856090712,-7.79999999999953E-5));
#17001=CARTESIAN_POINT('',(-0.03857656353,0.041856090712,-7.79999999999953E-5));
#17002=CARTESIAN_POINT('',(-0.03857656353,0.041856090712,-7.79999999999953E-5));
#17003=CARTESIAN_POINT('',(-0.03857656353,0.041856090712,-7.79999999999953E-5));
#17004=CARTESIAN_POINT('',(-0.03857656353,0.041856090712,-0.000878));
#17005=CARTESIAN_POINT('',(-0.03857656353,0.041856090712,-0.000878));
#17006=CARTESIAN_POINT('',(-0.03857656353,0.041856090712,-0.000878));
#17007=CARTESIAN_POINT('',(-0.03857656353,0.041856090712,-0.000878));
#17008=CARTESIAN_POINT('',(-0.03857656353,0.041856090712,-0.000878));
#17009=CARTESIAN_POINT('',(-0.03857656353,0.041856090712,-0.000878));
#17010=CARTESIAN_POINT('',(0.,0.041856090712,0.));
#17011=CARTESIAN_POINT('',(-0.04318656353,0.041856090712,-0.000878));
#17012=CARTESIAN_POINT('',(-0.04318656353,0.041856090712,-7.79999999999963E-5));
#17013=CARTESIAN_POINT('',(-0.04318656353,0.041856090712,-7.79999999999963E-5));
#17014=CARTESIAN_POINT('',(-0.04318656353,0.041856090712,-0.000878));
#17015=CARTESIAN_POINT('',(-0.04318656353,0.041856090712,-0.000878));
#17016=CARTESIAN_POINT('',(-0.04318656353,0.041856090712,-0.000878));
#17017=CARTESIAN_POINT('',(-0.04238656353,0.041856090712,-7.79999999999953E-5));
#17018=CARTESIAN_POINT('',(-0.04238656353,0.041856090712,-7.79999999999953E-5));
#17019=CARTESIAN_POINT('',(-0.04238656353,0.041856090712,-7.79999999999953E-5));
#17020=CARTESIAN_POINT('',(-0.04238656353,0.041856090712,-7.79999999999953E-5));
#17021=CARTESIAN_POINT('',(-0.04238656353,0.041856090712,-0.000878));
#17022=CARTESIAN_POINT('',(-0.04238656353,0.041856090712,-0.000878));
#17023=CARTESIAN_POINT('',(-0.04238656353,0.041856090712,-0.000878));
#17024=CARTESIAN_POINT('',(-0.04238656353,0.041856090712,-0.000878));
#17025=CARTESIAN_POINT('',(-0.04238656353,0.041856090712,-0.000878));
#17026=CARTESIAN_POINT('',(-0.04238656353,0.041856090712,-0.000878));
#17027=CARTESIAN_POINT('',(0.,0.041856090712,0.));
#17028=CARTESIAN_POINT('',(-0.04699656353,0.041856090712,-0.000878));
#17029=CARTESIAN_POINT('',(-0.04699656353,0.041856090712,-7.79999999999963E-5));
#17030=CARTESIAN_POINT('',(-0.04699656353,0.041856090712,-7.79999999999963E-5));
#17031=CARTESIAN_POINT('',(-0.04699656353,0.041856090712,-0.000878));
#17032=CARTESIAN_POINT('',(-0.04699656353,0.041856090712,-0.000878));
#17033=CARTESIAN_POINT('',(-0.04699656353,0.041856090712,-0.000878));
#17034=CARTESIAN_POINT('',(-0.04619656353,0.041856090712,-7.79999999999953E-5));
#17035=CARTESIAN_POINT('',(-0.04619656353,0.041856090712,-7.79999999999953E-5));
#17036=CARTESIAN_POINT('',(-0.04619656353,0.041856090712,-7.79999999999953E-5));
#17037=CARTESIAN_POINT('',(-0.04619656353,0.041856090712,-7.79999999999953E-5));
#17038=CARTESIAN_POINT('',(-0.04619656353,0.041856090712,-0.000878));
#17039=CARTESIAN_POINT('',(-0.04619656353,0.041856090712,-0.000878));
#17040=CARTESIAN_POINT('',(-0.04619656353,0.041856090712,-0.000878));
#17041=CARTESIAN_POINT('',(-0.04619656353,0.041856090712,-0.000878));
#17042=CARTESIAN_POINT('',(-0.04619656353,0.041856090712,-0.000878));
#17043=CARTESIAN_POINT('',(-0.04619656353,0.041856090712,-0.000878));
#17044=CARTESIAN_POINT('',(0.,0.041856090712,0.));
#17045=CARTESIAN_POINT('',(-0.05080656353,0.041856090712,-0.000878));
#17046=CARTESIAN_POINT('',(-0.05080656353,0.041856090712,-7.80000000000518E-5));
#17047=CARTESIAN_POINT('',(-0.05080656353,0.041856090712,-7.80000000000518E-5));
#17048=CARTESIAN_POINT('',(-0.05080656353,0.041856090712,-0.000878));
#17049=CARTESIAN_POINT('',(-0.05080656353,0.041856090712,-0.000878));
#17050=CARTESIAN_POINT('',(-0.05080656353,0.041856090712,-0.000878));
#17051=CARTESIAN_POINT('',(-0.05000656353,0.041856090712,-7.79999999999953E-5));
#17052=CARTESIAN_POINT('',(-0.05000656353,0.041856090712,-7.79999999999953E-5));
#17053=CARTESIAN_POINT('',(-0.05000656353,0.041856090712,-7.79999999999953E-5));
#17054=CARTESIAN_POINT('',(-0.05000656353,0.041856090712,-7.79999999999953E-5));
#17055=CARTESIAN_POINT('',(-0.05000656353,0.041856090712,-0.000878000000000048));
#17056=CARTESIAN_POINT('',(-0.05000656353,0.041856090712,-0.000878000000000048));
#17057=CARTESIAN_POINT('',(-0.05000656353,0.041856090712,-0.000878000000000048));
#17058=CARTESIAN_POINT('',(-0.05000656353,0.041856090712,-0.000878000000000048));
#17059=CARTESIAN_POINT('',(-0.05000656353,0.041856090712,-0.000878000000000048));
#17060=CARTESIAN_POINT('',(-0.05000656353,0.041856090712,-0.000878000000000048));
#17061=CARTESIAN_POINT('',(0.,0.041856090712,0.));
#17062=CARTESIAN_POINT('',(-0.04477656353,0.0221,-0.00953135));
#17063=CARTESIAN_POINT('',(-0.04477656353,0.0221,-0.00953135));
#17064=CARTESIAN_POINT('',(-0.04640851353,0.0221,-0.00953135));
#17065=CARTESIAN_POINT('',(-0.04477656353,0.0221,-0.00953135));
#17066=CARTESIAN_POINT('',(0.03522343647,0.,-0.00953135));
#17067=CARTESIAN_POINT('',(0.03522343647,0.,-0.00953135));
#17068=CARTESIAN_POINT('',(0.03359148647,0.,-0.00953135));
#17069=CARTESIAN_POINT('',(0.03522343647,0.,-0.00953135));
#17070=CARTESIAN_POINT('',(-0.04477656353,-0.0221,-0.00953135));
#17071=CARTESIAN_POINT('',(-0.04477656353,-0.0221,-0.00953135));
#17072=CARTESIAN_POINT('',(-0.04640851353,-0.0221,-0.00953135));
#17073=CARTESIAN_POINT('',(-0.04477656353,-0.0221,-0.00953135));
#17074=CARTESIAN_POINT('',(-0.06167343647,0.025970090712,0.00283591));
#17075=CARTESIAN_POINT('',(-0.06167343647,0.025970090712,0.00283591));
#17076=CARTESIAN_POINT('',(-0.06167343647,0.025970090712,0.00283591));
#17077=CARTESIAN_POINT('',(-0.06167343647,0.025970090712,0.00283591));
#17078=CARTESIAN_POINT('',(-0.06167343647,0.013410090712,0.00283591));
#17079=CARTESIAN_POINT('',(-0.06167343647,0.013410090712,0.00283591));
#17080=CARTESIAN_POINT('',(-0.06167343647,0.013410090712,-0.00283591));
#17081=CARTESIAN_POINT('',(-0.06167343647,0.013410090712,-0.00283591));
#17082=CARTESIAN_POINT('',(-0.06167343647,0.013410090712,-0.00283591));
#17083=CARTESIAN_POINT('',(-0.06167343647,0.013410090712,-0.00283591));
#17084=CARTESIAN_POINT('',(-0.06167343647,0.025970090712,-0.00283591));
#17085=CARTESIAN_POINT('',(-0.06167343647,0.025970090712,-0.00283591));
#17086=CARTESIAN_POINT('',(-0.06167343647,0.025970090712,-0.00283591));
#17087=CARTESIAN_POINT('',(-0.06167343647,0.025970090712,-0.00283591));
#17088=CARTESIAN_POINT('',(-0.06167343647,0.025970090712,-0.00283591));
#17089=CARTESIAN_POINT('',(-0.06167343647,0.025970090712,-0.00283591));
#17090=CARTESIAN_POINT('',(-0.06167343647,0.,0.));
#17091=CARTESIAN_POINT('',(-0.06167343647,0.00726609071200001,-0.00283591));
#17092=CARTESIAN_POINT('',(-0.06167343647,-0.00203390928799999,-0.00283591));
#17093=CARTESIAN_POINT('',(-0.06167343647,-0.00203390928799999,-0.00283591));
#17094=CARTESIAN_POINT('',(-0.06167343647,0.00726609071200001,-0.00283591));
#17095=CARTESIAN_POINT('',(-0.06167343647,0.00726609071200001,-0.00283591));
#17096=CARTESIAN_POINT('',(-0.06167343647,0.00726609071200001,-0.00283591));
#17097=CARTESIAN_POINT('',(-0.06167343647,0.00726609071200001,0.00559689));
#17098=CARTESIAN_POINT('',(-0.06167343647,0.00726609071200001,0.00559689));
#17099=CARTESIAN_POINT('',(-0.06167343647,0.00726609071200001,0.00341029));
#17100=CARTESIAN_POINT('',(-0.06802343647,0.00726609071200001,0.00341029));
#17101=CARTESIAN_POINT('',(-0.06167343647,0.00726609071200001,0.00559689));
#17102=CARTESIAN_POINT('',(-0.06167343647,0.00507949071200004,0.00559689));
#17103=CARTESIAN_POINT('',(-0.06167343647,0.00507949071200004,0.00559689));
#17104=CARTESIAN_POINT('',(-0.06167343647,0.00726609071200001,0.00559689));
#17105=CARTESIAN_POINT('',(-0.06167343647,0.000152690712000006,0.00559689));
#17106=CARTESIAN_POINT('',(-0.06802343647,0.000152690712000006,0.00559689));
#17107=CARTESIAN_POINT('',(-0.06167343647,-0.00203390928799999,0.00559689));
#17108=CARTESIAN_POINT('',(-0.06167343647,-0.00203390928799999,0.00341029));
#17109=CARTESIAN_POINT('',(-0.06167343647,-0.00203390928799999,0.00341029));
#17110=CARTESIAN_POINT('',(-0.06167343647,-0.00203390928799999,0.00559689));
#17111=CARTESIAN_POINT('',(-0.06167343647,0.,0.));
#17112=CARTESIAN_POINT('',(-0.06167343647,0.00726609071200001,0.00341029));
#17113=CARTESIAN_POINT('',(-0.06167343647,0.000152690712000006,0.00559689));
#17114=CARTESIAN_POINT('',(-0.06167343647,0.00726609071200001,0.00341029));
#17115=CARTESIAN_POINT('',(-0.06167343647,0.000152690712000006,0.00559689));
#17116=CARTESIAN_POINT('',(-0.06853143647,-0.00782609071199998,-0.003999992));
#17117=CARTESIAN_POINT('',(-0.06853143647,-0.016826090712,-0.003999992));
#17118=CARTESIAN_POINT('',(-0.06853143647,-0.016826090712,-0.003999992));
#17119=CARTESIAN_POINT('',(-0.06853143647,-0.00782609071199998,-0.003999992));
#17120=CARTESIAN_POINT('',(-0.06853143647,-0.00782609071199998,-0.003999992));
#17121=CARTESIAN_POINT('',(-0.06853143647,-0.00782609071199998,-0.003999992));
#17122=CARTESIAN_POINT('',(-0.06853143647,-0.016826090712,0.007000008));
#17123=CARTESIAN_POINT('',(-0.06853143647,-0.016826090712,0.007000008));
#17124=CARTESIAN_POINT('',(-0.06853143647,-0.016826090712,0.007000008));
#17125=CARTESIAN_POINT('',(-0.06853143647,-0.016826090712,0.007000008));
#17126=CARTESIAN_POINT('',(-0.06853143647,-0.00782609071199998,0.007000008));
#17127=CARTESIAN_POINT('',(-0.06853143647,-0.00782609071199998,0.007000008));
#17128=CARTESIAN_POINT('',(-0.06853143647,-0.00782609071199998,0.007000008));
#17129=CARTESIAN_POINT('',(-0.06853143647,-0.00782609071199998,0.007000008));
#17130=CARTESIAN_POINT('',(-0.06853143647,-0.00782609071199998,0.007000008));
#17131=CARTESIAN_POINT('',(-0.06853143647,-0.00782609071199998,0.007000008));
#17132=CARTESIAN_POINT('',(-0.06853143647,0.,0.));
#17133=CARTESIAN_POINT('',(-0.06853143647,-0.012326090712,0.002500008));
#17134=CARTESIAN_POINT('',(-0.06853143647,-0.012326090712,0.005700008));
#17135=CARTESIAN_POINT('',(-0.05853143647,-0.012326090712,0.002500008));
#17136=CARTESIAN_POINT('',(-0.05853143647,-0.012326090712,0.002500008));
#17137=CARTESIAN_POINT('',(-0.05853143647,-0.012326090712,0.005700008));
#17138=CARTESIAN_POINT('',(-0.05853143647,-0.012326090712,0.002500008));
#17139=CARTESIAN_POINT('',(-0.05853143647,-0.012326090712,0.002500008));
#17140=CARTESIAN_POINT('',(-0.05853143647,-0.012326090712,0.003500008));
#17141=CARTESIAN_POINT('',(-0.06653143647,-0.012326090712,0.002500008));
#17142=CARTESIAN_POINT('',(-0.06653143647,-0.012326090712,0.002500008));
#17143=CARTESIAN_POINT('',(-0.06653143647,-0.012326090712,0.003500008));
#17144=CARTESIAN_POINT('',(-0.06653143647,-0.012326090712,0.002500008));
#17145=CARTESIAN_POINT('',(-0.06527343647,-0.023606090712,3.46944695195362E-18));
#17146=CARTESIAN_POINT('',(-0.06527343647,-0.023606090712,3.46944695195362E-18));
#17147=CARTESIAN_POINT('',(-0.06527343647,-0.023606090712,0.001778));
#17148=CARTESIAN_POINT('',(-0.06527343647,-0.023606090712,3.46944695195362E-18));
#17149=CARTESIAN_POINT('',(-0.00288543647000002,-0.044556090712,-0.0025));
#17150=CARTESIAN_POINT('',(-0.00288543647000002,-0.044556090712,0.0063));
#17151=CARTESIAN_POINT('',(-0.00288543647000002,-0.044556090712,0.0063));
#17152=CARTESIAN_POINT('',(-0.00288543647000002,-0.044556090712,-0.0025));
#17153=CARTESIAN_POINT('',(-0.00288543647000002,-0.044556090712,-0.0025));
#17154=CARTESIAN_POINT('',(-0.00288543647000002,-0.044556090712,-0.0025));
#17155=CARTESIAN_POINT('',(-0.05368543647,-0.044556090712,0.0063));
#17156=CARTESIAN_POINT('',(-0.02603543647,-0.038306090712,0.0063));
#17157=CARTESIAN_POINT('',(-0.02603543647,-0.044556090712,0.0063));
#17158=CARTESIAN_POINT('',(-0.05368543647,-0.044556090712,0.0063));
#17159=CARTESIAN_POINT('',(-0.05368543647,-0.044556090712,-0.0025));
#17160=CARTESIAN_POINT('',(-0.05368543647,-0.044556090712,-0.0025));
#17161=CARTESIAN_POINT('',(-0.05368543647,-0.044556090712,-0.0025));
#17162=CARTESIAN_POINT('',(-0.05368543647,-0.044556090712,-0.0025));
#17163=CARTESIAN_POINT('',(-0.05368543647,-0.044556090712,-0.0025));
#17164=CARTESIAN_POINT('',(-0.05368543647,-0.044556090712,-0.0025));
#17165=CARTESIAN_POINT('',(0.,-0.044556090712,0.));
#17166=CARTESIAN_POINT('',(-0.05253543647,-0.044556090712,0.0051));
#17167=CARTESIAN_POINT('',(-0.03053543647,-0.044556090712,0.0051));
#17168=CARTESIAN_POINT('',(-0.05253543647,-0.044556090712,0.0051));
#17169=CARTESIAN_POINT('',(-0.03053543647,-0.044556090712,0.0051));
#17170=CARTESIAN_POINT('',(-0.02603543647,-0.044556090712,0.0051));
#17171=CARTESIAN_POINT('',(-0.02603543647,-0.044556090712,0.0051));
#17172=CARTESIAN_POINT('',(-0.02603543647,-0.044556090712,0.0051));
#17173=CARTESIAN_POINT('',(-0.00403543647000001,-0.044556090712,0.0051));
#17174=CARTESIAN_POINT('',(-0.00403543647000001,-0.044556090712,-0.0013));
#17175=CARTESIAN_POINT('',(-0.00403543647000001,-0.044556090712,-0.0013));
#17176=CARTESIAN_POINT('',(-0.05253543647,-0.044556090712,-0.0013));
#17177=CARTESIAN_POINT('',(-0.05253543647,-0.044556090712,-0.0013));
#17178=CARTESIAN_POINT('',(-0.05253543647,-0.044556090712,-0.0013));
#17179=CARTESIAN_POINT('',(0.05426456353,-0.044556090712,-0.0025));
#17180=CARTESIAN_POINT('',(0.05426456353,-0.044556090712,0.0063));
#17181=CARTESIAN_POINT('',(0.05426456353,-0.044556090712,0.0063));
#17182=CARTESIAN_POINT('',(0.05426456353,-0.044556090712,-0.0025));
#17183=CARTESIAN_POINT('',(0.05426456353,-0.044556090712,-0.0025));
#17184=CARTESIAN_POINT('',(0.05426456353,-0.044556090712,-0.0025));
#17185=CARTESIAN_POINT('',(0.00346456352999999,-0.044556090712,0.0063));
#17186=CARTESIAN_POINT('',(0.03111456353,-0.038306090712,0.0063));
#17187=CARTESIAN_POINT('',(0.03111456353,-0.044556090712,0.0063));
#17188=CARTESIAN_POINT('',(0.00346456352999999,-0.044556090712,0.0063));
#17189=CARTESIAN_POINT('',(0.00346456352999999,-0.044556090712,-0.0025));
#17190=CARTESIAN_POINT('',(0.00346456352999999,-0.044556090712,-0.0025));
#17191=CARTESIAN_POINT('',(0.00346456352999999,-0.044556090712,-0.0025));
#17192=CARTESIAN_POINT('',(0.00346456352999999,-0.044556090712,-0.0025));
#17193=CARTESIAN_POINT('',(0.00346456352999999,-0.044556090712,-0.0025));
#17194=CARTESIAN_POINT('',(0.00346456352999999,-0.044556090712,-0.0025));
#17195=CARTESIAN_POINT('',(0.,-0.044556090712,0.));
#17196=CARTESIAN_POINT('',(0.00451982884757601,-0.044556090712,0.0051));
#17197=CARTESIAN_POINT('',(0.02661456353,-0.044556090712,0.0051));
#17198=CARTESIAN_POINT('',(0.00451982884757601,-0.044556090712,0.0051));
#17199=CARTESIAN_POINT('',(0.02661456353,-0.044556090712,0.0063));
#17200=CARTESIAN_POINT('',(0.03111456353,-0.044556090712,0.0063));
#17201=CARTESIAN_POINT('',(0.03111456353,-0.044556090712,0.0051));
#17202=CARTESIAN_POINT('',(0.03111456353,-0.044556090712,0.0051));
#17203=CARTESIAN_POINT('',(0.053019828847576,-0.044556090712,0.0051));
#17204=CARTESIAN_POINT('',(0.053019828847576,-0.044556090712,-0.0013));
#17205=CARTESIAN_POINT('',(0.053019828847576,-0.044556090712,-0.0013));
#17206=CARTESIAN_POINT('',(0.00451982884757601,-0.044556090712,-0.0013));
#17207=CARTESIAN_POINT('',(0.00451982884757601,-0.044556090712,-0.0013));
#17208=CARTESIAN_POINT('',(0.00451982884757601,-0.044556090712,-0.0013));
#17209=CARTESIAN_POINT('',(-0.03053543647,-0.038306090712,0.0063));
#17210=CARTESIAN_POINT('',(-0.03053543647,-0.038306090712,0.0063));
#17211=CARTESIAN_POINT('',(-0.02603543647,-0.038306090712,0.0063));
#17212=CARTESIAN_POINT('',(-0.02603543647,-0.038306090712,0.0051));
#17213=CARTESIAN_POINT('',(-0.02603543647,-0.038306090712,0.0051));
#17214=CARTESIAN_POINT('',(-0.00403543647000001,-0.038306090712,0.0051));
#17215=CARTESIAN_POINT('',(-0.00403543647000001,-0.038306090712,-0.0013));
#17216=CARTESIAN_POINT('',(-0.00403543647000001,-0.038306090712,-0.0013));
#17217=CARTESIAN_POINT('',(-0.05253543647,-0.038306090712,-0.0013));
#17218=CARTESIAN_POINT('',(-0.05253543647,-0.038306090712,-0.0013));
#17219=CARTESIAN_POINT('',(-0.05253543647,-0.038306090712,-0.0013));
#17220=CARTESIAN_POINT('',(-0.05253543647,-0.038306090712,0.0051));
#17221=CARTESIAN_POINT('',(-0.05253543647,-0.038306090712,0.0051));
#17222=CARTESIAN_POINT('',(-0.03053543647,-0.038306090712,0.0051));
#17223=CARTESIAN_POINT('',(-0.03053543647,-0.038306090712,0.0051));
#17224=CARTESIAN_POINT('',(-0.02603543647,-0.038306090712,0.0051));
#17225=CARTESIAN_POINT('',(0.02661456353,-0.038306090712,0.0063));
#17226=CARTESIAN_POINT('',(0.02661456353,-0.038306090712,0.0063));
#17227=CARTESIAN_POINT('',(0.02661456353,-0.038306090712,0.0063));
#17228=CARTESIAN_POINT('',(0.02661456353,-0.038306090712,0.0063));
#17229=CARTESIAN_POINT('',(0.03111456353,-0.038306090712,0.0063));
#17230=CARTESIAN_POINT('',(0.03111456353,-0.038306090712,0.0063));
#17231=CARTESIAN_POINT('',(0.03111456353,-0.038306090712,0.0051));
#17232=CARTESIAN_POINT('',(0.03111456353,-0.038306090712,0.0051));
#17233=CARTESIAN_POINT('',(0.03111456353,-0.038306090712,0.0051));
#17234=CARTESIAN_POINT('',(0.03111456353,-0.038306090712,0.0051));
#17235=CARTESIAN_POINT('',(0.053019828847576,-0.038306090712,0.0051));
#17236=CARTESIAN_POINT('',(0.053019828847576,-0.038306090712,0.0051));
#17237=CARTESIAN_POINT('',(0.053019828847576,-0.038306090712,-0.0013));
#17238=CARTESIAN_POINT('',(0.053019828847576,-0.038306090712,-0.0013));
#17239=CARTESIAN_POINT('',(0.053019828847576,-0.038306090712,-0.0013));
#17240=CARTESIAN_POINT('',(0.053019828847576,-0.038306090712,-0.0013));
#17241=CARTESIAN_POINT('',(0.00451982884757601,-0.038306090712,-0.0013));
#17242=CARTESIAN_POINT('',(0.00451982884757601,-0.038306090712,-0.0013));
#17243=CARTESIAN_POINT('',(0.00451982884757601,-0.038306090712,-0.0013));
#17244=CARTESIAN_POINT('',(0.00451982884757601,-0.038306090712,-0.0013));
#17245=CARTESIAN_POINT('',(0.00451982884757601,-0.038306090712,-0.0013));
#17246=CARTESIAN_POINT('',(0.00451982884757601,-0.038306090712,-0.0013));
#17247=CARTESIAN_POINT('',(0.00451982884757601,-0.038306090712,0.0051));
#17248=CARTESIAN_POINT('',(0.00451982884757601,-0.038306090712,0.0051));
#17249=CARTESIAN_POINT('',(0.00451982884757601,-0.038306090712,0.0051));
#17250=CARTESIAN_POINT('',(0.00451982884757601,-0.038306090712,0.0051));
#17251=CARTESIAN_POINT('',(0.02661456353,-0.038306090712,0.0051));
#17252=CARTESIAN_POINT('',(0.02661456353,-0.038306090712,0.0051));
#17253=CARTESIAN_POINT('',(0.02661456353,-0.038306090712,0.0063));
#17254=CARTESIAN_POINT('',(0.02661456353,-0.038306090712,0.0063));
#17255=CARTESIAN_POINT('',(0.03111456353,-0.038306090712,0.0063));
#17256=CARTESIAN_POINT('',(0.03111456353,-0.038306090712,0.0063));
#17257=CARTESIAN_POINT('',(0.,-0.038306090712,0.));
#17258=CARTESIAN_POINT('',(0.048769828847576,-0.038306090712,0.000949999999999861));
#17259=CARTESIAN_POINT('',(0.048769828847576,-0.038306090712,0.00030999999999986));
#17260=CARTESIAN_POINT('',(0.048769828847576,-0.038306090712,0.000949999999999861));
#17261=CARTESIAN_POINT('',(0.049409828847576,-0.038306090712,0.000949999999999859));
#17262=CARTESIAN_POINT('',(0.049409828847576,-0.038306090712,0.000949999999999859));
#17263=CARTESIAN_POINT('',(0.049409828847576,-0.038306090712,0.000949999999999859));
#17264=CARTESIAN_POINT('',(0.049409828847576,-0.038306090712,0.00030999999999986));
#17265=CARTESIAN_POINT('',(0.049409828847576,-0.038306090712,0.00030999999999986));
#17266=CARTESIAN_POINT('',(0.048769828847576,-0.038306090712,0.00348999999999986));
#17267=CARTESIAN_POINT('',(0.048769828847576,-0.038306090712,0.00284999999999986));
#17268=CARTESIAN_POINT('',(0.048769828847576,-0.038306090712,0.00348999999999986));
#17269=CARTESIAN_POINT('',(0.049409828847576,-0.038306090712,0.00348999999999986));
#17270=CARTESIAN_POINT('',(0.049409828847576,-0.038306090712,0.00348999999999986));
#17271=CARTESIAN_POINT('',(0.049409828847576,-0.038306090712,0.00348999999999986));
#17272=CARTESIAN_POINT('',(0.049409828847576,-0.038306090712,0.00284999999999986));
#17273=CARTESIAN_POINT('',(0.049409828847576,-0.038306090712,0.00284999999999986));
#17274=CARTESIAN_POINT('',(0.046229828847576,-0.038306090712,0.000949999999999878));
#17275=CARTESIAN_POINT('',(0.046229828847576,-0.038306090712,0.000309999999999878));
#17276=CARTESIAN_POINT('',(0.046229828847576,-0.038306090712,0.000949999999999878));
#17277=CARTESIAN_POINT('',(0.046869828847576,-0.038306090712,0.000949999999999877));
#17278=CARTESIAN_POINT('',(0.046869828847576,-0.038306090712,0.000949999999999877));
#17279=CARTESIAN_POINT('',(0.046869828847576,-0.038306090712,0.000949999999999877));
#17280=CARTESIAN_POINT('',(0.046869828847576,-0.038306090712,0.000309999999999878));
#17281=CARTESIAN_POINT('',(0.046869828847576,-0.038306090712,0.000309999999999878));
#17282=CARTESIAN_POINT('',(0.046229828847576,-0.038306090712,0.00348999999999988));
#17283=CARTESIAN_POINT('',(0.046229828847576,-0.038306090712,0.00284999999999988));
#17284=CARTESIAN_POINT('',(0.046229828847576,-0.038306090712,0.00348999999999988));
#17285=CARTESIAN_POINT('',(0.046869828847576,-0.038306090712,0.00348999999999988));
#17286=CARTESIAN_POINT('',(0.046869828847576,-0.038306090712,0.00348999999999988));
#17287=CARTESIAN_POINT('',(0.046869828847576,-0.038306090712,0.00348999999999988));
#17288=CARTESIAN_POINT('',(0.046869828847576,-0.038306090712,0.00284999999999988));
#17289=CARTESIAN_POINT('',(0.046869828847576,-0.038306090712,0.00284999999999988));
#17290=CARTESIAN_POINT('',(0.043689828847576,-0.038306090712,0.000949999999999896));
#17291=CARTESIAN_POINT('',(0.043689828847576,-0.038306090712,0.000309999999999896));
#17292=CARTESIAN_POINT('',(0.043689828847576,-0.038306090712,0.000949999999999896));
#17293=CARTESIAN_POINT('',(0.044329828847576,-0.038306090712,0.000949999999999895));
#17294=CARTESIAN_POINT('',(0.044329828847576,-0.038306090712,0.000949999999999895));
#17295=CARTESIAN_POINT('',(0.044329828847576,-0.038306090712,0.000949999999999895));
#17296=CARTESIAN_POINT('',(0.044329828847576,-0.038306090712,0.000309999999999896));
#17297=CARTESIAN_POINT('',(0.044329828847576,-0.038306090712,0.000309999999999896));
#17298=CARTESIAN_POINT('',(0.043689828847576,-0.038306090712,0.0034899999999999));
#17299=CARTESIAN_POINT('',(0.043689828847576,-0.038306090712,0.0028499999999999));
#17300=CARTESIAN_POINT('',(0.043689828847576,-0.038306090712,0.0034899999999999));
#17301=CARTESIAN_POINT('',(0.044329828847576,-0.038306090712,0.0034899999999999));
#17302=CARTESIAN_POINT('',(0.044329828847576,-0.038306090712,0.0034899999999999));
#17303=CARTESIAN_POINT('',(0.044329828847576,-0.038306090712,0.0034899999999999));
#17304=CARTESIAN_POINT('',(0.044329828847576,-0.038306090712,0.0028499999999999));
#17305=CARTESIAN_POINT('',(0.044329828847576,-0.038306090712,0.0028499999999999));
#17306=CARTESIAN_POINT('',(0.041149828847576,-0.038306090712,0.000949999999999914));
#17307=CARTESIAN_POINT('',(0.041149828847576,-0.038306090712,0.000309999999999914));
#17308=CARTESIAN_POINT('',(0.041149828847576,-0.038306090712,0.000949999999999914));
#17309=CARTESIAN_POINT('',(0.041789828847576,-0.038306090712,0.000949999999999913));
#17310=CARTESIAN_POINT('',(0.041789828847576,-0.038306090712,0.000949999999999913));
#17311=CARTESIAN_POINT('',(0.041789828847576,-0.038306090712,0.000949999999999913));
#17312=CARTESIAN_POINT('',(0.041789828847576,-0.038306090712,0.000309999999999913));
#17313=CARTESIAN_POINT('',(0.041789828847576,-0.038306090712,0.000309999999999913));
#17314=CARTESIAN_POINT('',(0.041149828847576,-0.038306090712,0.00348999999999991));
#17315=CARTESIAN_POINT('',(0.041149828847576,-0.038306090712,0.00284999999999991));
#17316=CARTESIAN_POINT('',(0.041149828847576,-0.038306090712,0.00348999999999991));
#17317=CARTESIAN_POINT('',(0.041789828847576,-0.038306090712,0.00348999999999991));
#17318=CARTESIAN_POINT('',(0.041789828847576,-0.038306090712,0.00348999999999991));
#17319=CARTESIAN_POINT('',(0.041789828847576,-0.038306090712,0.00348999999999991));
#17320=CARTESIAN_POINT('',(0.041789828847576,-0.038306090712,0.00284999999999992));
#17321=CARTESIAN_POINT('',(0.041789828847576,-0.038306090712,0.00284999999999992));
#17322=CARTESIAN_POINT('',(0.038609828847576,-0.038306090712,0.000949999999999932));
#17323=CARTESIAN_POINT('',(0.038609828847576,-0.038306090712,0.000309999999999931));
#17324=CARTESIAN_POINT('',(0.038609828847576,-0.038306090712,0.000949999999999932));
#17325=CARTESIAN_POINT('',(0.039249828847576,-0.038306090712,0.00094999999999993));
#17326=CARTESIAN_POINT('',(0.039249828847576,-0.038306090712,0.00094999999999993));
#17327=CARTESIAN_POINT('',(0.039249828847576,-0.038306090712,0.00094999999999993));
#17328=CARTESIAN_POINT('',(0.039249828847576,-0.038306090712,0.000309999999999931));
#17329=CARTESIAN_POINT('',(0.039249828847576,-0.038306090712,0.000309999999999931));
#17330=CARTESIAN_POINT('',(0.038609828847576,-0.038306090712,0.00348999999999993));
#17331=CARTESIAN_POINT('',(0.038609828847576,-0.038306090712,0.00284999999999993));
#17332=CARTESIAN_POINT('',(0.038609828847576,-0.038306090712,0.00348999999999993));
#17333=CARTESIAN_POINT('',(0.039249828847576,-0.038306090712,0.00348999999999993));
#17334=CARTESIAN_POINT('',(0.039249828847576,-0.038306090712,0.00348999999999993));
#17335=CARTESIAN_POINT('',(0.039249828847576,-0.038306090712,0.00348999999999993));
#17336=CARTESIAN_POINT('',(0.039249828847576,-0.038306090712,0.00284999999999993));
#17337=CARTESIAN_POINT('',(0.039249828847576,-0.038306090712,0.00284999999999993));
#17338=CARTESIAN_POINT('',(0.036069828847576,-0.038306090712,0.000949999999999949));
#17339=CARTESIAN_POINT('',(0.036069828847576,-0.038306090712,0.000309999999999949));
#17340=CARTESIAN_POINT('',(0.036069828847576,-0.038306090712,0.000949999999999949));
#17341=CARTESIAN_POINT('',(0.036709828847576,-0.038306090712,0.000949999999999948));
#17342=CARTESIAN_POINT('',(0.036709828847576,-0.038306090712,0.000949999999999948));
#17343=CARTESIAN_POINT('',(0.036709828847576,-0.038306090712,0.000949999999999948));
#17344=CARTESIAN_POINT('',(0.036709828847576,-0.038306090712,0.000309999999999949));
#17345=CARTESIAN_POINT('',(0.036709828847576,-0.038306090712,0.000309999999999949));
#17346=CARTESIAN_POINT('',(0.036069828847576,-0.038306090712,0.00348999999999995));
#17347=CARTESIAN_POINT('',(0.036069828847576,-0.038306090712,0.00284999999999995));
#17348=CARTESIAN_POINT('',(0.036069828847576,-0.038306090712,0.00348999999999995));
#17349=CARTESIAN_POINT('',(0.036709828847576,-0.038306090712,0.00348999999999995));
#17350=CARTESIAN_POINT('',(0.036709828847576,-0.038306090712,0.00348999999999995));
#17351=CARTESIAN_POINT('',(0.036709828847576,-0.038306090712,0.00348999999999995));
#17352=CARTESIAN_POINT('',(0.036709828847576,-0.038306090712,0.00284999999999995));
#17353=CARTESIAN_POINT('',(0.036709828847576,-0.038306090712,0.00284999999999995));
#17354=CARTESIAN_POINT('',(0.033529828847576,-0.038306090712,0.000949999999999967));
#17355=CARTESIAN_POINT('',(0.033529828847576,-0.038306090712,0.000309999999999967));
#17356=CARTESIAN_POINT('',(0.033529828847576,-0.038306090712,0.000949999999999967));
#17357=CARTESIAN_POINT('',(0.034169828847576,-0.038306090712,0.000949999999999966));
#17358=CARTESIAN_POINT('',(0.034169828847576,-0.038306090712,0.000949999999999966));
#17359=CARTESIAN_POINT('',(0.034169828847576,-0.038306090712,0.000949999999999966));
#17360=CARTESIAN_POINT('',(0.034169828847576,-0.038306090712,0.000309999999999967));
#17361=CARTESIAN_POINT('',(0.034169828847576,-0.038306090712,0.000309999999999967));
#17362=CARTESIAN_POINT('',(0.033529828847576,-0.038306090712,0.00349));
#17363=CARTESIAN_POINT('',(0.033529828847576,-0.038306090712,0.00285));
#17364=CARTESIAN_POINT('',(0.033529828847576,-0.038306090712,0.00349));
#17365=CARTESIAN_POINT('',(0.034169828847576,-0.038306090712,0.00349));
#17366=CARTESIAN_POINT('',(0.034169828847576,-0.038306090712,0.00349));
#17367=CARTESIAN_POINT('',(0.034169828847576,-0.038306090712,0.00349));
#17368=CARTESIAN_POINT('',(0.034169828847576,-0.038306090712,0.00285));
#17369=CARTESIAN_POINT('',(0.034169828847576,-0.038306090712,0.00285));
#17370=CARTESIAN_POINT('',(0.030989828847576,-0.038306090712,0.000949999999999985));
#17371=CARTESIAN_POINT('',(0.030989828847576,-0.038306090712,0.000309999999999984));
#17372=CARTESIAN_POINT('',(0.030989828847576,-0.038306090712,0.000949999999999985));
#17373=CARTESIAN_POINT('',(0.031629828847576,-0.038306090712,0.000949999999999983));
#17374=CARTESIAN_POINT('',(0.031629828847576,-0.038306090712,0.000949999999999983));
#17375=CARTESIAN_POINT('',(0.031629828847576,-0.038306090712,0.000949999999999983));
#17376=CARTESIAN_POINT('',(0.031629828847576,-0.038306090712,0.000309999999999984));
#17377=CARTESIAN_POINT('',(0.031629828847576,-0.038306090712,0.000309999999999984));
#17378=CARTESIAN_POINT('',(0.030989828847576,-0.038306090712,0.00349));
#17379=CARTESIAN_POINT('',(0.030989828847576,-0.038306090712,0.00285));
#17380=CARTESIAN_POINT('',(0.030989828847576,-0.038306090712,0.00349));
#17381=CARTESIAN_POINT('',(0.031629828847576,-0.038306090712,0.00349));
#17382=CARTESIAN_POINT('',(0.031629828847576,-0.038306090712,0.00349));
#17383=CARTESIAN_POINT('',(0.031629828847576,-0.038306090712,0.00349));
#17384=CARTESIAN_POINT('',(0.031629828847576,-0.038306090712,0.00285));
#17385=CARTESIAN_POINT('',(0.031629828847576,-0.038306090712,0.00285));
#17386=CARTESIAN_POINT('',(0.00812982884757601,-0.038306090712,0.00095));
#17387=CARTESIAN_POINT('',(0.00812982884757601,-0.038306090712,0.00031));
#17388=CARTESIAN_POINT('',(0.00812982884757601,-0.038306090712,0.00095));
#17389=CARTESIAN_POINT('',(0.00876982884757601,-0.038306090712,0.00095));
#17390=CARTESIAN_POINT('',(0.00876982884757601,-0.038306090712,0.00095));
#17391=CARTESIAN_POINT('',(0.00876982884757601,-0.038306090712,0.00095));
#17392=CARTESIAN_POINT('',(0.00876982884757601,-0.038306090712,0.00031));
#17393=CARTESIAN_POINT('',(0.00876982884757601,-0.038306090712,0.00031));
#17394=CARTESIAN_POINT('',(0.00812982884757601,-0.038306090712,0.00349));
#17395=CARTESIAN_POINT('',(0.00812982884757601,-0.038306090712,0.00285));
#17396=CARTESIAN_POINT('',(0.00812982884757601,-0.038306090712,0.00349));
#17397=CARTESIAN_POINT('',(0.00876982884757601,-0.038306090712,0.00349));
#17398=CARTESIAN_POINT('',(0.00876982884757601,-0.038306090712,0.00349));
#17399=CARTESIAN_POINT('',(0.00876982884757601,-0.038306090712,0.00349));
#17400=CARTESIAN_POINT('',(0.00876982884757601,-0.038306090712,0.00285));
#17401=CARTESIAN_POINT('',(0.00876982884757601,-0.038306090712,0.00285));
#17402=CARTESIAN_POINT('',(0.010669828847576,-0.038306090712,0.00095));
#17403=CARTESIAN_POINT('',(0.010669828847576,-0.038306090712,0.00031));
#17404=CARTESIAN_POINT('',(0.010669828847576,-0.038306090712,0.00095));
#17405=CARTESIAN_POINT('',(0.011309828847576,-0.038306090712,0.00095));
#17406=CARTESIAN_POINT('',(0.011309828847576,-0.038306090712,0.00095));
#17407=CARTESIAN_POINT('',(0.011309828847576,-0.038306090712,0.00095));
#17408=CARTESIAN_POINT('',(0.011309828847576,-0.038306090712,0.00031));
#17409=CARTESIAN_POINT('',(0.011309828847576,-0.038306090712,0.00031));
#17410=CARTESIAN_POINT('',(0.010669828847576,-0.038306090712,0.00349));
#17411=CARTESIAN_POINT('',(0.010669828847576,-0.038306090712,0.00285));
#17412=CARTESIAN_POINT('',(0.010669828847576,-0.038306090712,0.00349));
#17413=CARTESIAN_POINT('',(0.011309828847576,-0.038306090712,0.00349));
#17414=CARTESIAN_POINT('',(0.011309828847576,-0.038306090712,0.00349));
#17415=CARTESIAN_POINT('',(0.011309828847576,-0.038306090712,0.00349));
#17416=CARTESIAN_POINT('',(0.011309828847576,-0.038306090712,0.00285));
#17417=CARTESIAN_POINT('',(0.011309828847576,-0.038306090712,0.00285));
#17418=CARTESIAN_POINT('',(0.013209828847576,-0.038306090712,0.00095));
#17419=CARTESIAN_POINT('',(0.013209828847576,-0.038306090712,0.00031));
#17420=CARTESIAN_POINT('',(0.013209828847576,-0.038306090712,0.00095));
#17421=CARTESIAN_POINT('',(0.013849828847576,-0.038306090712,0.00095));
#17422=CARTESIAN_POINT('',(0.013849828847576,-0.038306090712,0.00095));
#17423=CARTESIAN_POINT('',(0.013849828847576,-0.038306090712,0.00095));
#17424=CARTESIAN_POINT('',(0.013849828847576,-0.038306090712,0.00031));
#17425=CARTESIAN_POINT('',(0.013849828847576,-0.038306090712,0.00031));
#17426=CARTESIAN_POINT('',(0.013209828847576,-0.038306090712,0.00349));
#17427=CARTESIAN_POINT('',(0.013209828847576,-0.038306090712,0.00285));
#17428=CARTESIAN_POINT('',(0.013209828847576,-0.038306090712,0.00349));
#17429=CARTESIAN_POINT('',(0.013849828847576,-0.038306090712,0.00349));
#17430=CARTESIAN_POINT('',(0.013849828847576,-0.038306090712,0.00349));
#17431=CARTESIAN_POINT('',(0.013849828847576,-0.038306090712,0.00349));
#17432=CARTESIAN_POINT('',(0.013849828847576,-0.038306090712,0.00285));
#17433=CARTESIAN_POINT('',(0.013849828847576,-0.038306090712,0.00285));
#17434=CARTESIAN_POINT('',(0.015749828847576,-0.038306090712,0.00095));
#17435=CARTESIAN_POINT('',(0.015749828847576,-0.038306090712,0.00031));
#17436=CARTESIAN_POINT('',(0.015749828847576,-0.038306090712,0.00095));
#17437=CARTESIAN_POINT('',(0.016389828847576,-0.038306090712,0.00095));
#17438=CARTESIAN_POINT('',(0.016389828847576,-0.038306090712,0.00095));
#17439=CARTESIAN_POINT('',(0.016389828847576,-0.038306090712,0.00095));
#17440=CARTESIAN_POINT('',(0.016389828847576,-0.038306090712,0.00031));
#17441=CARTESIAN_POINT('',(0.016389828847576,-0.038306090712,0.00031));
#17442=CARTESIAN_POINT('',(0.015749828847576,-0.038306090712,0.00349));
#17443=CARTESIAN_POINT('',(0.015749828847576,-0.038306090712,0.00285));
#17444=CARTESIAN_POINT('',(0.015749828847576,-0.038306090712,0.00349));
#17445=CARTESIAN_POINT('',(0.016389828847576,-0.038306090712,0.00349));
#17446=CARTESIAN_POINT('',(0.016389828847576,-0.038306090712,0.00349));
#17447=CARTESIAN_POINT('',(0.016389828847576,-0.038306090712,0.00349));
#17448=CARTESIAN_POINT('',(0.016389828847576,-0.038306090712,0.00285));
#17449=CARTESIAN_POINT('',(0.016389828847576,-0.038306090712,0.00285));
#17450=CARTESIAN_POINT('',(0.018289828847576,-0.038306090712,0.00095));
#17451=CARTESIAN_POINT('',(0.018289828847576,-0.038306090712,0.00031));
#17452=CARTESIAN_POINT('',(0.018289828847576,-0.038306090712,0.00095));
#17453=CARTESIAN_POINT('',(0.018929828847576,-0.038306090712,0.00095));
#17454=CARTESIAN_POINT('',(0.018929828847576,-0.038306090712,0.00095));
#17455=CARTESIAN_POINT('',(0.018929828847576,-0.038306090712,0.00095));
#17456=CARTESIAN_POINT('',(0.018929828847576,-0.038306090712,0.00031));
#17457=CARTESIAN_POINT('',(0.018929828847576,-0.038306090712,0.00031));
#17458=CARTESIAN_POINT('',(0.018289828847576,-0.038306090712,0.00349));
#17459=CARTESIAN_POINT('',(0.018289828847576,-0.038306090712,0.00285));
#17460=CARTESIAN_POINT('',(0.018289828847576,-0.038306090712,0.00349));
#17461=CARTESIAN_POINT('',(0.018929828847576,-0.038306090712,0.00349));
#17462=CARTESIAN_POINT('',(0.018929828847576,-0.038306090712,0.00349));
#17463=CARTESIAN_POINT('',(0.018929828847576,-0.038306090712,0.00349));
#17464=CARTESIAN_POINT('',(0.018929828847576,-0.038306090712,0.00285));
#17465=CARTESIAN_POINT('',(0.018929828847576,-0.038306090712,0.00285));
#17466=CARTESIAN_POINT('',(0.020829828847576,-0.038306090712,0.00095));
#17467=CARTESIAN_POINT('',(0.020829828847576,-0.038306090712,0.00031));
#17468=CARTESIAN_POINT('',(0.020829828847576,-0.038306090712,0.00095));
#17469=CARTESIAN_POINT('',(0.021469828847576,-0.038306090712,0.00095));
#17470=CARTESIAN_POINT('',(0.021469828847576,-0.038306090712,0.00095));
#17471=CARTESIAN_POINT('',(0.021469828847576,-0.038306090712,0.00095));
#17472=CARTESIAN_POINT('',(0.021469828847576,-0.038306090712,0.00031));
#17473=CARTESIAN_POINT('',(0.021469828847576,-0.038306090712,0.00031));
#17474=CARTESIAN_POINT('',(0.020829828847576,-0.038306090712,0.00349));
#17475=CARTESIAN_POINT('',(0.020829828847576,-0.038306090712,0.00285));
#17476=CARTESIAN_POINT('',(0.020829828847576,-0.038306090712,0.00349));
#17477=CARTESIAN_POINT('',(0.021469828847576,-0.038306090712,0.00349));
#17478=CARTESIAN_POINT('',(0.021469828847576,-0.038306090712,0.00349));
#17479=CARTESIAN_POINT('',(0.021469828847576,-0.038306090712,0.00349));
#17480=CARTESIAN_POINT('',(0.021469828847576,-0.038306090712,0.00285));
#17481=CARTESIAN_POINT('',(0.021469828847576,-0.038306090712,0.00285));
#17482=CARTESIAN_POINT('',(0.023369828847576,-0.038306090712,0.00095));
#17483=CARTESIAN_POINT('',(0.023369828847576,-0.038306090712,0.00031));
#17484=CARTESIAN_POINT('',(0.023369828847576,-0.038306090712,0.00095));
#17485=CARTESIAN_POINT('',(0.024009828847576,-0.038306090712,0.00095));
#17486=CARTESIAN_POINT('',(0.024009828847576,-0.038306090712,0.00095));
#17487=CARTESIAN_POINT('',(0.024009828847576,-0.038306090712,0.00095));
#17488=CARTESIAN_POINT('',(0.024009828847576,-0.038306090712,0.00031));
#17489=CARTESIAN_POINT('',(0.024009828847576,-0.038306090712,0.00031));
#17490=CARTESIAN_POINT('',(0.023369828847576,-0.038306090712,0.00349));
#17491=CARTESIAN_POINT('',(0.023369828847576,-0.038306090712,0.00285));
#17492=CARTESIAN_POINT('',(0.023369828847576,-0.038306090712,0.00349));
#17493=CARTESIAN_POINT('',(0.024009828847576,-0.038306090712,0.00349));
#17494=CARTESIAN_POINT('',(0.024009828847576,-0.038306090712,0.00349));
#17495=CARTESIAN_POINT('',(0.024009828847576,-0.038306090712,0.00349));
#17496=CARTESIAN_POINT('',(0.024009828847576,-0.038306090712,0.00285));
#17497=CARTESIAN_POINT('',(0.024009828847576,-0.038306090712,0.00285));
#17498=CARTESIAN_POINT('',(0.025909828847576,-0.038306090712,0.00095));
#17499=CARTESIAN_POINT('',(0.025909828847576,-0.038306090712,0.00031));
#17500=CARTESIAN_POINT('',(0.025909828847576,-0.038306090712,0.00095));
#17501=CARTESIAN_POINT('',(0.026549828847576,-0.038306090712,0.00095));
#17502=CARTESIAN_POINT('',(0.026549828847576,-0.038306090712,0.00095));
#17503=CARTESIAN_POINT('',(0.026549828847576,-0.038306090712,0.00095));
#17504=CARTESIAN_POINT('',(0.026549828847576,-0.038306090712,0.00031));
#17505=CARTESIAN_POINT('',(0.026549828847576,-0.038306090712,0.00031));
#17506=CARTESIAN_POINT('',(0.025909828847576,-0.038306090712,0.00349));
#17507=CARTESIAN_POINT('',(0.025909828847576,-0.038306090712,0.00285));
#17508=CARTESIAN_POINT('',(0.025909828847576,-0.038306090712,0.00349));
#17509=CARTESIAN_POINT('',(0.026549828847576,-0.038306090712,0.00349));
#17510=CARTESIAN_POINT('',(0.026549828847576,-0.038306090712,0.00349));
#17511=CARTESIAN_POINT('',(0.026549828847576,-0.038306090712,0.00349));
#17512=CARTESIAN_POINT('',(0.026549828847576,-0.038306090712,0.00285));
#17513=CARTESIAN_POINT('',(0.026549828847576,-0.038306090712,0.00285));
#17514=CARTESIAN_POINT('',(0.028449828847576,-0.038306090712,0.00095));
#17515=CARTESIAN_POINT('',(0.028449828847576,-0.038306090712,0.00031));
#17516=CARTESIAN_POINT('',(0.028449828847576,-0.038306090712,0.00095));
#17517=CARTESIAN_POINT('',(0.029089828847576,-0.038306090712,0.00095));
#17518=CARTESIAN_POINT('',(0.029089828847576,-0.038306090712,0.00095));
#17519=CARTESIAN_POINT('',(0.029089828847576,-0.038306090712,0.00095));
#17520=CARTESIAN_POINT('',(0.029089828847576,-0.038306090712,0.00031));
#17521=CARTESIAN_POINT('',(0.029089828847576,-0.038306090712,0.00031));
#17522=CARTESIAN_POINT('',(0.028449828847576,-0.038306090712,0.00349));
#17523=CARTESIAN_POINT('',(0.028449828847576,-0.038306090712,0.00285));
#17524=CARTESIAN_POINT('',(0.028449828847576,-0.038306090712,0.00349));
#17525=CARTESIAN_POINT('',(0.029089828847576,-0.038306090712,0.00349));
#17526=CARTESIAN_POINT('',(0.029089828847576,-0.038306090712,0.00349));
#17527=CARTESIAN_POINT('',(0.029089828847576,-0.038306090712,0.00349));
#17528=CARTESIAN_POINT('',(0.029089828847576,-0.038306090712,0.00285));
#17529=CARTESIAN_POINT('',(0.029089828847576,-0.038306090712,0.00285));
#17530=CARTESIAN_POINT('',(-0.02796543647,-0.043806090712,0.00349));
#17531=CARTESIAN_POINT('',(-0.02796543647,-0.043806090712,0.00349));
#17532=CARTESIAN_POINT('',(-0.02796543647,-0.043806090712,0.00349));
#17533=CARTESIAN_POINT('',(-0.02796543647,-0.043806090712,0.00349));
#17534=CARTESIAN_POINT('',(-0.02796543647,-0.043806090712,0.00285));
#17535=CARTESIAN_POINT('',(-0.02796543647,-0.043806090712,0.00285));
#17536=CARTESIAN_POINT('',(-0.02860543647,-0.043806090712,0.00349));
#17537=CARTESIAN_POINT('',(-0.02860543647,-0.043806090712,0.00349));
#17538=CARTESIAN_POINT('',(-0.02860543647,-0.043806090712,0.00349));
#17539=CARTESIAN_POINT('',(-0.02860543647,-0.043806090712,0.00349));
#17540=CARTESIAN_POINT('',(-0.02860543647,-0.043806090712,0.00349));
#17541=CARTESIAN_POINT('',(-0.02860543647,-0.043806090712,0.00285));
#17542=CARTESIAN_POINT('',(-0.02860543647,-0.043806090712,0.00285));
#17543=CARTESIAN_POINT('',(-0.02860543647,-0.043806090712,0.00349));
#17544=CARTESIAN_POINT('',(-0.02860543647,-0.043806090712,0.00285));
#17545=CARTESIAN_POINT('',(-0.02860543647,-0.043806090712,0.00285));
#17546=CARTESIAN_POINT('',(0.,-0.043806090712,0.));
#17547=CARTESIAN_POINT('',(-0.02796543647,-0.043806090712,0.00095));
#17548=CARTESIAN_POINT('',(-0.02796543647,-0.043806090712,0.00095));
#17549=CARTESIAN_POINT('',(-0.02796543647,-0.043806090712,0.00095));
#17550=CARTESIAN_POINT('',(-0.02796543647,-0.043806090712,0.00095));
#17551=CARTESIAN_POINT('',(-0.02796543647,-0.043806090712,0.00031));
#17552=CARTESIAN_POINT('',(-0.02796543647,-0.043806090712,0.00031));
#17553=CARTESIAN_POINT('',(-0.02860543647,-0.043806090712,0.00095));
#17554=CARTESIAN_POINT('',(-0.02860543647,-0.043806090712,0.00095));
#17555=CARTESIAN_POINT('',(-0.02860543647,-0.043806090712,0.00095));
#17556=CARTESIAN_POINT('',(-0.02860543647,-0.043806090712,0.00095));
#17557=CARTESIAN_POINT('',(-0.02860543647,-0.043806090712,0.00095));
#17558=CARTESIAN_POINT('',(-0.02860543647,-0.043806090712,0.00031));
#17559=CARTESIAN_POINT('',(-0.02860543647,-0.043806090712,0.00031));
#17560=CARTESIAN_POINT('',(-0.02860543647,-0.043806090712,0.00095));
#17561=CARTESIAN_POINT('',(-0.02860543647,-0.043806090712,0.00031));
#17562=CARTESIAN_POINT('',(-0.02860543647,-0.043806090712,0.00031));
#17563=CARTESIAN_POINT('',(0.,-0.043806090712,0.));
#17564=CARTESIAN_POINT('',(-0.02542543647,-0.043806090712,0.00349));
#17565=CARTESIAN_POINT('',(-0.02542543647,-0.043806090712,0.00349));
#17566=CARTESIAN_POINT('',(-0.02542543647,-0.043806090712,0.00349));
#17567=CARTESIAN_POINT('',(-0.02542543647,-0.043806090712,0.00349));
#17568=CARTESIAN_POINT('',(-0.02542543647,-0.043806090712,0.00285));
#17569=CARTESIAN_POINT('',(-0.02542543647,-0.043806090712,0.00285));
#17570=CARTESIAN_POINT('',(-0.02606543647,-0.043806090712,0.00349));
#17571=CARTESIAN_POINT('',(-0.02606543647,-0.043806090712,0.00349));
#17572=CARTESIAN_POINT('',(-0.02606543647,-0.043806090712,0.00349));
#17573=CARTESIAN_POINT('',(-0.02606543647,-0.043806090712,0.00349));
#17574=CARTESIAN_POINT('',(-0.02606543647,-0.043806090712,0.00349));
#17575=CARTESIAN_POINT('',(-0.02606543647,-0.043806090712,0.00285));
#17576=CARTESIAN_POINT('',(-0.02606543647,-0.043806090712,0.00285));
#17577=CARTESIAN_POINT('',(-0.02606543647,-0.043806090712,0.00349));
#17578=CARTESIAN_POINT('',(-0.02606543647,-0.043806090712,0.00285));
#17579=CARTESIAN_POINT('',(-0.02606543647,-0.043806090712,0.00285));
#17580=CARTESIAN_POINT('',(0.,-0.043806090712,0.));
#17581=CARTESIAN_POINT('',(-0.02542543647,-0.043806090712,0.00095));
#17582=CARTESIAN_POINT('',(-0.02542543647,-0.043806090712,0.00095));
#17583=CARTESIAN_POINT('',(-0.02542543647,-0.043806090712,0.00095));
#17584=CARTESIAN_POINT('',(-0.02542543647,-0.043806090712,0.00095));
#17585=CARTESIAN_POINT('',(-0.02542543647,-0.043806090712,0.00031));
#17586=CARTESIAN_POINT('',(-0.02542543647,-0.043806090712,0.00031));
#17587=CARTESIAN_POINT('',(-0.02606543647,-0.043806090712,0.00095));
#17588=CARTESIAN_POINT('',(-0.02606543647,-0.043806090712,0.00095));
#17589=CARTESIAN_POINT('',(-0.02606543647,-0.043806090712,0.00095));
#17590=CARTESIAN_POINT('',(-0.02606543647,-0.043806090712,0.00095));
#17591=CARTESIAN_POINT('',(-0.02606543647,-0.043806090712,0.00095));
#17592=CARTESIAN_POINT('',(-0.02606543647,-0.043806090712,0.00031));
#17593=CARTESIAN_POINT('',(-0.02606543647,-0.043806090712,0.00031));
#17594=CARTESIAN_POINT('',(-0.02606543647,-0.043806090712,0.00095));
#17595=CARTESIAN_POINT('',(-0.02606543647,-0.043806090712,0.00031));
#17596=CARTESIAN_POINT('',(-0.02606543647,-0.043806090712,0.00031));
#17597=CARTESIAN_POINT('',(0.,-0.043806090712,0.));
#17598=CARTESIAN_POINT('',(-0.02288543647,-0.043806090712,0.00349));
#17599=CARTESIAN_POINT('',(-0.02288543647,-0.043806090712,0.00349));
#17600=CARTESIAN_POINT('',(-0.02288543647,-0.043806090712,0.00349));
#17601=CARTESIAN_POINT('',(-0.02288543647,-0.043806090712,0.00349));
#17602=CARTESIAN_POINT('',(-0.02288543647,-0.043806090712,0.00285));
#17603=CARTESIAN_POINT('',(-0.02288543647,-0.043806090712,0.00285));
#17604=CARTESIAN_POINT('',(-0.02352543647,-0.043806090712,0.00349));
#17605=CARTESIAN_POINT('',(-0.02352543647,-0.043806090712,0.00349));
#17606=CARTESIAN_POINT('',(-0.02352543647,-0.043806090712,0.00349));
#17607=CARTESIAN_POINT('',(-0.02352543647,-0.043806090712,0.00349));
#17608=CARTESIAN_POINT('',(-0.02352543647,-0.043806090712,0.00349));
#17609=CARTESIAN_POINT('',(-0.02352543647,-0.043806090712,0.00285));
#17610=CARTESIAN_POINT('',(-0.02352543647,-0.043806090712,0.00285));
#17611=CARTESIAN_POINT('',(-0.02352543647,-0.043806090712,0.00349));
#17612=CARTESIAN_POINT('',(-0.02352543647,-0.043806090712,0.00285));
#17613=CARTESIAN_POINT('',(-0.02352543647,-0.043806090712,0.00285));
#17614=CARTESIAN_POINT('',(0.,-0.043806090712,0.));
#17615=CARTESIAN_POINT('',(-0.02288543647,-0.043806090712,0.00095));
#17616=CARTESIAN_POINT('',(-0.02288543647,-0.043806090712,0.00095));
#17617=CARTESIAN_POINT('',(-0.02288543647,-0.043806090712,0.00095));
#17618=CARTESIAN_POINT('',(-0.02288543647,-0.043806090712,0.00095));
#17619=CARTESIAN_POINT('',(-0.02288543647,-0.043806090712,0.00031));
#17620=CARTESIAN_POINT('',(-0.02288543647,-0.043806090712,0.00031));
#17621=CARTESIAN_POINT('',(-0.02352543647,-0.043806090712,0.00095));
#17622=CARTESIAN_POINT('',(-0.02352543647,-0.043806090712,0.00095));
#17623=CARTESIAN_POINT('',(-0.02352543647,-0.043806090712,0.00095));
#17624=CARTESIAN_POINT('',(-0.02352543647,-0.043806090712,0.00095));
#17625=CARTESIAN_POINT('',(-0.02352543647,-0.043806090712,0.00095));
#17626=CARTESIAN_POINT('',(-0.02352543647,-0.043806090712,0.00031));
#17627=CARTESIAN_POINT('',(-0.02352543647,-0.043806090712,0.00031));
#17628=CARTESIAN_POINT('',(-0.02352543647,-0.043806090712,0.00095));
#17629=CARTESIAN_POINT('',(-0.02352543647,-0.043806090712,0.00031));
#17630=CARTESIAN_POINT('',(-0.02352543647,-0.043806090712,0.00031));
#17631=CARTESIAN_POINT('',(0.,-0.043806090712,0.));
#17632=CARTESIAN_POINT('',(-0.02034543647,-0.043806090712,0.00349));
#17633=CARTESIAN_POINT('',(-0.02034543647,-0.043806090712,0.00349));
#17634=CARTESIAN_POINT('',(-0.02034543647,-0.043806090712,0.00349));
#17635=CARTESIAN_POINT('',(-0.02034543647,-0.043806090712,0.00349));
#17636=CARTESIAN_POINT('',(-0.02034543647,-0.043806090712,0.00285));
#17637=CARTESIAN_POINT('',(-0.02034543647,-0.043806090712,0.00285));
#17638=CARTESIAN_POINT('',(-0.02098543647,-0.043806090712,0.00349));
#17639=CARTESIAN_POINT('',(-0.02098543647,-0.043806090712,0.00349));
#17640=CARTESIAN_POINT('',(-0.02098543647,-0.043806090712,0.00349));
#17641=CARTESIAN_POINT('',(-0.02098543647,-0.043806090712,0.00349));
#17642=CARTESIAN_POINT('',(-0.02098543647,-0.043806090712,0.00349));
#17643=CARTESIAN_POINT('',(-0.02098543647,-0.043806090712,0.00285));
#17644=CARTESIAN_POINT('',(-0.02098543647,-0.043806090712,0.00285));
#17645=CARTESIAN_POINT('',(-0.02098543647,-0.043806090712,0.00349));
#17646=CARTESIAN_POINT('',(-0.02098543647,-0.043806090712,0.00285));
#17647=CARTESIAN_POINT('',(-0.02098543647,-0.043806090712,0.00285));
#17648=CARTESIAN_POINT('',(0.,-0.043806090712,0.));
#17649=CARTESIAN_POINT('',(-0.02034543647,-0.043806090712,0.00095));
#17650=CARTESIAN_POINT('',(-0.02034543647,-0.043806090712,0.00095));
#17651=CARTESIAN_POINT('',(-0.02034543647,-0.043806090712,0.00095));
#17652=CARTESIAN_POINT('',(-0.02034543647,-0.043806090712,0.00095));
#17653=CARTESIAN_POINT('',(-0.02034543647,-0.043806090712,0.00031));
#17654=CARTESIAN_POINT('',(-0.02034543647,-0.043806090712,0.00031));
#17655=CARTESIAN_POINT('',(-0.02098543647,-0.043806090712,0.00095));
#17656=CARTESIAN_POINT('',(-0.02098543647,-0.043806090712,0.00095));
#17657=CARTESIAN_POINT('',(-0.02098543647,-0.043806090712,0.00095));
#17658=CARTESIAN_POINT('',(-0.02098543647,-0.043806090712,0.00095));
#17659=CARTESIAN_POINT('',(-0.02098543647,-0.043806090712,0.00095));
#17660=CARTESIAN_POINT('',(-0.02098543647,-0.043806090712,0.00031));
#17661=CARTESIAN_POINT('',(-0.02098543647,-0.043806090712,0.00031));
#17662=CARTESIAN_POINT('',(-0.02098543647,-0.043806090712,0.00095));
#17663=CARTESIAN_POINT('',(-0.02098543647,-0.043806090712,0.00031));
#17664=CARTESIAN_POINT('',(-0.02098543647,-0.043806090712,0.00031));
#17665=CARTESIAN_POINT('',(0.,-0.043806090712,0.));
#17666=CARTESIAN_POINT('',(-0.01780543647,-0.043806090712,0.00349));
#17667=CARTESIAN_POINT('',(-0.01780543647,-0.043806090712,0.00349));
#17668=CARTESIAN_POINT('',(-0.01780543647,-0.043806090712,0.00349));
#17669=CARTESIAN_POINT('',(-0.01780543647,-0.043806090712,0.00349));
#17670=CARTESIAN_POINT('',(-0.01780543647,-0.043806090712,0.00285));
#17671=CARTESIAN_POINT('',(-0.01780543647,-0.043806090712,0.00285));
#17672=CARTESIAN_POINT('',(-0.01844543647,-0.043806090712,0.00349));
#17673=CARTESIAN_POINT('',(-0.01844543647,-0.043806090712,0.00349));
#17674=CARTESIAN_POINT('',(-0.01844543647,-0.043806090712,0.00349));
#17675=CARTESIAN_POINT('',(-0.01844543647,-0.043806090712,0.00349));
#17676=CARTESIAN_POINT('',(-0.01844543647,-0.043806090712,0.00349));
#17677=CARTESIAN_POINT('',(-0.01844543647,-0.043806090712,0.00285));
#17678=CARTESIAN_POINT('',(-0.01844543647,-0.043806090712,0.00285));
#17679=CARTESIAN_POINT('',(-0.01844543647,-0.043806090712,0.00349));
#17680=CARTESIAN_POINT('',(-0.01844543647,-0.043806090712,0.00285));
#17681=CARTESIAN_POINT('',(-0.01844543647,-0.043806090712,0.00285));
#17682=CARTESIAN_POINT('',(0.,-0.043806090712,0.));
#17683=CARTESIAN_POINT('',(-0.01780543647,-0.043806090712,0.00095));
#17684=CARTESIAN_POINT('',(-0.01780543647,-0.043806090712,0.00095));
#17685=CARTESIAN_POINT('',(-0.01780543647,-0.043806090712,0.00095));
#17686=CARTESIAN_POINT('',(-0.01780543647,-0.043806090712,0.00095));
#17687=CARTESIAN_POINT('',(-0.01780543647,-0.043806090712,0.00031));
#17688=CARTESIAN_POINT('',(-0.01780543647,-0.043806090712,0.00031));
#17689=CARTESIAN_POINT('',(-0.01844543647,-0.043806090712,0.00095));
#17690=CARTESIAN_POINT('',(-0.01844543647,-0.043806090712,0.00095));
#17691=CARTESIAN_POINT('',(-0.01844543647,-0.043806090712,0.00095));
#17692=CARTESIAN_POINT('',(-0.01844543647,-0.043806090712,0.00095));
#17693=CARTESIAN_POINT('',(-0.01844543647,-0.043806090712,0.00095));
#17694=CARTESIAN_POINT('',(-0.01844543647,-0.043806090712,0.00031));
#17695=CARTESIAN_POINT('',(-0.01844543647,-0.043806090712,0.00031));
#17696=CARTESIAN_POINT('',(-0.01844543647,-0.043806090712,0.00095));
#17697=CARTESIAN_POINT('',(-0.01844543647,-0.043806090712,0.00031));
#17698=CARTESIAN_POINT('',(-0.01844543647,-0.043806090712,0.00031));
#17699=CARTESIAN_POINT('',(0.,-0.043806090712,0.));
#17700=CARTESIAN_POINT('',(-0.01526543647,-0.043806090712,0.00349));
#17701=CARTESIAN_POINT('',(-0.01526543647,-0.043806090712,0.00349));
#17702=CARTESIAN_POINT('',(-0.01526543647,-0.043806090712,0.00349));
#17703=CARTESIAN_POINT('',(-0.01526543647,-0.043806090712,0.00349));
#17704=CARTESIAN_POINT('',(-0.01526543647,-0.043806090712,0.00285));
#17705=CARTESIAN_POINT('',(-0.01526543647,-0.043806090712,0.00285));
#17706=CARTESIAN_POINT('',(-0.01590543647,-0.043806090712,0.00349));
#17707=CARTESIAN_POINT('',(-0.01590543647,-0.043806090712,0.00349));
#17708=CARTESIAN_POINT('',(-0.01590543647,-0.043806090712,0.00349));
#17709=CARTESIAN_POINT('',(-0.01590543647,-0.043806090712,0.00349));
#17710=CARTESIAN_POINT('',(-0.01590543647,-0.043806090712,0.00349));
#17711=CARTESIAN_POINT('',(-0.01590543647,-0.043806090712,0.00285));
#17712=CARTESIAN_POINT('',(-0.01590543647,-0.043806090712,0.00285));
#17713=CARTESIAN_POINT('',(-0.01590543647,-0.043806090712,0.00349));
#17714=CARTESIAN_POINT('',(-0.01590543647,-0.043806090712,0.00285));
#17715=CARTESIAN_POINT('',(-0.01590543647,-0.043806090712,0.00285));
#17716=CARTESIAN_POINT('',(0.,-0.043806090712,0.));
#17717=CARTESIAN_POINT('',(-0.01526543647,-0.043806090712,0.00095));
#17718=CARTESIAN_POINT('',(-0.01526543647,-0.043806090712,0.00095));
#17719=CARTESIAN_POINT('',(-0.01526543647,-0.043806090712,0.00095));
#17720=CARTESIAN_POINT('',(-0.01526543647,-0.043806090712,0.00095));
#17721=CARTESIAN_POINT('',(-0.01526543647,-0.043806090712,0.00031));
#17722=CARTESIAN_POINT('',(-0.01526543647,-0.043806090712,0.00031));
#17723=CARTESIAN_POINT('',(-0.01590543647,-0.043806090712,0.00095));
#17724=CARTESIAN_POINT('',(-0.01590543647,-0.043806090712,0.00095));
#17725=CARTESIAN_POINT('',(-0.01590543647,-0.043806090712,0.00095));
#17726=CARTESIAN_POINT('',(-0.01590543647,-0.043806090712,0.00095));
#17727=CARTESIAN_POINT('',(-0.01590543647,-0.043806090712,0.00095));
#17728=CARTESIAN_POINT('',(-0.01590543647,-0.043806090712,0.00031));
#17729=CARTESIAN_POINT('',(-0.01590543647,-0.043806090712,0.00031));
#17730=CARTESIAN_POINT('',(-0.01590543647,-0.043806090712,0.00095));
#17731=CARTESIAN_POINT('',(-0.01590543647,-0.043806090712,0.00031));
#17732=CARTESIAN_POINT('',(-0.01590543647,-0.043806090712,0.00031));
#17733=CARTESIAN_POINT('',(0.,-0.043806090712,0.));
#17734=CARTESIAN_POINT('',(-0.01272543647,-0.043806090712,0.00349));
#17735=CARTESIAN_POINT('',(-0.01272543647,-0.043806090712,0.00349));
#17736=CARTESIAN_POINT('',(-0.01272543647,-0.043806090712,0.00349));
#17737=CARTESIAN_POINT('',(-0.01272543647,-0.043806090712,0.00349));
#17738=CARTESIAN_POINT('',(-0.01272543647,-0.043806090712,0.00285));
#17739=CARTESIAN_POINT('',(-0.01272543647,-0.043806090712,0.00285));
#17740=CARTESIAN_POINT('',(-0.01336543647,-0.043806090712,0.00349));
#17741=CARTESIAN_POINT('',(-0.01336543647,-0.043806090712,0.00349));
#17742=CARTESIAN_POINT('',(-0.01336543647,-0.043806090712,0.00349));
#17743=CARTESIAN_POINT('',(-0.01336543647,-0.043806090712,0.00349));
#17744=CARTESIAN_POINT('',(-0.01336543647,-0.043806090712,0.00349));
#17745=CARTESIAN_POINT('',(-0.01336543647,-0.043806090712,0.00285));
#17746=CARTESIAN_POINT('',(-0.01336543647,-0.043806090712,0.00285));
#17747=CARTESIAN_POINT('',(-0.01336543647,-0.043806090712,0.00349));
#17748=CARTESIAN_POINT('',(-0.01336543647,-0.043806090712,0.00285));
#17749=CARTESIAN_POINT('',(-0.01336543647,-0.043806090712,0.00285));
#17750=CARTESIAN_POINT('',(0.,-0.043806090712,0.));
#17751=CARTESIAN_POINT('',(-0.01272543647,-0.043806090712,0.00095));
#17752=CARTESIAN_POINT('',(-0.01272543647,-0.043806090712,0.00095));
#17753=CARTESIAN_POINT('',(-0.01272543647,-0.043806090712,0.00095));
#17754=CARTESIAN_POINT('',(-0.01272543647,-0.043806090712,0.00095));
#17755=CARTESIAN_POINT('',(-0.01272543647,-0.043806090712,0.00031));
#17756=CARTESIAN_POINT('',(-0.01272543647,-0.043806090712,0.00031));
#17757=CARTESIAN_POINT('',(-0.01336543647,-0.043806090712,0.00095));
#17758=CARTESIAN_POINT('',(-0.01336543647,-0.043806090712,0.00095));
#17759=CARTESIAN_POINT('',(-0.01336543647,-0.043806090712,0.00095));
#17760=CARTESIAN_POINT('',(-0.01336543647,-0.043806090712,0.00095));
#17761=CARTESIAN_POINT('',(-0.01336543647,-0.043806090712,0.00095));
#17762=CARTESIAN_POINT('',(-0.01336543647,-0.043806090712,0.00031));
#17763=CARTESIAN_POINT('',(-0.01336543647,-0.043806090712,0.00031));
#17764=CARTESIAN_POINT('',(-0.01336543647,-0.043806090712,0.00095));
#17765=CARTESIAN_POINT('',(-0.01336543647,-0.043806090712,0.00031));
#17766=CARTESIAN_POINT('',(-0.01336543647,-0.043806090712,0.00031));
#17767=CARTESIAN_POINT('',(0.,-0.043806090712,0.));
#17768=CARTESIAN_POINT('',(-0.01018543647,-0.043806090712,0.00349));
#17769=CARTESIAN_POINT('',(-0.01018543647,-0.043806090712,0.00349));
#17770=CARTESIAN_POINT('',(-0.01018543647,-0.043806090712,0.00349));
#17771=CARTESIAN_POINT('',(-0.01018543647,-0.043806090712,0.00349));
#17772=CARTESIAN_POINT('',(-0.01018543647,-0.043806090712,0.00285));
#17773=CARTESIAN_POINT('',(-0.01018543647,-0.043806090712,0.00285));
#17774=CARTESIAN_POINT('',(-0.01082543647,-0.043806090712,0.00349));
#17775=CARTESIAN_POINT('',(-0.01082543647,-0.043806090712,0.00349));
#17776=CARTESIAN_POINT('',(-0.01082543647,-0.043806090712,0.00349));
#17777=CARTESIAN_POINT('',(-0.01082543647,-0.043806090712,0.00349));
#17778=CARTESIAN_POINT('',(-0.01082543647,-0.043806090712,0.00349));
#17779=CARTESIAN_POINT('',(-0.01082543647,-0.043806090712,0.00285));
#17780=CARTESIAN_POINT('',(-0.01082543647,-0.043806090712,0.00285));
#17781=CARTESIAN_POINT('',(-0.01082543647,-0.043806090712,0.00349));
#17782=CARTESIAN_POINT('',(-0.01082543647,-0.043806090712,0.00285));
#17783=CARTESIAN_POINT('',(-0.01082543647,-0.043806090712,0.00285));
#17784=CARTESIAN_POINT('',(0.,-0.043806090712,0.));
#17785=CARTESIAN_POINT('',(-0.01018543647,-0.043806090712,0.00095));
#17786=CARTESIAN_POINT('',(-0.01018543647,-0.043806090712,0.00095));
#17787=CARTESIAN_POINT('',(-0.01018543647,-0.043806090712,0.00095));
#17788=CARTESIAN_POINT('',(-0.01018543647,-0.043806090712,0.00095));
#17789=CARTESIAN_POINT('',(-0.01018543647,-0.043806090712,0.00031));
#17790=CARTESIAN_POINT('',(-0.01018543647,-0.043806090712,0.00031));
#17791=CARTESIAN_POINT('',(-0.01082543647,-0.043806090712,0.00095));
#17792=CARTESIAN_POINT('',(-0.01082543647,-0.043806090712,0.00095));
#17793=CARTESIAN_POINT('',(-0.01082543647,-0.043806090712,0.00095));
#17794=CARTESIAN_POINT('',(-0.01082543647,-0.043806090712,0.00095));
#17795=CARTESIAN_POINT('',(-0.01082543647,-0.043806090712,0.00095));
#17796=CARTESIAN_POINT('',(-0.01082543647,-0.043806090712,0.00031));
#17797=CARTESIAN_POINT('',(-0.01082543647,-0.043806090712,0.00031));
#17798=CARTESIAN_POINT('',(-0.01082543647,-0.043806090712,0.00095));
#17799=CARTESIAN_POINT('',(-0.01082543647,-0.043806090712,0.00031));
#17800=CARTESIAN_POINT('',(-0.01082543647,-0.043806090712,0.00031));
#17801=CARTESIAN_POINT('',(0.,-0.043806090712,0.));
#17802=CARTESIAN_POINT('',(-0.00764543647000001,-0.043806090712,0.00349));
#17803=CARTESIAN_POINT('',(-0.00764543647000001,-0.043806090712,0.00349));
#17804=CARTESIAN_POINT('',(-0.00764543647000001,-0.043806090712,0.00349));
#17805=CARTESIAN_POINT('',(-0.00764543647000001,-0.043806090712,0.00349));
#17806=CARTESIAN_POINT('',(-0.00764543647000001,-0.043806090712,0.00285));
#17807=CARTESIAN_POINT('',(-0.00764543647000001,-0.043806090712,0.00285));
#17808=CARTESIAN_POINT('',(-0.00828543647000001,-0.043806090712,0.00349));
#17809=CARTESIAN_POINT('',(-0.00828543647000001,-0.043806090712,0.00349));
#17810=CARTESIAN_POINT('',(-0.00828543647000001,-0.043806090712,0.00349));
#17811=CARTESIAN_POINT('',(-0.00828543647000001,-0.043806090712,0.00349));
#17812=CARTESIAN_POINT('',(-0.00828543647000001,-0.043806090712,0.00349));
#17813=CARTESIAN_POINT('',(-0.00828543647000001,-0.043806090712,0.00285));
#17814=CARTESIAN_POINT('',(-0.00828543647000001,-0.043806090712,0.00285));
#17815=CARTESIAN_POINT('',(-0.00828543647000001,-0.043806090712,0.00349));
#17816=CARTESIAN_POINT('',(-0.00828543647000001,-0.043806090712,0.00285));
#17817=CARTESIAN_POINT('',(-0.00828543647000001,-0.043806090712,0.00285));
#17818=CARTESIAN_POINT('',(0.,-0.043806090712,0.));
#17819=CARTESIAN_POINT('',(-0.00764543647000001,-0.043806090712,0.00095));
#17820=CARTESIAN_POINT('',(-0.00764543647000001,-0.043806090712,0.00095));
#17821=CARTESIAN_POINT('',(-0.00764543647000001,-0.043806090712,0.00095));
#17822=CARTESIAN_POINT('',(-0.00764543647000001,-0.043806090712,0.00095));
#17823=CARTESIAN_POINT('',(-0.00764543647000001,-0.043806090712,0.00031));
#17824=CARTESIAN_POINT('',(-0.00764543647000001,-0.043806090712,0.00031));
#17825=CARTESIAN_POINT('',(-0.00828543647000001,-0.043806090712,0.00095));
#17826=CARTESIAN_POINT('',(-0.00828543647000001,-0.043806090712,0.00095));
#17827=CARTESIAN_POINT('',(-0.00828543647000001,-0.043806090712,0.00095));
#17828=CARTESIAN_POINT('',(-0.00828543647000001,-0.043806090712,0.00095));
#17829=CARTESIAN_POINT('',(-0.00828543647000001,-0.043806090712,0.00095));
#17830=CARTESIAN_POINT('',(-0.00828543647000001,-0.043806090712,0.00031));
#17831=CARTESIAN_POINT('',(-0.00828543647000001,-0.043806090712,0.00031));
#17832=CARTESIAN_POINT('',(-0.00828543647000001,-0.043806090712,0.00095));
#17833=CARTESIAN_POINT('',(-0.00828543647000001,-0.043806090712,0.00031));
#17834=CARTESIAN_POINT('',(-0.00828543647000001,-0.043806090712,0.00031));
#17835=CARTESIAN_POINT('',(0.,-0.043806090712,0.));
#17836=CARTESIAN_POINT('',(-0.03050543647,-0.043806090712,0.00349));
#17837=CARTESIAN_POINT('',(-0.03050543647,-0.043806090712,0.00349));
#17838=CARTESIAN_POINT('',(-0.03050543647,-0.043806090712,0.00349));
#17839=CARTESIAN_POINT('',(-0.03050543647,-0.043806090712,0.00349));
#17840=CARTESIAN_POINT('',(-0.03050543647,-0.043806090712,0.00285));
#17841=CARTESIAN_POINT('',(-0.03050543647,-0.043806090712,0.00285));
#17842=CARTESIAN_POINT('',(-0.03114543647,-0.043806090712,0.00349));
#17843=CARTESIAN_POINT('',(-0.03114543647,-0.043806090712,0.00349));
#17844=CARTESIAN_POINT('',(-0.03114543647,-0.043806090712,0.00349));
#17845=CARTESIAN_POINT('',(-0.03114543647,-0.043806090712,0.00349));
#17846=CARTESIAN_POINT('',(-0.03114543647,-0.043806090712,0.00349));
#17847=CARTESIAN_POINT('',(-0.03114543647,-0.043806090712,0.00285));
#17848=CARTESIAN_POINT('',(-0.03114543647,-0.043806090712,0.00285));
#17849=CARTESIAN_POINT('',(-0.03114543647,-0.043806090712,0.00349));
#17850=CARTESIAN_POINT('',(-0.03114543647,-0.043806090712,0.00285));
#17851=CARTESIAN_POINT('',(-0.03114543647,-0.043806090712,0.00285));
#17852=CARTESIAN_POINT('',(0.,-0.043806090712,0.));
#17853=CARTESIAN_POINT('',(-0.03050543647,-0.043806090712,0.000949999999999985));
#17854=CARTESIAN_POINT('',(-0.03050543647,-0.043806090712,0.000949999999999985));
#17855=CARTESIAN_POINT('',(-0.03050543647,-0.043806090712,0.000949999999999985));
#17856=CARTESIAN_POINT('',(-0.03050543647,-0.043806090712,0.000949999999999985));
#17857=CARTESIAN_POINT('',(-0.03050543647,-0.043806090712,0.000309999999999984));
#17858=CARTESIAN_POINT('',(-0.03050543647,-0.043806090712,0.000309999999999984));
#17859=CARTESIAN_POINT('',(-0.03114543647,-0.043806090712,0.000949999999999983));
#17860=CARTESIAN_POINT('',(-0.03114543647,-0.043806090712,0.000949999999999983));
#17861=CARTESIAN_POINT('',(-0.03114543647,-0.043806090712,0.000949999999999983));
#17862=CARTESIAN_POINT('',(-0.03114543647,-0.043806090712,0.000949999999999983));
#17863=CARTESIAN_POINT('',(-0.03114543647,-0.043806090712,0.000949999999999983));
#17864=CARTESIAN_POINT('',(-0.03114543647,-0.043806090712,0.000309999999999984));
#17865=CARTESIAN_POINT('',(-0.03114543647,-0.043806090712,0.000309999999999984));
#17866=CARTESIAN_POINT('',(-0.03114543647,-0.043806090712,0.000949999999999983));
#17867=CARTESIAN_POINT('',(-0.03114543647,-0.043806090712,0.000309999999999984));
#17868=CARTESIAN_POINT('',(-0.03114543647,-0.043806090712,0.000309999999999984));
#17869=CARTESIAN_POINT('',(0.,-0.043806090712,0.));
#17870=CARTESIAN_POINT('',(-0.03304543647,-0.043806090712,0.00349));
#17871=CARTESIAN_POINT('',(-0.03304543647,-0.043806090712,0.00349));
#17872=CARTESIAN_POINT('',(-0.03304543647,-0.043806090712,0.00349));
#17873=CARTESIAN_POINT('',(-0.03304543647,-0.043806090712,0.00349));
#17874=CARTESIAN_POINT('',(-0.03304543647,-0.043806090712,0.00285));
#17875=CARTESIAN_POINT('',(-0.03304543647,-0.043806090712,0.00285));
#17876=CARTESIAN_POINT('',(-0.03368543647,-0.043806090712,0.00349));
#17877=CARTESIAN_POINT('',(-0.03368543647,-0.043806090712,0.00349));
#17878=CARTESIAN_POINT('',(-0.03368543647,-0.043806090712,0.00349));
#17879=CARTESIAN_POINT('',(-0.03368543647,-0.043806090712,0.00349));
#17880=CARTESIAN_POINT('',(-0.03368543647,-0.043806090712,0.00349));
#17881=CARTESIAN_POINT('',(-0.03368543647,-0.043806090712,0.00285));
#17882=CARTESIAN_POINT('',(-0.03368543647,-0.043806090712,0.00285));
#17883=CARTESIAN_POINT('',(-0.03368543647,-0.043806090712,0.00349));
#17884=CARTESIAN_POINT('',(-0.03368543647,-0.043806090712,0.00285));
#17885=CARTESIAN_POINT('',(-0.03368543647,-0.043806090712,0.00285));
#17886=CARTESIAN_POINT('',(0.,-0.043806090712,0.));
#17887=CARTESIAN_POINT('',(-0.03304543647,-0.043806090712,0.000949999999999967));
#17888=CARTESIAN_POINT('',(-0.03304543647,-0.043806090712,0.000949999999999967));
#17889=CARTESIAN_POINT('',(-0.03304543647,-0.043806090712,0.000949999999999967));
#17890=CARTESIAN_POINT('',(-0.03304543647,-0.043806090712,0.000949999999999967));
#17891=CARTESIAN_POINT('',(-0.03304543647,-0.043806090712,0.000309999999999967));
#17892=CARTESIAN_POINT('',(-0.03304543647,-0.043806090712,0.000309999999999967));
#17893=CARTESIAN_POINT('',(-0.03368543647,-0.043806090712,0.000949999999999966));
#17894=CARTESIAN_POINT('',(-0.03368543647,-0.043806090712,0.000949999999999966));
#17895=CARTESIAN_POINT('',(-0.03368543647,-0.043806090712,0.000949999999999966));
#17896=CARTESIAN_POINT('',(-0.03368543647,-0.043806090712,0.000949999999999966));
#17897=CARTESIAN_POINT('',(-0.03368543647,-0.043806090712,0.000949999999999966));
#17898=CARTESIAN_POINT('',(-0.03368543647,-0.043806090712,0.000309999999999967));
#17899=CARTESIAN_POINT('',(-0.03368543647,-0.043806090712,0.000309999999999967));
#17900=CARTESIAN_POINT('',(-0.03368543647,-0.043806090712,0.000949999999999966));
#17901=CARTESIAN_POINT('',(-0.03368543647,-0.043806090712,0.000309999999999967));
#17902=CARTESIAN_POINT('',(-0.03368543647,-0.043806090712,0.000309999999999967));
#17903=CARTESIAN_POINT('',(0.,-0.043806090712,0.));
#17904=CARTESIAN_POINT('',(-0.03558543647,-0.043806090712,0.00348999999999995));
#17905=CARTESIAN_POINT('',(-0.03558543647,-0.043806090712,0.00348999999999995));
#17906=CARTESIAN_POINT('',(-0.03558543647,-0.043806090712,0.00348999999999995));
#17907=CARTESIAN_POINT('',(-0.03558543647,-0.043806090712,0.00348999999999995));
#17908=CARTESIAN_POINT('',(-0.03558543647,-0.043806090712,0.00284999999999995));
#17909=CARTESIAN_POINT('',(-0.03558543647,-0.043806090712,0.00284999999999995));
#17910=CARTESIAN_POINT('',(-0.03622543647,-0.043806090712,0.00348999999999995));
#17911=CARTESIAN_POINT('',(-0.03622543647,-0.043806090712,0.00348999999999995));
#17912=CARTESIAN_POINT('',(-0.03622543647,-0.043806090712,0.00348999999999995));
#17913=CARTESIAN_POINT('',(-0.03622543647,-0.043806090712,0.00348999999999995));
#17914=CARTESIAN_POINT('',(-0.03622543647,-0.043806090712,0.00348999999999995));
#17915=CARTESIAN_POINT('',(-0.03622543647,-0.043806090712,0.00284999999999995));
#17916=CARTESIAN_POINT('',(-0.03622543647,-0.043806090712,0.00284999999999995));
#17917=CARTESIAN_POINT('',(-0.03622543647,-0.043806090712,0.00348999999999995));
#17918=CARTESIAN_POINT('',(-0.03622543647,-0.043806090712,0.00284999999999995));
#17919=CARTESIAN_POINT('',(-0.03622543647,-0.043806090712,0.00284999999999995));
#17920=CARTESIAN_POINT('',(0.,-0.043806090712,0.));
#17921=CARTESIAN_POINT('',(-0.03558543647,-0.043806090712,0.000949999999999949));
#17922=CARTESIAN_POINT('',(-0.03558543647,-0.043806090712,0.000949999999999949));
#17923=CARTESIAN_POINT('',(-0.03558543647,-0.043806090712,0.000949999999999949));
#17924=CARTESIAN_POINT('',(-0.03558543647,-0.043806090712,0.000949999999999949));
#17925=CARTESIAN_POINT('',(-0.03558543647,-0.043806090712,0.000309999999999949));
#17926=CARTESIAN_POINT('',(-0.03558543647,-0.043806090712,0.000309999999999949));
#17927=CARTESIAN_POINT('',(-0.03622543647,-0.043806090712,0.000949999999999948));
#17928=CARTESIAN_POINT('',(-0.03622543647,-0.043806090712,0.000949999999999948));
#17929=CARTESIAN_POINT('',(-0.03622543647,-0.043806090712,0.000949999999999948));
#17930=CARTESIAN_POINT('',(-0.03622543647,-0.043806090712,0.000949999999999948));
#17931=CARTESIAN_POINT('',(-0.03622543647,-0.043806090712,0.000949999999999948));
#17932=CARTESIAN_POINT('',(-0.03622543647,-0.043806090712,0.000309999999999949));
#17933=CARTESIAN_POINT('',(-0.03622543647,-0.043806090712,0.000309999999999949));
#17934=CARTESIAN_POINT('',(-0.03622543647,-0.043806090712,0.000949999999999948));
#17935=CARTESIAN_POINT('',(-0.03622543647,-0.043806090712,0.000309999999999949));
#17936=CARTESIAN_POINT('',(-0.03622543647,-0.043806090712,0.000309999999999949));
#17937=CARTESIAN_POINT('',(0.,-0.043806090712,0.));
#17938=CARTESIAN_POINT('',(-0.03812543647,-0.043806090712,0.00348999999999993));
#17939=CARTESIAN_POINT('',(-0.03812543647,-0.043806090712,0.00348999999999993));
#17940=CARTESIAN_POINT('',(-0.03812543647,-0.043806090712,0.00348999999999993));
#17941=CARTESIAN_POINT('',(-0.03812543647,-0.043806090712,0.00348999999999993));
#17942=CARTESIAN_POINT('',(-0.03812543647,-0.043806090712,0.00284999999999993));
#17943=CARTESIAN_POINT('',(-0.03812543647,-0.043806090712,0.00284999999999993));
#17944=CARTESIAN_POINT('',(-0.03876543647,-0.043806090712,0.00348999999999993));
#17945=CARTESIAN_POINT('',(-0.03876543647,-0.043806090712,0.00348999999999993));
#17946=CARTESIAN_POINT('',(-0.03876543647,-0.043806090712,0.00348999999999993));
#17947=CARTESIAN_POINT('',(-0.03876543647,-0.043806090712,0.00348999999999993));
#17948=CARTESIAN_POINT('',(-0.03876543647,-0.043806090712,0.00348999999999993));
#17949=CARTESIAN_POINT('',(-0.03876543647,-0.043806090712,0.00284999999999993));
#17950=CARTESIAN_POINT('',(-0.03876543647,-0.043806090712,0.00284999999999993));
#17951=CARTESIAN_POINT('',(-0.03876543647,-0.043806090712,0.00348999999999993));
#17952=CARTESIAN_POINT('',(-0.03876543647,-0.043806090712,0.00284999999999993));
#17953=CARTESIAN_POINT('',(-0.03876543647,-0.043806090712,0.00284999999999993));
#17954=CARTESIAN_POINT('',(0.,-0.043806090712,0.));
#17955=CARTESIAN_POINT('',(-0.03812543647,-0.043806090712,0.000949999999999932));
#17956=CARTESIAN_POINT('',(-0.03812543647,-0.043806090712,0.000949999999999932));
#17957=CARTESIAN_POINT('',(-0.03812543647,-0.043806090712,0.000949999999999932));
#17958=CARTESIAN_POINT('',(-0.03812543647,-0.043806090712,0.000949999999999932));
#17959=CARTESIAN_POINT('',(-0.03812543647,-0.043806090712,0.000309999999999931));
#17960=CARTESIAN_POINT('',(-0.03812543647,-0.043806090712,0.000309999999999931));
#17961=CARTESIAN_POINT('',(-0.03876543647,-0.043806090712,0.00094999999999993));
#17962=CARTESIAN_POINT('',(-0.03876543647,-0.043806090712,0.00094999999999993));
#17963=CARTESIAN_POINT('',(-0.03876543647,-0.043806090712,0.00094999999999993));
#17964=CARTESIAN_POINT('',(-0.03876543647,-0.043806090712,0.00094999999999993));
#17965=CARTESIAN_POINT('',(-0.03876543647,-0.043806090712,0.00094999999999993));
#17966=CARTESIAN_POINT('',(-0.03876543647,-0.043806090712,0.000309999999999931));
#17967=CARTESIAN_POINT('',(-0.03876543647,-0.043806090712,0.000309999999999931));
#17968=CARTESIAN_POINT('',(-0.03876543647,-0.043806090712,0.00094999999999993));
#17969=CARTESIAN_POINT('',(-0.03876543647,-0.043806090712,0.000309999999999931));
#17970=CARTESIAN_POINT('',(-0.03876543647,-0.043806090712,0.000309999999999931));
#17971=CARTESIAN_POINT('',(0.,-0.043806090712,0.));
#17972=CARTESIAN_POINT('',(-0.04066543647,-0.043806090712,0.00348999999999991));
#17973=CARTESIAN_POINT('',(-0.04066543647,-0.043806090712,0.00348999999999991));
#17974=CARTESIAN_POINT('',(-0.04066543647,-0.043806090712,0.00348999999999991));
#17975=CARTESIAN_POINT('',(-0.04066543647,-0.043806090712,0.00348999999999991));
#17976=CARTESIAN_POINT('',(-0.04066543647,-0.043806090712,0.00284999999999991));
#17977=CARTESIAN_POINT('',(-0.04066543647,-0.043806090712,0.00284999999999991));
#17978=CARTESIAN_POINT('',(-0.04130543647,-0.043806090712,0.00348999999999991));
#17979=CARTESIAN_POINT('',(-0.04130543647,-0.043806090712,0.00348999999999991));
#17980=CARTESIAN_POINT('',(-0.04130543647,-0.043806090712,0.00348999999999991));
#17981=CARTESIAN_POINT('',(-0.04130543647,-0.043806090712,0.00348999999999991));
#17982=CARTESIAN_POINT('',(-0.04130543647,-0.043806090712,0.00348999999999991));
#17983=CARTESIAN_POINT('',(-0.04130543647,-0.043806090712,0.00284999999999992));
#17984=CARTESIAN_POINT('',(-0.04130543647,-0.043806090712,0.00284999999999992));
#17985=CARTESIAN_POINT('',(-0.04130543647,-0.043806090712,0.00348999999999991));
#17986=CARTESIAN_POINT('',(-0.04130543647,-0.043806090712,0.00284999999999992));
#17987=CARTESIAN_POINT('',(-0.04130543647,-0.043806090712,0.00284999999999992));
#17988=CARTESIAN_POINT('',(0.,-0.043806090712,0.));
#17989=CARTESIAN_POINT('',(-0.04066543647,-0.043806090712,0.000949999999999914));
#17990=CARTESIAN_POINT('',(-0.04066543647,-0.043806090712,0.000949999999999914));
#17991=CARTESIAN_POINT('',(-0.04066543647,-0.043806090712,0.000949999999999914));
#17992=CARTESIAN_POINT('',(-0.04066543647,-0.043806090712,0.000949999999999914));
#17993=CARTESIAN_POINT('',(-0.04066543647,-0.043806090712,0.000309999999999914));
#17994=CARTESIAN_POINT('',(-0.04066543647,-0.043806090712,0.000309999999999914));
#17995=CARTESIAN_POINT('',(-0.04130543647,-0.043806090712,0.000949999999999913));
#17996=CARTESIAN_POINT('',(-0.04130543647,-0.043806090712,0.000949999999999913));
#17997=CARTESIAN_POINT('',(-0.04130543647,-0.043806090712,0.000949999999999913));
#17998=CARTESIAN_POINT('',(-0.04130543647,-0.043806090712,0.000949999999999913));
#17999=CARTESIAN_POINT('',(-0.04130543647,-0.043806090712,0.000949999999999913));
#18000=CARTESIAN_POINT('',(-0.04130543647,-0.043806090712,0.000309999999999913));
#18001=CARTESIAN_POINT('',(-0.04130543647,-0.043806090712,0.000309999999999913));
#18002=CARTESIAN_POINT('',(-0.04130543647,-0.043806090712,0.000949999999999913));
#18003=CARTESIAN_POINT('',(-0.04130543647,-0.043806090712,0.000309999999999913));
#18004=CARTESIAN_POINT('',(-0.04130543647,-0.043806090712,0.000309999999999913));
#18005=CARTESIAN_POINT('',(0.,-0.043806090712,0.));
#18006=CARTESIAN_POINT('',(-0.04320543647,-0.043806090712,0.0034899999999999));
#18007=CARTESIAN_POINT('',(-0.04320543647,-0.043806090712,0.0034899999999999));
#18008=CARTESIAN_POINT('',(-0.04320543647,-0.043806090712,0.0034899999999999));
#18009=CARTESIAN_POINT('',(-0.04320543647,-0.043806090712,0.0034899999999999));
#18010=CARTESIAN_POINT('',(-0.04320543647,-0.043806090712,0.0028499999999999));
#18011=CARTESIAN_POINT('',(-0.04320543647,-0.043806090712,0.0028499999999999));
#18012=CARTESIAN_POINT('',(-0.04384543647,-0.043806090712,0.0034899999999999));
#18013=CARTESIAN_POINT('',(-0.04384543647,-0.043806090712,0.0034899999999999));
#18014=CARTESIAN_POINT('',(-0.04384543647,-0.043806090712,0.0034899999999999));
#18015=CARTESIAN_POINT('',(-0.04384543647,-0.043806090712,0.0034899999999999));
#18016=CARTESIAN_POINT('',(-0.04384543647,-0.043806090712,0.0034899999999999));
#18017=CARTESIAN_POINT('',(-0.04384543647,-0.043806090712,0.0028499999999999));
#18018=CARTESIAN_POINT('',(-0.04384543647,-0.043806090712,0.0028499999999999));
#18019=CARTESIAN_POINT('',(-0.04384543647,-0.043806090712,0.0034899999999999));
#18020=CARTESIAN_POINT('',(-0.04384543647,-0.043806090712,0.0028499999999999));
#18021=CARTESIAN_POINT('',(-0.04384543647,-0.043806090712,0.0028499999999999));
#18022=CARTESIAN_POINT('',(0.,-0.043806090712,0.));
#18023=CARTESIAN_POINT('',(-0.04320543647,-0.043806090712,0.000949999999999896));
#18024=CARTESIAN_POINT('',(-0.04320543647,-0.043806090712,0.000949999999999896));
#18025=CARTESIAN_POINT('',(-0.04320543647,-0.043806090712,0.000949999999999896));
#18026=CARTESIAN_POINT('',(-0.04320543647,-0.043806090712,0.000949999999999896));
#18027=CARTESIAN_POINT('',(-0.04320543647,-0.043806090712,0.000309999999999896));
#18028=CARTESIAN_POINT('',(-0.04320543647,-0.043806090712,0.000309999999999896));
#18029=CARTESIAN_POINT('',(-0.04384543647,-0.043806090712,0.000949999999999895));
#18030=CARTESIAN_POINT('',(-0.04384543647,-0.043806090712,0.000949999999999895));
#18031=CARTESIAN_POINT('',(-0.04384543647,-0.043806090712,0.000949999999999895));
#18032=CARTESIAN_POINT('',(-0.04384543647,-0.043806090712,0.000949999999999895));
#18033=CARTESIAN_POINT('',(-0.04384543647,-0.043806090712,0.000949999999999895));
#18034=CARTESIAN_POINT('',(-0.04384543647,-0.043806090712,0.000309999999999896));
#18035=CARTESIAN_POINT('',(-0.04384543647,-0.043806090712,0.000309999999999896));
#18036=CARTESIAN_POINT('',(-0.04384543647,-0.043806090712,0.000949999999999895));
#18037=CARTESIAN_POINT('',(-0.04384543647,-0.043806090712,0.000309999999999896));
#18038=CARTESIAN_POINT('',(-0.04384543647,-0.043806090712,0.000309999999999896));
#18039=CARTESIAN_POINT('',(0.,-0.043806090712,0.));
#18040=CARTESIAN_POINT('',(-0.04574543647,-0.043806090712,0.00348999999999988));
#18041=CARTESIAN_POINT('',(-0.04574543647,-0.043806090712,0.00348999999999988));
#18042=CARTESIAN_POINT('',(-0.04574543647,-0.043806090712,0.00348999999999988));
#18043=CARTESIAN_POINT('',(-0.04574543647,-0.043806090712,0.00348999999999988));
#18044=CARTESIAN_POINT('',(-0.04574543647,-0.043806090712,0.00284999999999988));
#18045=CARTESIAN_POINT('',(-0.04574543647,-0.043806090712,0.00284999999999988));
#18046=CARTESIAN_POINT('',(-0.04638543647,-0.043806090712,0.00348999999999988));
#18047=CARTESIAN_POINT('',(-0.04638543647,-0.043806090712,0.00348999999999988));
#18048=CARTESIAN_POINT('',(-0.04638543647,-0.043806090712,0.00348999999999988));
#18049=CARTESIAN_POINT('',(-0.04638543647,-0.043806090712,0.00348999999999988));
#18050=CARTESIAN_POINT('',(-0.04638543647,-0.043806090712,0.00348999999999988));
#18051=CARTESIAN_POINT('',(-0.04638543647,-0.043806090712,0.00284999999999988));
#18052=CARTESIAN_POINT('',(-0.04638543647,-0.043806090712,0.00284999999999988));
#18053=CARTESIAN_POINT('',(-0.04638543647,-0.043806090712,0.00348999999999988));
#18054=CARTESIAN_POINT('',(-0.04638543647,-0.043806090712,0.00284999999999988));
#18055=CARTESIAN_POINT('',(-0.04638543647,-0.043806090712,0.00284999999999988));
#18056=CARTESIAN_POINT('',(0.,-0.043806090712,0.));
#18057=CARTESIAN_POINT('',(-0.04574543647,-0.043806090712,0.000949999999999878));
#18058=CARTESIAN_POINT('',(-0.04574543647,-0.043806090712,0.000949999999999878));
#18059=CARTESIAN_POINT('',(-0.04574543647,-0.043806090712,0.000949999999999878));
#18060=CARTESIAN_POINT('',(-0.04574543647,-0.043806090712,0.000949999999999878));
#18061=CARTESIAN_POINT('',(-0.04574543647,-0.043806090712,0.000309999999999878));
#18062=CARTESIAN_POINT('',(-0.04574543647,-0.043806090712,0.000309999999999878));
#18063=CARTESIAN_POINT('',(-0.04638543647,-0.043806090712,0.000949999999999877));
#18064=CARTESIAN_POINT('',(-0.04638543647,-0.043806090712,0.000949999999999877));
#18065=CARTESIAN_POINT('',(-0.04638543647,-0.043806090712,0.000949999999999877));
#18066=CARTESIAN_POINT('',(-0.04638543647,-0.043806090712,0.000949999999999877));
#18067=CARTESIAN_POINT('',(-0.04638543647,-0.043806090712,0.000949999999999877));
#18068=CARTESIAN_POINT('',(-0.04638543647,-0.043806090712,0.000309999999999878));
#18069=CARTESIAN_POINT('',(-0.04638543647,-0.043806090712,0.000309999999999878));
#18070=CARTESIAN_POINT('',(-0.04638543647,-0.043806090712,0.000949999999999877));
#18071=CARTESIAN_POINT('',(-0.04638543647,-0.043806090712,0.000309999999999878));
#18072=CARTESIAN_POINT('',(-0.04638543647,-0.043806090712,0.000309999999999878));
#18073=CARTESIAN_POINT('',(0.,-0.043806090712,0.));
#18074=CARTESIAN_POINT('',(-0.04828543647,-0.043806090712,0.00348999999999986));
#18075=CARTESIAN_POINT('',(-0.04828543647,-0.043806090712,0.00348999999999986));
#18076=CARTESIAN_POINT('',(-0.04828543647,-0.043806090712,0.00348999999999986));
#18077=CARTESIAN_POINT('',(-0.04828543647,-0.043806090712,0.00348999999999986));
#18078=CARTESIAN_POINT('',(-0.04828543647,-0.043806090712,0.00284999999999986));
#18079=CARTESIAN_POINT('',(-0.04828543647,-0.043806090712,0.00284999999999986));
#18080=CARTESIAN_POINT('',(-0.04892543647,-0.043806090712,0.00348999999999986));
#18081=CARTESIAN_POINT('',(-0.04892543647,-0.043806090712,0.00348999999999986));
#18082=CARTESIAN_POINT('',(-0.04892543647,-0.043806090712,0.00348999999999986));
#18083=CARTESIAN_POINT('',(-0.04892543647,-0.043806090712,0.00348999999999986));
#18084=CARTESIAN_POINT('',(-0.04892543647,-0.043806090712,0.00348999999999986));
#18085=CARTESIAN_POINT('',(-0.04892543647,-0.043806090712,0.00284999999999986));
#18086=CARTESIAN_POINT('',(-0.04892543647,-0.043806090712,0.00284999999999986));
#18087=CARTESIAN_POINT('',(-0.04892543647,-0.043806090712,0.00348999999999986));
#18088=CARTESIAN_POINT('',(-0.04892543647,-0.043806090712,0.00284999999999986));
#18089=CARTESIAN_POINT('',(-0.04892543647,-0.043806090712,0.00284999999999986));
#18090=CARTESIAN_POINT('',(0.,-0.043806090712,0.));
#18091=CARTESIAN_POINT('',(-0.04828543647,-0.043806090712,0.000949999999999861));
#18092=CARTESIAN_POINT('',(-0.04828543647,-0.043806090712,0.000949999999999861));
#18093=CARTESIAN_POINT('',(-0.04828543647,-0.043806090712,0.000949999999999861));
#18094=CARTESIAN_POINT('',(-0.04828543647,-0.043806090712,0.000949999999999861));
#18095=CARTESIAN_POINT('',(-0.04828543647,-0.043806090712,0.00030999999999986));
#18096=CARTESIAN_POINT('',(-0.04828543647,-0.043806090712,0.00030999999999986));
#18097=CARTESIAN_POINT('',(-0.04892543647,-0.043806090712,0.000949999999999859));
#18098=CARTESIAN_POINT('',(-0.04892543647,-0.043806090712,0.000949999999999859));
#18099=CARTESIAN_POINT('',(-0.04892543647,-0.043806090712,0.000949999999999859));
#18100=CARTESIAN_POINT('',(-0.04892543647,-0.043806090712,0.000949999999999859));
#18101=CARTESIAN_POINT('',(-0.04892543647,-0.043806090712,0.000949999999999859));
#18102=CARTESIAN_POINT('',(-0.04892543647,-0.043806090712,0.00030999999999986));
#18103=CARTESIAN_POINT('',(-0.04892543647,-0.043806090712,0.00030999999999986));
#18104=CARTESIAN_POINT('',(-0.04892543647,-0.043806090712,0.000949999999999859));
#18105=CARTESIAN_POINT('',(-0.04892543647,-0.043806090712,0.00030999999999986));
#18106=CARTESIAN_POINT('',(-0.04892543647,-0.043806090712,0.00030999999999986));
#18107=CARTESIAN_POINT('',(0.,-0.043806090712,0.));
#18108=CARTESIAN_POINT('',(0.028449828847576,-0.043806090712,0.00349));
#18109=CARTESIAN_POINT('',(0.028449828847576,-0.043806090712,0.00285));
#18110=CARTESIAN_POINT('',(0.028449828847576,-0.043806090712,0.00285));
#18111=CARTESIAN_POINT('',(0.028449828847576,-0.043806090712,0.00349));
#18112=CARTESIAN_POINT('',(0.028449828847576,-0.043806090712,0.00349));
#18113=CARTESIAN_POINT('',(0.028449828847576,-0.043806090712,0.00349));
#18114=CARTESIAN_POINT('',(0.029089828847576,-0.043806090712,0.00285));
#18115=CARTESIAN_POINT('',(0.029089828847576,-0.043806090712,0.00285));
#18116=CARTESIAN_POINT('',(0.029089828847576,-0.043806090712,0.00285));
#18117=CARTESIAN_POINT('',(0.029089828847576,-0.043806090712,0.00285));
#18118=CARTESIAN_POINT('',(0.029089828847576,-0.043806090712,0.00349));
#18119=CARTESIAN_POINT('',(0.029089828847576,-0.043806090712,0.00349));
#18120=CARTESIAN_POINT('',(0.029089828847576,-0.043806090712,0.00349));
#18121=CARTESIAN_POINT('',(0.029089828847576,-0.043806090712,0.00349));
#18122=CARTESIAN_POINT('',(0.029089828847576,-0.043806090712,0.00349));
#18123=CARTESIAN_POINT('',(0.029089828847576,-0.043806090712,0.00349));
#18124=CARTESIAN_POINT('',(0.000484392377575998,-0.043806090712,0.));
#18125=CARTESIAN_POINT('',(0.028449828847576,-0.043806090712,0.00095));
#18126=CARTESIAN_POINT('',(0.028449828847576,-0.043806090712,0.00031));
#18127=CARTESIAN_POINT('',(0.028449828847576,-0.043806090712,0.00031));
#18128=CARTESIAN_POINT('',(0.028449828847576,-0.043806090712,0.00095));
#18129=CARTESIAN_POINT('',(0.028449828847576,-0.043806090712,0.00095));
#18130=CARTESIAN_POINT('',(0.028449828847576,-0.043806090712,0.00095));
#18131=CARTESIAN_POINT('',(0.029089828847576,-0.043806090712,0.00031));
#18132=CARTESIAN_POINT('',(0.029089828847576,-0.043806090712,0.00031));
#18133=CARTESIAN_POINT('',(0.029089828847576,-0.043806090712,0.00031));
#18134=CARTESIAN_POINT('',(0.029089828847576,-0.043806090712,0.00031));
#18135=CARTESIAN_POINT('',(0.029089828847576,-0.043806090712,0.00095));
#18136=CARTESIAN_POINT('',(0.029089828847576,-0.043806090712,0.00095));
#18137=CARTESIAN_POINT('',(0.029089828847576,-0.043806090712,0.00095));
#18138=CARTESIAN_POINT('',(0.029089828847576,-0.043806090712,0.00095));
#18139=CARTESIAN_POINT('',(0.029089828847576,-0.043806090712,0.00095));
#18140=CARTESIAN_POINT('',(0.029089828847576,-0.043806090712,0.00095));
#18141=CARTESIAN_POINT('',(0.000484392377575998,-0.043806090712,0.));
#18142=CARTESIAN_POINT('',(0.025909828847576,-0.043806090712,0.00349));
#18143=CARTESIAN_POINT('',(0.025909828847576,-0.043806090712,0.00285));
#18144=CARTESIAN_POINT('',(0.025909828847576,-0.043806090712,0.00285));
#18145=CARTESIAN_POINT('',(0.025909828847576,-0.043806090712,0.00349));
#18146=CARTESIAN_POINT('',(0.025909828847576,-0.043806090712,0.00349));
#18147=CARTESIAN_POINT('',(0.025909828847576,-0.043806090712,0.00349));
#18148=CARTESIAN_POINT('',(0.026549828847576,-0.043806090712,0.00285));
#18149=CARTESIAN_POINT('',(0.026549828847576,-0.043806090712,0.00285));
#18150=CARTESIAN_POINT('',(0.026549828847576,-0.043806090712,0.00285));
#18151=CARTESIAN_POINT('',(0.026549828847576,-0.043806090712,0.00285));
#18152=CARTESIAN_POINT('',(0.026549828847576,-0.043806090712,0.00349));
#18153=CARTESIAN_POINT('',(0.026549828847576,-0.043806090712,0.00349));
#18154=CARTESIAN_POINT('',(0.026549828847576,-0.043806090712,0.00349));
#18155=CARTESIAN_POINT('',(0.026549828847576,-0.043806090712,0.00349));
#18156=CARTESIAN_POINT('',(0.026549828847576,-0.043806090712,0.00349));
#18157=CARTESIAN_POINT('',(0.026549828847576,-0.043806090712,0.00349));
#18158=CARTESIAN_POINT('',(0.000484392377575998,-0.043806090712,0.));
#18159=CARTESIAN_POINT('',(0.025909828847576,-0.043806090712,0.00095));
#18160=CARTESIAN_POINT('',(0.025909828847576,-0.043806090712,0.00031));
#18161=CARTESIAN_POINT('',(0.025909828847576,-0.043806090712,0.00031));
#18162=CARTESIAN_POINT('',(0.025909828847576,-0.043806090712,0.00095));
#18163=CARTESIAN_POINT('',(0.025909828847576,-0.043806090712,0.00095));
#18164=CARTESIAN_POINT('',(0.025909828847576,-0.043806090712,0.00095));
#18165=CARTESIAN_POINT('',(0.026549828847576,-0.043806090712,0.00031));
#18166=CARTESIAN_POINT('',(0.026549828847576,-0.043806090712,0.00031));
#18167=CARTESIAN_POINT('',(0.026549828847576,-0.043806090712,0.00031));
#18168=CARTESIAN_POINT('',(0.026549828847576,-0.043806090712,0.00031));
#18169=CARTESIAN_POINT('',(0.026549828847576,-0.043806090712,0.00095));
#18170=CARTESIAN_POINT('',(0.026549828847576,-0.043806090712,0.00095));
#18171=CARTESIAN_POINT('',(0.026549828847576,-0.043806090712,0.00095));
#18172=CARTESIAN_POINT('',(0.026549828847576,-0.043806090712,0.00095));
#18173=CARTESIAN_POINT('',(0.026549828847576,-0.043806090712,0.00095));
#18174=CARTESIAN_POINT('',(0.026549828847576,-0.043806090712,0.00095));
#18175=CARTESIAN_POINT('',(0.000484392377575998,-0.043806090712,0.));
#18176=CARTESIAN_POINT('',(0.023369828847576,-0.043806090712,0.00349));
#18177=CARTESIAN_POINT('',(0.023369828847576,-0.043806090712,0.00285));
#18178=CARTESIAN_POINT('',(0.023369828847576,-0.043806090712,0.00285));
#18179=CARTESIAN_POINT('',(0.023369828847576,-0.043806090712,0.00349));
#18180=CARTESIAN_POINT('',(0.023369828847576,-0.043806090712,0.00349));
#18181=CARTESIAN_POINT('',(0.023369828847576,-0.043806090712,0.00349));
#18182=CARTESIAN_POINT('',(0.024009828847576,-0.043806090712,0.00285));
#18183=CARTESIAN_POINT('',(0.024009828847576,-0.043806090712,0.00285));
#18184=CARTESIAN_POINT('',(0.024009828847576,-0.043806090712,0.00285));
#18185=CARTESIAN_POINT('',(0.024009828847576,-0.043806090712,0.00285));
#18186=CARTESIAN_POINT('',(0.024009828847576,-0.043806090712,0.00349));
#18187=CARTESIAN_POINT('',(0.024009828847576,-0.043806090712,0.00349));
#18188=CARTESIAN_POINT('',(0.024009828847576,-0.043806090712,0.00349));
#18189=CARTESIAN_POINT('',(0.024009828847576,-0.043806090712,0.00349));
#18190=CARTESIAN_POINT('',(0.024009828847576,-0.043806090712,0.00349));
#18191=CARTESIAN_POINT('',(0.024009828847576,-0.043806090712,0.00349));
#18192=CARTESIAN_POINT('',(0.000484392377575998,-0.043806090712,0.));
#18193=CARTESIAN_POINT('',(0.023369828847576,-0.043806090712,0.00095));
#18194=CARTESIAN_POINT('',(0.023369828847576,-0.043806090712,0.00031));
#18195=CARTESIAN_POINT('',(0.023369828847576,-0.043806090712,0.00031));
#18196=CARTESIAN_POINT('',(0.023369828847576,-0.043806090712,0.00095));
#18197=CARTESIAN_POINT('',(0.023369828847576,-0.043806090712,0.00095));
#18198=CARTESIAN_POINT('',(0.023369828847576,-0.043806090712,0.00095));
#18199=CARTESIAN_POINT('',(0.024009828847576,-0.043806090712,0.00031));
#18200=CARTESIAN_POINT('',(0.024009828847576,-0.043806090712,0.00031));
#18201=CARTESIAN_POINT('',(0.024009828847576,-0.043806090712,0.00031));
#18202=CARTESIAN_POINT('',(0.024009828847576,-0.043806090712,0.00031));
#18203=CARTESIAN_POINT('',(0.024009828847576,-0.043806090712,0.00095));
#18204=CARTESIAN_POINT('',(0.024009828847576,-0.043806090712,0.00095));
#18205=CARTESIAN_POINT('',(0.024009828847576,-0.043806090712,0.00095));
#18206=CARTESIAN_POINT('',(0.024009828847576,-0.043806090712,0.00095));
#18207=CARTESIAN_POINT('',(0.024009828847576,-0.043806090712,0.00095));
#18208=CARTESIAN_POINT('',(0.024009828847576,-0.043806090712,0.00095));
#18209=CARTESIAN_POINT('',(0.000484392377575998,-0.043806090712,0.));
#18210=CARTESIAN_POINT('',(0.020829828847576,-0.043806090712,0.00349));
#18211=CARTESIAN_POINT('',(0.020829828847576,-0.043806090712,0.00285));
#18212=CARTESIAN_POINT('',(0.020829828847576,-0.043806090712,0.00285));
#18213=CARTESIAN_POINT('',(0.020829828847576,-0.043806090712,0.00349));
#18214=CARTESIAN_POINT('',(0.020829828847576,-0.043806090712,0.00349));
#18215=CARTESIAN_POINT('',(0.020829828847576,-0.043806090712,0.00349));
#18216=CARTESIAN_POINT('',(0.021469828847576,-0.043806090712,0.00285));
#18217=CARTESIAN_POINT('',(0.021469828847576,-0.043806090712,0.00285));
#18218=CARTESIAN_POINT('',(0.021469828847576,-0.043806090712,0.00285));
#18219=CARTESIAN_POINT('',(0.021469828847576,-0.043806090712,0.00285));
#18220=CARTESIAN_POINT('',(0.021469828847576,-0.043806090712,0.00349));
#18221=CARTESIAN_POINT('',(0.021469828847576,-0.043806090712,0.00349));
#18222=CARTESIAN_POINT('',(0.021469828847576,-0.043806090712,0.00349));
#18223=CARTESIAN_POINT('',(0.021469828847576,-0.043806090712,0.00349));
#18224=CARTESIAN_POINT('',(0.021469828847576,-0.043806090712,0.00349));
#18225=CARTESIAN_POINT('',(0.021469828847576,-0.043806090712,0.00349));
#18226=CARTESIAN_POINT('',(0.000484392377575998,-0.043806090712,0.));
#18227=CARTESIAN_POINT('',(0.020829828847576,-0.043806090712,0.00095));
#18228=CARTESIAN_POINT('',(0.020829828847576,-0.043806090712,0.00031));
#18229=CARTESIAN_POINT('',(0.020829828847576,-0.043806090712,0.00031));
#18230=CARTESIAN_POINT('',(0.020829828847576,-0.043806090712,0.00095));
#18231=CARTESIAN_POINT('',(0.020829828847576,-0.043806090712,0.00095));
#18232=CARTESIAN_POINT('',(0.020829828847576,-0.043806090712,0.00095));
#18233=CARTESIAN_POINT('',(0.021469828847576,-0.043806090712,0.00031));
#18234=CARTESIAN_POINT('',(0.021469828847576,-0.043806090712,0.00031));
#18235=CARTESIAN_POINT('',(0.021469828847576,-0.043806090712,0.00031));
#18236=CARTESIAN_POINT('',(0.021469828847576,-0.043806090712,0.00031));
#18237=CARTESIAN_POINT('',(0.021469828847576,-0.043806090712,0.00095));
#18238=CARTESIAN_POINT('',(0.021469828847576,-0.043806090712,0.00095));
#18239=CARTESIAN_POINT('',(0.021469828847576,-0.043806090712,0.00095));
#18240=CARTESIAN_POINT('',(0.021469828847576,-0.043806090712,0.00095));
#18241=CARTESIAN_POINT('',(0.021469828847576,-0.043806090712,0.00095));
#18242=CARTESIAN_POINT('',(0.021469828847576,-0.043806090712,0.00095));
#18243=CARTESIAN_POINT('',(0.000484392377575998,-0.043806090712,0.));
#18244=CARTESIAN_POINT('',(0.018289828847576,-0.043806090712,0.00349));
#18245=CARTESIAN_POINT('',(0.018289828847576,-0.043806090712,0.00285));
#18246=CARTESIAN_POINT('',(0.018289828847576,-0.043806090712,0.00285));
#18247=CARTESIAN_POINT('',(0.018289828847576,-0.043806090712,0.00349));
#18248=CARTESIAN_POINT('',(0.018289828847576,-0.043806090712,0.00349));
#18249=CARTESIAN_POINT('',(0.018289828847576,-0.043806090712,0.00349));
#18250=CARTESIAN_POINT('',(0.018929828847576,-0.043806090712,0.00285));
#18251=CARTESIAN_POINT('',(0.018929828847576,-0.043806090712,0.00285));
#18252=CARTESIAN_POINT('',(0.018929828847576,-0.043806090712,0.00285));
#18253=CARTESIAN_POINT('',(0.018929828847576,-0.043806090712,0.00285));
#18254=CARTESIAN_POINT('',(0.018929828847576,-0.043806090712,0.00349));
#18255=CARTESIAN_POINT('',(0.018929828847576,-0.043806090712,0.00349));
#18256=CARTESIAN_POINT('',(0.018929828847576,-0.043806090712,0.00349));
#18257=CARTESIAN_POINT('',(0.018929828847576,-0.043806090712,0.00349));
#18258=CARTESIAN_POINT('',(0.018929828847576,-0.043806090712,0.00349));
#18259=CARTESIAN_POINT('',(0.018929828847576,-0.043806090712,0.00349));
#18260=CARTESIAN_POINT('',(0.000484392377575998,-0.043806090712,0.));
#18261=CARTESIAN_POINT('',(0.018289828847576,-0.043806090712,0.00095));
#18262=CARTESIAN_POINT('',(0.018289828847576,-0.043806090712,0.00031));
#18263=CARTESIAN_POINT('',(0.018289828847576,-0.043806090712,0.00031));
#18264=CARTESIAN_POINT('',(0.018289828847576,-0.043806090712,0.00095));
#18265=CARTESIAN_POINT('',(0.018289828847576,-0.043806090712,0.00095));
#18266=CARTESIAN_POINT('',(0.018289828847576,-0.043806090712,0.00095));
#18267=CARTESIAN_POINT('',(0.018929828847576,-0.043806090712,0.00031));
#18268=CARTESIAN_POINT('',(0.018929828847576,-0.043806090712,0.00031));
#18269=CARTESIAN_POINT('',(0.018929828847576,-0.043806090712,0.00031));
#18270=CARTESIAN_POINT('',(0.018929828847576,-0.043806090712,0.00031));
#18271=CARTESIAN_POINT('',(0.018929828847576,-0.043806090712,0.00095));
#18272=CARTESIAN_POINT('',(0.018929828847576,-0.043806090712,0.00095));
#18273=CARTESIAN_POINT('',(0.018929828847576,-0.043806090712,0.00095));
#18274=CARTESIAN_POINT('',(0.018929828847576,-0.043806090712,0.00095));
#18275=CARTESIAN_POINT('',(0.018929828847576,-0.043806090712,0.00095));
#18276=CARTESIAN_POINT('',(0.018929828847576,-0.043806090712,0.00095));
#18277=CARTESIAN_POINT('',(0.000484392377575998,-0.043806090712,0.));
#18278=CARTESIAN_POINT('',(0.015749828847576,-0.043806090712,0.00349));
#18279=CARTESIAN_POINT('',(0.015749828847576,-0.043806090712,0.00285));
#18280=CARTESIAN_POINT('',(0.015749828847576,-0.043806090712,0.00285));
#18281=CARTESIAN_POINT('',(0.015749828847576,-0.043806090712,0.00349));
#18282=CARTESIAN_POINT('',(0.015749828847576,-0.043806090712,0.00349));
#18283=CARTESIAN_POINT('',(0.015749828847576,-0.043806090712,0.00349));
#18284=CARTESIAN_POINT('',(0.016389828847576,-0.043806090712,0.00285));
#18285=CARTESIAN_POINT('',(0.016389828847576,-0.043806090712,0.00285));
#18286=CARTESIAN_POINT('',(0.016389828847576,-0.043806090712,0.00285));
#18287=CARTESIAN_POINT('',(0.016389828847576,-0.043806090712,0.00285));
#18288=CARTESIAN_POINT('',(0.016389828847576,-0.043806090712,0.00349));
#18289=CARTESIAN_POINT('',(0.016389828847576,-0.043806090712,0.00349));
#18290=CARTESIAN_POINT('',(0.016389828847576,-0.043806090712,0.00349));
#18291=CARTESIAN_POINT('',(0.016389828847576,-0.043806090712,0.00349));
#18292=CARTESIAN_POINT('',(0.016389828847576,-0.043806090712,0.00349));
#18293=CARTESIAN_POINT('',(0.016389828847576,-0.043806090712,0.00349));
#18294=CARTESIAN_POINT('',(0.000484392377575998,-0.043806090712,0.));
#18295=CARTESIAN_POINT('',(0.015749828847576,-0.043806090712,0.00095));
#18296=CARTESIAN_POINT('',(0.015749828847576,-0.043806090712,0.00031));
#18297=CARTESIAN_POINT('',(0.015749828847576,-0.043806090712,0.00031));
#18298=CARTESIAN_POINT('',(0.015749828847576,-0.043806090712,0.00095));
#18299=CARTESIAN_POINT('',(0.015749828847576,-0.043806090712,0.00095));
#18300=CARTESIAN_POINT('',(0.015749828847576,-0.043806090712,0.00095));
#18301=CARTESIAN_POINT('',(0.016389828847576,-0.043806090712,0.00031));
#18302=CARTESIAN_POINT('',(0.016389828847576,-0.043806090712,0.00031));
#18303=CARTESIAN_POINT('',(0.016389828847576,-0.043806090712,0.00031));
#18304=CARTESIAN_POINT('',(0.016389828847576,-0.043806090712,0.00031));
#18305=CARTESIAN_POINT('',(0.016389828847576,-0.043806090712,0.00095));
#18306=CARTESIAN_POINT('',(0.016389828847576,-0.043806090712,0.00095));
#18307=CARTESIAN_POINT('',(0.016389828847576,-0.043806090712,0.00095));
#18308=CARTESIAN_POINT('',(0.016389828847576,-0.043806090712,0.00095));
#18309=CARTESIAN_POINT('',(0.016389828847576,-0.043806090712,0.00095));
#18310=CARTESIAN_POINT('',(0.016389828847576,-0.043806090712,0.00095));
#18311=CARTESIAN_POINT('',(0.000484392377575998,-0.043806090712,0.));
#18312=CARTESIAN_POINT('',(0.013209828847576,-0.043806090712,0.00349));
#18313=CARTESIAN_POINT('',(0.013209828847576,-0.043806090712,0.00285));
#18314=CARTESIAN_POINT('',(0.013209828847576,-0.043806090712,0.00285));
#18315=CARTESIAN_POINT('',(0.013209828847576,-0.043806090712,0.00349));
#18316=CARTESIAN_POINT('',(0.013209828847576,-0.043806090712,0.00349));
#18317=CARTESIAN_POINT('',(0.013209828847576,-0.043806090712,0.00349));
#18318=CARTESIAN_POINT('',(0.013849828847576,-0.043806090712,0.00285));
#18319=CARTESIAN_POINT('',(0.013849828847576,-0.043806090712,0.00285));
#18320=CARTESIAN_POINT('',(0.013849828847576,-0.043806090712,0.00285));
#18321=CARTESIAN_POINT('',(0.013849828847576,-0.043806090712,0.00285));
#18322=CARTESIAN_POINT('',(0.013849828847576,-0.043806090712,0.00349));
#18323=CARTESIAN_POINT('',(0.013849828847576,-0.043806090712,0.00349));
#18324=CARTESIAN_POINT('',(0.013849828847576,-0.043806090712,0.00349));
#18325=CARTESIAN_POINT('',(0.013849828847576,-0.043806090712,0.00349));
#18326=CARTESIAN_POINT('',(0.013849828847576,-0.043806090712,0.00349));
#18327=CARTESIAN_POINT('',(0.013849828847576,-0.043806090712,0.00349));
#18328=CARTESIAN_POINT('',(0.000484392377575998,-0.043806090712,0.));
#18329=CARTESIAN_POINT('',(0.013209828847576,-0.043806090712,0.00095));
#18330=CARTESIAN_POINT('',(0.013209828847576,-0.043806090712,0.00031));
#18331=CARTESIAN_POINT('',(0.013209828847576,-0.043806090712,0.00031));
#18332=CARTESIAN_POINT('',(0.013209828847576,-0.043806090712,0.00095));
#18333=CARTESIAN_POINT('',(0.013209828847576,-0.043806090712,0.00095));
#18334=CARTESIAN_POINT('',(0.013209828847576,-0.043806090712,0.00095));
#18335=CARTESIAN_POINT('',(0.013849828847576,-0.043806090712,0.00031));
#18336=CARTESIAN_POINT('',(0.013849828847576,-0.043806090712,0.00031));
#18337=CARTESIAN_POINT('',(0.013849828847576,-0.043806090712,0.00031));
#18338=CARTESIAN_POINT('',(0.013849828847576,-0.043806090712,0.00031));
#18339=CARTESIAN_POINT('',(0.013849828847576,-0.043806090712,0.00095));
#18340=CARTESIAN_POINT('',(0.013849828847576,-0.043806090712,0.00095));
#18341=CARTESIAN_POINT('',(0.013849828847576,-0.043806090712,0.00095));
#18342=CARTESIAN_POINT('',(0.013849828847576,-0.043806090712,0.00095));
#18343=CARTESIAN_POINT('',(0.013849828847576,-0.043806090712,0.00095));
#18344=CARTESIAN_POINT('',(0.013849828847576,-0.043806090712,0.00095));
#18345=CARTESIAN_POINT('',(0.000484392377575998,-0.043806090712,0.));
#18346=CARTESIAN_POINT('',(0.010669828847576,-0.043806090712,0.00349));
#18347=CARTESIAN_POINT('',(0.010669828847576,-0.043806090712,0.00285));
#18348=CARTESIAN_POINT('',(0.010669828847576,-0.043806090712,0.00285));
#18349=CARTESIAN_POINT('',(0.010669828847576,-0.043806090712,0.00349));
#18350=CARTESIAN_POINT('',(0.010669828847576,-0.043806090712,0.00349));
#18351=CARTESIAN_POINT('',(0.010669828847576,-0.043806090712,0.00349));
#18352=CARTESIAN_POINT('',(0.011309828847576,-0.043806090712,0.00285));
#18353=CARTESIAN_POINT('',(0.011309828847576,-0.043806090712,0.00285));
#18354=CARTESIAN_POINT('',(0.011309828847576,-0.043806090712,0.00285));
#18355=CARTESIAN_POINT('',(0.011309828847576,-0.043806090712,0.00285));
#18356=CARTESIAN_POINT('',(0.011309828847576,-0.043806090712,0.00349));
#18357=CARTESIAN_POINT('',(0.011309828847576,-0.043806090712,0.00349));
#18358=CARTESIAN_POINT('',(0.011309828847576,-0.043806090712,0.00349));
#18359=CARTESIAN_POINT('',(0.011309828847576,-0.043806090712,0.00349));
#18360=CARTESIAN_POINT('',(0.011309828847576,-0.043806090712,0.00349));
#18361=CARTESIAN_POINT('',(0.011309828847576,-0.043806090712,0.00349));
#18362=CARTESIAN_POINT('',(0.000484392377575998,-0.043806090712,0.));
#18363=CARTESIAN_POINT('',(0.010669828847576,-0.043806090712,0.00095));
#18364=CARTESIAN_POINT('',(0.010669828847576,-0.043806090712,0.00031));
#18365=CARTESIAN_POINT('',(0.010669828847576,-0.043806090712,0.00031));
#18366=CARTESIAN_POINT('',(0.010669828847576,-0.043806090712,0.00095));
#18367=CARTESIAN_POINT('',(0.010669828847576,-0.043806090712,0.00095));
#18368=CARTESIAN_POINT('',(0.010669828847576,-0.043806090712,0.00095));
#18369=CARTESIAN_POINT('',(0.011309828847576,-0.043806090712,0.00031));
#18370=CARTESIAN_POINT('',(0.011309828847576,-0.043806090712,0.00031));
#18371=CARTESIAN_POINT('',(0.011309828847576,-0.043806090712,0.00031));
#18372=CARTESIAN_POINT('',(0.011309828847576,-0.043806090712,0.00031));
#18373=CARTESIAN_POINT('',(0.011309828847576,-0.043806090712,0.00095));
#18374=CARTESIAN_POINT('',(0.011309828847576,-0.043806090712,0.00095));
#18375=CARTESIAN_POINT('',(0.011309828847576,-0.043806090712,0.00095));
#18376=CARTESIAN_POINT('',(0.011309828847576,-0.043806090712,0.00095));
#18377=CARTESIAN_POINT('',(0.011309828847576,-0.043806090712,0.00095));
#18378=CARTESIAN_POINT('',(0.011309828847576,-0.043806090712,0.00095));
#18379=CARTESIAN_POINT('',(0.000484392377575998,-0.043806090712,0.));
#18380=CARTESIAN_POINT('',(0.00812982884757601,-0.043806090712,0.00349));
#18381=CARTESIAN_POINT('',(0.00812982884757601,-0.043806090712,0.00285));
#18382=CARTESIAN_POINT('',(0.00812982884757601,-0.043806090712,0.00285));
#18383=CARTESIAN_POINT('',(0.00812982884757601,-0.043806090712,0.00349));
#18384=CARTESIAN_POINT('',(0.00812982884757601,-0.043806090712,0.00349));
#18385=CARTESIAN_POINT('',(0.00812982884757601,-0.043806090712,0.00349));
#18386=CARTESIAN_POINT('',(0.00876982884757601,-0.043806090712,0.00285));
#18387=CARTESIAN_POINT('',(0.00876982884757601,-0.043806090712,0.00285));
#18388=CARTESIAN_POINT('',(0.00876982884757601,-0.043806090712,0.00285));
#18389=CARTESIAN_POINT('',(0.00876982884757601,-0.043806090712,0.00285));
#18390=CARTESIAN_POINT('',(0.00876982884757601,-0.043806090712,0.00349));
#18391=CARTESIAN_POINT('',(0.00876982884757601,-0.043806090712,0.00349));
#18392=CARTESIAN_POINT('',(0.00876982884757601,-0.043806090712,0.00349));
#18393=CARTESIAN_POINT('',(0.00876982884757601,-0.043806090712,0.00349));
#18394=CARTESIAN_POINT('',(0.00876982884757601,-0.043806090712,0.00349));
#18395=CARTESIAN_POINT('',(0.00876982884757601,-0.043806090712,0.00349));
#18396=CARTESIAN_POINT('',(0.000484392377575998,-0.043806090712,0.));
#18397=CARTESIAN_POINT('',(0.00812982884757601,-0.043806090712,0.00095));
#18398=CARTESIAN_POINT('',(0.00812982884757601,-0.043806090712,0.00031));
#18399=CARTESIAN_POINT('',(0.00812982884757601,-0.043806090712,0.00031));
#18400=CARTESIAN_POINT('',(0.00812982884757601,-0.043806090712,0.00095));
#18401=CARTESIAN_POINT('',(0.00812982884757601,-0.043806090712,0.00095));
#18402=CARTESIAN_POINT('',(0.00812982884757601,-0.043806090712,0.00095));
#18403=CARTESIAN_POINT('',(0.00876982884757601,-0.043806090712,0.00031));
#18404=CARTESIAN_POINT('',(0.00876982884757601,-0.043806090712,0.00031));
#18405=CARTESIAN_POINT('',(0.00876982884757601,-0.043806090712,0.00031));
#18406=CARTESIAN_POINT('',(0.00876982884757601,-0.043806090712,0.00031));
#18407=CARTESIAN_POINT('',(0.00876982884757601,-0.043806090712,0.00095));
#18408=CARTESIAN_POINT('',(0.00876982884757601,-0.043806090712,0.00095));
#18409=CARTESIAN_POINT('',(0.00876982884757601,-0.043806090712,0.00095));
#18410=CARTESIAN_POINT('',(0.00876982884757601,-0.043806090712,0.00095));
#18411=CARTESIAN_POINT('',(0.00876982884757601,-0.043806090712,0.00095));
#18412=CARTESIAN_POINT('',(0.00876982884757601,-0.043806090712,0.00095));
#18413=CARTESIAN_POINT('',(0.000484392377575998,-0.043806090712,0.));
#18414=CARTESIAN_POINT('',(0.030989828847576,-0.043806090712,0.00349));
#18415=CARTESIAN_POINT('',(0.030989828847576,-0.043806090712,0.00285));
#18416=CARTESIAN_POINT('',(0.030989828847576,-0.043806090712,0.00285));
#18417=CARTESIAN_POINT('',(0.030989828847576,-0.043806090712,0.00349));
#18418=CARTESIAN_POINT('',(0.030989828847576,-0.043806090712,0.00349));
#18419=CARTESIAN_POINT('',(0.030989828847576,-0.043806090712,0.00349));
#18420=CARTESIAN_POINT('',(0.031629828847576,-0.043806090712,0.00285));
#18421=CARTESIAN_POINT('',(0.031629828847576,-0.043806090712,0.00285));
#18422=CARTESIAN_POINT('',(0.031629828847576,-0.043806090712,0.00285));
#18423=CARTESIAN_POINT('',(0.031629828847576,-0.043806090712,0.00285));
#18424=CARTESIAN_POINT('',(0.031629828847576,-0.043806090712,0.00349));
#18425=CARTESIAN_POINT('',(0.031629828847576,-0.043806090712,0.00349));
#18426=CARTESIAN_POINT('',(0.031629828847576,-0.043806090712,0.00349));
#18427=CARTESIAN_POINT('',(0.031629828847576,-0.043806090712,0.00349));
#18428=CARTESIAN_POINT('',(0.031629828847576,-0.043806090712,0.00349));
#18429=CARTESIAN_POINT('',(0.031629828847576,-0.043806090712,0.00349));
#18430=CARTESIAN_POINT('',(0.000484392377575998,-0.043806090712,0.));
#18431=CARTESIAN_POINT('',(0.030989828847576,-0.043806090712,0.000949999999999985));
#18432=CARTESIAN_POINT('',(0.030989828847576,-0.043806090712,0.000309999999999984));
#18433=CARTESIAN_POINT('',(0.030989828847576,-0.043806090712,0.000309999999999984));
#18434=CARTESIAN_POINT('',(0.030989828847576,-0.043806090712,0.000949999999999985));
#18435=CARTESIAN_POINT('',(0.030989828847576,-0.043806090712,0.000949999999999985));
#18436=CARTESIAN_POINT('',(0.030989828847576,-0.043806090712,0.000949999999999985));
#18437=CARTESIAN_POINT('',(0.031629828847576,-0.043806090712,0.000309999999999984));
#18438=CARTESIAN_POINT('',(0.031629828847576,-0.043806090712,0.000309999999999984));
#18439=CARTESIAN_POINT('',(0.031629828847576,-0.043806090712,0.000309999999999984));
#18440=CARTESIAN_POINT('',(0.031629828847576,-0.043806090712,0.000309999999999984));
#18441=CARTESIAN_POINT('',(0.031629828847576,-0.043806090712,0.000949999999999983));
#18442=CARTESIAN_POINT('',(0.031629828847576,-0.043806090712,0.000949999999999983));
#18443=CARTESIAN_POINT('',(0.031629828847576,-0.043806090712,0.000949999999999983));
#18444=CARTESIAN_POINT('',(0.031629828847576,-0.043806090712,0.000949999999999983));
#18445=CARTESIAN_POINT('',(0.031629828847576,-0.043806090712,0.000949999999999983));
#18446=CARTESIAN_POINT('',(0.031629828847576,-0.043806090712,0.000949999999999983));
#18447=CARTESIAN_POINT('',(0.000484392377575998,-0.043806090712,0.));
#18448=CARTESIAN_POINT('',(0.033529828847576,-0.043806090712,0.00349));
#18449=CARTESIAN_POINT('',(0.033529828847576,-0.043806090712,0.00285));
#18450=CARTESIAN_POINT('',(0.033529828847576,-0.043806090712,0.00285));
#18451=CARTESIAN_POINT('',(0.033529828847576,-0.043806090712,0.00349));
#18452=CARTESIAN_POINT('',(0.033529828847576,-0.043806090712,0.00349));
#18453=CARTESIAN_POINT('',(0.033529828847576,-0.043806090712,0.00349));
#18454=CARTESIAN_POINT('',(0.034169828847576,-0.043806090712,0.00285));
#18455=CARTESIAN_POINT('',(0.034169828847576,-0.043806090712,0.00285));
#18456=CARTESIAN_POINT('',(0.034169828847576,-0.043806090712,0.00285));
#18457=CARTESIAN_POINT('',(0.034169828847576,-0.043806090712,0.00285));
#18458=CARTESIAN_POINT('',(0.034169828847576,-0.043806090712,0.00349));
#18459=CARTESIAN_POINT('',(0.034169828847576,-0.043806090712,0.00349));
#18460=CARTESIAN_POINT('',(0.034169828847576,-0.043806090712,0.00349));
#18461=CARTESIAN_POINT('',(0.034169828847576,-0.043806090712,0.00349));
#18462=CARTESIAN_POINT('',(0.034169828847576,-0.043806090712,0.00349));
#18463=CARTESIAN_POINT('',(0.034169828847576,-0.043806090712,0.00349));
#18464=CARTESIAN_POINT('',(0.000484392377575998,-0.043806090712,0.));
#18465=CARTESIAN_POINT('',(0.033529828847576,-0.043806090712,0.000949999999999967));
#18466=CARTESIAN_POINT('',(0.033529828847576,-0.043806090712,0.000309999999999967));
#18467=CARTESIAN_POINT('',(0.033529828847576,-0.043806090712,0.000309999999999967));
#18468=CARTESIAN_POINT('',(0.033529828847576,-0.043806090712,0.000949999999999967));
#18469=CARTESIAN_POINT('',(0.033529828847576,-0.043806090712,0.000949999999999967));
#18470=CARTESIAN_POINT('',(0.033529828847576,-0.043806090712,0.000949999999999967));
#18471=CARTESIAN_POINT('',(0.034169828847576,-0.043806090712,0.000309999999999967));
#18472=CARTESIAN_POINT('',(0.034169828847576,-0.043806090712,0.000309999999999967));
#18473=CARTESIAN_POINT('',(0.034169828847576,-0.043806090712,0.000309999999999967));
#18474=CARTESIAN_POINT('',(0.034169828847576,-0.043806090712,0.000309999999999967));
#18475=CARTESIAN_POINT('',(0.034169828847576,-0.043806090712,0.000949999999999966));
#18476=CARTESIAN_POINT('',(0.034169828847576,-0.043806090712,0.000949999999999966));
#18477=CARTESIAN_POINT('',(0.034169828847576,-0.043806090712,0.000949999999999966));
#18478=CARTESIAN_POINT('',(0.034169828847576,-0.043806090712,0.000949999999999966));
#18479=CARTESIAN_POINT('',(0.034169828847576,-0.043806090712,0.000949999999999966));
#18480=CARTESIAN_POINT('',(0.034169828847576,-0.043806090712,0.000949999999999966));
#18481=CARTESIAN_POINT('',(0.000484392377575998,-0.043806090712,0.));
#18482=CARTESIAN_POINT('',(0.036069828847576,-0.043806090712,0.00348999999999995));
#18483=CARTESIAN_POINT('',(0.036069828847576,-0.043806090712,0.00284999999999995));
#18484=CARTESIAN_POINT('',(0.036069828847576,-0.043806090712,0.00284999999999995));
#18485=CARTESIAN_POINT('',(0.036069828847576,-0.043806090712,0.00348999999999995));
#18486=CARTESIAN_POINT('',(0.036069828847576,-0.043806090712,0.00348999999999995));
#18487=CARTESIAN_POINT('',(0.036069828847576,-0.043806090712,0.00348999999999995));
#18488=CARTESIAN_POINT('',(0.036709828847576,-0.043806090712,0.00284999999999995));
#18489=CARTESIAN_POINT('',(0.036709828847576,-0.043806090712,0.00284999999999995));
#18490=CARTESIAN_POINT('',(0.036709828847576,-0.043806090712,0.00284999999999995));
#18491=CARTESIAN_POINT('',(0.036709828847576,-0.043806090712,0.00284999999999995));
#18492=CARTESIAN_POINT('',(0.036709828847576,-0.043806090712,0.00348999999999995));
#18493=CARTESIAN_POINT('',(0.036709828847576,-0.043806090712,0.00348999999999995));
#18494=CARTESIAN_POINT('',(0.036709828847576,-0.043806090712,0.00348999999999995));
#18495=CARTESIAN_POINT('',(0.036709828847576,-0.043806090712,0.00348999999999995));
#18496=CARTESIAN_POINT('',(0.036709828847576,-0.043806090712,0.00348999999999995));
#18497=CARTESIAN_POINT('',(0.036709828847576,-0.043806090712,0.00348999999999995));
#18498=CARTESIAN_POINT('',(0.000484392377575998,-0.043806090712,0.));
#18499=CARTESIAN_POINT('',(0.036069828847576,-0.043806090712,0.000949999999999949));
#18500=CARTESIAN_POINT('',(0.036069828847576,-0.043806090712,0.000309999999999949));
#18501=CARTESIAN_POINT('',(0.036069828847576,-0.043806090712,0.000309999999999949));
#18502=CARTESIAN_POINT('',(0.036069828847576,-0.043806090712,0.000949999999999949));
#18503=CARTESIAN_POINT('',(0.036069828847576,-0.043806090712,0.000949999999999949));
#18504=CARTESIAN_POINT('',(0.036069828847576,-0.043806090712,0.000949999999999949));
#18505=CARTESIAN_POINT('',(0.036709828847576,-0.043806090712,0.000309999999999949));
#18506=CARTESIAN_POINT('',(0.036709828847576,-0.043806090712,0.000309999999999949));
#18507=CARTESIAN_POINT('',(0.036709828847576,-0.043806090712,0.000309999999999949));
#18508=CARTESIAN_POINT('',(0.036709828847576,-0.043806090712,0.000309999999999949));
#18509=CARTESIAN_POINT('',(0.036709828847576,-0.043806090712,0.000949999999999948));
#18510=CARTESIAN_POINT('',(0.036709828847576,-0.043806090712,0.000949999999999948));
#18511=CARTESIAN_POINT('',(0.036709828847576,-0.043806090712,0.000949999999999948));
#18512=CARTESIAN_POINT('',(0.036709828847576,-0.043806090712,0.000949999999999948));
#18513=CARTESIAN_POINT('',(0.036709828847576,-0.043806090712,0.000949999999999948));
#18514=CARTESIAN_POINT('',(0.036709828847576,-0.043806090712,0.000949999999999948));
#18515=CARTESIAN_POINT('',(0.000484392377575998,-0.043806090712,0.));
#18516=CARTESIAN_POINT('',(0.038609828847576,-0.043806090712,0.00348999999999993));
#18517=CARTESIAN_POINT('',(0.038609828847576,-0.043806090712,0.00284999999999993));
#18518=CARTESIAN_POINT('',(0.038609828847576,-0.043806090712,0.00284999999999993));
#18519=CARTESIAN_POINT('',(0.038609828847576,-0.043806090712,0.00348999999999993));
#18520=CARTESIAN_POINT('',(0.038609828847576,-0.043806090712,0.00348999999999993));
#18521=CARTESIAN_POINT('',(0.038609828847576,-0.043806090712,0.00348999999999993));
#18522=CARTESIAN_POINT('',(0.039249828847576,-0.043806090712,0.00284999999999993));
#18523=CARTESIAN_POINT('',(0.039249828847576,-0.043806090712,0.00284999999999993));
#18524=CARTESIAN_POINT('',(0.039249828847576,-0.043806090712,0.00284999999999993));
#18525=CARTESIAN_POINT('',(0.039249828847576,-0.043806090712,0.00284999999999993));
#18526=CARTESIAN_POINT('',(0.039249828847576,-0.043806090712,0.00348999999999993));
#18527=CARTESIAN_POINT('',(0.039249828847576,-0.043806090712,0.00348999999999993));
#18528=CARTESIAN_POINT('',(0.039249828847576,-0.043806090712,0.00348999999999993));
#18529=CARTESIAN_POINT('',(0.039249828847576,-0.043806090712,0.00348999999999993));
#18530=CARTESIAN_POINT('',(0.039249828847576,-0.043806090712,0.00348999999999993));
#18531=CARTESIAN_POINT('',(0.039249828847576,-0.043806090712,0.00348999999999993));
#18532=CARTESIAN_POINT('',(0.000484392377575998,-0.043806090712,0.));
#18533=CARTESIAN_POINT('',(0.038609828847576,-0.043806090712,0.000949999999999932));
#18534=CARTESIAN_POINT('',(0.038609828847576,-0.043806090712,0.000309999999999931));
#18535=CARTESIAN_POINT('',(0.038609828847576,-0.043806090712,0.000309999999999931));
#18536=CARTESIAN_POINT('',(0.038609828847576,-0.043806090712,0.000949999999999932));
#18537=CARTESIAN_POINT('',(0.038609828847576,-0.043806090712,0.000949999999999932));
#18538=CARTESIAN_POINT('',(0.038609828847576,-0.043806090712,0.000949999999999932));
#18539=CARTESIAN_POINT('',(0.039249828847576,-0.043806090712,0.000309999999999931));
#18540=CARTESIAN_POINT('',(0.039249828847576,-0.043806090712,0.000309999999999931));
#18541=CARTESIAN_POINT('',(0.039249828847576,-0.043806090712,0.000309999999999931));
#18542=CARTESIAN_POINT('',(0.039249828847576,-0.043806090712,0.000309999999999931));
#18543=CARTESIAN_POINT('',(0.039249828847576,-0.043806090712,0.00094999999999993));
#18544=CARTESIAN_POINT('',(0.039249828847576,-0.043806090712,0.00094999999999993));
#18545=CARTESIAN_POINT('',(0.039249828847576,-0.043806090712,0.00094999999999993));
#18546=CARTESIAN_POINT('',(0.039249828847576,-0.043806090712,0.00094999999999993));
#18547=CARTESIAN_POINT('',(0.039249828847576,-0.043806090712,0.00094999999999993));
#18548=CARTESIAN_POINT('',(0.039249828847576,-0.043806090712,0.00094999999999993));
#18549=CARTESIAN_POINT('',(0.000484392377575998,-0.043806090712,0.));
#18550=CARTESIAN_POINT('',(0.041149828847576,-0.043806090712,0.00348999999999991));
#18551=CARTESIAN_POINT('',(0.041149828847576,-0.043806090712,0.00284999999999991));
#18552=CARTESIAN_POINT('',(0.041149828847576,-0.043806090712,0.00284999999999991));
#18553=CARTESIAN_POINT('',(0.041149828847576,-0.043806090712,0.00348999999999991));
#18554=CARTESIAN_POINT('',(0.041149828847576,-0.043806090712,0.00348999999999991));
#18555=CARTESIAN_POINT('',(0.041149828847576,-0.043806090712,0.00348999999999991));
#18556=CARTESIAN_POINT('',(0.041789828847576,-0.043806090712,0.00284999999999992));
#18557=CARTESIAN_POINT('',(0.041789828847576,-0.043806090712,0.00284999999999992));
#18558=CARTESIAN_POINT('',(0.041789828847576,-0.043806090712,0.00284999999999992));
#18559=CARTESIAN_POINT('',(0.041789828847576,-0.043806090712,0.00284999999999992));
#18560=CARTESIAN_POINT('',(0.041789828847576,-0.043806090712,0.00348999999999991));
#18561=CARTESIAN_POINT('',(0.041789828847576,-0.043806090712,0.00348999999999991));
#18562=CARTESIAN_POINT('',(0.041789828847576,-0.043806090712,0.00348999999999991));
#18563=CARTESIAN_POINT('',(0.041789828847576,-0.043806090712,0.00348999999999991));
#18564=CARTESIAN_POINT('',(0.041789828847576,-0.043806090712,0.00348999999999991));
#18565=CARTESIAN_POINT('',(0.041789828847576,-0.043806090712,0.00348999999999991));
#18566=CARTESIAN_POINT('',(0.000484392377575998,-0.043806090712,0.));
#18567=CARTESIAN_POINT('',(0.041149828847576,-0.043806090712,0.000949999999999914));
#18568=CARTESIAN_POINT('',(0.041149828847576,-0.043806090712,0.000309999999999914));
#18569=CARTESIAN_POINT('',(0.041149828847576,-0.043806090712,0.000309999999999914));
#18570=CARTESIAN_POINT('',(0.041149828847576,-0.043806090712,0.000949999999999914));
#18571=CARTESIAN_POINT('',(0.041149828847576,-0.043806090712,0.000949999999999914));
#18572=CARTESIAN_POINT('',(0.041149828847576,-0.043806090712,0.000949999999999914));
#18573=CARTESIAN_POINT('',(0.041789828847576,-0.043806090712,0.000309999999999913));
#18574=CARTESIAN_POINT('',(0.041789828847576,-0.043806090712,0.000309999999999913));
#18575=CARTESIAN_POINT('',(0.041789828847576,-0.043806090712,0.000309999999999913));
#18576=CARTESIAN_POINT('',(0.041789828847576,-0.043806090712,0.000309999999999913));
#18577=CARTESIAN_POINT('',(0.041789828847576,-0.043806090712,0.000949999999999913));
#18578=CARTESIAN_POINT('',(0.041789828847576,-0.043806090712,0.000949999999999913));
#18579=CARTESIAN_POINT('',(0.041789828847576,-0.043806090712,0.000949999999999913));
#18580=CARTESIAN_POINT('',(0.041789828847576,-0.043806090712,0.000949999999999913));
#18581=CARTESIAN_POINT('',(0.041789828847576,-0.043806090712,0.000949999999999913));
#18582=CARTESIAN_POINT('',(0.041789828847576,-0.043806090712,0.000949999999999913));
#18583=CARTESIAN_POINT('',(0.000484392377575998,-0.043806090712,0.));
#18584=CARTESIAN_POINT('',(0.043689828847576,-0.043806090712,0.0034899999999999));
#18585=CARTESIAN_POINT('',(0.043689828847576,-0.043806090712,0.0028499999999999));
#18586=CARTESIAN_POINT('',(0.043689828847576,-0.043806090712,0.0028499999999999));
#18587=CARTESIAN_POINT('',(0.043689828847576,-0.043806090712,0.0034899999999999));
#18588=CARTESIAN_POINT('',(0.043689828847576,-0.043806090712,0.0034899999999999));
#18589=CARTESIAN_POINT('',(0.043689828847576,-0.043806090712,0.0034899999999999));
#18590=CARTESIAN_POINT('',(0.044329828847576,-0.043806090712,0.0028499999999999));
#18591=CARTESIAN_POINT('',(0.044329828847576,-0.043806090712,0.0028499999999999));
#18592=CARTESIAN_POINT('',(0.044329828847576,-0.043806090712,0.0028499999999999));
#18593=CARTESIAN_POINT('',(0.044329828847576,-0.043806090712,0.0028499999999999));
#18594=CARTESIAN_POINT('',(0.044329828847576,-0.043806090712,0.0034899999999999));
#18595=CARTESIAN_POINT('',(0.044329828847576,-0.043806090712,0.0034899999999999));
#18596=CARTESIAN_POINT('',(0.044329828847576,-0.043806090712,0.0034899999999999));
#18597=CARTESIAN_POINT('',(0.044329828847576,-0.043806090712,0.0034899999999999));
#18598=CARTESIAN_POINT('',(0.044329828847576,-0.043806090712,0.0034899999999999));
#18599=CARTESIAN_POINT('',(0.044329828847576,-0.043806090712,0.0034899999999999));
#18600=CARTESIAN_POINT('',(0.000484392377575998,-0.043806090712,0.));
#18601=CARTESIAN_POINT('',(0.043689828847576,-0.043806090712,0.000949999999999896));
#18602=CARTESIAN_POINT('',(0.043689828847576,-0.043806090712,0.000309999999999896));
#18603=CARTESIAN_POINT('',(0.043689828847576,-0.043806090712,0.000309999999999896));
#18604=CARTESIAN_POINT('',(0.043689828847576,-0.043806090712,0.000949999999999896));
#18605=CARTESIAN_POINT('',(0.043689828847576,-0.043806090712,0.000949999999999896));
#18606=CARTESIAN_POINT('',(0.043689828847576,-0.043806090712,0.000949999999999896));
#18607=CARTESIAN_POINT('',(0.044329828847576,-0.043806090712,0.000309999999999896));
#18608=CARTESIAN_POINT('',(0.044329828847576,-0.043806090712,0.000309999999999896));
#18609=CARTESIAN_POINT('',(0.044329828847576,-0.043806090712,0.000309999999999896));
#18610=CARTESIAN_POINT('',(0.044329828847576,-0.043806090712,0.000309999999999896));
#18611=CARTESIAN_POINT('',(0.044329828847576,-0.043806090712,0.000949999999999895));
#18612=CARTESIAN_POINT('',(0.044329828847576,-0.043806090712,0.000949999999999895));
#18613=CARTESIAN_POINT('',(0.044329828847576,-0.043806090712,0.000949999999999895));
#18614=CARTESIAN_POINT('',(0.044329828847576,-0.043806090712,0.000949999999999895));
#18615=CARTESIAN_POINT('',(0.044329828847576,-0.043806090712,0.000949999999999895));
#18616=CARTESIAN_POINT('',(0.044329828847576,-0.043806090712,0.000949999999999895));
#18617=CARTESIAN_POINT('',(0.000484392377575998,-0.043806090712,0.));
#18618=CARTESIAN_POINT('',(0.046229828847576,-0.043806090712,0.00348999999999988));
#18619=CARTESIAN_POINT('',(0.046229828847576,-0.043806090712,0.00284999999999988));
#18620=CARTESIAN_POINT('',(0.046229828847576,-0.043806090712,0.00284999999999988));
#18621=CARTESIAN_POINT('',(0.046229828847576,-0.043806090712,0.00348999999999988));
#18622=CARTESIAN_POINT('',(0.046229828847576,-0.043806090712,0.00348999999999988));
#18623=CARTESIAN_POINT('',(0.046229828847576,-0.043806090712,0.00348999999999988));
#18624=CARTESIAN_POINT('',(0.046869828847576,-0.043806090712,0.00284999999999988));
#18625=CARTESIAN_POINT('',(0.046869828847576,-0.043806090712,0.00284999999999988));
#18626=CARTESIAN_POINT('',(0.046869828847576,-0.043806090712,0.00284999999999988));
#18627=CARTESIAN_POINT('',(0.046869828847576,-0.043806090712,0.00284999999999988));
#18628=CARTESIAN_POINT('',(0.046869828847576,-0.043806090712,0.00348999999999988));
#18629=CARTESIAN_POINT('',(0.046869828847576,-0.043806090712,0.00348999999999988));
#18630=CARTESIAN_POINT('',(0.046869828847576,-0.043806090712,0.00348999999999988));
#18631=CARTESIAN_POINT('',(0.046869828847576,-0.043806090712,0.00348999999999988));
#18632=CARTESIAN_POINT('',(0.046869828847576,-0.043806090712,0.00348999999999988));
#18633=CARTESIAN_POINT('',(0.046869828847576,-0.043806090712,0.00348999999999988));
#18634=CARTESIAN_POINT('',(0.000484392377575998,-0.043806090712,0.));
#18635=CARTESIAN_POINT('',(0.046229828847576,-0.043806090712,0.000949999999999878));
#18636=CARTESIAN_POINT('',(0.046229828847576,-0.043806090712,0.000309999999999878));
#18637=CARTESIAN_POINT('',(0.046229828847576,-0.043806090712,0.000309999999999878));
#18638=CARTESIAN_POINT('',(0.046229828847576,-0.043806090712,0.000949999999999878));
#18639=CARTESIAN_POINT('',(0.046229828847576,-0.043806090712,0.000949999999999878));
#18640=CARTESIAN_POINT('',(0.046229828847576,-0.043806090712,0.000949999999999878));
#18641=CARTESIAN_POINT('',(0.046869828847576,-0.043806090712,0.000309999999999878));
#18642=CARTESIAN_POINT('',(0.046869828847576,-0.043806090712,0.000309999999999878));
#18643=CARTESIAN_POINT('',(0.046869828847576,-0.043806090712,0.000309999999999878));
#18644=CARTESIAN_POINT('',(0.046869828847576,-0.043806090712,0.000309999999999878));
#18645=CARTESIAN_POINT('',(0.046869828847576,-0.043806090712,0.000949999999999877));
#18646=CARTESIAN_POINT('',(0.046869828847576,-0.043806090712,0.000949999999999877));
#18647=CARTESIAN_POINT('',(0.046869828847576,-0.043806090712,0.000949999999999877));
#18648=CARTESIAN_POINT('',(0.046869828847576,-0.043806090712,0.000949999999999877));
#18649=CARTESIAN_POINT('',(0.046869828847576,-0.043806090712,0.000949999999999877));
#18650=CARTESIAN_POINT('',(0.046869828847576,-0.043806090712,0.000949999999999877));
#18651=CARTESIAN_POINT('',(0.000484392377575998,-0.043806090712,0.));
#18652=CARTESIAN_POINT('',(0.048769828847576,-0.043806090712,0.00348999999999986));
#18653=CARTESIAN_POINT('',(0.048769828847576,-0.043806090712,0.00284999999999986));
#18654=CARTESIAN_POINT('',(0.048769828847576,-0.043806090712,0.00284999999999986));
#18655=CARTESIAN_POINT('',(0.048769828847576,-0.043806090712,0.00348999999999986));
#18656=CARTESIAN_POINT('',(0.048769828847576,-0.043806090712,0.00348999999999986));
#18657=CARTESIAN_POINT('',(0.048769828847576,-0.043806090712,0.00348999999999986));
#18658=CARTESIAN_POINT('',(0.049409828847576,-0.043806090712,0.00284999999999986));
#18659=CARTESIAN_POINT('',(0.049409828847576,-0.043806090712,0.00284999999999986));
#18660=CARTESIAN_POINT('',(0.049409828847576,-0.043806090712,0.00284999999999986));
#18661=CARTESIAN_POINT('',(0.049409828847576,-0.043806090712,0.00284999999999986));
#18662=CARTESIAN_POINT('',(0.049409828847576,-0.043806090712,0.00348999999999986));
#18663=CARTESIAN_POINT('',(0.049409828847576,-0.043806090712,0.00348999999999986));
#18664=CARTESIAN_POINT('',(0.049409828847576,-0.043806090712,0.00348999999999986));
#18665=CARTESIAN_POINT('',(0.049409828847576,-0.043806090712,0.00348999999999986));
#18666=CARTESIAN_POINT('',(0.049409828847576,-0.043806090712,0.00348999999999986));
#18667=CARTESIAN_POINT('',(0.049409828847576,-0.043806090712,0.00348999999999986));
#18668=CARTESIAN_POINT('',(0.000484392377575998,-0.043806090712,0.));
#18669=CARTESIAN_POINT('',(0.048769828847576,-0.043806090712,0.000949999999999861));
#18670=CARTESIAN_POINT('',(0.048769828847576,-0.043806090712,0.00030999999999986));
#18671=CARTESIAN_POINT('',(0.048769828847576,-0.043806090712,0.00030999999999986));
#18672=CARTESIAN_POINT('',(0.048769828847576,-0.043806090712,0.000949999999999861));
#18673=CARTESIAN_POINT('',(0.048769828847576,-0.043806090712,0.000949999999999861));
#18674=CARTESIAN_POINT('',(0.048769828847576,-0.043806090712,0.000949999999999861));
#18675=CARTESIAN_POINT('',(0.049409828847576,-0.043806090712,0.00030999999999986));
#18676=CARTESIAN_POINT('',(0.049409828847576,-0.043806090712,0.00030999999999986));
#18677=CARTESIAN_POINT('',(0.049409828847576,-0.043806090712,0.00030999999999986));
#18678=CARTESIAN_POINT('',(0.049409828847576,-0.043806090712,0.00030999999999986));
#18679=CARTESIAN_POINT('',(0.049409828847576,-0.043806090712,0.000949999999999859));
#18680=CARTESIAN_POINT('',(0.049409828847576,-0.043806090712,0.000949999999999859));
#18681=CARTESIAN_POINT('',(0.049409828847576,-0.043806090712,0.000949999999999859));
#18682=CARTESIAN_POINT('',(0.049409828847576,-0.043806090712,0.000949999999999859));
#18683=CARTESIAN_POINT('',(0.049409828847576,-0.043806090712,0.000949999999999859));
#18684=CARTESIAN_POINT('',(0.049409828847576,-0.043806090712,0.000949999999999859));
#18685=CARTESIAN_POINT('',(0.000484392377575998,-0.043806090712,0.));
#18686=MECHANICAL_DESIGN_GEOMETRIC_PRESENTATION_REPRESENTATION('',(#11731),
#18687);
#18687=(
GEOMETRIC_REPRESENTATION_CONTEXT(3)
GLOBAL_UNCERTAINTY_ASSIGNED_CONTEXT((#18688))
GLOBAL_UNIT_ASSIGNED_CONTEXT((#18691,#18690,#18689))
REPRESENTATION_CONTEXT('Part 1','TOP_LEVEL_ASSEMBLY_PART')
);
#18688=UNCERTAINTY_MEASURE_WITH_UNIT(LENGTH_MEASURE(1.E-8),#18691,
'DISTANCE_ACCURACY_VALUE','Maximum Tolerance applied to model');
#18689=(
NAMED_UNIT(*)
SI_UNIT($,.STERADIAN.)
SOLID_ANGLE_UNIT()
);
#18690=(
NAMED_UNIT(*)
PLANE_ANGLE_UNIT()
SI_UNIT($,.RADIAN.)
);
#18691=(
LENGTH_UNIT()
NAMED_UNIT(*)
SI_UNIT($,.METRE.)
);
#18692=PRODUCT_DEFINITION_SHAPE('','',#18693);
#18693=PRODUCT_DEFINITION('','',#18695,#18694);
#18694=PRODUCT_DEFINITION_CONTEXT('',#18701,'design');
#18695=PRODUCT_DEFINITION_FORMATION_WITH_SPECIFIED_SOURCE('','',#18697,
 .NOT_KNOWN.);
#18696=PRODUCT_RELATED_PRODUCT_CATEGORY('','',(#18697));
#18697=PRODUCT('Part 1','Part 1','Part 1',(#18699));
#18698=PRODUCT_CATEGORY('','');
#18699=PRODUCT_CONTEXT('',#18701,'mechanical');
#18700=APPLICATION_PROTOCOL_DEFINITION('international standard',
'ap242_managed_model_based_3d_engineering',2020,#18701);
#18701=APPLICATION_CONTEXT('managed model based 3d engineering');
ENDSEC;
END-ISO-10303-21;
