ISO-10303-21;
HEADER;
/* Generated by software containing ST-Developer
 * from STEP Tools, Inc. (www.steptools.com) 
 */
/* OPTION: using custom renumber hook */

FILE_DESCRIPTION(
/* description */ ('STEP AP242 Edition 2',
'CAx-IF Rec.Pracs.---Representation and Presentation of Product Manufa
cturing Information (PMI)---4.0---2014-10-13',
'CAx-IF Rec.Pracs.---3D Tessellated Geometry---0.4---2014-09-14','2;1',
'CAx-IF Rec.Pracs.---User Defined Attributes---1.5---2016-08-15'),
/* implementation_level */ '2;1');

FILE_NAME(
/* name */ 'Tetrix12V_ - Part 1',
/* time_stamp */ '2026-05-10T23:19:16Z',
/* author */ (''),
/* organization */ (''),
/* preprocessor_version */ 'ST-DEVELOPER v20',
/* originating_system */ 'ONSHAPE BY PTC INC, 1.214',
/* authorisation */ '  ');

FILE_SCHEMA (('AP242_MANAGED_MODEL_BASED_3D_ENGINEERING_MIM_LF { 1 0 10303 442 3 1 4 }'));
ENDSEC;

DATA;
#10=SHAPE_REPRESENTATION_RELATIONSHIP('','',#535,#11);
#11=ADVANCED_BREP_SHAPE_REPRESENTATION('',(#533),#4042);
#12=(
BOUNDED_SURFACE()
B_SPLINE_SURFACE(1,2,((#1609,#1610,#1611,#1612,#1613,#1614,#1615,#1616,
#1617,#1618,#1619,#1620,#1621,#1622,#1623,#1624,#1625,#1626,#1627,#1628,
#1629,#1630,#1631,#1632,#1633,#1634,#1635,#1636,#1637,#1638,#1639,#1640,
#1641,#1642,#1643,#1644,#1645,#1646,#1647,#1648,#1649,#1650,#1651,#1652,
#1653,#1654,#1655,#1656,#1657,#1658,#1659,#1660,#1661,#1662,#1663,#1664,
#1665,#1666,#1667,#1668,#1669,#1670,#1671,#1672,#1673,#1674,#1675,#1676,
#1677,#1678,#1679,#1680,#1681,#1682,#1683,#1684,#1685,#1686,#1687,#1688,
#1689,#1690,#1691,#1692,#1693,#1694,#1695,#1696,#1697,#1698,#1699,#1700,
#1701,#1702,#1703,#1704,#1705,#1706,#1707,#1708,#1709,#1710,#1711,#1712,
#1713,#1714,#1715,#1716,#1717,#1718,#1719,#1720,#1721,#1722,#1723,#1724,
#1725,#1726,#1727,#1728,#1729,#1730,#1731,#1732,#1733,#1734,#1735,#1736,
#1737,#1738,#1739,#1740,#1741,#1742,#1743,#1744,#1745,#1746,#1747,#1748,
#1749,#1750,#1751,#1752,#1753,#1754,#1755,#1756,#1757,#1758,#1759,#1760,
#1761,#1762,#1763,#1764,#1765,#1766,#1767,#1768,#1769,#1770,#1771,#1772,
#1773,#1774,#1775,#1776,#1777,#1778,#1779,#1780,#1781,#1782,#1783,#1784,
#1785,#1786,#1787,#1788,#1789,#1790,#1791,#1792,#1793,#1794,#1795,#1796,
#1797,#1798,#1799,#1800,#1801,#1802,#1803,#1804,#1805,#1806,#1807,#1808,
#1809),(#1810,#1811,#1812,#1813,#1814,#1815,#1816,#1817,#1818,#1819,#1820,
#1821,#1822,#1823,#1824,#1825,#1826,#1827,#1828,#1829,#1830,#1831,#1832,
#1833,#1834,#1835,#1836,#1837,#1838,#1839,#1840,#1841,#1842,#1843,#1844,
#1845,#1846,#1847,#1848,#1849,#1850,#1851,#1852,#1853,#1854,#1855,#1856,
#1857,#1858,#1859,#1860,#1861,#1862,#1863,#1864,#1865,#1866,#1867,#1868,
#1869,#1870,#1871,#1872,#1873,#1874,#1875,#1876,#1877,#1878,#1879,#1880,
#1881,#1882,#1883,#1884,#1885,#1886,#1887,#1888,#1889,#1890,#1891,#1892,
#1893,#1894,#1895,#1896,#1897,#1898,#1899,#1900,#1901,#1902,#1903,#1904,
#1905,#1906,#1907,#1908,#1909,#1910,#1911,#1912,#1913,#1914,#1915,#1916,
#1917,#1918,#1919,#1920,#1921,#1922,#1923,#1924,#1925,#1926,#1927,#1928,
#1929,#1930,#1931,#1932,#1933,#1934,#1935,#1936,#1937,#1938,#1939,#1940,
#1941,#1942,#1943,#1944,#1945,#1946,#1947,#1948,#1949,#1950,#1951,#1952,
#1953,#1954,#1955,#1956,#1957,#1958,#1959,#1960,#1961,#1962,#1963,#1964,
#1965,#1966,#1967,#1968,#1969,#1970,#1971,#1972,#1973,#1974,#1975,#1976,
#1977,#1978,#1979,#1980,#1981,#1982,#1983,#1984,#1985,#1986,#1987,#1988,
#1989,#1990,#1991,#1992,#1993,#1994,#1995,#1996,#1997,#1998,#1999,#2000,
#2001,#2002,#2003,#2004,#2005,#2006,#2007,#2008,#2009,#2010)),
 .UNSPECIFIED.,.F.,.F.,.F.)
B_SPLINE_SURFACE_WITH_KNOTS((2,2),(3,2,2,2,2,2,2,2,2,2,2,2,2,2,2,2,2,2,
2,2,2,2,2,2,2,2,2,2,2,2,2,2,2,2,2,2,2,2,2,2,2,2,2,2,2,2,2,2,2,2,2,2,2,2,
2,2,2,2,2,2,2,2,2,2,2,2,2,2,2,2,2,2,2,2,2,2,2,2,2,2,2,2,2,2,2,2,2,2,2,2,
2,2,2,2,2,2,2,2,2,2,3),(0.,1.),(0.,0.00980392156862745,0.0196078431372549,
0.0294117647058824,0.0392156862745098,0.0490196078431373,0.0588235294117647,
0.0686274509803922,0.0784313725490196,0.0882352941176471,0.0980392156862745,
0.107843137254902,0.117647058823529,0.127450980392157,0.137254901960784,
0.147058823529412,0.156862745098039,0.166666666666667,0.176470588235294,
0.186274509803922,0.196078431372549,0.205882352941176,0.215686274509804,
0.225490196078431,0.235294117647059,0.245098039215686,0.254901960784314,
0.264705882352941,0.274509803921569,0.284313725490196,0.294117647058824,
0.303921568627451,0.313725490196078,0.323529411764706,0.333333333333333,
0.343137254901961,0.352941176470588,0.362745098039216,0.372549019607843,
0.382352941176471,0.392156862745098,0.401960784313726,0.411764705882353,
0.42156862745098,0.431372549019608,0.441176470588235,0.450980392156863,
0.46078431372549,0.470588235294118,0.480392156862745,0.490196078431373,
0.5,0.509803921568627,0.519607843137255,0.529411764705882,0.53921568627451,
0.549019607843137,0.558823529411765,0.568627450980392,0.57843137254902,
0.588235294117647,0.598039215686274,0.607843137254902,0.617647058823529,
0.627450980392157,0.637254901960784,0.647058823529412,0.656862745098039,
0.666666666666667,0.676470588235294,0.686274509803922,0.696078431372549,
0.705882352941177,0.715686274509804,0.725490196078431,0.735294117647059,
0.745098039215686,0.754901960784314,0.764705882352941,0.774509803921569,
0.784313725490196,0.794117647058823,0.803921568627451,0.813725490196078,
0.823529411764706,0.833333333333333,0.843137254901961,0.852941176470588,
0.862745098039216,0.872549019607843,0.882352941176471,0.892156862745098,
0.901960784313726,0.911764705882353,0.92156862745098,0.931372549019608,
0.941176470588235,0.950980392156863,0.96078431372549,0.970588235294118,
0.980392156862745),.PIECEWISE_BEZIER_KNOTS.)
GEOMETRIC_REPRESENTATION_ITEM()
RATIONAL_B_SPLINE_SURFACE(((1.,0.866025403784439,1.,0.866025403784439,1.,
0.866025403784439,1.,0.866025403784439,1.,0.866025403784439,1.,0.866025403784439,
1.,0.866025403784439,1.,0.866025403784439,1.,0.866025403784439,1.,0.866025403784439,
1.,0.866025403784439,1.,0.866025403784439,1.,0.866025403784439,1.,0.866025403784439,
1.,0.866025403784439,1.,0.866025403784439,1.,0.866025403784439,1.,0.866025403784439,
1.,0.866025403784439,1.,0.866025403784439,1.,0.866025403784439,1.,0.866025403784439,
1.,0.866025403784439,1.,0.866025403784439,1.,0.866025403784439,1.,0.866025403784439,
1.,0.866025403784439,1.,0.866025403784439,1.,0.866025403784439,1.,0.866025403784439,
1.,0.866025403784439,1.,0.866025403784439,1.,0.866025403784439,1.,0.866025403784439,
1.,0.866025403784439,1.,0.866025403784439,1.,0.866025403784439,1.,0.866025403784439,
1.,0.866025403784439,1.,0.866025403784439,1.,0.866025403784439,1.,0.866025403784439,
1.,0.866025403784439,1.,0.866025403784439,1.,0.866025403784439,1.,0.866025403784439,
1.,0.866025403784439,1.,0.866025403784439,1.,0.866025403784439,1.,0.866025403784439,
1.,0.866025403784439,1.,0.866025403784439,1.,0.866025403784439,1.,0.866025403784439,
1.,0.866025403784439,1.,0.866025403784439,1.,0.866025403784439,1.,0.866025403784439,
1.,0.866025403784439,1.,0.866025403784439,1.,0.866025403784439,1.,0.866025403784439,
1.,0.866025403784439,1.,0.866025403784439,1.,0.866025403784439,1.,0.866025403784439,
1.,0.866025403784439,1.,0.866025403784439,1.,0.866025403784439,1.,0.866025403784439,
1.,0.866025403784439,1.,0.866025403784439,1.,0.866025403784439,1.,0.866025403784439,
1.,0.866025403784439,1.,0.866025403784439,1.,0.866025403784439,1.,0.866025403784439,
1.,0.866025403784439,1.,0.866025403784439,1.,0.866025403784439,1.,0.866025403784439,
1.,0.866025403784439,1.,0.866025403784439,1.,0.866025403784439,1.,0.866025403784439,
1.,0.866025403784439,1.,0.866025403784439,1.,0.866025403784439,1.,0.866025403784439,
1.,0.866025403784439,1.,0.866025403784439,1.,0.866025403784439,1.,0.866025403784439,
1.,0.866025403784439,1.,0.866025403784439,1.,0.866025403784439,1.,0.866025403784439,
1.,0.866025403784439,1.,0.866025403784439,1.),(1.,0.866025403784439,1.,
0.866025403784439,1.,0.866025403784439,1.,0.866025403784439,1.,0.866025403784439,
1.,0.866025403784439,1.,0.866025403784439,1.,0.866025403784439,1.,0.866025403784439,
1.,0.866025403784439,1.,0.866025403784439,1.,0.866025403784439,1.,0.866025403784439,
1.,0.866025403784439,1.,0.866025403784439,1.,0.866025403784439,1.,0.866025403784439,
1.,0.866025403784439,1.,0.866025403784439,1.,0.866025403784439,1.,0.866025403784439,
1.,0.866025403784439,1.,0.866025403784439,1.,0.866025403784439,1.,0.866025403784439,
1.,0.866025403784439,1.,0.866025403784439,1.,0.866025403784439,1.,0.866025403784439,
1.,0.866025403784439,1.,0.866025403784439,1.,0.866025403784439,1.,0.866025403784439,
1.,0.866025403784439,1.,0.866025403784439,1.,0.866025403784439,1.,0.866025403784439,
1.,0.866025403784439,1.,0.866025403784439,1.,0.866025403784439,1.,0.866025403784439,
1.,0.866025403784439,1.,0.866025403784439,1.,0.866025403784439,1.,0.866025403784439,
1.,0.866025403784439,1.,0.866025403784439,1.,0.866025403784439,1.,0.866025403784439,
1.,0.866025403784439,1.,0.866025403784439,1.,0.866025403784439,1.,0.866025403784439,
1.,0.866025403784439,1.,0.866025403784439,1.,0.866025403784439,1.,0.866025403784439,
1.,0.866025403784439,1.,0.866025403784439,1.,0.866025403784439,1.,0.866025403784439,
1.,0.866025403784439,1.,0.866025403784439,1.,0.866025403784439,1.,0.866025403784439,
1.,0.866025403784439,1.,0.866025403784439,1.,0.866025403784439,1.,0.866025403784439,
1.,0.866025403784439,1.,0.866025403784439,1.,0.866025403784439,1.,0.866025403784439,
1.,0.866025403784439,1.,0.866025403784439,1.,0.866025403784439,1.,0.866025403784439,
1.,0.866025403784439,1.,0.866025403784439,1.,0.866025403784439,1.,0.866025403784439,
1.,0.866025403784439,1.,0.866025403784439,1.,0.866025403784439,1.,0.866025403784439,
1.,0.866025403784439,1.,0.866025403784439,1.,0.866025403784439,1.,0.866025403784439,
1.,0.866025403784439,1.,0.866025403784439,1.,0.866025403784439,1.,0.866025403784439,
1.,0.866025403784439,1.,0.866025403784439,1.,0.866025403784439,1.,0.866025403784439,
1.,0.866025403784439,1.,0.866025403784439,1.,0.866025403784439,1.)))
REPRESENTATION_ITEM('')
SURFACE()
);
#13=(
BOUNDED_SURFACE()
B_SPLINE_SURFACE(1,2,((#2414,#2415,#2416,#2417,#2418,#2419,#2420,#2421,
#2422,#2423,#2424,#2425,#2426,#2427,#2428,#2429,#2430,#2431,#2432,#2433,
#2434,#2435,#2436,#2437,#2438,#2439,#2440,#2441,#2442,#2443,#2444,#2445,
#2446,#2447,#2448,#2449,#2450,#2451,#2452,#2453,#2454,#2455,#2456,#2457,
#2458,#2459,#2460,#2461,#2462,#2463,#2464,#2465,#2466,#2467,#2468,#2469,
#2470,#2471,#2472,#2473,#2474,#2475,#2476,#2477,#2478,#2479,#2480,#2481,
#2482,#2483,#2484,#2485,#2486,#2487,#2488,#2489,#2490,#2491,#2492,#2493,
#2494,#2495,#2496,#2497,#2498,#2499,#2500,#2501,#2502,#2503,#2504,#2505,
#2506,#2507,#2508,#2509,#2510,#2511,#2512,#2513,#2514,#2515,#2516,#2517,
#2518,#2519,#2520,#2521,#2522,#2523,#2524,#2525,#2526,#2527,#2528,#2529,
#2530,#2531,#2532,#2533,#2534,#2535,#2536,#2537,#2538,#2539,#2540,#2541,
#2542,#2543,#2544,#2545,#2546,#2547,#2548,#2549,#2550,#2551,#2552,#2553,
#2554,#2555,#2556,#2557,#2558,#2559,#2560,#2561,#2562,#2563,#2564,#2565,
#2566,#2567,#2568,#2569,#2570,#2571,#2572,#2573,#2574,#2575,#2576,#2577,
#2578,#2579,#2580,#2581,#2582,#2583,#2584,#2585,#2586,#2587,#2588,#2589,
#2590,#2591,#2592,#2593,#2594,#2595,#2596,#2597,#2598,#2599,#2600,#2601,
#2602,#2603,#2604,#2605,#2606,#2607,#2608,#2609,#2610,#2611,#2612,#2613,
#2614),(#2615,#2616,#2617,#2618,#2619,#2620,#2621,#2622,#2623,#2624,#2625,
#2626,#2627,#2628,#2629,#2630,#2631,#2632,#2633,#2634,#2635,#2636,#2637,
#2638,#2639,#2640,#2641,#2642,#2643,#2644,#2645,#2646,#2647,#2648,#2649,
#2650,#2651,#2652,#2653,#2654,#2655,#2656,#2657,#2658,#2659,#2660,#2661,
#2662,#2663,#2664,#2665,#2666,#2667,#2668,#2669,#2670,#2671,#2672,#2673,
#2674,#2675,#2676,#2677,#2678,#2679,#2680,#2681,#2682,#2683,#2684,#2685,
#2686,#2687,#2688,#2689,#2690,#2691,#2692,#2693,#2694,#2695,#2696,#2697,
#2698,#2699,#2700,#2701,#2702,#2703,#2704,#2705,#2706,#2707,#2708,#2709,
#2710,#2711,#2712,#2713,#2714,#2715,#2716,#2717,#2718,#2719,#2720,#2721,
#2722,#2723,#2724,#2725,#2726,#2727,#2728,#2729,#2730,#2731,#2732,#2733,
#2734,#2735,#2736,#2737,#2738,#2739,#2740,#2741,#2742,#2743,#2744,#2745,
#2746,#2747,#2748,#2749,#2750,#2751,#2752,#2753,#2754,#2755,#2756,#2757,
#2758,#2759,#2760,#2761,#2762,#2763,#2764,#2765,#2766,#2767,#2768,#2769,
#2770,#2771,#2772,#2773,#2774,#2775,#2776,#2777,#2778,#2779,#2780,#2781,
#2782,#2783,#2784,#2785,#2786,#2787,#2788,#2789,#2790,#2791,#2792,#2793,
#2794,#2795,#2796,#2797,#2798,#2799,#2800,#2801,#2802,#2803,#2804,#2805,
#2806,#2807,#2808,#2809,#2810,#2811,#2812,#2813,#2814,#2815)),
 .UNSPECIFIED.,.F.,.F.,.F.)
B_SPLINE_SURFACE_WITH_KNOTS((2,2),(3,2,2,2,2,2,2,2,2,2,2,2,2,2,2,2,2,2,
2,2,2,2,2,2,2,2,2,2,2,2,2,2,2,2,2,2,2,2,2,2,2,2,2,2,2,2,2,2,2,2,2,2,2,2,
2,2,2,2,2,2,2,2,2,2,2,2,2,2,2,2,2,2,2,2,2,2,2,2,2,2,2,2,2,2,2,2,2,2,2,2,
2,2,2,2,2,2,2,2,2,2,3),(0.,1.),(0.,0.00980392156862745,0.0196078431372549,
0.0294117647058824,0.0392156862745098,0.0490196078431373,0.0588235294117647,
0.0686274509803922,0.0784313725490196,0.0882352941176471,0.0980392156862745,
0.107843137254902,0.117647058823529,0.127450980392157,0.137254901960784,
0.147058823529412,0.156862745098039,0.166666666666667,0.176470588235294,
0.186274509803922,0.196078431372549,0.205882352941176,0.215686274509804,
0.225490196078431,0.235294117647059,0.245098039215686,0.254901960784314,
0.264705882352941,0.274509803921569,0.284313725490196,0.294117647058824,
0.303921568627451,0.313725490196078,0.323529411764706,0.333333333333333,
0.343137254901961,0.352941176470588,0.362745098039216,0.372549019607843,
0.382352941176471,0.392156862745098,0.401960784313726,0.411764705882353,
0.42156862745098,0.431372549019608,0.441176470588235,0.450980392156863,
0.46078431372549,0.470588235294118,0.480392156862745,0.490196078431373,
0.5,0.509803921568627,0.519607843137255,0.529411764705882,0.53921568627451,
0.549019607843137,0.558823529411765,0.568627450980392,0.57843137254902,
0.588235294117647,0.598039215686274,0.607843137254902,0.617647058823529,
0.627450980392157,0.637254901960784,0.647058823529412,0.656862745098039,
0.666666666666667,0.676470588235294,0.686274509803922,0.696078431372549,
0.705882352941177,0.715686274509804,0.725490196078431,0.735294117647059,
0.745098039215686,0.754901960784314,0.764705882352941,0.774509803921569,
0.784313725490196,0.794117647058823,0.803921568627451,0.813725490196078,
0.823529411764706,0.833333333333333,0.843137254901961,0.852941176470588,
0.862745098039216,0.872549019607843,0.882352941176471,0.892156862745098,
0.901960784313726,0.911764705882353,0.92156862745098,0.931372549019608,
0.941176470588235,0.950980392156863,0.96078431372549,0.970588235294118,
0.980392156862745),.PIECEWISE_BEZIER_KNOTS.)
GEOMETRIC_REPRESENTATION_ITEM()
RATIONAL_B_SPLINE_SURFACE(((1.,0.866025403784439,1.,0.866025403784439,1.,
0.866025403784439,1.,0.866025403784439,1.,0.866025403784439,1.,0.866025403784439,
1.,0.866025403784439,1.,0.866025403784439,1.,0.866025403784439,1.,0.866025403784439,
1.,0.866025403784439,1.,0.866025403784439,1.,0.866025403784439,1.,0.866025403784439,
1.,0.866025403784439,1.,0.866025403784439,1.,0.866025403784439,1.,0.866025403784439,
1.,0.866025403784439,1.,0.866025403784439,1.,0.866025403784439,1.,0.866025403784439,
1.,0.866025403784439,1.,0.866025403784439,1.,0.866025403784439,1.,0.866025403784439,
1.,0.866025403784439,1.,0.866025403784439,1.,0.866025403784439,1.,0.866025403784439,
1.,0.866025403784439,1.,0.866025403784439,1.,0.866025403784439,1.,0.866025403784439,
1.,0.866025403784439,1.,0.866025403784439,1.,0.866025403784439,1.,0.866025403784439,
1.,0.866025403784439,1.,0.866025403784439,1.,0.866025403784439,1.,0.866025403784439,
1.,0.866025403784439,1.,0.866025403784439,1.,0.866025403784439,1.,0.866025403784439,
1.,0.866025403784439,1.,0.866025403784439,1.,0.866025403784439,1.,0.866025403784439,
1.,0.866025403784439,1.,0.866025403784439,1.,0.866025403784439,1.,0.866025403784439,
1.,0.866025403784439,1.,0.866025403784439,1.,0.866025403784439,1.,0.866025403784439,
1.,0.866025403784439,1.,0.866025403784439,1.,0.866025403784439,1.,0.866025403784439,
1.,0.866025403784439,1.,0.866025403784439,1.,0.866025403784439,1.,0.866025403784439,
1.,0.866025403784439,1.,0.866025403784439,1.,0.866025403784439,1.,0.866025403784439,
1.,0.866025403784439,1.,0.866025403784439,1.,0.866025403784439,1.,0.866025403784439,
1.,0.866025403784439,1.,0.866025403784439,1.,0.866025403784439,1.,0.866025403784439,
1.,0.866025403784439,1.,0.866025403784439,1.,0.866025403784439,1.,0.866025403784439,
1.,0.866025403784439,1.,0.866025403784439,1.,0.866025403784439,1.,0.866025403784439,
1.,0.866025403784439,1.,0.866025403784439,1.,0.866025403784439,1.,0.866025403784439,
1.,0.866025403784439,1.,0.866025403784439,1.,0.866025403784439,1.,0.866025403784439,
1.,0.866025403784439,1.,0.866025403784439,1.,0.866025403784439,1.,0.866025403784439,
1.,0.866025403784439,1.,0.866025403784439,1.),(1.,0.866025403784439,1.,
0.866025403784439,1.,0.866025403784439,1.,0.866025403784439,1.,0.866025403784439,
1.,0.866025403784439,1.,0.866025403784439,1.,0.866025403784439,1.,0.866025403784439,
1.,0.866025403784439,1.,0.866025403784439,1.,0.866025403784439,1.,0.866025403784439,
1.,0.866025403784439,1.,0.866025403784439,1.,0.866025403784439,1.,0.866025403784439,
1.,0.866025403784439,1.,0.866025403784439,1.,0.866025403784439,1.,0.866025403784439,
1.,0.866025403784439,1.,0.866025403784439,1.,0.866025403784439,1.,0.866025403784439,
1.,0.866025403784439,1.,0.866025403784439,1.,0.866025403784439,1.,0.866025403784439,
1.,0.866025403784439,1.,0.866025403784439,1.,0.866025403784439,1.,0.866025403784439,
1.,0.866025403784439,1.,0.866025403784439,1.,0.866025403784439,1.,0.866025403784439,
1.,0.866025403784439,1.,0.866025403784439,1.,0.866025403784439,1.,0.866025403784439,
1.,0.866025403784439,1.,0.866025403784439,1.,0.866025403784439,1.,0.866025403784439,
1.,0.866025403784439,1.,0.866025403784439,1.,0.866025403784439,1.,0.866025403784439,
1.,0.866025403784439,1.,0.866025403784439,1.,0.866025403784439,1.,0.866025403784439,
1.,0.866025403784439,1.,0.866025403784439,1.,0.866025403784439,1.,0.866025403784439,
1.,0.866025403784439,1.,0.866025403784439,1.,0.866025403784439,1.,0.866025403784439,
1.,0.866025403784439,1.,0.866025403784439,1.,0.866025403784439,1.,0.866025403784439,
1.,0.866025403784439,1.,0.866025403784439,1.,0.866025403784439,1.,0.866025403784439,
1.,0.866025403784439,1.,0.866025403784439,1.,0.866025403784439,1.,0.866025403784439,
1.,0.866025403784439,1.,0.866025403784439,1.,0.866025403784439,1.,0.866025403784439,
1.,0.866025403784439,1.,0.866025403784439,1.,0.866025403784439,1.,0.866025403784439,
1.,0.866025403784439,1.,0.866025403784439,1.,0.866025403784439,1.,0.866025403784439,
1.,0.866025403784439,1.,0.866025403784439,1.,0.866025403784439,1.,0.866025403784439,
1.,0.866025403784439,1.,0.866025403784439,1.,0.866025403784439,1.,0.866025403784439,
1.,0.866025403784439,1.,0.866025403784439,1.,0.866025403784439,1.,0.866025403784439,
1.,0.866025403784439,1.,0.866025403784439,1.,0.866025403784439,1.)))
REPRESENTATION_ITEM('')
SURFACE()
);
#14=(
BOUNDED_SURFACE()
B_SPLINE_SURFACE(1,2,((#2834,#2835,#2836,#2837,#2838,#2839,#2840,#2841,
#2842,#2843,#2844,#2845,#2846,#2847,#2848,#2849,#2850,#2851,#2852,#2853,
#2854,#2855,#2856,#2857,#2858,#2859,#2860,#2861,#2862,#2863,#2864,#2865,
#2866,#2867,#2868,#2869,#2870,#2871,#2872,#2873,#2874,#2875,#2876,#2877,
#2878,#2879,#2880,#2881,#2882,#2883,#2884,#2885,#2886,#2887,#2888,#2889,
#2890,#2891,#2892,#2893,#2894,#2895,#2896,#2897,#2898,#2899,#2900,#2901,
#2902,#2903,#2904,#2905,#2906,#2907,#2908,#2909,#2910,#2911,#2912,#2913,
#2914,#2915,#2916,#2917,#2918,#2919,#2920,#2921,#2922,#2923,#2924,#2925,
#2926,#2927,#2928,#2929,#2930,#2931,#2932,#2933,#2934,#2935,#2936,#2937,
#2938,#2939,#2940,#2941,#2942,#2943,#2944,#2945,#2946,#2947,#2948,#2949,
#2950,#2951,#2952,#2953,#2954,#2955,#2956,#2957,#2958,#2959,#2960,#2961,
#2962,#2963,#2964,#2965,#2966,#2967,#2968,#2969,#2970,#2971,#2972,#2973,
#2974,#2975,#2976,#2977,#2978,#2979,#2980,#2981,#2982,#2983,#2984,#2985,
#2986,#2987,#2988,#2989,#2990,#2991,#2992,#2993,#2994,#2995,#2996,#2997,
#2998,#2999,#3000,#3001,#3002,#3003,#3004,#3005,#3006,#3007,#3008,#3009,
#3010,#3011,#3012,#3013,#3014,#3015,#3016,#3017,#3018,#3019,#3020,#3021,
#3022,#3023,#3024,#3025,#3026,#3027,#3028,#3029,#3030,#3031,#3032,#3033,
#3034),(#3035,#3036,#3037,#3038,#3039,#3040,#3041,#3042,#3043,#3044,#3045,
#3046,#3047,#3048,#3049,#3050,#3051,#3052,#3053,#3054,#3055,#3056,#3057,
#3058,#3059,#3060,#3061,#3062,#3063,#3064,#3065,#3066,#3067,#3068,#3069,
#3070,#3071,#3072,#3073,#3074,#3075,#3076,#3077,#3078,#3079,#3080,#3081,
#3082,#3083,#3084,#3085,#3086,#3087,#3088,#3089,#3090,#3091,#3092,#3093,
#3094,#3095,#3096,#3097,#3098,#3099,#3100,#3101,#3102,#3103,#3104,#3105,
#3106,#3107,#3108,#3109,#3110,#3111,#3112,#3113,#3114,#3115,#3116,#3117,
#3118,#3119,#3120,#3121,#3122,#3123,#3124,#3125,#3126,#3127,#3128,#3129,
#3130,#3131,#3132,#3133,#3134,#3135,#3136,#3137,#3138,#3139,#3140,#3141,
#3142,#3143,#3144,#3145,#3146,#3147,#3148,#3149,#3150,#3151,#3152,#3153,
#3154,#3155,#3156,#3157,#3158,#3159,#3160,#3161,#3162,#3163,#3164,#3165,
#3166,#3167,#3168,#3169,#3170,#3171,#3172,#3173,#3174,#3175,#3176,#3177,
#3178,#3179,#3180,#3181,#3182,#3183,#3184,#3185,#3186,#3187,#3188,#3189,
#3190,#3191,#3192,#3193,#3194,#3195,#3196,#3197,#3198,#3199,#3200,#3201,
#3202,#3203,#3204,#3205,#3206,#3207,#3208,#3209,#3210,#3211,#3212,#3213,
#3214,#3215,#3216,#3217,#3218,#3219,#3220,#3221,#3222,#3223,#3224,#3225,
#3226,#3227,#3228,#3229,#3230,#3231,#3232,#3233,#3234,#3235)),
 .UNSPECIFIED.,.F.,.F.,.F.)
B_SPLINE_SURFACE_WITH_KNOTS((2,2),(3,2,2,2,2,2,2,2,2,2,2,2,2,2,2,2,2,2,
2,2,2,2,2,2,2,2,2,2,2,2,2,2,2,2,2,2,2,2,2,2,2,2,2,2,2,2,2,2,2,2,2,2,2,2,
2,2,2,2,2,2,2,2,2,2,2,2,2,2,2,2,2,2,2,2,2,2,2,2,2,2,2,2,2,2,2,2,2,2,2,2,
2,2,2,2,2,2,2,2,2,2,3),(0.,1.),(0.,0.00980392156862745,0.0196078431372549,
0.0294117647058824,0.0392156862745098,0.0490196078431373,0.0588235294117647,
0.0686274509803922,0.0784313725490196,0.0882352941176471,0.0980392156862745,
0.107843137254902,0.117647058823529,0.127450980392157,0.137254901960784,
0.147058823529412,0.156862745098039,0.166666666666667,0.176470588235294,
0.186274509803922,0.196078431372549,0.205882352941176,0.215686274509804,
0.225490196078431,0.235294117647059,0.245098039215686,0.254901960784314,
0.264705882352941,0.274509803921569,0.284313725490196,0.294117647058824,
0.303921568627451,0.313725490196078,0.323529411764706,0.333333333333333,
0.343137254901961,0.352941176470588,0.362745098039216,0.372549019607843,
0.382352941176471,0.392156862745098,0.401960784313726,0.411764705882353,
0.42156862745098,0.431372549019608,0.441176470588235,0.450980392156863,
0.46078431372549,0.470588235294118,0.480392156862745,0.490196078431373,
0.5,0.509803921568627,0.519607843137255,0.529411764705882,0.53921568627451,
0.549019607843137,0.558823529411765,0.568627450980392,0.57843137254902,
0.588235294117647,0.598039215686274,0.607843137254902,0.617647058823529,
0.627450980392157,0.637254901960784,0.647058823529412,0.656862745098039,
0.666666666666667,0.676470588235294,0.686274509803922,0.696078431372549,
0.705882352941177,0.715686274509804,0.725490196078431,0.735294117647059,
0.745098039215686,0.754901960784314,0.764705882352941,0.774509803921569,
0.784313725490196,0.794117647058823,0.803921568627451,0.813725490196078,
0.823529411764706,0.833333333333333,0.843137254901961,0.852941176470588,
0.862745098039216,0.872549019607843,0.882352941176471,0.892156862745098,
0.901960784313726,0.911764705882353,0.92156862745098,0.931372549019608,
0.941176470588235,0.950980392156863,0.96078431372549,0.970588235294118,
0.980392156862745),.PIECEWISE_BEZIER_KNOTS.)
GEOMETRIC_REPRESENTATION_ITEM()
RATIONAL_B_SPLINE_SURFACE(((1.,0.866025403784439,1.,0.866025403784439,1.,
0.866025403784439,1.,0.866025403784439,1.,0.866025403784439,1.,0.866025403784439,
1.,0.866025403784439,1.,0.866025403784439,1.,0.866025403784439,1.,0.866025403784439,
1.,0.866025403784439,1.,0.866025403784439,1.,0.866025403784439,1.,0.866025403784439,
1.,0.866025403784439,1.,0.866025403784439,1.,0.866025403784439,1.,0.866025403784439,
1.,0.866025403784439,1.,0.866025403784439,1.,0.866025403784439,1.,0.866025403784439,
1.,0.866025403784439,1.,0.866025403784439,1.,0.866025403784439,1.,0.866025403784439,
1.,0.866025403784439,1.,0.866025403784439,1.,0.866025403784439,1.,0.866025403784439,
1.,0.866025403784439,1.,0.866025403784439,1.,0.866025403784439,1.,0.866025403784439,
1.,0.866025403784439,1.,0.866025403784439,1.,0.866025403784439,1.,0.866025403784439,
1.,0.866025403784439,1.,0.866025403784439,1.,0.866025403784439,1.,0.866025403784439,
1.,0.866025403784439,1.,0.866025403784439,1.,0.866025403784439,1.,0.866025403784439,
1.,0.866025403784439,1.,0.866025403784439,1.,0.866025403784439,1.,0.866025403784439,
1.,0.866025403784439,1.,0.866025403784439,1.,0.866025403784439,1.,0.866025403784439,
1.,0.866025403784439,1.,0.866025403784439,1.,0.866025403784439,1.,0.866025403784439,
1.,0.866025403784439,1.,0.866025403784439,1.,0.866025403784439,1.,0.866025403784439,
1.,0.866025403784439,1.,0.866025403784439,1.,0.866025403784439,1.,0.866025403784439,
1.,0.866025403784439,1.,0.866025403784439,1.,0.866025403784439,1.,0.866025403784439,
1.,0.866025403784439,1.,0.866025403784439,1.,0.866025403784439,1.,0.866025403784439,
1.,0.866025403784439,1.,0.866025403784439,1.,0.866025403784439,1.,0.866025403784439,
1.,0.866025403784439,1.,0.866025403784439,1.,0.866025403784439,1.,0.866025403784439,
1.,0.866025403784439,1.,0.866025403784439,1.,0.866025403784439,1.,0.866025403784439,
1.,0.866025403784439,1.,0.866025403784439,1.,0.866025403784439,1.,0.866025403784439,
1.,0.866025403784439,1.,0.866025403784439,1.,0.866025403784439,1.,0.866025403784439,
1.,0.866025403784439,1.,0.866025403784439,1.,0.866025403784439,1.,0.866025403784439,
1.,0.866025403784439,1.,0.866025403784439,1.),(1.,0.866025403784439,1.,
0.866025403784439,1.,0.866025403784439,1.,0.866025403784439,1.,0.866025403784439,
1.,0.866025403784439,1.,0.866025403784439,1.,0.866025403784439,1.,0.866025403784439,
1.,0.866025403784439,1.,0.866025403784439,1.,0.866025403784439,1.,0.866025403784439,
1.,0.866025403784439,1.,0.866025403784439,1.,0.866025403784439,1.,0.866025403784439,
1.,0.866025403784439,1.,0.866025403784439,1.,0.866025403784439,1.,0.866025403784439,
1.,0.866025403784439,1.,0.866025403784439,1.,0.866025403784439,1.,0.866025403784439,
1.,0.866025403784439,1.,0.866025403784439,1.,0.866025403784439,1.,0.866025403784439,
1.,0.866025403784439,1.,0.866025403784439,1.,0.866025403784439,1.,0.866025403784439,
1.,0.866025403784439,1.,0.866025403784439,1.,0.866025403784439,1.,0.866025403784439,
1.,0.866025403784439,1.,0.866025403784439,1.,0.866025403784439,1.,0.866025403784439,
1.,0.866025403784439,1.,0.866025403784439,1.,0.866025403784439,1.,0.866025403784439,
1.,0.866025403784439,1.,0.866025403784439,1.,0.866025403784439,1.,0.866025403784439,
1.,0.866025403784439,1.,0.866025403784439,1.,0.866025403784439,1.,0.866025403784439,
1.,0.866025403784439,1.,0.866025403784439,1.,0.866025403784439,1.,0.866025403784439,
1.,0.866025403784439,1.,0.866025403784439,1.,0.866025403784439,1.,0.866025403784439,
1.,0.866025403784439,1.,0.866025403784439,1.,0.866025403784439,1.,0.866025403784439,
1.,0.866025403784439,1.,0.866025403784439,1.,0.866025403784439,1.,0.866025403784439,
1.,0.866025403784439,1.,0.866025403784439,1.,0.866025403784439,1.,0.866025403784439,
1.,0.866025403784439,1.,0.866025403784439,1.,0.866025403784439,1.,0.866025403784439,
1.,0.866025403784439,1.,0.866025403784439,1.,0.866025403784439,1.,0.866025403784439,
1.,0.866025403784439,1.,0.866025403784439,1.,0.866025403784439,1.,0.866025403784439,
1.,0.866025403784439,1.,0.866025403784439,1.,0.866025403784439,1.,0.866025403784439,
1.,0.866025403784439,1.,0.866025403784439,1.,0.866025403784439,1.,0.866025403784439,
1.,0.866025403784439,1.,0.866025403784439,1.,0.866025403784439,1.,0.866025403784439,
1.,0.866025403784439,1.,0.866025403784439,1.,0.866025403784439,1.)))
REPRESENTATION_ITEM('')
SURFACE()
);
#15=(
BOUNDED_SURFACE()
B_SPLINE_SURFACE(1,2,((#3639,#3640,#3641,#3642,#3643,#3644,#3645,#3646,
#3647,#3648,#3649,#3650,#3651,#3652,#3653,#3654,#3655,#3656,#3657,#3658,
#3659,#3660,#3661,#3662,#3663,#3664,#3665,#3666,#3667,#3668,#3669,#3670,
#3671,#3672,#3673,#3674,#3675,#3676,#3677,#3678,#3679,#3680,#3681,#3682,
#3683,#3684,#3685,#3686,#3687,#3688,#3689,#3690,#3691,#3692,#3693,#3694,
#3695,#3696,#3697,#3698,#3699,#3700,#3701,#3702,#3703,#3704,#3705,#3706,
#3707,#3708,#3709,#3710,#3711,#3712,#3713,#3714,#3715,#3716,#3717,#3718,
#3719,#3720,#3721,#3722,#3723,#3724,#3725,#3726,#3727,#3728,#3729,#3730,
#3731,#3732,#3733,#3734,#3735,#3736,#3737,#3738,#3739,#3740,#3741,#3742,
#3743,#3744,#3745,#3746,#3747,#3748,#3749,#3750,#3751,#3752,#3753,#3754,
#3755,#3756,#3757,#3758,#3759,#3760,#3761,#3762,#3763,#3764,#3765,#3766,
#3767,#3768,#3769,#3770,#3771,#3772,#3773,#3774,#3775,#3776,#3777,#3778,
#3779,#3780,#3781,#3782,#3783,#3784,#3785,#3786,#3787,#3788,#3789,#3790,
#3791,#3792,#3793,#3794,#3795,#3796,#3797,#3798,#3799,#3800,#3801,#3802,
#3803,#3804,#3805,#3806,#3807,#3808,#3809,#3810,#3811,#3812,#3813,#3814,
#3815,#3816,#3817,#3818,#3819,#3820,#3821,#3822,#3823,#3824,#3825,#3826,
#3827,#3828,#3829,#3830,#3831,#3832,#3833,#3834,#3835,#3836,#3837,#3838,
#3839),(#3840,#3841,#3842,#3843,#3844,#3845,#3846,#3847,#3848,#3849,#3850,
#3851,#3852,#3853,#3854,#3855,#3856,#3857,#3858,#3859,#3860,#3861,#3862,
#3863,#3864,#3865,#3866,#3867,#3868,#3869,#3870,#3871,#3872,#3873,#3874,
#3875,#3876,#3877,#3878,#3879,#3880,#3881,#3882,#3883,#3884,#3885,#3886,
#3887,#3888,#3889,#3890,#3891,#3892,#3893,#3894,#3895,#3896,#3897,#3898,
#3899,#3900,#3901,#3902,#3903,#3904,#3905,#3906,#3907,#3908,#3909,#3910,
#3911,#3912,#3913,#3914,#3915,#3916,#3917,#3918,#3919,#3920,#3921,#3922,
#3923,#3924,#3925,#3926,#3927,#3928,#3929,#3930,#3931,#3932,#3933,#3934,
#3935,#3936,#3937,#3938,#3939,#3940,#3941,#3942,#3943,#3944,#3945,#3946,
#3947,#3948,#3949,#3950,#3951,#3952,#3953,#3954,#3955,#3956,#3957,#3958,
#3959,#3960,#3961,#3962,#3963,#3964,#3965,#3966,#3967,#3968,#3969,#3970,
#3971,#3972,#3973,#3974,#3975,#3976,#3977,#3978,#3979,#3980,#3981,#3982,
#3983,#3984,#3985,#3986,#3987,#3988,#3989,#3990,#3991,#3992,#3993,#3994,
#3995,#3996,#3997,#3998,#3999,#4000,#4001,#4002,#4003,#4004,#4005,#4006,
#4007,#4008,#4009,#4010,#4011,#4012,#4013,#4014,#4015,#4016,#4017,#4018,
#4019,#4020,#4021,#4022,#4023,#4024,#4025,#4026,#4027,#4028,#4029,#4030,
#4031,#4032,#4033,#4034,#4035,#4036,#4037,#4038,#4039,#4040)),
 .UNSPECIFIED.,.F.,.F.,.F.)
B_SPLINE_SURFACE_WITH_KNOTS((2,2),(3,2,2,2,2,2,2,2,2,2,2,2,2,2,2,2,2,2,
2,2,2,2,2,2,2,2,2,2,2,2,2,2,2,2,2,2,2,2,2,2,2,2,2,2,2,2,2,2,2,2,2,2,2,2,
2,2,2,2,2,2,2,2,2,2,2,2,2,2,2,2,2,2,2,2,2,2,2,2,2,2,2,2,2,2,2,2,2,2,2,2,
2,2,2,2,2,2,2,2,2,2,3),(0.,1.),(0.,0.00980392156862745,0.0196078431372549,
0.0294117647058824,0.0392156862745098,0.0490196078431373,0.0588235294117647,
0.0686274509803922,0.0784313725490196,0.0882352941176471,0.0980392156862745,
0.107843137254902,0.117647058823529,0.127450980392157,0.137254901960784,
0.147058823529412,0.156862745098039,0.166666666666667,0.176470588235294,
0.186274509803922,0.196078431372549,0.205882352941176,0.215686274509804,
0.225490196078431,0.235294117647059,0.245098039215686,0.254901960784314,
0.264705882352941,0.274509803921569,0.284313725490196,0.294117647058824,
0.303921568627451,0.313725490196078,0.323529411764706,0.333333333333333,
0.343137254901961,0.352941176470588,0.362745098039216,0.372549019607843,
0.382352941176471,0.392156862745098,0.401960784313726,0.411764705882353,
0.42156862745098,0.431372549019608,0.441176470588235,0.450980392156863,
0.46078431372549,0.470588235294118,0.480392156862745,0.490196078431373,
0.5,0.509803921568627,0.519607843137255,0.529411764705882,0.53921568627451,
0.549019607843137,0.558823529411765,0.568627450980392,0.57843137254902,
0.588235294117647,0.598039215686274,0.607843137254902,0.617647058823529,
0.627450980392157,0.637254901960784,0.647058823529412,0.656862745098039,
0.666666666666667,0.676470588235294,0.686274509803922,0.696078431372549,
0.705882352941177,0.715686274509804,0.725490196078431,0.735294117647059,
0.745098039215686,0.754901960784314,0.764705882352941,0.774509803921569,
0.784313725490196,0.794117647058823,0.803921568627451,0.813725490196078,
0.823529411764706,0.833333333333333,0.843137254901961,0.852941176470588,
0.862745098039216,0.872549019607843,0.882352941176471,0.892156862745098,
0.901960784313726,0.911764705882353,0.92156862745098,0.931372549019608,
0.941176470588235,0.950980392156863,0.96078431372549,0.970588235294118,
0.980392156862745),.PIECEWISE_BEZIER_KNOTS.)
GEOMETRIC_REPRESENTATION_ITEM()
RATIONAL_B_SPLINE_SURFACE(((1.,0.866025403784439,1.,0.866025403784439,1.,
0.866025403784439,1.,0.866025403784439,1.,0.866025403784439,1.,0.866025403784439,
1.,0.866025403784439,1.,0.866025403784439,1.,0.866025403784439,1.,0.866025403784439,
1.,0.866025403784439,1.,0.866025403784439,1.,0.866025403784439,1.,0.866025403784439,
1.,0.866025403784439,1.,0.866025403784439,1.,0.866025403784439,1.,0.866025403784439,
1.,0.866025403784439,1.,0.866025403784439,1.,0.866025403784439,1.,0.866025403784439,
1.,0.866025403784439,1.,0.866025403784439,1.,0.866025403784439,1.,0.866025403784439,
1.,0.866025403784439,1.,0.866025403784439,1.,0.866025403784439,1.,0.866025403784439,
1.,0.866025403784439,1.,0.866025403784439,1.,0.866025403784439,1.,0.866025403784439,
1.,0.866025403784439,1.,0.866025403784439,1.,0.866025403784439,1.,0.866025403784439,
1.,0.866025403784439,1.,0.866025403784439,1.,0.866025403784439,1.,0.866025403784439,
1.,0.866025403784439,1.,0.866025403784439,1.,0.866025403784439,1.,0.866025403784439,
1.,0.866025403784439,1.,0.866025403784439,1.,0.866025403784439,1.,0.866025403784439,
1.,0.866025403784439,1.,0.866025403784439,1.,0.866025403784439,1.,0.866025403784439,
1.,0.866025403784439,1.,0.866025403784439,1.,0.866025403784439,1.,0.866025403784439,
1.,0.866025403784439,1.,0.866025403784439,1.,0.866025403784439,1.,0.866025403784439,
1.,0.866025403784439,1.,0.866025403784439,1.,0.866025403784439,1.,0.866025403784439,
1.,0.866025403784439,1.,0.866025403784439,1.,0.866025403784439,1.,0.866025403784439,
1.,0.866025403784439,1.,0.866025403784439,1.,0.866025403784439,1.,0.866025403784439,
1.,0.866025403784439,1.,0.866025403784439,1.,0.866025403784439,1.,0.866025403784439,
1.,0.866025403784439,1.,0.866025403784439,1.,0.866025403784439,1.,0.866025403784439,
1.,0.866025403784439,1.,0.866025403784439,1.,0.866025403784439,1.,0.866025403784439,
1.,0.866025403784439,1.,0.866025403784439,1.,0.866025403784439,1.,0.866025403784439,
1.,0.866025403784439,1.,0.866025403784439,1.,0.866025403784439,1.,0.866025403784439,
1.,0.866025403784439,1.,0.866025403784439,1.,0.866025403784439,1.,0.866025403784439,
1.,0.866025403784439,1.,0.866025403784439,1.),(1.,0.866025403784439,1.,
0.866025403784439,1.,0.866025403784439,1.,0.866025403784439,1.,0.866025403784439,
1.,0.866025403784439,1.,0.866025403784439,1.,0.866025403784439,1.,0.866025403784439,
1.,0.866025403784439,1.,0.866025403784439,1.,0.866025403784439,1.,0.866025403784439,
1.,0.866025403784439,1.,0.866025403784439,1.,0.866025403784439,1.,0.866025403784439,
1.,0.866025403784439,1.,0.866025403784439,1.,0.866025403784439,1.,0.866025403784439,
1.,0.866025403784439,1.,0.866025403784439,1.,0.866025403784439,1.,0.866025403784439,
1.,0.866025403784439,1.,0.866025403784439,1.,0.866025403784439,1.,0.866025403784439,
1.,0.866025403784439,1.,0.866025403784439,1.,0.866025403784439,1.,0.866025403784439,
1.,0.866025403784439,1.,0.866025403784439,1.,0.866025403784439,1.,0.866025403784439,
1.,0.866025403784439,1.,0.866025403784439,1.,0.866025403784439,1.,0.866025403784439,
1.,0.866025403784439,1.,0.866025403784439,1.,0.866025403784439,1.,0.866025403784439,
1.,0.866025403784439,1.,0.866025403784439,1.,0.866025403784439,1.,0.866025403784439,
1.,0.866025403784439,1.,0.866025403784439,1.,0.866025403784439,1.,0.866025403784439,
1.,0.866025403784439,1.,0.866025403784439,1.,0.866025403784439,1.,0.866025403784439,
1.,0.866025403784439,1.,0.866025403784439,1.,0.866025403784439,1.,0.866025403784439,
1.,0.866025403784439,1.,0.866025403784439,1.,0.866025403784439,1.,0.866025403784439,
1.,0.866025403784439,1.,0.866025403784439,1.,0.866025403784439,1.,0.866025403784439,
1.,0.866025403784439,1.,0.866025403784439,1.,0.866025403784439,1.,0.866025403784439,
1.,0.866025403784439,1.,0.866025403784439,1.,0.866025403784439,1.,0.866025403784439,
1.,0.866025403784439,1.,0.866025403784439,1.,0.866025403784439,1.,0.866025403784439,
1.,0.866025403784439,1.,0.866025403784439,1.,0.866025403784439,1.,0.866025403784439,
1.,0.866025403784439,1.,0.866025403784439,1.,0.866025403784439,1.,0.866025403784439,
1.,0.866025403784439,1.,0.866025403784439,1.,0.866025403784439,1.,0.866025403784439,
1.,0.866025403784439,1.,0.866025403784439,1.,0.866025403784439,1.,0.866025403784439,
1.,0.866025403784439,1.,0.866025403784439,1.,0.866025403784439,1.)))
REPRESENTATION_ITEM('')
SURFACE()
);
#16=B_SPLINE_CURVE_WITH_KNOTS('',3,(#1598,#1599,#1600,#1601),
 .UNSPECIFIED.,.F.,.F.,(4,4),(0.,1.),.UNSPECIFIED.);
#17=B_SPLINE_CURVE_WITH_KNOTS('',3,(#1605,#1606,#1607,#1608),
 .UNSPECIFIED.,.F.,.F.,(4,4),(0.,1.),.UNSPECIFIED.);
#18=B_SPLINE_CURVE_WITH_KNOTS('',3,(#2823,#2824,#2825,#2826),
 .UNSPECIFIED.,.F.,.F.,(4,4),(0.,1.),.UNSPECIFIED.);
#19=B_SPLINE_CURVE_WITH_KNOTS('',3,(#2830,#2831,#2832,#2833),
 .UNSPECIFIED.,.F.,.F.,(4,4),(0.,1.),.UNSPECIFIED.);
#20=TOROIDAL_SURFACE('',#552,0.0175,0.001);
#21=TOROIDAL_SURFACE('',#553,0.0175,0.001);
#22=TOROIDAL_SURFACE('',#577,0.0165,0.001);
#23=TOROIDAL_SURFACE('',#578,0.004,0.001);
#24=PLANE('',#543);
#25=PLANE('',#546);
#26=PLANE('',#554);
#27=PLANE('',#558);
#28=PLANE('',#562);
#29=PLANE('',#563);
#30=PLANE('',#564);
#31=PLANE('',#567);
#32=PLANE('',#573);
#33=PLANE('',#579);
#34=PLANE('',#580);
#35=PLANE('',#581);
#36=PLANE('',#582);
#37=PLANE('',#584);
#38=PLANE('',#585);
#39=OVER_RIDING_STYLED_ITEM('',(#447),#413,#445);
#40=OVER_RIDING_STYLED_ITEM('',(#448),#414,#445);
#41=OVER_RIDING_STYLED_ITEM('',(#449),#415,#445);
#42=OVER_RIDING_STYLED_ITEM('',(#450),#416,#445);
#43=OVER_RIDING_STYLED_ITEM('',(#451),#417,#445);
#44=OVER_RIDING_STYLED_ITEM('',(#452),#418,#445);
#45=OVER_RIDING_STYLED_ITEM('',(#453),#419,#445);
#46=OVER_RIDING_STYLED_ITEM('',(#454),#420,#445);
#47=OVER_RIDING_STYLED_ITEM('',(#455),#421,#445);
#48=OVER_RIDING_STYLED_ITEM('',(#456),#424,#445);
#49=OVER_RIDING_STYLED_ITEM('',(#457),#425,#445);
#50=OVER_RIDING_STYLED_ITEM('',(#458),#426,#445);
#51=OVER_RIDING_STYLED_ITEM('',(#459),#430,#445);
#52=(
BOUNDED_CURVE()
B_SPLINE_CURVE(2,(#713,#714,#715,#716,#717,#718,#719,#720,#721,#722,#723,
#724,#725,#726,#727,#728,#729,#730,#731,#732,#733,#734,#735,#736,#737,#738,
#739,#740,#741,#742,#743,#744,#745,#746,#747,#748,#749,#750,#751,#752,#753,
#754,#755,#756,#757,#758,#759,#760,#761,#762,#763,#764,#765,#766,#767,#768,
#769,#770,#771,#772,#773,#774,#775,#776,#777,#778,#779,#780,#781,#782,#783,
#784,#785,#786,#787,#788,#789,#790,#791,#792,#793,#794,#795,#796,#797,#798,
#799,#800,#801,#802,#803,#804,#805,#806,#807,#808,#809,#810,#811,#812,#813,
#814,#815,#816,#817,#818,#819,#820,#821,#822,#823,#824,#825,#826,#827,#828,
#829,#830,#831,#832,#833,#834,#835,#836,#837,#838,#839,#840,#841,#842,#843,
#844,#845,#846,#847,#848,#849,#850,#851,#852,#853,#854,#855,#856,#857,#858,
#859,#860,#861,#862,#863,#864,#865,#866,#867,#868,#869,#870,#871,#872,#873,
#874,#875,#876,#877,#878,#879,#880,#881,#882,#883,#884,#885,#886,#887,#888,
#889,#890,#891,#892,#893,#894,#895,#896,#897,#898,#899,#900,#901,#902,#903,
#904,#905,#906,#907,#908,#909,#910,#911,#912,#913),.UNSPECIFIED.,.F.,.F.)
B_SPLINE_CURVE_WITH_KNOTS((3,2,2,2,2,2,2,2,2,2,2,2,2,2,2,2,2,2,2,2,2,2,
2,2,2,2,2,2,2,2,2,2,2,2,2,2,2,2,2,2,2,2,2,2,2,2,2,2,2,2,2,2,2,2,2,2,2,2,
2,2,2,2,2,2,2,2,2,2,2,2,2,2,2,2,2,2,2,2,2,2,2,2,2,2,2,2,2,2,2,2,2,2,2,2,
2,2,2,2,2,2,3),(0.,0.00980392156862745,0.0196078431372549,0.0294117647058824,
0.0392156862745098,0.0490196078431373,0.0588235294117647,0.0686274509803922,
0.0784313725490196,0.0882352941176471,0.0980392156862745,0.107843137254902,
0.117647058823529,0.127450980392157,0.137254901960784,0.147058823529412,
0.156862745098039,0.166666666666667,0.176470588235294,0.186274509803922,
0.196078431372549,0.205882352941176,0.215686274509804,0.225490196078431,
0.235294117647059,0.245098039215686,0.254901960784314,0.264705882352941,
0.274509803921569,0.284313725490196,0.294117647058824,0.303921568627451,
0.313725490196078,0.323529411764706,0.333333333333333,0.343137254901961,
0.352941176470588,0.362745098039216,0.372549019607843,0.382352941176471,
0.392156862745098,0.401960784313726,0.411764705882353,0.42156862745098,
0.431372549019608,0.441176470588235,0.450980392156863,0.46078431372549,
0.470588235294118,0.480392156862745,0.490196078431373,0.5,0.509803921568627,
0.519607843137255,0.529411764705882,0.53921568627451,0.549019607843137,
0.558823529411765,0.568627450980392,0.57843137254902,0.588235294117647,
0.598039215686274,0.607843137254902,0.617647058823529,0.627450980392157,
0.637254901960784,0.647058823529412,0.656862745098039,0.666666666666667,
0.676470588235294,0.686274509803922,0.696078431372549,0.705882352941177,
0.715686274509804,0.725490196078431,0.735294117647059,0.745098039215686,
0.754901960784314,0.764705882352941,0.774509803921569,0.784313725490196,
0.794117647058823,0.803921568627451,0.813725490196078,0.823529411764706,
0.833333333333333,0.843137254901961,0.852941176470588,0.862745098039216,
0.872549019607843,0.882352941176471,0.892156862745098,0.901960784313726,
0.911764705882353,0.92156862745098,0.931372549019608,0.941176470588235,
0.950980392156863,0.96078431372549,0.970588235294118,0.980392156862745),
 .PIECEWISE_BEZIER_KNOTS.)
CURVE()
GEOMETRIC_REPRESENTATION_ITEM()
RATIONAL_B_SPLINE_CURVE((1.,0.866025403784439,1.,0.866025403784439,1.,0.866025403784439,
1.,0.866025403784439,1.,0.866025403784439,1.,0.866025403784439,1.,0.866025403784439,
1.,0.866025403784439,1.,0.866025403784439,1.,0.866025403784439,1.,0.866025403784439,
1.,0.866025403784439,1.,0.866025403784439,1.,0.866025403784439,1.,0.866025403784439,
1.,0.866025403784439,1.,0.866025403784439,1.,0.866025403784439,1.,0.866025403784439,
1.,0.866025403784439,1.,0.866025403784439,1.,0.866025403784439,1.,0.866025403784439,
1.,0.866025403784439,1.,0.866025403784439,1.,0.866025403784439,1.,0.866025403784439,
1.,0.866025403784439,1.,0.866025403784439,1.,0.866025403784439,1.,0.866025403784439,
1.,0.866025403784439,1.,0.866025403784439,1.,0.866025403784439,1.,0.866025403784439,
1.,0.866025403784439,1.,0.866025403784439,1.,0.866025403784439,1.,0.866025403784439,
1.,0.866025403784439,1.,0.866025403784439,1.,0.866025403784439,1.,0.866025403784439,
1.,0.866025403784439,1.,0.866025403784439,1.,0.866025403784439,1.,0.866025403784439,
1.,0.866025403784439,1.,0.866025403784439,1.,0.866025403784439,1.,0.866025403784439,
1.,0.866025403784439,1.,0.866025403784439,1.,0.866025403784439,1.,0.866025403784439,
1.,0.866025403784439,1.,0.866025403784439,1.,0.866025403784439,1.,0.866025403784439,
1.,0.866025403784439,1.,0.866025403784439,1.,0.866025403784439,1.,0.866025403784439,
1.,0.866025403784439,1.,0.866025403784439,1.,0.866025403784439,1.,0.866025403784439,
1.,0.866025403784439,1.,0.866025403784439,1.,0.866025403784439,1.,0.866025403784439,
1.,0.866025403784439,1.,0.866025403784439,1.,0.866025403784439,1.,0.866025403784439,
1.,0.866025403784439,1.,0.866025403784439,1.,0.866025403784439,1.,0.866025403784439,
1.,0.866025403784439,1.,0.866025403784439,1.,0.866025403784439,1.,0.866025403784439,
1.,0.866025403784439,1.,0.866025403784439,1.,0.866025403784439,1.,0.866025403784439,
1.,0.866025403784439,1.,0.866025403784439,1.,0.866025403784439,1.,0.866025403784439,
1.,0.866025403784439,1.,0.866025403784439,1.,0.866025403784439,1.,0.866025403784439,
1.,0.866025403784439,1.,0.866025403784439,1.,0.866025403784439,1.,0.866025403784439,
1.,0.866025403784439,1.))
REPRESENTATION_ITEM('')
);
#53=(
BOUNDED_CURVE()
B_SPLINE_CURVE(2,(#917,#918,#919,#920,#921,#922,#923,#924,#925,#926,#927,
#928,#929,#930,#931,#932,#933,#934,#935,#936,#937,#938,#939,#940,#941,#942,
#943,#944,#945,#946,#947,#948,#949,#950,#951,#952,#953,#954,#955,#956,#957,
#958,#959,#960,#961,#962,#963,#964,#965,#966,#967,#968,#969,#970,#971,#972,
#973,#974,#975,#976,#977,#978,#979,#980,#981,#982,#983,#984,#985,#986,#987,
#988,#989,#990,#991,#992,#993,#994,#995,#996,#997,#998,#999,#1000,#1001,
#1002,#1003,#1004,#1005,#1006,#1007,#1008,#1009,#1010,#1011,#1012,#1013,
#1014,#1015,#1016,#1017,#1018,#1019,#1020,#1021,#1022,#1023,#1024,#1025,
#1026,#1027,#1028,#1029,#1030,#1031,#1032,#1033,#1034,#1035,#1036,#1037,
#1038,#1039,#1040,#1041,#1042,#1043,#1044,#1045,#1046,#1047,#1048,#1049,
#1050,#1051,#1052,#1053,#1054,#1055,#1056,#1057,#1058,#1059,#1060,#1061,
#1062,#1063,#1064,#1065,#1066,#1067,#1068,#1069,#1070,#1071,#1072,#1073,
#1074,#1075,#1076,#1077,#1078,#1079,#1080,#1081,#1082,#1083,#1084,#1085,
#1086,#1087,#1088,#1089,#1090,#1091,#1092,#1093,#1094,#1095,#1096,#1097,
#1098,#1099,#1100,#1101,#1102,#1103,#1104,#1105,#1106,#1107,#1108,#1109,
#1110,#1111,#1112,#1113,#1114,#1115,#1116,#1117),.UNSPECIFIED.,.F.,.F.)
B_SPLINE_CURVE_WITH_KNOTS((3,2,2,2,2,2,2,2,2,2,2,2,2,2,2,2,2,2,2,2,2,2,
2,2,2,2,2,2,2,2,2,2,2,2,2,2,2,2,2,2,2,2,2,2,2,2,2,2,2,2,2,2,2,2,2,2,2,2,
2,2,2,2,2,2,2,2,2,2,2,2,2,2,2,2,2,2,2,2,2,2,2,2,2,2,2,2,2,2,2,2,2,2,2,2,
2,2,2,2,2,2,3),(0.,0.00980392156862745,0.0196078431372549,0.0294117647058824,
0.0392156862745098,0.0490196078431373,0.0588235294117647,0.0686274509803922,
0.0784313725490196,0.0882352941176471,0.0980392156862745,0.107843137254902,
0.117647058823529,0.127450980392157,0.137254901960784,0.147058823529412,
0.156862745098039,0.166666666666667,0.176470588235294,0.186274509803922,
0.196078431372549,0.205882352941176,0.215686274509804,0.225490196078431,
0.235294117647059,0.245098039215686,0.254901960784314,0.264705882352941,
0.274509803921569,0.284313725490196,0.294117647058824,0.303921568627451,
0.313725490196078,0.323529411764706,0.333333333333333,0.343137254901961,
0.352941176470588,0.362745098039216,0.372549019607843,0.382352941176471,
0.392156862745098,0.401960784313726,0.411764705882353,0.42156862745098,
0.431372549019608,0.441176470588235,0.450980392156863,0.46078431372549,
0.470588235294118,0.480392156862745,0.490196078431373,0.5,0.509803921568627,
0.519607843137255,0.529411764705882,0.53921568627451,0.549019607843137,
0.558823529411765,0.568627450980392,0.57843137254902,0.588235294117647,
0.598039215686274,0.607843137254902,0.617647058823529,0.627450980392157,
0.637254901960784,0.647058823529412,0.656862745098039,0.666666666666667,
0.676470588235294,0.686274509803922,0.696078431372549,0.705882352941177,
0.715686274509804,0.725490196078431,0.735294117647059,0.745098039215686,
0.754901960784314,0.764705882352941,0.774509803921569,0.784313725490196,
0.794117647058823,0.803921568627451,0.813725490196078,0.823529411764706,
0.833333333333333,0.843137254901961,0.852941176470588,0.862745098039216,
0.872549019607843,0.882352941176471,0.892156862745098,0.901960784313726,
0.911764705882353,0.92156862745098,0.931372549019608,0.941176470588235,
0.950980392156863,0.96078431372549,0.970588235294118,0.980392156862745),
 .PIECEWISE_BEZIER_KNOTS.)
CURVE()
GEOMETRIC_REPRESENTATION_ITEM()
RATIONAL_B_SPLINE_CURVE((1.,0.866025403784439,1.,0.866025403784439,1.,0.866025403784439,
1.,0.866025403784439,1.,0.866025403784439,1.,0.866025403784439,1.,0.866025403784439,
1.,0.866025403784439,1.,0.866025403784439,1.,0.866025403784439,1.,0.866025403784439,
1.,0.866025403784439,1.,0.866025403784439,1.,0.866025403784439,1.,0.866025403784439,
1.,0.866025403784439,1.,0.866025403784439,1.,0.866025403784439,1.,0.866025403784439,
1.,0.866025403784439,1.,0.866025403784439,1.,0.866025403784439,1.,0.866025403784439,
1.,0.866025403784439,1.,0.866025403784439,1.,0.866025403784439,1.,0.866025403784439,
1.,0.866025403784439,1.,0.866025403784439,1.,0.866025403784439,1.,0.866025403784439,
1.,0.866025403784439,1.,0.866025403784439,1.,0.866025403784439,1.,0.866025403784439,
1.,0.866025403784439,1.,0.866025403784439,1.,0.866025403784439,1.,0.866025403784439,
1.,0.866025403784439,1.,0.866025403784439,1.,0.866025403784439,1.,0.866025403784439,
1.,0.866025403784439,1.,0.866025403784439,1.,0.866025403784439,1.,0.866025403784439,
1.,0.866025403784439,1.,0.866025403784439,1.,0.866025403784439,1.,0.866025403784439,
1.,0.866025403784439,1.,0.866025403784439,1.,0.866025403784439,1.,0.866025403784439,
1.,0.866025403784439,1.,0.866025403784439,1.,0.866025403784439,1.,0.866025403784439,
1.,0.866025403784439,1.,0.866025403784439,1.,0.866025403784439,1.,0.866025403784439,
1.,0.866025403784439,1.,0.866025403784439,1.,0.866025403784439,1.,0.866025403784439,
1.,0.866025403784439,1.,0.866025403784439,1.,0.866025403784439,1.,0.866025403784439,
1.,0.866025403784439,1.,0.866025403784439,1.,0.866025403784439,1.,0.866025403784439,
1.,0.866025403784439,1.,0.866025403784439,1.,0.866025403784439,1.,0.866025403784439,
1.,0.866025403784439,1.,0.866025403784439,1.,0.866025403784439,1.,0.866025403784439,
1.,0.866025403784439,1.,0.866025403784439,1.,0.866025403784439,1.,0.866025403784439,
1.,0.866025403784439,1.,0.866025403784439,1.,0.866025403784439,1.,0.866025403784439,
1.,0.866025403784439,1.,0.866025403784439,1.,0.866025403784439,1.,0.866025403784439,
1.,0.866025403784439,1.,0.866025403784439,1.,0.866025403784439,1.,0.866025403784439,
1.,0.866025403784439,1.))
REPRESENTATION_ITEM('')
);
#54=(
BOUNDED_CURVE()
B_SPLINE_CURVE(2,(#1125,#1126,#1127,#1128,#1129,#1130,#1131,#1132,#1133,
#1134,#1135,#1136,#1137,#1138,#1139,#1140,#1141,#1142,#1143,#1144,#1145,
#1146,#1147,#1148,#1149,#1150,#1151,#1152,#1153,#1154,#1155,#1156,#1157,
#1158,#1159,#1160,#1161,#1162,#1163,#1164,#1165,#1166,#1167,#1168,#1169,
#1170,#1171,#1172,#1173,#1174,#1175,#1176,#1177,#1178,#1179,#1180,#1181,
#1182,#1183,#1184,#1185,#1186,#1187,#1188,#1189,#1190,#1191,#1192,#1193,
#1194,#1195,#1196,#1197,#1198,#1199,#1200,#1201,#1202,#1203,#1204,#1205,
#1206,#1207,#1208,#1209,#1210,#1211,#1212,#1213,#1214,#1215,#1216,#1217,
#1218,#1219,#1220,#1221,#1222,#1223,#1224,#1225,#1226,#1227,#1228,#1229,
#1230,#1231,#1232,#1233,#1234,#1235,#1236,#1237,#1238,#1239,#1240,#1241,
#1242,#1243,#1244,#1245,#1246,#1247,#1248,#1249,#1250,#1251,#1252,#1253,
#1254,#1255,#1256,#1257,#1258,#1259,#1260,#1261,#1262,#1263,#1264,#1265,
#1266,#1267,#1268,#1269,#1270,#1271,#1272,#1273,#1274,#1275,#1276,#1277,
#1278,#1279,#1280,#1281,#1282,#1283,#1284,#1285,#1286,#1287,#1288,#1289,
#1290,#1291,#1292,#1293,#1294,#1295,#1296,#1297,#1298,#1299,#1300,#1301,
#1302,#1303,#1304,#1305,#1306,#1307,#1308,#1309,#1310,#1311,#1312,#1313,
#1314,#1315,#1316,#1317,#1318,#1319,#1320,#1321,#1322,#1323,#1324,#1325),
 .UNSPECIFIED.,.F.,.F.)
B_SPLINE_CURVE_WITH_KNOTS((3,2,2,2,2,2,2,2,2,2,2,2,2,2,2,2,2,2,2,2,2,2,
2,2,2,2,2,2,2,2,2,2,2,2,2,2,2,2,2,2,2,2,2,2,2,2,2,2,2,2,2,2,2,2,2,2,2,2,
2,2,2,2,2,2,2,2,2,2,2,2,2,2,2,2,2,2,2,2,2,2,2,2,2,2,2,2,2,2,2,2,2,2,2,2,
2,2,2,2,2,2,3),(0.,0.00980392156862745,0.0196078431372549,0.0294117647058824,
0.0392156862745098,0.0490196078431373,0.0588235294117647,0.0686274509803922,
0.0784313725490196,0.0882352941176471,0.0980392156862745,0.107843137254902,
0.117647058823529,0.127450980392157,0.137254901960784,0.147058823529412,
0.156862745098039,0.166666666666667,0.176470588235294,0.186274509803922,
0.196078431372549,0.205882352941176,0.215686274509804,0.225490196078431,
0.235294117647059,0.245098039215686,0.254901960784314,0.264705882352941,
0.274509803921569,0.284313725490196,0.294117647058824,0.303921568627451,
0.313725490196078,0.323529411764706,0.333333333333333,0.343137254901961,
0.352941176470588,0.362745098039216,0.372549019607843,0.382352941176471,
0.392156862745098,0.401960784313726,0.411764705882353,0.42156862745098,
0.431372549019608,0.441176470588235,0.450980392156863,0.46078431372549,
0.470588235294118,0.480392156862745,0.490196078431373,0.5,0.509803921568627,
0.519607843137255,0.529411764705882,0.53921568627451,0.549019607843137,
0.558823529411765,0.568627450980392,0.57843137254902,0.588235294117647,
0.598039215686274,0.607843137254902,0.617647058823529,0.627450980392157,
0.637254901960784,0.647058823529412,0.656862745098039,0.666666666666667,
0.676470588235294,0.686274509803922,0.696078431372549,0.705882352941177,
0.715686274509804,0.725490196078431,0.735294117647059,0.745098039215686,
0.754901960784314,0.764705882352941,0.774509803921569,0.784313725490196,
0.794117647058823,0.803921568627451,0.813725490196078,0.823529411764706,
0.833333333333333,0.843137254901961,0.852941176470588,0.862745098039216,
0.872549019607843,0.882352941176471,0.892156862745098,0.901960784313726,
0.911764705882353,0.92156862745098,0.931372549019608,0.941176470588235,
0.950980392156863,0.96078431372549,0.970588235294118,0.980392156862745),
 .PIECEWISE_BEZIER_KNOTS.)
CURVE()
GEOMETRIC_REPRESENTATION_ITEM()
RATIONAL_B_SPLINE_CURVE((1.,0.866025403784439,1.,0.866025403784439,1.,0.866025403784439,
1.,0.866025403784439,1.,0.866025403784439,1.,0.866025403784439,1.,0.866025403784439,
1.,0.866025403784439,1.,0.866025403784439,1.,0.866025403784439,1.,0.866025403784439,
1.,0.866025403784439,1.,0.866025403784439,1.,0.866025403784439,1.,0.866025403784439,
1.,0.866025403784439,1.,0.866025403784439,1.,0.866025403784439,1.,0.866025403784439,
1.,0.866025403784439,1.,0.866025403784439,1.,0.866025403784439,1.,0.866025403784439,
1.,0.866025403784439,1.,0.866025403784439,1.,0.866025403784439,1.,0.866025403784439,
1.,0.866025403784439,1.,0.866025403784439,1.,0.866025403784439,1.,0.866025403784439,
1.,0.866025403784439,1.,0.866025403784439,1.,0.866025403784439,1.,0.866025403784439,
1.,0.866025403784439,1.,0.866025403784439,1.,0.866025403784439,1.,0.866025403784439,
1.,0.866025403784439,1.,0.866025403784439,1.,0.866025403784439,1.,0.866025403784439,
1.,0.866025403784439,1.,0.866025403784439,1.,0.866025403784439,1.,0.866025403784439,
1.,0.866025403784439,1.,0.866025403784439,1.,0.866025403784439,1.,0.866025403784439,
1.,0.866025403784439,1.,0.866025403784439,1.,0.866025403784439,1.,0.866025403784439,
1.,0.866025403784439,1.,0.866025403784439,1.,0.866025403784439,1.,0.866025403784439,
1.,0.866025403784439,1.,0.866025403784439,1.,0.866025403784439,1.,0.866025403784439,
1.,0.866025403784439,1.,0.866025403784439,1.,0.866025403784439,1.,0.866025403784439,
1.,0.866025403784439,1.,0.866025403784439,1.,0.866025403784439,1.,0.866025403784439,
1.,0.866025403784439,1.,0.866025403784439,1.,0.866025403784439,1.,0.866025403784439,
1.,0.866025403784439,1.,0.866025403784439,1.,0.866025403784439,1.,0.866025403784439,
1.,0.866025403784439,1.,0.866025403784439,1.,0.866025403784439,1.,0.866025403784439,
1.,0.866025403784439,1.,0.866025403784439,1.,0.866025403784439,1.,0.866025403784439,
1.,0.866025403784439,1.,0.866025403784439,1.,0.866025403784439,1.,0.866025403784439,
1.,0.866025403784439,1.,0.866025403784439,1.,0.866025403784439,1.,0.866025403784439,
1.,0.866025403784439,1.,0.866025403784439,1.,0.866025403784439,1.,0.866025403784439,
1.,0.866025403784439,1.))
REPRESENTATION_ITEM('')
);
#55=(
BOUNDED_CURVE()
B_SPLINE_CURVE(2,(#1329,#1330,#1331,#1332,#1333,#1334,#1335,#1336,#1337,
#1338,#1339,#1340,#1341,#1342,#1343,#1344,#1345,#1346,#1347,#1348,#1349,
#1350,#1351,#1352,#1353,#1354,#1355,#1356,#1357,#1358,#1359,#1360,#1361,
#1362,#1363,#1364,#1365,#1366,#1367,#1368,#1369,#1370,#1371,#1372,#1373,
#1374,#1375,#1376,#1377,#1378,#1379,#1380,#1381,#1382,#1383,#1384,#1385,
#1386,#1387,#1388,#1389,#1390,#1391,#1392,#1393,#1394,#1395,#1396,#1397,
#1398,#1399,#1400,#1401,#1402,#1403,#1404,#1405,#1406,#1407,#1408,#1409,
#1410,#1411,#1412,#1413,#1414,#1415,#1416,#1417,#1418,#1419,#1420,#1421,
#1422,#1423,#1424,#1425,#1426,#1427,#1428,#1429,#1430,#1431,#1432,#1433,
#1434,#1435,#1436,#1437,#1438,#1439,#1440,#1441,#1442,#1443,#1444,#1445,
#1446,#1447,#1448,#1449,#1450,#1451,#1452,#1453,#1454,#1455,#1456,#1457,
#1458,#1459,#1460,#1461,#1462,#1463,#1464,#1465,#1466,#1467,#1468,#1469,
#1470,#1471,#1472,#1473,#1474,#1475,#1476,#1477,#1478,#1479,#1480,#1481,
#1482,#1483,#1484,#1485,#1486,#1487,#1488,#1489,#1490,#1491,#1492,#1493,
#1494,#1495,#1496,#1497,#1498,#1499,#1500,#1501,#1502,#1503,#1504,#1505,
#1506,#1507,#1508,#1509,#1510,#1511,#1512,#1513,#1514,#1515,#1516,#1517,
#1518,#1519,#1520,#1521,#1522,#1523,#1524,#1525,#1526,#1527,#1528,#1529),
 .UNSPECIFIED.,.F.,.F.)
B_SPLINE_CURVE_WITH_KNOTS((3,2,2,2,2,2,2,2,2,2,2,2,2,2,2,2,2,2,2,2,2,2,
2,2,2,2,2,2,2,2,2,2,2,2,2,2,2,2,2,2,2,2,2,2,2,2,2,2,2,2,2,2,2,2,2,2,2,2,
2,2,2,2,2,2,2,2,2,2,2,2,2,2,2,2,2,2,2,2,2,2,2,2,2,2,2,2,2,2,2,2,2,2,2,2,
2,2,2,2,2,2,3),(0.,0.00980392156862745,0.0196078431372549,0.0294117647058824,
0.0392156862745098,0.0490196078431373,0.0588235294117647,0.0686274509803922,
0.0784313725490196,0.0882352941176471,0.0980392156862745,0.107843137254902,
0.117647058823529,0.127450980392157,0.137254901960784,0.147058823529412,
0.156862745098039,0.166666666666667,0.176470588235294,0.186274509803922,
0.196078431372549,0.205882352941176,0.215686274509804,0.225490196078431,
0.235294117647059,0.245098039215686,0.254901960784314,0.264705882352941,
0.274509803921569,0.284313725490196,0.294117647058824,0.303921568627451,
0.313725490196078,0.323529411764706,0.333333333333333,0.343137254901961,
0.352941176470588,0.362745098039216,0.372549019607843,0.382352941176471,
0.392156862745098,0.401960784313726,0.411764705882353,0.42156862745098,
0.431372549019608,0.441176470588235,0.450980392156863,0.46078431372549,
0.470588235294118,0.480392156862745,0.490196078431373,0.5,0.509803921568627,
0.519607843137255,0.529411764705882,0.53921568627451,0.549019607843137,
0.558823529411765,0.568627450980392,0.57843137254902,0.588235294117647,
0.598039215686274,0.607843137254902,0.617647058823529,0.627450980392157,
0.637254901960784,0.647058823529412,0.656862745098039,0.666666666666667,
0.676470588235294,0.686274509803922,0.696078431372549,0.705882352941177,
0.715686274509804,0.725490196078431,0.735294117647059,0.745098039215686,
0.754901960784314,0.764705882352941,0.774509803921569,0.784313725490196,
0.794117647058823,0.803921568627451,0.813725490196078,0.823529411764706,
0.833333333333333,0.843137254901961,0.852941176470588,0.862745098039216,
0.872549019607843,0.882352941176471,0.892156862745098,0.901960784313726,
0.911764705882353,0.92156862745098,0.931372549019608,0.941176470588235,
0.950980392156863,0.96078431372549,0.970588235294118,0.980392156862745),
 .PIECEWISE_BEZIER_KNOTS.)
CURVE()
GEOMETRIC_REPRESENTATION_ITEM()
RATIONAL_B_SPLINE_CURVE((1.,0.866025403784439,1.,0.866025403784439,1.,0.866025403784439,
1.,0.866025403784439,1.,0.866025403784439,1.,0.866025403784439,1.,0.866025403784439,
1.,0.866025403784439,1.,0.866025403784439,1.,0.866025403784439,1.,0.866025403784439,
1.,0.866025403784439,1.,0.866025403784439,1.,0.866025403784439,1.,0.866025403784439,
1.,0.866025403784439,1.,0.866025403784439,1.,0.866025403784439,1.,0.866025403784439,
1.,0.866025403784439,1.,0.866025403784439,1.,0.866025403784439,1.,0.866025403784439,
1.,0.866025403784439,1.,0.866025403784439,1.,0.866025403784439,1.,0.866025403784439,
1.,0.866025403784439,1.,0.866025403784439,1.,0.866025403784439,1.,0.866025403784439,
1.,0.866025403784439,1.,0.866025403784439,1.,0.866025403784439,1.,0.866025403784439,
1.,0.866025403784439,1.,0.866025403784439,1.,0.866025403784439,1.,0.866025403784439,
1.,0.866025403784439,1.,0.866025403784439,1.,0.866025403784439,1.,0.866025403784439,
1.,0.866025403784439,1.,0.866025403784439,1.,0.866025403784439,1.,0.866025403784439,
1.,0.866025403784439,1.,0.866025403784439,1.,0.866025403784439,1.,0.866025403784439,
1.,0.866025403784439,1.,0.866025403784439,1.,0.866025403784439,1.,0.866025403784439,
1.,0.866025403784439,1.,0.866025403784439,1.,0.866025403784439,1.,0.866025403784439,
1.,0.866025403784439,1.,0.866025403784439,1.,0.866025403784439,1.,0.866025403784439,
1.,0.866025403784439,1.,0.866025403784439,1.,0.866025403784439,1.,0.866025403784439,
1.,0.866025403784439,1.,0.866025403784439,1.,0.866025403784439,1.,0.866025403784439,
1.,0.866025403784439,1.,0.866025403784439,1.,0.866025403784439,1.,0.866025403784439,
1.,0.866025403784439,1.,0.866025403784439,1.,0.866025403784439,1.,0.866025403784439,
1.,0.866025403784439,1.,0.866025403784439,1.,0.866025403784439,1.,0.866025403784439,
1.,0.866025403784439,1.,0.866025403784439,1.,0.866025403784439,1.,0.866025403784439,
1.,0.866025403784439,1.,0.866025403784439,1.,0.866025403784439,1.,0.866025403784439,
1.,0.866025403784439,1.,0.866025403784439,1.,0.866025403784439,1.,0.866025403784439,
1.,0.866025403784439,1.,0.866025403784439,1.,0.866025403784439,1.,0.866025403784439,
1.,0.866025403784439,1.))
REPRESENTATION_ITEM('')
);
#56=(
BOUNDED_CURVE()
B_SPLINE_CURVE(2,(#2011,#2012,#2013,#2014,#2015,#2016,#2017,#2018,#2019,
#2020,#2021,#2022,#2023,#2024,#2025,#2026,#2027,#2028,#2029,#2030,#2031,
#2032,#2033,#2034,#2035,#2036,#2037,#2038,#2039,#2040,#2041,#2042,#2043,
#2044,#2045,#2046,#2047,#2048,#2049,#2050,#2051,#2052,#2053,#2054,#2055,
#2056,#2057,#2058,#2059,#2060,#2061,#2062,#2063,#2064,#2065,#2066,#2067,
#2068,#2069,#2070,#2071,#2072,#2073,#2074,#2075,#2076,#2077,#2078,#2079,
#2080,#2081,#2082,#2083,#2084,#2085,#2086,#2087,#2088,#2089,#2090,#2091,
#2092,#2093,#2094,#2095,#2096,#2097,#2098,#2099,#2100,#2101,#2102,#2103,
#2104,#2105,#2106,#2107,#2108,#2109,#2110,#2111,#2112,#2113,#2114,#2115,
#2116,#2117,#2118,#2119,#2120,#2121,#2122,#2123,#2124,#2125,#2126,#2127,
#2128,#2129,#2130,#2131,#2132,#2133,#2134,#2135,#2136,#2137,#2138,#2139,
#2140,#2141,#2142,#2143,#2144,#2145,#2146,#2147,#2148,#2149,#2150,#2151,
#2152,#2153,#2154,#2155,#2156,#2157,#2158,#2159,#2160,#2161,#2162,#2163,
#2164,#2165,#2166,#2167,#2168,#2169,#2170,#2171,#2172,#2173,#2174,#2175,
#2176,#2177,#2178,#2179,#2180,#2181,#2182,#2183,#2184,#2185,#2186,#2187,
#2188,#2189,#2190,#2191,#2192,#2193,#2194,#2195,#2196,#2197,#2198,#2199,
#2200,#2201,#2202,#2203,#2204,#2205,#2206,#2207,#2208,#2209,#2210,#2211),
 .UNSPECIFIED.,.F.,.F.)
B_SPLINE_CURVE_WITH_KNOTS((3,2,2,2,2,2,2,2,2,2,2,2,2,2,2,2,2,2,2,2,2,2,
2,2,2,2,2,2,2,2,2,2,2,2,2,2,2,2,2,2,2,2,2,2,2,2,2,2,2,2,2,2,2,2,2,2,2,2,
2,2,2,2,2,2,2,2,2,2,2,2,2,2,2,2,2,2,2,2,2,2,2,2,2,2,2,2,2,2,2,2,2,2,2,2,
2,2,2,2,2,2,3),(0.,0.00980392156862745,0.0196078431372549,0.0294117647058824,
0.0392156862745098,0.0490196078431373,0.0588235294117647,0.0686274509803922,
0.0784313725490196,0.0882352941176471,0.0980392156862745,0.107843137254902,
0.117647058823529,0.127450980392157,0.137254901960784,0.147058823529412,
0.156862745098039,0.166666666666667,0.176470588235294,0.186274509803922,
0.196078431372549,0.205882352941176,0.215686274509804,0.225490196078431,
0.235294117647059,0.245098039215686,0.254901960784314,0.264705882352941,
0.274509803921569,0.284313725490196,0.294117647058824,0.303921568627451,
0.313725490196078,0.323529411764706,0.333333333333333,0.343137254901961,
0.352941176470588,0.362745098039216,0.372549019607843,0.382352941176471,
0.392156862745098,0.401960784313726,0.411764705882353,0.42156862745098,
0.431372549019608,0.441176470588235,0.450980392156863,0.46078431372549,
0.470588235294118,0.480392156862745,0.490196078431373,0.5,0.509803921568627,
0.519607843137255,0.529411764705882,0.53921568627451,0.549019607843137,
0.558823529411765,0.568627450980392,0.57843137254902,0.588235294117647,
0.598039215686274,0.607843137254902,0.617647058823529,0.627450980392157,
0.637254901960784,0.647058823529412,0.656862745098039,0.666666666666667,
0.676470588235294,0.686274509803922,0.696078431372549,0.705882352941177,
0.715686274509804,0.725490196078431,0.735294117647059,0.745098039215686,
0.754901960784314,0.764705882352941,0.774509803921569,0.784313725490196,
0.794117647058823,0.803921568627451,0.813725490196078,0.823529411764706,
0.833333333333333,0.843137254901961,0.852941176470588,0.862745098039216,
0.872549019607843,0.882352941176471,0.892156862745098,0.901960784313726,
0.911764705882353,0.92156862745098,0.931372549019608,0.941176470588235,
0.950980392156863,0.96078431372549,0.970588235294118,0.980392156862745),
 .PIECEWISE_BEZIER_KNOTS.)
CURVE()
GEOMETRIC_REPRESENTATION_ITEM()
RATIONAL_B_SPLINE_CURVE((1.,0.866025403784439,1.,0.866025403784439,1.,0.866025403784439,
1.,0.866025403784439,1.,0.866025403784439,1.,0.866025403784439,1.,0.866025403784439,
1.,0.866025403784439,1.,0.866025403784439,1.,0.866025403784439,1.,0.866025403784439,
1.,0.866025403784439,1.,0.866025403784439,1.,0.866025403784439,1.,0.866025403784439,
1.,0.866025403784439,1.,0.866025403784439,1.,0.866025403784439,1.,0.866025403784439,
1.,0.866025403784439,1.,0.866025403784439,1.,0.866025403784439,1.,0.866025403784439,
1.,0.866025403784439,1.,0.866025403784439,1.,0.866025403784439,1.,0.866025403784439,
1.,0.866025403784439,1.,0.866025403784439,1.,0.866025403784439,1.,0.866025403784439,
1.,0.866025403784439,1.,0.866025403784439,1.,0.866025403784439,1.,0.866025403784439,
1.,0.866025403784439,1.,0.866025403784439,1.,0.866025403784439,1.,0.866025403784439,
1.,0.866025403784439,1.,0.866025403784439,1.,0.866025403784439,1.,0.866025403784439,
1.,0.866025403784439,1.,0.866025403784439,1.,0.866025403784439,1.,0.866025403784439,
1.,0.866025403784439,1.,0.866025403784439,1.,0.866025403784439,1.,0.866025403784439,
1.,0.866025403784439,1.,0.866025403784439,1.,0.866025403784439,1.,0.866025403784439,
1.,0.866025403784439,1.,0.866025403784439,1.,0.866025403784439,1.,0.866025403784439,
1.,0.866025403784439,1.,0.866025403784439,1.,0.866025403784439,1.,0.866025403784439,
1.,0.866025403784439,1.,0.866025403784439,1.,0.866025403784439,1.,0.866025403784439,
1.,0.866025403784439,1.,0.866025403784439,1.,0.866025403784439,1.,0.866025403784439,
1.,0.866025403784439,1.,0.866025403784439,1.,0.866025403784439,1.,0.866025403784439,
1.,0.866025403784439,1.,0.866025403784439,1.,0.866025403784439,1.,0.866025403784439,
1.,0.866025403784439,1.,0.866025403784439,1.,0.866025403784439,1.,0.866025403784439,
1.,0.866025403784439,1.,0.866025403784439,1.,0.866025403784439,1.,0.866025403784439,
1.,0.866025403784439,1.,0.866025403784439,1.,0.866025403784439,1.,0.866025403784439,
1.,0.866025403784439,1.,0.866025403784439,1.,0.866025403784439,1.,0.866025403784439,
1.,0.866025403784439,1.,0.866025403784439,1.,0.866025403784439,1.,0.866025403784439,
1.,0.866025403784439,1.))
REPRESENTATION_ITEM('')
);
#57=(
BOUNDED_CURVE()
B_SPLINE_CURVE(2,(#2213,#2214,#2215,#2216,#2217,#2218,#2219,#2220,#2221,
#2222,#2223,#2224,#2225,#2226,#2227,#2228,#2229,#2230,#2231,#2232,#2233,
#2234,#2235,#2236,#2237,#2238,#2239,#2240,#2241,#2242,#2243,#2244,#2245,
#2246,#2247,#2248,#2249,#2250,#2251,#2252,#2253,#2254,#2255,#2256,#2257,
#2258,#2259,#2260,#2261,#2262,#2263,#2264,#2265,#2266,#2267,#2268,#2269,
#2270,#2271,#2272,#2273,#2274,#2275,#2276,#2277,#2278,#2279,#2280,#2281,
#2282,#2283,#2284,#2285,#2286,#2287,#2288,#2289,#2290,#2291,#2292,#2293,
#2294,#2295,#2296,#2297,#2298,#2299,#2300,#2301,#2302,#2303,#2304,#2305,
#2306,#2307,#2308,#2309,#2310,#2311,#2312,#2313,#2314,#2315,#2316,#2317,
#2318,#2319,#2320,#2321,#2322,#2323,#2324,#2325,#2326,#2327,#2328,#2329,
#2330,#2331,#2332,#2333,#2334,#2335,#2336,#2337,#2338,#2339,#2340,#2341,
#2342,#2343,#2344,#2345,#2346,#2347,#2348,#2349,#2350,#2351,#2352,#2353,
#2354,#2355,#2356,#2357,#2358,#2359,#2360,#2361,#2362,#2363,#2364,#2365,
#2366,#2367,#2368,#2369,#2370,#2371,#2372,#2373,#2374,#2375,#2376,#2377,
#2378,#2379,#2380,#2381,#2382,#2383,#2384,#2385,#2386,#2387,#2388,#2389,
#2390,#2391,#2392,#2393,#2394,#2395,#2396,#2397,#2398,#2399,#2400,#2401,
#2402,#2403,#2404,#2405,#2406,#2407,#2408,#2409,#2410,#2411,#2412,#2413),
 .UNSPECIFIED.,.F.,.F.)
B_SPLINE_CURVE_WITH_KNOTS((3,2,2,2,2,2,2,2,2,2,2,2,2,2,2,2,2,2,2,2,2,2,
2,2,2,2,2,2,2,2,2,2,2,2,2,2,2,2,2,2,2,2,2,2,2,2,2,2,2,2,2,2,2,2,2,2,2,2,
2,2,2,2,2,2,2,2,2,2,2,2,2,2,2,2,2,2,2,2,2,2,2,2,2,2,2,2,2,2,2,2,2,2,2,2,
2,2,2,2,2,2,3),(0.,0.00980392156862745,0.0196078431372549,0.0294117647058824,
0.0392156862745098,0.0490196078431373,0.0588235294117647,0.0686274509803922,
0.0784313725490196,0.0882352941176471,0.0980392156862745,0.107843137254902,
0.117647058823529,0.127450980392157,0.137254901960784,0.147058823529412,
0.156862745098039,0.166666666666667,0.176470588235294,0.186274509803922,
0.196078431372549,0.205882352941176,0.215686274509804,0.225490196078431,
0.235294117647059,0.245098039215686,0.254901960784314,0.264705882352941,
0.274509803921569,0.284313725490196,0.294117647058824,0.303921568627451,
0.313725490196078,0.323529411764706,0.333333333333333,0.343137254901961,
0.352941176470588,0.362745098039216,0.372549019607843,0.382352941176471,
0.392156862745098,0.401960784313726,0.411764705882353,0.42156862745098,
0.431372549019608,0.441176470588235,0.450980392156863,0.46078431372549,
0.470588235294118,0.480392156862745,0.490196078431373,0.5,0.509803921568627,
0.519607843137255,0.529411764705882,0.53921568627451,0.549019607843137,
0.558823529411765,0.568627450980392,0.57843137254902,0.588235294117647,
0.598039215686274,0.607843137254902,0.617647058823529,0.627450980392157,
0.637254901960784,0.647058823529412,0.656862745098039,0.666666666666667,
0.676470588235294,0.686274509803922,0.696078431372549,0.705882352941177,
0.715686274509804,0.725490196078431,0.735294117647059,0.745098039215686,
0.754901960784314,0.764705882352941,0.774509803921569,0.784313725490196,
0.794117647058823,0.803921568627451,0.813725490196078,0.823529411764706,
0.833333333333333,0.843137254901961,0.852941176470588,0.862745098039216,
0.872549019607843,0.882352941176471,0.892156862745098,0.901960784313726,
0.911764705882353,0.92156862745098,0.931372549019608,0.941176470588235,
0.950980392156863,0.96078431372549,0.970588235294118,0.980392156862745),
 .PIECEWISE_BEZIER_KNOTS.)
CURVE()
GEOMETRIC_REPRESENTATION_ITEM()
RATIONAL_B_SPLINE_CURVE((1.,0.866025403784439,1.,0.866025403784439,1.,0.866025403784439,
1.,0.866025403784439,1.,0.866025403784439,1.,0.866025403784439,1.,0.866025403784439,
1.,0.866025403784439,1.,0.866025403784439,1.,0.866025403784439,1.,0.866025403784439,
1.,0.866025403784439,1.,0.866025403784439,1.,0.866025403784439,1.,0.866025403784439,
1.,0.866025403784439,1.,0.866025403784439,1.,0.866025403784439,1.,0.866025403784439,
1.,0.866025403784439,1.,0.866025403784439,1.,0.866025403784439,1.,0.866025403784439,
1.,0.866025403784439,1.,0.866025403784439,1.,0.866025403784439,1.,0.866025403784439,
1.,0.866025403784439,1.,0.866025403784439,1.,0.866025403784439,1.,0.866025403784439,
1.,0.866025403784439,1.,0.866025403784439,1.,0.866025403784439,1.,0.866025403784439,
1.,0.866025403784439,1.,0.866025403784439,1.,0.866025403784439,1.,0.866025403784439,
1.,0.866025403784439,1.,0.866025403784439,1.,0.866025403784439,1.,0.866025403784439,
1.,0.866025403784439,1.,0.866025403784439,1.,0.866025403784439,1.,0.866025403784439,
1.,0.866025403784439,1.,0.866025403784439,1.,0.866025403784439,1.,0.866025403784439,
1.,0.866025403784439,1.,0.866025403784439,1.,0.866025403784439,1.,0.866025403784439,
1.,0.866025403784439,1.,0.866025403784439,1.,0.866025403784439,1.,0.866025403784439,
1.,0.866025403784439,1.,0.866025403784439,1.,0.866025403784439,1.,0.866025403784439,
1.,0.866025403784439,1.,0.866025403784439,1.,0.866025403784439,1.,0.866025403784439,
1.,0.866025403784439,1.,0.866025403784439,1.,0.866025403784439,1.,0.866025403784439,
1.,0.866025403784439,1.,0.866025403784439,1.,0.866025403784439,1.,0.866025403784439,
1.,0.866025403784439,1.,0.866025403784439,1.,0.866025403784439,1.,0.866025403784439,
1.,0.866025403784439,1.,0.866025403784439,1.,0.866025403784439,1.,0.866025403784439,
1.,0.866025403784439,1.,0.866025403784439,1.,0.866025403784439,1.,0.866025403784439,
1.,0.866025403784439,1.,0.866025403784439,1.,0.866025403784439,1.,0.866025403784439,
1.,0.866025403784439,1.,0.866025403784439,1.,0.866025403784439,1.,0.866025403784439,
1.,0.866025403784439,1.,0.866025403784439,1.,0.866025403784439,1.,0.866025403784439,
1.,0.866025403784439,1.))
REPRESENTATION_ITEM('')
);
#58=(
BOUNDED_CURVE()
B_SPLINE_CURVE(2,(#3236,#3237,#3238,#3239,#3240,#3241,#3242,#3243,#3244,
#3245,#3246,#3247,#3248,#3249,#3250,#3251,#3252,#3253,#3254,#3255,#3256,
#3257,#3258,#3259,#3260,#3261,#3262,#3263,#3264,#3265,#3266,#3267,#3268,
#3269,#3270,#3271,#3272,#3273,#3274,#3275,#3276,#3277,#3278,#3279,#3280,
#3281,#3282,#3283,#3284,#3285,#3286,#3287,#3288,#3289,#3290,#3291,#3292,
#3293,#3294,#3295,#3296,#3297,#3298,#3299,#3300,#3301,#3302,#3303,#3304,
#3305,#3306,#3307,#3308,#3309,#3310,#3311,#3312,#3313,#3314,#3315,#3316,
#3317,#3318,#3319,#3320,#3321,#3322,#3323,#3324,#3325,#3326,#3327,#3328,
#3329,#3330,#3331,#3332,#3333,#3334,#3335,#3336,#3337,#3338,#3339,#3340,
#3341,#3342,#3343,#3344,#3345,#3346,#3347,#3348,#3349,#3350,#3351,#3352,
#3353,#3354,#3355,#3356,#3357,#3358,#3359,#3360,#3361,#3362,#3363,#3364,
#3365,#3366,#3367,#3368,#3369,#3370,#3371,#3372,#3373,#3374,#3375,#3376,
#3377,#3378,#3379,#3380,#3381,#3382,#3383,#3384,#3385,#3386,#3387,#3388,
#3389,#3390,#3391,#3392,#3393,#3394,#3395,#3396,#3397,#3398,#3399,#3400,
#3401,#3402,#3403,#3404,#3405,#3406,#3407,#3408,#3409,#3410,#3411,#3412,
#3413,#3414,#3415,#3416,#3417,#3418,#3419,#3420,#3421,#3422,#3423,#3424,
#3425,#3426,#3427,#3428,#3429,#3430,#3431,#3432,#3433,#3434,#3435,#3436),
 .UNSPECIFIED.,.F.,.F.)
B_SPLINE_CURVE_WITH_KNOTS((3,2,2,2,2,2,2,2,2,2,2,2,2,2,2,2,2,2,2,2,2,2,
2,2,2,2,2,2,2,2,2,2,2,2,2,2,2,2,2,2,2,2,2,2,2,2,2,2,2,2,2,2,2,2,2,2,2,2,
2,2,2,2,2,2,2,2,2,2,2,2,2,2,2,2,2,2,2,2,2,2,2,2,2,2,2,2,2,2,2,2,2,2,2,2,
2,2,2,2,2,2,3),(0.,0.00980392156862745,0.0196078431372549,0.0294117647058824,
0.0392156862745098,0.0490196078431373,0.0588235294117647,0.0686274509803922,
0.0784313725490196,0.0882352941176471,0.0980392156862745,0.107843137254902,
0.117647058823529,0.127450980392157,0.137254901960784,0.147058823529412,
0.156862745098039,0.166666666666667,0.176470588235294,0.186274509803922,
0.196078431372549,0.205882352941176,0.215686274509804,0.225490196078431,
0.235294117647059,0.245098039215686,0.254901960784314,0.264705882352941,
0.274509803921569,0.284313725490196,0.294117647058824,0.303921568627451,
0.313725490196078,0.323529411764706,0.333333333333333,0.343137254901961,
0.352941176470588,0.362745098039216,0.372549019607843,0.382352941176471,
0.392156862745098,0.401960784313726,0.411764705882353,0.42156862745098,
0.431372549019608,0.441176470588235,0.450980392156863,0.46078431372549,
0.470588235294118,0.480392156862745,0.490196078431373,0.5,0.509803921568627,
0.519607843137255,0.529411764705882,0.53921568627451,0.549019607843137,
0.558823529411765,0.568627450980392,0.57843137254902,0.588235294117647,
0.598039215686274,0.607843137254902,0.617647058823529,0.627450980392157,
0.637254901960784,0.647058823529412,0.656862745098039,0.666666666666667,
0.676470588235294,0.686274509803922,0.696078431372549,0.705882352941177,
0.715686274509804,0.725490196078431,0.735294117647059,0.745098039215686,
0.754901960784314,0.764705882352941,0.774509803921569,0.784313725490196,
0.794117647058823,0.803921568627451,0.813725490196078,0.823529411764706,
0.833333333333333,0.843137254901961,0.852941176470588,0.862745098039216,
0.872549019607843,0.882352941176471,0.892156862745098,0.901960784313726,
0.911764705882353,0.92156862745098,0.931372549019608,0.941176470588235,
0.950980392156863,0.96078431372549,0.970588235294118,0.980392156862745),
 .PIECEWISE_BEZIER_KNOTS.)
CURVE()
GEOMETRIC_REPRESENTATION_ITEM()
RATIONAL_B_SPLINE_CURVE((1.,0.866025403784439,1.,0.866025403784439,1.,0.866025403784439,
1.,0.866025403784439,1.,0.866025403784439,1.,0.866025403784439,1.,0.866025403784439,
1.,0.866025403784439,1.,0.866025403784439,1.,0.866025403784439,1.,0.866025403784439,
1.,0.866025403784439,1.,0.866025403784439,1.,0.866025403784439,1.,0.866025403784439,
1.,0.866025403784439,1.,0.866025403784439,1.,0.866025403784439,1.,0.866025403784439,
1.,0.866025403784439,1.,0.866025403784439,1.,0.866025403784439,1.,0.866025403784439,
1.,0.866025403784439,1.,0.866025403784439,1.,0.866025403784439,1.,0.866025403784439,
1.,0.866025403784439,1.,0.866025403784439,1.,0.866025403784439,1.,0.866025403784439,
1.,0.866025403784439,1.,0.866025403784439,1.,0.866025403784439,1.,0.866025403784439,
1.,0.866025403784439,1.,0.866025403784439,1.,0.866025403784439,1.,0.866025403784439,
1.,0.866025403784439,1.,0.866025403784439,1.,0.866025403784439,1.,0.866025403784439,
1.,0.866025403784439,1.,0.866025403784439,1.,0.866025403784439,1.,0.866025403784439,
1.,0.866025403784439,1.,0.866025403784439,1.,0.866025403784439,1.,0.866025403784439,
1.,0.866025403784439,1.,0.866025403784439,1.,0.866025403784439,1.,0.866025403784439,
1.,0.866025403784439,1.,0.866025403784439,1.,0.866025403784439,1.,0.866025403784439,
1.,0.866025403784439,1.,0.866025403784439,1.,0.866025403784439,1.,0.866025403784439,
1.,0.866025403784439,1.,0.866025403784439,1.,0.866025403784439,1.,0.866025403784439,
1.,0.866025403784439,1.,0.866025403784439,1.,0.866025403784439,1.,0.866025403784439,
1.,0.866025403784439,1.,0.866025403784439,1.,0.866025403784439,1.,0.866025403784439,
1.,0.866025403784439,1.,0.866025403784439,1.,0.866025403784439,1.,0.866025403784439,
1.,0.866025403784439,1.,0.866025403784439,1.,0.866025403784439,1.,0.866025403784439,
1.,0.866025403784439,1.,0.866025403784439,1.,0.866025403784439,1.,0.866025403784439,
1.,0.866025403784439,1.,0.866025403784439,1.,0.866025403784439,1.,0.866025403784439,
1.,0.866025403784439,1.,0.866025403784439,1.,0.866025403784439,1.,0.866025403784439,
1.,0.866025403784439,1.,0.866025403784439,1.,0.866025403784439,1.,0.866025403784439,
1.,0.866025403784439,1.))
REPRESENTATION_ITEM('')
);
#59=(
BOUNDED_CURVE()
B_SPLINE_CURVE(2,(#3438,#3439,#3440,#3441,#3442,#3443,#3444,#3445,#3446,
#3447,#3448,#3449,#3450,#3451,#3452,#3453,#3454,#3455,#3456,#3457,#3458,
#3459,#3460,#3461,#3462,#3463,#3464,#3465,#3466,#3467,#3468,#3469,#3470,
#3471,#3472,#3473,#3474,#3475,#3476,#3477,#3478,#3479,#3480,#3481,#3482,
#3483,#3484,#3485,#3486,#3487,#3488,#3489,#3490,#3491,#3492,#3493,#3494,
#3495,#3496,#3497,#3498,#3499,#3500,#3501,#3502,#3503,#3504,#3505,#3506,
#3507,#3508,#3509,#3510,#3511,#3512,#3513,#3514,#3515,#3516,#3517,#3518,
#3519,#3520,#3521,#3522,#3523,#3524,#3525,#3526,#3527,#3528,#3529,#3530,
#3531,#3532,#3533,#3534,#3535,#3536,#3537,#3538,#3539,#3540,#3541,#3542,
#3543,#3544,#3545,#3546,#3547,#3548,#3549,#3550,#3551,#3552,#3553,#3554,
#3555,#3556,#3557,#3558,#3559,#3560,#3561,#3562,#3563,#3564,#3565,#3566,
#3567,#3568,#3569,#3570,#3571,#3572,#3573,#3574,#3575,#3576,#3577,#3578,
#3579,#3580,#3581,#3582,#3583,#3584,#3585,#3586,#3587,#3588,#3589,#3590,
#3591,#3592,#3593,#3594,#3595,#3596,#3597,#3598,#3599,#3600,#3601,#3602,
#3603,#3604,#3605,#3606,#3607,#3608,#3609,#3610,#3611,#3612,#3613,#3614,
#3615,#3616,#3617,#3618,#3619,#3620,#3621,#3622,#3623,#3624,#3625,#3626,
#3627,#3628,#3629,#3630,#3631,#3632,#3633,#3634,#3635,#3636,#3637,#3638),
 .UNSPECIFIED.,.F.,.F.)
B_SPLINE_CURVE_WITH_KNOTS((3,2,2,2,2,2,2,2,2,2,2,2,2,2,2,2,2,2,2,2,2,2,
2,2,2,2,2,2,2,2,2,2,2,2,2,2,2,2,2,2,2,2,2,2,2,2,2,2,2,2,2,2,2,2,2,2,2,2,
2,2,2,2,2,2,2,2,2,2,2,2,2,2,2,2,2,2,2,2,2,2,2,2,2,2,2,2,2,2,2,2,2,2,2,2,
2,2,2,2,2,2,3),(0.,0.00980392156862745,0.0196078431372549,0.0294117647058824,
0.0392156862745098,0.0490196078431373,0.0588235294117647,0.0686274509803922,
0.0784313725490196,0.0882352941176471,0.0980392156862745,0.107843137254902,
0.117647058823529,0.127450980392157,0.137254901960784,0.147058823529412,
0.156862745098039,0.166666666666667,0.176470588235294,0.186274509803922,
0.196078431372549,0.205882352941176,0.215686274509804,0.225490196078431,
0.235294117647059,0.245098039215686,0.254901960784314,0.264705882352941,
0.274509803921569,0.284313725490196,0.294117647058824,0.303921568627451,
0.313725490196078,0.323529411764706,0.333333333333333,0.343137254901961,
0.352941176470588,0.362745098039216,0.372549019607843,0.382352941176471,
0.392156862745098,0.401960784313726,0.411764705882353,0.42156862745098,
0.431372549019608,0.441176470588235,0.450980392156863,0.46078431372549,
0.470588235294118,0.480392156862745,0.490196078431373,0.5,0.509803921568627,
0.519607843137255,0.529411764705882,0.53921568627451,0.549019607843137,
0.558823529411765,0.568627450980392,0.57843137254902,0.588235294117647,
0.598039215686274,0.607843137254902,0.617647058823529,0.627450980392157,
0.637254901960784,0.647058823529412,0.656862745098039,0.666666666666667,
0.676470588235294,0.686274509803922,0.696078431372549,0.705882352941177,
0.715686274509804,0.725490196078431,0.735294117647059,0.745098039215686,
0.754901960784314,0.764705882352941,0.774509803921569,0.784313725490196,
0.794117647058823,0.803921568627451,0.813725490196078,0.823529411764706,
0.833333333333333,0.843137254901961,0.852941176470588,0.862745098039216,
0.872549019607843,0.882352941176471,0.892156862745098,0.901960784313726,
0.911764705882353,0.92156862745098,0.931372549019608,0.941176470588235,
0.950980392156863,0.96078431372549,0.970588235294118,0.980392156862745),
 .PIECEWISE_BEZIER_KNOTS.)
CURVE()
GEOMETRIC_REPRESENTATION_ITEM()
RATIONAL_B_SPLINE_CURVE((1.,0.866025403784439,1.,0.866025403784439,1.,0.866025403784439,
1.,0.866025403784439,1.,0.866025403784439,1.,0.866025403784439,1.,0.866025403784439,
1.,0.866025403784439,1.,0.866025403784439,1.,0.866025403784439,1.,0.866025403784439,
1.,0.866025403784439,1.,0.866025403784439,1.,0.866025403784439,1.,0.866025403784439,
1.,0.866025403784439,1.,0.866025403784439,1.,0.866025403784439,1.,0.866025403784439,
1.,0.866025403784439,1.,0.866025403784439,1.,0.866025403784439,1.,0.866025403784439,
1.,0.866025403784439,1.,0.866025403784439,1.,0.866025403784439,1.,0.866025403784439,
1.,0.866025403784439,1.,0.866025403784439,1.,0.866025403784439,1.,0.866025403784439,
1.,0.866025403784439,1.,0.866025403784439,1.,0.866025403784439,1.,0.866025403784439,
1.,0.866025403784439,1.,0.866025403784439,1.,0.866025403784439,1.,0.866025403784439,
1.,0.866025403784439,1.,0.866025403784439,1.,0.866025403784439,1.,0.866025403784439,
1.,0.866025403784439,1.,0.866025403784439,1.,0.866025403784439,1.,0.866025403784439,
1.,0.866025403784439,1.,0.866025403784439,1.,0.866025403784439,1.,0.866025403784439,
1.,0.866025403784439,1.,0.866025403784439,1.,0.866025403784439,1.,0.866025403784439,
1.,0.866025403784439,1.,0.866025403784439,1.,0.866025403784439,1.,0.866025403784439,
1.,0.866025403784439,1.,0.866025403784439,1.,0.866025403784439,1.,0.866025403784439,
1.,0.866025403784439,1.,0.866025403784439,1.,0.866025403784439,1.,0.866025403784439,
1.,0.866025403784439,1.,0.866025403784439,1.,0.866025403784439,1.,0.866025403784439,
1.,0.866025403784439,1.,0.866025403784439,1.,0.866025403784439,1.,0.866025403784439,
1.,0.866025403784439,1.,0.866025403784439,1.,0.866025403784439,1.,0.866025403784439,
1.,0.866025403784439,1.,0.866025403784439,1.,0.866025403784439,1.,0.866025403784439,
1.,0.866025403784439,1.,0.866025403784439,1.,0.866025403784439,1.,0.866025403784439,
1.,0.866025403784439,1.,0.866025403784439,1.,0.866025403784439,1.,0.866025403784439,
1.,0.866025403784439,1.,0.866025403784439,1.,0.866025403784439,1.,0.866025403784439,
1.,0.866025403784439,1.,0.866025403784439,1.,0.866025403784439,1.,0.866025403784439,
1.,0.866025403784439,1.))
REPRESENTATION_ITEM('')
);
#60=LINE('',#709,#76);
#61=LINE('',#915,#77);
#62=LINE('',#1121,#78);
#63=LINE('',#1327,#79);
#64=LINE('',#1557,#80);
#65=LINE('',#1559,#81);
#66=LINE('',#1561,#82);
#67=LINE('',#1565,#83);
#68=LINE('',#1592,#84);
#69=LINE('',#1594,#85);
#70=LINE('',#1596,#86);
#71=LINE('',#1603,#87);
#72=LINE('',#2817,#88);
#73=LINE('',#2819,#89);
#74=LINE('',#2821,#90);
#75=LINE('',#2828,#91);
#76=VECTOR('',#593,1.);
#77=VECTOR('',#596,1.);
#78=VECTOR('',#601,1.);
#79=VECTOR('',#604,1.);
#80=VECTOR('',#639,1.);
#81=VECTOR('',#642,1.);
#82=VECTOR('',#643,1.);
#83=VECTOR('',#648,1.);
#84=VECTOR('',#687,1.);
#85=VECTOR('',#688,1.);
#86=VECTOR('',#689,1.);
#87=VECTOR('',#692,1.);
#88=VECTOR('',#697,1.);
#89=VECTOR('',#698,1.);
#90=VECTOR('',#699,1.);
#91=VECTOR('',#702,1.);
#92=ORIENTED_EDGE('',*,*,#190,.F.);
#93=ORIENTED_EDGE('',*,*,#191,.F.);
#94=ORIENTED_EDGE('',*,*,#192,.T.);
#95=ORIENTED_EDGE('',*,*,#193,.T.);
#96=ORIENTED_EDGE('',*,*,#194,.F.);
#97=ORIENTED_EDGE('',*,*,#195,.F.);
#98=ORIENTED_EDGE('',*,*,#196,.F.);
#99=ORIENTED_EDGE('',*,*,#197,.F.);
#100=ORIENTED_EDGE('',*,*,#198,.T.);
#101=ORIENTED_EDGE('',*,*,#199,.T.);
#102=ORIENTED_EDGE('',*,*,#200,.F.);
#103=ORIENTED_EDGE('',*,*,#201,.F.);
#104=ORIENTED_EDGE('',*,*,#198,.F.);
#105=ORIENTED_EDGE('',*,*,#192,.F.);
#106=ORIENTED_EDGE('',*,*,#202,.F.);
#107=ORIENTED_EDGE('',*,*,#203,.T.);
#108=ORIENTED_EDGE('',*,*,#204,.T.);
#109=ORIENTED_EDGE('',*,*,#205,.T.);
#110=ORIENTED_EDGE('',*,*,#206,.T.);
#111=ORIENTED_EDGE('',*,*,#207,.T.);
#112=ORIENTED_EDGE('',*,*,#207,.F.);
#113=ORIENTED_EDGE('',*,*,#203,.F.);
#114=ORIENTED_EDGE('',*,*,#205,.F.);
#115=ORIENTED_EDGE('',*,*,#206,.F.);
#116=ORIENTED_EDGE('',*,*,#208,.F.);
#117=ORIENTED_EDGE('',*,*,#209,.T.);
#118=ORIENTED_EDGE('',*,*,#209,.F.);
#119=ORIENTED_EDGE('',*,*,#202,.T.);
#120=ORIENTED_EDGE('',*,*,#210,.T.);
#121=ORIENTED_EDGE('',*,*,#211,.T.);
#122=ORIENTED_EDGE('',*,*,#208,.T.);
#123=ORIENTED_EDGE('',*,*,#212,.F.);
#124=ORIENTED_EDGE('',*,*,#210,.F.);
#125=ORIENTED_EDGE('',*,*,#213,.F.);
#126=ORIENTED_EDGE('',*,*,#214,.F.);
#127=ORIENTED_EDGE('',*,*,#213,.T.);
#128=ORIENTED_EDGE('',*,*,#211,.F.);
#129=ORIENTED_EDGE('',*,*,#212,.T.);
#130=ORIENTED_EDGE('',*,*,#215,.T.);
#131=ORIENTED_EDGE('',*,*,#215,.F.);
#132=ORIENTED_EDGE('',*,*,#214,.T.);
#133=ORIENTED_EDGE('',*,*,#216,.T.);
#134=ORIENTED_EDGE('',*,*,#217,.F.);
#135=ORIENTED_EDGE('',*,*,#218,.T.);
#136=ORIENTED_EDGE('',*,*,#219,.F.);
#137=ORIENTED_EDGE('',*,*,#220,.T.);
#138=ORIENTED_EDGE('',*,*,#219,.T.);
#139=ORIENTED_EDGE('',*,*,#204,.F.);
#140=ORIENTED_EDGE('',*,*,#217,.T.);
#141=ORIENTED_EDGE('',*,*,#221,.T.);
#142=ORIENTED_EDGE('',*,*,#222,.T.);
#143=ORIENTED_EDGE('',*,*,#218,.F.);
#144=ORIENTED_EDGE('',*,*,#220,.F.);
#145=ORIENTED_EDGE('',*,*,#216,.F.);
#146=ORIENTED_EDGE('',*,*,#221,.F.);
#147=ORIENTED_EDGE('',*,*,#222,.F.);
#148=ORIENTED_EDGE('',*,*,#190,.T.);
#149=ORIENTED_EDGE('',*,*,#196,.T.);
#150=ORIENTED_EDGE('',*,*,#223,.T.);
#151=ORIENTED_EDGE('',*,*,#197,.T.);
#152=ORIENTED_EDGE('',*,*,#224,.T.);
#153=ORIENTED_EDGE('',*,*,#225,.T.);
#154=ORIENTED_EDGE('',*,*,#226,.T.);
#155=ORIENTED_EDGE('',*,*,#227,.T.);
#156=ORIENTED_EDGE('',*,*,#228,.T.);
#157=ORIENTED_EDGE('',*,*,#200,.T.);
#158=ORIENTED_EDGE('',*,*,#223,.F.);
#159=ORIENTED_EDGE('',*,*,#229,.T.);
#160=ORIENTED_EDGE('',*,*,#226,.F.);
#161=ORIENTED_EDGE('',*,*,#199,.F.);
#162=ORIENTED_EDGE('',*,*,#225,.F.);
#163=ORIENTED_EDGE('',*,*,#230,.T.);
#164=ORIENTED_EDGE('',*,*,#227,.F.);
#165=ORIENTED_EDGE('',*,*,#229,.F.);
#166=ORIENTED_EDGE('',*,*,#224,.F.);
#167=ORIENTED_EDGE('',*,*,#201,.T.);
#168=ORIENTED_EDGE('',*,*,#228,.F.);
#169=ORIENTED_EDGE('',*,*,#230,.F.);
#170=ORIENTED_EDGE('',*,*,#231,.T.);
#171=ORIENTED_EDGE('',*,*,#191,.T.);
#172=ORIENTED_EDGE('',*,*,#232,.T.);
#173=ORIENTED_EDGE('',*,*,#233,.T.);
#174=ORIENTED_EDGE('',*,*,#234,.T.);
#175=ORIENTED_EDGE('',*,*,#235,.T.);
#176=ORIENTED_EDGE('',*,*,#236,.T.);
#177=ORIENTED_EDGE('',*,*,#194,.T.);
#178=ORIENTED_EDGE('',*,*,#231,.F.);
#179=ORIENTED_EDGE('',*,*,#237,.T.);
#180=ORIENTED_EDGE('',*,*,#234,.F.);
#181=ORIENTED_EDGE('',*,*,#193,.F.);
#182=ORIENTED_EDGE('',*,*,#233,.F.);
#183=ORIENTED_EDGE('',*,*,#238,.T.);
#184=ORIENTED_EDGE('',*,*,#235,.F.);
#185=ORIENTED_EDGE('',*,*,#237,.F.);
#186=ORIENTED_EDGE('',*,*,#232,.F.);
#187=ORIENTED_EDGE('',*,*,#195,.T.);
#188=ORIENTED_EDGE('',*,*,#236,.F.);
#189=ORIENTED_EDGE('',*,*,#238,.F.);
#190=EDGE_CURVE('',#239,#239,#276,.T.);
#191=EDGE_CURVE('',#240,#241,#60,.T.);
#192=EDGE_CURVE('',#240,#240,#277,.T.);
#193=EDGE_CURVE('',#240,#242,#52,.T.);
#194=EDGE_CURVE('',#243,#242,#61,.F.);
#195=EDGE_CURVE('',#241,#243,#53,.T.);
#196=EDGE_CURVE('',#244,#244,#278,.T.);
#197=EDGE_CURVE('',#245,#246,#62,.T.);
#198=EDGE_CURVE('',#245,#245,#279,.T.);
#199=EDGE_CURVE('',#245,#247,#54,.T.);
#200=EDGE_CURVE('',#248,#247,#63,.F.);
#201=EDGE_CURVE('',#246,#248,#55,.T.);
#202=EDGE_CURVE('',#249,#249,#280,.F.);
#203=EDGE_CURVE('',#250,#250,#281,.F.);
#204=EDGE_CURVE('',#251,#251,#282,.T.);
#205=EDGE_CURVE('',#252,#252,#283,.T.);
#206=EDGE_CURVE('',#253,#253,#284,.F.);
#207=EDGE_CURVE('',#254,#254,#285,.T.);
#208=EDGE_CURVE('',#255,#255,#286,.T.);
#209=EDGE_CURVE('',#256,#256,#287,.T.);
#210=EDGE_CURVE('',#257,#258,#288,.T.);
#211=EDGE_CURVE('',#258,#257,#64,.T.);
#212=EDGE_CURVE('',#258,#259,#65,.F.);
#213=EDGE_CURVE('',#260,#257,#66,.T.);
#214=EDGE_CURVE('',#259,#260,#289,.T.);
#215=EDGE_CURVE('',#259,#260,#67,.T.);
#216=EDGE_CURVE('',#261,#261,#290,.F.);
#217=EDGE_CURVE('',#262,#262,#291,.T.);
#218=EDGE_CURVE('',#263,#263,#292,.T.);
#219=EDGE_CURVE('',#264,#264,#293,.T.);
#220=EDGE_CURVE('',#265,#265,#294,.T.);
#221=EDGE_CURVE('',#266,#266,#295,.F.);
#222=EDGE_CURVE('',#267,#267,#296,.T.);
#223=EDGE_CURVE('',#268,#245,#68,.T.);
#224=EDGE_CURVE('',#246,#269,#69,.T.);
#225=EDGE_CURVE('',#269,#268,#70,.T.);
#226=EDGE_CURVE('',#247,#270,#16,.F.);
#227=EDGE_CURVE('',#270,#271,#71,.T.);
#228=EDGE_CURVE('',#271,#248,#17,.F.);
#229=EDGE_CURVE('',#268,#270,#56,.T.);
#230=EDGE_CURVE('',#269,#271,#57,.T.);
#231=EDGE_CURVE('',#272,#240,#72,.T.);
#232=EDGE_CURVE('',#241,#273,#73,.T.);
#233=EDGE_CURVE('',#273,#272,#74,.T.);
#234=EDGE_CURVE('',#242,#274,#18,.F.);
#235=EDGE_CURVE('',#274,#275,#75,.T.);
#236=EDGE_CURVE('',#275,#243,#19,.F.);
#237=EDGE_CURVE('',#272,#274,#58,.T.);
#238=EDGE_CURVE('',#273,#275,#59,.T.);
#239=VERTEX_POINT('',#708);
#240=VERTEX_POINT('',#710);
#241=VERTEX_POINT('',#711);
#242=VERTEX_POINT('',#914);
#243=VERTEX_POINT('',#916);
#244=VERTEX_POINT('',#1120);
#245=VERTEX_POINT('',#1122);
#246=VERTEX_POINT('',#1123);
#247=VERTEX_POINT('',#1326);
#248=VERTEX_POINT('',#1328);
#249=VERTEX_POINT('',#1532);
#250=VERTEX_POINT('',#1534);
#251=VERTEX_POINT('',#1537);
#252=VERTEX_POINT('',#1539);
#253=VERTEX_POINT('',#1542);
#254=VERTEX_POINT('',#1544);
#255=VERTEX_POINT('',#1549);
#256=VERTEX_POINT('',#1551);
#257=VERTEX_POINT('',#1555);
#258=VERTEX_POINT('',#1556);
#259=VERTEX_POINT('',#1560);
#260=VERTEX_POINT('',#1562);
#261=VERTEX_POINT('',#1569);
#262=VERTEX_POINT('',#1571);
#263=VERTEX_POINT('',#1574);
#264=VERTEX_POINT('',#1576);
#265=VERTEX_POINT('',#1579);
#266=VERTEX_POINT('',#1583);
#267=VERTEX_POINT('',#1586);
#268=VERTEX_POINT('',#1593);
#269=VERTEX_POINT('',#1595);
#270=VERTEX_POINT('',#1602);
#271=VERTEX_POINT('',#1604);
#272=VERTEX_POINT('',#2818);
#273=VERTEX_POINT('',#2820);
#274=VERTEX_POINT('',#2827);
#275=VERTEX_POINT('',#2829);
#276=CIRCLE('',#538,0.0015);
#277=CIRCLE('',#539,0.0015);
#278=CIRCLE('',#541,0.0015);
#279=CIRCLE('',#542,0.0015);
#280=CIRCLE('',#544,0.006);
#281=CIRCLE('',#545,0.0175);
#282=CIRCLE('',#547,0.0145);
#283=CIRCLE('',#548,0.0175);
#284=CIRCLE('',#550,0.0185);
#285=CIRCLE('',#551,0.0185);
#286=CIRCLE('',#555,0.00300184368672708);
#287=CIRCLE('',#556,0.006);
#288=CIRCLE('',#559,0.00300184368672708);
#289=CIRCLE('',#561,0.00300184368672708);
#290=CIRCLE('',#565,0.0165);
#291=CIRCLE('',#566,0.0145);
#292=CIRCLE('',#568,0.005);
#293=CIRCLE('',#569,0.0175);
#294=CIRCLE('',#571,0.0175);
#295=CIRCLE('',#574,0.004);
#296=CIRCLE('',#576,0.005);
#297=EDGE_LOOP('',(#92));
#298=EDGE_LOOP('',(#93,#94,#95,#96,#97));
#299=EDGE_LOOP('',(#98));
#300=EDGE_LOOP('',(#99,#100,#101,#102,#103));
#301=EDGE_LOOP('',(#104));
#302=EDGE_LOOP('',(#105));
#303=EDGE_LOOP('',(#106));
#304=EDGE_LOOP('',(#107));
#305=EDGE_LOOP('',(#108));
#306=EDGE_LOOP('',(#109));
#307=EDGE_LOOP('',(#110));
#308=EDGE_LOOP('',(#111));
#309=EDGE_LOOP('',(#112));
#310=EDGE_LOOP('',(#113));
#311=EDGE_LOOP('',(#114));
#312=EDGE_LOOP('',(#115));
#313=EDGE_LOOP('',(#116));
#314=EDGE_LOOP('',(#117));
#315=EDGE_LOOP('',(#118));
#316=EDGE_LOOP('',(#119));
#317=EDGE_LOOP('',(#120,#121));
#318=EDGE_LOOP('',(#122));
#319=EDGE_LOOP('',(#123,#124,#125,#126));
#320=EDGE_LOOP('',(#127,#128,#129,#130));
#321=EDGE_LOOP('',(#131,#132));
#322=EDGE_LOOP('',(#133));
#323=EDGE_LOOP('',(#134));
#324=EDGE_LOOP('',(#135));
#325=EDGE_LOOP('',(#136));
#326=EDGE_LOOP('',(#137));
#327=EDGE_LOOP('',(#138));
#328=EDGE_LOOP('',(#139));
#329=EDGE_LOOP('',(#140));
#330=EDGE_LOOP('',(#141));
#331=EDGE_LOOP('',(#142));
#332=EDGE_LOOP('',(#143));
#333=EDGE_LOOP('',(#144));
#334=EDGE_LOOP('',(#145));
#335=EDGE_LOOP('',(#146));
#336=EDGE_LOOP('',(#147));
#337=EDGE_LOOP('',(#148));
#338=EDGE_LOOP('',(#149));
#339=EDGE_LOOP('',(#150,#151,#152,#153));
#340=EDGE_LOOP('',(#154,#155,#156,#157));
#341=EDGE_LOOP('',(#158,#159,#160,#161));
#342=EDGE_LOOP('',(#162,#163,#164,#165));
#343=EDGE_LOOP('',(#166,#167,#168,#169));
#344=EDGE_LOOP('',(#170,#171,#172,#173));
#345=EDGE_LOOP('',(#174,#175,#176,#177));
#346=EDGE_LOOP('',(#178,#179,#180,#181));
#347=EDGE_LOOP('',(#182,#183,#184,#185));
#348=EDGE_LOOP('',(#186,#187,#188,#189));
#349=FACE_BOUND('',#297,.T.);
#350=FACE_BOUND('',#298,.T.);
#351=FACE_BOUND('',#299,.T.);
#352=FACE_BOUND('',#300,.T.);
#353=FACE_BOUND('',#301,.T.);
#354=FACE_BOUND('',#302,.T.);
#355=FACE_BOUND('',#303,.T.);
#356=FACE_BOUND('',#304,.T.);
#357=FACE_BOUND('',#305,.T.);
#358=FACE_BOUND('',#306,.T.);
#359=FACE_BOUND('',#307,.T.);
#360=FACE_BOUND('',#308,.T.);
#361=FACE_BOUND('',#309,.T.);
#362=FACE_BOUND('',#310,.T.);
#363=FACE_BOUND('',#311,.T.);
#364=FACE_BOUND('',#312,.T.);
#365=FACE_BOUND('',#313,.T.);
#366=FACE_BOUND('',#314,.T.);
#367=FACE_BOUND('',#315,.T.);
#368=FACE_BOUND('',#316,.T.);
#369=FACE_BOUND('',#317,.T.);
#370=FACE_BOUND('',#318,.T.);
#371=FACE_BOUND('',#319,.T.);
#372=FACE_BOUND('',#320,.T.);
#373=FACE_BOUND('',#321,.T.);
#374=FACE_BOUND('',#322,.T.);
#375=FACE_BOUND('',#323,.T.);
#376=FACE_BOUND('',#324,.T.);
#377=FACE_BOUND('',#325,.T.);
#378=FACE_BOUND('',#326,.T.);
#379=FACE_BOUND('',#327,.T.);
#380=FACE_BOUND('',#328,.T.);
#381=FACE_BOUND('',#329,.T.);
#382=FACE_BOUND('',#330,.T.);
#383=FACE_BOUND('',#331,.T.);
#384=FACE_BOUND('',#332,.T.);
#385=FACE_BOUND('',#333,.T.);
#386=FACE_BOUND('',#334,.T.);
#387=FACE_BOUND('',#335,.T.);
#388=FACE_BOUND('',#336,.T.);
#389=FACE_BOUND('',#337,.T.);
#390=FACE_BOUND('',#338,.T.);
#391=FACE_BOUND('',#339,.T.);
#392=FACE_BOUND('',#340,.T.);
#393=FACE_BOUND('',#341,.T.);
#394=FACE_BOUND('',#342,.T.);
#395=FACE_BOUND('',#343,.T.);
#396=FACE_BOUND('',#344,.T.);
#397=FACE_BOUND('',#345,.T.);
#398=FACE_BOUND('',#346,.T.);
#399=FACE_BOUND('',#347,.T.);
#400=FACE_BOUND('',#348,.T.);
#401=CYLINDRICAL_SURFACE('',#537,0.0015);
#402=CYLINDRICAL_SURFACE('',#540,0.0015);
#403=CYLINDRICAL_SURFACE('',#549,0.0185);
#404=CYLINDRICAL_SURFACE('',#557,0.006);
#405=CYLINDRICAL_SURFACE('',#560,0.00300184368672708);
#406=CYLINDRICAL_SURFACE('',#570,0.0175);
#407=CYLINDRICAL_SURFACE('',#572,0.0145);
#408=CYLINDRICAL_SURFACE('',#575,0.005);
#409=CYLINDRICAL_SURFACE('',#583,0.00117524047499993);
#410=CYLINDRICAL_SURFACE('',#586,0.00117524047499983);
#411=ADVANCED_FACE('',(#349,#350),#401,.F.);
#412=ADVANCED_FACE('',(#351,#352),#402,.F.);
#413=ADVANCED_FACE('',(#353,#354,#355,#356),#24,.F.);
#414=ADVANCED_FACE('',(#357,#358),#25,.T.);
#415=ADVANCED_FACE('',(#359,#360),#403,.T.);
#416=ADVANCED_FACE('',(#361,#362),#20,.T.);
#417=ADVANCED_FACE('',(#363,#364),#21,.T.);
#418=ADVANCED_FACE('',(#365,#366),#26,.F.);
#419=ADVANCED_FACE('',(#367,#368),#404,.T.);
#420=ADVANCED_FACE('',(#369),#27,.T.);
#421=ADVANCED_FACE('',(#370,#371),#405,.T.);
#422=ADVANCED_FACE('',(#372),#28,.T.);
#423=ADVANCED_FACE('',(#373),#29,.T.);
#424=ADVANCED_FACE('',(#374,#375),#30,.F.);
#425=ADVANCED_FACE('',(#376,#377),#31,.T.);
#426=ADVANCED_FACE('',(#378,#379),#406,.T.);
#427=ADVANCED_FACE('',(#380,#381),#407,.T.);
#428=ADVANCED_FACE('',(#382),#32,.F.);
#429=ADVANCED_FACE('',(#383,#384),#408,.T.);
#430=ADVANCED_FACE('',(#385,#386),#22,.T.);
#431=ADVANCED_FACE('',(#387,#388),#23,.T.);
#432=ADVANCED_FACE('',(#389),#33,.T.);
#433=ADVANCED_FACE('',(#390),#34,.T.);
#434=ADVANCED_FACE('',(#391),#35,.T.);
#435=ADVANCED_FACE('',(#392),#36,.F.);
#436=ADVANCED_FACE('',(#393),#12,.F.);
#437=ADVANCED_FACE('',(#394),#409,.F.);
#438=ADVANCED_FACE('',(#395),#13,.F.);
#439=ADVANCED_FACE('',(#396),#37,.T.);
#440=ADVANCED_FACE('',(#397),#38,.F.);
#441=ADVANCED_FACE('',(#398),#14,.F.);
#442=ADVANCED_FACE('',(#399),#410,.F.);
#443=ADVANCED_FACE('',(#400),#15,.F.);
#444=CLOSED_SHELL('',(#411,#412,#413,#414,#415,#416,#417,#418,#419,#420,
#421,#422,#423,#424,#425,#426,#427,#428,#429,#430,#431,#432,#433,#434,#435,
#436,#437,#438,#439,#440,#441,#442,#443));
#445=STYLED_ITEM('',(#446),#533);
#446=PRESENTATION_STYLE_ASSIGNMENT((#460));
#447=PRESENTATION_STYLE_ASSIGNMENT((#461));
#448=PRESENTATION_STYLE_ASSIGNMENT((#462));
#449=PRESENTATION_STYLE_ASSIGNMENT((#463));
#450=PRESENTATION_STYLE_ASSIGNMENT((#464));
#451=PRESENTATION_STYLE_ASSIGNMENT((#465));
#452=PRESENTATION_STYLE_ASSIGNMENT((#466));
#453=PRESENTATION_STYLE_ASSIGNMENT((#467));
#454=PRESENTATION_STYLE_ASSIGNMENT((#468));
#455=PRESENTATION_STYLE_ASSIGNMENT((#469));
#456=PRESENTATION_STYLE_ASSIGNMENT((#470));
#457=PRESENTATION_STYLE_ASSIGNMENT((#471));
#458=PRESENTATION_STYLE_ASSIGNMENT((#472));
#459=PRESENTATION_STYLE_ASSIGNMENT((#473));
#460=SURFACE_STYLE_USAGE(.BOTH.,#474);
#461=SURFACE_STYLE_USAGE(.BOTH.,#475);
#462=SURFACE_STYLE_USAGE(.BOTH.,#476);
#463=SURFACE_STYLE_USAGE(.BOTH.,#477);
#464=SURFACE_STYLE_USAGE(.BOTH.,#478);
#465=SURFACE_STYLE_USAGE(.BOTH.,#479);
#466=SURFACE_STYLE_USAGE(.BOTH.,#480);
#467=SURFACE_STYLE_USAGE(.BOTH.,#481);
#468=SURFACE_STYLE_USAGE(.BOTH.,#482);
#469=SURFACE_STYLE_USAGE(.BOTH.,#483);
#470=SURFACE_STYLE_USAGE(.BOTH.,#484);
#471=SURFACE_STYLE_USAGE(.BOTH.,#485);
#472=SURFACE_STYLE_USAGE(.BOTH.,#486);
#473=SURFACE_STYLE_USAGE(.BOTH.,#487);
#474=SURFACE_SIDE_STYLE('',(#488));
#475=SURFACE_SIDE_STYLE('',(#489));
#476=SURFACE_SIDE_STYLE('',(#490));
#477=SURFACE_SIDE_STYLE('',(#491));
#478=SURFACE_SIDE_STYLE('',(#492));
#479=SURFACE_SIDE_STYLE('',(#493));
#480=SURFACE_SIDE_STYLE('',(#494));
#481=SURFACE_SIDE_STYLE('',(#495));
#482=SURFACE_SIDE_STYLE('',(#496));
#483=SURFACE_SIDE_STYLE('',(#497));
#484=SURFACE_SIDE_STYLE('',(#498));
#485=SURFACE_SIDE_STYLE('',(#499));
#486=SURFACE_SIDE_STYLE('',(#500));
#487=SURFACE_SIDE_STYLE('',(#501));
#488=SURFACE_STYLE_FILL_AREA(#502);
#489=SURFACE_STYLE_FILL_AREA(#503);
#490=SURFACE_STYLE_FILL_AREA(#504);
#491=SURFACE_STYLE_FILL_AREA(#505);
#492=SURFACE_STYLE_FILL_AREA(#506);
#493=SURFACE_STYLE_FILL_AREA(#507);
#494=SURFACE_STYLE_FILL_AREA(#508);
#495=SURFACE_STYLE_FILL_AREA(#509);
#496=SURFACE_STYLE_FILL_AREA(#510);
#497=SURFACE_STYLE_FILL_AREA(#511);
#498=SURFACE_STYLE_FILL_AREA(#512);
#499=SURFACE_STYLE_FILL_AREA(#513);
#500=SURFACE_STYLE_FILL_AREA(#514);
#501=SURFACE_STYLE_FILL_AREA(#515);
#502=FILL_AREA_STYLE('',(#516));
#503=FILL_AREA_STYLE('',(#517));
#504=FILL_AREA_STYLE('',(#518));
#505=FILL_AREA_STYLE('',(#519));
#506=FILL_AREA_STYLE('',(#520));
#507=FILL_AREA_STYLE('',(#521));
#508=FILL_AREA_STYLE('',(#522));
#509=FILL_AREA_STYLE('',(#523));
#510=FILL_AREA_STYLE('',(#524));
#511=FILL_AREA_STYLE('',(#525));
#512=FILL_AREA_STYLE('',(#526));
#513=FILL_AREA_STYLE('',(#527));
#514=FILL_AREA_STYLE('',(#528));
#515=FILL_AREA_STYLE('',(#529));
#516=FILL_AREA_STYLE_COLOUR('',#530);
#517=FILL_AREA_STYLE_COLOUR('',#531);
#518=FILL_AREA_STYLE_COLOUR('',#531);
#519=FILL_AREA_STYLE_COLOUR('',#531);
#520=FILL_AREA_STYLE_COLOUR('',#531);
#521=FILL_AREA_STYLE_COLOUR('',#531);
#522=FILL_AREA_STYLE_COLOUR('',#532);
#523=FILL_AREA_STYLE_COLOUR('',#532);
#524=FILL_AREA_STYLE_COLOUR('',#531);
#525=FILL_AREA_STYLE_COLOUR('',#531);
#526=FILL_AREA_STYLE_COLOUR('',#531);
#527=FILL_AREA_STYLE_COLOUR('',#531);
#528=FILL_AREA_STYLE_COLOUR('',#531);
#529=FILL_AREA_STYLE_COLOUR('',#531);
#530=COLOUR_RGB('',0.796078431372549,0.823529411764706,0.937254901960784);
#531=COLOUR_RGB('',0.776470588235294,0.756862745098039,0.737254901960784);
#532=COLOUR_RGB('',1.,0.650980392156863,0.631372549019608);
#533=MANIFOLD_SOLID_BREP('Part 1',#444);
#534=SHAPE_DEFINITION_REPRESENTATION(#4047,#535);
#535=SHAPE_REPRESENTATION('Part 1',(#536),#4042);
#536=AXIS2_PLACEMENT_3D('',#705,#587,#588);
#537=AXIS2_PLACEMENT_3D('',#706,#589,#590);
#538=AXIS2_PLACEMENT_3D('',#707,#591,#592);
#539=AXIS2_PLACEMENT_3D('',#712,#594,#595);
#540=AXIS2_PLACEMENT_3D('',#1118,#597,#598);
#541=AXIS2_PLACEMENT_3D('',#1119,#599,#600);
#542=AXIS2_PLACEMENT_3D('',#1124,#602,#603);
#543=AXIS2_PLACEMENT_3D('',#1530,#605,#606);
#544=AXIS2_PLACEMENT_3D('',#1531,#607,#608);
#545=AXIS2_PLACEMENT_3D('',#1533,#609,#610);
#546=AXIS2_PLACEMENT_3D('',#1535,#611,#612);
#547=AXIS2_PLACEMENT_3D('',#1536,#613,#614);
#548=AXIS2_PLACEMENT_3D('',#1538,#615,#616);
#549=AXIS2_PLACEMENT_3D('',#1540,#617,#618);
#550=AXIS2_PLACEMENT_3D('',#1541,#619,#620);
#551=AXIS2_PLACEMENT_3D('',#1543,#621,#622);
#552=AXIS2_PLACEMENT_3D('',#1545,#623,#624);
#553=AXIS2_PLACEMENT_3D('',#1546,#625,#626);
#554=AXIS2_PLACEMENT_3D('',#1547,#627,#628);
#555=AXIS2_PLACEMENT_3D('',#1548,#629,#630);
#556=AXIS2_PLACEMENT_3D('',#1550,#631,#632);
#557=AXIS2_PLACEMENT_3D('',#1552,#633,#634);
#558=AXIS2_PLACEMENT_3D('',#1553,#635,#636);
#559=AXIS2_PLACEMENT_3D('',#1554,#637,#638);
#560=AXIS2_PLACEMENT_3D('',#1558,#640,#641);
#561=AXIS2_PLACEMENT_3D('',#1563,#644,#645);
#562=AXIS2_PLACEMENT_3D('',#1564,#646,#647);
#563=AXIS2_PLACEMENT_3D('',#1566,#649,#650);
#564=AXIS2_PLACEMENT_3D('',#1567,#651,#652);
#565=AXIS2_PLACEMENT_3D('',#1568,#653,#654);
#566=AXIS2_PLACEMENT_3D('',#1570,#655,#656);
#567=AXIS2_PLACEMENT_3D('',#1572,#657,#658);
#568=AXIS2_PLACEMENT_3D('',#1573,#659,#660);
#569=AXIS2_PLACEMENT_3D('',#1575,#661,#662);
#570=AXIS2_PLACEMENT_3D('',#1577,#663,#664);
#571=AXIS2_PLACEMENT_3D('',#1578,#665,#666);
#572=AXIS2_PLACEMENT_3D('',#1580,#667,#668);
#573=AXIS2_PLACEMENT_3D('',#1581,#669,#670);
#574=AXIS2_PLACEMENT_3D('',#1582,#671,#672);
#575=AXIS2_PLACEMENT_3D('',#1584,#673,#674);
#576=AXIS2_PLACEMENT_3D('',#1585,#675,#676);
#577=AXIS2_PLACEMENT_3D('',#1587,#677,#678);
#578=AXIS2_PLACEMENT_3D('',#1588,#679,#680);
#579=AXIS2_PLACEMENT_3D('',#1589,#681,#682);
#580=AXIS2_PLACEMENT_3D('',#1590,#683,#684);
#581=AXIS2_PLACEMENT_3D('',#1591,#685,#686);
#582=AXIS2_PLACEMENT_3D('',#1597,#690,#691);
#583=AXIS2_PLACEMENT_3D('',#2212,#693,#694);
#584=AXIS2_PLACEMENT_3D('',#2816,#695,#696);
#585=AXIS2_PLACEMENT_3D('',#2822,#700,#701);
#586=AXIS2_PLACEMENT_3D('',#3437,#703,#704);
#587=DIRECTION('',(0.,0.,1.));
#588=DIRECTION('',(1.,0.,0.));
#589=DIRECTION('',(-1.,-2.86731153054018E-16,0.));
#590=DIRECTION('',(2.86731153054018E-16,-1.,0.));
#591=DIRECTION('',(-1.,-2.86731153054018E-16,0.));
#592=DIRECTION('',(2.86731153054018E-16,-1.,0.));
#593=DIRECTION('',(1.,2.86731153054011E-16,0.));
#594=DIRECTION('',(-1.,-2.86731153054018E-16,0.));
#595=DIRECTION('',(2.86731153054018E-16,-1.,0.));
#596=DIRECTION('',(1.,0.,0.));
#597=DIRECTION('',(-1.,-2.86731153054018E-16,0.));
#598=DIRECTION('',(2.86731153054018E-16,-1.,0.));
#599=DIRECTION('',(-1.,-2.86731153054018E-16,0.));
#600=DIRECTION('',(2.86731153054018E-16,-1.,0.));
#601=DIRECTION('',(1.,2.86731153054014E-16,0.));
#602=DIRECTION('',(-1.,-2.86731153054018E-16,0.));
#603=DIRECTION('',(2.86731153054018E-16,-1.,0.));
#604=DIRECTION('',(1.,0.,0.));
#605=DIRECTION('',(1.,2.86731153054018E-16,0.));
#606=DIRECTION('',(-2.86731153054018E-16,1.,0.));
#607=DIRECTION('',(1.,2.86731153054018E-16,0.));
#608=DIRECTION('',(-2.86731153054018E-16,1.,0.));
#609=DIRECTION('',(1.,2.86731153054018E-16,0.));
#610=DIRECTION('',(-2.86731153054018E-16,1.,0.));
#611=DIRECTION('',(1.,2.86731153054018E-16,0.));
#612=DIRECTION('',(-2.86731153054018E-16,1.,0.));
#613=DIRECTION('',(-1.,1.38777878078144E-14,0.));
#614=DIRECTION('',(-1.38777878078144E-14,-1.,0.));
#615=DIRECTION('',(1.,2.86731153054018E-16,0.));
#616=DIRECTION('',(-2.86731153054018E-16,1.,0.));
#617=DIRECTION('',(-1.,-2.86731153054018E-16,0.));
#618=DIRECTION('',(2.86731153054018E-16,-1.,0.));
#619=DIRECTION('',(1.,2.86731153054018E-16,0.));
#620=DIRECTION('',(-2.86731153054018E-16,1.,0.));
#621=DIRECTION('',(1.,2.86731153054018E-16,0.));
#622=DIRECTION('',(-2.86731153054018E-16,1.,0.));
#623=DIRECTION('',(1.,2.86731153054018E-16,0.));
#624=DIRECTION('',(-2.86731153054018E-16,1.,0.));
#625=DIRECTION('',(1.,2.86731153054018E-16,0.));
#626=DIRECTION('',(-2.86731153054018E-16,1.,0.));
#627=DIRECTION('',(1.,8.53142693103348E-17,0.));
#628=DIRECTION('',(-8.53142693103348E-17,1.,0.));
#629=DIRECTION('',(-1.,-8.53142693103348E-17,0.));
#630=DIRECTION('',(8.53142693103348E-17,-1.,0.));
#631=DIRECTION('',(-1.,-8.53142693103348E-17,0.));
#632=DIRECTION('',(8.53142693103348E-17,-1.,0.));
#633=DIRECTION('',(-1.,-8.53142693103348E-17,0.));
#634=DIRECTION('',(8.53142693103348E-17,-1.,0.));
#635=DIRECTION('',(-1.,-8.53142693103348E-17,0.));
#636=DIRECTION('',(8.53142693103348E-17,-1.,0.));
#637=DIRECTION('',(-1.,-8.53142693103348E-17,0.));
#638=DIRECTION('',(8.53142693103348E-17,-1.,0.));
#639=DIRECTION('',(0.,0.,-1.));
#640=DIRECTION('',(-1.,-8.53142693103348E-17,0.));
#641=DIRECTION('',(8.53142693103348E-17,-1.,0.));
#642=DIRECTION('',(-1.,-8.53142693103348E-17,0.));
#643=DIRECTION('',(-1.,-8.53142693103348E-17,0.));
#644=DIRECTION('',(-1.,0.,0.));
#645=DIRECTION('',(0.,0.,1.));
#646=DIRECTION('',(0.,1.,0.));
#647=DIRECTION('',(0.,0.,1.));
#648=DIRECTION('',(0.,0.,-1.));
#649=DIRECTION('',(-1.,0.,0.));
#650=DIRECTION('',(0.,0.,1.));
#651=DIRECTION('',(1.,2.86731153054018E-16,0.));
#652=DIRECTION('',(-2.86731153054018E-16,1.,0.));
#653=DIRECTION('',(1.,2.86731153054018E-16,0.));
#654=DIRECTION('',(-2.86731153054018E-16,1.,0.));
#655=DIRECTION('',(-1.,1.38777878078144E-14,0.));
#656=DIRECTION('',(-1.38777878078144E-14,-1.,0.));
#657=DIRECTION('',(1.,2.86731153054018E-16,0.));
#658=DIRECTION('',(-2.86731153054018E-16,1.,0.));
#659=DIRECTION('',(-1.,-3.21245088143853E-16,0.));
#660=DIRECTION('',(3.21245088143853E-16,-1.,0.));
#661=DIRECTION('',(-1.,-2.86731153054018E-16,0.));
#662=DIRECTION('',(2.86731153054018E-16,-1.,0.));
#663=DIRECTION('',(-1.,-2.86731153054018E-16,0.));
#664=DIRECTION('',(2.86731153054018E-16,-1.,0.));
#665=DIRECTION('',(1.,2.86731153054018E-16,0.));
#666=DIRECTION('',(-2.86731153054018E-16,1.,0.));
#667=DIRECTION('',(-1.,1.38777878078144E-14,0.));
#668=DIRECTION('',(-1.38777878078144E-14,-1.,0.));
#669=DIRECTION('',(-1.,-3.21245088143853E-16,0.));
#670=DIRECTION('',(3.21245088143853E-16,-1.,0.));
#671=DIRECTION('',(-1.,-3.21245088143853E-16,0.));
#672=DIRECTION('',(3.21245088143853E-16,-1.,0.));
#673=DIRECTION('',(-1.,-3.21245088143853E-16,0.));
#674=DIRECTION('',(3.21245088143853E-16,-1.,0.));
#675=DIRECTION('',(-1.,-3.21245088143853E-16,0.));
#676=DIRECTION('',(3.21245088143853E-16,-1.,0.));
#677=DIRECTION('',(1.,2.86731153054018E-16,0.));
#678=DIRECTION('',(-2.86731153054018E-16,1.,0.));
#679=DIRECTION('',(-1.,-3.21245088143853E-16,0.));
#680=DIRECTION('',(3.21245088143853E-16,-1.,0.));
#681=DIRECTION('',(-1.,-2.86731153054018E-16,0.));
#682=DIRECTION('',(2.86731153054018E-16,-1.,0.));
#683=DIRECTION('',(-1.,-2.86731153054018E-16,0.));
#684=DIRECTION('',(2.86731153054018E-16,-1.,0.));
#685=DIRECTION('',(2.86731153054024E-16,-1.,-8.42580753567672E-30));
#686=DIRECTION('',(1.,2.86731153054024E-16,0.));
#687=DIRECTION('',(-0.500000000000008,-1.43365576527007E-16,-0.866025403784434));
#688=DIRECTION('',(-0.500000000000008,-1.43365576527007E-16,0.866025403784434));
#689=DIRECTION('',(-1.,-2.86731153054024E-16,0.));
#690=DIRECTION('',(0.,0.5,0.866025403784441));
#691=DIRECTION('',(0.,-0.866025403784441,0.5));
#692=DIRECTION('',(1.,0.,0.));
#693=DIRECTION('',(1.,0.,0.));
#694=DIRECTION('',(0.,0.,-1.));
#695=DIRECTION('',(2.86731153054014E-16,-1.,-2.50496980790389E-30));
#696=DIRECTION('',(1.,2.86731153054014E-16,0.));
#697=DIRECTION('',(-0.500000000000008,-1.43365576527007E-16,-0.866025403784434));
#698=DIRECTION('',(-0.500000000000008,-1.43365576527007E-16,0.866025403784434));
#699=DIRECTION('',(-1.,-2.86731153054014E-16,0.));
#700=DIRECTION('',(0.,0.500000000000012,0.866025403784432));
#701=DIRECTION('',(0.,-0.866025403784432,0.500000000000012));
#702=DIRECTION('',(1.,0.,0.));
#703=DIRECTION('',(1.,0.,0.));
#704=DIRECTION('',(0.,0.,-1.));
#705=CARTESIAN_POINT('',(0.,0.,0.));
#706=CARTESIAN_POINT('',(-0.0502,-1.43939038833117E-17,-0.014));
#707=CARTESIAN_POINT('',(-0.0502,-1.43939038833117E-17,-0.014));
#708=CARTESIAN_POINT('',(-0.0502,-0.00150000000000001,-0.014));
#709=CARTESIAN_POINT('',(-0.0649375000008194,-1.86196042516802E-17,-0.0155));
#710=CARTESIAN_POINT('',(-0.0652,-1.8694871179122E-17,-0.0155));
#711=CARTESIAN_POINT('',(-0.0646750000016387,-1.85443373242385E-17,-0.0155));
#712=CARTESIAN_POINT('',(-0.0652,-1.8694871179122E-17,-0.014));
#713=CARTESIAN_POINT('',(-0.0652,-1.8694871179122E-17,-0.0155));
#714=CARTESIAN_POINT('',(-0.06515,0.000866025403784419,-0.0155));
#715=CARTESIAN_POINT('',(-0.0651,0.00129903810567664,-0.01475));
#716=CARTESIAN_POINT('',(-0.0650499999999999,0.00173205080756885,-0.0139999999999999));
#717=CARTESIAN_POINT('',(-0.065,0.00129903810567664,-0.01325));
#718=CARTESIAN_POINT('',(-0.06495,0.00086602540378442,-0.0125));
#719=CARTESIAN_POINT('',(-0.0649,-1.84251548133336E-17,-0.0125));
#720=CARTESIAN_POINT('',(-0.06485,-0.000866025403784456,-0.0125));
#721=CARTESIAN_POINT('',(-0.0648,-0.00129903810567668,-0.01325));
#722=CARTESIAN_POINT('',(-0.06475,-0.00173205080756888,-0.0139999999999999));
#723=CARTESIAN_POINT('',(-0.0647,-0.00129903810567668,-0.01475));
#724=CARTESIAN_POINT('',(-0.06465,-0.000866025403784458,-0.0155));
#725=CARTESIAN_POINT('',(-0.0646,-1.85228324872895E-17,-0.0155));
#726=CARTESIAN_POINT('',(-0.06455,0.00086602540378442,-0.0155));
#727=CARTESIAN_POINT('',(-0.0645,0.00129903810567664,-0.01475));
#728=CARTESIAN_POINT('',(-0.06445,0.00173205080756885,-0.0139999999999999));
#729=CARTESIAN_POINT('',(-0.0644,0.00129903810567664,-0.01325));
#730=CARTESIAN_POINT('',(-0.0643499999999999,0.00086602540378442,-0.0125));
#731=CARTESIAN_POINT('',(-0.0643,-1.82531161215012E-17,-0.0125));
#732=CARTESIAN_POINT('',(-0.06425,-0.000866025403784456,-0.0125));
#733=CARTESIAN_POINT('',(-0.0642,-0.00129903810567668,-0.01325));
#734=CARTESIAN_POINT('',(-0.0641500000000001,-0.00173205080756888,-0.0139999999999999));
#735=CARTESIAN_POINT('',(-0.0641,-0.00129903810567668,-0.01475));
#736=CARTESIAN_POINT('',(-0.06405,-0.000866025403784457,-0.0155));
#737=CARTESIAN_POINT('',(-0.064,-1.83507937954571E-17,-0.0155));
#738=CARTESIAN_POINT('',(-0.06395,0.00086602540378442,-0.0155));
#739=CARTESIAN_POINT('',(-0.0639,0.00129903810567664,-0.01475));
#740=CARTESIAN_POINT('',(-0.06385,0.00173205080756885,-0.0139999999999999));
#741=CARTESIAN_POINT('',(-0.0638,0.00129903810567664,-0.01325));
#742=CARTESIAN_POINT('',(-0.06375,0.000866025403784421,-0.0125));
#743=CARTESIAN_POINT('',(-0.0637,-1.80810774296688E-17,-0.0125));
#744=CARTESIAN_POINT('',(-0.06365,-0.000866025403784456,-0.0125));
#745=CARTESIAN_POINT('',(-0.0636,-0.00129903810567668,-0.01325));
#746=CARTESIAN_POINT('',(-0.06355,-0.00173205080756888,-0.0139999999999999));
#747=CARTESIAN_POINT('',(-0.0635,-0.00129903810567668,-0.01475));
#748=CARTESIAN_POINT('',(-0.0634499999999999,-0.000866025403784457,-0.0155));
#749=CARTESIAN_POINT('',(-0.0634,-1.81787551036247E-17,-0.0155));
#750=CARTESIAN_POINT('',(-0.06335,0.00086602540378442,-0.0155));
#751=CARTESIAN_POINT('',(-0.0633,0.00129903810567664,-0.01475));
#752=CARTESIAN_POINT('',(-0.06325,0.00173205080756885,-0.0139999999999999));
#753=CARTESIAN_POINT('',(-0.0632,0.00129903810567664,-0.01325));
#754=CARTESIAN_POINT('',(-0.06315,0.000866025403784421,-0.0125));
#755=CARTESIAN_POINT('',(-0.0631,-1.79090387378364E-17,-0.0125));
#756=CARTESIAN_POINT('',(-0.06305,-0.000866025403784456,-0.0125));
#757=CARTESIAN_POINT('',(-0.063,-0.00129903810567668,-0.01325));
#758=CARTESIAN_POINT('',(-0.06295,-0.00173205080756888,-0.0139999999999999));
#759=CARTESIAN_POINT('',(-0.0629,-0.00129903810567668,-0.01475));
#760=CARTESIAN_POINT('',(-0.06285,-0.000866025403784457,-0.0155));
#761=CARTESIAN_POINT('',(-0.0628,-1.80067164117923E-17,-0.0155));
#762=CARTESIAN_POINT('',(-0.06275,0.00086602540378442,-0.0155));
#763=CARTESIAN_POINT('',(-0.0627,0.00129903810567664,-0.01475));
#764=CARTESIAN_POINT('',(-0.06265,0.00173205080756885,-0.0139999999999999));
#765=CARTESIAN_POINT('',(-0.0626,0.00129903810567664,-0.01325));
#766=CARTESIAN_POINT('',(-0.0625499999999999,0.000866025403784421,-0.0125));
#767=CARTESIAN_POINT('',(-0.0625,-1.7737000046004E-17,-0.0125));
#768=CARTESIAN_POINT('',(-0.06245,-0.000866025403784456,-0.0125));
#769=CARTESIAN_POINT('',(-0.0624,-0.00129903810567668,-0.01325));
#770=CARTESIAN_POINT('',(-0.06235,-0.00173205080756888,-0.0139999999999999));
#771=CARTESIAN_POINT('',(-0.0623,-0.00129903810567668,-0.01475));
#772=CARTESIAN_POINT('',(-0.06225,-0.000866025403784457,-0.0155));
#773=CARTESIAN_POINT('',(-0.0622,-1.78346777199599E-17,-0.0155));
#774=CARTESIAN_POINT('',(-0.06215,0.00086602540378442,-0.0155));
#775=CARTESIAN_POINT('',(-0.0621,0.00129903810567664,-0.01475));
#776=CARTESIAN_POINT('',(-0.06205,0.00173205080756885,-0.0139999999999999));
#777=CARTESIAN_POINT('',(-0.062,0.00129903810567664,-0.01325));
#778=CARTESIAN_POINT('',(-0.06195,0.000866025403784421,-0.0125));
#779=CARTESIAN_POINT('',(-0.0619,-1.75649613541716E-17,-0.0125));
#780=CARTESIAN_POINT('',(-0.0618499999999999,-0.000866025403784456,-0.0125));
#781=CARTESIAN_POINT('',(-0.0618,-0.00129903810567668,-0.01325));
#782=CARTESIAN_POINT('',(-0.06175,-0.00173205080756888,-0.0139999999999999));
#783=CARTESIAN_POINT('',(-0.0617,-0.00129903810567668,-0.01475));
#784=CARTESIAN_POINT('',(-0.06165,-0.000866025403784457,-0.0155));
#785=CARTESIAN_POINT('',(-0.0616,-1.76626390281275E-17,-0.0155));
#786=CARTESIAN_POINT('',(-0.06155,0.00086602540378442,-0.0155));
#787=CARTESIAN_POINT('',(-0.0615,0.00129903810567664,-0.01475));
#788=CARTESIAN_POINT('',(-0.06145,0.00173205080756885,-0.0139999999999999));
#789=CARTESIAN_POINT('',(-0.0614,0.00129903810567664,-0.01325));
#790=CARTESIAN_POINT('',(-0.06135,0.000866025403784421,-0.0125));
#791=CARTESIAN_POINT('',(-0.0613,-1.73929226623392E-17,-0.0125));
#792=CARTESIAN_POINT('',(-0.06125,-0.000866025403784456,-0.0125));
#793=CARTESIAN_POINT('',(-0.0612,-0.00129903810567667,-0.01325));
#794=CARTESIAN_POINT('',(-0.06115,-0.00173205080756888,-0.0139999999999999));
#795=CARTESIAN_POINT('',(-0.0611,-0.00129903810567668,-0.01475));
#796=CARTESIAN_POINT('',(-0.06105,-0.000866025403784457,-0.0155));
#797=CARTESIAN_POINT('',(-0.061,-1.74906003362951E-17,-0.0155));
#798=CARTESIAN_POINT('',(-0.0609499999999999,0.000866025403784421,-0.0155));
#799=CARTESIAN_POINT('',(-0.0609,0.00129903810567664,-0.01475));
#800=CARTESIAN_POINT('',(-0.06085,0.00173205080756885,-0.0139999999999999));
#801=CARTESIAN_POINT('',(-0.0608,0.00129903810567664,-0.01325));
#802=CARTESIAN_POINT('',(-0.06075,0.000866025403784421,-0.0125));
#803=CARTESIAN_POINT('',(-0.0607,-1.72208839705068E-17,-0.0125));
#804=CARTESIAN_POINT('',(-0.06065,-0.000866025403784455,-0.0125));
#805=CARTESIAN_POINT('',(-0.0606,-0.00129903810567667,-0.01325));
#806=CARTESIAN_POINT('',(-0.06055,-0.00173205080756888,-0.0139999999999999));
#807=CARTESIAN_POINT('',(-0.0605,-0.00129903810567668,-0.01475));
#808=CARTESIAN_POINT('',(-0.06045,-0.000866025403784457,-0.0155));
#809=CARTESIAN_POINT('',(-0.0604,-1.73185616444627E-17,-0.0155));
#810=CARTESIAN_POINT('',(-0.06035,0.000866025403784421,-0.0155));
#811=CARTESIAN_POINT('',(-0.0603,0.00129903810567664,-0.01475));
#812=CARTESIAN_POINT('',(-0.0602499999999999,0.00173205080756885,-0.0139999999999999));
#813=CARTESIAN_POINT('',(-0.0602,0.00129903810567664,-0.01325));
#814=CARTESIAN_POINT('',(-0.06015,0.000866025403784421,-0.0125));
#815=CARTESIAN_POINT('',(-0.0601,-1.70488452786744E-17,-0.0125));
#816=CARTESIAN_POINT('',(-0.0600499999999999,-0.000866025403784455,-0.0125));
#817=CARTESIAN_POINT('',(-0.06,-0.00129903810567667,-0.01325));
#818=CARTESIAN_POINT('',(-0.05995,-0.00173205080756888,-0.0139999999999999));
#819=CARTESIAN_POINT('',(-0.0599,-0.00129903810567668,-0.01475));
#820=CARTESIAN_POINT('',(-0.05985,-0.000866025403784456,-0.0155));
#821=CARTESIAN_POINT('',(-0.0598,-1.71465229526303E-17,-0.0155));
#822=CARTESIAN_POINT('',(-0.05975,0.000866025403784421,-0.0155));
#823=CARTESIAN_POINT('',(-0.0597,0.00129903810567664,-0.01475));
#824=CARTESIAN_POINT('',(-0.05965,0.00173205080756885,-0.0139999999999999));
#825=CARTESIAN_POINT('',(-0.0596,0.00129903810567664,-0.01325));
#826=CARTESIAN_POINT('',(-0.05955,0.000866025403784421,-0.0125));
#827=CARTESIAN_POINT('',(-0.0595,-1.68768065868419E-17,-0.0125));
#828=CARTESIAN_POINT('',(-0.05945,-0.000866025403784455,-0.0125));
#829=CARTESIAN_POINT('',(-0.0594,-0.00129903810567667,-0.01325));
#830=CARTESIAN_POINT('',(-0.0593499999999999,-0.00173205080756888,-0.0139999999999999));
#831=CARTESIAN_POINT('',(-0.0593,-0.00129903810567668,-0.01475));
#832=CARTESIAN_POINT('',(-0.05925,-0.000866025403784456,-0.0155));
#833=CARTESIAN_POINT('',(-0.0592,-1.69744842607978E-17,-0.0155));
#834=CARTESIAN_POINT('',(-0.05915,0.000866025403784421,-0.0155));
#835=CARTESIAN_POINT('',(-0.0591,0.00129903810567664,-0.01475));
#836=CARTESIAN_POINT('',(-0.05905,0.00173205080756888,-0.0139999999999999));
#837=CARTESIAN_POINT('',(-0.059,0.00129903810567664,-0.01325));
#838=CARTESIAN_POINT('',(-0.05895,0.000866025403784422,-0.0125));
#839=CARTESIAN_POINT('',(-0.0589,-1.67047678950095E-17,-0.0125));
#840=CARTESIAN_POINT('',(-0.05885,-0.000866025403784455,-0.0125));
#841=CARTESIAN_POINT('',(-0.0588,-0.00129903810567667,-0.01325));
#842=CARTESIAN_POINT('',(-0.05875,-0.00173205080756888,-0.0139999999999999));
#843=CARTESIAN_POINT('',(-0.0587,-0.00129903810567667,-0.01475));
#844=CARTESIAN_POINT('',(-0.0586499999999999,-0.000866025403784456,-0.0155));
#845=CARTESIAN_POINT('',(-0.0586,-1.68024455689654E-17,-0.0155));
#846=CARTESIAN_POINT('',(-0.05855,0.000866025403784421,-0.0155));
#847=CARTESIAN_POINT('',(-0.0585,0.00129903810567664,-0.01475));
#848=CARTESIAN_POINT('',(-0.0584499999999999,0.00173205080756888,-0.0139999999999999));
#849=CARTESIAN_POINT('',(-0.0584,0.00129903810567664,-0.01325));
#850=CARTESIAN_POINT('',(-0.05835,0.000866025403784422,-0.0125));
#851=CARTESIAN_POINT('',(-0.0583,-1.65327292031771E-17,-0.0125));
#852=CARTESIAN_POINT('',(-0.05825,-0.000866025403784455,-0.0125));
#853=CARTESIAN_POINT('',(-0.0582,-0.00129903810567667,-0.01325));
#854=CARTESIAN_POINT('',(-0.05815,-0.00173205080756888,-0.0139999999999999));
#855=CARTESIAN_POINT('',(-0.0581,-0.00129903810567667,-0.01475));
#856=CARTESIAN_POINT('',(-0.05805,-0.000866025403784456,-0.0155));
#857=CARTESIAN_POINT('',(-0.058,-1.6630406877133E-17,-0.0155));
#858=CARTESIAN_POINT('',(-0.05795,0.000866025403784421,-0.0155));
#859=CARTESIAN_POINT('',(-0.0579,0.00129903810567664,-0.01475));
#860=CARTESIAN_POINT('',(-0.05785,0.00173205080756888,-0.0139999999999999));
#861=CARTESIAN_POINT('',(-0.0578,0.00129903810567664,-0.01325));
#862=CARTESIAN_POINT('',(-0.0577499999999999,0.000866025403784422,-0.0125));
#863=CARTESIAN_POINT('',(-0.0577,-1.63606905113447E-17,-0.0125));
#864=CARTESIAN_POINT('',(-0.05765,-0.000866025403784455,-0.0125));
#865=CARTESIAN_POINT('',(-0.0576,-0.00129903810567667,-0.01325));
#866=CARTESIAN_POINT('',(-0.05755,-0.00173205080756888,-0.0139999999999999));
#867=CARTESIAN_POINT('',(-0.0575,-0.00129903810567667,-0.01475));
#868=CARTESIAN_POINT('',(-0.05745,-0.000866025403784456,-0.0155));
#869=CARTESIAN_POINT('',(-0.0574,-1.64583681853006E-17,-0.0155));
#870=CARTESIAN_POINT('',(-0.05735,0.000866025403784421,-0.0155));
#871=CARTESIAN_POINT('',(-0.0573,0.00129903810567664,-0.01475));
#872=CARTESIAN_POINT('',(-0.05725,0.00173205080756888,-0.0139999999999999));
#873=CARTESIAN_POINT('',(-0.0572,0.00129903810567664,-0.01325));
#874=CARTESIAN_POINT('',(-0.05715,0.000866025403784422,-0.0125));
#875=CARTESIAN_POINT('',(-0.0571,-1.61886518195123E-17,-0.0125));
#876=CARTESIAN_POINT('',(-0.05705,-0.000866025403784453,-0.0125));
#877=CARTESIAN_POINT('',(-0.057,-0.00129903810567667,-0.01325));
#878=CARTESIAN_POINT('',(-0.05695,-0.00173205080756888,-0.0139999999999999));
#879=CARTESIAN_POINT('',(-0.0569,-0.00129903810567667,-0.01475));
#880=CARTESIAN_POINT('',(-0.0568499999999999,-0.000866025403784456,-0.0155));
#881=CARTESIAN_POINT('',(-0.0568,-1.62863294934682E-17,-0.0155));
#882=CARTESIAN_POINT('',(-0.05675,0.000866025403784421,-0.0155));
#883=CARTESIAN_POINT('',(-0.0567,0.00129903810567664,-0.01475));
#884=CARTESIAN_POINT('',(-0.05665,0.00173205080756888,-0.0139999999999999));
#885=CARTESIAN_POINT('',(-0.0566,0.00129903810567664,-0.01325));
#886=CARTESIAN_POINT('',(-0.05655,0.000866025403784422,-0.0125));
#887=CARTESIAN_POINT('',(-0.0565,-1.60166131276799E-17,-0.0125));
#888=CARTESIAN_POINT('',(-0.05645,-0.000866025403784453,-0.0125));
#889=CARTESIAN_POINT('',(-0.0564,-0.00129903810567667,-0.01325));
#890=CARTESIAN_POINT('',(-0.05635,-0.00173205080756888,-0.0139999999999999));
#891=CARTESIAN_POINT('',(-0.0563,-0.00129903810567667,-0.01475));
#892=CARTESIAN_POINT('',(-0.05625,-0.000866025403784455,-0.0155));
#893=CARTESIAN_POINT('',(-0.0562,-1.61142908016358E-17,-0.0155));
#894=CARTESIAN_POINT('',(-0.0561499999999999,0.000866025403784422,-0.0155));
#895=CARTESIAN_POINT('',(-0.0561,0.00129903810567664,-0.01475));
#896=CARTESIAN_POINT('',(-0.05605,0.00173205080756888,-0.0139999999999999));
#897=CARTESIAN_POINT('',(-0.056,0.00129903810567664,-0.01325));
#898=CARTESIAN_POINT('',(-0.05595,0.000866025403784422,-0.0125));
#899=CARTESIAN_POINT('',(-0.0559,-1.58445744358475E-17,-0.0125));
#900=CARTESIAN_POINT('',(-0.05585,-0.000866025403784453,-0.0125));
#901=CARTESIAN_POINT('',(-0.0558,-0.00129903810567667,-0.01325));
#902=CARTESIAN_POINT('',(-0.05575,-0.00173205080756888,-0.0139999999999999));
#903=CARTESIAN_POINT('',(-0.0557,-0.00129903810567667,-0.01475));
#904=CARTESIAN_POINT('',(-0.05565,-0.000866025403784455,-0.0155));
#905=CARTESIAN_POINT('',(-0.0556,-1.59422521098034E-17,-0.0155));
#906=CARTESIAN_POINT('',(-0.05555,0.000866025403784422,-0.0155));
#907=CARTESIAN_POINT('',(-0.0555,0.00129903810567664,-0.01475));
#908=CARTESIAN_POINT('',(-0.05545,0.00173205080756888,-0.0139999999999999));
#909=CARTESIAN_POINT('',(-0.0554,0.00129903810567664,-0.01325));
#910=CARTESIAN_POINT('',(-0.05535,0.000866025403784423,-0.0125));
#911=CARTESIAN_POINT('',(-0.0553,-1.56725357440151E-17,-0.0125));
#912=CARTESIAN_POINT('',(-0.0552499999999999,-0.000866025403784453,-0.0125));
#913=CARTESIAN_POINT('',(-0.0552,-0.00129903810567667,-0.01325));
#914=CARTESIAN_POINT('',(-0.0552,-0.00129903810567667,-0.01325));
#915=CARTESIAN_POINT('',(-0.0551531250002048,-0.00129903810567667,-0.01325));
#916=CARTESIAN_POINT('',(-0.0546750000016387,-0.00129903810567667,-0.01325));
#917=CARTESIAN_POINT('',(-0.0646750000016387,-1.85443373242385E-17,-0.0155));
#918=CARTESIAN_POINT('',(-0.0646250000016387,0.00086602540378442,-0.0155));
#919=CARTESIAN_POINT('',(-0.0645750000016387,0.00129903810567664,-0.01475));
#920=CARTESIAN_POINT('',(-0.0645250000016387,0.00173205080756885,-0.0139999999999999));
#921=CARTESIAN_POINT('',(-0.0644750000016387,0.00129903810567664,-0.01325));
#922=CARTESIAN_POINT('',(-0.0644250000016387,0.00086602540378442,-0.0125));
#923=CARTESIAN_POINT('',(-0.0643750000016387,-1.82746209584501E-17,-0.0125));
#924=CARTESIAN_POINT('',(-0.0643250000016387,-0.000866025403784456,-0.0125));
#925=CARTESIAN_POINT('',(-0.0642750000016387,-0.00129903810567668,-0.01325));
#926=CARTESIAN_POINT('',(-0.0642250000016387,-0.00173205080756888,-0.0139999999999999));
#927=CARTESIAN_POINT('',(-0.0641750000016387,-0.00129903810567668,-0.01475));
#928=CARTESIAN_POINT('',(-0.0641250000016387,-0.000866025403784457,-0.0155));
#929=CARTESIAN_POINT('',(-0.0640750000016387,-1.83722986324061E-17,-0.0155));
#930=CARTESIAN_POINT('',(-0.0640250000016388,0.00086602540378442,-0.0155));
#931=CARTESIAN_POINT('',(-0.0639750000016387,0.00129903810567664,-0.01475));
#932=CARTESIAN_POINT('',(-0.0639250000016387,0.00173205080756885,-0.0139999999999999));
#933=CARTESIAN_POINT('',(-0.0638750000016387,0.00129903810567664,-0.01325));
#934=CARTESIAN_POINT('',(-0.0638250000016387,0.00086602540378442,-0.0125));
#935=CARTESIAN_POINT('',(-0.0637750000016387,-1.81025822666177E-17,-0.0125));
#936=CARTESIAN_POINT('',(-0.0637250000016387,-0.000866025403784456,-0.0125));
#937=CARTESIAN_POINT('',(-0.0636750000016387,-0.00129903810567668,-0.01325));
#938=CARTESIAN_POINT('',(-0.0636250000016387,-0.00173205080756888,-0.0139999999999999));
#939=CARTESIAN_POINT('',(-0.0635750000016387,-0.00129903810567668,-0.01475));
#940=CARTESIAN_POINT('',(-0.0635250000016387,-0.000866025403784457,-0.0155));
#941=CARTESIAN_POINT('',(-0.0634750000016387,-1.82002599405736E-17,-0.0155));
#942=CARTESIAN_POINT('',(-0.0634250000016387,0.00086602540378442,-0.0155));
#943=CARTESIAN_POINT('',(-0.0633750000016387,0.00129903810567664,-0.01475));
#944=CARTESIAN_POINT('',(-0.0633250000016386,0.00173205080756885,-0.0139999999999999));
#945=CARTESIAN_POINT('',(-0.0632750000016387,0.00129903810567664,-0.01325));
#946=CARTESIAN_POINT('',(-0.0632250000016387,0.000866025403784421,-0.0125));
#947=CARTESIAN_POINT('',(-0.0631750000016387,-1.79305435747853E-17,-0.0125));
#948=CARTESIAN_POINT('',(-0.0631250000016387,-0.000866025403784456,-0.0125));
#949=CARTESIAN_POINT('',(-0.0630750000016387,-0.00129903810567668,-0.01325));
#950=CARTESIAN_POINT('',(-0.0630250000016387,-0.00173205080756888,-0.0139999999999999));
#951=CARTESIAN_POINT('',(-0.0629750000016387,-0.00129903810567668,-0.01475));
#952=CARTESIAN_POINT('',(-0.0629250000016387,-0.000866025403784457,-0.0155));
#953=CARTESIAN_POINT('',(-0.0628750000016387,-1.80282212487412E-17,-0.0155));
#954=CARTESIAN_POINT('',(-0.0628250000016387,0.00086602540378442,-0.0155));
#955=CARTESIAN_POINT('',(-0.0627750000016387,0.00129903810567664,-0.01475));
#956=CARTESIAN_POINT('',(-0.0627250000016387,0.00173205080756885,-0.0139999999999999));
#957=CARTESIAN_POINT('',(-0.0626750000016387,0.00129903810567664,-0.01325));
#958=CARTESIAN_POINT('',(-0.0626250000016386,0.000866025403784421,-0.0125));
#959=CARTESIAN_POINT('',(-0.0625750000016387,-1.77585048829529E-17,-0.0125));
#960=CARTESIAN_POINT('',(-0.0625250000016387,-0.000866025403784456,-0.0125));
#961=CARTESIAN_POINT('',(-0.0624750000016387,-0.00129903810567668,-0.01325));
#962=CARTESIAN_POINT('',(-0.0624250000016388,-0.00173205080756888,-0.0139999999999999));
#963=CARTESIAN_POINT('',(-0.0623750000016387,-0.00129903810567668,-0.01475));
#964=CARTESIAN_POINT('',(-0.0623250000016387,-0.000866025403784457,-0.0155));
#965=CARTESIAN_POINT('',(-0.0622750000016387,-1.78561825569088E-17,-0.0155));
#966=CARTESIAN_POINT('',(-0.0622250000016387,0.00086602540378442,-0.0155));
#967=CARTESIAN_POINT('',(-0.0621750000016387,0.00129903810567664,-0.01475));
#968=CARTESIAN_POINT('',(-0.0621250000016387,0.00173205080756885,-0.0139999999999999));
#969=CARTESIAN_POINT('',(-0.0620750000016387,0.00129903810567664,-0.01325));
#970=CARTESIAN_POINT('',(-0.0620250000016387,0.000866025403784421,-0.0125));
#971=CARTESIAN_POINT('',(-0.0619750000016387,-1.75864661911205E-17,-0.0125));
#972=CARTESIAN_POINT('',(-0.0619250000016387,-0.000866025403784456,-0.0125));
#973=CARTESIAN_POINT('',(-0.0618750000016387,-0.00129903810567668,-0.01325));
#974=CARTESIAN_POINT('',(-0.0618250000016387,-0.00173205080756888,-0.0139999999999999));
#975=CARTESIAN_POINT('',(-0.0617750000016387,-0.00129903810567668,-0.01475));
#976=CARTESIAN_POINT('',(-0.0617250000016386,-0.000866025403784457,-0.0155));
#977=CARTESIAN_POINT('',(-0.0616750000016387,-1.76841438650764E-17,-0.0155));
#978=CARTESIAN_POINT('',(-0.0616250000016387,0.00086602540378442,-0.0155));
#979=CARTESIAN_POINT('',(-0.0615750000016387,0.00129903810567664,-0.01475));
#980=CARTESIAN_POINT('',(-0.0615250000016387,0.00173205080756885,-0.0139999999999999));
#981=CARTESIAN_POINT('',(-0.0614750000016387,0.00129903810567664,-0.01325));
#982=CARTESIAN_POINT('',(-0.0614250000016387,0.000866025403784421,-0.0125));
#983=CARTESIAN_POINT('',(-0.0613750000016387,-1.74144274992881E-17,-0.0125));
#984=CARTESIAN_POINT('',(-0.0613250000016387,-0.000866025403784456,-0.0125));
#985=CARTESIAN_POINT('',(-0.0612750000016387,-0.00129903810567668,-0.01325));
#986=CARTESIAN_POINT('',(-0.0612250000016387,-0.00173205080756888,-0.0139999999999999));
#987=CARTESIAN_POINT('',(-0.0611750000016387,-0.00129903810567668,-0.01475));
#988=CARTESIAN_POINT('',(-0.0611250000016387,-0.000866025403784457,-0.0155));
#989=CARTESIAN_POINT('',(-0.0610750000016387,-1.7512105173244E-17,-0.0155));
#990=CARTESIAN_POINT('',(-0.0610250000016387,0.000866025403784421,-0.0155));
#991=CARTESIAN_POINT('',(-0.0609750000016387,0.00129903810567664,-0.01475));
#992=CARTESIAN_POINT('',(-0.0609250000016387,0.00173205080756885,-0.0139999999999999));
#993=CARTESIAN_POINT('',(-0.0608750000016387,0.00129903810567664,-0.01325));
#994=CARTESIAN_POINT('',(-0.0608250000016386,0.000866025403784421,-0.0125));
#995=CARTESIAN_POINT('',(-0.0607750000016387,-1.72423888074557E-17,-0.0125));
#996=CARTESIAN_POINT('',(-0.0607250000016387,-0.000866025403784455,-0.0125));
#997=CARTESIAN_POINT('',(-0.0606750000016387,-0.00129903810567667,-0.01325));
#998=CARTESIAN_POINT('',(-0.0606250000016387,-0.00173205080756888,-0.0139999999999999));
#999=CARTESIAN_POINT('',(-0.0605750000016387,-0.00129903810567668,-0.01475));
#1000=CARTESIAN_POINT('',(-0.0605250000016387,-0.000866025403784457,-0.0155));
#1001=CARTESIAN_POINT('',(-0.0604750000016387,-1.73400664814116E-17,-0.0155));
#1002=CARTESIAN_POINT('',(-0.0604250000016387,0.000866025403784421,-0.0155));
#1003=CARTESIAN_POINT('',(-0.0603750000016387,0.00129903810567664,-0.01475));
#1004=CARTESIAN_POINT('',(-0.0603250000016387,0.00173205080756885,-0.0139999999999999));
#1005=CARTESIAN_POINT('',(-0.0602750000016387,0.00129903810567664,-0.01325));
#1006=CARTESIAN_POINT('',(-0.0602250000016387,0.000866025403784421,-0.0125));
#1007=CARTESIAN_POINT('',(-0.0601750000016387,-1.70703501156233E-17,-0.0125));
#1008=CARTESIAN_POINT('',(-0.0601250000016387,-0.000866025403784455,-0.0125));
#1009=CARTESIAN_POINT('',(-0.0600750000016387,-0.00129903810567667,-0.01325));
#1010=CARTESIAN_POINT('',(-0.0600250000016387,-0.00173205080756888,-0.0139999999999999));
#1011=CARTESIAN_POINT('',(-0.0599750000016387,-0.00129903810567668,-0.01475));
#1012=CARTESIAN_POINT('',(-0.0599250000016387,-0.000866025403784456,-0.0155));
#1013=CARTESIAN_POINT('',(-0.0598750000016387,-1.71680277895792E-17,-0.0155));
#1014=CARTESIAN_POINT('',(-0.0598250000016387,0.000866025403784421,-0.0155));
#1015=CARTESIAN_POINT('',(-0.0597750000016387,0.00129903810567664,-0.01475));
#1016=CARTESIAN_POINT('',(-0.0597250000016387,0.00173205080756885,-0.0139999999999999));
#1017=CARTESIAN_POINT('',(-0.0596750000016387,0.00129903810567664,-0.01325));
#1018=CARTESIAN_POINT('',(-0.0596250000016387,0.000866025403784421,-0.0125));
#1019=CARTESIAN_POINT('',(-0.0595750000016387,-1.68983114237909E-17,-0.0125));
#1020=CARTESIAN_POINT('',(-0.0595250000016387,-0.000866025403784455,-0.0125));
#1021=CARTESIAN_POINT('',(-0.0594750000016387,-0.00129903810567667,-0.01325));
#1022=CARTESIAN_POINT('',(-0.0594250000016387,-0.00173205080756888,-0.0139999999999999));
#1023=CARTESIAN_POINT('',(-0.0593750000016387,-0.00129903810567668,-0.01475));
#1024=CARTESIAN_POINT('',(-0.0593250000016387,-0.000866025403784456,-0.0155));
#1025=CARTESIAN_POINT('',(-0.0592750000016387,-1.69959890977468E-17,-0.0155));
#1026=CARTESIAN_POINT('',(-0.0592250000016388,0.000866025403784421,-0.0155));
#1027=CARTESIAN_POINT('',(-0.0591750000016387,0.00129903810567664,-0.01475));
#1028=CARTESIAN_POINT('',(-0.0591250000016387,0.00173205080756885,-0.0139999999999999));
#1029=CARTESIAN_POINT('',(-0.0590750000016387,0.00129903810567664,-0.01325));
#1030=CARTESIAN_POINT('',(-0.0590250000016387,0.000866025403784421,-0.0125));
#1031=CARTESIAN_POINT('',(-0.0589750000016387,-1.67262727319585E-17,-0.0125));
#1032=CARTESIAN_POINT('',(-0.0589250000016387,-0.000866025403784455,-0.0125));
#1033=CARTESIAN_POINT('',(-0.0588750000016387,-0.00129903810567667,-0.01325));
#1034=CARTESIAN_POINT('',(-0.0588250000016387,-0.00173205080756888,-0.0139999999999999));
#1035=CARTESIAN_POINT('',(-0.0587750000016387,-0.00129903810567668,-0.01475));
#1036=CARTESIAN_POINT('',(-0.0587250000016387,-0.000866025403784456,-0.0155));
#1037=CARTESIAN_POINT('',(-0.0586750000016387,-1.68239504059144E-17,-0.0155));
#1038=CARTESIAN_POINT('',(-0.0586250000016387,0.000866025403784421,-0.0155));
#1039=CARTESIAN_POINT('',(-0.0585750000016387,0.00129903810567664,-0.01475));
#1040=CARTESIAN_POINT('',(-0.0585250000016386,0.00173205080756888,-0.0139999999999999));
#1041=CARTESIAN_POINT('',(-0.0584750000016387,0.00129903810567664,-0.01325));
#1042=CARTESIAN_POINT('',(-0.0584250000016387,0.000866025403784422,-0.0125));
#1043=CARTESIAN_POINT('',(-0.0583750000016387,-1.6554234040126E-17,-0.0125));
#1044=CARTESIAN_POINT('',(-0.0583250000016388,-0.000866025403784455,-0.0125));
#1045=CARTESIAN_POINT('',(-0.0582750000016387,-0.00129903810567667,-0.01325));
#1046=CARTESIAN_POINT('',(-0.0582250000016387,-0.00173205080756888,-0.0139999999999999));
#1047=CARTESIAN_POINT('',(-0.0581750000016387,-0.00129903810567667,-0.01475));
#1048=CARTESIAN_POINT('',(-0.0581250000016387,-0.000866025403784456,-0.0155));
#1049=CARTESIAN_POINT('',(-0.0580750000016387,-1.66519117140819E-17,-0.0155));
#1050=CARTESIAN_POINT('',(-0.0580250000016387,0.000866025403784421,-0.0155));
#1051=CARTESIAN_POINT('',(-0.0579750000016387,0.00129903810567664,-0.01475));
#1052=CARTESIAN_POINT('',(-0.0579250000016387,0.00173205080756888,-0.0139999999999999));
#1053=CARTESIAN_POINT('',(-0.0578750000016387,0.00129903810567664,-0.01325));
#1054=CARTESIAN_POINT('',(-0.0578250000016387,0.000866025403784422,-0.0125));
#1055=CARTESIAN_POINT('',(-0.0577750000016387,-1.63821953482936E-17,-0.0125));
#1056=CARTESIAN_POINT('',(-0.0577250000016387,-0.000866025403784455,-0.0125));
#1057=CARTESIAN_POINT('',(-0.0576750000016387,-0.00129903810567667,-0.01325));
#1058=CARTESIAN_POINT('',(-0.0576250000016387,-0.00173205080756888,-0.0139999999999999));
#1059=CARTESIAN_POINT('',(-0.0575750000016387,-0.00129903810567667,-0.01475));
#1060=CARTESIAN_POINT('',(-0.0575250000016387,-0.000866025403784456,-0.0155));
#1061=CARTESIAN_POINT('',(-0.0574750000016387,-1.64798730222495E-17,-0.0155));
#1062=CARTESIAN_POINT('',(-0.0574250000016387,0.000866025403784421,-0.0155));
#1063=CARTESIAN_POINT('',(-0.0573750000016387,0.00129903810567664,-0.01475));
#1064=CARTESIAN_POINT('',(-0.0573250000016387,0.00173205080756888,-0.0139999999999999));
#1065=CARTESIAN_POINT('',(-0.0572750000016387,0.00129903810567664,-0.01325));
#1066=CARTESIAN_POINT('',(-0.0572250000016387,0.000866025403784422,-0.0125));
#1067=CARTESIAN_POINT('',(-0.0571750000016387,-1.62101566564612E-17,-0.0125));
#1068=CARTESIAN_POINT('',(-0.0571250000016387,-0.000866025403784455,-0.0125));
#1069=CARTESIAN_POINT('',(-0.0570750000016387,-0.00129903810567667,-0.01325));
#1070=CARTESIAN_POINT('',(-0.0570250000016387,-0.00173205080756888,-0.0139999999999999));
#1071=CARTESIAN_POINT('',(-0.0569750000016387,-0.00129903810567667,-0.01475));
#1072=CARTESIAN_POINT('',(-0.0569250000016387,-0.000866025403784456,-0.0155));
#1073=CARTESIAN_POINT('',(-0.0568750000016387,-1.63078343304171E-17,-0.0155));
#1074=CARTESIAN_POINT('',(-0.0568250000016387,0.000866025403784421,-0.0155));
#1075=CARTESIAN_POINT('',(-0.0567750000016387,0.00129903810567664,-0.01475));
#1076=CARTESIAN_POINT('',(-0.0567250000016387,0.00173205080756888,-0.0139999999999999));
#1077=CARTESIAN_POINT('',(-0.0566750000016387,0.00129903810567664,-0.01325));
#1078=CARTESIAN_POINT('',(-0.0566250000016387,0.000866025403784422,-0.0125));
#1079=CARTESIAN_POINT('',(-0.0565750000016387,-1.60381179646288E-17,-0.0125));
#1080=CARTESIAN_POINT('',(-0.0565250000016387,-0.000866025403784453,-0.0125));
#1081=CARTESIAN_POINT('',(-0.0564750000016387,-0.00129903810567667,-0.01325));
#1082=CARTESIAN_POINT('',(-0.0564250000016387,-0.00173205080756888,-0.0139999999999999));
#1083=CARTESIAN_POINT('',(-0.0563750000016387,-0.00129903810567667,-0.01475));
#1084=CARTESIAN_POINT('',(-0.0563250000016387,-0.000866025403784456,-0.0155));
#1085=CARTESIAN_POINT('',(-0.0562750000016387,-1.61357956385847E-17,-0.0155));
#1086=CARTESIAN_POINT('',(-0.0562250000016387,0.000866025403784421,-0.0155));
#1087=CARTESIAN_POINT('',(-0.0561750000016387,0.00129903810567664,-0.01475));
#1088=CARTESIAN_POINT('',(-0.0561250000016387,0.00173205080756888,-0.0139999999999999));
#1089=CARTESIAN_POINT('',(-0.0560750000016387,0.00129903810567664,-0.01325));
#1090=CARTESIAN_POINT('',(-0.0560250000016386,0.000866025403784422,-0.0125));
#1091=CARTESIAN_POINT('',(-0.0559750000016387,-1.58660792727964E-17,-0.0125));
#1092=CARTESIAN_POINT('',(-0.0559250000016387,-0.000866025403784453,-0.0125));
#1093=CARTESIAN_POINT('',(-0.0558750000016387,-0.00129903810567667,-0.01325));
#1094=CARTESIAN_POINT('',(-0.0558250000016388,-0.00173205080756888,-0.0139999999999999));
#1095=CARTESIAN_POINT('',(-0.0557750000016387,-0.00129903810567667,-0.01475));
#1096=CARTESIAN_POINT('',(-0.0557250000016387,-0.000866025403784455,-0.0155));
#1097=CARTESIAN_POINT('',(-0.0556750000016387,-1.59637569467523E-17,-0.0155));
#1098=CARTESIAN_POINT('',(-0.0556250000016387,0.000866025403784422,-0.0155));
#1099=CARTESIAN_POINT('',(-0.0555750000016387,0.00129903810567664,-0.01475));
#1100=CARTESIAN_POINT('',(-0.0555250000016387,0.00173205080756888,-0.0139999999999999));
#1101=CARTESIAN_POINT('',(-0.0554750000016387,0.00129903810567664,-0.01325));
#1102=CARTESIAN_POINT('',(-0.0554250000016387,0.000866025403784422,-0.0125));
#1103=CARTESIAN_POINT('',(-0.0553750000016387,-1.5694040580964E-17,-0.0125));
#1104=CARTESIAN_POINT('',(-0.0553250000016387,-0.000866025403784453,-0.0125));
#1105=CARTESIAN_POINT('',(-0.0552750000016387,-0.00129903810567667,-0.01325));
#1106=CARTESIAN_POINT('',(-0.0552250000016387,-0.00173205080756888,-0.0139999999999999));
#1107=CARTESIAN_POINT('',(-0.0551750000016387,-0.00129903810567667,-0.01475));
#1108=CARTESIAN_POINT('',(-0.0551250000016388,-0.000866025403784455,-0.0155));
#1109=CARTESIAN_POINT('',(-0.0550750000016387,-1.57917182549199E-17,-0.0155));
#1110=CARTESIAN_POINT('',(-0.0550250000016387,0.000866025403784422,-0.0155));
#1111=CARTESIAN_POINT('',(-0.0549750000016387,0.00129903810567664,-0.01475));
#1112=CARTESIAN_POINT('',(-0.0549250000016387,0.00173205080756888,-0.0139999999999999));
#1113=CARTESIAN_POINT('',(-0.0548750000016387,0.00129903810567664,-0.01325));
#1114=CARTESIAN_POINT('',(-0.0548250000016387,0.000866025403784423,-0.0125));
#1115=CARTESIAN_POINT('',(-0.0547750000016387,-1.55220018891316E-17,-0.0125));
#1116=CARTESIAN_POINT('',(-0.0547250000016387,-0.000866025403784453,-0.0125));
#1117=CARTESIAN_POINT('',(-0.0546750000016387,-0.00129903810567667,-0.01325));
#1118=CARTESIAN_POINT('',(-0.0502,-9.2503873268928E-18,0.014));
#1119=CARTESIAN_POINT('',(-0.0502,-9.2503873268928E-18,0.014));
#1120=CARTESIAN_POINT('',(-0.0502,-0.00150000000000001,0.014));
#1121=CARTESIAN_POINT('',(-0.0649375000008194,-1.34760876952613E-17,0.0125));
#1122=CARTESIAN_POINT('',(-0.0652,-1.35513546227031E-17,0.0125));
#1123=CARTESIAN_POINT('',(-0.0646750000016387,-1.34008207678196E-17,0.0125));
#1124=CARTESIAN_POINT('',(-0.0652,-1.35513546227031E-17,0.014));
#1125=CARTESIAN_POINT('',(-0.0652,-1.35513546227031E-17,0.0125));
#1126=CARTESIAN_POINT('',(-0.06515,0.000866025403784424,0.0125));
#1127=CARTESIAN_POINT('',(-0.0651,0.00129903810567664,0.01325));
#1128=CARTESIAN_POINT('',(-0.0650499999999999,0.00173205080756888,0.0139999999999999));
#1129=CARTESIAN_POINT('',(-0.065,0.00129903810567664,0.01475));
#1130=CARTESIAN_POINT('',(-0.06495,0.000866025403784426,0.0155));
#1131=CARTESIAN_POINT('',(-0.0649,-1.32816382569148E-17,0.0155));
#1132=CARTESIAN_POINT('',(-0.06485,-0.000866025403784451,0.0155));
#1133=CARTESIAN_POINT('',(-0.0648,-0.00129903810567667,0.01475));
#1134=CARTESIAN_POINT('',(-0.06475,-0.00173205080756888,0.0139999999999999));
#1135=CARTESIAN_POINT('',(-0.0647,-0.00129903810567667,0.01325));
#1136=CARTESIAN_POINT('',(-0.06465,-0.000866025403784452,0.0125));
#1137=CARTESIAN_POINT('',(-0.0646,-1.33793159308707E-17,0.0125));
#1138=CARTESIAN_POINT('',(-0.06455,0.000866025403784424,0.0125));
#1139=CARTESIAN_POINT('',(-0.0645,0.00129903810567664,0.01325));
#1140=CARTESIAN_POINT('',(-0.06445,0.00173205080756888,0.0139999999999999));
#1141=CARTESIAN_POINT('',(-0.0644,0.00129903810567664,0.01475));
#1142=CARTESIAN_POINT('',(-0.0643499999999999,0.000866025403784426,0.0155));
#1143=CARTESIAN_POINT('',(-0.0643,-1.31095995650824E-17,0.0155));
#1144=CARTESIAN_POINT('',(-0.06425,-0.000866025403784451,0.0155));
#1145=CARTESIAN_POINT('',(-0.0642,-0.00129903810567667,0.01475));
#1146=CARTESIAN_POINT('',(-0.0641500000000001,-0.00173205080756888,0.0139999999999999));
#1147=CARTESIAN_POINT('',(-0.0641,-0.00129903810567667,0.01325));
#1148=CARTESIAN_POINT('',(-0.06405,-0.000866025403784452,0.0125));
#1149=CARTESIAN_POINT('',(-0.064,-1.32072772390382E-17,0.0125));
#1150=CARTESIAN_POINT('',(-0.06395,0.000866025403784424,0.0125));
#1151=CARTESIAN_POINT('',(-0.0639,0.00129903810567664,0.01325));
#1152=CARTESIAN_POINT('',(-0.06385,0.00173205080756888,0.0139999999999999));
#1153=CARTESIAN_POINT('',(-0.0638,0.00129903810567664,0.01475));
#1154=CARTESIAN_POINT('',(-0.06375,0.000866025403784426,0.0155));
#1155=CARTESIAN_POINT('',(-0.0637,-1.29375608732499E-17,0.0155));
#1156=CARTESIAN_POINT('',(-0.06365,-0.000866025403784451,0.0155));
#1157=CARTESIAN_POINT('',(-0.0636,-0.00129903810567667,0.01475));
#1158=CARTESIAN_POINT('',(-0.06355,-0.00173205080756888,0.0139999999999999));
#1159=CARTESIAN_POINT('',(-0.0635,-0.00129903810567667,0.01325));
#1160=CARTESIAN_POINT('',(-0.0634499999999999,-0.000866025403784452,0.0125));
#1161=CARTESIAN_POINT('',(-0.0634,-1.30352385472058E-17,0.0125));
#1162=CARTESIAN_POINT('',(-0.06335,0.000866025403784424,0.0125));
#1163=CARTESIAN_POINT('',(-0.0633,0.00129903810567664,0.01325));
#1164=CARTESIAN_POINT('',(-0.06325,0.00173205080756888,0.0139999999999999));
#1165=CARTESIAN_POINT('',(-0.0632,0.00129903810567664,0.01475));
#1166=CARTESIAN_POINT('',(-0.06315,0.000866025403784426,0.0155));
#1167=CARTESIAN_POINT('',(-0.0631,-1.27655221814175E-17,0.0155));
#1168=CARTESIAN_POINT('',(-0.06305,-0.000866025403784451,0.0155));
#1169=CARTESIAN_POINT('',(-0.063,-0.00129903810567667,0.01475));
#1170=CARTESIAN_POINT('',(-0.06295,-0.00173205080756888,0.0139999999999999));
#1171=CARTESIAN_POINT('',(-0.0629,-0.00129903810567667,0.01325));
#1172=CARTESIAN_POINT('',(-0.06285,-0.000866025403784452,0.0125));
#1173=CARTESIAN_POINT('',(-0.0628,-1.28631998553734E-17,0.0125));
#1174=CARTESIAN_POINT('',(-0.06275,0.000866025403784424,0.0125));
#1175=CARTESIAN_POINT('',(-0.0627,0.00129903810567664,0.01325));
#1176=CARTESIAN_POINT('',(-0.06265,0.00173205080756888,0.0139999999999999));
#1177=CARTESIAN_POINT('',(-0.0626,0.00129903810567664,0.01475));
#1178=CARTESIAN_POINT('',(-0.0625499999999999,0.000866025403784426,0.0155));
#1179=CARTESIAN_POINT('',(-0.0625,-1.25934834895851E-17,0.0155));
#1180=CARTESIAN_POINT('',(-0.06245,-0.00086602540378445,0.0155));
#1181=CARTESIAN_POINT('',(-0.0624,-0.00129903810567667,0.01475));
#1182=CARTESIAN_POINT('',(-0.06235,-0.00173205080756888,0.0139999999999999));
#1183=CARTESIAN_POINT('',(-0.0623,-0.00129903810567667,0.01325));
#1184=CARTESIAN_POINT('',(-0.06225,-0.000866025403784452,0.0125));
#1185=CARTESIAN_POINT('',(-0.0622,-1.2691161163541E-17,0.0125));
#1186=CARTESIAN_POINT('',(-0.06215,0.000866025403784426,0.0125));
#1187=CARTESIAN_POINT('',(-0.0621,0.00129903810567664,0.01325));
#1188=CARTESIAN_POINT('',(-0.06205,0.00173205080756888,0.0139999999999999));
#1189=CARTESIAN_POINT('',(-0.062,0.00129903810567665,0.01475));
#1190=CARTESIAN_POINT('',(-0.06195,0.000866025403784426,0.0155));
#1191=CARTESIAN_POINT('',(-0.0619,-1.24214447977527E-17,0.0155));
#1192=CARTESIAN_POINT('',(-0.0618499999999999,-0.00086602540378445,0.0155));
#1193=CARTESIAN_POINT('',(-0.0618,-0.00129903810567667,0.01475));
#1194=CARTESIAN_POINT('',(-0.06175,-0.00173205080756888,0.0139999999999999));
#1195=CARTESIAN_POINT('',(-0.0617,-0.00129903810567667,0.01325));
#1196=CARTESIAN_POINT('',(-0.06165,-0.000866025403784452,0.0125));
#1197=CARTESIAN_POINT('',(-0.0616,-1.25191224717086E-17,0.0125));
#1198=CARTESIAN_POINT('',(-0.06155,0.000866025403784426,0.0125));
#1199=CARTESIAN_POINT('',(-0.0615,0.00129903810567665,0.01325));
#1200=CARTESIAN_POINT('',(-0.06145,0.00173205080756888,0.0139999999999999));
#1201=CARTESIAN_POINT('',(-0.0614,0.00129903810567665,0.01475));
#1202=CARTESIAN_POINT('',(-0.06135,0.000866025403784426,0.0155));
#1203=CARTESIAN_POINT('',(-0.0613,-1.22494061059203E-17,0.0155));
#1204=CARTESIAN_POINT('',(-0.06125,-0.00086602540378445,0.0155));
#1205=CARTESIAN_POINT('',(-0.0612,-0.00129903810567667,0.01475));
#1206=CARTESIAN_POINT('',(-0.06115,-0.00173205080756888,0.0139999999999999));
#1207=CARTESIAN_POINT('',(-0.0611,-0.00129903810567667,0.01325));
#1208=CARTESIAN_POINT('',(-0.06105,-0.000866025403784451,0.0125));
#1209=CARTESIAN_POINT('',(-0.061,-1.23470837798762E-17,0.0125));
#1210=CARTESIAN_POINT('',(-0.0609499999999999,0.000866025403784426,0.0125));
#1211=CARTESIAN_POINT('',(-0.0609,0.00129903810567665,0.01325));
#1212=CARTESIAN_POINT('',(-0.06085,0.00173205080756888,0.0139999999999999));
#1213=CARTESIAN_POINT('',(-0.0608,0.00129903810567665,0.01475));
#1214=CARTESIAN_POINT('',(-0.06075,0.000866025403784427,0.0155));
#1215=CARTESIAN_POINT('',(-0.0607,-1.20773674140879E-17,0.0155));
#1216=CARTESIAN_POINT('',(-0.06065,-0.00086602540378445,0.0155));
#1217=CARTESIAN_POINT('',(-0.0606,-0.00129903810567667,0.01475));
#1218=CARTESIAN_POINT('',(-0.06055,-0.00173205080756888,0.0139999999999999));
#1219=CARTESIAN_POINT('',(-0.0605,-0.00129903810567667,0.01325));
#1220=CARTESIAN_POINT('',(-0.06045,-0.000866025403784451,0.0125));
#1221=CARTESIAN_POINT('',(-0.0604,-1.21750450880438E-17,0.0125));
#1222=CARTESIAN_POINT('',(-0.06035,0.000866025403784426,0.0125));
#1223=CARTESIAN_POINT('',(-0.0603,0.00129903810567665,0.01325));
#1224=CARTESIAN_POINT('',(-0.0602499999999999,0.00173205080756888,0.0139999999999999));
#1225=CARTESIAN_POINT('',(-0.0602,0.00129903810567665,0.01475));
#1226=CARTESIAN_POINT('',(-0.06015,0.000866025403784427,0.0155));
#1227=CARTESIAN_POINT('',(-0.0601,-1.19053287222555E-17,0.0155));
#1228=CARTESIAN_POINT('',(-0.0600499999999999,-0.00086602540378445,0.0155));
#1229=CARTESIAN_POINT('',(-0.06,-0.00129903810567667,0.01475));
#1230=CARTESIAN_POINT('',(-0.05995,-0.00173205080756888,0.0139999999999999));
#1231=CARTESIAN_POINT('',(-0.0599,-0.00129903810567667,0.01325));
#1232=CARTESIAN_POINT('',(-0.05985,-0.000866025403784451,0.0125));
#1233=CARTESIAN_POINT('',(-0.0598,-1.20030063962114E-17,0.0125));
#1234=CARTESIAN_POINT('',(-0.05975,0.000866025403784426,0.0125));
#1235=CARTESIAN_POINT('',(-0.0597,0.00129903810567665,0.01325));
#1236=CARTESIAN_POINT('',(-0.05965,0.00173205080756888,0.0139999999999999));
#1237=CARTESIAN_POINT('',(-0.0596,0.00129903810567665,0.01475));
#1238=CARTESIAN_POINT('',(-0.05955,0.000866025403784427,0.0155));
#1239=CARTESIAN_POINT('',(-0.0595,-1.17332900304231E-17,0.0155));
#1240=CARTESIAN_POINT('',(-0.05945,-0.00086602540378445,0.0155));
#1241=CARTESIAN_POINT('',(-0.0594,-0.00129903810567667,0.01475));
#1242=CARTESIAN_POINT('',(-0.0593499999999999,-0.00173205080756888,0.0139999999999999));
#1243=CARTESIAN_POINT('',(-0.0593,-0.00129903810567667,0.01325));
#1244=CARTESIAN_POINT('',(-0.05925,-0.000866025403784451,0.0125));
#1245=CARTESIAN_POINT('',(-0.0592,-1.1830967704379E-17,0.0125));
#1246=CARTESIAN_POINT('',(-0.05915,0.000866025403784426,0.0125));
#1247=CARTESIAN_POINT('',(-0.0591,0.00129903810567665,0.01325));
#1248=CARTESIAN_POINT('',(-0.05905,0.00173205080756888,0.0139999999999999));
#1249=CARTESIAN_POINT('',(-0.059,0.00129903810567665,0.01475));
#1250=CARTESIAN_POINT('',(-0.05895,0.000866025403784427,0.0155));
#1251=CARTESIAN_POINT('',(-0.0589,-1.15612513385907E-17,0.0155));
#1252=CARTESIAN_POINT('',(-0.05885,-0.000866025403784449,0.0155));
#1253=CARTESIAN_POINT('',(-0.0588,-0.00129903810567667,0.01475));
#1254=CARTESIAN_POINT('',(-0.05875,-0.00173205080756888,0.0139999999999999));
#1255=CARTESIAN_POINT('',(-0.0587,-0.00129903810567667,0.01325));
#1256=CARTESIAN_POINT('',(-0.0586499999999999,-0.000866025403784451,0.0125));
#1257=CARTESIAN_POINT('',(-0.0586,-1.16589290125466E-17,0.0125));
#1258=CARTESIAN_POINT('',(-0.05855,0.000866025403784427,0.0125));
#1259=CARTESIAN_POINT('',(-0.0585,0.00129903810567665,0.01325));
#1260=CARTESIAN_POINT('',(-0.0584499999999999,0.00173205080756888,0.0139999999999999));
#1261=CARTESIAN_POINT('',(-0.0584,0.00129903810567665,0.01475));
#1262=CARTESIAN_POINT('',(-0.05835,0.000866025403784427,0.0155));
#1263=CARTESIAN_POINT('',(-0.0583,-1.13892126467582E-17,0.0155));
#1264=CARTESIAN_POINT('',(-0.05825,-0.000866025403784449,0.0155));
#1265=CARTESIAN_POINT('',(-0.0582,-0.00129903810567667,0.01475));
#1266=CARTESIAN_POINT('',(-0.05815,-0.00173205080756888,0.0139999999999999));
#1267=CARTESIAN_POINT('',(-0.0581,-0.00129903810567667,0.01325));
#1268=CARTESIAN_POINT('',(-0.05805,-0.000866025403784451,0.0125));
#1269=CARTESIAN_POINT('',(-0.058,-1.14868903207141E-17,0.0125));
#1270=CARTESIAN_POINT('',(-0.05795,0.000866025403784427,0.0125));
#1271=CARTESIAN_POINT('',(-0.0579,0.00129903810567665,0.01325));
#1272=CARTESIAN_POINT('',(-0.05785,0.00173205080756888,0.0139999999999999));
#1273=CARTESIAN_POINT('',(-0.0578,0.00129903810567665,0.01475));
#1274=CARTESIAN_POINT('',(-0.0577499999999999,0.000866025403784427,0.0155));
#1275=CARTESIAN_POINT('',(-0.0577,-1.12171739549258E-17,0.0155));
#1276=CARTESIAN_POINT('',(-0.05765,-0.000866025403784449,0.0155));
#1277=CARTESIAN_POINT('',(-0.0576,-0.00129903810567667,0.01475));
#1278=CARTESIAN_POINT('',(-0.05755,-0.00173205080756888,0.0139999999999999));
#1279=CARTESIAN_POINT('',(-0.0575,-0.00129903810567667,0.01325));
#1280=CARTESIAN_POINT('',(-0.05745,-0.00086602540378445,0.0125));
#1281=CARTESIAN_POINT('',(-0.0574,-1.13148516288817E-17,0.0125));
#1282=CARTESIAN_POINT('',(-0.05735,0.000866025403784427,0.0125));
#1283=CARTESIAN_POINT('',(-0.0573,0.00129903810567665,0.01325));
#1284=CARTESIAN_POINT('',(-0.05725,0.00173205080756888,0.0139999999999999));
#1285=CARTESIAN_POINT('',(-0.0572,0.00129903810567665,0.01475));
#1286=CARTESIAN_POINT('',(-0.05715,0.000866025403784427,0.0155));
#1287=CARTESIAN_POINT('',(-0.0571,-1.10451352630934E-17,0.0155));
#1288=CARTESIAN_POINT('',(-0.05705,-0.000866025403784449,0.0155));
#1289=CARTESIAN_POINT('',(-0.057,-0.00129903810567667,0.01475));
#1290=CARTESIAN_POINT('',(-0.05695,-0.00173205080756888,0.0139999999999999));
#1291=CARTESIAN_POINT('',(-0.0569,-0.00129903810567667,0.01325));
#1292=CARTESIAN_POINT('',(-0.0568499999999999,-0.00086602540378445,0.0125));
#1293=CARTESIAN_POINT('',(-0.0568,-1.11428129370493E-17,0.0125));
#1294=CARTESIAN_POINT('',(-0.05675,0.000866025403784427,0.0125));
#1295=CARTESIAN_POINT('',(-0.0567,0.00129903810567665,0.01325));
#1296=CARTESIAN_POINT('',(-0.05665,0.00173205080756888,0.0139999999999999));
#1297=CARTESIAN_POINT('',(-0.0566,0.00129903810567665,0.01475));
#1298=CARTESIAN_POINT('',(-0.05655,0.000866025403784428,0.0155));
#1299=CARTESIAN_POINT('',(-0.0565,-1.0873096571261E-17,0.0155));
#1300=CARTESIAN_POINT('',(-0.05645,-0.000866025403784449,0.0155));
#1301=CARTESIAN_POINT('',(-0.0564,-0.00129903810567667,0.01475));
#1302=CARTESIAN_POINT('',(-0.05635,-0.00173205080756888,0.0139999999999999));
#1303=CARTESIAN_POINT('',(-0.0563,-0.00129903810567667,0.01325));
#1304=CARTESIAN_POINT('',(-0.05625,-0.00086602540378445,0.0125));
#1305=CARTESIAN_POINT('',(-0.0562,-1.09707742452169E-17,0.0125));
#1306=CARTESIAN_POINT('',(-0.0561499999999999,0.000866025403784427,0.0125));
#1307=CARTESIAN_POINT('',(-0.0561,0.00129903810567665,0.01325));
#1308=CARTESIAN_POINT('',(-0.05605,0.00173205080756888,0.0139999999999999));
#1309=CARTESIAN_POINT('',(-0.056,0.00129903810567665,0.01475));
#1310=CARTESIAN_POINT('',(-0.05595,0.000866025403784428,0.0155));
#1311=CARTESIAN_POINT('',(-0.0559,-1.07010578794286E-17,0.0155));
#1312=CARTESIAN_POINT('',(-0.05585,-0.000866025403784449,0.0155));
#1313=CARTESIAN_POINT('',(-0.0558,-0.00129903810567667,0.01475));
#1314=CARTESIAN_POINT('',(-0.05575,-0.00173205080756888,0.0139999999999999));
#1315=CARTESIAN_POINT('',(-0.0557,-0.00129903810567667,0.01325));
#1316=CARTESIAN_POINT('',(-0.05565,-0.00086602540378445,0.0125));
#1317=CARTESIAN_POINT('',(-0.0556,-1.07987355533845E-17,0.0125));
#1318=CARTESIAN_POINT('',(-0.05555,0.000866025403784427,0.0125));
#1319=CARTESIAN_POINT('',(-0.0555,0.00129903810567665,0.01325));
#1320=CARTESIAN_POINT('',(-0.05545,0.00173205080756888,0.0139999999999999));
#1321=CARTESIAN_POINT('',(-0.0554,0.00129903810567665,0.01475));
#1322=CARTESIAN_POINT('',(-0.05535,0.000866025403784428,0.0155));
#1323=CARTESIAN_POINT('',(-0.0553,-1.05290191875962E-17,0.0155));
#1324=CARTESIAN_POINT('',(-0.0552499999999999,-0.000866025403784449,0.0155));
#1325=CARTESIAN_POINT('',(-0.0552,-0.00129903810567667,0.01475));
#1326=CARTESIAN_POINT('',(-0.0552,-0.00129903810567667,0.01475));
#1327=CARTESIAN_POINT('',(-0.0551531250002048,-0.00129903810567667,0.01475));
#1328=CARTESIAN_POINT('',(-0.0546750000016387,-0.00129903810567667,0.01475));
#1329=CARTESIAN_POINT('',(-0.0646750000016387,-1.34008207678196E-17,0.0125));
#1330=CARTESIAN_POINT('',(-0.0646250000016387,0.000866025403784424,0.0125));
#1331=CARTESIAN_POINT('',(-0.0645750000016387,0.00129903810567664,0.01325));
#1332=CARTESIAN_POINT('',(-0.0645250000016387,0.00173205080756888,0.0139999999999999));
#1333=CARTESIAN_POINT('',(-0.0644750000016387,0.00129903810567664,0.01475));
#1334=CARTESIAN_POINT('',(-0.0644250000016387,0.000866025403784426,0.0155));
#1335=CARTESIAN_POINT('',(-0.0643750000016387,-1.31311044020313E-17,0.0155));
#1336=CARTESIAN_POINT('',(-0.0643250000016387,-0.000866025403784451,0.0155));
#1337=CARTESIAN_POINT('',(-0.0642750000016387,-0.00129903810567667,0.01475));
#1338=CARTESIAN_POINT('',(-0.0642250000016387,-0.00173205080756888,0.0139999999999999));
#1339=CARTESIAN_POINT('',(-0.0641750000016387,-0.00129903810567667,0.01325));
#1340=CARTESIAN_POINT('',(-0.0641250000016387,-0.000866025403784452,0.0125));
#1341=CARTESIAN_POINT('',(-0.0640750000016387,-1.32287820759872E-17,0.0125));
#1342=CARTESIAN_POINT('',(-0.0640250000016388,0.000866025403784424,0.0125));
#1343=CARTESIAN_POINT('',(-0.0639750000016387,0.00129903810567664,0.01325));
#1344=CARTESIAN_POINT('',(-0.0639250000016387,0.00173205080756888,0.0139999999999999));
#1345=CARTESIAN_POINT('',(-0.0638750000016387,0.00129903810567664,0.01475));
#1346=CARTESIAN_POINT('',(-0.0638250000016387,0.000866025403784426,0.0155));
#1347=CARTESIAN_POINT('',(-0.0637750000016387,-1.29590657101989E-17,0.0155));
#1348=CARTESIAN_POINT('',(-0.0637250000016387,-0.000866025403784451,0.0155));
#1349=CARTESIAN_POINT('',(-0.0636750000016387,-0.00129903810567667,0.01475));
#1350=CARTESIAN_POINT('',(-0.0636250000016387,-0.00173205080756888,0.0139999999999999));
#1351=CARTESIAN_POINT('',(-0.0635750000016387,-0.00129903810567667,0.01325));
#1352=CARTESIAN_POINT('',(-0.0635250000016387,-0.000866025403784452,0.0125));
#1353=CARTESIAN_POINT('',(-0.0634750000016387,-1.30567433841548E-17,0.0125));
#1354=CARTESIAN_POINT('',(-0.0634250000016387,0.000866025403784424,0.0125));
#1355=CARTESIAN_POINT('',(-0.0633750000016387,0.00129903810567664,0.01325));
#1356=CARTESIAN_POINT('',(-0.0633250000016386,0.00173205080756888,0.0139999999999999));
#1357=CARTESIAN_POINT('',(-0.0632750000016387,0.00129903810567664,0.01475));
#1358=CARTESIAN_POINT('',(-0.0632250000016387,0.000866025403784426,0.0155));
#1359=CARTESIAN_POINT('',(-0.0631750000016387,-1.27870270183664E-17,0.0155));
#1360=CARTESIAN_POINT('',(-0.0631250000016387,-0.000866025403784451,0.0155));
#1361=CARTESIAN_POINT('',(-0.0630750000016387,-0.00129903810567667,0.01475));
#1362=CARTESIAN_POINT('',(-0.0630250000016387,-0.00173205080756888,0.0139999999999999));
#1363=CARTESIAN_POINT('',(-0.0629750000016387,-0.00129903810567667,0.01325));
#1364=CARTESIAN_POINT('',(-0.0629250000016387,-0.000866025403784452,0.0125));
#1365=CARTESIAN_POINT('',(-0.0628750000016387,-1.28847046923223E-17,0.0125));
#1366=CARTESIAN_POINT('',(-0.0628250000016387,0.000866025403784424,0.0125));
#1367=CARTESIAN_POINT('',(-0.0627750000016387,0.00129903810567664,0.01325));
#1368=CARTESIAN_POINT('',(-0.0627250000016387,0.00173205080756888,0.0139999999999999));
#1369=CARTESIAN_POINT('',(-0.0626750000016387,0.00129903810567664,0.01475));
#1370=CARTESIAN_POINT('',(-0.0626250000016386,0.000866025403784426,0.0155));
#1371=CARTESIAN_POINT('',(-0.0625750000016387,-1.2614988326534E-17,0.0155));
#1372=CARTESIAN_POINT('',(-0.0625250000016387,-0.00086602540378445,0.0155));
#1373=CARTESIAN_POINT('',(-0.0624750000016387,-0.00129903810567667,0.01475));
#1374=CARTESIAN_POINT('',(-0.0624250000016388,-0.00173205080756888,0.0139999999999999));
#1375=CARTESIAN_POINT('',(-0.0623750000016387,-0.00129903810567667,0.01325));
#1376=CARTESIAN_POINT('',(-0.0623250000016387,-0.000866025403784452,0.0125));
#1377=CARTESIAN_POINT('',(-0.0622750000016387,-1.27126660004899E-17,0.0125));
#1378=CARTESIAN_POINT('',(-0.0622250000016387,0.000866025403784426,0.0125));
#1379=CARTESIAN_POINT('',(-0.0621750000016387,0.00129903810567664,0.01325));
#1380=CARTESIAN_POINT('',(-0.0621250000016387,0.00173205080756888,0.0139999999999999));
#1381=CARTESIAN_POINT('',(-0.0620750000016387,0.00129903810567664,0.01475));
#1382=CARTESIAN_POINT('',(-0.0620250000016387,0.000866025403784426,0.0155));
#1383=CARTESIAN_POINT('',(-0.0619750000016387,-1.24429496347016E-17,0.0155));
#1384=CARTESIAN_POINT('',(-0.0619250000016387,-0.00086602540378445,0.0155));
#1385=CARTESIAN_POINT('',(-0.0618750000016387,-0.00129903810567667,0.01475));
#1386=CARTESIAN_POINT('',(-0.0618250000016387,-0.00173205080756888,0.0139999999999999));
#1387=CARTESIAN_POINT('',(-0.0617750000016387,-0.00129903810567667,0.01325));
#1388=CARTESIAN_POINT('',(-0.0617250000016386,-0.000866025403784452,0.0125));
#1389=CARTESIAN_POINT('',(-0.0616750000016387,-1.25406273086575E-17,0.0125));
#1390=CARTESIAN_POINT('',(-0.0616250000016387,0.000866025403784426,0.0125));
#1391=CARTESIAN_POINT('',(-0.0615750000016387,0.00129903810567664,0.01325));
#1392=CARTESIAN_POINT('',(-0.0615250000016387,0.00173205080756888,0.0139999999999999));
#1393=CARTESIAN_POINT('',(-0.0614750000016387,0.00129903810567665,0.01475));
#1394=CARTESIAN_POINT('',(-0.0614250000016387,0.000866025403784426,0.0155));
#1395=CARTESIAN_POINT('',(-0.0613750000016387,-1.22709109428692E-17,0.0155));
#1396=CARTESIAN_POINT('',(-0.0613250000016387,-0.00086602540378445,0.0155));
#1397=CARTESIAN_POINT('',(-0.0612750000016387,-0.00129903810567667,0.01475));
#1398=CARTESIAN_POINT('',(-0.0612250000016387,-0.00173205080756888,0.0139999999999999));
#1399=CARTESIAN_POINT('',(-0.0611750000016387,-0.00129903810567667,0.01325));
#1400=CARTESIAN_POINT('',(-0.0611250000016387,-0.000866025403784451,0.0125));
#1401=CARTESIAN_POINT('',(-0.0610750000016387,-1.23685886168251E-17,0.0125));
#1402=CARTESIAN_POINT('',(-0.0610250000016387,0.000866025403784426,0.0125));
#1403=CARTESIAN_POINT('',(-0.0609750000016387,0.00129903810567665,0.01325));
#1404=CARTESIAN_POINT('',(-0.0609250000016387,0.00173205080756888,0.0139999999999999));
#1405=CARTESIAN_POINT('',(-0.0608750000016387,0.00129903810567665,0.01475));
#1406=CARTESIAN_POINT('',(-0.0608250000016386,0.000866025403784427,0.0155));
#1407=CARTESIAN_POINT('',(-0.0607750000016387,-1.20988722510368E-17,0.0155));
#1408=CARTESIAN_POINT('',(-0.0607250000016387,-0.00086602540378445,0.0155));
#1409=CARTESIAN_POINT('',(-0.0606750000016387,-0.00129903810567667,0.01475));
#1410=CARTESIAN_POINT('',(-0.0606250000016387,-0.00173205080756888,0.0139999999999999));
#1411=CARTESIAN_POINT('',(-0.0605750000016387,-0.00129903810567667,0.01325));
#1412=CARTESIAN_POINT('',(-0.0605250000016387,-0.000866025403784451,0.0125));
#1413=CARTESIAN_POINT('',(-0.0604750000016387,-1.21965499249927E-17,0.0125));
#1414=CARTESIAN_POINT('',(-0.0604250000016387,0.000866025403784426,0.0125));
#1415=CARTESIAN_POINT('',(-0.0603750000016387,0.00129903810567665,0.01325));
#1416=CARTESIAN_POINT('',(-0.0603250000016387,0.00173205080756888,0.0139999999999999));
#1417=CARTESIAN_POINT('',(-0.0602750000016387,0.00129903810567665,0.01475));
#1418=CARTESIAN_POINT('',(-0.0602250000016387,0.000866025403784427,0.0155));
#1419=CARTESIAN_POINT('',(-0.0601750000016387,-1.19268335592044E-17,0.0155));
#1420=CARTESIAN_POINT('',(-0.0601250000016387,-0.00086602540378445,0.0155));
#1421=CARTESIAN_POINT('',(-0.0600750000016387,-0.00129903810567667,0.01475));
#1422=CARTESIAN_POINT('',(-0.0600250000016387,-0.00173205080756888,0.0139999999999999));
#1423=CARTESIAN_POINT('',(-0.0599750000016387,-0.00129903810567667,0.01325));
#1424=CARTESIAN_POINT('',(-0.0599250000016387,-0.000866025403784451,0.0125));
#1425=CARTESIAN_POINT('',(-0.0598750000016387,-1.20245112331603E-17,0.0125));
#1426=CARTESIAN_POINT('',(-0.0598250000016387,0.000866025403784426,0.0125));
#1427=CARTESIAN_POINT('',(-0.0597750000016387,0.00129903810567665,0.01325));
#1428=CARTESIAN_POINT('',(-0.0597250000016387,0.00173205080756888,0.0139999999999999));
#1429=CARTESIAN_POINT('',(-0.0596750000016387,0.00129903810567665,0.01475));
#1430=CARTESIAN_POINT('',(-0.0596250000016387,0.000866025403784427,0.0155));
#1431=CARTESIAN_POINT('',(-0.0595750000016387,-1.1754794867372E-17,0.0155));
#1432=CARTESIAN_POINT('',(-0.0595250000016387,-0.00086602540378445,0.0155));
#1433=CARTESIAN_POINT('',(-0.0594750000016387,-0.00129903810567667,0.01475));
#1434=CARTESIAN_POINT('',(-0.0594250000016387,-0.00173205080756888,0.0139999999999999));
#1435=CARTESIAN_POINT('',(-0.0593750000016387,-0.00129903810567667,0.01325));
#1436=CARTESIAN_POINT('',(-0.0593250000016387,-0.000866025403784451,0.0125));
#1437=CARTESIAN_POINT('',(-0.0592750000016387,-1.18524725413279E-17,0.0125));
#1438=CARTESIAN_POINT('',(-0.0592250000016388,0.000866025403784426,0.0125));
#1439=CARTESIAN_POINT('',(-0.0591750000016387,0.00129903810567665,0.01325));
#1440=CARTESIAN_POINT('',(-0.0591250000016387,0.00173205080756888,0.0139999999999999));
#1441=CARTESIAN_POINT('',(-0.0590750000016387,0.00129903810567665,0.01475));
#1442=CARTESIAN_POINT('',(-0.0590250000016387,0.000866025403784427,0.0155));
#1443=CARTESIAN_POINT('',(-0.0589750000016387,-1.15827561755396E-17,0.0155));
#1444=CARTESIAN_POINT('',(-0.0589250000016387,-0.00086602540378445,0.0155));
#1445=CARTESIAN_POINT('',(-0.0588750000016387,-0.00129903810567667,0.01475));
#1446=CARTESIAN_POINT('',(-0.0588250000016387,-0.00173205080756888,0.0139999999999999));
#1447=CARTESIAN_POINT('',(-0.0587750000016387,-0.00129903810567667,0.01325));
#1448=CARTESIAN_POINT('',(-0.0587250000016387,-0.000866025403784451,0.0125));
#1449=CARTESIAN_POINT('',(-0.0586750000016387,-1.16804338494955E-17,0.0125));
#1450=CARTESIAN_POINT('',(-0.0586250000016387,0.000866025403784426,0.0125));
#1451=CARTESIAN_POINT('',(-0.0585750000016387,0.00129903810567665,0.01325));
#1452=CARTESIAN_POINT('',(-0.0585250000016386,0.00173205080756888,0.0139999999999999));
#1453=CARTESIAN_POINT('',(-0.0584750000016387,0.00129903810567665,0.01475));
#1454=CARTESIAN_POINT('',(-0.0584250000016387,0.000866025403784427,0.0155));
#1455=CARTESIAN_POINT('',(-0.0583750000016387,-1.14107174837072E-17,0.0155));
#1456=CARTESIAN_POINT('',(-0.0583250000016388,-0.000866025403784449,0.0155));
#1457=CARTESIAN_POINT('',(-0.0582750000016387,-0.00129903810567667,0.01475));
#1458=CARTESIAN_POINT('',(-0.0582250000016387,-0.00173205080756888,0.0139999999999999));
#1459=CARTESIAN_POINT('',(-0.0581750000016387,-0.00129903810567667,0.01325));
#1460=CARTESIAN_POINT('',(-0.0581250000016387,-0.000866025403784451,0.0125));
#1461=CARTESIAN_POINT('',(-0.0580750000016387,-1.15083951576631E-17,0.0125));
#1462=CARTESIAN_POINT('',(-0.0580250000016387,0.000866025403784427,0.0125));
#1463=CARTESIAN_POINT('',(-0.0579750000016387,0.00129903810567665,0.01325));
#1464=CARTESIAN_POINT('',(-0.0579250000016387,0.00173205080756888,0.0139999999999999));
#1465=CARTESIAN_POINT('',(-0.0578750000016387,0.00129903810567665,0.01475));
#1466=CARTESIAN_POINT('',(-0.0578250000016387,0.000866025403784427,0.0155));
#1467=CARTESIAN_POINT('',(-0.0577750000016387,-1.12386787918748E-17,0.0155));
#1468=CARTESIAN_POINT('',(-0.0577250000016387,-0.000866025403784449,0.0155));
#1469=CARTESIAN_POINT('',(-0.0576750000016387,-0.00129903810567667,0.01475));
#1470=CARTESIAN_POINT('',(-0.0576250000016387,-0.00173205080756888,0.0139999999999999));
#1471=CARTESIAN_POINT('',(-0.0575750000016387,-0.00129903810567667,0.01325));
#1472=CARTESIAN_POINT('',(-0.0575250000016387,-0.00086602540378445,0.0125));
#1473=CARTESIAN_POINT('',(-0.0574750000016387,-1.13363564658307E-17,0.0125));
#1474=CARTESIAN_POINT('',(-0.0574250000016387,0.000866025403784427,0.0125));
#1475=CARTESIAN_POINT('',(-0.0573750000016387,0.00129903810567665,0.01325));
#1476=CARTESIAN_POINT('',(-0.0573250000016387,0.00173205080756888,0.0139999999999999));
#1477=CARTESIAN_POINT('',(-0.0572750000016387,0.00129903810567665,0.01475));
#1478=CARTESIAN_POINT('',(-0.0572250000016387,0.000866025403784427,0.0155));
#1479=CARTESIAN_POINT('',(-0.0571750000016387,-1.10666401000423E-17,0.0155));
#1480=CARTESIAN_POINT('',(-0.0571250000016387,-0.000866025403784449,0.0155));
#1481=CARTESIAN_POINT('',(-0.0570750000016387,-0.00129903810567667,0.01475));
#1482=CARTESIAN_POINT('',(-0.0570250000016387,-0.00173205080756888,0.0139999999999999));
#1483=CARTESIAN_POINT('',(-0.0569750000016387,-0.00129903810567667,0.01325));
#1484=CARTESIAN_POINT('',(-0.0569250000016387,-0.00086602540378445,0.0125));
#1485=CARTESIAN_POINT('',(-0.0568750000016387,-1.11643177739982E-17,0.0125));
#1486=CARTESIAN_POINT('',(-0.0568250000016387,0.000866025403784427,0.0125));
#1487=CARTESIAN_POINT('',(-0.0567750000016387,0.00129903810567665,0.01325));
#1488=CARTESIAN_POINT('',(-0.0567250000016387,0.00173205080756888,0.0139999999999999));
#1489=CARTESIAN_POINT('',(-0.0566750000016387,0.00129903810567665,0.01475));
#1490=CARTESIAN_POINT('',(-0.0566250000016387,0.000866025403784428,0.0155));
#1491=CARTESIAN_POINT('',(-0.0565750000016387,-1.08946014082099E-17,0.0155));
#1492=CARTESIAN_POINT('',(-0.0565250000016387,-0.000866025403784449,0.0155));
#1493=CARTESIAN_POINT('',(-0.0564750000016387,-0.00129903810567667,0.01475));
#1494=CARTESIAN_POINT('',(-0.0564250000016387,-0.00173205080756888,0.0139999999999999));
#1495=CARTESIAN_POINT('',(-0.0563750000016387,-0.00129903810567667,0.01325));
#1496=CARTESIAN_POINT('',(-0.0563250000016387,-0.00086602540378445,0.0125));
#1497=CARTESIAN_POINT('',(-0.0562750000016387,-1.09922790821658E-17,0.0125));
#1498=CARTESIAN_POINT('',(-0.0562250000016387,0.000866025403784427,0.0125));
#1499=CARTESIAN_POINT('',(-0.0561750000016387,0.00129903810567665,0.01325));
#1500=CARTESIAN_POINT('',(-0.0561250000016387,0.00173205080756888,0.0139999999999999));
#1501=CARTESIAN_POINT('',(-0.0560750000016387,0.00129903810567665,0.01475));
#1502=CARTESIAN_POINT('',(-0.0560250000016386,0.000866025403784428,0.0155));
#1503=CARTESIAN_POINT('',(-0.0559750000016387,-1.07225627163775E-17,0.0155));
#1504=CARTESIAN_POINT('',(-0.0559250000016387,-0.000866025403784449,0.0155));
#1505=CARTESIAN_POINT('',(-0.0558750000016387,-0.00129903810567667,0.01475));
#1506=CARTESIAN_POINT('',(-0.0558250000016388,-0.00173205080756888,0.0139999999999999));
#1507=CARTESIAN_POINT('',(-0.0557750000016387,-0.00129903810567667,0.01325));
#1508=CARTESIAN_POINT('',(-0.0557250000016387,-0.00086602540378445,0.0125));
#1509=CARTESIAN_POINT('',(-0.0556750000016387,-1.08202403903334E-17,0.0125));
#1510=CARTESIAN_POINT('',(-0.0556250000016387,0.000866025403784427,0.0125));
#1511=CARTESIAN_POINT('',(-0.0555750000016387,0.00129903810567665,0.01325));
#1512=CARTESIAN_POINT('',(-0.0555250000016387,0.00173205080756888,0.0139999999999999));
#1513=CARTESIAN_POINT('',(-0.0554750000016387,0.00129903810567665,0.01475));
#1514=CARTESIAN_POINT('',(-0.0554250000016387,0.000866025403784428,0.0155));
#1515=CARTESIAN_POINT('',(-0.0553750000016387,-1.05505240245451E-17,0.0155));
#1516=CARTESIAN_POINT('',(-0.0553250000016387,-0.000866025403784449,0.0155));
#1517=CARTESIAN_POINT('',(-0.0552750000016387,-0.00129903810567667,0.01475));
#1518=CARTESIAN_POINT('',(-0.0552250000016387,-0.00173205080756888,0.0139999999999999));
#1519=CARTESIAN_POINT('',(-0.0551750000016387,-0.00129903810567667,0.01325));
#1520=CARTESIAN_POINT('',(-0.0551250000016388,-0.00086602540378445,0.0125));
#1521=CARTESIAN_POINT('',(-0.0550750000016387,-1.0648201698501E-17,0.0125));
#1522=CARTESIAN_POINT('',(-0.0550250000016387,0.000866025403784427,0.0125));
#1523=CARTESIAN_POINT('',(-0.0549750000016387,0.00129903810567665,0.01325));
#1524=CARTESIAN_POINT('',(-0.0549250000016387,0.00173205080756888,0.0139999999999999));
#1525=CARTESIAN_POINT('',(-0.0548750000016387,0.00129903810567665,0.01475));
#1526=CARTESIAN_POINT('',(-0.0548250000016387,0.000866025403784428,0.0155));
#1527=CARTESIAN_POINT('',(-0.0547750000016387,-1.03784853327127E-17,0.0155));
#1528=CARTESIAN_POINT('',(-0.0547250000016387,-0.000866025403784449,0.0155));
#1529=CARTESIAN_POINT('',(-0.0546750000016387,-0.00129903810567667,0.01475));
#1530=CARTESIAN_POINT('',(-0.0652,-2.4454912569446E-17,0.));
#1531=CARTESIAN_POINT('',(-0.0652,0.006,0.));
#1532=CARTESIAN_POINT('',(-0.0652,0.012,0.));
#1533=CARTESIAN_POINT('',(-0.0652,-6.93889390390723E-18,0.));
#1534=CARTESIAN_POINT('',(-0.0652,0.0175,0.));
#1535=CARTESIAN_POINT('',(-0.041,-1.96203206938066E-17,0.));
#1536=CARTESIAN_POINT('',(-0.041,2.88889491658085E-30,0.));
#1537=CARTESIAN_POINT('',(-0.0410000000000002,-0.0145,0.));
#1538=CARTESIAN_POINT('',(-0.041,-1.97407819299692E-33,0.));
#1539=CARTESIAN_POINT('',(-0.041,0.0175,0.));
#1540=CARTESIAN_POINT('',(-0.0652,-6.93889390390723E-18,0.));
#1541=CARTESIAN_POINT('',(-0.042,-2.8673115305402E-19,0.));
#1542=CARTESIAN_POINT('',(-0.042,0.0185,0.));
#1543=CARTESIAN_POINT('',(-0.0642,-6.65216275085321E-18,0.));
#1544=CARTESIAN_POINT('',(-0.0642,0.0185,0.));
#1545=CARTESIAN_POINT('',(-0.0642,-6.65216275085321E-18,0.));
#1546=CARTESIAN_POINT('',(-0.042,-2.8673115305402E-19,0.));
#1547=CARTESIAN_POINT('',(-0.0712,6.5506720931607E-35,0.));
#1548=CARTESIAN_POINT('',(-0.0712,0.006,0.));
#1549=CARTESIAN_POINT('',(-0.0712,0.00299815631327292,0.));
#1550=CARTESIAN_POINT('',(-0.0712,0.006,0.));
#1551=CARTESIAN_POINT('',(-0.0712,0.,0.));
#1552=CARTESIAN_POINT('',(-0.0957,0.006,0.));
#1553=CARTESIAN_POINT('',(-0.0957,3.27466508062525E-35,0.));
#1554=CARTESIAN_POINT('',(-0.0957,0.006,0.));
#1555=CARTESIAN_POINT('',(-0.0957,0.00849815631327291,-0.00166441597985536));
#1556=CARTESIAN_POINT('',(-0.0957,0.00849815631327291,0.00166441597985536));
#1557=CARTESIAN_POINT('',(-0.0957,0.00849815631327291,0.012));
#1558=CARTESIAN_POINT('',(-0.0957,0.006,0.));
#1559=CARTESIAN_POINT('',(-0.0957,0.00849815631327291,0.00166441597985536));
#1560=CARTESIAN_POINT('',(-0.0737,0.00849815631327291,0.00166441597985536));
#1561=CARTESIAN_POINT('',(-0.0957,0.00849815631327291,-0.00166441597985536));
#1562=CARTESIAN_POINT('',(-0.0737,0.00849815631327291,-0.00166441597985536));
#1563=CARTESIAN_POINT('',(-0.0737,0.006,0.));
#1564=CARTESIAN_POINT('',(-0.0957,0.00849815631327291,0.012));
#1565=CARTESIAN_POINT('',(-0.0737,0.00849815631327291,0.012));
#1566=CARTESIAN_POINT('',(-0.0737,0.00849815631327291,0.012));
#1567=CARTESIAN_POINT('',(-0.04,-1.58603289232165E-17,0.));
#1568=CARTESIAN_POINT('',(-0.04,2.86731153054016E-19,0.));
#1569=CARTESIAN_POINT('',(-0.04,0.0165,0.));
#1570=CARTESIAN_POINT('',(-0.04,-1.38777878078116E-17,0.));
#1571=CARTESIAN_POINT('',(-0.0400000000000002,-0.0145,0.));
#1572=CARTESIAN_POINT('',(2.50889758922265E-18,7.19379098652256E-34,0.));
#1573=CARTESIAN_POINT('',(1.60622544071927E-18,5.1599203328276E-34,0.));
#1574=CARTESIAN_POINT('',(3.21245088143853E-18,-0.005,0.));
#1575=CARTESIAN_POINT('',(0.,1.17559772752147E-17,0.));
#1576=CARTESIAN_POINT('',(5.01779517844532E-18,-0.0175,0.));
#1577=CARTESIAN_POINT('',(-0.0652,-6.93889390390723E-18,0.));
#1578=CARTESIAN_POINT('',(-0.039,5.73462306108035E-19,0.));
#1579=CARTESIAN_POINT('',(-0.039,0.0175,0.));
#1580=CARTESIAN_POINT('',(-0.041,0.,0.));
#1581=CARTESIAN_POINT('',(0.0027,8.19656842399042E-19,0.));
#1582=CARTESIAN_POINT('',(0.0027,8.67361737988404E-19,0.));
#1583=CARTESIAN_POINT('',(0.0027,-0.004,0.));
#1584=CARTESIAN_POINT('',(0.,0.,0.));
#1585=CARTESIAN_POINT('',(0.0017,5.46116649844551E-19,0.));
#1586=CARTESIAN_POINT('',(0.0017,-0.005,0.));
#1587=CARTESIAN_POINT('',(-0.039,5.73462306108033E-19,0.));
#1588=CARTESIAN_POINT('',(0.0017,5.46116649844551E-19,0.));
#1589=CARTESIAN_POINT('',(-0.0502,-1.43939038833117E-17,-0.014));
#1590=CARTESIAN_POINT('',(-0.0502,-9.2503873268928E-18,0.014));
#1591=CARTESIAN_POINT('',(-0.0651062500004097,-1.35244735772217E-17,0.0126623797625));
#1592=CARTESIAN_POINT('',(-0.0651062500004097,-1.35244735772217E-17,0.0126623797625));
#1593=CARTESIAN_POINT('',(-0.0650125000008194,-1.34975925317404E-17,0.012824759525));
#1594=CARTESIAN_POINT('',(-0.064768750001229,-1.34277018133009E-17,0.0126623797625));
#1595=CARTESIAN_POINT('',(-0.0648625000008194,-1.34545828587823E-17,0.012824759525));
#1596=CARTESIAN_POINT('',(-0.0649375000008194,-1.34760876952613E-17,0.012824759525));
#1597=CARTESIAN_POINT('',(-0.0551531250002048,-0.00122872560598393,0.014709405059375));
#1598=CARTESIAN_POINT('',(-0.0550125000008193,-0.0010177881069057,0.0145876202375));
#1599=CARTESIAN_POINT('',(-0.0550750000005462,-0.00111153810649603,0.014641746825));
#1600=CARTESIAN_POINT('',(-0.0551375000002731,-0.00120528810608635,0.0146958734125));
#1601=CARTESIAN_POINT('',(-0.0552,-0.00129903810567667,0.01475));
#1602=CARTESIAN_POINT('',(-0.0550125000008194,-0.0010177881069057,0.0145876202375));
#1603=CARTESIAN_POINT('',(-0.0551531250002048,-0.0010177881069057,0.0145876202375));
#1604=CARTESIAN_POINT('',(-0.0548625000008194,-0.0010177881069057,0.0145876202375));
#1605=CARTESIAN_POINT('',(-0.0546750000016387,-0.00129903810567667,0.01475));
#1606=CARTESIAN_POINT('',(-0.0547375000013656,-0.00120528810608635,0.0146958734125));
#1607=CARTESIAN_POINT('',(-0.0548000000010924,-0.00111153810649603,0.014641746825));
#1608=CARTESIAN_POINT('',(-0.0548625000008193,-0.0010177881069057,0.0145876202375));
#1609=CARTESIAN_POINT('',(-0.0650125000008194,-1.34975925317404E-17,0.012824759525));
#1610=CARTESIAN_POINT('',(-0.0649625000008194,0.00067852540460378,0.0128247595250001));
#1611=CARTESIAN_POINT('',(-0.0649125000008194,0.00101778810690568,0.0134123797625));
#1612=CARTESIAN_POINT('',(-0.0648625000008193,0.00135705080920758,0.0139999999999999));
#1613=CARTESIAN_POINT('',(-0.0648125000008194,0.00101778810690568,0.0145876202375));
#1614=CARTESIAN_POINT('',(-0.0647625000008193,0.000678525404603781,0.015175240475));
#1615=CARTESIAN_POINT('',(-0.0647125000008194,-1.32676477372305E-17,0.015175240475));
#1616=CARTESIAN_POINT('',(-0.0646625000008194,-0.000678525404603806,0.015175240475));
#1617=CARTESIAN_POINT('',(-0.0646125000008194,-0.0010177881069057,0.0145876202375));
#1618=CARTESIAN_POINT('',(-0.0645625000008193,-0.0013570508092076,0.0139999999999999));
#1619=CARTESIAN_POINT('',(-0.0645125000008194,-0.0010177881069057,0.0134123797625));
#1620=CARTESIAN_POINT('',(-0.0644625000008194,-0.000678525404603807,0.0128247595250001));
#1621=CARTESIAN_POINT('',(-0.0644125000008194,-1.3325553839908E-17,0.012824759525));
#1622=CARTESIAN_POINT('',(-0.0643625000008193,0.000678525404603781,0.0128247595250001));
#1623=CARTESIAN_POINT('',(-0.0643125000008194,0.00101778810690568,0.0134123797625));
#1624=CARTESIAN_POINT('',(-0.0642625000008194,0.00135705080920758,0.0139999999999999));
#1625=CARTESIAN_POINT('',(-0.0642125000008194,0.00101778810690568,0.0145876202375));
#1626=CARTESIAN_POINT('',(-0.0641625000008193,0.000678525404603781,0.015175240475));
#1627=CARTESIAN_POINT('',(-0.0641125000008194,-1.3095609045398E-17,0.015175240475));
#1628=CARTESIAN_POINT('',(-0.0640625000008194,-0.000678525404603806,0.015175240475));
#1629=CARTESIAN_POINT('',(-0.0640125000008194,-0.0010177881069057,0.0145876202375));
#1630=CARTESIAN_POINT('',(-0.0639625000008193,-0.0013570508092076,0.0139999999999999));
#1631=CARTESIAN_POINT('',(-0.0639125000008194,-0.0010177881069057,0.0134123797625));
#1632=CARTESIAN_POINT('',(-0.0638625000008193,-0.000678525404603807,0.0128247595250001));
#1633=CARTESIAN_POINT('',(-0.0638125000008194,-1.31535151480756E-17,0.012824759525));
#1634=CARTESIAN_POINT('',(-0.0637625000008194,0.000678525404603781,0.0128247595250001));
#1635=CARTESIAN_POINT('',(-0.0637125000008194,0.00101778810690568,0.0134123797625));
#1636=CARTESIAN_POINT('',(-0.0636625000008193,0.00135705080920758,0.0139999999999999));
#1637=CARTESIAN_POINT('',(-0.0636125000008194,0.00101778810690568,0.0145876202375));
#1638=CARTESIAN_POINT('',(-0.0635625000008194,0.000678525404603781,0.015175240475));
#1639=CARTESIAN_POINT('',(-0.0635125000008194,-1.29235703535656E-17,0.015175240475));
#1640=CARTESIAN_POINT('',(-0.0634625000008193,-0.000678525404603806,0.015175240475));
#1641=CARTESIAN_POINT('',(-0.0634125000008194,-0.0010177881069057,0.0145876202375));
#1642=CARTESIAN_POINT('',(-0.0633625000008194,-0.0013570508092076,0.0139999999999999));
#1643=CARTESIAN_POINT('',(-0.0633125000008194,-0.0010177881069057,0.0134123797625));
#1644=CARTESIAN_POINT('',(-0.0632625000008193,-0.000678525404603807,0.0128247595250001));
#1645=CARTESIAN_POINT('',(-0.0632125000008194,-1.29814764562431E-17,0.012824759525));
#1646=CARTESIAN_POINT('',(-0.0631625000008194,0.000678525404603781,0.0128247595250001));
#1647=CARTESIAN_POINT('',(-0.0631125000008194,0.00101778810690568,0.0134123797625));
#1648=CARTESIAN_POINT('',(-0.0630625000008194,0.00135705080920758,0.0139999999999999));
#1649=CARTESIAN_POINT('',(-0.0630125000008194,0.00101778810690568,0.0145876202375));
#1650=CARTESIAN_POINT('',(-0.0629625000008193,0.000678525404603781,0.015175240475));
#1651=CARTESIAN_POINT('',(-0.0629125000008194,-1.27515316617332E-17,0.015175240475));
#1652=CARTESIAN_POINT('',(-0.0628625000008194,-0.000678525404603806,0.015175240475));
#1653=CARTESIAN_POINT('',(-0.0628125000008194,-0.0010177881069057,0.0145876202375));
#1654=CARTESIAN_POINT('',(-0.0627625000008193,-0.0013570508092076,0.0139999999999999));
#1655=CARTESIAN_POINT('',(-0.0627125000008194,-0.0010177881069057,0.0134123797625));
#1656=CARTESIAN_POINT('',(-0.0626625000008194,-0.000678525404603807,0.0128247595250001));
#1657=CARTESIAN_POINT('',(-0.0626125000008194,-1.28094377644107E-17,0.012824759525));
#1658=CARTESIAN_POINT('',(-0.0625625000008193,0.000678525404603781,0.0128247595250001));
#1659=CARTESIAN_POINT('',(-0.0625125000008194,0.00101778810690568,0.0134123797625));
#1660=CARTESIAN_POINT('',(-0.0624625000008194,0.00135705080920758,0.0139999999999999));
#1661=CARTESIAN_POINT('',(-0.0624125000008194,0.00101778810690568,0.0145876202375));
#1662=CARTESIAN_POINT('',(-0.0623625000008193,0.000678525404603782,0.015175240475));
#1663=CARTESIAN_POINT('',(-0.0623125000008194,-1.25794929699008E-17,0.015175240475));
#1664=CARTESIAN_POINT('',(-0.0622625000008193,-0.000678525404603806,0.015175240475));
#1665=CARTESIAN_POINT('',(-0.0622125000008194,-0.0010177881069057,0.0145876202375));
#1666=CARTESIAN_POINT('',(-0.0621625000008194,-0.0013570508092076,0.0139999999999999));
#1667=CARTESIAN_POINT('',(-0.0621125000008194,-0.0010177881069057,0.0134123797625));
#1668=CARTESIAN_POINT('',(-0.0620625000008193,-0.000678525404603807,0.0128247595250001));
#1669=CARTESIAN_POINT('',(-0.0620125000008194,-1.26373990725783E-17,0.012824759525));
#1670=CARTESIAN_POINT('',(-0.0619625000008194,0.000678525404603781,0.0128247595250001));
#1671=CARTESIAN_POINT('',(-0.0619125000008194,0.00101778810690568,0.0134123797625));
#1672=CARTESIAN_POINT('',(-0.0618625000008193,0.00135705080920758,0.0139999999999999));
#1673=CARTESIAN_POINT('',(-0.0618125000008194,0.00101778810690568,0.0145876202375));
#1674=CARTESIAN_POINT('',(-0.0617625000008194,0.000678525404603782,0.015175240475));
#1675=CARTESIAN_POINT('',(-0.0617125000008194,-1.24074542780684E-17,0.015175240475));
#1676=CARTESIAN_POINT('',(-0.0616625000008193,-0.000678525404603806,0.015175240475));
#1677=CARTESIAN_POINT('',(-0.0616125000008194,-0.0010177881069057,0.0145876202375));
#1678=CARTESIAN_POINT('',(-0.0615625000008193,-0.0013570508092076,0.0139999999999999));
#1679=CARTESIAN_POINT('',(-0.0615125000008194,-0.0010177881069057,0.0134123797625));
#1680=CARTESIAN_POINT('',(-0.0614625000008194,-0.000678525404603807,0.0128247595250001));
#1681=CARTESIAN_POINT('',(-0.0614125000008194,-1.24653603807459E-17,0.012824759525));
#1682=CARTESIAN_POINT('',(-0.0613625000008193,0.000678525404603781,0.0128247595250001));
#1683=CARTESIAN_POINT('',(-0.0613125000008194,0.00101778810690568,0.0134123797625));
#1684=CARTESIAN_POINT('',(-0.0612625000008194,0.00135705080920758,0.0139999999999999));
#1685=CARTESIAN_POINT('',(-0.0612125000008194,0.00101778810690568,0.0145876202375));
#1686=CARTESIAN_POINT('',(-0.0611625000008193,0.000678525404603782,0.015175240475));
#1687=CARTESIAN_POINT('',(-0.0611125000008194,-1.2235415586236E-17,0.015175240475));
#1688=CARTESIAN_POINT('',(-0.0610625000008194,-0.000678525404603806,0.015175240475));
#1689=CARTESIAN_POINT('',(-0.0610125000008194,-0.0010177881069057,0.0145876202375));
#1690=CARTESIAN_POINT('',(-0.0609625000008193,-0.0013570508092076,0.0139999999999999));
#1691=CARTESIAN_POINT('',(-0.0609125000008194,-0.0010177881069057,0.0134123797625));
#1692=CARTESIAN_POINT('',(-0.0608625000008194,-0.000678525404603806,0.0128247595250001));
#1693=CARTESIAN_POINT('',(-0.0608125000008194,-1.22933216889135E-17,0.012824759525));
#1694=CARTESIAN_POINT('',(-0.0607625000008193,0.000678525404603781,0.0128247595250001));
#1695=CARTESIAN_POINT('',(-0.0607125000008194,0.00101778810690568,0.0134123797625));
#1696=CARTESIAN_POINT('',(-0.0606625000008193,0.00135705080920758,0.0139999999999999));
#1697=CARTESIAN_POINT('',(-0.0606125000008194,0.00101778810690568,0.0145876202375));
#1698=CARTESIAN_POINT('',(-0.0605625000008194,0.000678525404603782,0.015175240475));
#1699=CARTESIAN_POINT('',(-0.0605125000008194,-1.20633768944036E-17,0.015175240475));
#1700=CARTESIAN_POINT('',(-0.0604625000008193,-0.000678525404603805,0.015175240475));
#1701=CARTESIAN_POINT('',(-0.0604125000008194,-0.0010177881069057,0.0145876202375));
#1702=CARTESIAN_POINT('',(-0.0603625000008194,-0.0013570508092076,0.0139999999999999));
#1703=CARTESIAN_POINT('',(-0.0603125000008194,-0.0010177881069057,0.0134123797625));
#1704=CARTESIAN_POINT('',(-0.0602625000008193,-0.000678525404603806,0.0128247595250001));
#1705=CARTESIAN_POINT('',(-0.0602125000008194,-1.21212829970811E-17,0.012824759525));
#1706=CARTESIAN_POINT('',(-0.0601625000008194,0.000678525404603782,0.0128247595250001));
#1707=CARTESIAN_POINT('',(-0.0601125000008194,0.00101778810690568,0.0134123797625));
#1708=CARTESIAN_POINT('',(-0.0600625000008193,0.00135705080920758,0.0139999999999999));
#1709=CARTESIAN_POINT('',(-0.0600125000008194,0.00101778810690568,0.0145876202375));
#1710=CARTESIAN_POINT('',(-0.0599625000008194,0.000678525404603782,0.015175240475));
#1711=CARTESIAN_POINT('',(-0.0599125000008194,-1.18913382025712E-17,0.015175240475));
#1712=CARTESIAN_POINT('',(-0.0598625000008193,-0.000678525404603805,0.015175240475));
#1713=CARTESIAN_POINT('',(-0.0598125000008194,-0.0010177881069057,0.0145876202375));
#1714=CARTESIAN_POINT('',(-0.0597625000008193,-0.0013570508092076,0.0139999999999999));
#1715=CARTESIAN_POINT('',(-0.0597125000008194,-0.0010177881069057,0.0134123797625));
#1716=CARTESIAN_POINT('',(-0.0596625000008194,-0.000678525404603806,0.0128247595250001));
#1717=CARTESIAN_POINT('',(-0.0596125000008194,-1.19492443052487E-17,0.012824759525));
#1718=CARTESIAN_POINT('',(-0.0595625000008193,0.000678525404603782,0.0128247595250001));
#1719=CARTESIAN_POINT('',(-0.0595125000008194,0.00101778810690568,0.0134123797625));
#1720=CARTESIAN_POINT('',(-0.0594625000008194,0.00135705080920758,0.0139999999999999));
#1721=CARTESIAN_POINT('',(-0.0594125000008194,0.00101778810690568,0.0145876202375));
#1722=CARTESIAN_POINT('',(-0.0593625000008193,0.000678525404603782,0.015175240475));
#1723=CARTESIAN_POINT('',(-0.0593125000008194,-1.17192995107388E-17,0.015175240475));
#1724=CARTESIAN_POINT('',(-0.0592625000008194,-0.000678525404603805,0.015175240475));
#1725=CARTESIAN_POINT('',(-0.0592125000008194,-0.0010177881069057,0.0145876202375));
#1726=CARTESIAN_POINT('',(-0.0591625000008193,-0.0013570508092076,0.0139999999999999));
#1727=CARTESIAN_POINT('',(-0.0591125000008194,-0.0010177881069057,0.0134123797625));
#1728=CARTESIAN_POINT('',(-0.0590625000008193,-0.000678525404603806,0.0128247595250001));
#1729=CARTESIAN_POINT('',(-0.0590125000008194,-1.17772056134163E-17,0.012824759525));
#1730=CARTESIAN_POINT('',(-0.0589625000008194,0.000678525404603782,0.0128247595250001));
#1731=CARTESIAN_POINT('',(-0.0589125000008194,0.00101778810690568,0.0134123797625));
#1732=CARTESIAN_POINT('',(-0.0588625000008193,0.00135705080920758,0.0139999999999999));
#1733=CARTESIAN_POINT('',(-0.0588125000008194,0.00101778810690568,0.0145876202375));
#1734=CARTESIAN_POINT('',(-0.0587625000008194,0.000678525404603783,0.015175240475));
#1735=CARTESIAN_POINT('',(-0.0587125000008194,-1.15472608189063E-17,0.015175240475));
#1736=CARTESIAN_POINT('',(-0.0586625000008193,-0.000678525404603805,0.015175240475));
#1737=CARTESIAN_POINT('',(-0.0586125000008194,-0.0010177881069057,0.0145876202375));
#1738=CARTESIAN_POINT('',(-0.0585625000008194,-0.0013570508092076,0.0139999999999999));
#1739=CARTESIAN_POINT('',(-0.0585125000008194,-0.0010177881069057,0.0134123797625));
#1740=CARTESIAN_POINT('',(-0.0584625000008193,-0.000678525404603806,0.0128247595250001));
#1741=CARTESIAN_POINT('',(-0.0584125000008194,-1.16051669215839E-17,0.012824759525));
#1742=CARTESIAN_POINT('',(-0.0583625000008194,0.000678525404603782,0.0128247595250001));
#1743=CARTESIAN_POINT('',(-0.0583125000008194,0.00101778810690568,0.0134123797625));
#1744=CARTESIAN_POINT('',(-0.0582625000008194,0.00135705080920758,0.0139999999999999));
#1745=CARTESIAN_POINT('',(-0.0582125000008194,0.00101778810690568,0.0145876202375));
#1746=CARTESIAN_POINT('',(-0.0581625000008193,0.000678525404603783,0.015175240475));
#1747=CARTESIAN_POINT('',(-0.0581125000008194,-1.13752221270739E-17,0.015175240475));
#1748=CARTESIAN_POINT('',(-0.0580625000008194,-0.000678525404603805,0.015175240475));
#1749=CARTESIAN_POINT('',(-0.0580125000008194,-0.0010177881069057,0.0145876202375));
#1750=CARTESIAN_POINT('',(-0.0579625000008193,-0.0013570508092076,0.0139999999999999));
#1751=CARTESIAN_POINT('',(-0.0579125000008194,-0.0010177881069057,0.0134123797625));
#1752=CARTESIAN_POINT('',(-0.0578625000008194,-0.000678525404603806,0.0128247595250001));
#1753=CARTESIAN_POINT('',(-0.0578125000008194,-1.14331282297514E-17,0.012824759525));
#1754=CARTESIAN_POINT('',(-0.0577625000008193,0.000678525404603782,0.0128247595250001));
#1755=CARTESIAN_POINT('',(-0.0577125000008194,0.00101778810690568,0.0134123797625));
#1756=CARTESIAN_POINT('',(-0.0576625000008194,0.00135705080920758,0.0139999999999999));
#1757=CARTESIAN_POINT('',(-0.0576125000008194,0.00101778810690568,0.0145876202375));
#1758=CARTESIAN_POINT('',(-0.0575625000008193,0.000678525404603783,0.015175240475));
#1759=CARTESIAN_POINT('',(-0.0575125000008194,-1.12031834352415E-17,0.015175240475));
#1760=CARTESIAN_POINT('',(-0.0574625000008193,-0.000678525404603805,0.015175240475));
#1761=CARTESIAN_POINT('',(-0.0574125000008194,-0.0010177881069057,0.0145876202375));
#1762=CARTESIAN_POINT('',(-0.0573625000008194,-0.0013570508092076,0.0139999999999999));
#1763=CARTESIAN_POINT('',(-0.0573125000008194,-0.0010177881069057,0.0134123797625));
#1764=CARTESIAN_POINT('',(-0.0572625000008193,-0.000678525404603806,0.0128247595250001));
#1765=CARTESIAN_POINT('',(-0.0572125000008194,-1.1261089537919E-17,0.012824759525));
#1766=CARTESIAN_POINT('',(-0.0571625000008194,0.000678525404603783,0.0128247595250001));
#1767=CARTESIAN_POINT('',(-0.0571125000008194,0.00101778810690568,0.0134123797625));
#1768=CARTESIAN_POINT('',(-0.0570625000008193,0.00135705080920758,0.0139999999999999));
#1769=CARTESIAN_POINT('',(-0.0570125000008194,0.00101778810690568,0.0145876202375));
#1770=CARTESIAN_POINT('',(-0.0569625000008194,0.000678525404603783,0.015175240475));
#1771=CARTESIAN_POINT('',(-0.0569125000008194,-1.10311447434091E-17,0.015175240475));
#1772=CARTESIAN_POINT('',(-0.0568625000008193,-0.000678525404603804,0.015175240475));
#1773=CARTESIAN_POINT('',(-0.0568125000008194,-0.0010177881069057,0.0145876202375));
#1774=CARTESIAN_POINT('',(-0.0567625000008194,-0.0013570508092076,0.0139999999999999));
#1775=CARTESIAN_POINT('',(-0.0567125000008194,-0.0010177881069057,0.0134123797625));
#1776=CARTESIAN_POINT('',(-0.0566625000008193,-0.000678525404603805,0.0128247595250001));
#1777=CARTESIAN_POINT('',(-0.0566125000008194,-1.10890508460866E-17,0.012824759525));
#1778=CARTESIAN_POINT('',(-0.0565625000008193,0.000678525404603783,0.0128247595250001));
#1779=CARTESIAN_POINT('',(-0.0565125000008194,0.00101778810690568,0.0134123797625));
#1780=CARTESIAN_POINT('',(-0.0564625000008194,0.00135705080920758,0.0139999999999999));
#1781=CARTESIAN_POINT('',(-0.0564125000008194,0.00101778810690568,0.0145876202375));
#1782=CARTESIAN_POINT('',(-0.0563625000008193,0.000678525404603783,0.015175240475));
#1783=CARTESIAN_POINT('',(-0.0563125000008194,-1.08591060515767E-17,0.015175240475));
#1784=CARTESIAN_POINT('',(-0.0562625000008194,-0.000678525404603804,0.015175240475));
#1785=CARTESIAN_POINT('',(-0.0562125000008194,-0.0010177881069057,0.0145876202375));
#1786=CARTESIAN_POINT('',(-0.0561625000008193,-0.0013570508092076,0.0139999999999999));
#1787=CARTESIAN_POINT('',(-0.0561125000008194,-0.0010177881069057,0.0134123797625));
#1788=CARTESIAN_POINT('',(-0.0560625000008194,-0.000678525404603805,0.0128247595250001));
#1789=CARTESIAN_POINT('',(-0.0560125000008194,-1.09170121542542E-17,0.012824759525));
#1790=CARTESIAN_POINT('',(-0.0559625000008193,0.000678525404603783,0.0128247595250001));
#1791=CARTESIAN_POINT('',(-0.0559125000008194,0.00101778810690568,0.0134123797625));
#1792=CARTESIAN_POINT('',(-0.0558625000008194,0.00135705080920758,0.0139999999999999));
#1793=CARTESIAN_POINT('',(-0.0558125000008194,0.00101778810690568,0.0145876202375));
#1794=CARTESIAN_POINT('',(-0.0557625000008194,0.000678525404603783,0.015175240475));
#1795=CARTESIAN_POINT('',(-0.0557125000008194,-1.06870673597443E-17,0.015175240475));
#1796=CARTESIAN_POINT('',(-0.0556625000008193,-0.000678525404603804,0.015175240475));
#1797=CARTESIAN_POINT('',(-0.0556125000008194,-0.0010177881069057,0.0145876202375));
#1798=CARTESIAN_POINT('',(-0.0555625000008194,-0.0013570508092076,0.0139999999999999));
#1799=CARTESIAN_POINT('',(-0.0555125000008194,-0.0010177881069057,0.0134123797625));
#1800=CARTESIAN_POINT('',(-0.0554625000008193,-0.000678525404603805,0.0128247595250001));
#1801=CARTESIAN_POINT('',(-0.0554125000008194,-1.07449734624218E-17,0.012824759525));
#1802=CARTESIAN_POINT('',(-0.0553625000008194,0.000678525404603783,0.0128247595250001));
#1803=CARTESIAN_POINT('',(-0.0553125000008194,0.00101778810690568,0.0134123797625));
#1804=CARTESIAN_POINT('',(-0.0552625000008193,0.00135705080920758,0.0139999999999999));
#1805=CARTESIAN_POINT('',(-0.0552125000008194,0.00101778810690568,0.0145876202375));
#1806=CARTESIAN_POINT('',(-0.0551625000008194,0.000678525404603783,0.015175240475));
#1807=CARTESIAN_POINT('',(-0.0551125000008194,-1.05150286679119E-17,0.015175240475));
#1808=CARTESIAN_POINT('',(-0.0550625000008193,-0.000678525404603804,0.015175240475));
#1809=CARTESIAN_POINT('',(-0.0550125000008194,-0.0010177881069057,0.0145876202375));
#1810=CARTESIAN_POINT('',(-0.0652,-1.35513546227031E-17,0.0125));
#1811=CARTESIAN_POINT('',(-0.06515,0.000866025403784424,0.0125));
#1812=CARTESIAN_POINT('',(-0.0651,0.00129903810567664,0.01325));
#1813=CARTESIAN_POINT('',(-0.0650499999999999,0.00173205080756888,0.0139999999999999));
#1814=CARTESIAN_POINT('',(-0.065,0.00129903810567664,0.01475));
#1815=CARTESIAN_POINT('',(-0.06495,0.000866025403784426,0.0155));
#1816=CARTESIAN_POINT('',(-0.0649,-1.32816382569148E-17,0.0155));
#1817=CARTESIAN_POINT('',(-0.06485,-0.000866025403784451,0.0155));
#1818=CARTESIAN_POINT('',(-0.0648,-0.00129903810567667,0.01475));
#1819=CARTESIAN_POINT('',(-0.06475,-0.00173205080756888,0.0139999999999999));
#1820=CARTESIAN_POINT('',(-0.0647,-0.00129903810567667,0.01325));
#1821=CARTESIAN_POINT('',(-0.06465,-0.000866025403784452,0.0125));
#1822=CARTESIAN_POINT('',(-0.0646,-1.33793159308707E-17,0.0125));
#1823=CARTESIAN_POINT('',(-0.06455,0.000866025403784424,0.0125));
#1824=CARTESIAN_POINT('',(-0.0645,0.00129903810567664,0.01325));
#1825=CARTESIAN_POINT('',(-0.06445,0.00173205080756888,0.0139999999999999));
#1826=CARTESIAN_POINT('',(-0.0644,0.00129903810567664,0.01475));
#1827=CARTESIAN_POINT('',(-0.0643499999999999,0.000866025403784426,0.0155));
#1828=CARTESIAN_POINT('',(-0.0643,-1.31095995650824E-17,0.0155));
#1829=CARTESIAN_POINT('',(-0.06425,-0.000866025403784451,0.0155));
#1830=CARTESIAN_POINT('',(-0.0642,-0.00129903810567667,0.01475));
#1831=CARTESIAN_POINT('',(-0.0641500000000001,-0.00173205080756888,0.0139999999999999));
#1832=CARTESIAN_POINT('',(-0.0641,-0.00129903810567667,0.01325));
#1833=CARTESIAN_POINT('',(-0.06405,-0.000866025403784452,0.0125));
#1834=CARTESIAN_POINT('',(-0.064,-1.32072772390382E-17,0.0125));
#1835=CARTESIAN_POINT('',(-0.06395,0.000866025403784424,0.0125));
#1836=CARTESIAN_POINT('',(-0.0639,0.00129903810567664,0.01325));
#1837=CARTESIAN_POINT('',(-0.06385,0.00173205080756888,0.0139999999999999));
#1838=CARTESIAN_POINT('',(-0.0638,0.00129903810567664,0.01475));
#1839=CARTESIAN_POINT('',(-0.06375,0.000866025403784426,0.0155));
#1840=CARTESIAN_POINT('',(-0.0637,-1.29375608732499E-17,0.0155));
#1841=CARTESIAN_POINT('',(-0.06365,-0.000866025403784451,0.0155));
#1842=CARTESIAN_POINT('',(-0.0636,-0.00129903810567667,0.01475));
#1843=CARTESIAN_POINT('',(-0.06355,-0.00173205080756888,0.0139999999999999));
#1844=CARTESIAN_POINT('',(-0.0635,-0.00129903810567667,0.01325));
#1845=CARTESIAN_POINT('',(-0.0634499999999999,-0.000866025403784452,0.0125));
#1846=CARTESIAN_POINT('',(-0.0634,-1.30352385472058E-17,0.0125));
#1847=CARTESIAN_POINT('',(-0.06335,0.000866025403784424,0.0125));
#1848=CARTESIAN_POINT('',(-0.0633,0.00129903810567664,0.01325));
#1849=CARTESIAN_POINT('',(-0.06325,0.00173205080756888,0.0139999999999999));
#1850=CARTESIAN_POINT('',(-0.0632,0.00129903810567664,0.01475));
#1851=CARTESIAN_POINT('',(-0.06315,0.000866025403784426,0.0155));
#1852=CARTESIAN_POINT('',(-0.0631,-1.27655221814175E-17,0.0155));
#1853=CARTESIAN_POINT('',(-0.06305,-0.000866025403784451,0.0155));
#1854=CARTESIAN_POINT('',(-0.063,-0.00129903810567667,0.01475));
#1855=CARTESIAN_POINT('',(-0.06295,-0.00173205080756888,0.0139999999999999));
#1856=CARTESIAN_POINT('',(-0.0629,-0.00129903810567667,0.01325));
#1857=CARTESIAN_POINT('',(-0.06285,-0.000866025403784452,0.0125));
#1858=CARTESIAN_POINT('',(-0.0628,-1.28631998553734E-17,0.0125));
#1859=CARTESIAN_POINT('',(-0.06275,0.000866025403784424,0.0125));
#1860=CARTESIAN_POINT('',(-0.0627,0.00129903810567664,0.01325));
#1861=CARTESIAN_POINT('',(-0.06265,0.00173205080756888,0.0139999999999999));
#1862=CARTESIAN_POINT('',(-0.0626,0.00129903810567664,0.01475));
#1863=CARTESIAN_POINT('',(-0.0625499999999999,0.000866025403784426,0.0155));
#1864=CARTESIAN_POINT('',(-0.0625,-1.25934834895851E-17,0.0155));
#1865=CARTESIAN_POINT('',(-0.06245,-0.00086602540378445,0.0155));
#1866=CARTESIAN_POINT('',(-0.0624,-0.00129903810567667,0.01475));
#1867=CARTESIAN_POINT('',(-0.06235,-0.00173205080756888,0.0139999999999999));
#1868=CARTESIAN_POINT('',(-0.0623,-0.00129903810567667,0.01325));
#1869=CARTESIAN_POINT('',(-0.06225,-0.000866025403784452,0.0125));
#1870=CARTESIAN_POINT('',(-0.0622,-1.2691161163541E-17,0.0125));
#1871=CARTESIAN_POINT('',(-0.06215,0.000866025403784426,0.0125));
#1872=CARTESIAN_POINT('',(-0.0621,0.00129903810567664,0.01325));
#1873=CARTESIAN_POINT('',(-0.06205,0.00173205080756888,0.0139999999999999));
#1874=CARTESIAN_POINT('',(-0.062,0.00129903810567665,0.01475));
#1875=CARTESIAN_POINT('',(-0.06195,0.000866025403784426,0.0155));
#1876=CARTESIAN_POINT('',(-0.0619,-1.24214447977527E-17,0.0155));
#1877=CARTESIAN_POINT('',(-0.0618499999999999,-0.00086602540378445,0.0155));
#1878=CARTESIAN_POINT('',(-0.0618,-0.00129903810567667,0.01475));
#1879=CARTESIAN_POINT('',(-0.06175,-0.00173205080756888,0.0139999999999999));
#1880=CARTESIAN_POINT('',(-0.0617,-0.00129903810567667,0.01325));
#1881=CARTESIAN_POINT('',(-0.06165,-0.000866025403784452,0.0125));
#1882=CARTESIAN_POINT('',(-0.0616,-1.25191224717086E-17,0.0125));
#1883=CARTESIAN_POINT('',(-0.06155,0.000866025403784426,0.0125));
#1884=CARTESIAN_POINT('',(-0.0615,0.00129903810567665,0.01325));
#1885=CARTESIAN_POINT('',(-0.06145,0.00173205080756888,0.0139999999999999));
#1886=CARTESIAN_POINT('',(-0.0614,0.00129903810567665,0.01475));
#1887=CARTESIAN_POINT('',(-0.06135,0.000866025403784426,0.0155));
#1888=CARTESIAN_POINT('',(-0.0613,-1.22494061059203E-17,0.0155));
#1889=CARTESIAN_POINT('',(-0.06125,-0.00086602540378445,0.0155));
#1890=CARTESIAN_POINT('',(-0.0612,-0.00129903810567667,0.01475));
#1891=CARTESIAN_POINT('',(-0.06115,-0.00173205080756888,0.0139999999999999));
#1892=CARTESIAN_POINT('',(-0.0611,-0.00129903810567667,0.01325));
#1893=CARTESIAN_POINT('',(-0.06105,-0.000866025403784451,0.0125));
#1894=CARTESIAN_POINT('',(-0.061,-1.23470837798762E-17,0.0125));
#1895=CARTESIAN_POINT('',(-0.0609499999999999,0.000866025403784426,0.0125));
#1896=CARTESIAN_POINT('',(-0.0609,0.00129903810567665,0.01325));
#1897=CARTESIAN_POINT('',(-0.06085,0.00173205080756888,0.0139999999999999));
#1898=CARTESIAN_POINT('',(-0.0608,0.00129903810567665,0.01475));
#1899=CARTESIAN_POINT('',(-0.06075,0.000866025403784427,0.0155));
#1900=CARTESIAN_POINT('',(-0.0607,-1.20773674140879E-17,0.0155));
#1901=CARTESIAN_POINT('',(-0.06065,-0.00086602540378445,0.0155));
#1902=CARTESIAN_POINT('',(-0.0606,-0.00129903810567667,0.01475));
#1903=CARTESIAN_POINT('',(-0.06055,-0.00173205080756888,0.0139999999999999));
#1904=CARTESIAN_POINT('',(-0.0605,-0.00129903810567667,0.01325));
#1905=CARTESIAN_POINT('',(-0.06045,-0.000866025403784451,0.0125));
#1906=CARTESIAN_POINT('',(-0.0604,-1.21750450880438E-17,0.0125));
#1907=CARTESIAN_POINT('',(-0.06035,0.000866025403784426,0.0125));
#1908=CARTESIAN_POINT('',(-0.0603,0.00129903810567665,0.01325));
#1909=CARTESIAN_POINT('',(-0.0602499999999999,0.00173205080756888,0.0139999999999999));
#1910=CARTESIAN_POINT('',(-0.0602,0.00129903810567665,0.01475));
#1911=CARTESIAN_POINT('',(-0.06015,0.000866025403784427,0.0155));
#1912=CARTESIAN_POINT('',(-0.0601,-1.19053287222555E-17,0.0155));
#1913=CARTESIAN_POINT('',(-0.0600499999999999,-0.00086602540378445,0.0155));
#1914=CARTESIAN_POINT('',(-0.06,-0.00129903810567667,0.01475));
#1915=CARTESIAN_POINT('',(-0.05995,-0.00173205080756888,0.0139999999999999));
#1916=CARTESIAN_POINT('',(-0.0599,-0.00129903810567667,0.01325));
#1917=CARTESIAN_POINT('',(-0.05985,-0.000866025403784451,0.0125));
#1918=CARTESIAN_POINT('',(-0.0598,-1.20030063962114E-17,0.0125));
#1919=CARTESIAN_POINT('',(-0.05975,0.000866025403784426,0.0125));
#1920=CARTESIAN_POINT('',(-0.0597,0.00129903810567665,0.01325));
#1921=CARTESIAN_POINT('',(-0.05965,0.00173205080756888,0.0139999999999999));
#1922=CARTESIAN_POINT('',(-0.0596,0.00129903810567665,0.01475));
#1923=CARTESIAN_POINT('',(-0.05955,0.000866025403784427,0.0155));
#1924=CARTESIAN_POINT('',(-0.0595,-1.17332900304231E-17,0.0155));
#1925=CARTESIAN_POINT('',(-0.05945,-0.00086602540378445,0.0155));
#1926=CARTESIAN_POINT('',(-0.0594,-0.00129903810567667,0.01475));
#1927=CARTESIAN_POINT('',(-0.0593499999999999,-0.00173205080756888,0.0139999999999999));
#1928=CARTESIAN_POINT('',(-0.0593,-0.00129903810567667,0.01325));
#1929=CARTESIAN_POINT('',(-0.05925,-0.000866025403784451,0.0125));
#1930=CARTESIAN_POINT('',(-0.0592,-1.1830967704379E-17,0.0125));
#1931=CARTESIAN_POINT('',(-0.05915,0.000866025403784426,0.0125));
#1932=CARTESIAN_POINT('',(-0.0591,0.00129903810567665,0.01325));
#1933=CARTESIAN_POINT('',(-0.05905,0.00173205080756888,0.0139999999999999));
#1934=CARTESIAN_POINT('',(-0.059,0.00129903810567665,0.01475));
#1935=CARTESIAN_POINT('',(-0.05895,0.000866025403784427,0.0155));
#1936=CARTESIAN_POINT('',(-0.0589,-1.15612513385907E-17,0.0155));
#1937=CARTESIAN_POINT('',(-0.05885,-0.000866025403784449,0.0155));
#1938=CARTESIAN_POINT('',(-0.0588,-0.00129903810567667,0.01475));
#1939=CARTESIAN_POINT('',(-0.05875,-0.00173205080756888,0.0139999999999999));
#1940=CARTESIAN_POINT('',(-0.0587,-0.00129903810567667,0.01325));
#1941=CARTESIAN_POINT('',(-0.0586499999999999,-0.000866025403784451,0.0125));
#1942=CARTESIAN_POINT('',(-0.0586,-1.16589290125466E-17,0.0125));
#1943=CARTESIAN_POINT('',(-0.05855,0.000866025403784427,0.0125));
#1944=CARTESIAN_POINT('',(-0.0585,0.00129903810567665,0.01325));
#1945=CARTESIAN_POINT('',(-0.0584499999999999,0.00173205080756888,0.0139999999999999));
#1946=CARTESIAN_POINT('',(-0.0584,0.00129903810567665,0.01475));
#1947=CARTESIAN_POINT('',(-0.05835,0.000866025403784427,0.0155));
#1948=CARTESIAN_POINT('',(-0.0583,-1.13892126467582E-17,0.0155));
#1949=CARTESIAN_POINT('',(-0.05825,-0.000866025403784449,0.0155));
#1950=CARTESIAN_POINT('',(-0.0582,-0.00129903810567667,0.01475));
#1951=CARTESIAN_POINT('',(-0.05815,-0.00173205080756888,0.0139999999999999));
#1952=CARTESIAN_POINT('',(-0.0581,-0.00129903810567667,0.01325));
#1953=CARTESIAN_POINT('',(-0.05805,-0.000866025403784451,0.0125));
#1954=CARTESIAN_POINT('',(-0.058,-1.14868903207141E-17,0.0125));
#1955=CARTESIAN_POINT('',(-0.05795,0.000866025403784427,0.0125));
#1956=CARTESIAN_POINT('',(-0.0579,0.00129903810567665,0.01325));
#1957=CARTESIAN_POINT('',(-0.05785,0.00173205080756888,0.0139999999999999));
#1958=CARTESIAN_POINT('',(-0.0578,0.00129903810567665,0.01475));
#1959=CARTESIAN_POINT('',(-0.0577499999999999,0.000866025403784427,0.0155));
#1960=CARTESIAN_POINT('',(-0.0577,-1.12171739549258E-17,0.0155));
#1961=CARTESIAN_POINT('',(-0.05765,-0.000866025403784449,0.0155));
#1962=CARTESIAN_POINT('',(-0.0576,-0.00129903810567667,0.01475));
#1963=CARTESIAN_POINT('',(-0.05755,-0.00173205080756888,0.0139999999999999));
#1964=CARTESIAN_POINT('',(-0.0575,-0.00129903810567667,0.01325));
#1965=CARTESIAN_POINT('',(-0.05745,-0.00086602540378445,0.0125));
#1966=CARTESIAN_POINT('',(-0.0574,-1.13148516288817E-17,0.0125));
#1967=CARTESIAN_POINT('',(-0.05735,0.000866025403784427,0.0125));
#1968=CARTESIAN_POINT('',(-0.0573,0.00129903810567665,0.01325));
#1969=CARTESIAN_POINT('',(-0.05725,0.00173205080756888,0.0139999999999999));
#1970=CARTESIAN_POINT('',(-0.0572,0.00129903810567665,0.01475));
#1971=CARTESIAN_POINT('',(-0.05715,0.000866025403784427,0.0155));
#1972=CARTESIAN_POINT('',(-0.0571,-1.10451352630934E-17,0.0155));
#1973=CARTESIAN_POINT('',(-0.05705,-0.000866025403784449,0.0155));
#1974=CARTESIAN_POINT('',(-0.057,-0.00129903810567667,0.01475));
#1975=CARTESIAN_POINT('',(-0.05695,-0.00173205080756888,0.0139999999999999));
#1976=CARTESIAN_POINT('',(-0.0569,-0.00129903810567667,0.01325));
#1977=CARTESIAN_POINT('',(-0.0568499999999999,-0.00086602540378445,0.0125));
#1978=CARTESIAN_POINT('',(-0.0568,-1.11428129370493E-17,0.0125));
#1979=CARTESIAN_POINT('',(-0.05675,0.000866025403784427,0.0125));
#1980=CARTESIAN_POINT('',(-0.0567,0.00129903810567665,0.01325));
#1981=CARTESIAN_POINT('',(-0.05665,0.00173205080756888,0.0139999999999999));
#1982=CARTESIAN_POINT('',(-0.0566,0.00129903810567665,0.01475));
#1983=CARTESIAN_POINT('',(-0.05655,0.000866025403784428,0.0155));
#1984=CARTESIAN_POINT('',(-0.0565,-1.0873096571261E-17,0.0155));
#1985=CARTESIAN_POINT('',(-0.05645,-0.000866025403784449,0.0155));
#1986=CARTESIAN_POINT('',(-0.0564,-0.00129903810567667,0.01475));
#1987=CARTESIAN_POINT('',(-0.05635,-0.00173205080756888,0.0139999999999999));
#1988=CARTESIAN_POINT('',(-0.0563,-0.00129903810567667,0.01325));
#1989=CARTESIAN_POINT('',(-0.05625,-0.00086602540378445,0.0125));
#1990=CARTESIAN_POINT('',(-0.0562,-1.09707742452169E-17,0.0125));
#1991=CARTESIAN_POINT('',(-0.0561499999999999,0.000866025403784427,0.0125));
#1992=CARTESIAN_POINT('',(-0.0561,0.00129903810567665,0.01325));
#1993=CARTESIAN_POINT('',(-0.05605,0.00173205080756888,0.0139999999999999));
#1994=CARTESIAN_POINT('',(-0.056,0.00129903810567665,0.01475));
#1995=CARTESIAN_POINT('',(-0.05595,0.000866025403784428,0.0155));
#1996=CARTESIAN_POINT('',(-0.0559,-1.07010578794286E-17,0.0155));
#1997=CARTESIAN_POINT('',(-0.05585,-0.000866025403784449,0.0155));
#1998=CARTESIAN_POINT('',(-0.0558,-0.00129903810567667,0.01475));
#1999=CARTESIAN_POINT('',(-0.05575,-0.00173205080756888,0.0139999999999999));
#2000=CARTESIAN_POINT('',(-0.0557,-0.00129903810567667,0.01325));
#2001=CARTESIAN_POINT('',(-0.05565,-0.00086602540378445,0.0125));
#2002=CARTESIAN_POINT('',(-0.0556,-1.07987355533845E-17,0.0125));
#2003=CARTESIAN_POINT('',(-0.05555,0.000866025403784427,0.0125));
#2004=CARTESIAN_POINT('',(-0.0555,0.00129903810567665,0.01325));
#2005=CARTESIAN_POINT('',(-0.05545,0.00173205080756888,0.0139999999999999));
#2006=CARTESIAN_POINT('',(-0.0554,0.00129903810567665,0.01475));
#2007=CARTESIAN_POINT('',(-0.05535,0.000866025403784428,0.0155));
#2008=CARTESIAN_POINT('',(-0.0553,-1.05290191875962E-17,0.0155));
#2009=CARTESIAN_POINT('',(-0.0552499999999999,-0.000866025403784449,0.0155));
#2010=CARTESIAN_POINT('',(-0.0552,-0.00129903810567667,0.01475));
#2011=CARTESIAN_POINT('',(-0.0650125000008194,-1.34975925317404E-17,0.012824759525));
#2012=CARTESIAN_POINT('',(-0.0649625000008194,0.00067852540460378,0.0128247595250001));
#2013=CARTESIAN_POINT('',(-0.0649125000008194,0.00101778810690568,0.0134123797625));
#2014=CARTESIAN_POINT('',(-0.0648625000008193,0.00135705080920758,0.0139999999999999));
#2015=CARTESIAN_POINT('',(-0.0648125000008194,0.00101778810690568,0.0145876202375));
#2016=CARTESIAN_POINT('',(-0.0647625000008193,0.000678525404603781,0.015175240475));
#2017=CARTESIAN_POINT('',(-0.0647125000008194,-1.32676477372305E-17,0.015175240475));
#2018=CARTESIAN_POINT('',(-0.0646625000008194,-0.000678525404603806,0.015175240475));
#2019=CARTESIAN_POINT('',(-0.0646125000008194,-0.0010177881069057,0.0145876202375));
#2020=CARTESIAN_POINT('',(-0.0645625000008193,-0.0013570508092076,0.0139999999999999));
#2021=CARTESIAN_POINT('',(-0.0645125000008194,-0.0010177881069057,0.0134123797625));
#2022=CARTESIAN_POINT('',(-0.0644625000008194,-0.000678525404603807,0.0128247595250001));
#2023=CARTESIAN_POINT('',(-0.0644125000008194,-1.3325553839908E-17,0.012824759525));
#2024=CARTESIAN_POINT('',(-0.0643625000008193,0.000678525404603781,0.0128247595250001));
#2025=CARTESIAN_POINT('',(-0.0643125000008194,0.00101778810690568,0.0134123797625));
#2026=CARTESIAN_POINT('',(-0.0642625000008194,0.00135705080920758,0.0139999999999999));
#2027=CARTESIAN_POINT('',(-0.0642125000008194,0.00101778810690568,0.0145876202375));
#2028=CARTESIAN_POINT('',(-0.0641625000008193,0.000678525404603781,0.015175240475));
#2029=CARTESIAN_POINT('',(-0.0641125000008194,-1.3095609045398E-17,0.015175240475));
#2030=CARTESIAN_POINT('',(-0.0640625000008194,-0.000678525404603806,0.015175240475));
#2031=CARTESIAN_POINT('',(-0.0640125000008194,-0.0010177881069057,0.0145876202375));
#2032=CARTESIAN_POINT('',(-0.0639625000008193,-0.0013570508092076,0.0139999999999999));
#2033=CARTESIAN_POINT('',(-0.0639125000008194,-0.0010177881069057,0.0134123797625));
#2034=CARTESIAN_POINT('',(-0.0638625000008193,-0.000678525404603807,0.0128247595250001));
#2035=CARTESIAN_POINT('',(-0.0638125000008194,-1.31535151480756E-17,0.012824759525));
#2036=CARTESIAN_POINT('',(-0.0637625000008194,0.000678525404603781,0.0128247595250001));
#2037=CARTESIAN_POINT('',(-0.0637125000008194,0.00101778810690568,0.0134123797625));
#2038=CARTESIAN_POINT('',(-0.0636625000008193,0.00135705080920758,0.0139999999999999));
#2039=CARTESIAN_POINT('',(-0.0636125000008194,0.00101778810690568,0.0145876202375));
#2040=CARTESIAN_POINT('',(-0.0635625000008194,0.000678525404603781,0.015175240475));
#2041=CARTESIAN_POINT('',(-0.0635125000008194,-1.29235703535656E-17,0.015175240475));
#2042=CARTESIAN_POINT('',(-0.0634625000008193,-0.000678525404603806,0.015175240475));
#2043=CARTESIAN_POINT('',(-0.0634125000008194,-0.0010177881069057,0.0145876202375));
#2044=CARTESIAN_POINT('',(-0.0633625000008194,-0.0013570508092076,0.0139999999999999));
#2045=CARTESIAN_POINT('',(-0.0633125000008194,-0.0010177881069057,0.0134123797625));
#2046=CARTESIAN_POINT('',(-0.0632625000008193,-0.000678525404603807,0.0128247595250001));
#2047=CARTESIAN_POINT('',(-0.0632125000008194,-1.29814764562431E-17,0.012824759525));
#2048=CARTESIAN_POINT('',(-0.0631625000008194,0.000678525404603781,0.0128247595250001));
#2049=CARTESIAN_POINT('',(-0.0631125000008194,0.00101778810690568,0.0134123797625));
#2050=CARTESIAN_POINT('',(-0.0630625000008194,0.00135705080920758,0.0139999999999999));
#2051=CARTESIAN_POINT('',(-0.0630125000008194,0.00101778810690568,0.0145876202375));
#2052=CARTESIAN_POINT('',(-0.0629625000008193,0.000678525404603781,0.015175240475));
#2053=CARTESIAN_POINT('',(-0.0629125000008194,-1.27515316617332E-17,0.015175240475));
#2054=CARTESIAN_POINT('',(-0.0628625000008194,-0.000678525404603806,0.015175240475));
#2055=CARTESIAN_POINT('',(-0.0628125000008194,-0.0010177881069057,0.0145876202375));
#2056=CARTESIAN_POINT('',(-0.0627625000008193,-0.0013570508092076,0.0139999999999999));
#2057=CARTESIAN_POINT('',(-0.0627125000008194,-0.0010177881069057,0.0134123797625));
#2058=CARTESIAN_POINT('',(-0.0626625000008194,-0.000678525404603807,0.0128247595250001));
#2059=CARTESIAN_POINT('',(-0.0626125000008194,-1.28094377644107E-17,0.012824759525));
#2060=CARTESIAN_POINT('',(-0.0625625000008193,0.000678525404603781,0.0128247595250001));
#2061=CARTESIAN_POINT('',(-0.0625125000008194,0.00101778810690568,0.0134123797625));
#2062=CARTESIAN_POINT('',(-0.0624625000008194,0.00135705080920758,0.0139999999999999));
#2063=CARTESIAN_POINT('',(-0.0624125000008194,0.00101778810690568,0.0145876202375));
#2064=CARTESIAN_POINT('',(-0.0623625000008193,0.000678525404603782,0.015175240475));
#2065=CARTESIAN_POINT('',(-0.0623125000008194,-1.25794929699008E-17,0.015175240475));
#2066=CARTESIAN_POINT('',(-0.0622625000008193,-0.000678525404603806,0.015175240475));
#2067=CARTESIAN_POINT('',(-0.0622125000008194,-0.0010177881069057,0.0145876202375));
#2068=CARTESIAN_POINT('',(-0.0621625000008194,-0.0013570508092076,0.0139999999999999));
#2069=CARTESIAN_POINT('',(-0.0621125000008194,-0.0010177881069057,0.0134123797625));
#2070=CARTESIAN_POINT('',(-0.0620625000008193,-0.000678525404603807,0.0128247595250001));
#2071=CARTESIAN_POINT('',(-0.0620125000008194,-1.26373990725783E-17,0.012824759525));
#2072=CARTESIAN_POINT('',(-0.0619625000008194,0.000678525404603781,0.0128247595250001));
#2073=CARTESIAN_POINT('',(-0.0619125000008194,0.00101778810690568,0.0134123797625));
#2074=CARTESIAN_POINT('',(-0.0618625000008193,0.00135705080920758,0.0139999999999999));
#2075=CARTESIAN_POINT('',(-0.0618125000008194,0.00101778810690568,0.0145876202375));
#2076=CARTESIAN_POINT('',(-0.0617625000008194,0.000678525404603782,0.015175240475));
#2077=CARTESIAN_POINT('',(-0.0617125000008194,-1.24074542780684E-17,0.015175240475));
#2078=CARTESIAN_POINT('',(-0.0616625000008193,-0.000678525404603806,0.015175240475));
#2079=CARTESIAN_POINT('',(-0.0616125000008194,-0.0010177881069057,0.0145876202375));
#2080=CARTESIAN_POINT('',(-0.0615625000008193,-0.0013570508092076,0.0139999999999999));
#2081=CARTESIAN_POINT('',(-0.0615125000008194,-0.0010177881069057,0.0134123797625));
#2082=CARTESIAN_POINT('',(-0.0614625000008194,-0.000678525404603807,0.0128247595250001));
#2083=CARTESIAN_POINT('',(-0.0614125000008194,-1.24653603807459E-17,0.012824759525));
#2084=CARTESIAN_POINT('',(-0.0613625000008193,0.000678525404603781,0.0128247595250001));
#2085=CARTESIAN_POINT('',(-0.0613125000008194,0.00101778810690568,0.0134123797625));
#2086=CARTESIAN_POINT('',(-0.0612625000008194,0.00135705080920758,0.0139999999999999));
#2087=CARTESIAN_POINT('',(-0.0612125000008194,0.00101778810690568,0.0145876202375));
#2088=CARTESIAN_POINT('',(-0.0611625000008193,0.000678525404603782,0.015175240475));
#2089=CARTESIAN_POINT('',(-0.0611125000008194,-1.2235415586236E-17,0.015175240475));
#2090=CARTESIAN_POINT('',(-0.0610625000008194,-0.000678525404603806,0.015175240475));
#2091=CARTESIAN_POINT('',(-0.0610125000008194,-0.0010177881069057,0.0145876202375));
#2092=CARTESIAN_POINT('',(-0.0609625000008193,-0.0013570508092076,0.0139999999999999));
#2093=CARTESIAN_POINT('',(-0.0609125000008194,-0.0010177881069057,0.0134123797625));
#2094=CARTESIAN_POINT('',(-0.0608625000008194,-0.000678525404603806,0.0128247595250001));
#2095=CARTESIAN_POINT('',(-0.0608125000008194,-1.22933216889135E-17,0.012824759525));
#2096=CARTESIAN_POINT('',(-0.0607625000008193,0.000678525404603781,0.0128247595250001));
#2097=CARTESIAN_POINT('',(-0.0607125000008194,0.00101778810690568,0.0134123797625));
#2098=CARTESIAN_POINT('',(-0.0606625000008193,0.00135705080920758,0.0139999999999999));
#2099=CARTESIAN_POINT('',(-0.0606125000008194,0.00101778810690568,0.0145876202375));
#2100=CARTESIAN_POINT('',(-0.0605625000008194,0.000678525404603782,0.015175240475));
#2101=CARTESIAN_POINT('',(-0.0605125000008194,-1.20633768944036E-17,0.015175240475));
#2102=CARTESIAN_POINT('',(-0.0604625000008193,-0.000678525404603805,0.015175240475));
#2103=CARTESIAN_POINT('',(-0.0604125000008194,-0.0010177881069057,0.0145876202375));
#2104=CARTESIAN_POINT('',(-0.0603625000008194,-0.0013570508092076,0.0139999999999999));
#2105=CARTESIAN_POINT('',(-0.0603125000008194,-0.0010177881069057,0.0134123797625));
#2106=CARTESIAN_POINT('',(-0.0602625000008193,-0.000678525404603806,0.0128247595250001));
#2107=CARTESIAN_POINT('',(-0.0602125000008194,-1.21212829970811E-17,0.012824759525));
#2108=CARTESIAN_POINT('',(-0.0601625000008194,0.000678525404603782,0.0128247595250001));
#2109=CARTESIAN_POINT('',(-0.0601125000008194,0.00101778810690568,0.0134123797625));
#2110=CARTESIAN_POINT('',(-0.0600625000008193,0.00135705080920758,0.0139999999999999));
#2111=CARTESIAN_POINT('',(-0.0600125000008194,0.00101778810690568,0.0145876202375));
#2112=CARTESIAN_POINT('',(-0.0599625000008194,0.000678525404603782,0.015175240475));
#2113=CARTESIAN_POINT('',(-0.0599125000008194,-1.18913382025712E-17,0.015175240475));
#2114=CARTESIAN_POINT('',(-0.0598625000008193,-0.000678525404603805,0.015175240475));
#2115=CARTESIAN_POINT('',(-0.0598125000008194,-0.0010177881069057,0.0145876202375));
#2116=CARTESIAN_POINT('',(-0.0597625000008193,-0.0013570508092076,0.0139999999999999));
#2117=CARTESIAN_POINT('',(-0.0597125000008194,-0.0010177881069057,0.0134123797625));
#2118=CARTESIAN_POINT('',(-0.0596625000008194,-0.000678525404603806,0.0128247595250001));
#2119=CARTESIAN_POINT('',(-0.0596125000008194,-1.19492443052487E-17,0.012824759525));
#2120=CARTESIAN_POINT('',(-0.0595625000008193,0.000678525404603782,0.0128247595250001));
#2121=CARTESIAN_POINT('',(-0.0595125000008194,0.00101778810690568,0.0134123797625));
#2122=CARTESIAN_POINT('',(-0.0594625000008194,0.00135705080920758,0.0139999999999999));
#2123=CARTESIAN_POINT('',(-0.0594125000008194,0.00101778810690568,0.0145876202375));
#2124=CARTESIAN_POINT('',(-0.0593625000008193,0.000678525404603782,0.015175240475));
#2125=CARTESIAN_POINT('',(-0.0593125000008194,-1.17192995107388E-17,0.015175240475));
#2126=CARTESIAN_POINT('',(-0.0592625000008194,-0.000678525404603805,0.015175240475));
#2127=CARTESIAN_POINT('',(-0.0592125000008194,-0.0010177881069057,0.0145876202375));
#2128=CARTESIAN_POINT('',(-0.0591625000008193,-0.0013570508092076,0.0139999999999999));
#2129=CARTESIAN_POINT('',(-0.0591125000008194,-0.0010177881069057,0.0134123797625));
#2130=CARTESIAN_POINT('',(-0.0590625000008193,-0.000678525404603806,0.0128247595250001));
#2131=CARTESIAN_POINT('',(-0.0590125000008194,-1.17772056134163E-17,0.012824759525));
#2132=CARTESIAN_POINT('',(-0.0589625000008194,0.000678525404603782,0.0128247595250001));
#2133=CARTESIAN_POINT('',(-0.0589125000008194,0.00101778810690568,0.0134123797625));
#2134=CARTESIAN_POINT('',(-0.0588625000008193,0.00135705080920758,0.0139999999999999));
#2135=CARTESIAN_POINT('',(-0.0588125000008194,0.00101778810690568,0.0145876202375));
#2136=CARTESIAN_POINT('',(-0.0587625000008194,0.000678525404603783,0.015175240475));
#2137=CARTESIAN_POINT('',(-0.0587125000008194,-1.15472608189063E-17,0.015175240475));
#2138=CARTESIAN_POINT('',(-0.0586625000008193,-0.000678525404603805,0.015175240475));
#2139=CARTESIAN_POINT('',(-0.0586125000008194,-0.0010177881069057,0.0145876202375));
#2140=CARTESIAN_POINT('',(-0.0585625000008194,-0.0013570508092076,0.0139999999999999));
#2141=CARTESIAN_POINT('',(-0.0585125000008194,-0.0010177881069057,0.0134123797625));
#2142=CARTESIAN_POINT('',(-0.0584625000008193,-0.000678525404603806,0.0128247595250001));
#2143=CARTESIAN_POINT('',(-0.0584125000008194,-1.16051669215839E-17,0.012824759525));
#2144=CARTESIAN_POINT('',(-0.0583625000008194,0.000678525404603782,0.0128247595250001));
#2145=CARTESIAN_POINT('',(-0.0583125000008194,0.00101778810690568,0.0134123797625));
#2146=CARTESIAN_POINT('',(-0.0582625000008194,0.00135705080920758,0.0139999999999999));
#2147=CARTESIAN_POINT('',(-0.0582125000008194,0.00101778810690568,0.0145876202375));
#2148=CARTESIAN_POINT('',(-0.0581625000008193,0.000678525404603783,0.015175240475));
#2149=CARTESIAN_POINT('',(-0.0581125000008194,-1.13752221270739E-17,0.015175240475));
#2150=CARTESIAN_POINT('',(-0.0580625000008194,-0.000678525404603805,0.015175240475));
#2151=CARTESIAN_POINT('',(-0.0580125000008194,-0.0010177881069057,0.0145876202375));
#2152=CARTESIAN_POINT('',(-0.0579625000008193,-0.0013570508092076,0.0139999999999999));
#2153=CARTESIAN_POINT('',(-0.0579125000008194,-0.0010177881069057,0.0134123797625));
#2154=CARTESIAN_POINT('',(-0.0578625000008194,-0.000678525404603806,0.0128247595250001));
#2155=CARTESIAN_POINT('',(-0.0578125000008194,-1.14331282297514E-17,0.012824759525));
#2156=CARTESIAN_POINT('',(-0.0577625000008193,0.000678525404603782,0.0128247595250001));
#2157=CARTESIAN_POINT('',(-0.0577125000008194,0.00101778810690568,0.0134123797625));
#2158=CARTESIAN_POINT('',(-0.0576625000008194,0.00135705080920758,0.0139999999999999));
#2159=CARTESIAN_POINT('',(-0.0576125000008194,0.00101778810690568,0.0145876202375));
#2160=CARTESIAN_POINT('',(-0.0575625000008193,0.000678525404603783,0.015175240475));
#2161=CARTESIAN_POINT('',(-0.0575125000008194,-1.12031834352415E-17,0.015175240475));
#2162=CARTESIAN_POINT('',(-0.0574625000008193,-0.000678525404603805,0.015175240475));
#2163=CARTESIAN_POINT('',(-0.0574125000008194,-0.0010177881069057,0.0145876202375));
#2164=CARTESIAN_POINT('',(-0.0573625000008194,-0.0013570508092076,0.0139999999999999));
#2165=CARTESIAN_POINT('',(-0.0573125000008194,-0.0010177881069057,0.0134123797625));
#2166=CARTESIAN_POINT('',(-0.0572625000008193,-0.000678525404603806,0.0128247595250001));
#2167=CARTESIAN_POINT('',(-0.0572125000008194,-1.1261089537919E-17,0.012824759525));
#2168=CARTESIAN_POINT('',(-0.0571625000008194,0.000678525404603783,0.0128247595250001));
#2169=CARTESIAN_POINT('',(-0.0571125000008194,0.00101778810690568,0.0134123797625));
#2170=CARTESIAN_POINT('',(-0.0570625000008193,0.00135705080920758,0.0139999999999999));
#2171=CARTESIAN_POINT('',(-0.0570125000008194,0.00101778810690568,0.0145876202375));
#2172=CARTESIAN_POINT('',(-0.0569625000008194,0.000678525404603783,0.015175240475));
#2173=CARTESIAN_POINT('',(-0.0569125000008194,-1.10311447434091E-17,0.015175240475));
#2174=CARTESIAN_POINT('',(-0.0568625000008193,-0.000678525404603804,0.015175240475));
#2175=CARTESIAN_POINT('',(-0.0568125000008194,-0.0010177881069057,0.0145876202375));
#2176=CARTESIAN_POINT('',(-0.0567625000008194,-0.0013570508092076,0.0139999999999999));
#2177=CARTESIAN_POINT('',(-0.0567125000008194,-0.0010177881069057,0.0134123797625));
#2178=CARTESIAN_POINT('',(-0.0566625000008193,-0.000678525404603805,0.0128247595250001));
#2179=CARTESIAN_POINT('',(-0.0566125000008194,-1.10890508460866E-17,0.012824759525));
#2180=CARTESIAN_POINT('',(-0.0565625000008193,0.000678525404603783,0.0128247595250001));
#2181=CARTESIAN_POINT('',(-0.0565125000008194,0.00101778810690568,0.0134123797625));
#2182=CARTESIAN_POINT('',(-0.0564625000008194,0.00135705080920758,0.0139999999999999));
#2183=CARTESIAN_POINT('',(-0.0564125000008194,0.00101778810690568,0.0145876202375));
#2184=CARTESIAN_POINT('',(-0.0563625000008193,0.000678525404603783,0.015175240475));
#2185=CARTESIAN_POINT('',(-0.0563125000008194,-1.08591060515767E-17,0.015175240475));
#2186=CARTESIAN_POINT('',(-0.0562625000008194,-0.000678525404603804,0.015175240475));
#2187=CARTESIAN_POINT('',(-0.0562125000008194,-0.0010177881069057,0.0145876202375));
#2188=CARTESIAN_POINT('',(-0.0561625000008193,-0.0013570508092076,0.0139999999999999));
#2189=CARTESIAN_POINT('',(-0.0561125000008194,-0.0010177881069057,0.0134123797625));
#2190=CARTESIAN_POINT('',(-0.0560625000008194,-0.000678525404603805,0.0128247595250001));
#2191=CARTESIAN_POINT('',(-0.0560125000008194,-1.09170121542542E-17,0.012824759525));
#2192=CARTESIAN_POINT('',(-0.0559625000008193,0.000678525404603783,0.0128247595250001));
#2193=CARTESIAN_POINT('',(-0.0559125000008194,0.00101778810690568,0.0134123797625));
#2194=CARTESIAN_POINT('',(-0.0558625000008194,0.00135705080920758,0.0139999999999999));
#2195=CARTESIAN_POINT('',(-0.0558125000008194,0.00101778810690568,0.0145876202375));
#2196=CARTESIAN_POINT('',(-0.0557625000008194,0.000678525404603783,0.015175240475));
#2197=CARTESIAN_POINT('',(-0.0557125000008194,-1.06870673597443E-17,0.015175240475));
#2198=CARTESIAN_POINT('',(-0.0556625000008193,-0.000678525404603804,0.015175240475));
#2199=CARTESIAN_POINT('',(-0.0556125000008194,-0.0010177881069057,0.0145876202375));
#2200=CARTESIAN_POINT('',(-0.0555625000008194,-0.0013570508092076,0.0139999999999999));
#2201=CARTESIAN_POINT('',(-0.0555125000008194,-0.0010177881069057,0.0134123797625));
#2202=CARTESIAN_POINT('',(-0.0554625000008193,-0.000678525404603805,0.0128247595250001));
#2203=CARTESIAN_POINT('',(-0.0554125000008194,-1.07449734624218E-17,0.012824759525));
#2204=CARTESIAN_POINT('',(-0.0553625000008194,0.000678525404603783,0.0128247595250001));
#2205=CARTESIAN_POINT('',(-0.0553125000008194,0.00101778810690568,0.0134123797625));
#2206=CARTESIAN_POINT('',(-0.0552625000008193,0.00135705080920758,0.0139999999999999));
#2207=CARTESIAN_POINT('',(-0.0552125000008194,0.00101778810690568,0.0145876202375));
#2208=CARTESIAN_POINT('',(-0.0551625000008194,0.000678525404603783,0.015175240475));
#2209=CARTESIAN_POINT('',(-0.0551125000008194,-1.05150286679119E-17,0.015175240475));
#2210=CARTESIAN_POINT('',(-0.0550625000008193,-0.000678525404603804,0.015175240475));
#2211=CARTESIAN_POINT('',(-0.0550125000008194,-0.0010177881069057,0.0145876202375));
#2212=CARTESIAN_POINT('',(-0.0628925000008194,6.74373751285984E-17,0.014));
#2213=CARTESIAN_POINT('',(-0.0648625000008194,-1.34545828587823E-17,0.012824759525));
#2214=CARTESIAN_POINT('',(-0.0648125000008193,0.00067852540460378,0.0128247595250001));
#2215=CARTESIAN_POINT('',(-0.0647625000008194,0.00101778810690568,0.0134123797625));
#2216=CARTESIAN_POINT('',(-0.0647125000008194,0.00135705080920758,0.0139999999999999));
#2217=CARTESIAN_POINT('',(-0.0646625000008194,0.00101778810690568,0.0145876202375));
#2218=CARTESIAN_POINT('',(-0.0646125000008193,0.000678525404603781,0.015175240475));
#2219=CARTESIAN_POINT('',(-0.0645625000008194,-1.32246380642724E-17,0.015175240475));
#2220=CARTESIAN_POINT('',(-0.0645125000008194,-0.000678525404603806,0.015175240475));
#2221=CARTESIAN_POINT('',(-0.0644625000008194,-0.0010177881069057,0.0145876202375));
#2222=CARTESIAN_POINT('',(-0.0644125000008193,-0.0013570508092076,0.0139999999999999));
#2223=CARTESIAN_POINT('',(-0.0643625000008194,-0.0010177881069057,0.0134123797625));
#2224=CARTESIAN_POINT('',(-0.0643125000008193,-0.000678525404603807,0.0128247595250001));
#2225=CARTESIAN_POINT('',(-0.0642625000008194,-1.32825441669499E-17,0.012824759525));
#2226=CARTESIAN_POINT('',(-0.0642125000008194,0.000678525404603781,0.0128247595250001));
#2227=CARTESIAN_POINT('',(-0.0641625000008194,0.00101778810690568,0.0134123797625));
#2228=CARTESIAN_POINT('',(-0.0641125000008193,0.00135705080920758,0.0139999999999999));
#2229=CARTESIAN_POINT('',(-0.0640625000008194,0.00101778810690568,0.0145876202375));
#2230=CARTESIAN_POINT('',(-0.0640125000008194,0.000678525404603781,0.015175240475));
#2231=CARTESIAN_POINT('',(-0.0639625000008194,-1.30525993724399E-17,0.015175240475));
#2232=CARTESIAN_POINT('',(-0.0639125000008193,-0.000678525404603806,0.015175240475));
#2233=CARTESIAN_POINT('',(-0.0638625000008194,-0.0010177881069057,0.0145876202375));
#2234=CARTESIAN_POINT('',(-0.0638125000008194,-0.0013570508092076,0.0139999999999999));
#2235=CARTESIAN_POINT('',(-0.0637625000008194,-0.0010177881069057,0.0134123797625));
#2236=CARTESIAN_POINT('',(-0.0637125000008193,-0.000678525404603807,0.0128247595250001));
#2237=CARTESIAN_POINT('',(-0.0636625000008194,-1.31105054751174E-17,0.012824759525));
#2238=CARTESIAN_POINT('',(-0.0636125000008193,0.000678525404603781,0.0128247595250001));
#2239=CARTESIAN_POINT('',(-0.0635625000008194,0.00101778810690568,0.0134123797625));
#2240=CARTESIAN_POINT('',(-0.0635125000008193,0.00135705080920758,0.0139999999999999));
#2241=CARTESIAN_POINT('',(-0.0634625000008194,0.00101778810690568,0.0145876202375));
#2242=CARTESIAN_POINT('',(-0.0634125000008193,0.000678525404603781,0.015175240475));
#2243=CARTESIAN_POINT('',(-0.0633625000008194,-1.28805606806075E-17,0.015175240475));
#2244=CARTESIAN_POINT('',(-0.0633125000008194,-0.000678525404603806,0.015175240475));
#2245=CARTESIAN_POINT('',(-0.0632625000008194,-0.0010177881069057,0.0145876202375));
#2246=CARTESIAN_POINT('',(-0.0632125000008193,-0.0013570508092076,0.0139999999999999));
#2247=CARTESIAN_POINT('',(-0.0631625000008194,-0.0010177881069057,0.0134123797625));
#2248=CARTESIAN_POINT('',(-0.0631125000008194,-0.000678525404603807,0.0128247595250001));
#2249=CARTESIAN_POINT('',(-0.0630625000008194,-1.2938466783285E-17,0.012824759525));
#2250=CARTESIAN_POINT('',(-0.0630125000008193,0.000678525404603781,0.0128247595250001));
#2251=CARTESIAN_POINT('',(-0.0629625000008194,0.00101778810690568,0.0134123797625));
#2252=CARTESIAN_POINT('',(-0.0629125000008194,0.00135705080920758,0.0139999999999999));
#2253=CARTESIAN_POINT('',(-0.0628625000008194,0.00101778810690568,0.0145876202375));
#2254=CARTESIAN_POINT('',(-0.0628125000008193,0.000678525404603781,0.015175240475));
#2255=CARTESIAN_POINT('',(-0.0627625000008194,-1.27085219887751E-17,0.015175240475));
#2256=CARTESIAN_POINT('',(-0.0627125000008193,-0.000678525404603806,0.015175240475));
#2257=CARTESIAN_POINT('',(-0.0626625000008194,-0.0010177881069057,0.0145876202375));
#2258=CARTESIAN_POINT('',(-0.0626125000008194,-0.0013570508092076,0.0139999999999999));
#2259=CARTESIAN_POINT('',(-0.0625625000008194,-0.0010177881069057,0.0134123797625));
#2260=CARTESIAN_POINT('',(-0.0625125000008193,-0.000678525404603807,0.0128247595250001));
#2261=CARTESIAN_POINT('',(-0.0624625000008194,-1.27664280914526E-17,0.012824759525));
#2262=CARTESIAN_POINT('',(-0.0624125000008194,0.000678525404603781,0.0128247595250001));
#2263=CARTESIAN_POINT('',(-0.0623625000008194,0.00101778810690568,0.0134123797625));
#2264=CARTESIAN_POINT('',(-0.0623125000008193,0.00135705080920758,0.0139999999999999));
#2265=CARTESIAN_POINT('',(-0.0622625000008194,0.00101778810690568,0.0145876202375));
#2266=CARTESIAN_POINT('',(-0.0622125000008194,0.000678525404603782,0.015175240475));
#2267=CARTESIAN_POINT('',(-0.0621625000008194,-1.25364832969427E-17,0.015175240475));
#2268=CARTESIAN_POINT('',(-0.0621125000008193,-0.000678525404603806,0.015175240475));
#2269=CARTESIAN_POINT('',(-0.0620625000008194,-0.0010177881069057,0.0145876202375));
#2270=CARTESIAN_POINT('',(-0.0620125000008194,-0.0013570508092076,0.0139999999999999));
#2271=CARTESIAN_POINT('',(-0.0619625000008194,-0.0010177881069057,0.0134123797625));
#2272=CARTESIAN_POINT('',(-0.0619125000008193,-0.000678525404603807,0.0128247595250001));
#2273=CARTESIAN_POINT('',(-0.0618625000008194,-1.25943893996202E-17,0.012824759525));
#2274=CARTESIAN_POINT('',(-0.0618125000008193,0.000678525404603781,0.0128247595250001));
#2275=CARTESIAN_POINT('',(-0.0617625000008194,0.00101778810690568,0.0134123797625));
#2276=CARTESIAN_POINT('',(-0.0617125000008194,0.00135705080920758,0.0139999999999999));
#2277=CARTESIAN_POINT('',(-0.0616625000008194,0.00101778810690568,0.0145876202375));
#2278=CARTESIAN_POINT('',(-0.0616125000008193,0.000678525404603782,0.015175240475));
#2279=CARTESIAN_POINT('',(-0.0615625000008194,-1.23644446051103E-17,0.015175240475));
#2280=CARTESIAN_POINT('',(-0.0615125000008194,-0.000678525404603806,0.015175240475));
#2281=CARTESIAN_POINT('',(-0.0614625000008194,-0.0010177881069057,0.0145876202375));
#2282=CARTESIAN_POINT('',(-0.0614125000008193,-0.0013570508092076,0.0139999999999999));
#2283=CARTESIAN_POINT('',(-0.0613625000008194,-0.0010177881069057,0.0134123797625));
#2284=CARTESIAN_POINT('',(-0.0613125000008194,-0.000678525404603807,0.0128247595250001));
#2285=CARTESIAN_POINT('',(-0.0612625000008194,-1.24223507077878E-17,0.012824759525));
#2286=CARTESIAN_POINT('',(-0.0612125000008193,0.000678525404603781,0.0128247595250001));
#2287=CARTESIAN_POINT('',(-0.0611625000008194,0.00101778810690568,0.0134123797625));
#2288=CARTESIAN_POINT('',(-0.0611125000008194,0.00135705080920758,0.0139999999999999));
#2289=CARTESIAN_POINT('',(-0.0610625000008194,0.00101778810690568,0.0145876202375));
#2290=CARTESIAN_POINT('',(-0.0610125000008194,0.000678525404603782,0.015175240475));
#2291=CARTESIAN_POINT('',(-0.0609625000008194,-1.21924059132779E-17,0.015175240475));
#2292=CARTESIAN_POINT('',(-0.0609125000008193,-0.000678525404603806,0.015175240475));
#2293=CARTESIAN_POINT('',(-0.0608625000008194,-0.0010177881069057,0.0145876202375));
#2294=CARTESIAN_POINT('',(-0.0608125000008194,-0.0013570508092076,0.0139999999999999));
#2295=CARTESIAN_POINT('',(-0.0607625000008194,-0.0010177881069057,0.0134123797625));
#2296=CARTESIAN_POINT('',(-0.0607125000008193,-0.000678525404603806,0.0128247595250001));
#2297=CARTESIAN_POINT('',(-0.0606625000008194,-1.22503120159554E-17,0.012824759525));
#2298=CARTESIAN_POINT('',(-0.0606125000008194,0.000678525404603781,0.0128247595250001));
#2299=CARTESIAN_POINT('',(-0.0605625000008194,0.00101778810690568,0.0134123797625));
#2300=CARTESIAN_POINT('',(-0.0605125000008193,0.00135705080920758,0.0139999999999999));
#2301=CARTESIAN_POINT('',(-0.0604625000008194,0.00101778810690568,0.0145876202375));
#2302=CARTESIAN_POINT('',(-0.0604125000008194,0.000678525404603782,0.015175240475));
#2303=CARTESIAN_POINT('',(-0.0603625000008194,-1.20203672214455E-17,0.015175240475));
#2304=CARTESIAN_POINT('',(-0.0603125000008193,-0.000678525404603805,0.015175240475));
#2305=CARTESIAN_POINT('',(-0.0602625000008194,-0.0010177881069057,0.0145876202375));
#2306=CARTESIAN_POINT('',(-0.0602125000008193,-0.0013570508092076,0.0139999999999999));
#2307=CARTESIAN_POINT('',(-0.0601625000008194,-0.0010177881069057,0.0134123797625));
#2308=CARTESIAN_POINT('',(-0.0601125000008194,-0.000678525404603806,0.0128247595250001));
#2309=CARTESIAN_POINT('',(-0.0600625000008194,-1.2078273324123E-17,0.012824759525));
#2310=CARTESIAN_POINT('',(-0.0600125000008193,0.000678525404603782,0.0128247595250001));
#2311=CARTESIAN_POINT('',(-0.0599625000008194,0.00101778810690568,0.0134123797625));
#2312=CARTESIAN_POINT('',(-0.0599125000008194,0.00135705080920758,0.0139999999999999));
#2313=CARTESIAN_POINT('',(-0.0598625000008194,0.00101778810690568,0.0145876202375));
#2314=CARTESIAN_POINT('',(-0.0598125000008193,0.000678525404603782,0.015175240475));
#2315=CARTESIAN_POINT('',(-0.0597625000008194,-1.18483285296131E-17,0.015175240475));
#2316=CARTESIAN_POINT('',(-0.0597125000008194,-0.000678525404603805,0.015175240475));
#2317=CARTESIAN_POINT('',(-0.0596625000008194,-0.0010177881069057,0.0145876202375));
#2318=CARTESIAN_POINT('',(-0.0596125000008193,-0.0013570508092076,0.0139999999999999));
#2319=CARTESIAN_POINT('',(-0.0595625000008194,-0.0010177881069057,0.0134123797625));
#2320=CARTESIAN_POINT('',(-0.0595125000008194,-0.000678525404603806,0.0128247595250001));
#2321=CARTESIAN_POINT('',(-0.0594625000008194,-1.19062346322906E-17,0.012824759525));
#2322=CARTESIAN_POINT('',(-0.0594125000008194,0.000678525404603782,0.0128247595250001));
#2323=CARTESIAN_POINT('',(-0.0593625000008194,0.00101778810690568,0.0134123797625));
#2324=CARTESIAN_POINT('',(-0.0593125000008193,0.00135705080920758,0.0139999999999999));
#2325=CARTESIAN_POINT('',(-0.0592625000008194,0.00101778810690568,0.0145876202375));
#2326=CARTESIAN_POINT('',(-0.0592125000008194,0.000678525404603782,0.015175240475));
#2327=CARTESIAN_POINT('',(-0.0591625000008194,-1.16762898377807E-17,0.015175240475));
#2328=CARTESIAN_POINT('',(-0.0591125000008193,-0.000678525404603805,0.015175240475));
#2329=CARTESIAN_POINT('',(-0.0590625000008194,-0.0010177881069057,0.0145876202375));
#2330=CARTESIAN_POINT('',(-0.0590125000008194,-0.0013570508092076,0.0139999999999999));
#2331=CARTESIAN_POINT('',(-0.0589625000008194,-0.0010177881069057,0.0134123797625));
#2332=CARTESIAN_POINT('',(-0.0589125000008193,-0.000678525404603806,0.0128247595250001));
#2333=CARTESIAN_POINT('',(-0.0588625000008194,-1.17341959404582E-17,0.012824759525));
#2334=CARTESIAN_POINT('',(-0.0588125000008194,0.000678525404603782,0.0128247595250001));
#2335=CARTESIAN_POINT('',(-0.0587625000008194,0.00101778810690568,0.0134123797625));
#2336=CARTESIAN_POINT('',(-0.0587125000008193,0.00135705080920758,0.0139999999999999));
#2337=CARTESIAN_POINT('',(-0.0586625000008194,0.00101778810690568,0.0145876202375));
#2338=CARTESIAN_POINT('',(-0.0586125000008193,0.000678525404603783,0.015175240475));
#2339=CARTESIAN_POINT('',(-0.0585625000008194,-1.15042511459482E-17,0.015175240475));
#2340=CARTESIAN_POINT('',(-0.0585125000008194,-0.000678525404603805,0.015175240475));
#2341=CARTESIAN_POINT('',(-0.0584625000008194,-0.0010177881069057,0.0145876202375));
#2342=CARTESIAN_POINT('',(-0.0584125000008193,-0.0013570508092076,0.0139999999999999));
#2343=CARTESIAN_POINT('',(-0.0583625000008194,-0.0010177881069057,0.0134123797625));
#2344=CARTESIAN_POINT('',(-0.0583125000008194,-0.000678525404603806,0.0128247595250001));
#2345=CARTESIAN_POINT('',(-0.0582625000008194,-1.15621572486258E-17,0.012824759525));
#2346=CARTESIAN_POINT('',(-0.0582125000008193,0.000678525404603782,0.0128247595250001));
#2347=CARTESIAN_POINT('',(-0.0581625000008194,0.00101778810690568,0.0134123797625));
#2348=CARTESIAN_POINT('',(-0.0581125000008194,0.00135705080920758,0.0139999999999999));
#2349=CARTESIAN_POINT('',(-0.0580625000008194,0.00101778810690568,0.0145876202375));
#2350=CARTESIAN_POINT('',(-0.0580125000008193,0.000678525404603783,0.015175240475));
#2351=CARTESIAN_POINT('',(-0.0579625000008194,-1.13322124541158E-17,0.015175240475));
#2352=CARTESIAN_POINT('',(-0.0579125000008194,-0.000678525404603805,0.015175240475));
#2353=CARTESIAN_POINT('',(-0.0578625000008194,-0.0010177881069057,0.0145876202375));
#2354=CARTESIAN_POINT('',(-0.0578125000008193,-0.0013570508092076,0.0139999999999999));
#2355=CARTESIAN_POINT('',(-0.0577625000008194,-0.0010177881069057,0.0134123797625));
#2356=CARTESIAN_POINT('',(-0.0577125000008193,-0.000678525404603806,0.0128247595250001));
#2357=CARTESIAN_POINT('',(-0.0576625000008194,-1.13901185567933E-17,0.012824759525));
#2358=CARTESIAN_POINT('',(-0.0576125000008194,0.000678525404603782,0.0128247595250001));
#2359=CARTESIAN_POINT('',(-0.0575625000008194,0.00101778810690568,0.0134123797625));
#2360=CARTESIAN_POINT('',(-0.0575125000008193,0.00135705080920758,0.0139999999999999));
#2361=CARTESIAN_POINT('',(-0.0574625000008194,0.00101778810690568,0.0145876202375));
#2362=CARTESIAN_POINT('',(-0.0574125000008194,0.000678525404603783,0.015175240475));
#2363=CARTESIAN_POINT('',(-0.0573625000008194,-1.11601737622834E-17,0.015175240475));
#2364=CARTESIAN_POINT('',(-0.0573125000008193,-0.000678525404603805,0.015175240475));
#2365=CARTESIAN_POINT('',(-0.0572625000008194,-0.0010177881069057,0.0145876202375));
#2366=CARTESIAN_POINT('',(-0.0572125000008194,-0.0013570508092076,0.0139999999999999));
#2367=CARTESIAN_POINT('',(-0.0571625000008194,-0.0010177881069057,0.0134123797625));
#2368=CARTESIAN_POINT('',(-0.0571125000008193,-0.000678525404603806,0.0128247595250001));
#2369=CARTESIAN_POINT('',(-0.0570625000008194,-1.12180798649609E-17,0.012824759525));
#2370=CARTESIAN_POINT('',(-0.0570125000008194,0.000678525404603783,0.0128247595250001));
#2371=CARTESIAN_POINT('',(-0.0569625000008194,0.00101778810690568,0.0134123797625));
#2372=CARTESIAN_POINT('',(-0.0569125000008194,0.00135705080920758,0.0139999999999999));
#2373=CARTESIAN_POINT('',(-0.0568625000008194,0.00101778810690568,0.0145876202375));
#2374=CARTESIAN_POINT('',(-0.0568125000008193,0.000678525404603783,0.015175240475));
#2375=CARTESIAN_POINT('',(-0.0567625000008194,-1.0988135070451E-17,0.015175240475));
#2376=CARTESIAN_POINT('',(-0.0567125000008194,-0.000678525404603804,0.015175240475));
#2377=CARTESIAN_POINT('',(-0.0566625000008194,-0.0010177881069057,0.0145876202375));
#2378=CARTESIAN_POINT('',(-0.0566125000008193,-0.0013570508092076,0.0139999999999999));
#2379=CARTESIAN_POINT('',(-0.0565625000008194,-0.0010177881069057,0.0134123797625));
#2380=CARTESIAN_POINT('',(-0.0565125000008194,-0.000678525404603805,0.0128247595250001));
#2381=CARTESIAN_POINT('',(-0.0564625000008194,-1.10460411731285E-17,0.012824759525));
#2382=CARTESIAN_POINT('',(-0.0564125000008193,0.000678525404603783,0.0128247595250001));
#2383=CARTESIAN_POINT('',(-0.0563625000008194,0.00101778810690568,0.0134123797625));
#2384=CARTESIAN_POINT('',(-0.0563125000008194,0.00135705080920758,0.0139999999999999));
#2385=CARTESIAN_POINT('',(-0.0562625000008194,0.00101778810690568,0.0145876202375));
#2386=CARTESIAN_POINT('',(-0.0562125000008194,0.000678525404603783,0.015175240475));
#2387=CARTESIAN_POINT('',(-0.0561625000008194,-1.08160963786186E-17,0.015175240475));
#2388=CARTESIAN_POINT('',(-0.0561125000008193,-0.000678525404603804,0.015175240475));
#2389=CARTESIAN_POINT('',(-0.0560625000008194,-0.0010177881069057,0.0145876202375));
#2390=CARTESIAN_POINT('',(-0.0560125000008194,-0.0013570508092076,0.0139999999999999));
#2391=CARTESIAN_POINT('',(-0.0559625000008194,-0.0010177881069057,0.0134123797625));
#2392=CARTESIAN_POINT('',(-0.0559125000008193,-0.000678525404603805,0.0128247595250001));
#2393=CARTESIAN_POINT('',(-0.0558625000008194,-1.08740024812961E-17,0.012824759525));
#2394=CARTESIAN_POINT('',(-0.0558125000008194,0.000678525404603783,0.0128247595250001));
#2395=CARTESIAN_POINT('',(-0.0557625000008194,0.00101778810690568,0.0134123797625));
#2396=CARTESIAN_POINT('',(-0.0557125000008193,0.00135705080920758,0.0139999999999999));
#2397=CARTESIAN_POINT('',(-0.0556625000008194,0.00101778810690568,0.0145876202375));
#2398=CARTESIAN_POINT('',(-0.0556125000008194,0.000678525404603783,0.015175240475));
#2399=CARTESIAN_POINT('',(-0.0555625000008194,-1.06440576867862E-17,0.015175240475));
#2400=CARTESIAN_POINT('',(-0.0555125000008193,-0.000678525404603804,0.015175240475));
#2401=CARTESIAN_POINT('',(-0.0554625000008194,-0.0010177881069057,0.0145876202375));
#2402=CARTESIAN_POINT('',(-0.0554125000008193,-0.0013570508092076,0.0139999999999999));
#2403=CARTESIAN_POINT('',(-0.0553625000008194,-0.0010177881069057,0.0134123797625));
#2404=CARTESIAN_POINT('',(-0.0553125000008193,-0.000678525404603805,0.0128247595250001));
#2405=CARTESIAN_POINT('',(-0.0552625000008194,-1.07019637894637E-17,0.012824759525));
#2406=CARTESIAN_POINT('',(-0.0552125000008193,0.000678525404603783,0.0128247595250001));
#2407=CARTESIAN_POINT('',(-0.0551625000008194,0.00101778810690568,0.0134123797625));
#2408=CARTESIAN_POINT('',(-0.0551125000008194,0.00135705080920758,0.0139999999999999));
#2409=CARTESIAN_POINT('',(-0.0550625000008194,0.00101778810690568,0.0145876202375));
#2410=CARTESIAN_POINT('',(-0.0550125000008193,0.000678525404603783,0.015175240475));
#2411=CARTESIAN_POINT('',(-0.0549625000008194,-1.04720189949538E-17,0.015175240475));
#2412=CARTESIAN_POINT('',(-0.0549125000008194,-0.000678525404603804,0.015175240475));
#2413=CARTESIAN_POINT('',(-0.0548625000008194,-0.0010177881069057,0.0145876202375));
#2414=CARTESIAN_POINT('',(-0.0646750000016387,-1.34008207678196E-17,0.0125));
#2415=CARTESIAN_POINT('',(-0.0646250000016387,0.000866025403784424,0.0125));
#2416=CARTESIAN_POINT('',(-0.0645750000016387,0.00129903810567664,0.01325));
#2417=CARTESIAN_POINT('',(-0.0645250000016387,0.00173205080756888,0.0139999999999999));
#2418=CARTESIAN_POINT('',(-0.0644750000016387,0.00129903810567664,0.01475));
#2419=CARTESIAN_POINT('',(-0.0644250000016387,0.000866025403784426,0.0155));
#2420=CARTESIAN_POINT('',(-0.0643750000016387,-1.31311044020313E-17,0.0155));
#2421=CARTESIAN_POINT('',(-0.0643250000016387,-0.000866025403784451,0.0155));
#2422=CARTESIAN_POINT('',(-0.0642750000016387,-0.00129903810567667,0.01475));
#2423=CARTESIAN_POINT('',(-0.0642250000016387,-0.00173205080756888,0.0139999999999999));
#2424=CARTESIAN_POINT('',(-0.0641750000016387,-0.00129903810567667,0.01325));
#2425=CARTESIAN_POINT('',(-0.0641250000016387,-0.000866025403784452,0.0125));
#2426=CARTESIAN_POINT('',(-0.0640750000016387,-1.32287820759872E-17,0.0125));
#2427=CARTESIAN_POINT('',(-0.0640250000016388,0.000866025403784424,0.0125));
#2428=CARTESIAN_POINT('',(-0.0639750000016387,0.00129903810567664,0.01325));
#2429=CARTESIAN_POINT('',(-0.0639250000016387,0.00173205080756888,0.0139999999999999));
#2430=CARTESIAN_POINT('',(-0.0638750000016387,0.00129903810567664,0.01475));
#2431=CARTESIAN_POINT('',(-0.0638250000016387,0.000866025403784426,0.0155));
#2432=CARTESIAN_POINT('',(-0.0637750000016387,-1.29590657101989E-17,0.0155));
#2433=CARTESIAN_POINT('',(-0.0637250000016387,-0.000866025403784451,0.0155));
#2434=CARTESIAN_POINT('',(-0.0636750000016387,-0.00129903810567667,0.01475));
#2435=CARTESIAN_POINT('',(-0.0636250000016387,-0.00173205080756888,0.0139999999999999));
#2436=CARTESIAN_POINT('',(-0.0635750000016387,-0.00129903810567667,0.01325));
#2437=CARTESIAN_POINT('',(-0.0635250000016387,-0.000866025403784452,0.0125));
#2438=CARTESIAN_POINT('',(-0.0634750000016387,-1.30567433841548E-17,0.0125));
#2439=CARTESIAN_POINT('',(-0.0634250000016387,0.000866025403784424,0.0125));
#2440=CARTESIAN_POINT('',(-0.0633750000016387,0.00129903810567664,0.01325));
#2441=CARTESIAN_POINT('',(-0.0633250000016386,0.00173205080756888,0.0139999999999999));
#2442=CARTESIAN_POINT('',(-0.0632750000016387,0.00129903810567664,0.01475));
#2443=CARTESIAN_POINT('',(-0.0632250000016387,0.000866025403784426,0.0155));
#2444=CARTESIAN_POINT('',(-0.0631750000016387,-1.27870270183664E-17,0.0155));
#2445=CARTESIAN_POINT('',(-0.0631250000016387,-0.000866025403784451,0.0155));
#2446=CARTESIAN_POINT('',(-0.0630750000016387,-0.00129903810567667,0.01475));
#2447=CARTESIAN_POINT('',(-0.0630250000016387,-0.00173205080756888,0.0139999999999999));
#2448=CARTESIAN_POINT('',(-0.0629750000016387,-0.00129903810567667,0.01325));
#2449=CARTESIAN_POINT('',(-0.0629250000016387,-0.000866025403784452,0.0125));
#2450=CARTESIAN_POINT('',(-0.0628750000016387,-1.28847046923223E-17,0.0125));
#2451=CARTESIAN_POINT('',(-0.0628250000016387,0.000866025403784424,0.0125));
#2452=CARTESIAN_POINT('',(-0.0627750000016387,0.00129903810567664,0.01325));
#2453=CARTESIAN_POINT('',(-0.0627250000016387,0.00173205080756888,0.0139999999999999));
#2454=CARTESIAN_POINT('',(-0.0626750000016387,0.00129903810567664,0.01475));
#2455=CARTESIAN_POINT('',(-0.0626250000016386,0.000866025403784426,0.0155));
#2456=CARTESIAN_POINT('',(-0.0625750000016387,-1.2614988326534E-17,0.0155));
#2457=CARTESIAN_POINT('',(-0.0625250000016387,-0.00086602540378445,0.0155));
#2458=CARTESIAN_POINT('',(-0.0624750000016387,-0.00129903810567667,0.01475));
#2459=CARTESIAN_POINT('',(-0.0624250000016388,-0.00173205080756888,0.0139999999999999));
#2460=CARTESIAN_POINT('',(-0.0623750000016387,-0.00129903810567667,0.01325));
#2461=CARTESIAN_POINT('',(-0.0623250000016387,-0.000866025403784452,0.0125));
#2462=CARTESIAN_POINT('',(-0.0622750000016387,-1.27126660004899E-17,0.0125));
#2463=CARTESIAN_POINT('',(-0.0622250000016387,0.000866025403784426,0.0125));
#2464=CARTESIAN_POINT('',(-0.0621750000016387,0.00129903810567664,0.01325));
#2465=CARTESIAN_POINT('',(-0.0621250000016387,0.00173205080756888,0.0139999999999999));
#2466=CARTESIAN_POINT('',(-0.0620750000016387,0.00129903810567664,0.01475));
#2467=CARTESIAN_POINT('',(-0.0620250000016387,0.000866025403784426,0.0155));
#2468=CARTESIAN_POINT('',(-0.0619750000016387,-1.24429496347016E-17,0.0155));
#2469=CARTESIAN_POINT('',(-0.0619250000016387,-0.00086602540378445,0.0155));
#2470=CARTESIAN_POINT('',(-0.0618750000016387,-0.00129903810567667,0.01475));
#2471=CARTESIAN_POINT('',(-0.0618250000016387,-0.00173205080756888,0.0139999999999999));
#2472=CARTESIAN_POINT('',(-0.0617750000016387,-0.00129903810567667,0.01325));
#2473=CARTESIAN_POINT('',(-0.0617250000016386,-0.000866025403784452,0.0125));
#2474=CARTESIAN_POINT('',(-0.0616750000016387,-1.25406273086575E-17,0.0125));
#2475=CARTESIAN_POINT('',(-0.0616250000016387,0.000866025403784426,0.0125));
#2476=CARTESIAN_POINT('',(-0.0615750000016387,0.00129903810567664,0.01325));
#2477=CARTESIAN_POINT('',(-0.0615250000016387,0.00173205080756888,0.0139999999999999));
#2478=CARTESIAN_POINT('',(-0.0614750000016387,0.00129903810567665,0.01475));
#2479=CARTESIAN_POINT('',(-0.0614250000016387,0.000866025403784426,0.0155));
#2480=CARTESIAN_POINT('',(-0.0613750000016387,-1.22709109428692E-17,0.0155));
#2481=CARTESIAN_POINT('',(-0.0613250000016387,-0.00086602540378445,0.0155));
#2482=CARTESIAN_POINT('',(-0.0612750000016387,-0.00129903810567667,0.01475));
#2483=CARTESIAN_POINT('',(-0.0612250000016387,-0.00173205080756888,0.0139999999999999));
#2484=CARTESIAN_POINT('',(-0.0611750000016387,-0.00129903810567667,0.01325));
#2485=CARTESIAN_POINT('',(-0.0611250000016387,-0.000866025403784451,0.0125));
#2486=CARTESIAN_POINT('',(-0.0610750000016387,-1.23685886168251E-17,0.0125));
#2487=CARTESIAN_POINT('',(-0.0610250000016387,0.000866025403784426,0.0125));
#2488=CARTESIAN_POINT('',(-0.0609750000016387,0.00129903810567665,0.01325));
#2489=CARTESIAN_POINT('',(-0.0609250000016387,0.00173205080756888,0.0139999999999999));
#2490=CARTESIAN_POINT('',(-0.0608750000016387,0.00129903810567665,0.01475));
#2491=CARTESIAN_POINT('',(-0.0608250000016386,0.000866025403784427,0.0155));
#2492=CARTESIAN_POINT('',(-0.0607750000016387,-1.20988722510368E-17,0.0155));
#2493=CARTESIAN_POINT('',(-0.0607250000016387,-0.00086602540378445,0.0155));
#2494=CARTESIAN_POINT('',(-0.0606750000016387,-0.00129903810567667,0.01475));
#2495=CARTESIAN_POINT('',(-0.0606250000016387,-0.00173205080756888,0.0139999999999999));
#2496=CARTESIAN_POINT('',(-0.0605750000016387,-0.00129903810567667,0.01325));
#2497=CARTESIAN_POINT('',(-0.0605250000016387,-0.000866025403784451,0.0125));
#2498=CARTESIAN_POINT('',(-0.0604750000016387,-1.21965499249927E-17,0.0125));
#2499=CARTESIAN_POINT('',(-0.0604250000016387,0.000866025403784426,0.0125));
#2500=CARTESIAN_POINT('',(-0.0603750000016387,0.00129903810567665,0.01325));
#2501=CARTESIAN_POINT('',(-0.0603250000016387,0.00173205080756888,0.0139999999999999));
#2502=CARTESIAN_POINT('',(-0.0602750000016387,0.00129903810567665,0.01475));
#2503=CARTESIAN_POINT('',(-0.0602250000016387,0.000866025403784427,0.0155));
#2504=CARTESIAN_POINT('',(-0.0601750000016387,-1.19268335592044E-17,0.0155));
#2505=CARTESIAN_POINT('',(-0.0601250000016387,-0.00086602540378445,0.0155));
#2506=CARTESIAN_POINT('',(-0.0600750000016387,-0.00129903810567667,0.01475));
#2507=CARTESIAN_POINT('',(-0.0600250000016387,-0.00173205080756888,0.0139999999999999));
#2508=CARTESIAN_POINT('',(-0.0599750000016387,-0.00129903810567667,0.01325));
#2509=CARTESIAN_POINT('',(-0.0599250000016387,-0.000866025403784451,0.0125));
#2510=CARTESIAN_POINT('',(-0.0598750000016387,-1.20245112331603E-17,0.0125));
#2511=CARTESIAN_POINT('',(-0.0598250000016387,0.000866025403784426,0.0125));
#2512=CARTESIAN_POINT('',(-0.0597750000016387,0.00129903810567665,0.01325));
#2513=CARTESIAN_POINT('',(-0.0597250000016387,0.00173205080756888,0.0139999999999999));
#2514=CARTESIAN_POINT('',(-0.0596750000016387,0.00129903810567665,0.01475));
#2515=CARTESIAN_POINT('',(-0.0596250000016387,0.000866025403784427,0.0155));
#2516=CARTESIAN_POINT('',(-0.0595750000016387,-1.1754794867372E-17,0.0155));
#2517=CARTESIAN_POINT('',(-0.0595250000016387,-0.00086602540378445,0.0155));
#2518=CARTESIAN_POINT('',(-0.0594750000016387,-0.00129903810567667,0.01475));
#2519=CARTESIAN_POINT('',(-0.0594250000016387,-0.00173205080756888,0.0139999999999999));
#2520=CARTESIAN_POINT('',(-0.0593750000016387,-0.00129903810567667,0.01325));
#2521=CARTESIAN_POINT('',(-0.0593250000016387,-0.000866025403784451,0.0125));
#2522=CARTESIAN_POINT('',(-0.0592750000016387,-1.18524725413279E-17,0.0125));
#2523=CARTESIAN_POINT('',(-0.0592250000016388,0.000866025403784426,0.0125));
#2524=CARTESIAN_POINT('',(-0.0591750000016387,0.00129903810567665,0.01325));
#2525=CARTESIAN_POINT('',(-0.0591250000016387,0.00173205080756888,0.0139999999999999));
#2526=CARTESIAN_POINT('',(-0.0590750000016387,0.00129903810567665,0.01475));
#2527=CARTESIAN_POINT('',(-0.0590250000016387,0.000866025403784427,0.0155));
#2528=CARTESIAN_POINT('',(-0.0589750000016387,-1.15827561755396E-17,0.0155));
#2529=CARTESIAN_POINT('',(-0.0589250000016387,-0.00086602540378445,0.0155));
#2530=CARTESIAN_POINT('',(-0.0588750000016387,-0.00129903810567667,0.01475));
#2531=CARTESIAN_POINT('',(-0.0588250000016387,-0.00173205080756888,0.0139999999999999));
#2532=CARTESIAN_POINT('',(-0.0587750000016387,-0.00129903810567667,0.01325));
#2533=CARTESIAN_POINT('',(-0.0587250000016387,-0.000866025403784451,0.0125));
#2534=CARTESIAN_POINT('',(-0.0586750000016387,-1.16804338494955E-17,0.0125));
#2535=CARTESIAN_POINT('',(-0.0586250000016387,0.000866025403784426,0.0125));
#2536=CARTESIAN_POINT('',(-0.0585750000016387,0.00129903810567665,0.01325));
#2537=CARTESIAN_POINT('',(-0.0585250000016386,0.00173205080756888,0.0139999999999999));
#2538=CARTESIAN_POINT('',(-0.0584750000016387,0.00129903810567665,0.01475));
#2539=CARTESIAN_POINT('',(-0.0584250000016387,0.000866025403784427,0.0155));
#2540=CARTESIAN_POINT('',(-0.0583750000016387,-1.14107174837072E-17,0.0155));
#2541=CARTESIAN_POINT('',(-0.0583250000016388,-0.000866025403784449,0.0155));
#2542=CARTESIAN_POINT('',(-0.0582750000016387,-0.00129903810567667,0.01475));
#2543=CARTESIAN_POINT('',(-0.0582250000016387,-0.00173205080756888,0.0139999999999999));
#2544=CARTESIAN_POINT('',(-0.0581750000016387,-0.00129903810567667,0.01325));
#2545=CARTESIAN_POINT('',(-0.0581250000016387,-0.000866025403784451,0.0125));
#2546=CARTESIAN_POINT('',(-0.0580750000016387,-1.15083951576631E-17,0.0125));
#2547=CARTESIAN_POINT('',(-0.0580250000016387,0.000866025403784427,0.0125));
#2548=CARTESIAN_POINT('',(-0.0579750000016387,0.00129903810567665,0.01325));
#2549=CARTESIAN_POINT('',(-0.0579250000016387,0.00173205080756888,0.0139999999999999));
#2550=CARTESIAN_POINT('',(-0.0578750000016387,0.00129903810567665,0.01475));
#2551=CARTESIAN_POINT('',(-0.0578250000016387,0.000866025403784427,0.0155));
#2552=CARTESIAN_POINT('',(-0.0577750000016387,-1.12386787918748E-17,0.0155));
#2553=CARTESIAN_POINT('',(-0.0577250000016387,-0.000866025403784449,0.0155));
#2554=CARTESIAN_POINT('',(-0.0576750000016387,-0.00129903810567667,0.01475));
#2555=CARTESIAN_POINT('',(-0.0576250000016387,-0.00173205080756888,0.0139999999999999));
#2556=CARTESIAN_POINT('',(-0.0575750000016387,-0.00129903810567667,0.01325));
#2557=CARTESIAN_POINT('',(-0.0575250000016387,-0.00086602540378445,0.0125));
#2558=CARTESIAN_POINT('',(-0.0574750000016387,-1.13363564658307E-17,0.0125));
#2559=CARTESIAN_POINT('',(-0.0574250000016387,0.000866025403784427,0.0125));
#2560=CARTESIAN_POINT('',(-0.0573750000016387,0.00129903810567665,0.01325));
#2561=CARTESIAN_POINT('',(-0.0573250000016387,0.00173205080756888,0.0139999999999999));
#2562=CARTESIAN_POINT('',(-0.0572750000016387,0.00129903810567665,0.01475));
#2563=CARTESIAN_POINT('',(-0.0572250000016387,0.000866025403784427,0.0155));
#2564=CARTESIAN_POINT('',(-0.0571750000016387,-1.10666401000423E-17,0.0155));
#2565=CARTESIAN_POINT('',(-0.0571250000016387,-0.000866025403784449,0.0155));
#2566=CARTESIAN_POINT('',(-0.0570750000016387,-0.00129903810567667,0.01475));
#2567=CARTESIAN_POINT('',(-0.0570250000016387,-0.00173205080756888,0.0139999999999999));
#2568=CARTESIAN_POINT('',(-0.0569750000016387,-0.00129903810567667,0.01325));
#2569=CARTESIAN_POINT('',(-0.0569250000016387,-0.00086602540378445,0.0125));
#2570=CARTESIAN_POINT('',(-0.0568750000016387,-1.11643177739982E-17,0.0125));
#2571=CARTESIAN_POINT('',(-0.0568250000016387,0.000866025403784427,0.0125));
#2572=CARTESIAN_POINT('',(-0.0567750000016387,0.00129903810567665,0.01325));
#2573=CARTESIAN_POINT('',(-0.0567250000016387,0.00173205080756888,0.0139999999999999));
#2574=CARTESIAN_POINT('',(-0.0566750000016387,0.00129903810567665,0.01475));
#2575=CARTESIAN_POINT('',(-0.0566250000016387,0.000866025403784428,0.0155));
#2576=CARTESIAN_POINT('',(-0.0565750000016387,-1.08946014082099E-17,0.0155));
#2577=CARTESIAN_POINT('',(-0.0565250000016387,-0.000866025403784449,0.0155));
#2578=CARTESIAN_POINT('',(-0.0564750000016387,-0.00129903810567667,0.01475));
#2579=CARTESIAN_POINT('',(-0.0564250000016387,-0.00173205080756888,0.0139999999999999));
#2580=CARTESIAN_POINT('',(-0.0563750000016387,-0.00129903810567667,0.01325));
#2581=CARTESIAN_POINT('',(-0.0563250000016387,-0.00086602540378445,0.0125));
#2582=CARTESIAN_POINT('',(-0.0562750000016387,-1.09922790821658E-17,0.0125));
#2583=CARTESIAN_POINT('',(-0.0562250000016387,0.000866025403784427,0.0125));
#2584=CARTESIAN_POINT('',(-0.0561750000016387,0.00129903810567665,0.01325));
#2585=CARTESIAN_POINT('',(-0.0561250000016387,0.00173205080756888,0.0139999999999999));
#2586=CARTESIAN_POINT('',(-0.0560750000016387,0.00129903810567665,0.01475));
#2587=CARTESIAN_POINT('',(-0.0560250000016386,0.000866025403784428,0.0155));
#2588=CARTESIAN_POINT('',(-0.0559750000016387,-1.07225627163775E-17,0.0155));
#2589=CARTESIAN_POINT('',(-0.0559250000016387,-0.000866025403784449,0.0155));
#2590=CARTESIAN_POINT('',(-0.0558750000016387,-0.00129903810567667,0.01475));
#2591=CARTESIAN_POINT('',(-0.0558250000016388,-0.00173205080756888,0.0139999999999999));
#2592=CARTESIAN_POINT('',(-0.0557750000016387,-0.00129903810567667,0.01325));
#2593=CARTESIAN_POINT('',(-0.0557250000016387,-0.00086602540378445,0.0125));
#2594=CARTESIAN_POINT('',(-0.0556750000016387,-1.08202403903334E-17,0.0125));
#2595=CARTESIAN_POINT('',(-0.0556250000016387,0.000866025403784427,0.0125));
#2596=CARTESIAN_POINT('',(-0.0555750000016387,0.00129903810567665,0.01325));
#2597=CARTESIAN_POINT('',(-0.0555250000016387,0.00173205080756888,0.0139999999999999));
#2598=CARTESIAN_POINT('',(-0.0554750000016387,0.00129903810567665,0.01475));
#2599=CARTESIAN_POINT('',(-0.0554250000016387,0.000866025403784428,0.0155));
#2600=CARTESIAN_POINT('',(-0.0553750000016387,-1.05505240245451E-17,0.0155));
#2601=CARTESIAN_POINT('',(-0.0553250000016387,-0.000866025403784449,0.0155));
#2602=CARTESIAN_POINT('',(-0.0552750000016387,-0.00129903810567667,0.01475));
#2603=CARTESIAN_POINT('',(-0.0552250000016387,-0.00173205080756888,0.0139999999999999));
#2604=CARTESIAN_POINT('',(-0.0551750000016387,-0.00129903810567667,0.01325));
#2605=CARTESIAN_POINT('',(-0.0551250000016388,-0.00086602540378445,0.0125));
#2606=CARTESIAN_POINT('',(-0.0550750000016387,-1.0648201698501E-17,0.0125));
#2607=CARTESIAN_POINT('',(-0.0550250000016387,0.000866025403784427,0.0125));
#2608=CARTESIAN_POINT('',(-0.0549750000016387,0.00129903810567665,0.01325));
#2609=CARTESIAN_POINT('',(-0.0549250000016387,0.00173205080756888,0.0139999999999999));
#2610=CARTESIAN_POINT('',(-0.0548750000016387,0.00129903810567665,0.01475));
#2611=CARTESIAN_POINT('',(-0.0548250000016387,0.000866025403784428,0.0155));
#2612=CARTESIAN_POINT('',(-0.0547750000016387,-1.03784853327127E-17,0.0155));
#2613=CARTESIAN_POINT('',(-0.0547250000016387,-0.000866025403784449,0.0155));
#2614=CARTESIAN_POINT('',(-0.0546750000016387,-0.00129903810567667,0.01475));
#2615=CARTESIAN_POINT('',(-0.0648625000008194,-1.34545828587823E-17,0.012824759525));
#2616=CARTESIAN_POINT('',(-0.0648125000008193,0.00067852540460378,0.0128247595250001));
#2617=CARTESIAN_POINT('',(-0.0647625000008194,0.00101778810690568,0.0134123797625));
#2618=CARTESIAN_POINT('',(-0.0647125000008194,0.00135705080920758,0.0139999999999999));
#2619=CARTESIAN_POINT('',(-0.0646625000008194,0.00101778810690568,0.0145876202375));
#2620=CARTESIAN_POINT('',(-0.0646125000008193,0.000678525404603781,0.015175240475));
#2621=CARTESIAN_POINT('',(-0.0645625000008194,-1.32246380642724E-17,0.015175240475));
#2622=CARTESIAN_POINT('',(-0.0645125000008194,-0.000678525404603806,0.015175240475));
#2623=CARTESIAN_POINT('',(-0.0644625000008194,-0.0010177881069057,0.0145876202375));
#2624=CARTESIAN_POINT('',(-0.0644125000008193,-0.0013570508092076,0.0139999999999999));
#2625=CARTESIAN_POINT('',(-0.0643625000008194,-0.0010177881069057,0.0134123797625));
#2626=CARTESIAN_POINT('',(-0.0643125000008193,-0.000678525404603807,0.0128247595250001));
#2627=CARTESIAN_POINT('',(-0.0642625000008194,-1.32825441669499E-17,0.012824759525));
#2628=CARTESIAN_POINT('',(-0.0642125000008194,0.000678525404603781,0.0128247595250001));
#2629=CARTESIAN_POINT('',(-0.0641625000008194,0.00101778810690568,0.0134123797625));
#2630=CARTESIAN_POINT('',(-0.0641125000008193,0.00135705080920758,0.0139999999999999));
#2631=CARTESIAN_POINT('',(-0.0640625000008194,0.00101778810690568,0.0145876202375));
#2632=CARTESIAN_POINT('',(-0.0640125000008194,0.000678525404603781,0.015175240475));
#2633=CARTESIAN_POINT('',(-0.0639625000008194,-1.30525993724399E-17,0.015175240475));
#2634=CARTESIAN_POINT('',(-0.0639125000008193,-0.000678525404603806,0.015175240475));
#2635=CARTESIAN_POINT('',(-0.0638625000008194,-0.0010177881069057,0.0145876202375));
#2636=CARTESIAN_POINT('',(-0.0638125000008194,-0.0013570508092076,0.0139999999999999));
#2637=CARTESIAN_POINT('',(-0.0637625000008194,-0.0010177881069057,0.0134123797625));
#2638=CARTESIAN_POINT('',(-0.0637125000008193,-0.000678525404603807,0.0128247595250001));
#2639=CARTESIAN_POINT('',(-0.0636625000008194,-1.31105054751174E-17,0.012824759525));
#2640=CARTESIAN_POINT('',(-0.0636125000008193,0.000678525404603781,0.0128247595250001));
#2641=CARTESIAN_POINT('',(-0.0635625000008194,0.00101778810690568,0.0134123797625));
#2642=CARTESIAN_POINT('',(-0.0635125000008193,0.00135705080920758,0.0139999999999999));
#2643=CARTESIAN_POINT('',(-0.0634625000008194,0.00101778810690568,0.0145876202375));
#2644=CARTESIAN_POINT('',(-0.0634125000008193,0.000678525404603781,0.015175240475));
#2645=CARTESIAN_POINT('',(-0.0633625000008194,-1.28805606806075E-17,0.015175240475));
#2646=CARTESIAN_POINT('',(-0.0633125000008194,-0.000678525404603806,0.015175240475));
#2647=CARTESIAN_POINT('',(-0.0632625000008194,-0.0010177881069057,0.0145876202375));
#2648=CARTESIAN_POINT('',(-0.0632125000008193,-0.0013570508092076,0.0139999999999999));
#2649=CARTESIAN_POINT('',(-0.0631625000008194,-0.0010177881069057,0.0134123797625));
#2650=CARTESIAN_POINT('',(-0.0631125000008194,-0.000678525404603807,0.0128247595250001));
#2651=CARTESIAN_POINT('',(-0.0630625000008194,-1.2938466783285E-17,0.012824759525));
#2652=CARTESIAN_POINT('',(-0.0630125000008193,0.000678525404603781,0.0128247595250001));
#2653=CARTESIAN_POINT('',(-0.0629625000008194,0.00101778810690568,0.0134123797625));
#2654=CARTESIAN_POINT('',(-0.0629125000008194,0.00135705080920758,0.0139999999999999));
#2655=CARTESIAN_POINT('',(-0.0628625000008194,0.00101778810690568,0.0145876202375));
#2656=CARTESIAN_POINT('',(-0.0628125000008193,0.000678525404603781,0.015175240475));
#2657=CARTESIAN_POINT('',(-0.0627625000008194,-1.27085219887751E-17,0.015175240475));
#2658=CARTESIAN_POINT('',(-0.0627125000008193,-0.000678525404603806,0.015175240475));
#2659=CARTESIAN_POINT('',(-0.0626625000008194,-0.0010177881069057,0.0145876202375));
#2660=CARTESIAN_POINT('',(-0.0626125000008194,-0.0013570508092076,0.0139999999999999));
#2661=CARTESIAN_POINT('',(-0.0625625000008194,-0.0010177881069057,0.0134123797625));
#2662=CARTESIAN_POINT('',(-0.0625125000008193,-0.000678525404603807,0.0128247595250001));
#2663=CARTESIAN_POINT('',(-0.0624625000008194,-1.27664280914526E-17,0.012824759525));
#2664=CARTESIAN_POINT('',(-0.0624125000008194,0.000678525404603781,0.0128247595250001));
#2665=CARTESIAN_POINT('',(-0.0623625000008194,0.00101778810690568,0.0134123797625));
#2666=CARTESIAN_POINT('',(-0.0623125000008193,0.00135705080920758,0.0139999999999999));
#2667=CARTESIAN_POINT('',(-0.0622625000008194,0.00101778810690568,0.0145876202375));
#2668=CARTESIAN_POINT('',(-0.0622125000008194,0.000678525404603782,0.015175240475));
#2669=CARTESIAN_POINT('',(-0.0621625000008194,-1.25364832969427E-17,0.015175240475));
#2670=CARTESIAN_POINT('',(-0.0621125000008193,-0.000678525404603806,0.015175240475));
#2671=CARTESIAN_POINT('',(-0.0620625000008194,-0.0010177881069057,0.0145876202375));
#2672=CARTESIAN_POINT('',(-0.0620125000008194,-0.0013570508092076,0.0139999999999999));
#2673=CARTESIAN_POINT('',(-0.0619625000008194,-0.0010177881069057,0.0134123797625));
#2674=CARTESIAN_POINT('',(-0.0619125000008193,-0.000678525404603807,0.0128247595250001));
#2675=CARTESIAN_POINT('',(-0.0618625000008194,-1.25943893996202E-17,0.012824759525));
#2676=CARTESIAN_POINT('',(-0.0618125000008193,0.000678525404603781,0.0128247595250001));
#2677=CARTESIAN_POINT('',(-0.0617625000008194,0.00101778810690568,0.0134123797625));
#2678=CARTESIAN_POINT('',(-0.0617125000008194,0.00135705080920758,0.0139999999999999));
#2679=CARTESIAN_POINT('',(-0.0616625000008194,0.00101778810690568,0.0145876202375));
#2680=CARTESIAN_POINT('',(-0.0616125000008193,0.000678525404603782,0.015175240475));
#2681=CARTESIAN_POINT('',(-0.0615625000008194,-1.23644446051103E-17,0.015175240475));
#2682=CARTESIAN_POINT('',(-0.0615125000008194,-0.000678525404603806,0.015175240475));
#2683=CARTESIAN_POINT('',(-0.0614625000008194,-0.0010177881069057,0.0145876202375));
#2684=CARTESIAN_POINT('',(-0.0614125000008193,-0.0013570508092076,0.0139999999999999));
#2685=CARTESIAN_POINT('',(-0.0613625000008194,-0.0010177881069057,0.0134123797625));
#2686=CARTESIAN_POINT('',(-0.0613125000008194,-0.000678525404603807,0.0128247595250001));
#2687=CARTESIAN_POINT('',(-0.0612625000008194,-1.24223507077878E-17,0.012824759525));
#2688=CARTESIAN_POINT('',(-0.0612125000008193,0.000678525404603781,0.0128247595250001));
#2689=CARTESIAN_POINT('',(-0.0611625000008194,0.00101778810690568,0.0134123797625));
#2690=CARTESIAN_POINT('',(-0.0611125000008194,0.00135705080920758,0.0139999999999999));
#2691=CARTESIAN_POINT('',(-0.0610625000008194,0.00101778810690568,0.0145876202375));
#2692=CARTESIAN_POINT('',(-0.0610125000008194,0.000678525404603782,0.015175240475));
#2693=CARTESIAN_POINT('',(-0.0609625000008194,-1.21924059132779E-17,0.015175240475));
#2694=CARTESIAN_POINT('',(-0.0609125000008193,-0.000678525404603806,0.015175240475));
#2695=CARTESIAN_POINT('',(-0.0608625000008194,-0.0010177881069057,0.0145876202375));
#2696=CARTESIAN_POINT('',(-0.0608125000008194,-0.0013570508092076,0.0139999999999999));
#2697=CARTESIAN_POINT('',(-0.0607625000008194,-0.0010177881069057,0.0134123797625));
#2698=CARTESIAN_POINT('',(-0.0607125000008193,-0.000678525404603806,0.0128247595250001));
#2699=CARTESIAN_POINT('',(-0.0606625000008194,-1.22503120159554E-17,0.012824759525));
#2700=CARTESIAN_POINT('',(-0.0606125000008194,0.000678525404603781,0.0128247595250001));
#2701=CARTESIAN_POINT('',(-0.0605625000008194,0.00101778810690568,0.0134123797625));
#2702=CARTESIAN_POINT('',(-0.0605125000008193,0.00135705080920758,0.0139999999999999));
#2703=CARTESIAN_POINT('',(-0.0604625000008194,0.00101778810690568,0.0145876202375));
#2704=CARTESIAN_POINT('',(-0.0604125000008194,0.000678525404603782,0.015175240475));
#2705=CARTESIAN_POINT('',(-0.0603625000008194,-1.20203672214455E-17,0.015175240475));
#2706=CARTESIAN_POINT('',(-0.0603125000008193,-0.000678525404603805,0.015175240475));
#2707=CARTESIAN_POINT('',(-0.0602625000008194,-0.0010177881069057,0.0145876202375));
#2708=CARTESIAN_POINT('',(-0.0602125000008193,-0.0013570508092076,0.0139999999999999));
#2709=CARTESIAN_POINT('',(-0.0601625000008194,-0.0010177881069057,0.0134123797625));
#2710=CARTESIAN_POINT('',(-0.0601125000008194,-0.000678525404603806,0.0128247595250001));
#2711=CARTESIAN_POINT('',(-0.0600625000008194,-1.2078273324123E-17,0.012824759525));
#2712=CARTESIAN_POINT('',(-0.0600125000008193,0.000678525404603782,0.0128247595250001));
#2713=CARTESIAN_POINT('',(-0.0599625000008194,0.00101778810690568,0.0134123797625));
#2714=CARTESIAN_POINT('',(-0.0599125000008194,0.00135705080920758,0.0139999999999999));
#2715=CARTESIAN_POINT('',(-0.0598625000008194,0.00101778810690568,0.0145876202375));
#2716=CARTESIAN_POINT('',(-0.0598125000008193,0.000678525404603782,0.015175240475));
#2717=CARTESIAN_POINT('',(-0.0597625000008194,-1.18483285296131E-17,0.015175240475));
#2718=CARTESIAN_POINT('',(-0.0597125000008194,-0.000678525404603805,0.015175240475));
#2719=CARTESIAN_POINT('',(-0.0596625000008194,-0.0010177881069057,0.0145876202375));
#2720=CARTESIAN_POINT('',(-0.0596125000008193,-0.0013570508092076,0.0139999999999999));
#2721=CARTESIAN_POINT('',(-0.0595625000008194,-0.0010177881069057,0.0134123797625));
#2722=CARTESIAN_POINT('',(-0.0595125000008194,-0.000678525404603806,0.0128247595250001));
#2723=CARTESIAN_POINT('',(-0.0594625000008194,-1.19062346322906E-17,0.012824759525));
#2724=CARTESIAN_POINT('',(-0.0594125000008194,0.000678525404603782,0.0128247595250001));
#2725=CARTESIAN_POINT('',(-0.0593625000008194,0.00101778810690568,0.0134123797625));
#2726=CARTESIAN_POINT('',(-0.0593125000008193,0.00135705080920758,0.0139999999999999));
#2727=CARTESIAN_POINT('',(-0.0592625000008194,0.00101778810690568,0.0145876202375));
#2728=CARTESIAN_POINT('',(-0.0592125000008194,0.000678525404603782,0.015175240475));
#2729=CARTESIAN_POINT('',(-0.0591625000008194,-1.16762898377807E-17,0.015175240475));
#2730=CARTESIAN_POINT('',(-0.0591125000008193,-0.000678525404603805,0.015175240475));
#2731=CARTESIAN_POINT('',(-0.0590625000008194,-0.0010177881069057,0.0145876202375));
#2732=CARTESIAN_POINT('',(-0.0590125000008194,-0.0013570508092076,0.0139999999999999));
#2733=CARTESIAN_POINT('',(-0.0589625000008194,-0.0010177881069057,0.0134123797625));
#2734=CARTESIAN_POINT('',(-0.0589125000008193,-0.000678525404603806,0.0128247595250001));
#2735=CARTESIAN_POINT('',(-0.0588625000008194,-1.17341959404582E-17,0.012824759525));
#2736=CARTESIAN_POINT('',(-0.0588125000008194,0.000678525404603782,0.0128247595250001));
#2737=CARTESIAN_POINT('',(-0.0587625000008194,0.00101778810690568,0.0134123797625));
#2738=CARTESIAN_POINT('',(-0.0587125000008193,0.00135705080920758,0.0139999999999999));
#2739=CARTESIAN_POINT('',(-0.0586625000008194,0.00101778810690568,0.0145876202375));
#2740=CARTESIAN_POINT('',(-0.0586125000008193,0.000678525404603783,0.015175240475));
#2741=CARTESIAN_POINT('',(-0.0585625000008194,-1.15042511459482E-17,0.015175240475));
#2742=CARTESIAN_POINT('',(-0.0585125000008194,-0.000678525404603805,0.015175240475));
#2743=CARTESIAN_POINT('',(-0.0584625000008194,-0.0010177881069057,0.0145876202375));
#2744=CARTESIAN_POINT('',(-0.0584125000008193,-0.0013570508092076,0.0139999999999999));
#2745=CARTESIAN_POINT('',(-0.0583625000008194,-0.0010177881069057,0.0134123797625));
#2746=CARTESIAN_POINT('',(-0.0583125000008194,-0.000678525404603806,0.0128247595250001));
#2747=CARTESIAN_POINT('',(-0.0582625000008194,-1.15621572486258E-17,0.012824759525));
#2748=CARTESIAN_POINT('',(-0.0582125000008193,0.000678525404603782,0.0128247595250001));
#2749=CARTESIAN_POINT('',(-0.0581625000008194,0.00101778810690568,0.0134123797625));
#2750=CARTESIAN_POINT('',(-0.0581125000008194,0.00135705080920758,0.0139999999999999));
#2751=CARTESIAN_POINT('',(-0.0580625000008194,0.00101778810690568,0.0145876202375));
#2752=CARTESIAN_POINT('',(-0.0580125000008193,0.000678525404603783,0.015175240475));
#2753=CARTESIAN_POINT('',(-0.0579625000008194,-1.13322124541158E-17,0.015175240475));
#2754=CARTESIAN_POINT('',(-0.0579125000008194,-0.000678525404603805,0.015175240475));
#2755=CARTESIAN_POINT('',(-0.0578625000008194,-0.0010177881069057,0.0145876202375));
#2756=CARTESIAN_POINT('',(-0.0578125000008193,-0.0013570508092076,0.0139999999999999));
#2757=CARTESIAN_POINT('',(-0.0577625000008194,-0.0010177881069057,0.0134123797625));
#2758=CARTESIAN_POINT('',(-0.0577125000008193,-0.000678525404603806,0.0128247595250001));
#2759=CARTESIAN_POINT('',(-0.0576625000008194,-1.13901185567933E-17,0.012824759525));
#2760=CARTESIAN_POINT('',(-0.0576125000008194,0.000678525404603782,0.0128247595250001));
#2761=CARTESIAN_POINT('',(-0.0575625000008194,0.00101778810690568,0.0134123797625));
#2762=CARTESIAN_POINT('',(-0.0575125000008193,0.00135705080920758,0.0139999999999999));
#2763=CARTESIAN_POINT('',(-0.0574625000008194,0.00101778810690568,0.0145876202375));
#2764=CARTESIAN_POINT('',(-0.0574125000008194,0.000678525404603783,0.015175240475));
#2765=CARTESIAN_POINT('',(-0.0573625000008194,-1.11601737622834E-17,0.015175240475));
#2766=CARTESIAN_POINT('',(-0.0573125000008193,-0.000678525404603805,0.015175240475));
#2767=CARTESIAN_POINT('',(-0.0572625000008194,-0.0010177881069057,0.0145876202375));
#2768=CARTESIAN_POINT('',(-0.0572125000008194,-0.0013570508092076,0.0139999999999999));
#2769=CARTESIAN_POINT('',(-0.0571625000008194,-0.0010177881069057,0.0134123797625));
#2770=CARTESIAN_POINT('',(-0.0571125000008193,-0.000678525404603806,0.0128247595250001));
#2771=CARTESIAN_POINT('',(-0.0570625000008194,-1.12180798649609E-17,0.012824759525));
#2772=CARTESIAN_POINT('',(-0.0570125000008194,0.000678525404603783,0.0128247595250001));
#2773=CARTESIAN_POINT('',(-0.0569625000008194,0.00101778810690568,0.0134123797625));
#2774=CARTESIAN_POINT('',(-0.0569125000008194,0.00135705080920758,0.0139999999999999));
#2775=CARTESIAN_POINT('',(-0.0568625000008194,0.00101778810690568,0.0145876202375));
#2776=CARTESIAN_POINT('',(-0.0568125000008193,0.000678525404603783,0.015175240475));
#2777=CARTESIAN_POINT('',(-0.0567625000008194,-1.0988135070451E-17,0.015175240475));
#2778=CARTESIAN_POINT('',(-0.0567125000008194,-0.000678525404603804,0.015175240475));
#2779=CARTESIAN_POINT('',(-0.0566625000008194,-0.0010177881069057,0.0145876202375));
#2780=CARTESIAN_POINT('',(-0.0566125000008193,-0.0013570508092076,0.0139999999999999));
#2781=CARTESIAN_POINT('',(-0.0565625000008194,-0.0010177881069057,0.0134123797625));
#2782=CARTESIAN_POINT('',(-0.0565125000008194,-0.000678525404603805,0.0128247595250001));
#2783=CARTESIAN_POINT('',(-0.0564625000008194,-1.10460411731285E-17,0.012824759525));
#2784=CARTESIAN_POINT('',(-0.0564125000008193,0.000678525404603783,0.0128247595250001));
#2785=CARTESIAN_POINT('',(-0.0563625000008194,0.00101778810690568,0.0134123797625));
#2786=CARTESIAN_POINT('',(-0.0563125000008194,0.00135705080920758,0.0139999999999999));
#2787=CARTESIAN_POINT('',(-0.0562625000008194,0.00101778810690568,0.0145876202375));
#2788=CARTESIAN_POINT('',(-0.0562125000008194,0.000678525404603783,0.015175240475));
#2789=CARTESIAN_POINT('',(-0.0561625000008194,-1.08160963786186E-17,0.015175240475));
#2790=CARTESIAN_POINT('',(-0.0561125000008193,-0.000678525404603804,0.015175240475));
#2791=CARTESIAN_POINT('',(-0.0560625000008194,-0.0010177881069057,0.0145876202375));
#2792=CARTESIAN_POINT('',(-0.0560125000008194,-0.0013570508092076,0.0139999999999999));
#2793=CARTESIAN_POINT('',(-0.0559625000008194,-0.0010177881069057,0.0134123797625));
#2794=CARTESIAN_POINT('',(-0.0559125000008193,-0.000678525404603805,0.0128247595250001));
#2795=CARTESIAN_POINT('',(-0.0558625000008194,-1.08740024812961E-17,0.012824759525));
#2796=CARTESIAN_POINT('',(-0.0558125000008194,0.000678525404603783,0.0128247595250001));
#2797=CARTESIAN_POINT('',(-0.0557625000008194,0.00101778810690568,0.0134123797625));
#2798=CARTESIAN_POINT('',(-0.0557125000008193,0.00135705080920758,0.0139999999999999));
#2799=CARTESIAN_POINT('',(-0.0556625000008194,0.00101778810690568,0.0145876202375));
#2800=CARTESIAN_POINT('',(-0.0556125000008194,0.000678525404603783,0.015175240475));
#2801=CARTESIAN_POINT('',(-0.0555625000008194,-1.06440576867862E-17,0.015175240475));
#2802=CARTESIAN_POINT('',(-0.0555125000008193,-0.000678525404603804,0.015175240475));
#2803=CARTESIAN_POINT('',(-0.0554625000008194,-0.0010177881069057,0.0145876202375));
#2804=CARTESIAN_POINT('',(-0.0554125000008193,-0.0013570508092076,0.0139999999999999));
#2805=CARTESIAN_POINT('',(-0.0553625000008194,-0.0010177881069057,0.0134123797625));
#2806=CARTESIAN_POINT('',(-0.0553125000008193,-0.000678525404603805,0.0128247595250001));
#2807=CARTESIAN_POINT('',(-0.0552625000008194,-1.07019637894637E-17,0.012824759525));
#2808=CARTESIAN_POINT('',(-0.0552125000008193,0.000678525404603783,0.0128247595250001));
#2809=CARTESIAN_POINT('',(-0.0551625000008194,0.00101778810690568,0.0134123797625));
#2810=CARTESIAN_POINT('',(-0.0551125000008194,0.00135705080920758,0.0139999999999999));
#2811=CARTESIAN_POINT('',(-0.0550625000008194,0.00101778810690568,0.0145876202375));
#2812=CARTESIAN_POINT('',(-0.0550125000008193,0.000678525404603783,0.015175240475));
#2813=CARTESIAN_POINT('',(-0.0549625000008194,-1.04720189949538E-17,0.015175240475));
#2814=CARTESIAN_POINT('',(-0.0549125000008194,-0.000678525404603804,0.015175240475));
#2815=CARTESIAN_POINT('',(-0.0548625000008194,-0.0010177881069057,0.0145876202375));
#2816=CARTESIAN_POINT('',(-0.0651062500004097,-1.86679901336406E-17,-0.0153376202375));
#2817=CARTESIAN_POINT('',(-0.0651062500004097,-1.86679901336406E-17,-0.0153376202375));
#2818=CARTESIAN_POINT('',(-0.0650125000008194,-1.86411090881593E-17,-0.015175240475));
#2819=CARTESIAN_POINT('',(-0.064768750001229,-1.85712183697198E-17,-0.0153376202375));
#2820=CARTESIAN_POINT('',(-0.0648625000008194,-1.85980994152012E-17,-0.015175240475));
#2821=CARTESIAN_POINT('',(-0.0649375000008194,-1.86196042516802E-17,-0.015175240475));
#2822=CARTESIAN_POINT('',(-0.0551531250002048,-0.00122872560598393,-0.013290594940625));
#2823=CARTESIAN_POINT('',(-0.0550125000008193,-0.00101778810690571,-0.0134123797625));
#2824=CARTESIAN_POINT('',(-0.0550750000005462,-0.00111153810649603,-0.013358253175));
#2825=CARTESIAN_POINT('',(-0.0551375000002731,-0.00120528810608635,-0.0133041265875));
#2826=CARTESIAN_POINT('',(-0.0552,-0.00129903810567667,-0.01325));
#2827=CARTESIAN_POINT('',(-0.0550125000008194,-0.00101778810690571,-0.0134123797625));
#2828=CARTESIAN_POINT('',(-0.0551531250002048,-0.00101778810690571,-0.0134123797625));
#2829=CARTESIAN_POINT('',(-0.0548625000008194,-0.00101778810690571,-0.0134123797625));
#2830=CARTESIAN_POINT('',(-0.0546750000016387,-0.00129903810567667,-0.01325));
#2831=CARTESIAN_POINT('',(-0.0547375000013656,-0.00120528810608635,-0.0133041265875));
#2832=CARTESIAN_POINT('',(-0.0548000000010924,-0.00111153810649603,-0.013358253175));
#2833=CARTESIAN_POINT('',(-0.0548625000008193,-0.00101778810690571,-0.0134123797625));
#2834=CARTESIAN_POINT('',(-0.0650125000008194,-1.86411090881593E-17,-0.015175240475));
#2835=CARTESIAN_POINT('',(-0.0649625000008194,0.000678525404603775,-0.015175240475));
#2836=CARTESIAN_POINT('',(-0.0649125000008194,0.00101778810690567,-0.0145876202375));
#2837=CARTESIAN_POINT('',(-0.0648625000008193,0.00135705080920756,-0.0139999999999999));
#2838=CARTESIAN_POINT('',(-0.0648125000008194,0.00101778810690567,-0.0134123797625));
#2839=CARTESIAN_POINT('',(-0.0647625000008193,0.000678525404603776,-0.0128247595250001));
#2840=CARTESIAN_POINT('',(-0.0647125000008194,-1.84111642936493E-17,-0.012824759525));
#2841=CARTESIAN_POINT('',(-0.0646625000008194,-0.000678525404603812,-0.0128247595250001));
#2842=CARTESIAN_POINT('',(-0.0646125000008194,-0.00101778810690571,-0.0134123797625));
#2843=CARTESIAN_POINT('',(-0.0645625000008193,-0.00135705080920761,-0.0139999999999999));
#2844=CARTESIAN_POINT('',(-0.0645125000008194,-0.00101778810690571,-0.0145876202375));
#2845=CARTESIAN_POINT('',(-0.0644625000008194,-0.000678525404603813,-0.015175240475));
#2846=CARTESIAN_POINT('',(-0.0644125000008194,-1.84690703963268E-17,-0.015175240475));
#2847=CARTESIAN_POINT('',(-0.0643625000008193,0.000678525404603775,-0.015175240475));
#2848=CARTESIAN_POINT('',(-0.0643125000008194,0.00101778810690567,-0.0145876202375));
#2849=CARTESIAN_POINT('',(-0.0642625000008194,0.00135705080920756,-0.0139999999999999));
#2850=CARTESIAN_POINT('',(-0.0642125000008194,0.00101778810690567,-0.0134123797625));
#2851=CARTESIAN_POINT('',(-0.0641625000008193,0.000678525404603776,-0.0128247595250001));
#2852=CARTESIAN_POINT('',(-0.0641125000008194,-1.82391256018169E-17,-0.012824759525));
#2853=CARTESIAN_POINT('',(-0.0640625000008194,-0.000678525404603812,-0.0128247595250001));
#2854=CARTESIAN_POINT('',(-0.0640125000008194,-0.00101778810690571,-0.0134123797625));
#2855=CARTESIAN_POINT('',(-0.0639625000008193,-0.00135705080920761,-0.0139999999999999));
#2856=CARTESIAN_POINT('',(-0.0639125000008194,-0.00101778810690571,-0.0145876202375));
#2857=CARTESIAN_POINT('',(-0.0638625000008193,-0.000678525404603813,-0.015175240475));
#2858=CARTESIAN_POINT('',(-0.0638125000008194,-1.82970317044944E-17,-0.015175240475));
#2859=CARTESIAN_POINT('',(-0.0637625000008194,0.000678525404603775,-0.015175240475));
#2860=CARTESIAN_POINT('',(-0.0637125000008194,0.00101778810690567,-0.0145876202375));
#2861=CARTESIAN_POINT('',(-0.0636625000008193,0.00135705080920756,-0.0139999999999999));
#2862=CARTESIAN_POINT('',(-0.0636125000008194,0.00101778810690567,-0.0134123797625));
#2863=CARTESIAN_POINT('',(-0.0635625000008194,0.000678525404603776,-0.0128247595250001));
#2864=CARTESIAN_POINT('',(-0.0635125000008194,-1.80670869099845E-17,-0.012824759525));
#2865=CARTESIAN_POINT('',(-0.0634625000008193,-0.000678525404603812,-0.0128247595250001));
#2866=CARTESIAN_POINT('',(-0.0634125000008194,-0.00101778810690571,-0.0134123797625));
#2867=CARTESIAN_POINT('',(-0.0633625000008194,-0.00135705080920761,-0.0139999999999999));
#2868=CARTESIAN_POINT('',(-0.0633125000008194,-0.00101778810690571,-0.0145876202375));
#2869=CARTESIAN_POINT('',(-0.0632625000008193,-0.000678525404603812,-0.015175240475));
#2870=CARTESIAN_POINT('',(-0.0632125000008194,-1.8124993012662E-17,-0.015175240475));
#2871=CARTESIAN_POINT('',(-0.0631625000008194,0.000678525404603775,-0.015175240475));
#2872=CARTESIAN_POINT('',(-0.0631125000008194,0.00101778810690567,-0.0145876202375));
#2873=CARTESIAN_POINT('',(-0.0630625000008194,0.00135705080920756,-0.0139999999999999));
#2874=CARTESIAN_POINT('',(-0.0630125000008194,0.00101778810690567,-0.0134123797625));
#2875=CARTESIAN_POINT('',(-0.0629625000008193,0.000678525404603776,-0.0128247595250001));
#2876=CARTESIAN_POINT('',(-0.0629125000008194,-1.78950482181521E-17,-0.012824759525));
#2877=CARTESIAN_POINT('',(-0.0628625000008194,-0.000678525404603811,-0.0128247595250001));
#2878=CARTESIAN_POINT('',(-0.0628125000008194,-0.00101778810690571,-0.0134123797625));
#2879=CARTESIAN_POINT('',(-0.0627625000008193,-0.00135705080920761,-0.0139999999999999));
#2880=CARTESIAN_POINT('',(-0.0627125000008194,-0.00101778810690571,-0.0145876202375));
#2881=CARTESIAN_POINT('',(-0.0626625000008194,-0.000678525404603812,-0.015175240475));
#2882=CARTESIAN_POINT('',(-0.0626125000008194,-1.79529543208296E-17,-0.015175240475));
#2883=CARTESIAN_POINT('',(-0.0625625000008193,0.000678525404603776,-0.015175240475));
#2884=CARTESIAN_POINT('',(-0.0625125000008194,0.00101778810690567,-0.0145876202375));
#2885=CARTESIAN_POINT('',(-0.0624625000008194,0.00135705080920756,-0.0139999999999999));
#2886=CARTESIAN_POINT('',(-0.0624125000008194,0.00101778810690567,-0.0134123797625));
#2887=CARTESIAN_POINT('',(-0.0623625000008193,0.000678525404603776,-0.0128247595250001));
#2888=CARTESIAN_POINT('',(-0.0623125000008194,-1.77230095263197E-17,-0.012824759525));
#2889=CARTESIAN_POINT('',(-0.0622625000008193,-0.000678525404603811,-0.0128247595250001));
#2890=CARTESIAN_POINT('',(-0.0622125000008194,-0.00101778810690571,-0.0134123797625));
#2891=CARTESIAN_POINT('',(-0.0621625000008194,-0.00135705080920761,-0.0139999999999999));
#2892=CARTESIAN_POINT('',(-0.0621125000008194,-0.00101778810690571,-0.0145876202375));
#2893=CARTESIAN_POINT('',(-0.0620625000008193,-0.000678525404603812,-0.015175240475));
#2894=CARTESIAN_POINT('',(-0.0620125000008194,-1.77809156289972E-17,-0.015175240475));
#2895=CARTESIAN_POINT('',(-0.0619625000008194,0.000678525404603776,-0.015175240475));
#2896=CARTESIAN_POINT('',(-0.0619125000008194,0.00101778810690567,-0.0145876202375));
#2897=CARTESIAN_POINT('',(-0.0618625000008193,0.00135705080920758,-0.0139999999999999));
#2898=CARTESIAN_POINT('',(-0.0618125000008194,0.00101778810690567,-0.0134123797625));
#2899=CARTESIAN_POINT('',(-0.0617625000008194,0.000678525404603776,-0.0128247595250001));
#2900=CARTESIAN_POINT('',(-0.0617125000008194,-1.75509708344873E-17,-0.012824759525));
#2901=CARTESIAN_POINT('',(-0.0616625000008193,-0.000678525404603811,-0.0128247595250001));
#2902=CARTESIAN_POINT('',(-0.0616125000008194,-0.00101778810690571,-0.0134123797625));
#2903=CARTESIAN_POINT('',(-0.0615625000008193,-0.00135705080920761,-0.0139999999999999));
#2904=CARTESIAN_POINT('',(-0.0615125000008194,-0.00101778810690571,-0.0145876202375));
#2905=CARTESIAN_POINT('',(-0.0614625000008194,-0.000678525404603812,-0.015175240475));
#2906=CARTESIAN_POINT('',(-0.0614125000008194,-1.76088769371648E-17,-0.015175240475));
#2907=CARTESIAN_POINT('',(-0.0613625000008193,0.000678525404603776,-0.015175240475));
#2908=CARTESIAN_POINT('',(-0.0613125000008194,0.00101778810690567,-0.0145876202375));
#2909=CARTESIAN_POINT('',(-0.0612625000008194,0.00135705080920758,-0.0139999999999999));
#2910=CARTESIAN_POINT('',(-0.0612125000008194,0.00101778810690567,-0.0134123797625));
#2911=CARTESIAN_POINT('',(-0.0611625000008193,0.000678525404603776,-0.0128247595250001));
#2912=CARTESIAN_POINT('',(-0.0611125000008194,-1.73789321426549E-17,-0.012824759525));
#2913=CARTESIAN_POINT('',(-0.0610625000008194,-0.000678525404603811,-0.0128247595250001));
#2914=CARTESIAN_POINT('',(-0.0610125000008194,-0.00101778810690571,-0.0134123797625));
#2915=CARTESIAN_POINT('',(-0.0609625000008193,-0.00135705080920761,-0.0139999999999999));
#2916=CARTESIAN_POINT('',(-0.0609125000008194,-0.00101778810690571,-0.0145876202375));
#2917=CARTESIAN_POINT('',(-0.0608625000008194,-0.000678525404603812,-0.015175240475));
#2918=CARTESIAN_POINT('',(-0.0608125000008194,-1.74368382453324E-17,-0.015175240475));
#2919=CARTESIAN_POINT('',(-0.0607625000008193,0.000678525404603776,-0.015175240475));
#2920=CARTESIAN_POINT('',(-0.0607125000008194,0.00101778810690567,-0.0145876202375));
#2921=CARTESIAN_POINT('',(-0.0606625000008193,0.00135705080920758,-0.0139999999999999));
#2922=CARTESIAN_POINT('',(-0.0606125000008194,0.00101778810690567,-0.0134123797625));
#2923=CARTESIAN_POINT('',(-0.0605625000008194,0.000678525404603777,-0.0128247595250001));
#2924=CARTESIAN_POINT('',(-0.0605125000008194,-1.72068934508225E-17,-0.012824759525));
#2925=CARTESIAN_POINT('',(-0.0604625000008193,-0.000678525404603811,-0.0128247595250001));
#2926=CARTESIAN_POINT('',(-0.0604125000008194,-0.00101778810690571,-0.0134123797625));
#2927=CARTESIAN_POINT('',(-0.0603625000008194,-0.00135705080920761,-0.0139999999999999));
#2928=CARTESIAN_POINT('',(-0.0603125000008194,-0.00101778810690571,-0.0145876202375));
#2929=CARTESIAN_POINT('',(-0.0602625000008193,-0.000678525404603812,-0.015175240475));
#2930=CARTESIAN_POINT('',(-0.0602125000008194,-1.72647995535E-17,-0.015175240475));
#2931=CARTESIAN_POINT('',(-0.0601625000008194,0.000678525404603776,-0.015175240475));
#2932=CARTESIAN_POINT('',(-0.0601125000008194,0.00101778810690567,-0.0145876202375));
#2933=CARTESIAN_POINT('',(-0.0600625000008193,0.00135705080920758,-0.0139999999999999));
#2934=CARTESIAN_POINT('',(-0.0600125000008194,0.00101778810690567,-0.0134123797625));
#2935=CARTESIAN_POINT('',(-0.0599625000008194,0.000678525404603777,-0.0128247595250001));
#2936=CARTESIAN_POINT('',(-0.0599125000008194,-1.70348547589901E-17,-0.012824759525));
#2937=CARTESIAN_POINT('',(-0.0598625000008193,-0.000678525404603811,-0.0128247595250001));
#2938=CARTESIAN_POINT('',(-0.0598125000008194,-0.00101778810690571,-0.0134123797625));
#2939=CARTESIAN_POINT('',(-0.0597625000008193,-0.00135705080920761,-0.0139999999999999));
#2940=CARTESIAN_POINT('',(-0.0597125000008194,-0.00101778810690571,-0.0145876202375));
#2941=CARTESIAN_POINT('',(-0.0596625000008194,-0.000678525404603812,-0.015175240475));
#2942=CARTESIAN_POINT('',(-0.0596125000008194,-1.70927608616676E-17,-0.015175240475));
#2943=CARTESIAN_POINT('',(-0.0595625000008193,0.000678525404603776,-0.015175240475));
#2944=CARTESIAN_POINT('',(-0.0595125000008194,0.00101778810690567,-0.0145876202375));
#2945=CARTESIAN_POINT('',(-0.0594625000008194,0.00135705080920758,-0.0139999999999999));
#2946=CARTESIAN_POINT('',(-0.0594125000008194,0.00101778810690567,-0.0134123797625));
#2947=CARTESIAN_POINT('',(-0.0593625000008193,0.000678525404603777,-0.0128247595250001));
#2948=CARTESIAN_POINT('',(-0.0593125000008194,-1.68628160671576E-17,-0.012824759525));
#2949=CARTESIAN_POINT('',(-0.0592625000008194,-0.000678525404603811,-0.0128247595250001));
#2950=CARTESIAN_POINT('',(-0.0592125000008194,-0.00101778810690571,-0.0134123797625));
#2951=CARTESIAN_POINT('',(-0.0591625000008193,-0.00135705080920761,-0.0139999999999999));
#2952=CARTESIAN_POINT('',(-0.0591125000008194,-0.00101778810690571,-0.0145876202375));
#2953=CARTESIAN_POINT('',(-0.0590625000008193,-0.000678525404603811,-0.015175240475));
#2954=CARTESIAN_POINT('',(-0.0590125000008194,-1.69207221698352E-17,-0.015175240475));
#2955=CARTESIAN_POINT('',(-0.0589625000008194,0.000678525404603776,-0.015175240475));
#2956=CARTESIAN_POINT('',(-0.0589125000008194,0.00101778810690567,-0.0145876202375));
#2957=CARTESIAN_POINT('',(-0.0588625000008193,0.00135705080920758,-0.0139999999999999));
#2958=CARTESIAN_POINT('',(-0.0588125000008194,0.00101778810690567,-0.0134123797625));
#2959=CARTESIAN_POINT('',(-0.0587625000008194,0.000678525404603777,-0.0128247595250001));
#2960=CARTESIAN_POINT('',(-0.0587125000008194,-1.66907773753252E-17,-0.012824759525));
#2961=CARTESIAN_POINT('',(-0.0586625000008193,-0.00067852540460381,-0.0128247595250001));
#2962=CARTESIAN_POINT('',(-0.0586125000008194,-0.00101778810690571,-0.0134123797625));
#2963=CARTESIAN_POINT('',(-0.0585625000008194,-0.0013570508092076,-0.0139999999999999));
#2964=CARTESIAN_POINT('',(-0.0585125000008194,-0.00101778810690571,-0.0145876202375));
#2965=CARTESIAN_POINT('',(-0.0584625000008193,-0.000678525404603811,-0.015175240475));
#2966=CARTESIAN_POINT('',(-0.0584125000008194,-1.67486834780027E-17,-0.015175240475));
#2967=CARTESIAN_POINT('',(-0.0583625000008194,0.000678525404603777,-0.015175240475));
#2968=CARTESIAN_POINT('',(-0.0583125000008194,0.00101778810690567,-0.0145876202375));
#2969=CARTESIAN_POINT('',(-0.0582625000008194,0.00135705080920758,-0.0139999999999999));
#2970=CARTESIAN_POINT('',(-0.0582125000008194,0.00101778810690567,-0.0134123797625));
#2971=CARTESIAN_POINT('',(-0.0581625000008193,0.000678525404603777,-0.0128247595250001));
#2972=CARTESIAN_POINT('',(-0.0581125000008194,-1.65187386834928E-17,-0.012824759525));
#2973=CARTESIAN_POINT('',(-0.0580625000008194,-0.00067852540460381,-0.0128247595250001));
#2974=CARTESIAN_POINT('',(-0.0580125000008194,-0.00101778810690571,-0.0134123797625));
#2975=CARTESIAN_POINT('',(-0.0579625000008193,-0.0013570508092076,-0.0139999999999999));
#2976=CARTESIAN_POINT('',(-0.0579125000008194,-0.00101778810690571,-0.0145876202375));
#2977=CARTESIAN_POINT('',(-0.0578625000008194,-0.000678525404603811,-0.015175240475));
#2978=CARTESIAN_POINT('',(-0.0578125000008194,-1.65766447861703E-17,-0.015175240475));
#2979=CARTESIAN_POINT('',(-0.0577625000008193,0.000678525404603777,-0.015175240475));
#2980=CARTESIAN_POINT('',(-0.0577125000008194,0.00101778810690567,-0.0145876202375));
#2981=CARTESIAN_POINT('',(-0.0576625000008194,0.00135705080920758,-0.0139999999999999));
#2982=CARTESIAN_POINT('',(-0.0576125000008194,0.00101778810690567,-0.0134123797625));
#2983=CARTESIAN_POINT('',(-0.0575625000008193,0.000678525404603777,-0.0128247595250001));
#2984=CARTESIAN_POINT('',(-0.0575125000008194,-1.63466999916604E-17,-0.012824759525));
#2985=CARTESIAN_POINT('',(-0.0574625000008193,-0.00067852540460381,-0.0128247595250001));
#2986=CARTESIAN_POINT('',(-0.0574125000008194,-0.00101778810690571,-0.0134123797625));
#2987=CARTESIAN_POINT('',(-0.0573625000008194,-0.0013570508092076,-0.0139999999999999));
#2988=CARTESIAN_POINT('',(-0.0573125000008194,-0.00101778810690571,-0.0145876202375));
#2989=CARTESIAN_POINT('',(-0.0572625000008193,-0.000678525404603811,-0.015175240475));
#2990=CARTESIAN_POINT('',(-0.0572125000008194,-1.64046060943379E-17,-0.015175240475));
#2991=CARTESIAN_POINT('',(-0.0571625000008194,0.000678525404603777,-0.015175240475));
#2992=CARTESIAN_POINT('',(-0.0571125000008194,0.00101778810690567,-0.0145876202375));
#2993=CARTESIAN_POINT('',(-0.0570625000008193,0.00135705080920758,-0.0139999999999999));
#2994=CARTESIAN_POINT('',(-0.0570125000008194,0.00101778810690567,-0.0134123797625));
#2995=CARTESIAN_POINT('',(-0.0569625000008194,0.000678525404603777,-0.0128247595250001));
#2996=CARTESIAN_POINT('',(-0.0569125000008194,-1.6174661299828E-17,-0.012824759525));
#2997=CARTESIAN_POINT('',(-0.0568625000008193,-0.00067852540460381,-0.0128247595250001));
#2998=CARTESIAN_POINT('',(-0.0568125000008194,-0.00101778810690571,-0.0134123797625));
#2999=CARTESIAN_POINT('',(-0.0567625000008194,-0.0013570508092076,-0.0139999999999999));
#3000=CARTESIAN_POINT('',(-0.0567125000008194,-0.00101778810690571,-0.0145876202375));
#3001=CARTESIAN_POINT('',(-0.0566625000008193,-0.000678525404603811,-0.015175240475));
#3002=CARTESIAN_POINT('',(-0.0566125000008194,-1.62325674025055E-17,-0.015175240475));
#3003=CARTESIAN_POINT('',(-0.0565625000008193,0.000678525404603777,-0.015175240475));
#3004=CARTESIAN_POINT('',(-0.0565125000008194,0.00101778810690567,-0.0145876202375));
#3005=CARTESIAN_POINT('',(-0.0564625000008194,0.00135705080920758,-0.0139999999999999));
#3006=CARTESIAN_POINT('',(-0.0564125000008194,0.00101778810690567,-0.0134123797625));
#3007=CARTESIAN_POINT('',(-0.0563625000008193,0.000678525404603778,-0.0128247595250001));
#3008=CARTESIAN_POINT('',(-0.0563125000008194,-1.60026226079956E-17,-0.012824759525));
#3009=CARTESIAN_POINT('',(-0.0562625000008194,-0.00067852540460381,-0.0128247595250001));
#3010=CARTESIAN_POINT('',(-0.0562125000008194,-0.00101778810690571,-0.0134123797625));
#3011=CARTESIAN_POINT('',(-0.0561625000008193,-0.0013570508092076,-0.0139999999999999));
#3012=CARTESIAN_POINT('',(-0.0561125000008194,-0.00101778810690571,-0.0145876202375));
#3013=CARTESIAN_POINT('',(-0.0560625000008194,-0.000678525404603811,-0.015175240475));
#3014=CARTESIAN_POINT('',(-0.0560125000008194,-1.60605287106731E-17,-0.015175240475));
#3015=CARTESIAN_POINT('',(-0.0559625000008193,0.000678525404603777,-0.015175240475));
#3016=CARTESIAN_POINT('',(-0.0559125000008194,0.00101778810690567,-0.0145876202375));
#3017=CARTESIAN_POINT('',(-0.0558625000008194,0.00135705080920758,-0.0139999999999999));
#3018=CARTESIAN_POINT('',(-0.0558125000008194,0.00101778810690567,-0.0134123797625));
#3019=CARTESIAN_POINT('',(-0.0557625000008194,0.000678525404603778,-0.0128247595250001));
#3020=CARTESIAN_POINT('',(-0.0557125000008194,-1.58305839161632E-17,-0.012824759525));
#3021=CARTESIAN_POINT('',(-0.0556625000008193,-0.00067852540460381,-0.0128247595250001));
#3022=CARTESIAN_POINT('',(-0.0556125000008194,-0.00101778810690571,-0.0134123797625));
#3023=CARTESIAN_POINT('',(-0.0555625000008194,-0.0013570508092076,-0.0139999999999999));
#3024=CARTESIAN_POINT('',(-0.0555125000008194,-0.00101778810690571,-0.0145876202375));
#3025=CARTESIAN_POINT('',(-0.0554625000008193,-0.000678525404603811,-0.015175240475));
#3026=CARTESIAN_POINT('',(-0.0554125000008194,-1.58884900188407E-17,-0.015175240475));
#3027=CARTESIAN_POINT('',(-0.0553625000008194,0.000678525404603777,-0.015175240475));
#3028=CARTESIAN_POINT('',(-0.0553125000008194,0.00101778810690568,-0.0145876202375));
#3029=CARTESIAN_POINT('',(-0.0552625000008193,0.00135705080920758,-0.0139999999999999));
#3030=CARTESIAN_POINT('',(-0.0552125000008194,0.00101778810690568,-0.0134123797625));
#3031=CARTESIAN_POINT('',(-0.0551625000008194,0.000678525404603778,-0.0128247595250001));
#3032=CARTESIAN_POINT('',(-0.0551125000008194,-1.56585452243308E-17,-0.012824759525));
#3033=CARTESIAN_POINT('',(-0.0550625000008193,-0.00067852540460381,-0.0128247595250001));
#3034=CARTESIAN_POINT('',(-0.0550125000008194,-0.00101778810690571,-0.0134123797625));
#3035=CARTESIAN_POINT('',(-0.0652,-1.8694871179122E-17,-0.0155));
#3036=CARTESIAN_POINT('',(-0.06515,0.000866025403784419,-0.0155));
#3037=CARTESIAN_POINT('',(-0.0651,0.00129903810567664,-0.01475));
#3038=CARTESIAN_POINT('',(-0.0650499999999999,0.00173205080756885,-0.0139999999999999));
#3039=CARTESIAN_POINT('',(-0.065,0.00129903810567664,-0.01325));
#3040=CARTESIAN_POINT('',(-0.06495,0.00086602540378442,-0.0125));
#3041=CARTESIAN_POINT('',(-0.0649,-1.84251548133336E-17,-0.0125));
#3042=CARTESIAN_POINT('',(-0.06485,-0.000866025403784456,-0.0125));
#3043=CARTESIAN_POINT('',(-0.0648,-0.00129903810567668,-0.01325));
#3044=CARTESIAN_POINT('',(-0.06475,-0.00173205080756888,-0.0139999999999999));
#3045=CARTESIAN_POINT('',(-0.0647,-0.00129903810567668,-0.01475));
#3046=CARTESIAN_POINT('',(-0.06465,-0.000866025403784458,-0.0155));
#3047=CARTESIAN_POINT('',(-0.0646,-1.85228324872895E-17,-0.0155));
#3048=CARTESIAN_POINT('',(-0.06455,0.00086602540378442,-0.0155));
#3049=CARTESIAN_POINT('',(-0.0645,0.00129903810567664,-0.01475));
#3050=CARTESIAN_POINT('',(-0.06445,0.00173205080756885,-0.0139999999999999));
#3051=CARTESIAN_POINT('',(-0.0644,0.00129903810567664,-0.01325));
#3052=CARTESIAN_POINT('',(-0.0643499999999999,0.00086602540378442,-0.0125));
#3053=CARTESIAN_POINT('',(-0.0643,-1.82531161215012E-17,-0.0125));
#3054=CARTESIAN_POINT('',(-0.06425,-0.000866025403784456,-0.0125));
#3055=CARTESIAN_POINT('',(-0.0642,-0.00129903810567668,-0.01325));
#3056=CARTESIAN_POINT('',(-0.0641500000000001,-0.00173205080756888,-0.0139999999999999));
#3057=CARTESIAN_POINT('',(-0.0641,-0.00129903810567668,-0.01475));
#3058=CARTESIAN_POINT('',(-0.06405,-0.000866025403784457,-0.0155));
#3059=CARTESIAN_POINT('',(-0.064,-1.83507937954571E-17,-0.0155));
#3060=CARTESIAN_POINT('',(-0.06395,0.00086602540378442,-0.0155));
#3061=CARTESIAN_POINT('',(-0.0639,0.00129903810567664,-0.01475));
#3062=CARTESIAN_POINT('',(-0.06385,0.00173205080756885,-0.0139999999999999));
#3063=CARTESIAN_POINT('',(-0.0638,0.00129903810567664,-0.01325));
#3064=CARTESIAN_POINT('',(-0.06375,0.000866025403784421,-0.0125));
#3065=CARTESIAN_POINT('',(-0.0637,-1.80810774296688E-17,-0.0125));
#3066=CARTESIAN_POINT('',(-0.06365,-0.000866025403784456,-0.0125));
#3067=CARTESIAN_POINT('',(-0.0636,-0.00129903810567668,-0.01325));
#3068=CARTESIAN_POINT('',(-0.06355,-0.00173205080756888,-0.0139999999999999));
#3069=CARTESIAN_POINT('',(-0.0635,-0.00129903810567668,-0.01475));
#3070=CARTESIAN_POINT('',(-0.0634499999999999,-0.000866025403784457,-0.0155));
#3071=CARTESIAN_POINT('',(-0.0634,-1.81787551036247E-17,-0.0155));
#3072=CARTESIAN_POINT('',(-0.06335,0.00086602540378442,-0.0155));
#3073=CARTESIAN_POINT('',(-0.0633,0.00129903810567664,-0.01475));
#3074=CARTESIAN_POINT('',(-0.06325,0.00173205080756885,-0.0139999999999999));
#3075=CARTESIAN_POINT('',(-0.0632,0.00129903810567664,-0.01325));
#3076=CARTESIAN_POINT('',(-0.06315,0.000866025403784421,-0.0125));
#3077=CARTESIAN_POINT('',(-0.0631,-1.79090387378364E-17,-0.0125));
#3078=CARTESIAN_POINT('',(-0.06305,-0.000866025403784456,-0.0125));
#3079=CARTESIAN_POINT('',(-0.063,-0.00129903810567668,-0.01325));
#3080=CARTESIAN_POINT('',(-0.06295,-0.00173205080756888,-0.0139999999999999));
#3081=CARTESIAN_POINT('',(-0.0629,-0.00129903810567668,-0.01475));
#3082=CARTESIAN_POINT('',(-0.06285,-0.000866025403784457,-0.0155));
#3083=CARTESIAN_POINT('',(-0.0628,-1.80067164117923E-17,-0.0155));
#3084=CARTESIAN_POINT('',(-0.06275,0.00086602540378442,-0.0155));
#3085=CARTESIAN_POINT('',(-0.0627,0.00129903810567664,-0.01475));
#3086=CARTESIAN_POINT('',(-0.06265,0.00173205080756885,-0.0139999999999999));
#3087=CARTESIAN_POINT('',(-0.0626,0.00129903810567664,-0.01325));
#3088=CARTESIAN_POINT('',(-0.0625499999999999,0.000866025403784421,-0.0125));
#3089=CARTESIAN_POINT('',(-0.0625,-1.7737000046004E-17,-0.0125));
#3090=CARTESIAN_POINT('',(-0.06245,-0.000866025403784456,-0.0125));
#3091=CARTESIAN_POINT('',(-0.0624,-0.00129903810567668,-0.01325));
#3092=CARTESIAN_POINT('',(-0.06235,-0.00173205080756888,-0.0139999999999999));
#3093=CARTESIAN_POINT('',(-0.0623,-0.00129903810567668,-0.01475));
#3094=CARTESIAN_POINT('',(-0.06225,-0.000866025403784457,-0.0155));
#3095=CARTESIAN_POINT('',(-0.0622,-1.78346777199599E-17,-0.0155));
#3096=CARTESIAN_POINT('',(-0.06215,0.00086602540378442,-0.0155));
#3097=CARTESIAN_POINT('',(-0.0621,0.00129903810567664,-0.01475));
#3098=CARTESIAN_POINT('',(-0.06205,0.00173205080756885,-0.0139999999999999));
#3099=CARTESIAN_POINT('',(-0.062,0.00129903810567664,-0.01325));
#3100=CARTESIAN_POINT('',(-0.06195,0.000866025403784421,-0.0125));
#3101=CARTESIAN_POINT('',(-0.0619,-1.75649613541716E-17,-0.0125));
#3102=CARTESIAN_POINT('',(-0.0618499999999999,-0.000866025403784456,-0.0125));
#3103=CARTESIAN_POINT('',(-0.0618,-0.00129903810567668,-0.01325));
#3104=CARTESIAN_POINT('',(-0.06175,-0.00173205080756888,-0.0139999999999999));
#3105=CARTESIAN_POINT('',(-0.0617,-0.00129903810567668,-0.01475));
#3106=CARTESIAN_POINT('',(-0.06165,-0.000866025403784457,-0.0155));
#3107=CARTESIAN_POINT('',(-0.0616,-1.76626390281275E-17,-0.0155));
#3108=CARTESIAN_POINT('',(-0.06155,0.00086602540378442,-0.0155));
#3109=CARTESIAN_POINT('',(-0.0615,0.00129903810567664,-0.01475));
#3110=CARTESIAN_POINT('',(-0.06145,0.00173205080756885,-0.0139999999999999));
#3111=CARTESIAN_POINT('',(-0.0614,0.00129903810567664,-0.01325));
#3112=CARTESIAN_POINT('',(-0.06135,0.000866025403784421,-0.0125));
#3113=CARTESIAN_POINT('',(-0.0613,-1.73929226623392E-17,-0.0125));
#3114=CARTESIAN_POINT('',(-0.06125,-0.000866025403784456,-0.0125));
#3115=CARTESIAN_POINT('',(-0.0612,-0.00129903810567667,-0.01325));
#3116=CARTESIAN_POINT('',(-0.06115,-0.00173205080756888,-0.0139999999999999));
#3117=CARTESIAN_POINT('',(-0.0611,-0.00129903810567668,-0.01475));
#3118=CARTESIAN_POINT('',(-0.06105,-0.000866025403784457,-0.0155));
#3119=CARTESIAN_POINT('',(-0.061,-1.74906003362951E-17,-0.0155));
#3120=CARTESIAN_POINT('',(-0.0609499999999999,0.000866025403784421,-0.0155));
#3121=CARTESIAN_POINT('',(-0.0609,0.00129903810567664,-0.01475));
#3122=CARTESIAN_POINT('',(-0.06085,0.00173205080756885,-0.0139999999999999));
#3123=CARTESIAN_POINT('',(-0.0608,0.00129903810567664,-0.01325));
#3124=CARTESIAN_POINT('',(-0.06075,0.000866025403784421,-0.0125));
#3125=CARTESIAN_POINT('',(-0.0607,-1.72208839705068E-17,-0.0125));
#3126=CARTESIAN_POINT('',(-0.06065,-0.000866025403784455,-0.0125));
#3127=CARTESIAN_POINT('',(-0.0606,-0.00129903810567667,-0.01325));
#3128=CARTESIAN_POINT('',(-0.06055,-0.00173205080756888,-0.0139999999999999));
#3129=CARTESIAN_POINT('',(-0.0605,-0.00129903810567668,-0.01475));
#3130=CARTESIAN_POINT('',(-0.06045,-0.000866025403784457,-0.0155));
#3131=CARTESIAN_POINT('',(-0.0604,-1.73185616444627E-17,-0.0155));
#3132=CARTESIAN_POINT('',(-0.06035,0.000866025403784421,-0.0155));
#3133=CARTESIAN_POINT('',(-0.0603,0.00129903810567664,-0.01475));
#3134=CARTESIAN_POINT('',(-0.0602499999999999,0.00173205080756885,-0.0139999999999999));
#3135=CARTESIAN_POINT('',(-0.0602,0.00129903810567664,-0.01325));
#3136=CARTESIAN_POINT('',(-0.06015,0.000866025403784421,-0.0125));
#3137=CARTESIAN_POINT('',(-0.0601,-1.70488452786744E-17,-0.0125));
#3138=CARTESIAN_POINT('',(-0.0600499999999999,-0.000866025403784455,-0.0125));
#3139=CARTESIAN_POINT('',(-0.06,-0.00129903810567667,-0.01325));
#3140=CARTESIAN_POINT('',(-0.05995,-0.00173205080756888,-0.0139999999999999));
#3141=CARTESIAN_POINT('',(-0.0599,-0.00129903810567668,-0.01475));
#3142=CARTESIAN_POINT('',(-0.05985,-0.000866025403784456,-0.0155));
#3143=CARTESIAN_POINT('',(-0.0598,-1.71465229526303E-17,-0.0155));
#3144=CARTESIAN_POINT('',(-0.05975,0.000866025403784421,-0.0155));
#3145=CARTESIAN_POINT('',(-0.0597,0.00129903810567664,-0.01475));
#3146=CARTESIAN_POINT('',(-0.05965,0.00173205080756885,-0.0139999999999999));
#3147=CARTESIAN_POINT('',(-0.0596,0.00129903810567664,-0.01325));
#3148=CARTESIAN_POINT('',(-0.05955,0.000866025403784421,-0.0125));
#3149=CARTESIAN_POINT('',(-0.0595,-1.68768065868419E-17,-0.0125));
#3150=CARTESIAN_POINT('',(-0.05945,-0.000866025403784455,-0.0125));
#3151=CARTESIAN_POINT('',(-0.0594,-0.00129903810567667,-0.01325));
#3152=CARTESIAN_POINT('',(-0.0593499999999999,-0.00173205080756888,-0.0139999999999999));
#3153=CARTESIAN_POINT('',(-0.0593,-0.00129903810567668,-0.01475));
#3154=CARTESIAN_POINT('',(-0.05925,-0.000866025403784456,-0.0155));
#3155=CARTESIAN_POINT('',(-0.0592,-1.69744842607978E-17,-0.0155));
#3156=CARTESIAN_POINT('',(-0.05915,0.000866025403784421,-0.0155));
#3157=CARTESIAN_POINT('',(-0.0591,0.00129903810567664,-0.01475));
#3158=CARTESIAN_POINT('',(-0.05905,0.00173205080756888,-0.0139999999999999));
#3159=CARTESIAN_POINT('',(-0.059,0.00129903810567664,-0.01325));
#3160=CARTESIAN_POINT('',(-0.05895,0.000866025403784422,-0.0125));
#3161=CARTESIAN_POINT('',(-0.0589,-1.67047678950095E-17,-0.0125));
#3162=CARTESIAN_POINT('',(-0.05885,-0.000866025403784455,-0.0125));
#3163=CARTESIAN_POINT('',(-0.0588,-0.00129903810567667,-0.01325));
#3164=CARTESIAN_POINT('',(-0.05875,-0.00173205080756888,-0.0139999999999999));
#3165=CARTESIAN_POINT('',(-0.0587,-0.00129903810567667,-0.01475));
#3166=CARTESIAN_POINT('',(-0.0586499999999999,-0.000866025403784456,-0.0155));
#3167=CARTESIAN_POINT('',(-0.0586,-1.68024455689654E-17,-0.0155));
#3168=CARTESIAN_POINT('',(-0.05855,0.000866025403784421,-0.0155));
#3169=CARTESIAN_POINT('',(-0.0585,0.00129903810567664,-0.01475));
#3170=CARTESIAN_POINT('',(-0.0584499999999999,0.00173205080756888,-0.0139999999999999));
#3171=CARTESIAN_POINT('',(-0.0584,0.00129903810567664,-0.01325));
#3172=CARTESIAN_POINT('',(-0.05835,0.000866025403784422,-0.0125));
#3173=CARTESIAN_POINT('',(-0.0583,-1.65327292031771E-17,-0.0125));
#3174=CARTESIAN_POINT('',(-0.05825,-0.000866025403784455,-0.0125));
#3175=CARTESIAN_POINT('',(-0.0582,-0.00129903810567667,-0.01325));
#3176=CARTESIAN_POINT('',(-0.05815,-0.00173205080756888,-0.0139999999999999));
#3177=CARTESIAN_POINT('',(-0.0581,-0.00129903810567667,-0.01475));
#3178=CARTESIAN_POINT('',(-0.05805,-0.000866025403784456,-0.0155));
#3179=CARTESIAN_POINT('',(-0.058,-1.6630406877133E-17,-0.0155));
#3180=CARTESIAN_POINT('',(-0.05795,0.000866025403784421,-0.0155));
#3181=CARTESIAN_POINT('',(-0.0579,0.00129903810567664,-0.01475));
#3182=CARTESIAN_POINT('',(-0.05785,0.00173205080756888,-0.0139999999999999));
#3183=CARTESIAN_POINT('',(-0.0578,0.00129903810567664,-0.01325));
#3184=CARTESIAN_POINT('',(-0.0577499999999999,0.000866025403784422,-0.0125));
#3185=CARTESIAN_POINT('',(-0.0577,-1.63606905113447E-17,-0.0125));
#3186=CARTESIAN_POINT('',(-0.05765,-0.000866025403784455,-0.0125));
#3187=CARTESIAN_POINT('',(-0.0576,-0.00129903810567667,-0.01325));
#3188=CARTESIAN_POINT('',(-0.05755,-0.00173205080756888,-0.0139999999999999));
#3189=CARTESIAN_POINT('',(-0.0575,-0.00129903810567667,-0.01475));
#3190=CARTESIAN_POINT('',(-0.05745,-0.000866025403784456,-0.0155));
#3191=CARTESIAN_POINT('',(-0.0574,-1.64583681853006E-17,-0.0155));
#3192=CARTESIAN_POINT('',(-0.05735,0.000866025403784421,-0.0155));
#3193=CARTESIAN_POINT('',(-0.0573,0.00129903810567664,-0.01475));
#3194=CARTESIAN_POINT('',(-0.05725,0.00173205080756888,-0.0139999999999999));
#3195=CARTESIAN_POINT('',(-0.0572,0.00129903810567664,-0.01325));
#3196=CARTESIAN_POINT('',(-0.05715,0.000866025403784422,-0.0125));
#3197=CARTESIAN_POINT('',(-0.0571,-1.61886518195123E-17,-0.0125));
#3198=CARTESIAN_POINT('',(-0.05705,-0.000866025403784453,-0.0125));
#3199=CARTESIAN_POINT('',(-0.057,-0.00129903810567667,-0.01325));
#3200=CARTESIAN_POINT('',(-0.05695,-0.00173205080756888,-0.0139999999999999));
#3201=CARTESIAN_POINT('',(-0.0569,-0.00129903810567667,-0.01475));
#3202=CARTESIAN_POINT('',(-0.0568499999999999,-0.000866025403784456,-0.0155));
#3203=CARTESIAN_POINT('',(-0.0568,-1.62863294934682E-17,-0.0155));
#3204=CARTESIAN_POINT('',(-0.05675,0.000866025403784421,-0.0155));
#3205=CARTESIAN_POINT('',(-0.0567,0.00129903810567664,-0.01475));
#3206=CARTESIAN_POINT('',(-0.05665,0.00173205080756888,-0.0139999999999999));
#3207=CARTESIAN_POINT('',(-0.0566,0.00129903810567664,-0.01325));
#3208=CARTESIAN_POINT('',(-0.05655,0.000866025403784422,-0.0125));
#3209=CARTESIAN_POINT('',(-0.0565,-1.60166131276799E-17,-0.0125));
#3210=CARTESIAN_POINT('',(-0.05645,-0.000866025403784453,-0.0125));
#3211=CARTESIAN_POINT('',(-0.0564,-0.00129903810567667,-0.01325));
#3212=CARTESIAN_POINT('',(-0.05635,-0.00173205080756888,-0.0139999999999999));
#3213=CARTESIAN_POINT('',(-0.0563,-0.00129903810567667,-0.01475));
#3214=CARTESIAN_POINT('',(-0.05625,-0.000866025403784455,-0.0155));
#3215=CARTESIAN_POINT('',(-0.0562,-1.61142908016358E-17,-0.0155));
#3216=CARTESIAN_POINT('',(-0.0561499999999999,0.000866025403784422,-0.0155));
#3217=CARTESIAN_POINT('',(-0.0561,0.00129903810567664,-0.01475));
#3218=CARTESIAN_POINT('',(-0.05605,0.00173205080756888,-0.0139999999999999));
#3219=CARTESIAN_POINT('',(-0.056,0.00129903810567664,-0.01325));
#3220=CARTESIAN_POINT('',(-0.05595,0.000866025403784422,-0.0125));
#3221=CARTESIAN_POINT('',(-0.0559,-1.58445744358475E-17,-0.0125));
#3222=CARTESIAN_POINT('',(-0.05585,-0.000866025403784453,-0.0125));
#3223=CARTESIAN_POINT('',(-0.0558,-0.00129903810567667,-0.01325));
#3224=CARTESIAN_POINT('',(-0.05575,-0.00173205080756888,-0.0139999999999999));
#3225=CARTESIAN_POINT('',(-0.0557,-0.00129903810567667,-0.01475));
#3226=CARTESIAN_POINT('',(-0.05565,-0.000866025403784455,-0.0155));
#3227=CARTESIAN_POINT('',(-0.0556,-1.59422521098034E-17,-0.0155));
#3228=CARTESIAN_POINT('',(-0.05555,0.000866025403784422,-0.0155));
#3229=CARTESIAN_POINT('',(-0.0555,0.00129903810567664,-0.01475));
#3230=CARTESIAN_POINT('',(-0.05545,0.00173205080756888,-0.0139999999999999));
#3231=CARTESIAN_POINT('',(-0.0554,0.00129903810567664,-0.01325));
#3232=CARTESIAN_POINT('',(-0.05535,0.000866025403784423,-0.0125));
#3233=CARTESIAN_POINT('',(-0.0553,-1.56725357440151E-17,-0.0125));
#3234=CARTESIAN_POINT('',(-0.0552499999999999,-0.000866025403784453,-0.0125));
#3235=CARTESIAN_POINT('',(-0.0552,-0.00129903810567667,-0.01325));
#3236=CARTESIAN_POINT('',(-0.0650125000008194,-1.86411090881593E-17,-0.015175240475));
#3237=CARTESIAN_POINT('',(-0.0649625000008194,0.000678525404603775,-0.015175240475));
#3238=CARTESIAN_POINT('',(-0.0649125000008194,0.00101778810690567,-0.0145876202375));
#3239=CARTESIAN_POINT('',(-0.0648625000008193,0.00135705080920756,-0.0139999999999999));
#3240=CARTESIAN_POINT('',(-0.0648125000008194,0.00101778810690567,-0.0134123797625));
#3241=CARTESIAN_POINT('',(-0.0647625000008193,0.000678525404603776,-0.0128247595250001));
#3242=CARTESIAN_POINT('',(-0.0647125000008194,-1.84111642936493E-17,-0.012824759525));
#3243=CARTESIAN_POINT('',(-0.0646625000008194,-0.000678525404603812,-0.0128247595250001));
#3244=CARTESIAN_POINT('',(-0.0646125000008194,-0.00101778810690571,-0.0134123797625));
#3245=CARTESIAN_POINT('',(-0.0645625000008193,-0.00135705080920761,-0.0139999999999999));
#3246=CARTESIAN_POINT('',(-0.0645125000008194,-0.00101778810690571,-0.0145876202375));
#3247=CARTESIAN_POINT('',(-0.0644625000008194,-0.000678525404603813,-0.015175240475));
#3248=CARTESIAN_POINT('',(-0.0644125000008194,-1.84690703963268E-17,-0.015175240475));
#3249=CARTESIAN_POINT('',(-0.0643625000008193,0.000678525404603775,-0.015175240475));
#3250=CARTESIAN_POINT('',(-0.0643125000008194,0.00101778810690567,-0.0145876202375));
#3251=CARTESIAN_POINT('',(-0.0642625000008194,0.00135705080920756,-0.0139999999999999));
#3252=CARTESIAN_POINT('',(-0.0642125000008194,0.00101778810690567,-0.0134123797625));
#3253=CARTESIAN_POINT('',(-0.0641625000008193,0.000678525404603776,-0.0128247595250001));
#3254=CARTESIAN_POINT('',(-0.0641125000008194,-1.82391256018169E-17,-0.012824759525));
#3255=CARTESIAN_POINT('',(-0.0640625000008194,-0.000678525404603812,-0.0128247595250001));
#3256=CARTESIAN_POINT('',(-0.0640125000008194,-0.00101778810690571,-0.0134123797625));
#3257=CARTESIAN_POINT('',(-0.0639625000008193,-0.00135705080920761,-0.0139999999999999));
#3258=CARTESIAN_POINT('',(-0.0639125000008194,-0.00101778810690571,-0.0145876202375));
#3259=CARTESIAN_POINT('',(-0.0638625000008193,-0.000678525404603813,-0.015175240475));
#3260=CARTESIAN_POINT('',(-0.0638125000008194,-1.82970317044944E-17,-0.015175240475));
#3261=CARTESIAN_POINT('',(-0.0637625000008194,0.000678525404603775,-0.015175240475));
#3262=CARTESIAN_POINT('',(-0.0637125000008194,0.00101778810690567,-0.0145876202375));
#3263=CARTESIAN_POINT('',(-0.0636625000008193,0.00135705080920756,-0.0139999999999999));
#3264=CARTESIAN_POINT('',(-0.0636125000008194,0.00101778810690567,-0.0134123797625));
#3265=CARTESIAN_POINT('',(-0.0635625000008194,0.000678525404603776,-0.0128247595250001));
#3266=CARTESIAN_POINT('',(-0.0635125000008194,-1.80670869099845E-17,-0.012824759525));
#3267=CARTESIAN_POINT('',(-0.0634625000008193,-0.000678525404603812,-0.0128247595250001));
#3268=CARTESIAN_POINT('',(-0.0634125000008194,-0.00101778810690571,-0.0134123797625));
#3269=CARTESIAN_POINT('',(-0.0633625000008194,-0.00135705080920761,-0.0139999999999999));
#3270=CARTESIAN_POINT('',(-0.0633125000008194,-0.00101778810690571,-0.0145876202375));
#3271=CARTESIAN_POINT('',(-0.0632625000008193,-0.000678525404603812,-0.015175240475));
#3272=CARTESIAN_POINT('',(-0.0632125000008194,-1.8124993012662E-17,-0.015175240475));
#3273=CARTESIAN_POINT('',(-0.0631625000008194,0.000678525404603775,-0.015175240475));
#3274=CARTESIAN_POINT('',(-0.0631125000008194,0.00101778810690567,-0.0145876202375));
#3275=CARTESIAN_POINT('',(-0.0630625000008194,0.00135705080920756,-0.0139999999999999));
#3276=CARTESIAN_POINT('',(-0.0630125000008194,0.00101778810690567,-0.0134123797625));
#3277=CARTESIAN_POINT('',(-0.0629625000008193,0.000678525404603776,-0.0128247595250001));
#3278=CARTESIAN_POINT('',(-0.0629125000008194,-1.78950482181521E-17,-0.012824759525));
#3279=CARTESIAN_POINT('',(-0.0628625000008194,-0.000678525404603811,-0.0128247595250001));
#3280=CARTESIAN_POINT('',(-0.0628125000008194,-0.00101778810690571,-0.0134123797625));
#3281=CARTESIAN_POINT('',(-0.0627625000008193,-0.00135705080920761,-0.0139999999999999));
#3282=CARTESIAN_POINT('',(-0.0627125000008194,-0.00101778810690571,-0.0145876202375));
#3283=CARTESIAN_POINT('',(-0.0626625000008194,-0.000678525404603812,-0.015175240475));
#3284=CARTESIAN_POINT('',(-0.0626125000008194,-1.79529543208296E-17,-0.015175240475));
#3285=CARTESIAN_POINT('',(-0.0625625000008193,0.000678525404603776,-0.015175240475));
#3286=CARTESIAN_POINT('',(-0.0625125000008194,0.00101778810690567,-0.0145876202375));
#3287=CARTESIAN_POINT('',(-0.0624625000008194,0.00135705080920756,-0.0139999999999999));
#3288=CARTESIAN_POINT('',(-0.0624125000008194,0.00101778810690567,-0.0134123797625));
#3289=CARTESIAN_POINT('',(-0.0623625000008193,0.000678525404603776,-0.0128247595250001));
#3290=CARTESIAN_POINT('',(-0.0623125000008194,-1.77230095263197E-17,-0.012824759525));
#3291=CARTESIAN_POINT('',(-0.0622625000008193,-0.000678525404603811,-0.0128247595250001));
#3292=CARTESIAN_POINT('',(-0.0622125000008194,-0.00101778810690571,-0.0134123797625));
#3293=CARTESIAN_POINT('',(-0.0621625000008194,-0.00135705080920761,-0.0139999999999999));
#3294=CARTESIAN_POINT('',(-0.0621125000008194,-0.00101778810690571,-0.0145876202375));
#3295=CARTESIAN_POINT('',(-0.0620625000008193,-0.000678525404603812,-0.015175240475));
#3296=CARTESIAN_POINT('',(-0.0620125000008194,-1.77809156289972E-17,-0.015175240475));
#3297=CARTESIAN_POINT('',(-0.0619625000008194,0.000678525404603776,-0.015175240475));
#3298=CARTESIAN_POINT('',(-0.0619125000008194,0.00101778810690567,-0.0145876202375));
#3299=CARTESIAN_POINT('',(-0.0618625000008193,0.00135705080920758,-0.0139999999999999));
#3300=CARTESIAN_POINT('',(-0.0618125000008194,0.00101778810690567,-0.0134123797625));
#3301=CARTESIAN_POINT('',(-0.0617625000008194,0.000678525404603776,-0.0128247595250001));
#3302=CARTESIAN_POINT('',(-0.0617125000008194,-1.75509708344873E-17,-0.012824759525));
#3303=CARTESIAN_POINT('',(-0.0616625000008193,-0.000678525404603811,-0.0128247595250001));
#3304=CARTESIAN_POINT('',(-0.0616125000008194,-0.00101778810690571,-0.0134123797625));
#3305=CARTESIAN_POINT('',(-0.0615625000008193,-0.00135705080920761,-0.0139999999999999));
#3306=CARTESIAN_POINT('',(-0.0615125000008194,-0.00101778810690571,-0.0145876202375));
#3307=CARTESIAN_POINT('',(-0.0614625000008194,-0.000678525404603812,-0.015175240475));
#3308=CARTESIAN_POINT('',(-0.0614125000008194,-1.76088769371648E-17,-0.015175240475));
#3309=CARTESIAN_POINT('',(-0.0613625000008193,0.000678525404603776,-0.015175240475));
#3310=CARTESIAN_POINT('',(-0.0613125000008194,0.00101778810690567,-0.0145876202375));
#3311=CARTESIAN_POINT('',(-0.0612625000008194,0.00135705080920758,-0.0139999999999999));
#3312=CARTESIAN_POINT('',(-0.0612125000008194,0.00101778810690567,-0.0134123797625));
#3313=CARTESIAN_POINT('',(-0.0611625000008193,0.000678525404603776,-0.0128247595250001));
#3314=CARTESIAN_POINT('',(-0.0611125000008194,-1.73789321426549E-17,-0.012824759525));
#3315=CARTESIAN_POINT('',(-0.0610625000008194,-0.000678525404603811,-0.0128247595250001));
#3316=CARTESIAN_POINT('',(-0.0610125000008194,-0.00101778810690571,-0.0134123797625));
#3317=CARTESIAN_POINT('',(-0.0609625000008193,-0.00135705080920761,-0.0139999999999999));
#3318=CARTESIAN_POINT('',(-0.0609125000008194,-0.00101778810690571,-0.0145876202375));
#3319=CARTESIAN_POINT('',(-0.0608625000008194,-0.000678525404603812,-0.015175240475));
#3320=CARTESIAN_POINT('',(-0.0608125000008194,-1.74368382453324E-17,-0.015175240475));
#3321=CARTESIAN_POINT('',(-0.0607625000008193,0.000678525404603776,-0.015175240475));
#3322=CARTESIAN_POINT('',(-0.0607125000008194,0.00101778810690567,-0.0145876202375));
#3323=CARTESIAN_POINT('',(-0.0606625000008193,0.00135705080920758,-0.0139999999999999));
#3324=CARTESIAN_POINT('',(-0.0606125000008194,0.00101778810690567,-0.0134123797625));
#3325=CARTESIAN_POINT('',(-0.0605625000008194,0.000678525404603777,-0.0128247595250001));
#3326=CARTESIAN_POINT('',(-0.0605125000008194,-1.72068934508225E-17,-0.012824759525));
#3327=CARTESIAN_POINT('',(-0.0604625000008193,-0.000678525404603811,-0.0128247595250001));
#3328=CARTESIAN_POINT('',(-0.0604125000008194,-0.00101778810690571,-0.0134123797625));
#3329=CARTESIAN_POINT('',(-0.0603625000008194,-0.00135705080920761,-0.0139999999999999));
#3330=CARTESIAN_POINT('',(-0.0603125000008194,-0.00101778810690571,-0.0145876202375));
#3331=CARTESIAN_POINT('',(-0.0602625000008193,-0.000678525404603812,-0.015175240475));
#3332=CARTESIAN_POINT('',(-0.0602125000008194,-1.72647995535E-17,-0.015175240475));
#3333=CARTESIAN_POINT('',(-0.0601625000008194,0.000678525404603776,-0.015175240475));
#3334=CARTESIAN_POINT('',(-0.0601125000008194,0.00101778810690567,-0.0145876202375));
#3335=CARTESIAN_POINT('',(-0.0600625000008193,0.00135705080920758,-0.0139999999999999));
#3336=CARTESIAN_POINT('',(-0.0600125000008194,0.00101778810690567,-0.0134123797625));
#3337=CARTESIAN_POINT('',(-0.0599625000008194,0.000678525404603777,-0.0128247595250001));
#3338=CARTESIAN_POINT('',(-0.0599125000008194,-1.70348547589901E-17,-0.012824759525));
#3339=CARTESIAN_POINT('',(-0.0598625000008193,-0.000678525404603811,-0.0128247595250001));
#3340=CARTESIAN_POINT('',(-0.0598125000008194,-0.00101778810690571,-0.0134123797625));
#3341=CARTESIAN_POINT('',(-0.0597625000008193,-0.00135705080920761,-0.0139999999999999));
#3342=CARTESIAN_POINT('',(-0.0597125000008194,-0.00101778810690571,-0.0145876202375));
#3343=CARTESIAN_POINT('',(-0.0596625000008194,-0.000678525404603812,-0.015175240475));
#3344=CARTESIAN_POINT('',(-0.0596125000008194,-1.70927608616676E-17,-0.015175240475));
#3345=CARTESIAN_POINT('',(-0.0595625000008193,0.000678525404603776,-0.015175240475));
#3346=CARTESIAN_POINT('',(-0.0595125000008194,0.00101778810690567,-0.0145876202375));
#3347=CARTESIAN_POINT('',(-0.0594625000008194,0.00135705080920758,-0.0139999999999999));
#3348=CARTESIAN_POINT('',(-0.0594125000008194,0.00101778810690567,-0.0134123797625));
#3349=CARTESIAN_POINT('',(-0.0593625000008193,0.000678525404603777,-0.0128247595250001));
#3350=CARTESIAN_POINT('',(-0.0593125000008194,-1.68628160671576E-17,-0.012824759525));
#3351=CARTESIAN_POINT('',(-0.0592625000008194,-0.000678525404603811,-0.0128247595250001));
#3352=CARTESIAN_POINT('',(-0.0592125000008194,-0.00101778810690571,-0.0134123797625));
#3353=CARTESIAN_POINT('',(-0.0591625000008193,-0.00135705080920761,-0.0139999999999999));
#3354=CARTESIAN_POINT('',(-0.0591125000008194,-0.00101778810690571,-0.0145876202375));
#3355=CARTESIAN_POINT('',(-0.0590625000008193,-0.000678525404603811,-0.015175240475));
#3356=CARTESIAN_POINT('',(-0.0590125000008194,-1.69207221698352E-17,-0.015175240475));
#3357=CARTESIAN_POINT('',(-0.0589625000008194,0.000678525404603776,-0.015175240475));
#3358=CARTESIAN_POINT('',(-0.0589125000008194,0.00101778810690567,-0.0145876202375));
#3359=CARTESIAN_POINT('',(-0.0588625000008193,0.00135705080920758,-0.0139999999999999));
#3360=CARTESIAN_POINT('',(-0.0588125000008194,0.00101778810690567,-0.0134123797625));
#3361=CARTESIAN_POINT('',(-0.0587625000008194,0.000678525404603777,-0.0128247595250001));
#3362=CARTESIAN_POINT('',(-0.0587125000008194,-1.66907773753252E-17,-0.012824759525));
#3363=CARTESIAN_POINT('',(-0.0586625000008193,-0.00067852540460381,-0.0128247595250001));
#3364=CARTESIAN_POINT('',(-0.0586125000008194,-0.00101778810690571,-0.0134123797625));
#3365=CARTESIAN_POINT('',(-0.0585625000008194,-0.0013570508092076,-0.0139999999999999));
#3366=CARTESIAN_POINT('',(-0.0585125000008194,-0.00101778810690571,-0.0145876202375));
#3367=CARTESIAN_POINT('',(-0.0584625000008193,-0.000678525404603811,-0.015175240475));
#3368=CARTESIAN_POINT('',(-0.0584125000008194,-1.67486834780027E-17,-0.015175240475));
#3369=CARTESIAN_POINT('',(-0.0583625000008194,0.000678525404603777,-0.015175240475));
#3370=CARTESIAN_POINT('',(-0.0583125000008194,0.00101778810690567,-0.0145876202375));
#3371=CARTESIAN_POINT('',(-0.0582625000008194,0.00135705080920758,-0.0139999999999999));
#3372=CARTESIAN_POINT('',(-0.0582125000008194,0.00101778810690567,-0.0134123797625));
#3373=CARTESIAN_POINT('',(-0.0581625000008193,0.000678525404603777,-0.0128247595250001));
#3374=CARTESIAN_POINT('',(-0.0581125000008194,-1.65187386834928E-17,-0.012824759525));
#3375=CARTESIAN_POINT('',(-0.0580625000008194,-0.00067852540460381,-0.0128247595250001));
#3376=CARTESIAN_POINT('',(-0.0580125000008194,-0.00101778810690571,-0.0134123797625));
#3377=CARTESIAN_POINT('',(-0.0579625000008193,-0.0013570508092076,-0.0139999999999999));
#3378=CARTESIAN_POINT('',(-0.0579125000008194,-0.00101778810690571,-0.0145876202375));
#3379=CARTESIAN_POINT('',(-0.0578625000008194,-0.000678525404603811,-0.015175240475));
#3380=CARTESIAN_POINT('',(-0.0578125000008194,-1.65766447861703E-17,-0.015175240475));
#3381=CARTESIAN_POINT('',(-0.0577625000008193,0.000678525404603777,-0.015175240475));
#3382=CARTESIAN_POINT('',(-0.0577125000008194,0.00101778810690567,-0.0145876202375));
#3383=CARTESIAN_POINT('',(-0.0576625000008194,0.00135705080920758,-0.0139999999999999));
#3384=CARTESIAN_POINT('',(-0.0576125000008194,0.00101778810690567,-0.0134123797625));
#3385=CARTESIAN_POINT('',(-0.0575625000008193,0.000678525404603777,-0.0128247595250001));
#3386=CARTESIAN_POINT('',(-0.0575125000008194,-1.63466999916604E-17,-0.012824759525));
#3387=CARTESIAN_POINT('',(-0.0574625000008193,-0.00067852540460381,-0.0128247595250001));
#3388=CARTESIAN_POINT('',(-0.0574125000008194,-0.00101778810690571,-0.0134123797625));
#3389=CARTESIAN_POINT('',(-0.0573625000008194,-0.0013570508092076,-0.0139999999999999));
#3390=CARTESIAN_POINT('',(-0.0573125000008194,-0.00101778810690571,-0.0145876202375));
#3391=CARTESIAN_POINT('',(-0.0572625000008193,-0.000678525404603811,-0.015175240475));
#3392=CARTESIAN_POINT('',(-0.0572125000008194,-1.64046060943379E-17,-0.015175240475));
#3393=CARTESIAN_POINT('',(-0.0571625000008194,0.000678525404603777,-0.015175240475));
#3394=CARTESIAN_POINT('',(-0.0571125000008194,0.00101778810690567,-0.0145876202375));
#3395=CARTESIAN_POINT('',(-0.0570625000008193,0.00135705080920758,-0.0139999999999999));
#3396=CARTESIAN_POINT('',(-0.0570125000008194,0.00101778810690567,-0.0134123797625));
#3397=CARTESIAN_POINT('',(-0.0569625000008194,0.000678525404603777,-0.0128247595250001));
#3398=CARTESIAN_POINT('',(-0.0569125000008194,-1.6174661299828E-17,-0.012824759525));
#3399=CARTESIAN_POINT('',(-0.0568625000008193,-0.00067852540460381,-0.0128247595250001));
#3400=CARTESIAN_POINT('',(-0.0568125000008194,-0.00101778810690571,-0.0134123797625));
#3401=CARTESIAN_POINT('',(-0.0567625000008194,-0.0013570508092076,-0.0139999999999999));
#3402=CARTESIAN_POINT('',(-0.0567125000008194,-0.00101778810690571,-0.0145876202375));
#3403=CARTESIAN_POINT('',(-0.0566625000008193,-0.000678525404603811,-0.015175240475));
#3404=CARTESIAN_POINT('',(-0.0566125000008194,-1.62325674025055E-17,-0.015175240475));
#3405=CARTESIAN_POINT('',(-0.0565625000008193,0.000678525404603777,-0.015175240475));
#3406=CARTESIAN_POINT('',(-0.0565125000008194,0.00101778810690567,-0.0145876202375));
#3407=CARTESIAN_POINT('',(-0.0564625000008194,0.00135705080920758,-0.0139999999999999));
#3408=CARTESIAN_POINT('',(-0.0564125000008194,0.00101778810690567,-0.0134123797625));
#3409=CARTESIAN_POINT('',(-0.0563625000008193,0.000678525404603778,-0.0128247595250001));
#3410=CARTESIAN_POINT('',(-0.0563125000008194,-1.60026226079956E-17,-0.012824759525));
#3411=CARTESIAN_POINT('',(-0.0562625000008194,-0.00067852540460381,-0.0128247595250001));
#3412=CARTESIAN_POINT('',(-0.0562125000008194,-0.00101778810690571,-0.0134123797625));
#3413=CARTESIAN_POINT('',(-0.0561625000008193,-0.0013570508092076,-0.0139999999999999));
#3414=CARTESIAN_POINT('',(-0.0561125000008194,-0.00101778810690571,-0.0145876202375));
#3415=CARTESIAN_POINT('',(-0.0560625000008194,-0.000678525404603811,-0.015175240475));
#3416=CARTESIAN_POINT('',(-0.0560125000008194,-1.60605287106731E-17,-0.015175240475));
#3417=CARTESIAN_POINT('',(-0.0559625000008193,0.000678525404603777,-0.015175240475));
#3418=CARTESIAN_POINT('',(-0.0559125000008194,0.00101778810690567,-0.0145876202375));
#3419=CARTESIAN_POINT('',(-0.0558625000008194,0.00135705080920758,-0.0139999999999999));
#3420=CARTESIAN_POINT('',(-0.0558125000008194,0.00101778810690567,-0.0134123797625));
#3421=CARTESIAN_POINT('',(-0.0557625000008194,0.000678525404603778,-0.0128247595250001));
#3422=CARTESIAN_POINT('',(-0.0557125000008194,-1.58305839161632E-17,-0.012824759525));
#3423=CARTESIAN_POINT('',(-0.0556625000008193,-0.00067852540460381,-0.0128247595250001));
#3424=CARTESIAN_POINT('',(-0.0556125000008194,-0.00101778810690571,-0.0134123797625));
#3425=CARTESIAN_POINT('',(-0.0555625000008194,-0.0013570508092076,-0.0139999999999999));
#3426=CARTESIAN_POINT('',(-0.0555125000008194,-0.00101778810690571,-0.0145876202375));
#3427=CARTESIAN_POINT('',(-0.0554625000008193,-0.000678525404603811,-0.015175240475));
#3428=CARTESIAN_POINT('',(-0.0554125000008194,-1.58884900188407E-17,-0.015175240475));
#3429=CARTESIAN_POINT('',(-0.0553625000008194,0.000678525404603777,-0.015175240475));
#3430=CARTESIAN_POINT('',(-0.0553125000008194,0.00101778810690568,-0.0145876202375));
#3431=CARTESIAN_POINT('',(-0.0552625000008193,0.00135705080920758,-0.0139999999999999));
#3432=CARTESIAN_POINT('',(-0.0552125000008194,0.00101778810690568,-0.0134123797625));
#3433=CARTESIAN_POINT('',(-0.0551625000008194,0.000678525404603778,-0.0128247595250001));
#3434=CARTESIAN_POINT('',(-0.0551125000008194,-1.56585452243308E-17,-0.012824759525));
#3435=CARTESIAN_POINT('',(-0.0550625000008193,-0.00067852540460381,-0.0128247595250001));
#3436=CARTESIAN_POINT('',(-0.0550125000008194,-0.00101778810690571,-0.0134123797625));
#3437=CARTESIAN_POINT('',(-0.0628925000008194,1.46367293285543E-16,-0.014));
#3438=CARTESIAN_POINT('',(-0.0648625000008194,-1.85980994152012E-17,-0.015175240475));
#3439=CARTESIAN_POINT('',(-0.0648125000008193,0.000678525404603775,-0.015175240475));
#3440=CARTESIAN_POINT('',(-0.0647625000008194,0.00101778810690567,-0.0145876202375));
#3441=CARTESIAN_POINT('',(-0.0647125000008194,0.00135705080920756,-0.0139999999999999));
#3442=CARTESIAN_POINT('',(-0.0646625000008194,0.00101778810690567,-0.0134123797625));
#3443=CARTESIAN_POINT('',(-0.0646125000008193,0.000678525404603776,-0.0128247595250001));
#3444=CARTESIAN_POINT('',(-0.0645625000008194,-1.83681546206912E-17,-0.012824759525));
#3445=CARTESIAN_POINT('',(-0.0645125000008194,-0.000678525404603812,-0.0128247595250001));
#3446=CARTESIAN_POINT('',(-0.0644625000008194,-0.00101778810690571,-0.0134123797625));
#3447=CARTESIAN_POINT('',(-0.0644125000008193,-0.00135705080920761,-0.0139999999999999));
#3448=CARTESIAN_POINT('',(-0.0643625000008194,-0.00101778810690571,-0.0145876202375));
#3449=CARTESIAN_POINT('',(-0.0643125000008193,-0.000678525404603813,-0.015175240475));
#3450=CARTESIAN_POINT('',(-0.0642625000008194,-1.84260607233687E-17,-0.015175240475));
#3451=CARTESIAN_POINT('',(-0.0642125000008194,0.000678525404603775,-0.015175240475));
#3452=CARTESIAN_POINT('',(-0.0641625000008194,0.00101778810690567,-0.0145876202375));
#3453=CARTESIAN_POINT('',(-0.0641125000008193,0.00135705080920756,-0.0139999999999999));
#3454=CARTESIAN_POINT('',(-0.0640625000008194,0.00101778810690567,-0.0134123797625));
#3455=CARTESIAN_POINT('',(-0.0640125000008194,0.000678525404603776,-0.0128247595250001));
#3456=CARTESIAN_POINT('',(-0.0639625000008194,-1.81961159288588E-17,-0.012824759525));
#3457=CARTESIAN_POINT('',(-0.0639125000008193,-0.000678525404603812,-0.0128247595250001));
#3458=CARTESIAN_POINT('',(-0.0638625000008194,-0.00101778810690571,-0.0134123797625));
#3459=CARTESIAN_POINT('',(-0.0638125000008194,-0.00135705080920761,-0.0139999999999999));
#3460=CARTESIAN_POINT('',(-0.0637625000008194,-0.00101778810690571,-0.0145876202375));
#3461=CARTESIAN_POINT('',(-0.0637125000008193,-0.000678525404603813,-0.015175240475));
#3462=CARTESIAN_POINT('',(-0.0636625000008194,-1.82540220315363E-17,-0.015175240475));
#3463=CARTESIAN_POINT('',(-0.0636125000008193,0.000678525404603775,-0.015175240475));
#3464=CARTESIAN_POINT('',(-0.0635625000008194,0.00101778810690567,-0.0145876202375));
#3465=CARTESIAN_POINT('',(-0.0635125000008193,0.00135705080920756,-0.0139999999999999));
#3466=CARTESIAN_POINT('',(-0.0634625000008194,0.00101778810690567,-0.0134123797625));
#3467=CARTESIAN_POINT('',(-0.0634125000008193,0.000678525404603776,-0.0128247595250001));
#3468=CARTESIAN_POINT('',(-0.0633625000008194,-1.80240772370264E-17,-0.012824759525));
#3469=CARTESIAN_POINT('',(-0.0633125000008194,-0.000678525404603812,-0.0128247595250001));
#3470=CARTESIAN_POINT('',(-0.0632625000008194,-0.00101778810690571,-0.0134123797625));
#3471=CARTESIAN_POINT('',(-0.0632125000008193,-0.00135705080920761,-0.0139999999999999));
#3472=CARTESIAN_POINT('',(-0.0631625000008194,-0.00101778810690571,-0.0145876202375));
#3473=CARTESIAN_POINT('',(-0.0631125000008194,-0.000678525404603812,-0.015175240475));
#3474=CARTESIAN_POINT('',(-0.0630625000008194,-1.80819833397039E-17,-0.015175240475));
#3475=CARTESIAN_POINT('',(-0.0630125000008193,0.000678525404603775,-0.015175240475));
#3476=CARTESIAN_POINT('',(-0.0629625000008194,0.00101778810690567,-0.0145876202375));
#3477=CARTESIAN_POINT('',(-0.0629125000008194,0.00135705080920756,-0.0139999999999999));
#3478=CARTESIAN_POINT('',(-0.0628625000008194,0.00101778810690567,-0.0134123797625));
#3479=CARTESIAN_POINT('',(-0.0628125000008193,0.000678525404603776,-0.0128247595250001));
#3480=CARTESIAN_POINT('',(-0.0627625000008194,-1.7852038545194E-17,-0.012824759525));
#3481=CARTESIAN_POINT('',(-0.0627125000008193,-0.000678525404603811,-0.0128247595250001));
#3482=CARTESIAN_POINT('',(-0.0626625000008194,-0.00101778810690571,-0.0134123797625));
#3483=CARTESIAN_POINT('',(-0.0626125000008194,-0.00135705080920761,-0.0139999999999999));
#3484=CARTESIAN_POINT('',(-0.0625625000008194,-0.00101778810690571,-0.0145876202375));
#3485=CARTESIAN_POINT('',(-0.0625125000008193,-0.000678525404603812,-0.015175240475));
#3486=CARTESIAN_POINT('',(-0.0624625000008194,-1.79099446478715E-17,-0.015175240475));
#3487=CARTESIAN_POINT('',(-0.0624125000008194,0.000678525404603776,-0.015175240475));
#3488=CARTESIAN_POINT('',(-0.0623625000008194,0.00101778810690567,-0.0145876202375));
#3489=CARTESIAN_POINT('',(-0.0623125000008193,0.00135705080920756,-0.0139999999999999));
#3490=CARTESIAN_POINT('',(-0.0622625000008194,0.00101778810690567,-0.0134123797625));
#3491=CARTESIAN_POINT('',(-0.0622125000008194,0.000678525404603776,-0.0128247595250001));
#3492=CARTESIAN_POINT('',(-0.0621625000008194,-1.76799998533616E-17,-0.012824759525));
#3493=CARTESIAN_POINT('',(-0.0621125000008193,-0.000678525404603811,-0.0128247595250001));
#3494=CARTESIAN_POINT('',(-0.0620625000008194,-0.00101778810690571,-0.0134123797625));
#3495=CARTESIAN_POINT('',(-0.0620125000008194,-0.00135705080920761,-0.0139999999999999));
#3496=CARTESIAN_POINT('',(-0.0619625000008194,-0.00101778810690571,-0.0145876202375));
#3497=CARTESIAN_POINT('',(-0.0619125000008193,-0.000678525404603812,-0.015175240475));
#3498=CARTESIAN_POINT('',(-0.0618625000008194,-1.77379059560391E-17,-0.015175240475));
#3499=CARTESIAN_POINT('',(-0.0618125000008193,0.000678525404603776,-0.015175240475));
#3500=CARTESIAN_POINT('',(-0.0617625000008194,0.00101778810690567,-0.0145876202375));
#3501=CARTESIAN_POINT('',(-0.0617125000008194,0.00135705080920758,-0.0139999999999999));
#3502=CARTESIAN_POINT('',(-0.0616625000008194,0.00101778810690567,-0.0134123797625));
#3503=CARTESIAN_POINT('',(-0.0616125000008193,0.000678525404603776,-0.0128247595250001));
#3504=CARTESIAN_POINT('',(-0.0615625000008194,-1.75079611615292E-17,-0.012824759525));
#3505=CARTESIAN_POINT('',(-0.0615125000008194,-0.000678525404603811,-0.0128247595250001));
#3506=CARTESIAN_POINT('',(-0.0614625000008194,-0.00101778810690571,-0.0134123797625));
#3507=CARTESIAN_POINT('',(-0.0614125000008193,-0.00135705080920761,-0.0139999999999999));
#3508=CARTESIAN_POINT('',(-0.0613625000008194,-0.00101778810690571,-0.0145876202375));
#3509=CARTESIAN_POINT('',(-0.0613125000008194,-0.000678525404603812,-0.015175240475));
#3510=CARTESIAN_POINT('',(-0.0612625000008194,-1.75658672642067E-17,-0.015175240475));
#3511=CARTESIAN_POINT('',(-0.0612125000008193,0.000678525404603776,-0.015175240475));
#3512=CARTESIAN_POINT('',(-0.0611625000008194,0.00101778810690567,-0.0145876202375));
#3513=CARTESIAN_POINT('',(-0.0611125000008194,0.00135705080920758,-0.0139999999999999));
#3514=CARTESIAN_POINT('',(-0.0610625000008194,0.00101778810690567,-0.0134123797625));
#3515=CARTESIAN_POINT('',(-0.0610125000008194,0.000678525404603776,-0.0128247595250001));
#3516=CARTESIAN_POINT('',(-0.0609625000008194,-1.73359224696968E-17,-0.012824759525));
#3517=CARTESIAN_POINT('',(-0.0609125000008193,-0.000678525404603811,-0.0128247595250001));
#3518=CARTESIAN_POINT('',(-0.0608625000008194,-0.00101778810690571,-0.0134123797625));
#3519=CARTESIAN_POINT('',(-0.0608125000008194,-0.00135705080920761,-0.0139999999999999));
#3520=CARTESIAN_POINT('',(-0.0607625000008194,-0.00101778810690571,-0.0145876202375));
#3521=CARTESIAN_POINT('',(-0.0607125000008193,-0.000678525404603812,-0.015175240475));
#3522=CARTESIAN_POINT('',(-0.0606625000008194,-1.73938285723743E-17,-0.015175240475));
#3523=CARTESIAN_POINT('',(-0.0606125000008194,0.000678525404603776,-0.015175240475));
#3524=CARTESIAN_POINT('',(-0.0605625000008194,0.00101778810690567,-0.0145876202375));
#3525=CARTESIAN_POINT('',(-0.0605125000008193,0.00135705080920758,-0.0139999999999999));
#3526=CARTESIAN_POINT('',(-0.0604625000008194,0.00101778810690567,-0.0134123797625));
#3527=CARTESIAN_POINT('',(-0.0604125000008194,0.000678525404603777,-0.0128247595250001));
#3528=CARTESIAN_POINT('',(-0.0603625000008194,-1.71638837778644E-17,-0.012824759525));
#3529=CARTESIAN_POINT('',(-0.0603125000008193,-0.000678525404603811,-0.0128247595250001));
#3530=CARTESIAN_POINT('',(-0.0602625000008194,-0.00101778810690571,-0.0134123797625));
#3531=CARTESIAN_POINT('',(-0.0602125000008193,-0.00135705080920761,-0.0139999999999999));
#3532=CARTESIAN_POINT('',(-0.0601625000008194,-0.00101778810690571,-0.0145876202375));
#3533=CARTESIAN_POINT('',(-0.0601125000008194,-0.000678525404603812,-0.015175240475));
#3534=CARTESIAN_POINT('',(-0.0600625000008194,-1.72217898805419E-17,-0.015175240475));
#3535=CARTESIAN_POINT('',(-0.0600125000008193,0.000678525404603776,-0.015175240475));
#3536=CARTESIAN_POINT('',(-0.0599625000008194,0.00101778810690567,-0.0145876202375));
#3537=CARTESIAN_POINT('',(-0.0599125000008194,0.00135705080920758,-0.0139999999999999));
#3538=CARTESIAN_POINT('',(-0.0598625000008194,0.00101778810690567,-0.0134123797625));
#3539=CARTESIAN_POINT('',(-0.0598125000008193,0.000678525404603777,-0.0128247595250001));
#3540=CARTESIAN_POINT('',(-0.0597625000008194,-1.69918450860319E-17,-0.012824759525));
#3541=CARTESIAN_POINT('',(-0.0597125000008194,-0.000678525404603811,-0.0128247595250001));
#3542=CARTESIAN_POINT('',(-0.0596625000008194,-0.00101778810690571,-0.0134123797625));
#3543=CARTESIAN_POINT('',(-0.0596125000008193,-0.00135705080920761,-0.0139999999999999));
#3544=CARTESIAN_POINT('',(-0.0595625000008194,-0.00101778810690571,-0.0145876202375));
#3545=CARTESIAN_POINT('',(-0.0595125000008194,-0.000678525404603812,-0.015175240475));
#3546=CARTESIAN_POINT('',(-0.0594625000008194,-1.70497511887095E-17,-0.015175240475));
#3547=CARTESIAN_POINT('',(-0.0594125000008194,0.000678525404603776,-0.015175240475));
#3548=CARTESIAN_POINT('',(-0.0593625000008194,0.00101778810690567,-0.0145876202375));
#3549=CARTESIAN_POINT('',(-0.0593125000008193,0.00135705080920758,-0.0139999999999999));
#3550=CARTESIAN_POINT('',(-0.0592625000008194,0.00101778810690567,-0.0134123797625));
#3551=CARTESIAN_POINT('',(-0.0592125000008194,0.000678525404603777,-0.0128247595250001));
#3552=CARTESIAN_POINT('',(-0.0591625000008194,-1.68198063941995E-17,-0.012824759525));
#3553=CARTESIAN_POINT('',(-0.0591125000008193,-0.000678525404603811,-0.0128247595250001));
#3554=CARTESIAN_POINT('',(-0.0590625000008194,-0.00101778810690571,-0.0134123797625));
#3555=CARTESIAN_POINT('',(-0.0590125000008194,-0.00135705080920761,-0.0139999999999999));
#3556=CARTESIAN_POINT('',(-0.0589625000008194,-0.00101778810690571,-0.0145876202375));
#3557=CARTESIAN_POINT('',(-0.0589125000008193,-0.000678525404603811,-0.015175240475));
#3558=CARTESIAN_POINT('',(-0.0588625000008194,-1.6877712496877E-17,-0.015175240475));
#3559=CARTESIAN_POINT('',(-0.0588125000008194,0.000678525404603776,-0.015175240475));
#3560=CARTESIAN_POINT('',(-0.0587625000008194,0.00101778810690567,-0.0145876202375));
#3561=CARTESIAN_POINT('',(-0.0587125000008193,0.00135705080920758,-0.0139999999999999));
#3562=CARTESIAN_POINT('',(-0.0586625000008194,0.00101778810690567,-0.0134123797625));
#3563=CARTESIAN_POINT('',(-0.0586125000008193,0.000678525404603777,-0.0128247595250001));
#3564=CARTESIAN_POINT('',(-0.0585625000008194,-1.66477677023671E-17,-0.012824759525));
#3565=CARTESIAN_POINT('',(-0.0585125000008194,-0.00067852540460381,-0.0128247595250001));
#3566=CARTESIAN_POINT('',(-0.0584625000008194,-0.00101778810690571,-0.0134123797625));
#3567=CARTESIAN_POINT('',(-0.0584125000008193,-0.0013570508092076,-0.0139999999999999));
#3568=CARTESIAN_POINT('',(-0.0583625000008194,-0.00101778810690571,-0.0145876202375));
#3569=CARTESIAN_POINT('',(-0.0583125000008194,-0.000678525404603811,-0.015175240475));
#3570=CARTESIAN_POINT('',(-0.0582625000008194,-1.67056738050446E-17,-0.015175240475));
#3571=CARTESIAN_POINT('',(-0.0582125000008193,0.000678525404603777,-0.015175240475));
#3572=CARTESIAN_POINT('',(-0.0581625000008194,0.00101778810690567,-0.0145876202375));
#3573=CARTESIAN_POINT('',(-0.0581125000008194,0.00135705080920758,-0.0139999999999999));
#3574=CARTESIAN_POINT('',(-0.0580625000008194,0.00101778810690567,-0.0134123797625));
#3575=CARTESIAN_POINT('',(-0.0580125000008193,0.000678525404603777,-0.0128247595250001));
#3576=CARTESIAN_POINT('',(-0.0579625000008194,-1.64757290105347E-17,-0.012824759525));
#3577=CARTESIAN_POINT('',(-0.0579125000008194,-0.00067852540460381,-0.0128247595250001));
#3578=CARTESIAN_POINT('',(-0.0578625000008194,-0.00101778810690571,-0.0134123797625));
#3579=CARTESIAN_POINT('',(-0.0578125000008193,-0.0013570508092076,-0.0139999999999999));
#3580=CARTESIAN_POINT('',(-0.0577625000008194,-0.00101778810690571,-0.0145876202375));
#3581=CARTESIAN_POINT('',(-0.0577125000008193,-0.000678525404603811,-0.015175240475));
#3582=CARTESIAN_POINT('',(-0.0576625000008194,-1.65336351132122E-17,-0.015175240475));
#3583=CARTESIAN_POINT('',(-0.0576125000008194,0.000678525404603777,-0.015175240475));
#3584=CARTESIAN_POINT('',(-0.0575625000008194,0.00101778810690567,-0.0145876202375));
#3585=CARTESIAN_POINT('',(-0.0575125000008193,0.00135705080920758,-0.0139999999999999));
#3586=CARTESIAN_POINT('',(-0.0574625000008194,0.00101778810690567,-0.0134123797625));
#3587=CARTESIAN_POINT('',(-0.0574125000008194,0.000678525404603777,-0.0128247595250001));
#3588=CARTESIAN_POINT('',(-0.0573625000008194,-1.63036903187023E-17,-0.012824759525));
#3589=CARTESIAN_POINT('',(-0.0573125000008193,-0.00067852540460381,-0.0128247595250001));
#3590=CARTESIAN_POINT('',(-0.0572625000008194,-0.00101778810690571,-0.0134123797625));
#3591=CARTESIAN_POINT('',(-0.0572125000008194,-0.0013570508092076,-0.0139999999999999));
#3592=CARTESIAN_POINT('',(-0.0571625000008194,-0.00101778810690571,-0.0145876202375));
#3593=CARTESIAN_POINT('',(-0.0571125000008193,-0.000678525404603811,-0.015175240475));
#3594=CARTESIAN_POINT('',(-0.0570625000008194,-1.63615964213798E-17,-0.015175240475));
#3595=CARTESIAN_POINT('',(-0.0570125000008194,0.000678525404603777,-0.015175240475));
#3596=CARTESIAN_POINT('',(-0.0569625000008194,0.00101778810690567,-0.0145876202375));
#3597=CARTESIAN_POINT('',(-0.0569125000008194,0.00135705080920758,-0.0139999999999999));
#3598=CARTESIAN_POINT('',(-0.0568625000008194,0.00101778810690567,-0.0134123797625));
#3599=CARTESIAN_POINT('',(-0.0568125000008193,0.000678525404603777,-0.0128247595250001));
#3600=CARTESIAN_POINT('',(-0.0567625000008194,-1.61316516268699E-17,-0.012824759525));
#3601=CARTESIAN_POINT('',(-0.0567125000008194,-0.00067852540460381,-0.0128247595250001));
#3602=CARTESIAN_POINT('',(-0.0566625000008194,-0.00101778810690571,-0.0134123797625));
#3603=CARTESIAN_POINT('',(-0.0566125000008193,-0.0013570508092076,-0.0139999999999999));
#3604=CARTESIAN_POINT('',(-0.0565625000008194,-0.00101778810690571,-0.0145876202375));
#3605=CARTESIAN_POINT('',(-0.0565125000008194,-0.000678525404603811,-0.015175240475));
#3606=CARTESIAN_POINT('',(-0.0564625000008194,-1.61895577295474E-17,-0.015175240475));
#3607=CARTESIAN_POINT('',(-0.0564125000008193,0.000678525404603777,-0.015175240475));
#3608=CARTESIAN_POINT('',(-0.0563625000008194,0.00101778810690567,-0.0145876202375));
#3609=CARTESIAN_POINT('',(-0.0563125000008194,0.00135705080920758,-0.0139999999999999));
#3610=CARTESIAN_POINT('',(-0.0562625000008194,0.00101778810690567,-0.0134123797625));
#3611=CARTESIAN_POINT('',(-0.0562125000008194,0.000678525404603778,-0.0128247595250001));
#3612=CARTESIAN_POINT('',(-0.0561625000008194,-1.59596129350375E-17,-0.012824759525));
#3613=CARTESIAN_POINT('',(-0.0561125000008193,-0.00067852540460381,-0.0128247595250001));
#3614=CARTESIAN_POINT('',(-0.0560625000008194,-0.00101778810690571,-0.0134123797625));
#3615=CARTESIAN_POINT('',(-0.0560125000008194,-0.0013570508092076,-0.0139999999999999));
#3616=CARTESIAN_POINT('',(-0.0559625000008194,-0.00101778810690571,-0.0145876202375));
#3617=CARTESIAN_POINT('',(-0.0559125000008193,-0.000678525404603811,-0.015175240475));
#3618=CARTESIAN_POINT('',(-0.0558625000008194,-1.6017519037715E-17,-0.015175240475));
#3619=CARTESIAN_POINT('',(-0.0558125000008194,0.000678525404603777,-0.015175240475));
#3620=CARTESIAN_POINT('',(-0.0557625000008194,0.00101778810690567,-0.0145876202375));
#3621=CARTESIAN_POINT('',(-0.0557125000008193,0.00135705080920758,-0.0139999999999999));
#3622=CARTESIAN_POINT('',(-0.0556625000008194,0.00101778810690567,-0.0134123797625));
#3623=CARTESIAN_POINT('',(-0.0556125000008194,0.000678525404603778,-0.0128247595250001));
#3624=CARTESIAN_POINT('',(-0.0555625000008194,-1.57875742432051E-17,-0.012824759525));
#3625=CARTESIAN_POINT('',(-0.0555125000008193,-0.00067852540460381,-0.0128247595250001));
#3626=CARTESIAN_POINT('',(-0.0554625000008194,-0.00101778810690571,-0.0134123797625));
#3627=CARTESIAN_POINT('',(-0.0554125000008193,-0.0013570508092076,-0.0139999999999999));
#3628=CARTESIAN_POINT('',(-0.0553625000008194,-0.00101778810690571,-0.0145876202375));
#3629=CARTESIAN_POINT('',(-0.0553125000008193,-0.000678525404603811,-0.015175240475));
#3630=CARTESIAN_POINT('',(-0.0552625000008194,-1.58454803458826E-17,-0.015175240475));
#3631=CARTESIAN_POINT('',(-0.0552125000008193,0.000678525404603777,-0.015175240475));
#3632=CARTESIAN_POINT('',(-0.0551625000008194,0.00101778810690568,-0.0145876202375));
#3633=CARTESIAN_POINT('',(-0.0551125000008194,0.00135705080920758,-0.0139999999999999));
#3634=CARTESIAN_POINT('',(-0.0550625000008194,0.00101778810690568,-0.0134123797625));
#3635=CARTESIAN_POINT('',(-0.0550125000008193,0.000678525404603778,-0.0128247595250001));
#3636=CARTESIAN_POINT('',(-0.0549625000008194,-1.56155355513727E-17,-0.012824759525));
#3637=CARTESIAN_POINT('',(-0.0549125000008194,-0.00067852540460381,-0.0128247595250001));
#3638=CARTESIAN_POINT('',(-0.0548625000008194,-0.00101778810690571,-0.0134123797625));
#3639=CARTESIAN_POINT('',(-0.0646750000016387,-1.85443373242385E-17,-0.0155));
#3640=CARTESIAN_POINT('',(-0.0646250000016387,0.00086602540378442,-0.0155));
#3641=CARTESIAN_POINT('',(-0.0645750000016387,0.00129903810567664,-0.01475));
#3642=CARTESIAN_POINT('',(-0.0645250000016387,0.00173205080756885,-0.0139999999999999));
#3643=CARTESIAN_POINT('',(-0.0644750000016387,0.00129903810567664,-0.01325));
#3644=CARTESIAN_POINT('',(-0.0644250000016387,0.00086602540378442,-0.0125));
#3645=CARTESIAN_POINT('',(-0.0643750000016387,-1.82746209584501E-17,-0.0125));
#3646=CARTESIAN_POINT('',(-0.0643250000016387,-0.000866025403784456,-0.0125));
#3647=CARTESIAN_POINT('',(-0.0642750000016387,-0.00129903810567668,-0.01325));
#3648=CARTESIAN_POINT('',(-0.0642250000016387,-0.00173205080756888,-0.0139999999999999));
#3649=CARTESIAN_POINT('',(-0.0641750000016387,-0.00129903810567668,-0.01475));
#3650=CARTESIAN_POINT('',(-0.0641250000016387,-0.000866025403784457,-0.0155));
#3651=CARTESIAN_POINT('',(-0.0640750000016387,-1.83722986324061E-17,-0.0155));
#3652=CARTESIAN_POINT('',(-0.0640250000016388,0.00086602540378442,-0.0155));
#3653=CARTESIAN_POINT('',(-0.0639750000016387,0.00129903810567664,-0.01475));
#3654=CARTESIAN_POINT('',(-0.0639250000016387,0.00173205080756885,-0.0139999999999999));
#3655=CARTESIAN_POINT('',(-0.0638750000016387,0.00129903810567664,-0.01325));
#3656=CARTESIAN_POINT('',(-0.0638250000016387,0.00086602540378442,-0.0125));
#3657=CARTESIAN_POINT('',(-0.0637750000016387,-1.81025822666177E-17,-0.0125));
#3658=CARTESIAN_POINT('',(-0.0637250000016387,-0.000866025403784456,-0.0125));
#3659=CARTESIAN_POINT('',(-0.0636750000016387,-0.00129903810567668,-0.01325));
#3660=CARTESIAN_POINT('',(-0.0636250000016387,-0.00173205080756888,-0.0139999999999999));
#3661=CARTESIAN_POINT('',(-0.0635750000016387,-0.00129903810567668,-0.01475));
#3662=CARTESIAN_POINT('',(-0.0635250000016387,-0.000866025403784457,-0.0155));
#3663=CARTESIAN_POINT('',(-0.0634750000016387,-1.82002599405736E-17,-0.0155));
#3664=CARTESIAN_POINT('',(-0.0634250000016387,0.00086602540378442,-0.0155));
#3665=CARTESIAN_POINT('',(-0.0633750000016387,0.00129903810567664,-0.01475));
#3666=CARTESIAN_POINT('',(-0.0633250000016386,0.00173205080756885,-0.0139999999999999));
#3667=CARTESIAN_POINT('',(-0.0632750000016387,0.00129903810567664,-0.01325));
#3668=CARTESIAN_POINT('',(-0.0632250000016387,0.000866025403784421,-0.0125));
#3669=CARTESIAN_POINT('',(-0.0631750000016387,-1.79305435747853E-17,-0.0125));
#3670=CARTESIAN_POINT('',(-0.0631250000016387,-0.000866025403784456,-0.0125));
#3671=CARTESIAN_POINT('',(-0.0630750000016387,-0.00129903810567668,-0.01325));
#3672=CARTESIAN_POINT('',(-0.0630250000016387,-0.00173205080756888,-0.0139999999999999));
#3673=CARTESIAN_POINT('',(-0.0629750000016387,-0.00129903810567668,-0.01475));
#3674=CARTESIAN_POINT('',(-0.0629250000016387,-0.000866025403784457,-0.0155));
#3675=CARTESIAN_POINT('',(-0.0628750000016387,-1.80282212487412E-17,-0.0155));
#3676=CARTESIAN_POINT('',(-0.0628250000016387,0.00086602540378442,-0.0155));
#3677=CARTESIAN_POINT('',(-0.0627750000016387,0.00129903810567664,-0.01475));
#3678=CARTESIAN_POINT('',(-0.0627250000016387,0.00173205080756885,-0.0139999999999999));
#3679=CARTESIAN_POINT('',(-0.0626750000016387,0.00129903810567664,-0.01325));
#3680=CARTESIAN_POINT('',(-0.0626250000016386,0.000866025403784421,-0.0125));
#3681=CARTESIAN_POINT('',(-0.0625750000016387,-1.77585048829529E-17,-0.0125));
#3682=CARTESIAN_POINT('',(-0.0625250000016387,-0.000866025403784456,-0.0125));
#3683=CARTESIAN_POINT('',(-0.0624750000016387,-0.00129903810567668,-0.01325));
#3684=CARTESIAN_POINT('',(-0.0624250000016388,-0.00173205080756888,-0.0139999999999999));
#3685=CARTESIAN_POINT('',(-0.0623750000016387,-0.00129903810567668,-0.01475));
#3686=CARTESIAN_POINT('',(-0.0623250000016387,-0.000866025403784457,-0.0155));
#3687=CARTESIAN_POINT('',(-0.0622750000016387,-1.78561825569088E-17,-0.0155));
#3688=CARTESIAN_POINT('',(-0.0622250000016387,0.00086602540378442,-0.0155));
#3689=CARTESIAN_POINT('',(-0.0621750000016387,0.00129903810567664,-0.01475));
#3690=CARTESIAN_POINT('',(-0.0621250000016387,0.00173205080756885,-0.0139999999999999));
#3691=CARTESIAN_POINT('',(-0.0620750000016387,0.00129903810567664,-0.01325));
#3692=CARTESIAN_POINT('',(-0.0620250000016387,0.000866025403784421,-0.0125));
#3693=CARTESIAN_POINT('',(-0.0619750000016387,-1.75864661911205E-17,-0.0125));
#3694=CARTESIAN_POINT('',(-0.0619250000016387,-0.000866025403784456,-0.0125));
#3695=CARTESIAN_POINT('',(-0.0618750000016387,-0.00129903810567668,-0.01325));
#3696=CARTESIAN_POINT('',(-0.0618250000016387,-0.00173205080756888,-0.0139999999999999));
#3697=CARTESIAN_POINT('',(-0.0617750000016387,-0.00129903810567668,-0.01475));
#3698=CARTESIAN_POINT('',(-0.0617250000016386,-0.000866025403784457,-0.0155));
#3699=CARTESIAN_POINT('',(-0.0616750000016387,-1.76841438650764E-17,-0.0155));
#3700=CARTESIAN_POINT('',(-0.0616250000016387,0.00086602540378442,-0.0155));
#3701=CARTESIAN_POINT('',(-0.0615750000016387,0.00129903810567664,-0.01475));
#3702=CARTESIAN_POINT('',(-0.0615250000016387,0.00173205080756885,-0.0139999999999999));
#3703=CARTESIAN_POINT('',(-0.0614750000016387,0.00129903810567664,-0.01325));
#3704=CARTESIAN_POINT('',(-0.0614250000016387,0.000866025403784421,-0.0125));
#3705=CARTESIAN_POINT('',(-0.0613750000016387,-1.74144274992881E-17,-0.0125));
#3706=CARTESIAN_POINT('',(-0.0613250000016387,-0.000866025403784456,-0.0125));
#3707=CARTESIAN_POINT('',(-0.0612750000016387,-0.00129903810567668,-0.01325));
#3708=CARTESIAN_POINT('',(-0.0612250000016387,-0.00173205080756888,-0.0139999999999999));
#3709=CARTESIAN_POINT('',(-0.0611750000016387,-0.00129903810567668,-0.01475));
#3710=CARTESIAN_POINT('',(-0.0611250000016387,-0.000866025403784457,-0.0155));
#3711=CARTESIAN_POINT('',(-0.0610750000016387,-1.7512105173244E-17,-0.0155));
#3712=CARTESIAN_POINT('',(-0.0610250000016387,0.000866025403784421,-0.0155));
#3713=CARTESIAN_POINT('',(-0.0609750000016387,0.00129903810567664,-0.01475));
#3714=CARTESIAN_POINT('',(-0.0609250000016387,0.00173205080756885,-0.0139999999999999));
#3715=CARTESIAN_POINT('',(-0.0608750000016387,0.00129903810567664,-0.01325));
#3716=CARTESIAN_POINT('',(-0.0608250000016386,0.000866025403784421,-0.0125));
#3717=CARTESIAN_POINT('',(-0.0607750000016387,-1.72423888074557E-17,-0.0125));
#3718=CARTESIAN_POINT('',(-0.0607250000016387,-0.000866025403784455,-0.0125));
#3719=CARTESIAN_POINT('',(-0.0606750000016387,-0.00129903810567667,-0.01325));
#3720=CARTESIAN_POINT('',(-0.0606250000016387,-0.00173205080756888,-0.0139999999999999));
#3721=CARTESIAN_POINT('',(-0.0605750000016387,-0.00129903810567668,-0.01475));
#3722=CARTESIAN_POINT('',(-0.0605250000016387,-0.000866025403784457,-0.0155));
#3723=CARTESIAN_POINT('',(-0.0604750000016387,-1.73400664814116E-17,-0.0155));
#3724=CARTESIAN_POINT('',(-0.0604250000016387,0.000866025403784421,-0.0155));
#3725=CARTESIAN_POINT('',(-0.0603750000016387,0.00129903810567664,-0.01475));
#3726=CARTESIAN_POINT('',(-0.0603250000016387,0.00173205080756885,-0.0139999999999999));
#3727=CARTESIAN_POINT('',(-0.0602750000016387,0.00129903810567664,-0.01325));
#3728=CARTESIAN_POINT('',(-0.0602250000016387,0.000866025403784421,-0.0125));
#3729=CARTESIAN_POINT('',(-0.0601750000016387,-1.70703501156233E-17,-0.0125));
#3730=CARTESIAN_POINT('',(-0.0601250000016387,-0.000866025403784455,-0.0125));
#3731=CARTESIAN_POINT('',(-0.0600750000016387,-0.00129903810567667,-0.01325));
#3732=CARTESIAN_POINT('',(-0.0600250000016387,-0.00173205080756888,-0.0139999999999999));
#3733=CARTESIAN_POINT('',(-0.0599750000016387,-0.00129903810567668,-0.01475));
#3734=CARTESIAN_POINT('',(-0.0599250000016387,-0.000866025403784456,-0.0155));
#3735=CARTESIAN_POINT('',(-0.0598750000016387,-1.71680277895792E-17,-0.0155));
#3736=CARTESIAN_POINT('',(-0.0598250000016387,0.000866025403784421,-0.0155));
#3737=CARTESIAN_POINT('',(-0.0597750000016387,0.00129903810567664,-0.01475));
#3738=CARTESIAN_POINT('',(-0.0597250000016387,0.00173205080756885,-0.0139999999999999));
#3739=CARTESIAN_POINT('',(-0.0596750000016387,0.00129903810567664,-0.01325));
#3740=CARTESIAN_POINT('',(-0.0596250000016387,0.000866025403784421,-0.0125));
#3741=CARTESIAN_POINT('',(-0.0595750000016387,-1.68983114237909E-17,-0.0125));
#3742=CARTESIAN_POINT('',(-0.0595250000016387,-0.000866025403784455,-0.0125));
#3743=CARTESIAN_POINT('',(-0.0594750000016387,-0.00129903810567667,-0.01325));
#3744=CARTESIAN_POINT('',(-0.0594250000016387,-0.00173205080756888,-0.0139999999999999));
#3745=CARTESIAN_POINT('',(-0.0593750000016387,-0.00129903810567668,-0.01475));
#3746=CARTESIAN_POINT('',(-0.0593250000016387,-0.000866025403784456,-0.0155));
#3747=CARTESIAN_POINT('',(-0.0592750000016387,-1.69959890977468E-17,-0.0155));
#3748=CARTESIAN_POINT('',(-0.0592250000016388,0.000866025403784421,-0.0155));
#3749=CARTESIAN_POINT('',(-0.0591750000016387,0.00129903810567664,-0.01475));
#3750=CARTESIAN_POINT('',(-0.0591250000016387,0.00173205080756885,-0.0139999999999999));
#3751=CARTESIAN_POINT('',(-0.0590750000016387,0.00129903810567664,-0.01325));
#3752=CARTESIAN_POINT('',(-0.0590250000016387,0.000866025403784421,-0.0125));
#3753=CARTESIAN_POINT('',(-0.0589750000016387,-1.67262727319585E-17,-0.0125));
#3754=CARTESIAN_POINT('',(-0.0589250000016387,-0.000866025403784455,-0.0125));
#3755=CARTESIAN_POINT('',(-0.0588750000016387,-0.00129903810567667,-0.01325));
#3756=CARTESIAN_POINT('',(-0.0588250000016387,-0.00173205080756888,-0.0139999999999999));
#3757=CARTESIAN_POINT('',(-0.0587750000016387,-0.00129903810567668,-0.01475));
#3758=CARTESIAN_POINT('',(-0.0587250000016387,-0.000866025403784456,-0.0155));
#3759=CARTESIAN_POINT('',(-0.0586750000016387,-1.68239504059144E-17,-0.0155));
#3760=CARTESIAN_POINT('',(-0.0586250000016387,0.000866025403784421,-0.0155));
#3761=CARTESIAN_POINT('',(-0.0585750000016387,0.00129903810567664,-0.01475));
#3762=CARTESIAN_POINT('',(-0.0585250000016386,0.00173205080756888,-0.0139999999999999));
#3763=CARTESIAN_POINT('',(-0.0584750000016387,0.00129903810567664,-0.01325));
#3764=CARTESIAN_POINT('',(-0.0584250000016387,0.000866025403784422,-0.0125));
#3765=CARTESIAN_POINT('',(-0.0583750000016387,-1.6554234040126E-17,-0.0125));
#3766=CARTESIAN_POINT('',(-0.0583250000016388,-0.000866025403784455,-0.0125));
#3767=CARTESIAN_POINT('',(-0.0582750000016387,-0.00129903810567667,-0.01325));
#3768=CARTESIAN_POINT('',(-0.0582250000016387,-0.00173205080756888,-0.0139999999999999));
#3769=CARTESIAN_POINT('',(-0.0581750000016387,-0.00129903810567667,-0.01475));
#3770=CARTESIAN_POINT('',(-0.0581250000016387,-0.000866025403784456,-0.0155));
#3771=CARTESIAN_POINT('',(-0.0580750000016387,-1.66519117140819E-17,-0.0155));
#3772=CARTESIAN_POINT('',(-0.0580250000016387,0.000866025403784421,-0.0155));
#3773=CARTESIAN_POINT('',(-0.0579750000016387,0.00129903810567664,-0.01475));
#3774=CARTESIAN_POINT('',(-0.0579250000016387,0.00173205080756888,-0.0139999999999999));
#3775=CARTESIAN_POINT('',(-0.0578750000016387,0.00129903810567664,-0.01325));
#3776=CARTESIAN_POINT('',(-0.0578250000016387,0.000866025403784422,-0.0125));
#3777=CARTESIAN_POINT('',(-0.0577750000016387,-1.63821953482936E-17,-0.0125));
#3778=CARTESIAN_POINT('',(-0.0577250000016387,-0.000866025403784455,-0.0125));
#3779=CARTESIAN_POINT('',(-0.0576750000016387,-0.00129903810567667,-0.01325));
#3780=CARTESIAN_POINT('',(-0.0576250000016387,-0.00173205080756888,-0.0139999999999999));
#3781=CARTESIAN_POINT('',(-0.0575750000016387,-0.00129903810567667,-0.01475));
#3782=CARTESIAN_POINT('',(-0.0575250000016387,-0.000866025403784456,-0.0155));
#3783=CARTESIAN_POINT('',(-0.0574750000016387,-1.64798730222495E-17,-0.0155));
#3784=CARTESIAN_POINT('',(-0.0574250000016387,0.000866025403784421,-0.0155));
#3785=CARTESIAN_POINT('',(-0.0573750000016387,0.00129903810567664,-0.01475));
#3786=CARTESIAN_POINT('',(-0.0573250000016387,0.00173205080756888,-0.0139999999999999));
#3787=CARTESIAN_POINT('',(-0.0572750000016387,0.00129903810567664,-0.01325));
#3788=CARTESIAN_POINT('',(-0.0572250000016387,0.000866025403784422,-0.0125));
#3789=CARTESIAN_POINT('',(-0.0571750000016387,-1.62101566564612E-17,-0.0125));
#3790=CARTESIAN_POINT('',(-0.0571250000016387,-0.000866025403784455,-0.0125));
#3791=CARTESIAN_POINT('',(-0.0570750000016387,-0.00129903810567667,-0.01325));
#3792=CARTESIAN_POINT('',(-0.0570250000016387,-0.00173205080756888,-0.0139999999999999));
#3793=CARTESIAN_POINT('',(-0.0569750000016387,-0.00129903810567667,-0.01475));
#3794=CARTESIAN_POINT('',(-0.0569250000016387,-0.000866025403784456,-0.0155));
#3795=CARTESIAN_POINT('',(-0.0568750000016387,-1.63078343304171E-17,-0.0155));
#3796=CARTESIAN_POINT('',(-0.0568250000016387,0.000866025403784421,-0.0155));
#3797=CARTESIAN_POINT('',(-0.0567750000016387,0.00129903810567664,-0.01475));
#3798=CARTESIAN_POINT('',(-0.0567250000016387,0.00173205080756888,-0.0139999999999999));
#3799=CARTESIAN_POINT('',(-0.0566750000016387,0.00129903810567664,-0.01325));
#3800=CARTESIAN_POINT('',(-0.0566250000016387,0.000866025403784422,-0.0125));
#3801=CARTESIAN_POINT('',(-0.0565750000016387,-1.60381179646288E-17,-0.0125));
#3802=CARTESIAN_POINT('',(-0.0565250000016387,-0.000866025403784453,-0.0125));
#3803=CARTESIAN_POINT('',(-0.0564750000016387,-0.00129903810567667,-0.01325));
#3804=CARTESIAN_POINT('',(-0.0564250000016387,-0.00173205080756888,-0.0139999999999999));
#3805=CARTESIAN_POINT('',(-0.0563750000016387,-0.00129903810567667,-0.01475));
#3806=CARTESIAN_POINT('',(-0.0563250000016387,-0.000866025403784456,-0.0155));
#3807=CARTESIAN_POINT('',(-0.0562750000016387,-1.61357956385847E-17,-0.0155));
#3808=CARTESIAN_POINT('',(-0.0562250000016387,0.000866025403784421,-0.0155));
#3809=CARTESIAN_POINT('',(-0.0561750000016387,0.00129903810567664,-0.01475));
#3810=CARTESIAN_POINT('',(-0.0561250000016387,0.00173205080756888,-0.0139999999999999));
#3811=CARTESIAN_POINT('',(-0.0560750000016387,0.00129903810567664,-0.01325));
#3812=CARTESIAN_POINT('',(-0.0560250000016386,0.000866025403784422,-0.0125));
#3813=CARTESIAN_POINT('',(-0.0559750000016387,-1.58660792727964E-17,-0.0125));
#3814=CARTESIAN_POINT('',(-0.0559250000016387,-0.000866025403784453,-0.0125));
#3815=CARTESIAN_POINT('',(-0.0558750000016387,-0.00129903810567667,-0.01325));
#3816=CARTESIAN_POINT('',(-0.0558250000016388,-0.00173205080756888,-0.0139999999999999));
#3817=CARTESIAN_POINT('',(-0.0557750000016387,-0.00129903810567667,-0.01475));
#3818=CARTESIAN_POINT('',(-0.0557250000016387,-0.000866025403784455,-0.0155));
#3819=CARTESIAN_POINT('',(-0.0556750000016387,-1.59637569467523E-17,-0.0155));
#3820=CARTESIAN_POINT('',(-0.0556250000016387,0.000866025403784422,-0.0155));
#3821=CARTESIAN_POINT('',(-0.0555750000016387,0.00129903810567664,-0.01475));
#3822=CARTESIAN_POINT('',(-0.0555250000016387,0.00173205080756888,-0.0139999999999999));
#3823=CARTESIAN_POINT('',(-0.0554750000016387,0.00129903810567664,-0.01325));
#3824=CARTESIAN_POINT('',(-0.0554250000016387,0.000866025403784422,-0.0125));
#3825=CARTESIAN_POINT('',(-0.0553750000016387,-1.5694040580964E-17,-0.0125));
#3826=CARTESIAN_POINT('',(-0.0553250000016387,-0.000866025403784453,-0.0125));
#3827=CARTESIAN_POINT('',(-0.0552750000016387,-0.00129903810567667,-0.01325));
#3828=CARTESIAN_POINT('',(-0.0552250000016387,-0.00173205080756888,-0.0139999999999999));
#3829=CARTESIAN_POINT('',(-0.0551750000016387,-0.00129903810567667,-0.01475));
#3830=CARTESIAN_POINT('',(-0.0551250000016388,-0.000866025403784455,-0.0155));
#3831=CARTESIAN_POINT('',(-0.0550750000016387,-1.57917182549199E-17,-0.0155));
#3832=CARTESIAN_POINT('',(-0.0550250000016387,0.000866025403784422,-0.0155));
#3833=CARTESIAN_POINT('',(-0.0549750000016387,0.00129903810567664,-0.01475));
#3834=CARTESIAN_POINT('',(-0.0549250000016387,0.00173205080756888,-0.0139999999999999));
#3835=CARTESIAN_POINT('',(-0.0548750000016387,0.00129903810567664,-0.01325));
#3836=CARTESIAN_POINT('',(-0.0548250000016387,0.000866025403784423,-0.0125));
#3837=CARTESIAN_POINT('',(-0.0547750000016387,-1.55220018891316E-17,-0.0125));
#3838=CARTESIAN_POINT('',(-0.0547250000016387,-0.000866025403784453,-0.0125));
#3839=CARTESIAN_POINT('',(-0.0546750000016387,-0.00129903810567667,-0.01325));
#3840=CARTESIAN_POINT('',(-0.0648625000008194,-1.85980994152012E-17,-0.015175240475));
#3841=CARTESIAN_POINT('',(-0.0648125000008193,0.000678525404603775,-0.015175240475));
#3842=CARTESIAN_POINT('',(-0.0647625000008194,0.00101778810690567,-0.0145876202375));
#3843=CARTESIAN_POINT('',(-0.0647125000008194,0.00135705080920756,-0.0139999999999999));
#3844=CARTESIAN_POINT('',(-0.0646625000008194,0.00101778810690567,-0.0134123797625));
#3845=CARTESIAN_POINT('',(-0.0646125000008193,0.000678525404603776,-0.0128247595250001));
#3846=CARTESIAN_POINT('',(-0.0645625000008194,-1.83681546206912E-17,-0.012824759525));
#3847=CARTESIAN_POINT('',(-0.0645125000008194,-0.000678525404603812,-0.0128247595250001));
#3848=CARTESIAN_POINT('',(-0.0644625000008194,-0.00101778810690571,-0.0134123797625));
#3849=CARTESIAN_POINT('',(-0.0644125000008193,-0.00135705080920761,-0.0139999999999999));
#3850=CARTESIAN_POINT('',(-0.0643625000008194,-0.00101778810690571,-0.0145876202375));
#3851=CARTESIAN_POINT('',(-0.0643125000008193,-0.000678525404603813,-0.015175240475));
#3852=CARTESIAN_POINT('',(-0.0642625000008194,-1.84260607233687E-17,-0.015175240475));
#3853=CARTESIAN_POINT('',(-0.0642125000008194,0.000678525404603775,-0.015175240475));
#3854=CARTESIAN_POINT('',(-0.0641625000008194,0.00101778810690567,-0.0145876202375));
#3855=CARTESIAN_POINT('',(-0.0641125000008193,0.00135705080920756,-0.0139999999999999));
#3856=CARTESIAN_POINT('',(-0.0640625000008194,0.00101778810690567,-0.0134123797625));
#3857=CARTESIAN_POINT('',(-0.0640125000008194,0.000678525404603776,-0.0128247595250001));
#3858=CARTESIAN_POINT('',(-0.0639625000008194,-1.81961159288588E-17,-0.012824759525));
#3859=CARTESIAN_POINT('',(-0.0639125000008193,-0.000678525404603812,-0.0128247595250001));
#3860=CARTESIAN_POINT('',(-0.0638625000008194,-0.00101778810690571,-0.0134123797625));
#3861=CARTESIAN_POINT('',(-0.0638125000008194,-0.00135705080920761,-0.0139999999999999));
#3862=CARTESIAN_POINT('',(-0.0637625000008194,-0.00101778810690571,-0.0145876202375));
#3863=CARTESIAN_POINT('',(-0.0637125000008193,-0.000678525404603813,-0.015175240475));
#3864=CARTESIAN_POINT('',(-0.0636625000008194,-1.82540220315363E-17,-0.015175240475));
#3865=CARTESIAN_POINT('',(-0.0636125000008193,0.000678525404603775,-0.015175240475));
#3866=CARTESIAN_POINT('',(-0.0635625000008194,0.00101778810690567,-0.0145876202375));
#3867=CARTESIAN_POINT('',(-0.0635125000008193,0.00135705080920756,-0.0139999999999999));
#3868=CARTESIAN_POINT('',(-0.0634625000008194,0.00101778810690567,-0.0134123797625));
#3869=CARTESIAN_POINT('',(-0.0634125000008193,0.000678525404603776,-0.0128247595250001));
#3870=CARTESIAN_POINT('',(-0.0633625000008194,-1.80240772370264E-17,-0.012824759525));
#3871=CARTESIAN_POINT('',(-0.0633125000008194,-0.000678525404603812,-0.0128247595250001));
#3872=CARTESIAN_POINT('',(-0.0632625000008194,-0.00101778810690571,-0.0134123797625));
#3873=CARTESIAN_POINT('',(-0.0632125000008193,-0.00135705080920761,-0.0139999999999999));
#3874=CARTESIAN_POINT('',(-0.0631625000008194,-0.00101778810690571,-0.0145876202375));
#3875=CARTESIAN_POINT('',(-0.0631125000008194,-0.000678525404603812,-0.015175240475));
#3876=CARTESIAN_POINT('',(-0.0630625000008194,-1.80819833397039E-17,-0.015175240475));
#3877=CARTESIAN_POINT('',(-0.0630125000008193,0.000678525404603775,-0.015175240475));
#3878=CARTESIAN_POINT('',(-0.0629625000008194,0.00101778810690567,-0.0145876202375));
#3879=CARTESIAN_POINT('',(-0.0629125000008194,0.00135705080920756,-0.0139999999999999));
#3880=CARTESIAN_POINT('',(-0.0628625000008194,0.00101778810690567,-0.0134123797625));
#3881=CARTESIAN_POINT('',(-0.0628125000008193,0.000678525404603776,-0.0128247595250001));
#3882=CARTESIAN_POINT('',(-0.0627625000008194,-1.7852038545194E-17,-0.012824759525));
#3883=CARTESIAN_POINT('',(-0.0627125000008193,-0.000678525404603811,-0.0128247595250001));
#3884=CARTESIAN_POINT('',(-0.0626625000008194,-0.00101778810690571,-0.0134123797625));
#3885=CARTESIAN_POINT('',(-0.0626125000008194,-0.00135705080920761,-0.0139999999999999));
#3886=CARTESIAN_POINT('',(-0.0625625000008194,-0.00101778810690571,-0.0145876202375));
#3887=CARTESIAN_POINT('',(-0.0625125000008193,-0.000678525404603812,-0.015175240475));
#3888=CARTESIAN_POINT('',(-0.0624625000008194,-1.79099446478715E-17,-0.015175240475));
#3889=CARTESIAN_POINT('',(-0.0624125000008194,0.000678525404603776,-0.015175240475));
#3890=CARTESIAN_POINT('',(-0.0623625000008194,0.00101778810690567,-0.0145876202375));
#3891=CARTESIAN_POINT('',(-0.0623125000008193,0.00135705080920756,-0.0139999999999999));
#3892=CARTESIAN_POINT('',(-0.0622625000008194,0.00101778810690567,-0.0134123797625));
#3893=CARTESIAN_POINT('',(-0.0622125000008194,0.000678525404603776,-0.0128247595250001));
#3894=CARTESIAN_POINT('',(-0.0621625000008194,-1.76799998533616E-17,-0.012824759525));
#3895=CARTESIAN_POINT('',(-0.0621125000008193,-0.000678525404603811,-0.0128247595250001));
#3896=CARTESIAN_POINT('',(-0.0620625000008194,-0.00101778810690571,-0.0134123797625));
#3897=CARTESIAN_POINT('',(-0.0620125000008194,-0.00135705080920761,-0.0139999999999999));
#3898=CARTESIAN_POINT('',(-0.0619625000008194,-0.00101778810690571,-0.0145876202375));
#3899=CARTESIAN_POINT('',(-0.0619125000008193,-0.000678525404603812,-0.015175240475));
#3900=CARTESIAN_POINT('',(-0.0618625000008194,-1.77379059560391E-17,-0.015175240475));
#3901=CARTESIAN_POINT('',(-0.0618125000008193,0.000678525404603776,-0.015175240475));
#3902=CARTESIAN_POINT('',(-0.0617625000008194,0.00101778810690567,-0.0145876202375));
#3903=CARTESIAN_POINT('',(-0.0617125000008194,0.00135705080920758,-0.0139999999999999));
#3904=CARTESIAN_POINT('',(-0.0616625000008194,0.00101778810690567,-0.0134123797625));
#3905=CARTESIAN_POINT('',(-0.0616125000008193,0.000678525404603776,-0.0128247595250001));
#3906=CARTESIAN_POINT('',(-0.0615625000008194,-1.75079611615292E-17,-0.012824759525));
#3907=CARTESIAN_POINT('',(-0.0615125000008194,-0.000678525404603811,-0.0128247595250001));
#3908=CARTESIAN_POINT('',(-0.0614625000008194,-0.00101778810690571,-0.0134123797625));
#3909=CARTESIAN_POINT('',(-0.0614125000008193,-0.00135705080920761,-0.0139999999999999));
#3910=CARTESIAN_POINT('',(-0.0613625000008194,-0.00101778810690571,-0.0145876202375));
#3911=CARTESIAN_POINT('',(-0.0613125000008194,-0.000678525404603812,-0.015175240475));
#3912=CARTESIAN_POINT('',(-0.0612625000008194,-1.75658672642067E-17,-0.015175240475));
#3913=CARTESIAN_POINT('',(-0.0612125000008193,0.000678525404603776,-0.015175240475));
#3914=CARTESIAN_POINT('',(-0.0611625000008194,0.00101778810690567,-0.0145876202375));
#3915=CARTESIAN_POINT('',(-0.0611125000008194,0.00135705080920758,-0.0139999999999999));
#3916=CARTESIAN_POINT('',(-0.0610625000008194,0.00101778810690567,-0.0134123797625));
#3917=CARTESIAN_POINT('',(-0.0610125000008194,0.000678525404603776,-0.0128247595250001));
#3918=CARTESIAN_POINT('',(-0.0609625000008194,-1.73359224696968E-17,-0.012824759525));
#3919=CARTESIAN_POINT('',(-0.0609125000008193,-0.000678525404603811,-0.0128247595250001));
#3920=CARTESIAN_POINT('',(-0.0608625000008194,-0.00101778810690571,-0.0134123797625));
#3921=CARTESIAN_POINT('',(-0.0608125000008194,-0.00135705080920761,-0.0139999999999999));
#3922=CARTESIAN_POINT('',(-0.0607625000008194,-0.00101778810690571,-0.0145876202375));
#3923=CARTESIAN_POINT('',(-0.0607125000008193,-0.000678525404603812,-0.015175240475));
#3924=CARTESIAN_POINT('',(-0.0606625000008194,-1.73938285723743E-17,-0.015175240475));
#3925=CARTESIAN_POINT('',(-0.0606125000008194,0.000678525404603776,-0.015175240475));
#3926=CARTESIAN_POINT('',(-0.0605625000008194,0.00101778810690567,-0.0145876202375));
#3927=CARTESIAN_POINT('',(-0.0605125000008193,0.00135705080920758,-0.0139999999999999));
#3928=CARTESIAN_POINT('',(-0.0604625000008194,0.00101778810690567,-0.0134123797625));
#3929=CARTESIAN_POINT('',(-0.0604125000008194,0.000678525404603777,-0.0128247595250001));
#3930=CARTESIAN_POINT('',(-0.0603625000008194,-1.71638837778644E-17,-0.012824759525));
#3931=CARTESIAN_POINT('',(-0.0603125000008193,-0.000678525404603811,-0.0128247595250001));
#3932=CARTESIAN_POINT('',(-0.0602625000008194,-0.00101778810690571,-0.0134123797625));
#3933=CARTESIAN_POINT('',(-0.0602125000008193,-0.00135705080920761,-0.0139999999999999));
#3934=CARTESIAN_POINT('',(-0.0601625000008194,-0.00101778810690571,-0.0145876202375));
#3935=CARTESIAN_POINT('',(-0.0601125000008194,-0.000678525404603812,-0.015175240475));
#3936=CARTESIAN_POINT('',(-0.0600625000008194,-1.72217898805419E-17,-0.015175240475));
#3937=CARTESIAN_POINT('',(-0.0600125000008193,0.000678525404603776,-0.015175240475));
#3938=CARTESIAN_POINT('',(-0.0599625000008194,0.00101778810690567,-0.0145876202375));
#3939=CARTESIAN_POINT('',(-0.0599125000008194,0.00135705080920758,-0.0139999999999999));
#3940=CARTESIAN_POINT('',(-0.0598625000008194,0.00101778810690567,-0.0134123797625));
#3941=CARTESIAN_POINT('',(-0.0598125000008193,0.000678525404603777,-0.0128247595250001));
#3942=CARTESIAN_POINT('',(-0.0597625000008194,-1.69918450860319E-17,-0.012824759525));
#3943=CARTESIAN_POINT('',(-0.0597125000008194,-0.000678525404603811,-0.0128247595250001));
#3944=CARTESIAN_POINT('',(-0.0596625000008194,-0.00101778810690571,-0.0134123797625));
#3945=CARTESIAN_POINT('',(-0.0596125000008193,-0.00135705080920761,-0.0139999999999999));
#3946=CARTESIAN_POINT('',(-0.0595625000008194,-0.00101778810690571,-0.0145876202375));
#3947=CARTESIAN_POINT('',(-0.0595125000008194,-0.000678525404603812,-0.015175240475));
#3948=CARTESIAN_POINT('',(-0.0594625000008194,-1.70497511887095E-17,-0.015175240475));
#3949=CARTESIAN_POINT('',(-0.0594125000008194,0.000678525404603776,-0.015175240475));
#3950=CARTESIAN_POINT('',(-0.0593625000008194,0.00101778810690567,-0.0145876202375));
#3951=CARTESIAN_POINT('',(-0.0593125000008193,0.00135705080920758,-0.0139999999999999));
#3952=CARTESIAN_POINT('',(-0.0592625000008194,0.00101778810690567,-0.0134123797625));
#3953=CARTESIAN_POINT('',(-0.0592125000008194,0.000678525404603777,-0.0128247595250001));
#3954=CARTESIAN_POINT('',(-0.0591625000008194,-1.68198063941995E-17,-0.012824759525));
#3955=CARTESIAN_POINT('',(-0.0591125000008193,-0.000678525404603811,-0.0128247595250001));
#3956=CARTESIAN_POINT('',(-0.0590625000008194,-0.00101778810690571,-0.0134123797625));
#3957=CARTESIAN_POINT('',(-0.0590125000008194,-0.00135705080920761,-0.0139999999999999));
#3958=CARTESIAN_POINT('',(-0.0589625000008194,-0.00101778810690571,-0.0145876202375));
#3959=CARTESIAN_POINT('',(-0.0589125000008193,-0.000678525404603811,-0.015175240475));
#3960=CARTESIAN_POINT('',(-0.0588625000008194,-1.6877712496877E-17,-0.015175240475));
#3961=CARTESIAN_POINT('',(-0.0588125000008194,0.000678525404603776,-0.015175240475));
#3962=CARTESIAN_POINT('',(-0.0587625000008194,0.00101778810690567,-0.0145876202375));
#3963=CARTESIAN_POINT('',(-0.0587125000008193,0.00135705080920758,-0.0139999999999999));
#3964=CARTESIAN_POINT('',(-0.0586625000008194,0.00101778810690567,-0.0134123797625));
#3965=CARTESIAN_POINT('',(-0.0586125000008193,0.000678525404603777,-0.0128247595250001));
#3966=CARTESIAN_POINT('',(-0.0585625000008194,-1.66477677023671E-17,-0.012824759525));
#3967=CARTESIAN_POINT('',(-0.0585125000008194,-0.00067852540460381,-0.0128247595250001));
#3968=CARTESIAN_POINT('',(-0.0584625000008194,-0.00101778810690571,-0.0134123797625));
#3969=CARTESIAN_POINT('',(-0.0584125000008193,-0.0013570508092076,-0.0139999999999999));
#3970=CARTESIAN_POINT('',(-0.0583625000008194,-0.00101778810690571,-0.0145876202375));
#3971=CARTESIAN_POINT('',(-0.0583125000008194,-0.000678525404603811,-0.015175240475));
#3972=CARTESIAN_POINT('',(-0.0582625000008194,-1.67056738050446E-17,-0.015175240475));
#3973=CARTESIAN_POINT('',(-0.0582125000008193,0.000678525404603777,-0.015175240475));
#3974=CARTESIAN_POINT('',(-0.0581625000008194,0.00101778810690567,-0.0145876202375));
#3975=CARTESIAN_POINT('',(-0.0581125000008194,0.00135705080920758,-0.0139999999999999));
#3976=CARTESIAN_POINT('',(-0.0580625000008194,0.00101778810690567,-0.0134123797625));
#3977=CARTESIAN_POINT('',(-0.0580125000008193,0.000678525404603777,-0.0128247595250001));
#3978=CARTESIAN_POINT('',(-0.0579625000008194,-1.64757290105347E-17,-0.012824759525));
#3979=CARTESIAN_POINT('',(-0.0579125000008194,-0.00067852540460381,-0.0128247595250001));
#3980=CARTESIAN_POINT('',(-0.0578625000008194,-0.00101778810690571,-0.0134123797625));
#3981=CARTESIAN_POINT('',(-0.0578125000008193,-0.0013570508092076,-0.0139999999999999));
#3982=CARTESIAN_POINT('',(-0.0577625000008194,-0.00101778810690571,-0.0145876202375));
#3983=CARTESIAN_POINT('',(-0.0577125000008193,-0.000678525404603811,-0.015175240475));
#3984=CARTESIAN_POINT('',(-0.0576625000008194,-1.65336351132122E-17,-0.015175240475));
#3985=CARTESIAN_POINT('',(-0.0576125000008194,0.000678525404603777,-0.015175240475));
#3986=CARTESIAN_POINT('',(-0.0575625000008194,0.00101778810690567,-0.0145876202375));
#3987=CARTESIAN_POINT('',(-0.0575125000008193,0.00135705080920758,-0.0139999999999999));
#3988=CARTESIAN_POINT('',(-0.0574625000008194,0.00101778810690567,-0.0134123797625));
#3989=CARTESIAN_POINT('',(-0.0574125000008194,0.000678525404603777,-0.0128247595250001));
#3990=CARTESIAN_POINT('',(-0.0573625000008194,-1.63036903187023E-17,-0.012824759525));
#3991=CARTESIAN_POINT('',(-0.0573125000008193,-0.00067852540460381,-0.0128247595250001));
#3992=CARTESIAN_POINT('',(-0.0572625000008194,-0.00101778810690571,-0.0134123797625));
#3993=CARTESIAN_POINT('',(-0.0572125000008194,-0.0013570508092076,-0.0139999999999999));
#3994=CARTESIAN_POINT('',(-0.0571625000008194,-0.00101778810690571,-0.0145876202375));
#3995=CARTESIAN_POINT('',(-0.0571125000008193,-0.000678525404603811,-0.015175240475));
#3996=CARTESIAN_POINT('',(-0.0570625000008194,-1.63615964213798E-17,-0.015175240475));
#3997=CARTESIAN_POINT('',(-0.0570125000008194,0.000678525404603777,-0.015175240475));
#3998=CARTESIAN_POINT('',(-0.0569625000008194,0.00101778810690567,-0.0145876202375));
#3999=CARTESIAN_POINT('',(-0.0569125000008194,0.00135705080920758,-0.0139999999999999));
#4000=CARTESIAN_POINT('',(-0.0568625000008194,0.00101778810690567,-0.0134123797625));
#4001=CARTESIAN_POINT('',(-0.0568125000008193,0.000678525404603777,-0.0128247595250001));
#4002=CARTESIAN_POINT('',(-0.0567625000008194,-1.61316516268699E-17,-0.012824759525));
#4003=CARTESIAN_POINT('',(-0.0567125000008194,-0.00067852540460381,-0.0128247595250001));
#4004=CARTESIAN_POINT('',(-0.0566625000008194,-0.00101778810690571,-0.0134123797625));
#4005=CARTESIAN_POINT('',(-0.0566125000008193,-0.0013570508092076,-0.0139999999999999));
#4006=CARTESIAN_POINT('',(-0.0565625000008194,-0.00101778810690571,-0.0145876202375));
#4007=CARTESIAN_POINT('',(-0.0565125000008194,-0.000678525404603811,-0.015175240475));
#4008=CARTESIAN_POINT('',(-0.0564625000008194,-1.61895577295474E-17,-0.015175240475));
#4009=CARTESIAN_POINT('',(-0.0564125000008193,0.000678525404603777,-0.015175240475));
#4010=CARTESIAN_POINT('',(-0.0563625000008194,0.00101778810690567,-0.0145876202375));
#4011=CARTESIAN_POINT('',(-0.0563125000008194,0.00135705080920758,-0.0139999999999999));
#4012=CARTESIAN_POINT('',(-0.0562625000008194,0.00101778810690567,-0.0134123797625));
#4013=CARTESIAN_POINT('',(-0.0562125000008194,0.000678525404603778,-0.0128247595250001));
#4014=CARTESIAN_POINT('',(-0.0561625000008194,-1.59596129350375E-17,-0.012824759525));
#4015=CARTESIAN_POINT('',(-0.0561125000008193,-0.00067852540460381,-0.0128247595250001));
#4016=CARTESIAN_POINT('',(-0.0560625000008194,-0.00101778810690571,-0.0134123797625));
#4017=CARTESIAN_POINT('',(-0.0560125000008194,-0.0013570508092076,-0.0139999999999999));
#4018=CARTESIAN_POINT('',(-0.0559625000008194,-0.00101778810690571,-0.0145876202375));
#4019=CARTESIAN_POINT('',(-0.0559125000008193,-0.000678525404603811,-0.015175240475));
#4020=CARTESIAN_POINT('',(-0.0558625000008194,-1.6017519037715E-17,-0.015175240475));
#4021=CARTESIAN_POINT('',(-0.0558125000008194,0.000678525404603777,-0.015175240475));
#4022=CARTESIAN_POINT('',(-0.0557625000008194,0.00101778810690567,-0.0145876202375));
#4023=CARTESIAN_POINT('',(-0.0557125000008193,0.00135705080920758,-0.0139999999999999));
#4024=CARTESIAN_POINT('',(-0.0556625000008194,0.00101778810690567,-0.0134123797625));
#4025=CARTESIAN_POINT('',(-0.0556125000008194,0.000678525404603778,-0.0128247595250001));
#4026=CARTESIAN_POINT('',(-0.0555625000008194,-1.57875742432051E-17,-0.012824759525));
#4027=CARTESIAN_POINT('',(-0.0555125000008193,-0.00067852540460381,-0.0128247595250001));
#4028=CARTESIAN_POINT('',(-0.0554625000008194,-0.00101778810690571,-0.0134123797625));
#4029=CARTESIAN_POINT('',(-0.0554125000008193,-0.0013570508092076,-0.0139999999999999));
#4030=CARTESIAN_POINT('',(-0.0553625000008194,-0.00101778810690571,-0.0145876202375));
#4031=CARTESIAN_POINT('',(-0.0553125000008193,-0.000678525404603811,-0.015175240475));
#4032=CARTESIAN_POINT('',(-0.0552625000008194,-1.58454803458826E-17,-0.015175240475));
#4033=CARTESIAN_POINT('',(-0.0552125000008193,0.000678525404603777,-0.015175240475));
#4034=CARTESIAN_POINT('',(-0.0551625000008194,0.00101778810690568,-0.0145876202375));
#4035=CARTESIAN_POINT('',(-0.0551125000008194,0.00135705080920758,-0.0139999999999999));
#4036=CARTESIAN_POINT('',(-0.0550625000008194,0.00101778810690568,-0.0134123797625));
#4037=CARTESIAN_POINT('',(-0.0550125000008193,0.000678525404603778,-0.0128247595250001));
#4038=CARTESIAN_POINT('',(-0.0549625000008194,-1.56155355513727E-17,-0.012824759525));
#4039=CARTESIAN_POINT('',(-0.0549125000008194,-0.00067852540460381,-0.0128247595250001));
#4040=CARTESIAN_POINT('',(-0.0548625000008194,-0.00101778810690571,-0.0134123797625));
#4041=MECHANICAL_DESIGN_GEOMETRIC_PRESENTATION_REPRESENTATION('',(#445,
#39,#40,#41,#42,#43,#44,#45,#46,#47,#48,#49,#50,#51),#4042);
#4042=(
GEOMETRIC_REPRESENTATION_CONTEXT(3)
GLOBAL_UNCERTAINTY_ASSIGNED_CONTEXT((#4043))
GLOBAL_UNIT_ASSIGNED_CONTEXT((#4046,#4045,#4044))
REPRESENTATION_CONTEXT('Part 1','TOP_LEVEL_ASSEMBLY_PART')
);
#4043=UNCERTAINTY_MEASURE_WITH_UNIT(LENGTH_MEASURE(2.E-5),#4046,
'DISTANCE_ACCURACY_VALUE','Maximum Tolerance applied to model');
#4044=(
NAMED_UNIT(*)
SI_UNIT($,.STERADIAN.)
SOLID_ANGLE_UNIT()
);
#4045=(
NAMED_UNIT(*)
PLANE_ANGLE_UNIT()
SI_UNIT($,.RADIAN.)
);
#4046=(
LENGTH_UNIT()
NAMED_UNIT(*)
SI_UNIT($,.METRE.)
);
#4047=PRODUCT_DEFINITION_SHAPE('','',#4048);
#4048=PRODUCT_DEFINITION('','',#4050,#4049);
#4049=PRODUCT_DEFINITION_CONTEXT('',#4056,'design');
#4050=PRODUCT_DEFINITION_FORMATION_WITH_SPECIFIED_SOURCE('','',#4052,
 .NOT_KNOWN.);
#4051=PRODUCT_RELATED_PRODUCT_CATEGORY('','',(#4052));
#4052=PRODUCT('Part 1','Part 1','Part 1',(#4054));
#4053=PRODUCT_CATEGORY('','');
#4054=PRODUCT_CONTEXT('',#4056,'mechanical');
#4055=APPLICATION_PROTOCOL_DEFINITION('international standard',
'ap242_managed_model_based_3d_engineering',2020,#4056);
#4056=APPLICATION_CONTEXT('managed model based 3d engineering');
ENDSEC;
END-ISO-10303-21;
