ISO-10303-21;
HEADER;
/* Generated by software containing ST-Developer
 * from STEP Tools, Inc. (www.steptools.com) 
 */
/* OPTION: using custom renumber hook */

FILE_DESCRIPTION(
/* description */ ('STEP AP242 Edition 2',
'CAx-IF Rec.Pracs.---Representation and Presentation of Product Manufa
cturing Information (PMI)---4.0---2014-10-13',
'CAx-IF Rec.Pracs.---3D Tessellated Geometry---0.4---2014-09-14','2;1',
'CAx-IF Rec.Pracs.---User Defined Attributes---1.5---2016-08-15'),
/* implementation_level */ '2;1');

FILE_NAME(
/* name */ 'Tetrix TorqueNADO DC Motor(2)',
/* time_stamp */ '2026-05-11T00:14:59Z',
/* author */ (''),
/* organization */ (''),
/* preprocessor_version */ 'ST-DEVELOPER v20',
/* originating_system */ 'ONSHAPE BY PTC INC, 1.214',
/* authorisation */ '  ');

FILE_SCHEMA (('AP242_MANAGED_MODEL_BASED_3D_ENGINEERING_MIM_LF { 1 0 10303 442 3 1 4 }'));
ENDSEC;

DATA;
#10=ELLIPSE('',#4699,0.00100090536813335,0.0009999874044648);
#11=TOROIDAL_SURFACE('',#4643,0.00339255186764397,0.000799999999999973);
#12=TOROIDAL_SURFACE('',#4691,0.00424206103629878,0.000799999579069059);
#13=TOROIDAL_SURFACE('',#4694,0.00424206101306987,0.000799999579069451);
#14=TOROIDAL_SURFACE('',#4695,0.00424217445370018,0.000799999566856675);
#15=TOROIDAL_SURFACE('',#4703,0.0134188315027303,0.005);
#16=TOROIDAL_SURFACE('',#4706,0.0179509360957998,0.0005);
#17=TOROIDAL_SURFACE('',#4709,0.01341883150273,0.005);
#18=TOROIDAL_SURFACE('',#4712,0.0179509360958001,0.000499999999999969);
#19=(
BOUNDED_SURFACE()
B_SPLINE_SURFACE(3,3,((#6259,#6260,#6261,#6262,#6263,#6264,#6265,#6266,
#6267,#6268),(#6269,#6270,#6271,#6272,#6273,#6274,#6275,#6276,#6277,#6278),
(#6279,#6280,#6281,#6282,#6283,#6284,#6285,#6286,#6287,#6288),(#6289,#6290,
#6291,#6292,#6293,#6294,#6295,#6296,#6297,#6298)),.UNSPECIFIED.,.F.,.F.,
 .F.)
B_SPLINE_SURFACE_WITH_KNOTS((4,4),(4,1,1,1,1,1,1,4),(0.0496562391502118,
0.950131393184799),(0.0172924719058103,0.02299850327213,0.213720306719,
0.3997932314437,0.5775534983575,0.7440463933286,0.8977224943462,0.979696465104287),
 .UNSPECIFIED.)
GEOMETRIC_REPRESENTATION_ITEM()
RATIONAL_B_SPLINE_SURFACE(((1.16271081112761,1.16271081112761,1.16271081112761,
1.16271081112761,1.16271081112761,1.16271081112761,1.16271081112761,1.16271081112761,
1.16271081112761,1.16271081112761),(0.94581421575539,0.945814215755389,
0.94581421575539,0.94581421575539,0.94581421575539,0.94581421575539,0.94581421575539,
0.94581421575539,0.94581421575539,0.94581421575539),(0.945763075018571,
0.945763075018571,0.945763075018571,0.945763075018571,0.945763075018571,
0.945763075018571,0.945763075018571,0.945763075018571,0.945763075018571,
0.945763075018571),(1.16255738891716,1.16255738891716,1.16255738891716,
1.16255738891716,1.16255738891716,1.16255738891716,1.16255738891716,1.16255738891716,
1.16255738891716,1.16255738891716)))
REPRESENTATION_ITEM('')
SURFACE()
);
#20=(
BOUNDED_SURFACE()
B_SPLINE_SURFACE(3,3,((#6454,#6455,#6456,#6457,#6458,#6459,#6460,#6461,
#6462,#6463,#6464,#6465,#6466,#6467,#6468,#6469,#6470,#6471),(#6472,#6473,
#6474,#6475,#6476,#6477,#6478,#6479,#6480,#6481,#6482,#6483,#6484,#6485,
#6486,#6487,#6488,#6489),(#6490,#6491,#6492,#6493,#6494,#6495,#6496,#6497,
#6498,#6499,#6500,#6501,#6502,#6503,#6504,#6505,#6506,#6507),(#6508,#6509,
#6510,#6511,#6512,#6513,#6514,#6515,#6516,#6517,#6518,#6519,#6520,#6521,
#6522,#6523,#6524,#6525)),.UNSPECIFIED.,.F.,.F.,.F.)
B_SPLINE_SURFACE_WITH_KNOTS((4,4),(4,1,1,1,1,1,1,1,1,1,1,1,1,1,1,4),(0.049857942835601,
0.95206725634588),(0.0104695942302764,0.05348673243296,0.125569137193,0.2075106380884,
0.3004065037135,0.4005551365247,0.4974757106107,0.5839501372166,0.6612763393637,
0.7303352627873,0.7913256244367,0.8452044479141,0.8929921533086,0.9357358581004,
0.974510140479,0.996769819200243),.UNSPECIFIED.)
GEOMETRIC_REPRESENTATION_ITEM()
RATIONAL_B_SPLINE_SURFACE(((1.16256858489955,1.16256858489955,1.16256858489955,
1.16256858489955,1.16256858489955,1.16256858489955,1.16256858489955,1.16256858489955,
1.16256858489955,1.16256858489955,1.16256858489955,1.16256858489955,1.16256858489955,
1.16256858489955,1.16256858489955,1.16256858489955,1.16256858489955,1.16256858489955),
(0.945346948535174,0.945346948535174,0.945346948535174,0.945346948535174,
0.945346948535174,0.945346948535174,0.945346948535174,0.945346948535174,
0.945346948535174,0.945346948535174,0.945346948535174,0.945346948535174,
0.945346948535174,0.945346948535174,0.945346948535174,0.945346948535174,
0.945346948535174,0.945346948535174),(0.945811462914438,0.945811462914438,
0.945811462914438,0.945811462914438,0.945811462914438,0.945811462914438,
0.945811462914438,0.945811462914438,0.945811462914438,0.945811462914438,
0.945811462914438,0.945811462914438,0.945811462914438,0.945811462914438,
0.945811462914438,0.945811462914438,0.945811462914438,0.945811462914438),
(1.16396212803734,1.16396212803734,1.16396212803734,1.16396212803734,1.16396212803734,
1.16396212803734,1.16396212803734,1.16396212803734,1.16396212803734,1.16396212803734,
1.16396212803734,1.16396212803734,1.16396212803734,1.16396212803734,1.16396212803734,
1.16396212803734,1.16396212803734,1.16396212803734)))
REPRESENTATION_ITEM('')
SURFACE()
);
#21=(
BOUNDED_SURFACE()
B_SPLINE_SURFACE(3,3,((#6728,#6729,#6730,#6731,#6732),(#6733,#6734,#6735,
#6736,#6737),(#6738,#6739,#6740,#6741,#6742),(#6743,#6744,#6745,#6746,#6747)),
 .UNSPECIFIED.,.F.,.F.,.F.)
B_SPLINE_SURFACE_WITH_KNOTS((4,4),(4,1,4),(0.0505171050450891,0.949471532768287),
(0.0984437694150156,0.5792036096641,0.912636241275146),.UNSPECIFIED.)
GEOMETRIC_REPRESENTATION_ITEM()
RATIONAL_B_SPLINE_SURFACE(((1.1567371043453,1.1567371043453,1.1567371043453,
1.1567371043453,1.1567371043453),(0.947756939922014,0.947756939922014,0.947756939922014,
0.947756939922014,0.947756939922014),(0.947754298584985,0.947754298584985,
0.947754298584985,0.947754298584985,0.947754298584985),(1.15672918033421,
1.15672918033421,1.15672918033421,1.15672918033421,1.15672918033421)))
REPRESENTATION_ITEM('')
SURFACE()
);
#22=(
BOUNDED_SURFACE()
B_SPLINE_SURFACE(3,3,((#6953,#6954,#6955,#6956,#6957,#6958,#6959,#6960,
#6961,#6962,#6963,#6964,#6965),(#6966,#6967,#6968,#6969,#6970,#6971,#6972,
#6973,#6974,#6975,#6976,#6977,#6978),(#6979,#6980,#6981,#6982,#6983,#6984,
#6985,#6986,#6987,#6988,#6989,#6990,#6991),(#6992,#6993,#6994,#6995,#6996,
#6997,#6998,#6999,#7000,#7001,#7002,#7003,#7004)),.UNSPECIFIED.,.F.,.F.,
 .F.)
B_SPLINE_SURFACE_WITH_KNOTS((4,4),(4,1,1,1,1,1,1,1,1,1,4),(0.0504516677930198,
0.948121781159913),(0.00363168318872286,0.009516276020298,0.1375986317226,
0.2629290511471,0.3824686310755,0.4964490131694,0.6050045542631,0.7088149302199,
0.8086920093861,0.904793641123,0.990281747902794),.UNSPECIFIED.)
GEOMETRIC_REPRESENTATION_ITEM()
RATIONAL_B_SPLINE_SURFACE(((1.08277647453637,1.08277647453637,1.08277647453637,
1.08277647453637,1.08277647453637,1.08277647453637,1.08277647453637,1.08277647453637,
1.08277647453637,1.08277647453637,1.08277647453637,1.08277647453637,1.08277647453637),
(0.972582958129517,0.972582958129517,0.972582958129517,0.972582958129517,
0.972582958129517,0.972582958129517,0.972582958129517,0.972582958129517,
0.972582958129517,0.972582958129517,0.972582958129517,0.972582958129517,
0.972582958129517),(0.972408119669502,0.972408119669502,0.972408119669502,
0.972408119669502,0.972408119669502,0.972408119669502,0.972408119669502,
0.972408119669502,0.972408119669502,0.972408119669502,0.972408119669502,
0.972408119669502,0.972408119669502),(1.08225195915633,1.08225195915633,
1.08225195915633,1.08225195915633,1.08225195915633,1.08225195915633,1.08225195915633,
1.08225195915633,1.08225195915633,1.08225195915633,1.08225195915633,1.08225195915633,
1.08225195915633)))
REPRESENTATION_ITEM('')
SURFACE()
);
#23=(
BOUNDED_SURFACE()
B_SPLINE_SURFACE(3,3,((#7029,#7030,#7031,#7032,#7033,#7034,#7035,#7036),
(#7037,#7038,#7039,#7040,#7041,#7042,#7043,#7044),(#7045,#7046,#7047,#7048,
#7049,#7050,#7051,#7052),(#7053,#7054,#7055,#7056,#7057,#7058,#7059,#7060)),
 .UNSPECIFIED.,.F.,.F.,.F.)
B_SPLINE_SURFACE_WITH_KNOTS((4,4),(4,1,1,1,1,4),(0.0465096561200879,0.955015414851034),
(0.0158893236887546,0.1496561923403,0.3409534156314,0.5526145981215,0.7834201208211,
0.990328107015146),.UNSPECIFIED.)
GEOMETRIC_REPRESENTATION_ITEM()
RATIONAL_B_SPLINE_SURFACE(((1.19913432795715,1.19913432795715,1.19913432795715,
1.19913432795715,1.19913432795715,1.19913432795715,1.19913432795715,1.19913432795715),
(0.933175436510541,0.933175436510541,0.933175436510541,0.933175436510541,
0.933175436510541,0.933175436510541,0.933175436510541,0.933175436510541),
(0.933622641385276,0.933622641385276,0.933622641385276,0.933622641385276,
0.933622641385276,0.933622641385276,0.933622641385276,0.933622641385276),
(1.20047594258135,1.20047594258135,1.20047594258135,1.20047594258135,1.20047594258135,
1.20047594258135,1.20047594258135,1.20047594258135)))
REPRESENTATION_ITEM('')
SURFACE()
);
#24=(
BOUNDED_SURFACE()
B_SPLINE_SURFACE(3,3,((#7087,#7088,#7089,#7090,#7091,#7092,#7093,#7094,
#7095,#7096),(#7097,#7098,#7099,#7100,#7101,#7102,#7103,#7104,#7105,#7106),
(#7107,#7108,#7109,#7110,#7111,#7112,#7113,#7114,#7115,#7116),(#7117,#7118,
#7119,#7120,#7121,#7122,#7123,#7124,#7125,#7126)),.UNSPECIFIED.,.F.,.F.,
 .F.)
B_SPLINE_SURFACE_WITH_KNOTS((4,4),(4,1,1,1,1,1,1,4),(0.0504011664737233,
0.955004988145462),(0.0196538250526617,0.1187809883358,0.2657107687696,
0.4272313751308,0.6023389543782,0.7877497868529,0.9789497259959,0.984671165412479),
 .UNSPECIFIED.)
GEOMETRIC_REPRESENTATION_ITEM()
RATIONAL_B_SPLINE_SURFACE(((1.21517982378809,1.21517982378809,1.21517982378809,
1.21517982378809,1.21517982378809,1.21517982378809,1.21517982378809,1.21517982378809,
1.21517982378809,1.21517982378809),(0.926548453730573,0.926548453730573,
0.926548453730573,0.926548453730573,0.926548453730573,0.926548453730573,
0.926548453730573,0.926548453730573,0.926548453730573,0.926548453730573),
(0.928283762741764,0.928283762741764,0.928283762741764,0.928283762741764,
0.928283762741764,0.928283762741764,0.928283762741764,0.928283762741764,
0.928283762741764,0.928283762741764),(1.22038575082167,1.22038575082167,
1.22038575082167,1.22038575082167,1.22038575082167,1.22038575082167,1.22038575082167,
1.22038575082167,1.22038575082167,1.22038575082167)))
REPRESENTATION_ITEM('')
SURFACE()
);
#25=(
BOUNDED_SURFACE()
B_SPLINE_SURFACE(3,3,((#7217,#7218,#7219,#7220,#7221,#7222),(#7223,#7224,
#7225,#7226,#7227,#7228),(#7229,#7230,#7231,#7232,#7233,#7234),(#7235,#7236,
#7237,#7238,#7239,#7240)),.UNSPECIFIED.,.F.,.F.,.F.)
B_SPLINE_SURFACE_WITH_KNOTS((4,4),(4,1,1,4),(0.09853833699607,0.901420326169465),
(0.0203219463220197,0.2128610723023,0.9746016227827,0.980293151667865),
 .UNSPECIFIED.)
GEOMETRIC_REPRESENTATION_ITEM()
RATIONAL_B_SPLINE_SURFACE(((1.00429651291548,1.00429651291548,1.00429651291548,
1.00429651291548,1.00429651291548,1.00429651291548),(0.998568123957359,
0.998568123957359,0.998568123957359,0.998568123957359,0.998568123957359,
0.998568123957359),(0.998567829043189,0.998567829043189,0.998567829043189,
0.998567829043189,0.998567829043189,0.998567829043189),(1.00429562817298,
1.00429562817298,1.00429562817298,1.00429562817298,1.00429562817298,1.00429562817298)))
REPRESENTATION_ITEM('')
SURFACE()
);
#26=(
BOUNDED_SURFACE()
B_SPLINE_SURFACE(3,3,((#7245,#7246,#7247,#7248,#7249,#7250,#7251),(#7252,
#7253,#7254,#7255,#7256,#7257,#7258),(#7259,#7260,#7261,#7262,#7263,#7264,
#7265),(#7266,#7267,#7268,#7269,#7270,#7271,#7272)),.UNSPECIFIED.,.F.,.F.,
 .F.)
B_SPLINE_SURFACE_WITH_KNOTS((4,4),(4,1,1,1,4),(0.0465142360157611,0.954280622853758),
(0.0197284135642894,0.08175742696997,0.373940932491,0.6985875518617,0.980903286804148),
 .UNSPECIFIED.)
GEOMETRIC_REPRESENTATION_ITEM()
RATIONAL_B_SPLINE_SURFACE(((1.19912865737701,1.19912865737701,1.19912865737701,
1.19912865737701,1.19912865737701,1.19912865737701,1.19912865737701),(0.933391095614086,
0.933391095614086,0.933391095614086,0.933391095614086,0.933391095614086,
0.933391095614086,0.933391095614086),(0.933623984796842,0.933623984796842,
0.933623984796842,0.933623984796842,0.933623984796842,0.933623984796842,
0.933623984796842),(1.19982732492528,1.19982732492528,1.19982732492528,
1.19982732492528,1.19982732492528,1.19982732492528,1.19982732492528)))
REPRESENTATION_ITEM('')
SURFACE()
);
#27=(
BOUNDED_SURFACE()
B_SPLINE_SURFACE(3,3,((#7299,#7300,#7301,#7302,#7303,#7304,#7305,#7306,
#7307,#7308),(#7309,#7310,#7311,#7312,#7313,#7314,#7315,#7316,#7317,#7318),
(#7319,#7320,#7321,#7322,#7323,#7324,#7325,#7326,#7327,#7328),(#7329,#7330,
#7331,#7332,#7333,#7334,#7335,#7336,#7337,#7338)),.UNSPECIFIED.,.F.,.F.,
 .F.)
B_SPLINE_SURFACE_WITH_KNOTS((4,4),(4,1,1,1,1,1,1,4),(0.,1.),(-0.001409532765467,
0.02103166593489,0.2123213256614,0.3978191616465,0.5730089094793,0.7346053088573,
0.8816040356362,1.),.UNSPECIFIED.)
GEOMETRIC_REPRESENTATION_ITEM()
RATIONAL_B_SPLINE_SURFACE(((1.266128374094,1.266128374094,1.266128374094,
1.266128374094,1.266128374094,1.266128374094,1.266128374094,1.266128374094,
1.266128374094,1.266128374094),(0.9112905419685,0.9112905419685,0.9112905419685,
0.9112905419685,0.9112905419685,0.9112905419685,0.9112905419685,0.9112905419685,
0.9112905419685,0.9112905419685),(0.9112905419685,0.9112905419685,0.9112905419685,
0.9112905419685,0.9112905419685,0.9112905419685,0.9112905419685,0.9112905419685,
0.9112905419685,0.9112905419685),(1.266128374094,1.266128374094,1.266128374094,
1.266128374094,1.266128374094,1.266128374094,1.266128374094,1.266128374094,
1.266128374094,1.266128374094)))
REPRESENTATION_ITEM('')
SURFACE()
);
#28=(
BOUNDED_SURFACE()
B_SPLINE_SURFACE(3,3,((#7390,#7391,#7392,#7393,#7394,#7395,#7396,#7397,
#7398),(#7399,#7400,#7401,#7402,#7403,#7404,#7405,#7406,#7407),(#7408,#7409,
#7410,#7411,#7412,#7413,#7414,#7415,#7416),(#7417,#7418,#7419,#7420,#7421,
#7422,#7423,#7424,#7425)),.UNSPECIFIED.,.F.,.F.,.F.)
B_SPLINE_SURFACE_WITH_KNOTS((4,4),(4,1,1,1,1,1,4),(0.0464752889941912,0.960699051827851),
(0.0154245734338279,0.1662102807645,0.3729665732621,0.5606747612358,0.7309386200249,
0.8831545756195,0.989922722246971),.UNSPECIFIED.)
GEOMETRIC_REPRESENTATION_ITEM()
RATIONAL_B_SPLINE_SURFACE(((1.19916336853267,1.19916336853267,1.19916336853267,
1.19916336853267,1.19916336853267,1.19916336853267,1.19916336853267,1.19916336853267,
1.19916336853267),(0.931511823820932,0.931511823820932,0.931511823820932,
0.931511823820932,0.931511823820932,0.931511823820932,0.931511823820932,
0.931511823820932,0.931511823820932),(0.93362882357498,0.93362882357498,
0.93362882357498,0.93362882357498,0.93362882357498,0.93362882357498,0.93362882357498,
0.93362882357498,0.93362882357498),(1.20551436779482,1.20551436779482,1.20551436779482,
1.20551436779482,1.20551436779482,1.20551436779482,1.20551436779482,1.20551436779482,
1.20551436779482)))
REPRESENTATION_ITEM('')
SURFACE()
);
#29=(
BOUNDED_SURFACE()
B_SPLINE_SURFACE(3,3,((#7445,#7446,#7447,#7448,#7449,#7450,#7451,#7452,
#7453,#7454),(#7455,#7456,#7457,#7458,#7459,#7460,#7461,#7462,#7463,#7464),
(#7465,#7466,#7467,#7468,#7469,#7470,#7471,#7472,#7473,#7474),(#7475,#7476,
#7477,#7478,#7479,#7480,#7481,#7482,#7483,#7484)),.UNSPECIFIED.,.F.,.F.,
 .F.)
B_SPLINE_SURFACE_WITH_KNOTS((4,4),(4,1,1,1,1,1,1,4),(0.050401166517862,
0.955004988144872),(0.019653825052877,0.1187809883359,0.2657107687696,0.4272313751308,
0.6023389543782,0.7877497868529,0.9789497259959,0.984671165398685),
 .UNSPECIFIED.)
GEOMETRIC_REPRESENTATION_ITEM()
RATIONAL_B_SPLINE_SURFACE(((1.21517982374584,1.21517982374584,1.21517982374584,
1.21517982374584,1.21517982374584,1.21517982374584,1.21517982374584,1.21517982374584,
1.21517982374584,1.21517982374584),(0.926548453730931,0.926548453730931,
0.926548453730931,0.926548453730931,0.926548453730931,0.926548453730931,
0.926548453730931,0.926548453730931,0.926548453730931,0.926548453730931),
(0.928283762756015,0.928283762756015,0.928283762756015,0.928283762756015,
0.928283762756015,0.928283762756015,0.928283762756015,0.928283762756015,
0.928283762756015,0.928283762756015),(1.22038575082109,1.22038575082109,
1.22038575082109,1.22038575082109,1.22038575082109,1.22038575082109,1.22038575082109,
1.22038575082109,1.22038575082109,1.22038575082109)))
REPRESENTATION_ITEM('')
SURFACE()
);
#30=B_SPLINE_CURVE_WITH_KNOTS('',3,(#6136,#6137,#6138,#6139,#6140),
 .UNSPECIFIED.,.F.,.F.,(4,1,4),(0.,0.5,1.),.UNSPECIFIED.);
#31=B_SPLINE_CURVE_WITH_KNOTS('',3,(#6142,#6143,#6144,#6145),
 .UNSPECIFIED.,.F.,.F.,(4,4),(0.,1.),.UNSPECIFIED.);
#32=B_SPLINE_CURVE_WITH_KNOTS('',3,(#6147,#6148,#6149,#6150),
 .UNSPECIFIED.,.F.,.F.,(4,4),(0.,1.),.UNSPECIFIED.);
#33=B_SPLINE_CURVE_WITH_KNOTS('',3,(#6155,#6156,#6157,#6158),
 .UNSPECIFIED.,.F.,.F.,(4,4),(0.,1.),.UNSPECIFIED.);
#34=B_SPLINE_CURVE_WITH_KNOTS('',3,(#6164,#6165,#6166,#6167),
 .UNSPECIFIED.,.F.,.F.,(4,4),(0.,1.),.UNSPECIFIED.);
#35=B_SPLINE_CURVE_WITH_KNOTS('',3,(#6176,#6177,#6178,#6179,#6180,#6181,
#6182,#6183,#6184,#6185,#6186,#6187,#6188,#6189,#6190,#6191,#6192,#6193,
#6194,#6195,#6196,#6197,#6198,#6199,#6200,#6201,#6202,#6203,#6204,#6205),
 .UNSPECIFIED.,.F.,.F.,(4,1,1,1,1,1,1,1,1,1,1,1,1,1,1,1,1,1,1,1,1,1,1,1,
1,1,1,4),(0.,0.0625,0.09375,0.125,0.15625,0.1875,0.25,0.3125,0.34375,0.375,
0.40625,0.4375,0.46875,0.5,0.53125,0.5625,0.59375,0.625,0.65625,0.6875,
0.75,0.8125,0.84375,0.875,0.90625,0.9375,0.96875,1.),.UNSPECIFIED.);
#36=B_SPLINE_CURVE_WITH_KNOTS('',3,(#6227,#6228,#6229,#6230),
 .UNSPECIFIED.,.F.,.F.,(4,4),(0.,1.),.UNSPECIFIED.);
#37=B_SPLINE_CURVE_WITH_KNOTS('',3,(#6236,#6237,#6238,#6239),
 .UNSPECIFIED.,.F.,.F.,(4,4),(0.,1.),.UNSPECIFIED.);
#38=B_SPLINE_CURVE_WITH_KNOTS('',3,(#6299,#6300,#6301,#6302),
 .UNSPECIFIED.,.F.,.F.,(4,4),(0.,1.),.UNSPECIFIED.);
#39=B_SPLINE_CURVE_WITH_KNOTS('',3,(#6305,#6306,#6307,#6308,#6309),
 .UNSPECIFIED.,.F.,.F.,(4,1,4),(0.,0.5,1.),.UNSPECIFIED.);
#40=B_SPLINE_CURVE_WITH_KNOTS('',3,(#6311,#6312,#6313,#6314,#6315,#6316,
#6317,#6318,#6319),.UNSPECIFIED.,.F.,.F.,(4,1,1,1,1,1,4),(0.,0.25,0.375,
0.5,0.625,0.75,1.),.UNSPECIFIED.);
#41=B_SPLINE_CURVE_WITH_KNOTS('',3,(#6321,#6322,#6323,#6324),
 .UNSPECIFIED.,.F.,.F.,(4,4),(0.,1.),.UNSPECIFIED.);
#42=B_SPLINE_CURVE_WITH_KNOTS('',3,(#6326,#6327,#6328,#6329),
 .UNSPECIFIED.,.F.,.F.,(4,4),(0.,1.),.UNSPECIFIED.);
#43=B_SPLINE_CURVE_WITH_KNOTS('',3,(#6331,#6332,#6333,#6334),
 .UNSPECIFIED.,.F.,.F.,(4,4),(0.,1.),.UNSPECIFIED.);
#44=B_SPLINE_CURVE_WITH_KNOTS('',3,(#6336,#6337,#6338,#6339),
 .UNSPECIFIED.,.F.,.F.,(4,4),(0.,1.),.UNSPECIFIED.);
#45=B_SPLINE_CURVE_WITH_KNOTS('',3,(#6356,#6357,#6358,#6359),
 .UNSPECIFIED.,.F.,.F.,(4,4),(0.,1.),.UNSPECIFIED.);
#46=B_SPLINE_CURVE_WITH_KNOTS('',3,(#6363,#6364,#6365,#6366,#6367),
 .UNSPECIFIED.,.F.,.F.,(4,1,4),(0.,0.5,1.),.UNSPECIFIED.);
#47=B_SPLINE_CURVE_WITH_KNOTS('',3,(#6369,#6370,#6371,#6372),
 .UNSPECIFIED.,.F.,.F.,(4,4),(0.,1.),.UNSPECIFIED.);
#48=B_SPLINE_CURVE_WITH_KNOTS('',3,(#6374,#6375,#6376,#6377),
 .UNSPECIFIED.,.F.,.F.,(4,4),(0.,1.),.UNSPECIFIED.);
#49=B_SPLINE_CURVE_WITH_KNOTS('',3,(#6379,#6380,#6381,#6382),
 .UNSPECIFIED.,.F.,.F.,(4,4),(0.,1.),.UNSPECIFIED.);
#50=B_SPLINE_CURVE_WITH_KNOTS('',3,(#6384,#6385,#6386,#6387),
 .UNSPECIFIED.,.F.,.F.,(4,4),(0.,1.),.UNSPECIFIED.);
#51=B_SPLINE_CURVE_WITH_KNOTS('',3,(#6391,#6392,#6393,#6394),
 .UNSPECIFIED.,.F.,.F.,(4,4),(0.,1.),.UNSPECIFIED.);
#52=B_SPLINE_CURVE_WITH_KNOTS('',3,(#6396,#6397,#6398,#6399),
 .UNSPECIFIED.,.F.,.F.,(4,4),(0.,1.),.UNSPECIFIED.);
#53=B_SPLINE_CURVE_WITH_KNOTS('',3,(#6416,#6417,#6418,#6419),
 .UNSPECIFIED.,.F.,.F.,(4,4),(0.,1.),.UNSPECIFIED.);
#54=B_SPLINE_CURVE_WITH_KNOTS('',3,(#6420,#6421,#6422,#6423),
 .UNSPECIFIED.,.F.,.F.,(4,4),(0.,1.),.UNSPECIFIED.);
#55=B_SPLINE_CURVE_WITH_KNOTS('',3,(#6439,#6440,#6441,#6442),
 .UNSPECIFIED.,.F.,.F.,(4,4),(0.,1.),.UNSPECIFIED.);
#56=B_SPLINE_CURVE_WITH_KNOTS('',3,(#6444,#6445,#6446,#6447,#6448),
 .UNSPECIFIED.,.F.,.F.,(4,1,4),(0.,0.5,1.),.UNSPECIFIED.);
#57=B_SPLINE_CURVE_WITH_KNOTS('',3,(#6450,#6451,#6452,#6453),
 .UNSPECIFIED.,.F.,.F.,(4,4),(0.,1.),.UNSPECIFIED.);
#58=B_SPLINE_CURVE_WITH_KNOTS('',3,(#6526,#6527,#6528,#6529),
 .UNSPECIFIED.,.F.,.F.,(4,4),(0.,1.),.UNSPECIFIED.);
#59=B_SPLINE_CURVE_WITH_KNOTS('',3,(#6532,#6533,#6534,#6535),
 .UNSPECIFIED.,.F.,.F.,(4,4),(0.,1.),.UNSPECIFIED.);
#60=B_SPLINE_CURVE_WITH_KNOTS('',3,(#6537,#6538,#6539,#6540),
 .UNSPECIFIED.,.F.,.F.,(4,4),(0.,1.),.UNSPECIFIED.);
#61=B_SPLINE_CURVE_WITH_KNOTS('',3,(#6541,#6542,#6543,#6544,#6545,#6546,
#6547,#6548,#6549,#6550,#6551,#6552,#6553,#6554,#6555,#6556),
 .UNSPECIFIED.,.F.,.F.,(4,1,1,1,1,1,1,1,1,1,1,1,1,4),(0.,0.125,0.25,0.375,
0.4375,0.46875,0.5,0.53125,0.5625,0.625,0.6875,0.75,0.875,1.),
 .UNSPECIFIED.);
#62=B_SPLINE_CURVE_WITH_KNOTS('',3,(#6558,#6559,#6560,#6561),
 .UNSPECIFIED.,.F.,.F.,(4,4),(0.,0.999981885556493),.UNSPECIFIED.);
#63=B_SPLINE_CURVE_WITH_KNOTS('',3,(#6563,#6564,#6565,#6566,#6567),
 .UNSPECIFIED.,.F.,.F.,(4,1,4),(0.,0.5,1.),.UNSPECIFIED.);
#64=B_SPLINE_CURVE_WITH_KNOTS('',3,(#6569,#6570,#6571,#6572),
 .UNSPECIFIED.,.F.,.F.,(4,4),(0.,0.999999642009282),.UNSPECIFIED.);
#65=B_SPLINE_CURVE_WITH_KNOTS('',3,(#6574,#6575,#6576,#6577),
 .UNSPECIFIED.,.F.,.F.,(4,4),(0.,1.),.UNSPECIFIED.);
#66=B_SPLINE_CURVE_WITH_KNOTS('',3,(#6579,#6580,#6581,#6582,#6583),
 .UNSPECIFIED.,.F.,.F.,(4,1,4),(0.,0.5,1.),.UNSPECIFIED.);
#67=B_SPLINE_CURVE_WITH_KNOTS('',3,(#6631,#6632,#6633,#6634),
 .UNSPECIFIED.,.F.,.F.,(4,4),(0.,1.),.UNSPECIFIED.);
#68=B_SPLINE_CURVE_WITH_KNOTS('',3,(#6637,#6638,#6639,#6640),
 .UNSPECIFIED.,.F.,.F.,(4,4),(0.,1.),.UNSPECIFIED.);
#69=B_SPLINE_CURVE_WITH_KNOTS('',3,(#6644,#6645,#6646,#6647),
 .UNSPECIFIED.,.F.,.F.,(4,4),(4.24578597138337E-8,1.),.UNSPECIFIED.);
#70=B_SPLINE_CURVE_WITH_KNOTS('',3,(#6649,#6650,#6651,#6652),
 .UNSPECIFIED.,.F.,.F.,(4,4),(0.,1.),.UNSPECIFIED.);
#71=B_SPLINE_CURVE_WITH_KNOTS('',3,(#6655,#6656,#6657,#6658),
 .UNSPECIFIED.,.F.,.F.,(4,4),(0.,1.),.UNSPECIFIED.);
#72=B_SPLINE_CURVE_WITH_KNOTS('',3,(#6665,#6666,#6667,#6668),
 .UNSPECIFIED.,.F.,.F.,(4,4),(0.,1.),.UNSPECIFIED.);
#73=B_SPLINE_CURVE_WITH_KNOTS('',3,(#6670,#6671,#6672,#6673),
 .UNSPECIFIED.,.F.,.F.,(4,4),(0.,1.),.UNSPECIFIED.);
#74=B_SPLINE_CURVE_WITH_KNOTS('',3,(#6675,#6676,#6677,#6678),
 .UNSPECIFIED.,.F.,.F.,(4,4),(1.79054070856168E-7,1.),.UNSPECIFIED.);
#75=B_SPLINE_CURVE_WITH_KNOTS('',3,(#6682,#6683,#6684,#6685),
 .UNSPECIFIED.,.F.,.F.,(4,4),(0.,1.),.UNSPECIFIED.);
#76=B_SPLINE_CURVE_WITH_KNOTS('',3,(#6687,#6688,#6689,#6690),
 .UNSPECIFIED.,.F.,.F.,(4,4),(0.,1.),.UNSPECIFIED.);
#77=B_SPLINE_CURVE_WITH_KNOTS('',3,(#6692,#6693,#6694,#6695,#6696,#6697,
#6698,#6699,#6700,#6701,#6702),.UNSPECIFIED.,.F.,.F.,(4,1,1,1,1,1,1,1,4),
(0.,0.25,0.375,0.4375,0.5,0.5625,0.625,0.75,1.),.UNSPECIFIED.);
#78=B_SPLINE_CURVE_WITH_KNOTS('',3,(#6709,#6710,#6711,#6712,#6713),
 .UNSPECIFIED.,.F.,.F.,(4,1,4),(0.,0.5,1.),.UNSPECIFIED.);
#79=B_SPLINE_CURVE_WITH_KNOTS('',3,(#6715,#6716,#6717,#6718,#6719,#6720,
#6721),.UNSPECIFIED.,.F.,.F.,(4,1,1,1,4),(0.,0.25,0.5,0.75,1.),
 .UNSPECIFIED.);
#80=B_SPLINE_CURVE_WITH_KNOTS('',3,(#6723,#6724,#6725,#6726,#6727),
 .UNSPECIFIED.,.F.,.F.,(4,1,4),(0.,0.5,1.),.UNSPECIFIED.);
#81=B_SPLINE_CURVE_WITH_KNOTS('',3,(#6748,#6749,#6750,#6751),
 .UNSPECIFIED.,.F.,.F.,(4,4),(0.,1.),.UNSPECIFIED.);
#82=B_SPLINE_CURVE_WITH_KNOTS('',3,(#6753,#6754,#6755,#6756,#6757),
 .UNSPECIFIED.,.F.,.F.,(4,1,4),(1.87759242010841E-7,0.500000093879621,1.),
 .UNSPECIFIED.);
#83=B_SPLINE_CURVE_WITH_KNOTS('',3,(#6759,#6760,#6761,#6762),
 .UNSPECIFIED.,.F.,.F.,(4,4),(0.,1.),.UNSPECIFIED.);
#84=B_SPLINE_CURVE_WITH_KNOTS('',3,(#6764,#6765,#6766,#6767),
 .UNSPECIFIED.,.F.,.F.,(4,4),(0.,0.999999550298614),.UNSPECIFIED.);
#85=B_SPLINE_CURVE_WITH_KNOTS('',3,(#6770,#6771,#6772,#6773),
 .UNSPECIFIED.,.F.,.F.,(4,4),(0.,0.999999953176815),.UNSPECIFIED.);
#86=B_SPLINE_CURVE_WITH_KNOTS('',3,(#6775,#6776,#6777,#6778),
 .UNSPECIFIED.,.F.,.F.,(4,4),(0.,1.),.UNSPECIFIED.);
#87=B_SPLINE_CURVE_WITH_KNOTS('',3,(#6780,#6781,#6782,#6783),
 .UNSPECIFIED.,.F.,.F.,(4,4),(0.,0.999999865258246),.UNSPECIFIED.);
#88=B_SPLINE_CURVE_WITH_KNOTS('',3,(#6786,#6787,#6788,#6789),
 .UNSPECIFIED.,.F.,.F.,(4,4),(3.59133031387758E-7,1.),.UNSPECIFIED.);
#89=B_SPLINE_CURVE_WITH_KNOTS('',3,(#6790,#6791,#6792,#6793,#6794,#6795,
#6796,#6797,#6798,#6799,#6800),.UNSPECIFIED.,.F.,.F.,(4,1,1,1,1,1,1,1,4),
(0.,0.0625,0.125,0.1875,0.25,0.375,0.5,0.75,1.),.UNSPECIFIED.);
#90=B_SPLINE_CURVE_WITH_KNOTS('',3,(#6808,#6809,#6810,#6811),
 .UNSPECIFIED.,.F.,.F.,(4,4),(0.,1.),.UNSPECIFIED.);
#91=B_SPLINE_CURVE_WITH_KNOTS('',3,(#6816,#6817,#6818,#6819),
 .UNSPECIFIED.,.F.,.F.,(4,4),(0.,1.),.UNSPECIFIED.);
#92=B_SPLINE_CURVE_WITH_KNOTS('',3,(#6820,#6821,#6822,#6823),
 .UNSPECIFIED.,.F.,.F.,(4,4),(0.,1.),.UNSPECIFIED.);
#93=B_SPLINE_CURVE_WITH_KNOTS('',3,(#6824,#6825,#6826,#6827),
 .UNSPECIFIED.,.F.,.F.,(4,4),(0.,1.),.UNSPECIFIED.);
#94=B_SPLINE_CURVE_WITH_KNOTS('',3,(#6831,#6832,#6833,#6834),
 .UNSPECIFIED.,.F.,.F.,(4,4),(0.,1.),.UNSPECIFIED.);
#95=B_SPLINE_CURVE_WITH_KNOTS('',3,(#6858,#6859,#6860,#6861),
 .UNSPECIFIED.,.F.,.F.,(4,4),(3.01554960324025E-7,1.),.UNSPECIFIED.);
#96=B_SPLINE_CURVE_WITH_KNOTS('',3,(#6863,#6864,#6865,#6866),
 .UNSPECIFIED.,.F.,.F.,(4,4),(0.,1.),.UNSPECIFIED.);
#97=B_SPLINE_CURVE_WITH_KNOTS('',3,(#6868,#6869,#6870,#6871),
 .UNSPECIFIED.,.F.,.F.,(4,4),(1.05296251199669E-5,0.999974085480608),
 .UNSPECIFIED.);
#98=B_SPLINE_CURVE_WITH_KNOTS('',3,(#6912,#6913,#6914,#6915),
 .UNSPECIFIED.,.F.,.F.,(4,4),(0.,1.),.UNSPECIFIED.);
#99=B_SPLINE_CURVE_WITH_KNOTS('',3,(#6921,#6922,#6923,#6924),
 .UNSPECIFIED.,.F.,.F.,(4,4),(0.,1.),.UNSPECIFIED.);
#100=B_SPLINE_CURVE_WITH_KNOTS('',3,(#6932,#6933,#6934,#6935),
 .UNSPECIFIED.,.F.,.F.,(4,4),(0.,1.),.UNSPECIFIED.);
#101=B_SPLINE_CURVE_WITH_KNOTS('',3,(#6938,#6939,#6940,#6941),
 .UNSPECIFIED.,.F.,.F.,(4,4),(0.,1.),.UNSPECIFIED.);
#102=B_SPLINE_CURVE_WITH_KNOTS('',3,(#6942,#6943,#6944,#6945,#6946,#6947,
#6948,#6949,#6950,#6951,#6952),.UNSPECIFIED.,.F.,.F.,(4,1,1,1,1,1,1,1,4),
(0.,0.03125,0.0625,0.125,0.25,0.375,0.5,0.75,1.),.UNSPECIFIED.);
#103=B_SPLINE_CURVE_WITH_KNOTS('',3,(#7005,#7006,#7007,#7008),
 .UNSPECIFIED.,.F.,.F.,(4,4),(0.,1.),.UNSPECIFIED.);
#104=B_SPLINE_CURVE_WITH_KNOTS('',3,(#7010,#7011,#7012,#7013),
 .UNSPECIFIED.,.F.,.F.,(4,4),(0.,1.),.UNSPECIFIED.);
#105=B_SPLINE_CURVE_WITH_KNOTS('',3,(#7015,#7016,#7017,#7018,#7019,#7020,
#7021,#7022,#7023),.UNSPECIFIED.,.F.,.F.,(4,1,1,1,1,1,4),(0.,0.25,0.375,
0.5,0.625,0.75,1.),.UNSPECIFIED.);
#106=B_SPLINE_CURVE_WITH_KNOTS('',3,(#7025,#7026,#7027,#7028),
 .UNSPECIFIED.,.F.,.F.,(4,4),(0.,1.),.UNSPECIFIED.);
#107=B_SPLINE_CURVE_WITH_KNOTS('',3,(#7061,#7062,#7063,#7064,#7065),
 .UNSPECIFIED.,.F.,.F.,(4,1,4),(0.,0.5,1.),.UNSPECIFIED.);
#108=B_SPLINE_CURVE_WITH_KNOTS('',3,(#7067,#7068,#7069,#7070,#7071,#7072,
#7073,#7074,#7075),.UNSPECIFIED.,.F.,.F.,(4,1,1,1,1,1,4),(6.83360814513518E-8,
0.249999944664238,0.374999882828316,0.499999820992394,0.624999759156472,
0.74999969732055,0.999999573648706),.UNSPECIFIED.);
#109=B_SPLINE_CURVE_WITH_KNOTS('',3,(#7077,#7078,#7079,#7080,#7081),
 .UNSPECIFIED.,.F.,.F.,(4,1,4),(0.,0.5,1.),.UNSPECIFIED.);
#110=B_SPLINE_CURVE_WITH_KNOTS('',3,(#7083,#7084,#7085,#7086),
 .UNSPECIFIED.,.F.,.F.,(4,4),(0.,1.),.UNSPECIFIED.);
#111=B_SPLINE_CURVE_WITH_KNOTS('',3,(#7127,#7128,#7129,#7130),
 .UNSPECIFIED.,.F.,.F.,(4,4),(0.,1.),.UNSPECIFIED.);
#112=B_SPLINE_CURVE_WITH_KNOTS('',3,(#7133,#7134,#7135,#7136),
 .UNSPECIFIED.,.F.,.F.,(4,4),(0.,1.),.UNSPECIFIED.);
#113=B_SPLINE_CURVE_WITH_KNOTS('',3,(#7138,#7139,#7140,#7141),
 .UNSPECIFIED.,.F.,.F.,(4,4),(0.,1.),.UNSPECIFIED.);
#114=B_SPLINE_CURVE_WITH_KNOTS('',3,(#7143,#7144,#7145,#7146),
 .UNSPECIFIED.,.F.,.F.,(4,4),(0.,1.),.UNSPECIFIED.);
#115=B_SPLINE_CURVE_WITH_KNOTS('',3,(#7148,#7149,#7150,#7151,#7152,#7153,
#7154),.UNSPECIFIED.,.F.,.F.,(4,1,1,1,4),(1.00954306157682E-6,0.250000757157296,
0.500000504771531,0.750000252385765,1.),.UNSPECIFIED.);
#116=B_SPLINE_CURVE_WITH_KNOTS('',3,(#7155,#7156,#7157,#7158),
 .UNSPECIFIED.,.F.,.F.,(4,4),(0.,1.),.UNSPECIFIED.);
#117=B_SPLINE_CURVE_WITH_KNOTS('',3,(#7160,#7161,#7162,#7163),
 .UNSPECIFIED.,.F.,.F.,(4,4),(1.77270157304282E-5,1.),.UNSPECIFIED.);
#118=B_SPLINE_CURVE_WITH_KNOTS('',3,(#7165,#7166,#7167,#7168),
 .UNSPECIFIED.,.F.,.F.,(4,4),(0.,1.),.UNSPECIFIED.);
#119=B_SPLINE_CURVE_WITH_KNOTS('',3,(#7170,#7171,#7172,#7173),
 .UNSPECIFIED.,.F.,.F.,(4,4),(0.,1.),.UNSPECIFIED.);
#120=B_SPLINE_CURVE_WITH_KNOTS('',3,(#7175,#7176,#7177,#7178),
 .UNSPECIFIED.,.F.,.F.,(4,4),(0.,1.),.UNSPECIFIED.);
#121=B_SPLINE_CURVE_WITH_KNOTS('',3,(#7180,#7181,#7182,#7183),
 .UNSPECIFIED.,.F.,.F.,(4,4),(0.,1.),.UNSPECIFIED.);
#122=B_SPLINE_CURVE_WITH_KNOTS('',3,(#7185,#7186,#7187,#7188),
 .UNSPECIFIED.,.F.,.F.,(4,4),(0.,1.),.UNSPECIFIED.);
#123=B_SPLINE_CURVE_WITH_KNOTS('',3,(#7190,#7191,#7192,#7193),
 .UNSPECIFIED.,.F.,.F.,(4,4),(0.,1.),.UNSPECIFIED.);
#124=B_SPLINE_CURVE_WITH_KNOTS('',3,(#7195,#7196,#7197,#7198),
 .UNSPECIFIED.,.F.,.F.,(4,4),(0.,1.),.UNSPECIFIED.);
#125=B_SPLINE_CURVE_WITH_KNOTS('',3,(#7199,#7200,#7201,#7202),
 .UNSPECIFIED.,.F.,.F.,(4,4),(0.,1.),.UNSPECIFIED.);
#126=B_SPLINE_CURVE_WITH_KNOTS('',3,(#7204,#7205,#7206,#7207,#7208,#7209,
#7210),.UNSPECIFIED.,.F.,.F.,(4,1,1,1,4),(0.,0.25,0.5,0.75,1.),
 .UNSPECIFIED.);
#127=B_SPLINE_CURVE_WITH_KNOTS('',3,(#7212,#7213,#7214,#7215,#7216),
 .UNSPECIFIED.,.F.,.F.,(4,1,4),(0.,0.5,1.),.UNSPECIFIED.);
#128=B_SPLINE_CURVE_WITH_KNOTS('',3,(#7241,#7242,#7243,#7244),
 .UNSPECIFIED.,.F.,.F.,(4,4),(0.,1.),.UNSPECIFIED.);
#129=B_SPLINE_CURVE_WITH_KNOTS('',3,(#7273,#7274,#7275,#7276,#7277),
 .UNSPECIFIED.,.F.,.F.,(4,1,4),(0.,0.5,1.),.UNSPECIFIED.);
#130=B_SPLINE_CURVE_WITH_KNOTS('',3,(#7279,#7280,#7281,#7282),
 .UNSPECIFIED.,.F.,.F.,(4,4),(0.,0.999999508156574),.UNSPECIFIED.);
#131=B_SPLINE_CURVE_WITH_KNOTS('',3,(#7284,#7285,#7286,#7287),
 .UNSPECIFIED.,.F.,.F.,(4,4),(0.,1.),.UNSPECIFIED.);
#132=B_SPLINE_CURVE_WITH_KNOTS('',3,(#7289,#7290,#7291,#7292,#7293),
 .UNSPECIFIED.,.F.,.F.,(4,1,4),(0.,0.5,1.),.UNSPECIFIED.);
#133=B_SPLINE_CURVE_WITH_KNOTS('',3,(#7295,#7296,#7297,#7298),
 .UNSPECIFIED.,.F.,.F.,(4,4),(0.,1.),.UNSPECIFIED.);
#134=B_SPLINE_CURVE_WITH_KNOTS('',3,(#7339,#7340,#7341,#7342),
 .UNSPECIFIED.,.F.,.F.,(4,4),(0.,1.),.UNSPECIFIED.);
#135=B_SPLINE_CURVE_WITH_KNOTS('',3,(#7344,#7345,#7346,#7347,#7348),
 .UNSPECIFIED.,.F.,.F.,(4,1,4),(0.,0.5,1.),.UNSPECIFIED.);
#136=B_SPLINE_CURVE_WITH_KNOTS('',3,(#7350,#7351,#7352,#7353,#7354,#7355,
#7356,#7357,#7358),.UNSPECIFIED.,.F.,.F.,(4,1,1,1,1,1,4),(0.,0.25,0.375,
0.5,0.625,0.75,1.),.UNSPECIFIED.);
#137=B_SPLINE_CURVE_WITH_KNOTS('',3,(#7360,#7361,#7362,#7363),
 .UNSPECIFIED.,.F.,.F.,(4,4),(0.,1.),.UNSPECIFIED.);
#138=B_SPLINE_CURVE_WITH_KNOTS('',3,(#7365,#7366,#7367,#7368),
 .UNSPECIFIED.,.F.,.F.,(4,4),(0.,1.),.UNSPECIFIED.);
#139=B_SPLINE_CURVE_WITH_KNOTS('',3,(#7370,#7371,#7372,#7373),
 .UNSPECIFIED.,.F.,.F.,(4,4),(4.62539687956906E-6,1.),.UNSPECIFIED.);
#140=B_SPLINE_CURVE_WITH_KNOTS('',3,(#7375,#7376,#7377,#7378),
 .UNSPECIFIED.,.F.,.F.,(4,4),(0.,1.),.UNSPECIFIED.);
#141=B_SPLINE_CURVE_WITH_KNOTS('',3,(#7380,#7381,#7382,#7383,#7384),
 .UNSPECIFIED.,.F.,.F.,(4,1,4),(0.,0.5,1.),.UNSPECIFIED.);
#142=B_SPLINE_CURVE_WITH_KNOTS('',3,(#7386,#7387,#7388,#7389),
 .UNSPECIFIED.,.F.,.F.,(4,4),(0.,1.),.UNSPECIFIED.);
#143=B_SPLINE_CURVE_WITH_KNOTS('',3,(#7426,#7427,#7428,#7429),
 .UNSPECIFIED.,.F.,.F.,(4,4),(0.,1.),.UNSPECIFIED.);
#144=B_SPLINE_CURVE_WITH_KNOTS('',3,(#7431,#7432,#7433,#7434),
 .UNSPECIFIED.,.F.,.F.,(4,4),(0.,1.),.UNSPECIFIED.);
#145=B_SPLINE_CURVE_WITH_KNOTS('',3,(#7436,#7437,#7438,#7439),
 .UNSPECIFIED.,.F.,.F.,(4,4),(0.,1.),.UNSPECIFIED.);
#146=B_SPLINE_CURVE_WITH_KNOTS('',3,(#7441,#7442,#7443,#7444),
 .UNSPECIFIED.,.F.,.F.,(4,4),(0.,1.),.UNSPECIFIED.);
#147=B_SPLINE_CURVE_WITH_KNOTS('',3,(#7485,#7486,#7487,#7488),
 .UNSPECIFIED.,.F.,.F.,(4,4),(0.,1.),.UNSPECIFIED.);
#148=B_SPLINE_CURVE_WITH_KNOTS('',3,(#7491,#7492,#7493,#7494),
 .UNSPECIFIED.,.F.,.F.,(4,4),(0.,1.),.UNSPECIFIED.);
#149=B_SPLINE_CURVE_WITH_KNOTS('',3,(#7496,#7497,#7498,#7499),
 .UNSPECIFIED.,.F.,.F.,(4,4),(0.,1.),.UNSPECIFIED.);
#150=B_SPLINE_CURVE_WITH_KNOTS('',3,(#7501,#7502,#7503,#7504),
 .UNSPECIFIED.,.F.,.F.,(4,4),(0.,1.),.UNSPECIFIED.);
#151=B_SPLINE_CURVE_WITH_KNOTS('',3,(#7506,#7507,#7508,#7509,#7510,#7511,
#7512),.UNSPECIFIED.,.F.,.F.,(4,1,1,1,4),(1.00954482073705E-6,0.250000757158616,
0.50000050477241,0.750000252386205,1.),.UNSPECIFIED.);
#152=B_SPLINE_CURVE_WITH_KNOTS('',3,(#7513,#7514,#7515,#7516),
 .UNSPECIFIED.,.F.,.F.,(4,4),(0.,1.),.UNSPECIFIED.);
#153=B_SPLINE_CURVE_WITH_KNOTS('',3,(#7518,#7519,#7520,#7521),
 .UNSPECIFIED.,.F.,.F.,(4,4),(0.,1.),.UNSPECIFIED.);
#154=B_SPLINE_CURVE_WITH_KNOTS('',3,(#7523,#7524,#7525,#7526),
 .UNSPECIFIED.,.F.,.F.,(4,4),(0.,1.),.UNSPECIFIED.);
#155=B_SPLINE_CURVE_WITH_KNOTS('',3,(#7535,#7536,#7537,#7538,#7539),
 .UNSPECIFIED.,.F.,.F.,(4,1,4),(-0.000815430159317789,-0.000228315140094085,
0.000358799879129619),.UNSPECIFIED.);
#156=B_SPLINE_CURVE_WITH_KNOTS('',3,(#7541,#7542,#7543,#7544),
 .UNSPECIFIED.,.F.,.F.,(4,4),(0.,1.),.UNSPECIFIED.);
#157=B_SPLINE_CURVE_WITH_KNOTS('',3,(#7548,#7549,#7550,#7551),
 .UNSPECIFIED.,.F.,.F.,(4,4),(0.,1.),.UNSPECIFIED.);
#158=B_SPLINE_CURVE_WITH_KNOTS('',3,(#7553,#7554,#7555,#7556,#7557,#7558,
#7559,#7560,#7561),.UNSPECIFIED.,.F.,.F.,(4,1,1,1,1,1,4),(0.,0.25,0.375,
0.5,0.625,0.75,1.),.UNSPECIFIED.);
#159=B_SPLINE_CURVE_WITH_KNOTS('',3,(#7563,#7564,#7565,#7566),
 .UNSPECIFIED.,.F.,.F.,(4,4),(0.,1.),.UNSPECIFIED.);
#160=B_SPLINE_CURVE_WITH_KNOTS('',3,(#7568,#7569,#7570,#7571),
 .UNSPECIFIED.,.F.,.F.,(4,4),(0.,1.),.UNSPECIFIED.);
#161=B_SPLINE_CURVE_WITH_KNOTS('',3,(#7574,#7575,#7576,#7577),
 .UNSPECIFIED.,.F.,.F.,(4,4),(9.34358571425679E-7,1.),.UNSPECIFIED.);
#162=B_SPLINE_CURVE_WITH_KNOTS('',3,(#7580,#7581,#7582,#7583),
 .UNSPECIFIED.,.F.,.F.,(4,4),(0.,1.),.UNSPECIFIED.);
#163=B_SPLINE_CURVE_WITH_KNOTS('',3,(#7585,#7586,#7587,#7588),
 .UNSPECIFIED.,.F.,.F.,(4,4),(8.85082882858286E-6,1.),.UNSPECIFIED.);
#164=B_SPLINE_CURVE_WITH_KNOTS('',3,(#7590,#7591,#7592,#7593),
 .UNSPECIFIED.,.F.,.F.,(4,4),(0.,1.),.UNSPECIFIED.);
#165=B_SPLINE_CURVE_WITH_KNOTS('',3,(#7595,#7596,#7597,#7598),
 .UNSPECIFIED.,.F.,.F.,(4,4),(0.,0.999999734479949),.UNSPECIFIED.);
#166=B_SPLINE_CURVE_WITH_KNOTS('',3,(#7602,#7603,#7604,#7605),
 .UNSPECIFIED.,.F.,.F.,(4,4),(4.91138077300826E-13,0.000502030011017794),
 .UNSPECIFIED.);
#167=B_SPLINE_CURVE_WITH_KNOTS('',3,(#7607,#7608,#7609,#7610,#7611,#7612),
 .UNSPECIFIED.,.F.,.F.,(4,1,1,4),(0.,0.5,0.75,1.),.UNSPECIFIED.);
#168=B_SPLINE_CURVE_WITH_KNOTS('',3,(#7614,#7615,#7616,#7617),
 .UNSPECIFIED.,.F.,.F.,(4,4),(0.,1.),.UNSPECIFIED.);
#169=CONICAL_SURFACE('',#4566,0.0179499999999982,0.0174532925199403);
#170=CONICAL_SURFACE('',#4593,0.0169918305148693,0.79412480965727);
#171=CONICAL_SURFACE('',#4596,0.0169827211943404,0.794124809657272);
#172=CONICAL_SURFACE('',#4604,0.0171468018576564,0.0174532925199394);
#173=CONICAL_SURFACE('',#4646,0.00259421892484892,0.0349065850399985);
#174=CONICAL_SURFACE('',#4650,0.0171468018576609,0.0174532925199392);
#175=CONICAL_SURFACE('',#4658,0.00259209387247193,0.0349065850395605);
#176=CONICAL_SURFACE('',#4683,0.0125,0.87266462599716);
#177=CONICAL_SURFACE('',#4686,0.0087,0.785398163397448);
#178=CONICAL_SURFACE('',#4716,0.018649999999995,0.01745329251994);
#179=CYLINDRICAL_SURFACE('',#4550,0.00119);
#180=CYLINDRICAL_SURFACE('',#4553,0.00119);
#181=CYLINDRICAL_SURFACE('',#4570,0.0034);
#182=CYLINDRICAL_SURFACE('',#4580,0.0034);
#183=CYLINDRICAL_SURFACE('',#4582,0.003);
#184=CYLINDRICAL_SURFACE('',#4610,0.001000031449208);
#185=CYLINDRICAL_SURFACE('',#4642,0.005);
#186=CYLINDRICAL_SURFACE('',#4662,0.006);
#187=CYLINDRICAL_SURFACE('',#4665,0.00125);
#188=CYLINDRICAL_SURFACE('',#4668,0.00125);
#189=CYLINDRICAL_SURFACE('',#4671,0.00125);
#190=CYLINDRICAL_SURFACE('',#4674,0.00125);
#191=CYLINDRICAL_SURFACE('',#4677,0.00125);
#192=CYLINDRICAL_SURFACE('',#4680,0.00125);
#193=CYLINDRICAL_SURFACE('',#4690,0.00100073197432397);
#194=CYLINDRICAL_SURFACE('',#4702,0.0009999999992504);
#195=CYLINDRICAL_SURFACE('',#4705,0.000999987404465799);
#196=CYLINDRICAL_SURFACE('',#4708,0.0009999873149251);
#197=CYLINDRICAL_SURFACE('',#4711,0.0009999874044648);
#198=CYLINDRICAL_SURFACE('',#4714,0.0185);
#199=CYLINDRICAL_SURFACE('',#4722,0.018);
#200=CYLINDRICAL_SURFACE('',#4724,0.018);
#201=CYLINDRICAL_SURFACE('',#4730,0.019);
#202=CIRCLE('',#4545,0.00119);
#203=CIRCLE('',#4546,0.00119);
#204=CIRCLE('',#4548,0.00119);
#205=CIRCLE('',#4549,0.00119);
#206=CIRCLE('',#4551,0.00119);
#207=CIRCLE('',#4552,0.00119);
#208=CIRCLE('',#4554,0.00119);
#209=CIRCLE('',#4555,0.00119);
#210=CIRCLE('',#4557,0.0179499999999982);
#211=CIRCLE('',#4558,0.0179499999999982);
#212=CIRCLE('',#4560,0.003);
#213=CIRCLE('',#4563,0.003);
#214=CIRCLE('',#4564,0.003);
#215=CIRCLE('',#4565,0.003);
#216=CIRCLE('',#4567,0.0178470151169218);
#217=CIRCLE('',#4568,0.0178470151169218);
#218=CIRCLE('',#4571,0.0034);
#219=CIRCLE('',#4572,0.0034);
#220=CIRCLE('',#4573,0.0034);
#221=CIRCLE('',#4574,0.0034);
#222=CIRCLE('',#4576,0.0154565416499414);
#223=CIRCLE('',#4577,0.0034);
#224=CIRCLE('',#4581,0.0034);
#225=CIRCLE('',#4583,0.003);
#226=CIRCLE('',#4584,0.003);
#227=CIRCLE('',#4586,0.0170612720395126);
#228=CIRCLE('',#4587,0.0170612720393191);
#229=CIRCLE('',#4589,0.0171468018576609);
#230=CIRCLE('',#4590,0.0171468018576564);
#231=CIRCLE('',#4591,0.0171468018576564);
#232=CIRCLE('',#4597,0.016982720248419);
#233=CIRCLE('',#4600,0.017076981597948);
#234=CIRCLE('',#4602,0.0170769815979436);
#235=CIRCLE('',#4603,0.0170769815979436);
#236=CIRCLE('',#4606,0.017076981597948);
#237=CIRCLE('',#4608,0.0170612720393358);
#238=CIRCLE('',#4609,0.0170612720397615);
#239=CIRCLE('',#4612,0.006);
#240=CIRCLE('',#4613,0.006);
#241=CIRCLE('',#4615,0.00125);
#242=CIRCLE('',#4616,0.00125);
#243=CIRCLE('',#4618,0.00125);
#244=CIRCLE('',#4619,0.00125);
#245=CIRCLE('',#4621,0.00125);
#246=CIRCLE('',#4622,0.00125);
#247=CIRCLE('',#4624,0.00125);
#248=CIRCLE('',#4625,0.00125);
#249=CIRCLE('',#4627,0.00125);
#250=CIRCLE('',#4628,0.00125);
#251=CIRCLE('',#4630,0.00125);
#252=CIRCLE('',#4631,0.00125);
#253=CIRCLE('',#4633,0.0087);
#254=CIRCLE('',#4634,0.0087);
#255=CIRCLE('',#4635,0.0116657724851841);
#256=CIRCLE('',#4636,0.0116657724851841);
#257=CIRCLE('',#4637,0.0087);
#258=CIRCLE('',#4644,0.00259303920190914);
#259=CIRCLE('',#4647,0.0023999999944213);
#260=CIRCLE('',#4651,0.0170420714765914);
#261=CIRCLE('',#4652,0.0170420714680916);
#262=CIRCLE('',#4659,0.00240000000803331);
#263=CIRCLE('',#4660,0.00239999999443);
#264=CIRCLE('',#4663,0.006);
#265=CIRCLE('',#4664,0.006);
#266=CIRCLE('',#4666,0.00125);
#267=CIRCLE('',#4667,0.00125);
#268=CIRCLE('',#4669,0.00125);
#269=CIRCLE('',#4670,0.00125);
#270=CIRCLE('',#4672,0.00125);
#271=CIRCLE('',#4673,0.00125);
#272=CIRCLE('',#4675,0.00125);
#273=CIRCLE('',#4676,0.00125);
#274=CIRCLE('',#4678,0.00125);
#275=CIRCLE('',#4679,0.00125);
#276=CIRCLE('',#4681,0.00125);
#277=CIRCLE('',#4682,0.00125);
#278=CIRCLE('',#4684,0.0125);
#279=CIRCLE('',#4685,0.0125);
#280=CIRCLE('',#4687,0.008);
#281=CIRCLE('',#4688,0.008);
#282=CIRCLE('',#4689,0.008);
#283=CIRCLE('',#4698,0.0179509277137768);
#284=CIRCLE('',#4701,0.0185);
#285=CIRCLE('',#4704,0.0184180699785049);
#286=CIRCLE('',#4707,0.0184508599433362);
#287=CIRCLE('',#4710,0.0184180699784985);
#288=CIRCLE('',#4713,0.0184508599433362);
#289=CIRCLE('',#4715,0.0185);
#290=CIRCLE('',#4717,0.018649999999995);
#291=CIRCLE('',#4719,0.018);
#292=CIRCLE('',#4721,0.018);
#293=CIRCLE('',#4723,0.018);
#294=CIRCLE('',#4725,0.018);
#295=CIRCLE('',#4727,0.019);
#296=CIRCLE('',#4729,0.019);
#297=SHAPE_REPRESENTATION_RELATIONSHIP('','',#4442,#299);
#298=SHAPE_REPRESENTATION_RELATIONSHIP('','',#4443,#300);
#299=ADVANCED_BREP_SHAPE_REPRESENTATION('',(#4438),#7647);
#300=ADVANCED_BREP_SHAPE_REPRESENTATION('',(#4439),#7648);
#301=OVER_RIDING_STYLED_ITEM('',(#3795),#3634,#3792);
#302=OVER_RIDING_STYLED_ITEM('',(#3796),#3635,#3792);
#303=OVER_RIDING_STYLED_ITEM('',(#3797),#3654,#3792);
#304=OVER_RIDING_STYLED_ITEM('',(#3798),#3655,#3792);
#305=OVER_RIDING_STYLED_ITEM('',(#3799),#3656,#3792);
#306=OVER_RIDING_STYLED_ITEM('',(#3800),#3657,#3792);
#307=OVER_RIDING_STYLED_ITEM('',(#3801),#3658,#3792);
#308=OVER_RIDING_STYLED_ITEM('',(#3802),#3659,#3792);
#309=OVER_RIDING_STYLED_ITEM('',(#3803),#3660,#3792);
#310=OVER_RIDING_STYLED_ITEM('',(#3804),#3661,#3792);
#311=OVER_RIDING_STYLED_ITEM('',(#3805),#3662,#3792);
#312=OVER_RIDING_STYLED_ITEM('',(#3806),#3663,#3792);
#313=OVER_RIDING_STYLED_ITEM('',(#3807),#3664,#3792);
#314=OVER_RIDING_STYLED_ITEM('',(#3808),#3671,#3792);
#315=OVER_RIDING_STYLED_ITEM('',(#3809),#3672,#3792);
#316=OVER_RIDING_STYLED_ITEM('',(#3810),#3673,#3792);
#317=OVER_RIDING_STYLED_ITEM('',(#3811),#3674,#3792);
#318=OVER_RIDING_STYLED_ITEM('',(#3812),#3675,#3792);
#319=OVER_RIDING_STYLED_ITEM('',(#3813),#3676,#3792);
#320=OVER_RIDING_STYLED_ITEM('',(#3814),#3677,#3792);
#321=OVER_RIDING_STYLED_ITEM('',(#3815),#3680,#3792);
#322=OVER_RIDING_STYLED_ITEM('',(#3816),#3683,#3792);
#323=OVER_RIDING_STYLED_ITEM('',(#3817),#3684,#3792);
#324=OVER_RIDING_STYLED_ITEM('',(#3818),#3685,#3792);
#325=OVER_RIDING_STYLED_ITEM('',(#3819),#3686,#3792);
#326=OVER_RIDING_STYLED_ITEM('',(#3820),#3687,#3792);
#327=OVER_RIDING_STYLED_ITEM('',(#3822),#3688,#3793);
#328=OVER_RIDING_STYLED_ITEM('',(#3823),#3689,#3793);
#329=OVER_RIDING_STYLED_ITEM('',(#3824),#3690,#3793);
#330=OVER_RIDING_STYLED_ITEM('',(#3825),#3691,#3793);
#331=OVER_RIDING_STYLED_ITEM('',(#3826),#3693,#3793);
#332=OVER_RIDING_STYLED_ITEM('',(#3827),#3694,#3793);
#333=OVER_RIDING_STYLED_ITEM('',(#3828),#3695,#3793);
#334=OVER_RIDING_STYLED_ITEM('',(#3829),#3703,#3793);
#335=OVER_RIDING_STYLED_ITEM('',(#3830),#3705,#3793);
#336=OVER_RIDING_STYLED_ITEM('',(#3831),#3718,#3793);
#337=OVER_RIDING_STYLED_ITEM('',(#3832),#3719,#3793);
#338=OVER_RIDING_STYLED_ITEM('',(#3833),#3720,#3793);
#339=OVER_RIDING_STYLED_ITEM('',(#3834),#3721,#3793);
#340=OVER_RIDING_STYLED_ITEM('',(#3835),#3722,#3793);
#341=OVER_RIDING_STYLED_ITEM('',(#3836),#3723,#3793);
#342=OVER_RIDING_STYLED_ITEM('',(#3837),#3724,#3793);
#343=OVER_RIDING_STYLED_ITEM('',(#3838),#3725,#3793);
#344=OVER_RIDING_STYLED_ITEM('',(#3839),#3726,#3793);
#345=OVER_RIDING_STYLED_ITEM('',(#3840),#3727,#3793);
#346=OVER_RIDING_STYLED_ITEM('',(#3841),#3728,#3793);
#347=OVER_RIDING_STYLED_ITEM('',(#3842),#3729,#3793);
#348=OVER_RIDING_STYLED_ITEM('',(#3843),#3730,#3793);
#349=OVER_RIDING_STYLED_ITEM('',(#3844),#3731,#3793);
#350=OVER_RIDING_STYLED_ITEM('',(#3845),#3732,#3793);
#351=OVER_RIDING_STYLED_ITEM('',(#3846),#3733,#3793);
#352=OVER_RIDING_STYLED_ITEM('',(#3847),#3734,#3793);
#353=OVER_RIDING_STYLED_ITEM('',(#3848),#3735,#3793);
#354=OVER_RIDING_STYLED_ITEM('',(#3849),#3736,#3793);
#355=OVER_RIDING_STYLED_ITEM('',(#3850),#3737,#3793);
#356=OVER_RIDING_STYLED_ITEM('',(#3851),#3738,#3793);
#357=OVER_RIDING_STYLED_ITEM('',(#3852),#3740,#3793);
#358=OVER_RIDING_STYLED_ITEM('',(#3853),#3741,#3793);
#359=OVER_RIDING_STYLED_ITEM('',(#3854),#3742,#3793);
#360=OVER_RIDING_STYLED_ITEM('',(#3855),#3743,#3793);
#361=OVER_RIDING_STYLED_ITEM('',(#3856),#3744,#3793);
#362=OVER_RIDING_STYLED_ITEM('',(#3857),#3745,#3793);
#363=OVER_RIDING_STYLED_ITEM('',(#3858),#3746,#3793);
#364=OVER_RIDING_STYLED_ITEM('',(#3859),#3747,#3793);
#365=OVER_RIDING_STYLED_ITEM('',(#3860),#3748,#3793);
#366=OVER_RIDING_STYLED_ITEM('',(#3861),#3749,#3793);
#367=OVER_RIDING_STYLED_ITEM('',(#3862),#3750,#3793);
#368=OVER_RIDING_STYLED_ITEM('',(#3863),#3751,#3793);
#369=OVER_RIDING_STYLED_ITEM('',(#3864),#3752,#3793);
#370=OVER_RIDING_STYLED_ITEM('',(#3865),#3753,#3793);
#371=OVER_RIDING_STYLED_ITEM('',(#3866),#3754,#3793);
#372=OVER_RIDING_STYLED_ITEM('',(#3867),#3755,#3793);
#373=OVER_RIDING_STYLED_ITEM('',(#3868),#3757,#3793);
#374=OVER_RIDING_STYLED_ITEM('',(#3869),#3758,#3793);
#375=OVER_RIDING_STYLED_ITEM('',(#3870),#3759,#3793);
#376=OVER_RIDING_STYLED_ITEM('',(#3871),#3760,#3793);
#377=OVER_RIDING_STYLED_ITEM('',(#3872),#3761,#3793);
#378=OVER_RIDING_STYLED_ITEM('',(#3873),#3762,#3793);
#379=OVER_RIDING_STYLED_ITEM('',(#3874),#3763,#3793);
#380=OVER_RIDING_STYLED_ITEM('',(#3875),#3764,#3793);
#381=OVER_RIDING_STYLED_ITEM('',(#3876),#3765,#3793);
#382=OVER_RIDING_STYLED_ITEM('',(#3877),#3766,#3793);
#383=OVER_RIDING_STYLED_ITEM('',(#3878),#3767,#3793);
#384=OVER_RIDING_STYLED_ITEM('',(#3879),#3768,#3793);
#385=OVER_RIDING_STYLED_ITEM('',(#3880),#3769,#3793);
#386=OVER_RIDING_STYLED_ITEM('',(#3881),#3770,#3793);
#387=OVER_RIDING_STYLED_ITEM('',(#3882),#3771,#3793);
#388=OVER_RIDING_STYLED_ITEM('',(#3883),#3772,#3793);
#389=OVER_RIDING_STYLED_ITEM('',(#3884),#3773,#3793);
#390=OVER_RIDING_STYLED_ITEM('',(#3885),#3774,#3793);
#391=OVER_RIDING_STYLED_ITEM('',(#3886),#3775,#3793);
#392=OVER_RIDING_STYLED_ITEM('',(#3887),#3776,#3793);
#393=OVER_RIDING_STYLED_ITEM('',(#3888),#3777,#3793);
#394=OVER_RIDING_STYLED_ITEM('',(#3889),#3778,#3793);
#395=OVER_RIDING_STYLED_ITEM('',(#3890),#3779,#3793);
#396=OVER_RIDING_STYLED_ITEM('',(#3891),#3780,#3793);
#397=OVER_RIDING_STYLED_ITEM('',(#3892),#3781,#3793);
#398=OVER_RIDING_STYLED_ITEM('',(#3893),#3782,#3793);
#399=OVER_RIDING_STYLED_ITEM('',(#3894),#3783,#3793);
#400=OVER_RIDING_STYLED_ITEM('',(#3895),#3785,#3793);
#401=OVER_RIDING_STYLED_ITEM('',(#3896),#3786,#3793);
#402=OVER_RIDING_STYLED_ITEM('',(#3897),#3787,#3793);
#403=OVER_RIDING_STYLED_ITEM('',(#3898),#3788,#3793);
#404=OVER_RIDING_STYLED_ITEM('',(#3899),#3789,#3793);
#405=DRAUGHTING_PRE_DEFINED_COLOUR('white');
#406=DRAUGHTING_PRE_DEFINED_COLOUR('red');
#407=ORIENTED_EDGE('',*,*,#1465,.T.);
#408=ORIENTED_EDGE('',*,*,#1466,.T.);
#409=ORIENTED_EDGE('',*,*,#1467,.T.);
#410=ORIENTED_EDGE('',*,*,#1468,.T.);
#411=ORIENTED_EDGE('',*,*,#1469,.T.);
#412=ORIENTED_EDGE('',*,*,#1470,.T.);
#413=ORIENTED_EDGE('',*,*,#1471,.T.);
#414=ORIENTED_EDGE('',*,*,#1472,.T.);
#415=ORIENTED_EDGE('',*,*,#1473,.T.);
#416=ORIENTED_EDGE('',*,*,#1474,.T.);
#417=ORIENTED_EDGE('',*,*,#1475,.T.);
#418=ORIENTED_EDGE('',*,*,#1476,.T.);
#419=ORIENTED_EDGE('',*,*,#1477,.T.);
#420=ORIENTED_EDGE('',*,*,#1478,.T.);
#421=ORIENTED_EDGE('',*,*,#1479,.T.);
#422=ORIENTED_EDGE('',*,*,#1480,.T.);
#423=ORIENTED_EDGE('',*,*,#1481,.T.);
#424=ORIENTED_EDGE('',*,*,#1482,.T.);
#425=ORIENTED_EDGE('',*,*,#1483,.T.);
#426=ORIENTED_EDGE('',*,*,#1468,.F.);
#427=ORIENTED_EDGE('',*,*,#1484,.T.);
#428=ORIENTED_EDGE('',*,*,#1485,.T.);
#429=ORIENTED_EDGE('',*,*,#1465,.F.);
#430=ORIENTED_EDGE('',*,*,#1483,.F.);
#431=ORIENTED_EDGE('',*,*,#1485,.F.);
#432=ORIENTED_EDGE('',*,*,#1486,.T.);
#433=ORIENTED_EDGE('',*,*,#1487,.T.);
#434=ORIENTED_EDGE('',*,*,#1466,.F.);
#435=ORIENTED_EDGE('',*,*,#1467,.F.);
#436=ORIENTED_EDGE('',*,*,#1488,.T.);
#437=ORIENTED_EDGE('',*,*,#1489,.F.);
#438=ORIENTED_EDGE('',*,*,#1490,.T.);
#439=ORIENTED_EDGE('',*,*,#1491,.T.);
#440=ORIENTED_EDGE('',*,*,#1492,.T.);
#441=ORIENTED_EDGE('',*,*,#1493,.T.);
#442=ORIENTED_EDGE('',*,*,#1472,.F.);
#443=ORIENTED_EDGE('',*,*,#1494,.T.);
#444=ORIENTED_EDGE('',*,*,#1495,.T.);
#445=ORIENTED_EDGE('',*,*,#1469,.F.);
#446=ORIENTED_EDGE('',*,*,#1493,.F.);
#447=ORIENTED_EDGE('',*,*,#1495,.F.);
#448=ORIENTED_EDGE('',*,*,#1496,.T.);
#449=ORIENTED_EDGE('',*,*,#1497,.T.);
#450=ORIENTED_EDGE('',*,*,#1470,.F.);
#451=ORIENTED_EDGE('',*,*,#1471,.F.);
#452=ORIENTED_EDGE('',*,*,#1498,.T.);
#453=ORIENTED_EDGE('',*,*,#1499,.F.);
#454=ORIENTED_EDGE('',*,*,#1500,.T.);
#455=ORIENTED_EDGE('',*,*,#1501,.T.);
#456=ORIENTED_EDGE('',*,*,#1502,.T.);
#457=ORIENTED_EDGE('',*,*,#1503,.T.);
#458=ORIENTED_EDGE('',*,*,#1476,.F.);
#459=ORIENTED_EDGE('',*,*,#1504,.T.);
#460=ORIENTED_EDGE('',*,*,#1505,.T.);
#461=ORIENTED_EDGE('',*,*,#1473,.F.);
#462=ORIENTED_EDGE('',*,*,#1503,.F.);
#463=ORIENTED_EDGE('',*,*,#1505,.F.);
#464=ORIENTED_EDGE('',*,*,#1506,.T.);
#465=ORIENTED_EDGE('',*,*,#1507,.T.);
#466=ORIENTED_EDGE('',*,*,#1474,.F.);
#467=ORIENTED_EDGE('',*,*,#1475,.F.);
#468=ORIENTED_EDGE('',*,*,#1508,.T.);
#469=ORIENTED_EDGE('',*,*,#1509,.F.);
#470=ORIENTED_EDGE('',*,*,#1510,.T.);
#471=ORIENTED_EDGE('',*,*,#1511,.T.);
#472=ORIENTED_EDGE('',*,*,#1512,.T.);
#473=ORIENTED_EDGE('',*,*,#1513,.T.);
#474=ORIENTED_EDGE('',*,*,#1480,.F.);
#475=ORIENTED_EDGE('',*,*,#1514,.T.);
#476=ORIENTED_EDGE('',*,*,#1515,.T.);
#477=ORIENTED_EDGE('',*,*,#1477,.F.);
#478=ORIENTED_EDGE('',*,*,#1513,.F.);
#479=ORIENTED_EDGE('',*,*,#1515,.F.);
#480=ORIENTED_EDGE('',*,*,#1516,.T.);
#481=ORIENTED_EDGE('',*,*,#1517,.T.);
#482=ORIENTED_EDGE('',*,*,#1478,.F.);
#483=ORIENTED_EDGE('',*,*,#1479,.F.);
#484=ORIENTED_EDGE('',*,*,#1518,.T.);
#485=ORIENTED_EDGE('',*,*,#1519,.F.);
#486=ORIENTED_EDGE('',*,*,#1520,.T.);
#487=ORIENTED_EDGE('',*,*,#1521,.F.);
#488=ORIENTED_EDGE('',*,*,#1522,.F.);
#489=ORIENTED_EDGE('',*,*,#1523,.F.);
#490=ORIENTED_EDGE('',*,*,#1524,.T.);
#491=ORIENTED_EDGE('',*,*,#1525,.F.);
#492=ORIENTED_EDGE('',*,*,#1526,.F.);
#493=ORIENTED_EDGE('',*,*,#1527,.F.);
#494=ORIENTED_EDGE('',*,*,#1528,.T.);
#495=ORIENTED_EDGE('',*,*,#1481,.F.);
#496=ORIENTED_EDGE('',*,*,#1490,.F.);
#497=ORIENTED_EDGE('',*,*,#1529,.F.);
#498=ORIENTED_EDGE('',*,*,#1530,.T.);
#499=ORIENTED_EDGE('',*,*,#1484,.F.);
#500=ORIENTED_EDGE('',*,*,#1482,.F.);
#501=ORIENTED_EDGE('',*,*,#1531,.T.);
#502=ORIENTED_EDGE('',*,*,#1486,.F.);
#503=ORIENTED_EDGE('',*,*,#1487,.F.);
#504=ORIENTED_EDGE('',*,*,#1532,.T.);
#505=ORIENTED_EDGE('',*,*,#1533,.F.);
#506=ORIENTED_EDGE('',*,*,#1488,.F.);
#507=ORIENTED_EDGE('',*,*,#1491,.F.);
#508=ORIENTED_EDGE('',*,*,#1500,.F.);
#509=ORIENTED_EDGE('',*,*,#1534,.F.);
#510=ORIENTED_EDGE('',*,*,#1535,.T.);
#511=ORIENTED_EDGE('',*,*,#1494,.F.);
#512=ORIENTED_EDGE('',*,*,#1492,.F.);
#513=ORIENTED_EDGE('',*,*,#1536,.T.);
#514=ORIENTED_EDGE('',*,*,#1496,.F.);
#515=ORIENTED_EDGE('',*,*,#1497,.F.);
#516=ORIENTED_EDGE('',*,*,#1537,.T.);
#517=ORIENTED_EDGE('',*,*,#1538,.F.);
#518=ORIENTED_EDGE('',*,*,#1498,.F.);
#519=ORIENTED_EDGE('',*,*,#1501,.F.);
#520=ORIENTED_EDGE('',*,*,#1510,.F.);
#521=ORIENTED_EDGE('',*,*,#1539,.F.);
#522=ORIENTED_EDGE('',*,*,#1540,.T.);
#523=ORIENTED_EDGE('',*,*,#1504,.F.);
#524=ORIENTED_EDGE('',*,*,#1502,.F.);
#525=ORIENTED_EDGE('',*,*,#1541,.T.);
#526=ORIENTED_EDGE('',*,*,#1506,.F.);
#527=ORIENTED_EDGE('',*,*,#1507,.F.);
#528=ORIENTED_EDGE('',*,*,#1542,.T.);
#529=ORIENTED_EDGE('',*,*,#1543,.F.);
#530=ORIENTED_EDGE('',*,*,#1508,.F.);
#531=ORIENTED_EDGE('',*,*,#1511,.F.);
#532=ORIENTED_EDGE('',*,*,#1520,.F.);
#533=ORIENTED_EDGE('',*,*,#1544,.F.);
#534=ORIENTED_EDGE('',*,*,#1545,.T.);
#535=ORIENTED_EDGE('',*,*,#1514,.F.);
#536=ORIENTED_EDGE('',*,*,#1512,.F.);
#537=ORIENTED_EDGE('',*,*,#1546,.T.);
#538=ORIENTED_EDGE('',*,*,#1516,.F.);
#539=ORIENTED_EDGE('',*,*,#1517,.F.);
#540=ORIENTED_EDGE('',*,*,#1547,.T.);
#541=ORIENTED_EDGE('',*,*,#1548,.F.);
#542=ORIENTED_EDGE('',*,*,#1518,.F.);
#543=ORIENTED_EDGE('',*,*,#1549,.F.);
#544=ORIENTED_EDGE('',*,*,#1550,.F.);
#545=ORIENTED_EDGE('',*,*,#1551,.F.);
#546=ORIENTED_EDGE('',*,*,#1552,.T.);
#547=ORIENTED_EDGE('',*,*,#1553,.F.);
#548=ORIENTED_EDGE('',*,*,#1554,.F.);
#549=ORIENTED_EDGE('',*,*,#1555,.F.);
#550=ORIENTED_EDGE('',*,*,#1556,.T.);
#551=ORIENTED_EDGE('',*,*,#1557,.F.);
#552=ORIENTED_EDGE('',*,*,#1558,.F.);
#553=ORIENTED_EDGE('',*,*,#1521,.T.);
#554=ORIENTED_EDGE('',*,*,#1559,.T.);
#555=ORIENTED_EDGE('',*,*,#1560,.F.);
#556=ORIENTED_EDGE('',*,*,#1522,.T.);
#557=ORIENTED_EDGE('',*,*,#1558,.T.);
#558=ORIENTED_EDGE('',*,*,#1561,.F.);
#559=ORIENTED_EDGE('',*,*,#1562,.F.);
#560=ORIENTED_EDGE('',*,*,#1563,.T.);
#561=ORIENTED_EDGE('',*,*,#1523,.T.);
#562=ORIENTED_EDGE('',*,*,#1560,.T.);
#563=ORIENTED_EDGE('',*,*,#1524,.F.);
#564=ORIENTED_EDGE('',*,*,#1564,.T.);
#565=ORIENTED_EDGE('',*,*,#1565,.F.);
#566=ORIENTED_EDGE('',*,*,#1566,.T.);
#567=ORIENTED_EDGE('',*,*,#1567,.F.);
#568=ORIENTED_EDGE('',*,*,#1568,.F.);
#569=ORIENTED_EDGE('',*,*,#1525,.T.);
#570=ORIENTED_EDGE('',*,*,#1569,.T.);
#571=ORIENTED_EDGE('',*,*,#1570,.F.);
#572=ORIENTED_EDGE('',*,*,#1526,.T.);
#573=ORIENTED_EDGE('',*,*,#1568,.T.);
#574=ORIENTED_EDGE('',*,*,#1571,.F.);
#575=ORIENTED_EDGE('',*,*,#1572,.F.);
#576=ORIENTED_EDGE('',*,*,#1573,.T.);
#577=ORIENTED_EDGE('',*,*,#1527,.T.);
#578=ORIENTED_EDGE('',*,*,#1570,.T.);
#579=ORIENTED_EDGE('',*,*,#1528,.F.);
#580=ORIENTED_EDGE('',*,*,#1574,.T.);
#581=ORIENTED_EDGE('',*,*,#1575,.F.);
#582=ORIENTED_EDGE('',*,*,#1576,.T.);
#583=ORIENTED_EDGE('',*,*,#1577,.F.);
#584=ORIENTED_EDGE('',*,*,#1578,.T.);
#585=ORIENTED_EDGE('',*,*,#1579,.T.);
#586=ORIENTED_EDGE('',*,*,#1580,.T.);
#587=ORIENTED_EDGE('',*,*,#1581,.T.);
#588=ORIENTED_EDGE('',*,*,#1582,.T.);
#589=ORIENTED_EDGE('',*,*,#1583,.T.);
#590=ORIENTED_EDGE('',*,*,#1584,.T.);
#591=ORIENTED_EDGE('',*,*,#1585,.T.);
#592=ORIENTED_EDGE('',*,*,#1586,.T.);
#593=ORIENTED_EDGE('',*,*,#1587,.F.);
#594=ORIENTED_EDGE('',*,*,#1588,.T.);
#595=ORIENTED_EDGE('',*,*,#1531,.F.);
#596=ORIENTED_EDGE('',*,*,#1530,.F.);
#597=ORIENTED_EDGE('',*,*,#1589,.T.);
#598=ORIENTED_EDGE('',*,*,#1532,.F.);
#599=ORIENTED_EDGE('',*,*,#1536,.F.);
#600=ORIENTED_EDGE('',*,*,#1535,.F.);
#601=ORIENTED_EDGE('',*,*,#1590,.T.);
#602=ORIENTED_EDGE('',*,*,#1537,.F.);
#603=ORIENTED_EDGE('',*,*,#1541,.F.);
#604=ORIENTED_EDGE('',*,*,#1540,.F.);
#605=ORIENTED_EDGE('',*,*,#1591,.T.);
#606=ORIENTED_EDGE('',*,*,#1542,.F.);
#607=ORIENTED_EDGE('',*,*,#1546,.F.);
#608=ORIENTED_EDGE('',*,*,#1545,.F.);
#609=ORIENTED_EDGE('',*,*,#1592,.T.);
#610=ORIENTED_EDGE('',*,*,#1547,.F.);
#611=ORIENTED_EDGE('',*,*,#1593,.F.);
#612=ORIENTED_EDGE('',*,*,#1594,.F.);
#613=ORIENTED_EDGE('',*,*,#1549,.T.);
#614=ORIENTED_EDGE('',*,*,#1595,.T.);
#615=ORIENTED_EDGE('',*,*,#1596,.F.);
#616=ORIENTED_EDGE('',*,*,#1550,.T.);
#617=ORIENTED_EDGE('',*,*,#1594,.T.);
#618=ORIENTED_EDGE('',*,*,#1597,.F.);
#619=ORIENTED_EDGE('',*,*,#1598,.F.);
#620=ORIENTED_EDGE('',*,*,#1599,.T.);
#621=ORIENTED_EDGE('',*,*,#1551,.T.);
#622=ORIENTED_EDGE('',*,*,#1596,.T.);
#623=ORIENTED_EDGE('',*,*,#1552,.F.);
#624=ORIENTED_EDGE('',*,*,#1600,.T.);
#625=ORIENTED_EDGE('',*,*,#1601,.F.);
#626=ORIENTED_EDGE('',*,*,#1602,.T.);
#627=ORIENTED_EDGE('',*,*,#1603,.F.);
#628=ORIENTED_EDGE('',*,*,#1604,.F.);
#629=ORIENTED_EDGE('',*,*,#1553,.T.);
#630=ORIENTED_EDGE('',*,*,#1605,.T.);
#631=ORIENTED_EDGE('',*,*,#1606,.F.);
#632=ORIENTED_EDGE('',*,*,#1554,.T.);
#633=ORIENTED_EDGE('',*,*,#1604,.T.);
#634=ORIENTED_EDGE('',*,*,#1607,.F.);
#635=ORIENTED_EDGE('',*,*,#1608,.F.);
#636=ORIENTED_EDGE('',*,*,#1609,.T.);
#637=ORIENTED_EDGE('',*,*,#1555,.T.);
#638=ORIENTED_EDGE('',*,*,#1606,.T.);
#639=ORIENTED_EDGE('',*,*,#1556,.F.);
#640=ORIENTED_EDGE('',*,*,#1610,.T.);
#641=ORIENTED_EDGE('',*,*,#1611,.F.);
#642=ORIENTED_EDGE('',*,*,#1612,.T.);
#643=ORIENTED_EDGE('',*,*,#1559,.F.);
#644=ORIENTED_EDGE('',*,*,#1566,.F.);
#645=ORIENTED_EDGE('',*,*,#1613,.F.);
#646=ORIENTED_EDGE('',*,*,#1614,.T.);
#647=ORIENTED_EDGE('',*,*,#1562,.T.);
#648=ORIENTED_EDGE('',*,*,#1561,.T.);
#649=ORIENTED_EDGE('',*,*,#1557,.T.);
#650=ORIENTED_EDGE('',*,*,#1615,.T.);
#651=ORIENTED_EDGE('',*,*,#1563,.F.);
#652=ORIENTED_EDGE('',*,*,#1616,.T.);
#653=ORIENTED_EDGE('',*,*,#1617,.F.);
#654=ORIENTED_EDGE('',*,*,#1564,.F.);
#655=ORIENTED_EDGE('',*,*,#1569,.F.);
#656=ORIENTED_EDGE('',*,*,#1576,.F.);
#657=ORIENTED_EDGE('',*,*,#1618,.F.);
#658=ORIENTED_EDGE('',*,*,#1619,.T.);
#659=ORIENTED_EDGE('',*,*,#1572,.T.);
#660=ORIENTED_EDGE('',*,*,#1571,.T.);
#661=ORIENTED_EDGE('',*,*,#1567,.T.);
#662=ORIENTED_EDGE('',*,*,#1620,.T.);
#663=ORIENTED_EDGE('',*,*,#1573,.F.);
#664=ORIENTED_EDGE('',*,*,#1621,.T.);
#665=ORIENTED_EDGE('',*,*,#1622,.F.);
#666=ORIENTED_EDGE('',*,*,#1574,.F.);
#667=ORIENTED_EDGE('',*,*,#1623,.T.);
#668=ORIENTED_EDGE('',*,*,#1624,.T.);
#669=ORIENTED_EDGE('',*,*,#1625,.T.);
#670=ORIENTED_EDGE('',*,*,#1626,.T.);
#671=ORIENTED_EDGE('',*,*,#1627,.F.);
#672=ORIENTED_EDGE('',*,*,#1628,.T.);
#673=ORIENTED_EDGE('',*,*,#1629,.T.);
#674=ORIENTED_EDGE('',*,*,#1630,.T.);
#675=ORIENTED_EDGE('',*,*,#1577,.T.);
#676=ORIENTED_EDGE('',*,*,#1631,.T.);
#677=ORIENTED_EDGE('',*,*,#1632,.T.);
#678=ORIENTED_EDGE('',*,*,#1578,.F.);
#679=ORIENTED_EDGE('',*,*,#1630,.F.);
#680=ORIENTED_EDGE('',*,*,#1633,.T.);
#681=ORIENTED_EDGE('',*,*,#1634,.T.);
#682=ORIENTED_EDGE('',*,*,#1579,.F.);
#683=ORIENTED_EDGE('',*,*,#1632,.F.);
#684=ORIENTED_EDGE('',*,*,#1635,.T.);
#685=ORIENTED_EDGE('',*,*,#1636,.F.);
#686=ORIENTED_EDGE('',*,*,#1637,.T.);
#687=ORIENTED_EDGE('',*,*,#1638,.T.);
#688=ORIENTED_EDGE('',*,*,#1639,.T.);
#689=ORIENTED_EDGE('',*,*,#1640,.T.);
#690=ORIENTED_EDGE('',*,*,#1641,.T.);
#691=ORIENTED_EDGE('',*,*,#1587,.T.);
#692=ORIENTED_EDGE('',*,*,#1642,.T.);
#693=ORIENTED_EDGE('',*,*,#1643,.T.);
#694=ORIENTED_EDGE('',*,*,#1644,.T.);
#695=ORIENTED_EDGE('',*,*,#1645,.T.);
#696=ORIENTED_EDGE('',*,*,#1585,.F.);
#697=ORIENTED_EDGE('',*,*,#1646,.T.);
#698=ORIENTED_EDGE('',*,*,#1647,.T.);
#699=ORIENTED_EDGE('',*,*,#1642,.F.);
#700=ORIENTED_EDGE('',*,*,#1586,.F.);
#701=ORIENTED_EDGE('',*,*,#1645,.F.);
#702=ORIENTED_EDGE('',*,*,#1648,.T.);
#703=ORIENTED_EDGE('',*,*,#1649,.T.);
#704=ORIENTED_EDGE('',*,*,#1581,.F.);
#705=ORIENTED_EDGE('',*,*,#1650,.T.);
#706=ORIENTED_EDGE('',*,*,#1651,.T.);
#707=ORIENTED_EDGE('',*,*,#1649,.F.);
#708=ORIENTED_EDGE('',*,*,#1652,.T.);
#709=ORIENTED_EDGE('',*,*,#1653,.F.);
#710=ORIENTED_EDGE('',*,*,#1654,.T.);
#711=ORIENTED_EDGE('',*,*,#1631,.F.);
#712=ORIENTED_EDGE('',*,*,#1582,.F.);
#713=ORIENTED_EDGE('',*,*,#1655,.T.);
#714=ORIENTED_EDGE('',*,*,#1588,.F.);
#715=ORIENTED_EDGE('',*,*,#1641,.F.);
#716=ORIENTED_EDGE('',*,*,#1656,.T.);
#717=ORIENTED_EDGE('',*,*,#1657,.F.);
#718=ORIENTED_EDGE('',*,*,#1658,.T.);
#719=ORIENTED_EDGE('',*,*,#1659,.T.);
#720=ORIENTED_EDGE('',*,*,#1583,.F.);
#721=ORIENTED_EDGE('',*,*,#1655,.F.);
#722=ORIENTED_EDGE('',*,*,#1660,.T.);
#723=ORIENTED_EDGE('',*,*,#1544,.T.);
#724=ORIENTED_EDGE('',*,*,#1519,.T.);
#725=ORIENTED_EDGE('',*,*,#1548,.T.);
#726=ORIENTED_EDGE('',*,*,#1592,.F.);
#727=ORIENTED_EDGE('',*,*,#1539,.T.);
#728=ORIENTED_EDGE('',*,*,#1509,.T.);
#729=ORIENTED_EDGE('',*,*,#1543,.T.);
#730=ORIENTED_EDGE('',*,*,#1591,.F.);
#731=ORIENTED_EDGE('',*,*,#1661,.F.);
#732=ORIENTED_EDGE('',*,*,#1644,.F.);
#733=ORIENTED_EDGE('',*,*,#1662,.T.);
#734=ORIENTED_EDGE('',*,*,#1646,.F.);
#735=ORIENTED_EDGE('',*,*,#1584,.F.);
#736=ORIENTED_EDGE('',*,*,#1659,.F.);
#737=ORIENTED_EDGE('',*,*,#1663,.T.);
#738=ORIENTED_EDGE('',*,*,#1650,.F.);
#739=ORIENTED_EDGE('',*,*,#1580,.F.);
#740=ORIENTED_EDGE('',*,*,#1634,.F.);
#741=ORIENTED_EDGE('',*,*,#1664,.T.);
#742=ORIENTED_EDGE('',*,*,#1628,.F.);
#743=ORIENTED_EDGE('',*,*,#1534,.T.);
#744=ORIENTED_EDGE('',*,*,#1499,.T.);
#745=ORIENTED_EDGE('',*,*,#1538,.T.);
#746=ORIENTED_EDGE('',*,*,#1590,.F.);
#747=ORIENTED_EDGE('',*,*,#1529,.T.);
#748=ORIENTED_EDGE('',*,*,#1489,.T.);
#749=ORIENTED_EDGE('',*,*,#1533,.T.);
#750=ORIENTED_EDGE('',*,*,#1589,.F.);
#751=ORIENTED_EDGE('',*,*,#1595,.F.);
#752=ORIENTED_EDGE('',*,*,#1602,.F.);
#753=ORIENTED_EDGE('',*,*,#1665,.F.);
#754=ORIENTED_EDGE('',*,*,#1666,.T.);
#755=ORIENTED_EDGE('',*,*,#1598,.T.);
#756=ORIENTED_EDGE('',*,*,#1597,.T.);
#757=ORIENTED_EDGE('',*,*,#1593,.T.);
#758=ORIENTED_EDGE('',*,*,#1667,.T.);
#759=ORIENTED_EDGE('',*,*,#1599,.F.);
#760=ORIENTED_EDGE('',*,*,#1668,.T.);
#761=ORIENTED_EDGE('',*,*,#1669,.F.);
#762=ORIENTED_EDGE('',*,*,#1600,.F.);
#763=ORIENTED_EDGE('',*,*,#1605,.F.);
#764=ORIENTED_EDGE('',*,*,#1612,.F.);
#765=ORIENTED_EDGE('',*,*,#1670,.F.);
#766=ORIENTED_EDGE('',*,*,#1671,.T.);
#767=ORIENTED_EDGE('',*,*,#1608,.T.);
#768=ORIENTED_EDGE('',*,*,#1607,.T.);
#769=ORIENTED_EDGE('',*,*,#1603,.T.);
#770=ORIENTED_EDGE('',*,*,#1672,.T.);
#771=ORIENTED_EDGE('',*,*,#1609,.F.);
#772=ORIENTED_EDGE('',*,*,#1673,.T.);
#773=ORIENTED_EDGE('',*,*,#1674,.F.);
#774=ORIENTED_EDGE('',*,*,#1610,.F.);
#775=ORIENTED_EDGE('',*,*,#1654,.F.);
#776=ORIENTED_EDGE('',*,*,#1675,.T.);
#777=ORIENTED_EDGE('',*,*,#1676,.T.);
#778=ORIENTED_EDGE('',*,*,#1623,.F.);
#779=ORIENTED_EDGE('',*,*,#1676,.F.);
#780=ORIENTED_EDGE('',*,*,#1677,.T.);
#781=ORIENTED_EDGE('',*,*,#1678,.T.);
#782=ORIENTED_EDGE('',*,*,#1624,.F.);
#783=ORIENTED_EDGE('',*,*,#1678,.F.);
#784=ORIENTED_EDGE('',*,*,#1679,.T.);
#785=ORIENTED_EDGE('',*,*,#1680,.F.);
#786=ORIENTED_EDGE('',*,*,#1625,.F.);
#787=ORIENTED_EDGE('',*,*,#1681,.T.);
#788=ORIENTED_EDGE('',*,*,#1636,.T.);
#789=ORIENTED_EDGE('',*,*,#1661,.T.);
#790=ORIENTED_EDGE('',*,*,#1627,.T.);
#791=ORIENTED_EDGE('',*,*,#1682,.T.);
#792=ORIENTED_EDGE('',*,*,#1683,.T.);
#793=ORIENTED_EDGE('',*,*,#1656,.F.);
#794=ORIENTED_EDGE('',*,*,#1640,.F.);
#795=ORIENTED_EDGE('',*,*,#1684,.T.);
#796=ORIENTED_EDGE('',*,*,#1685,.T.);
#797=ORIENTED_EDGE('',*,*,#1686,.T.);
#798=ORIENTED_EDGE('',*,*,#1638,.F.);
#799=ORIENTED_EDGE('',*,*,#1686,.F.);
#800=ORIENTED_EDGE('',*,*,#1687,.T.);
#801=ORIENTED_EDGE('',*,*,#1682,.F.);
#802=ORIENTED_EDGE('',*,*,#1639,.F.);
#803=ORIENTED_EDGE('',*,*,#1615,.F.);
#804=ORIENTED_EDGE('',*,*,#1614,.F.);
#805=ORIENTED_EDGE('',*,*,#1688,.F.);
#806=ORIENTED_EDGE('',*,*,#1616,.F.);
#807=ORIENTED_EDGE('',*,*,#1620,.F.);
#808=ORIENTED_EDGE('',*,*,#1619,.F.);
#809=ORIENTED_EDGE('',*,*,#1689,.F.);
#810=ORIENTED_EDGE('',*,*,#1621,.F.);
#811=ORIENTED_EDGE('',*,*,#1660,.F.);
#812=ORIENTED_EDGE('',*,*,#1658,.F.);
#813=ORIENTED_EDGE('',*,*,#1690,.T.);
#814=ORIENTED_EDGE('',*,*,#1691,.F.);
#815=ORIENTED_EDGE('',*,*,#1692,.T.);
#816=ORIENTED_EDGE('',*,*,#1652,.F.);
#817=ORIENTED_EDGE('',*,*,#1651,.F.);
#818=ORIENTED_EDGE('',*,*,#1663,.F.);
#819=ORIENTED_EDGE('',*,*,#1647,.F.);
#820=ORIENTED_EDGE('',*,*,#1662,.F.);
#821=ORIENTED_EDGE('',*,*,#1643,.F.);
#822=ORIENTED_EDGE('',*,*,#1648,.F.);
#823=ORIENTED_EDGE('',*,*,#1635,.F.);
#824=ORIENTED_EDGE('',*,*,#1633,.F.);
#825=ORIENTED_EDGE('',*,*,#1629,.F.);
#826=ORIENTED_EDGE('',*,*,#1664,.F.);
#827=ORIENTED_EDGE('',*,*,#1667,.F.);
#828=ORIENTED_EDGE('',*,*,#1666,.F.);
#829=ORIENTED_EDGE('',*,*,#1693,.F.);
#830=ORIENTED_EDGE('',*,*,#1668,.F.);
#831=ORIENTED_EDGE('',*,*,#1672,.F.);
#832=ORIENTED_EDGE('',*,*,#1671,.F.);
#833=ORIENTED_EDGE('',*,*,#1694,.F.);
#834=ORIENTED_EDGE('',*,*,#1673,.F.);
#835=ORIENTED_EDGE('',*,*,#1679,.F.);
#836=ORIENTED_EDGE('',*,*,#1677,.F.);
#837=ORIENTED_EDGE('',*,*,#1675,.F.);
#838=ORIENTED_EDGE('',*,*,#1653,.T.);
#839=ORIENTED_EDGE('',*,*,#1692,.F.);
#840=ORIENTED_EDGE('',*,*,#1695,.F.);
#841=ORIENTED_EDGE('',*,*,#1696,.T.);
#842=ORIENTED_EDGE('',*,*,#1697,.T.);
#843=ORIENTED_EDGE('',*,*,#1684,.F.);
#844=ORIENTED_EDGE('',*,*,#1637,.F.);
#845=ORIENTED_EDGE('',*,*,#1681,.F.);
#846=ORIENTED_EDGE('',*,*,#1626,.F.);
#847=ORIENTED_EDGE('',*,*,#1680,.T.);
#848=ORIENTED_EDGE('',*,*,#1697,.F.);
#849=ORIENTED_EDGE('',*,*,#1698,.T.);
#850=ORIENTED_EDGE('',*,*,#1699,.T.);
#851=ORIENTED_EDGE('',*,*,#1685,.F.);
#852=ORIENTED_EDGE('',*,*,#1699,.F.);
#853=ORIENTED_EDGE('',*,*,#1700,.T.);
#854=ORIENTED_EDGE('',*,*,#1701,.F.);
#855=ORIENTED_EDGE('',*,*,#1690,.F.);
#856=ORIENTED_EDGE('',*,*,#1657,.T.);
#857=ORIENTED_EDGE('',*,*,#1683,.F.);
#858=ORIENTED_EDGE('',*,*,#1687,.F.);
#859=ORIENTED_EDGE('',*,*,#1674,.T.);
#860=ORIENTED_EDGE('',*,*,#1694,.T.);
#861=ORIENTED_EDGE('',*,*,#1670,.T.);
#862=ORIENTED_EDGE('',*,*,#1611,.T.);
#863=ORIENTED_EDGE('',*,*,#1669,.T.);
#864=ORIENTED_EDGE('',*,*,#1693,.T.);
#865=ORIENTED_EDGE('',*,*,#1665,.T.);
#866=ORIENTED_EDGE('',*,*,#1601,.T.);
#867=ORIENTED_EDGE('',*,*,#1701,.T.);
#868=ORIENTED_EDGE('',*,*,#1702,.T.);
#869=ORIENTED_EDGE('',*,*,#1695,.T.);
#870=ORIENTED_EDGE('',*,*,#1691,.T.);
#871=ORIENTED_EDGE('',*,*,#1622,.T.);
#872=ORIENTED_EDGE('',*,*,#1689,.T.);
#873=ORIENTED_EDGE('',*,*,#1618,.T.);
#874=ORIENTED_EDGE('',*,*,#1575,.T.);
#875=ORIENTED_EDGE('',*,*,#1617,.T.);
#876=ORIENTED_EDGE('',*,*,#1688,.T.);
#877=ORIENTED_EDGE('',*,*,#1613,.T.);
#878=ORIENTED_EDGE('',*,*,#1565,.T.);
#879=ORIENTED_EDGE('',*,*,#1700,.F.);
#880=ORIENTED_EDGE('',*,*,#1698,.F.);
#881=ORIENTED_EDGE('',*,*,#1696,.F.);
#882=ORIENTED_EDGE('',*,*,#1702,.F.);
#883=ORIENTED_EDGE('',*,*,#1703,.F.);
#884=ORIENTED_EDGE('',*,*,#1704,.F.);
#885=ORIENTED_EDGE('',*,*,#1705,.F.);
#886=ORIENTED_EDGE('',*,*,#1706,.F.);
#887=ORIENTED_EDGE('',*,*,#1704,.T.);
#888=ORIENTED_EDGE('',*,*,#1703,.T.);
#889=ORIENTED_EDGE('',*,*,#1707,.T.);
#890=ORIENTED_EDGE('',*,*,#1708,.T.);
#891=ORIENTED_EDGE('',*,*,#1706,.T.);
#892=ORIENTED_EDGE('',*,*,#1705,.T.);
#893=ORIENTED_EDGE('',*,*,#1709,.T.);
#894=ORIENTED_EDGE('',*,*,#1710,.T.);
#895=ORIENTED_EDGE('',*,*,#1711,.T.);
#896=ORIENTED_EDGE('',*,*,#1712,.T.);
#897=ORIENTED_EDGE('',*,*,#1710,.F.);
#898=ORIENTED_EDGE('',*,*,#1709,.F.);
#899=ORIENTED_EDGE('',*,*,#1708,.F.);
#900=ORIENTED_EDGE('',*,*,#1707,.F.);
#901=ORIENTED_EDGE('',*,*,#1713,.F.);
#902=ORIENTED_EDGE('',*,*,#1714,.T.);
#903=ORIENTED_EDGE('',*,*,#1715,.F.);
#904=ORIENTED_EDGE('',*,*,#1714,.F.);
#905=ORIENTED_EDGE('',*,*,#1716,.F.);
#906=ORIENTED_EDGE('',*,*,#1717,.F.);
#907=ORIENTED_EDGE('',*,*,#1718,.F.);
#908=ORIENTED_EDGE('',*,*,#1719,.F.);
#909=ORIENTED_EDGE('',*,*,#1720,.F.);
#910=ORIENTED_EDGE('',*,*,#1717,.T.);
#911=ORIENTED_EDGE('',*,*,#1712,.F.);
#912=ORIENTED_EDGE('',*,*,#1711,.F.);
#913=ORIENTED_EDGE('',*,*,#1721,.T.);
#914=ORIENTED_EDGE('',*,*,#1722,.T.);
#915=ORIENTED_EDGE('',*,*,#1723,.T.);
#916=ORIENTED_EDGE('',*,*,#1724,.F.);
#917=ORIENTED_EDGE('',*,*,#1725,.F.);
#918=ORIENTED_EDGE('',*,*,#1726,.T.);
#919=ORIENTED_EDGE('',*,*,#1727,.F.);
#920=ORIENTED_EDGE('',*,*,#1728,.T.);
#921=ORIENTED_EDGE('',*,*,#1729,.T.);
#922=ORIENTED_EDGE('',*,*,#1730,.T.);
#923=ORIENTED_EDGE('',*,*,#1731,.T.);
#924=ORIENTED_EDGE('',*,*,#1732,.F.);
#925=ORIENTED_EDGE('',*,*,#1733,.F.);
#926=ORIENTED_EDGE('',*,*,#1734,.F.);
#927=ORIENTED_EDGE('',*,*,#1735,.T.);
#928=ORIENTED_EDGE('',*,*,#1730,.F.);
#929=ORIENTED_EDGE('',*,*,#1729,.F.);
#930=ORIENTED_EDGE('',*,*,#1736,.T.);
#931=ORIENTED_EDGE('',*,*,#1737,.F.);
#932=ORIENTED_EDGE('',*,*,#1723,.F.);
#933=ORIENTED_EDGE('',*,*,#1738,.F.);
#934=ORIENTED_EDGE('',*,*,#1739,.T.);
#935=ORIENTED_EDGE('',*,*,#1740,.F.);
#936=ORIENTED_EDGE('',*,*,#1741,.F.);
#937=ORIENTED_EDGE('',*,*,#1742,.T.);
#938=ORIENTED_EDGE('',*,*,#1743,.F.);
#939=ORIENTED_EDGE('',*,*,#1744,.F.);
#940=ORIENTED_EDGE('',*,*,#1745,.F.);
#941=ORIENTED_EDGE('',*,*,#1746,.T.);
#942=ORIENTED_EDGE('',*,*,#1747,.F.);
#943=ORIENTED_EDGE('',*,*,#1748,.F.);
#944=ORIENTED_EDGE('',*,*,#1749,.F.);
#945=ORIENTED_EDGE('',*,*,#1724,.T.);
#946=ORIENTED_EDGE('',*,*,#1737,.T.);
#947=ORIENTED_EDGE('',*,*,#1720,.T.);
#948=ORIENTED_EDGE('',*,*,#1719,.T.);
#949=ORIENTED_EDGE('',*,*,#1718,.T.);
#950=ORIENTED_EDGE('',*,*,#1716,.T.);
#951=ORIENTED_EDGE('',*,*,#1713,.T.);
#952=ORIENTED_EDGE('',*,*,#1715,.T.);
#953=ORIENTED_EDGE('',*,*,#1750,.F.);
#954=ORIENTED_EDGE('',*,*,#1751,.F.);
#955=ORIENTED_EDGE('',*,*,#1752,.T.);
#956=ORIENTED_EDGE('',*,*,#1753,.T.);
#957=ORIENTED_EDGE('',*,*,#1754,.T.);
#958=ORIENTED_EDGE('',*,*,#1755,.T.);
#959=ORIENTED_EDGE('',*,*,#1756,.F.);
#960=ORIENTED_EDGE('',*,*,#1734,.T.);
#961=ORIENTED_EDGE('',*,*,#1733,.T.);
#962=ORIENTED_EDGE('',*,*,#1757,.F.);
#963=ORIENTED_EDGE('',*,*,#1758,.T.);
#964=ORIENTED_EDGE('',*,*,#1759,.F.);
#965=ORIENTED_EDGE('',*,*,#1760,.F.);
#966=ORIENTED_EDGE('',*,*,#1761,.F.);
#967=ORIENTED_EDGE('',*,*,#1762,.F.);
#968=ORIENTED_EDGE('',*,*,#1763,.F.);
#969=ORIENTED_EDGE('',*,*,#1764,.F.);
#970=ORIENTED_EDGE('',*,*,#1765,.F.);
#971=ORIENTED_EDGE('',*,*,#1722,.F.);
#972=ORIENTED_EDGE('',*,*,#1721,.F.);
#973=ORIENTED_EDGE('',*,*,#1766,.F.);
#974=ORIENTED_EDGE('',*,*,#1767,.F.);
#975=ORIENTED_EDGE('',*,*,#1768,.T.);
#976=ORIENTED_EDGE('',*,*,#1769,.F.);
#977=ORIENTED_EDGE('',*,*,#1770,.F.);
#978=ORIENTED_EDGE('',*,*,#1771,.T.);
#979=ORIENTED_EDGE('',*,*,#1772,.T.);
#980=ORIENTED_EDGE('',*,*,#1773,.T.);
#981=ORIENTED_EDGE('',*,*,#1725,.T.);
#982=ORIENTED_EDGE('',*,*,#1749,.T.);
#983=ORIENTED_EDGE('',*,*,#1774,.F.);
#984=ORIENTED_EDGE('',*,*,#1726,.F.);
#985=ORIENTED_EDGE('',*,*,#1775,.T.);
#986=ORIENTED_EDGE('',*,*,#1776,.F.);
#987=ORIENTED_EDGE('',*,*,#1731,.F.);
#988=ORIENTED_EDGE('',*,*,#1735,.F.);
#989=ORIENTED_EDGE('',*,*,#1777,.T.);
#990=ORIENTED_EDGE('',*,*,#1757,.T.);
#991=ORIENTED_EDGE('',*,*,#1732,.T.);
#992=ORIENTED_EDGE('',*,*,#1776,.T.);
#993=ORIENTED_EDGE('',*,*,#1727,.T.);
#994=ORIENTED_EDGE('',*,*,#1756,.T.);
#995=ORIENTED_EDGE('',*,*,#1778,.T.);
#996=ORIENTED_EDGE('',*,*,#1779,.T.);
#997=ORIENTED_EDGE('',*,*,#1728,.F.);
#998=ORIENTED_EDGE('',*,*,#1779,.F.);
#999=ORIENTED_EDGE('',*,*,#1780,.T.);
#1000=ORIENTED_EDGE('',*,*,#1781,.F.);
#1001=ORIENTED_EDGE('',*,*,#1746,.F.);
#1002=ORIENTED_EDGE('',*,*,#1736,.F.);
#1003=ORIENTED_EDGE('',*,*,#1782,.T.);
#1004=ORIENTED_EDGE('',*,*,#1783,.F.);
#1005=ORIENTED_EDGE('',*,*,#1747,.T.);
#1006=ORIENTED_EDGE('',*,*,#1781,.T.);
#1007=ORIENTED_EDGE('',*,*,#1784,.T.);
#1008=ORIENTED_EDGE('',*,*,#1785,.T.);
#1009=ORIENTED_EDGE('',*,*,#1786,.T.);
#1010=ORIENTED_EDGE('',*,*,#1739,.F.);
#1011=ORIENTED_EDGE('',*,*,#1787,.F.);
#1012=ORIENTED_EDGE('',*,*,#1788,.T.);
#1013=ORIENTED_EDGE('',*,*,#1789,.T.);
#1014=ORIENTED_EDGE('',*,*,#1789,.F.);
#1015=ORIENTED_EDGE('',*,*,#1790,.T.);
#1016=ORIENTED_EDGE('',*,*,#1772,.F.);
#1017=ORIENTED_EDGE('',*,*,#1771,.F.);
#1018=ORIENTED_EDGE('',*,*,#1791,.T.);
#1019=ORIENTED_EDGE('',*,*,#1787,.T.);
#1020=ORIENTED_EDGE('',*,*,#1792,.T.);
#1021=ORIENTED_EDGE('',*,*,#1793,.T.);
#1022=ORIENTED_EDGE('',*,*,#1742,.F.);
#1023=ORIENTED_EDGE('',*,*,#1794,.T.);
#1024=ORIENTED_EDGE('',*,*,#1795,.T.);
#1025=ORIENTED_EDGE('',*,*,#1796,.T.);
#1026=ORIENTED_EDGE('',*,*,#1797,.T.);
#1027=ORIENTED_EDGE('',*,*,#1741,.T.);
#1028=ORIENTED_EDGE('',*,*,#1798,.T.);
#1029=ORIENTED_EDGE('',*,*,#1744,.T.);
#1030=ORIENTED_EDGE('',*,*,#1799,.T.);
#1031=ORIENTED_EDGE('',*,*,#1774,.T.);
#1032=ORIENTED_EDGE('',*,*,#1748,.T.);
#1033=ORIENTED_EDGE('',*,*,#1783,.T.);
#1034=ORIENTED_EDGE('',*,*,#1764,.T.);
#1035=ORIENTED_EDGE('',*,*,#1763,.T.);
#1036=ORIENTED_EDGE('',*,*,#1762,.T.);
#1037=ORIENTED_EDGE('',*,*,#1800,.T.);
#1038=ORIENTED_EDGE('',*,*,#1801,.T.);
#1039=ORIENTED_EDGE('',*,*,#1802,.T.);
#1040=ORIENTED_EDGE('',*,*,#1759,.T.);
#1041=ORIENTED_EDGE('',*,*,#1765,.T.);
#1042=ORIENTED_EDGE('',*,*,#1803,.F.);
#1043=ORIENTED_EDGE('',*,*,#1804,.F.);
#1044=ORIENTED_EDGE('',*,*,#1805,.F.);
#1045=ORIENTED_EDGE('',*,*,#1760,.T.);
#1046=ORIENTED_EDGE('',*,*,#1806,.T.);
#1047=ORIENTED_EDGE('',*,*,#1807,.T.);
#1048=ORIENTED_EDGE('',*,*,#1808,.F.);
#1049=ORIENTED_EDGE('',*,*,#1809,.F.);
#1050=ORIENTED_EDGE('',*,*,#1810,.F.);
#1051=ORIENTED_EDGE('',*,*,#1811,.F.);
#1052=ORIENTED_EDGE('',*,*,#1812,.F.);
#1053=ORIENTED_EDGE('',*,*,#1813,.F.);
#1054=ORIENTED_EDGE('',*,*,#1751,.T.);
#1055=ORIENTED_EDGE('',*,*,#1750,.T.);
#1056=ORIENTED_EDGE('',*,*,#1814,.T.);
#1057=ORIENTED_EDGE('',*,*,#1815,.T.);
#1058=ORIENTED_EDGE('',*,*,#1816,.T.);
#1059=ORIENTED_EDGE('',*,*,#1817,.T.);
#1060=ORIENTED_EDGE('',*,*,#1818,.T.);
#1061=ORIENTED_EDGE('',*,*,#1819,.T.);
#1062=ORIENTED_EDGE('',*,*,#1820,.T.);
#1063=ORIENTED_EDGE('',*,*,#1821,.T.);
#1064=ORIENTED_EDGE('',*,*,#1822,.T.);
#1065=ORIENTED_EDGE('',*,*,#1823,.T.);
#1066=ORIENTED_EDGE('',*,*,#1824,.T.);
#1067=ORIENTED_EDGE('',*,*,#1825,.T.);
#1068=ORIENTED_EDGE('',*,*,#1826,.F.);
#1069=ORIENTED_EDGE('',*,*,#1827,.F.);
#1070=ORIENTED_EDGE('',*,*,#1828,.T.);
#1071=ORIENTED_EDGE('',*,*,#1829,.T.);
#1072=ORIENTED_EDGE('',*,*,#1830,.T.);
#1073=ORIENTED_EDGE('',*,*,#1831,.F.);
#1074=ORIENTED_EDGE('',*,*,#1832,.T.);
#1075=ORIENTED_EDGE('',*,*,#1833,.F.);
#1076=ORIENTED_EDGE('',*,*,#1834,.F.);
#1077=ORIENTED_EDGE('',*,*,#1835,.F.);
#1078=ORIENTED_EDGE('',*,*,#1836,.T.);
#1079=ORIENTED_EDGE('',*,*,#1754,.F.);
#1080=ORIENTED_EDGE('',*,*,#1837,.T.);
#1081=ORIENTED_EDGE('',*,*,#1753,.F.);
#1082=ORIENTED_EDGE('',*,*,#1838,.T.);
#1083=ORIENTED_EDGE('',*,*,#1839,.F.);
#1084=ORIENTED_EDGE('',*,*,#1837,.F.);
#1085=ORIENTED_EDGE('',*,*,#1752,.F.);
#1086=ORIENTED_EDGE('',*,*,#1840,.T.);
#1087=ORIENTED_EDGE('',*,*,#1841,.F.);
#1088=ORIENTED_EDGE('',*,*,#1838,.F.);
#1089=ORIENTED_EDGE('',*,*,#1811,.T.);
#1090=ORIENTED_EDGE('',*,*,#1810,.T.);
#1091=ORIENTED_EDGE('',*,*,#1809,.T.);
#1092=ORIENTED_EDGE('',*,*,#1842,.T.);
#1093=ORIENTED_EDGE('',*,*,#1843,.T.);
#1094=ORIENTED_EDGE('',*,*,#1844,.F.);
#1095=ORIENTED_EDGE('',*,*,#1845,.F.);
#1096=ORIENTED_EDGE('',*,*,#1846,.F.);
#1097=ORIENTED_EDGE('',*,*,#1847,.T.);
#1098=ORIENTED_EDGE('',*,*,#1761,.T.);
#1099=ORIENTED_EDGE('',*,*,#1805,.T.);
#1100=ORIENTED_EDGE('',*,*,#1804,.T.);
#1101=ORIENTED_EDGE('',*,*,#1803,.T.);
#1102=ORIENTED_EDGE('',*,*,#1848,.T.);
#1103=ORIENTED_EDGE('',*,*,#1849,.F.);
#1104=ORIENTED_EDGE('',*,*,#1850,.T.);
#1105=ORIENTED_EDGE('',*,*,#1851,.T.);
#1106=ORIENTED_EDGE('',*,*,#1852,.T.);
#1107=ORIENTED_EDGE('',*,*,#1853,.F.);
#1108=ORIENTED_EDGE('',*,*,#1854,.F.);
#1109=ORIENTED_EDGE('',*,*,#1808,.T.);
#1110=ORIENTED_EDGE('',*,*,#1855,.F.);
#1111=ORIENTED_EDGE('',*,*,#1856,.F.);
#1112=ORIENTED_EDGE('',*,*,#1857,.F.);
#1113=ORIENTED_EDGE('',*,*,#1858,.T.);
#1114=ORIENTED_EDGE('',*,*,#1859,.F.);
#1115=ORIENTED_EDGE('',*,*,#1832,.F.);
#1116=ORIENTED_EDGE('',*,*,#1860,.F.);
#1117=ORIENTED_EDGE('',*,*,#1848,.F.);
#1118=ORIENTED_EDGE('',*,*,#1861,.F.);
#1119=ORIENTED_EDGE('',*,*,#1858,.F.);
#1120=ORIENTED_EDGE('',*,*,#1796,.F.);
#1121=ORIENTED_EDGE('',*,*,#1862,.T.);
#1122=ORIENTED_EDGE('',*,*,#1863,.F.);
#1123=ORIENTED_EDGE('',*,*,#1864,.T.);
#1124=ORIENTED_EDGE('',*,*,#1795,.F.);
#1125=ORIENTED_EDGE('',*,*,#1865,.T.);
#1126=ORIENTED_EDGE('',*,*,#1866,.F.);
#1127=ORIENTED_EDGE('',*,*,#1862,.F.);
#1128=ORIENTED_EDGE('',*,*,#1794,.F.);
#1129=ORIENTED_EDGE('',*,*,#1782,.F.);
#1130=ORIENTED_EDGE('',*,*,#1780,.F.);
#1131=ORIENTED_EDGE('',*,*,#1778,.F.);
#1132=ORIENTED_EDGE('',*,*,#1755,.F.);
#1133=ORIENTED_EDGE('',*,*,#1836,.F.);
#1134=ORIENTED_EDGE('',*,*,#1867,.F.);
#1135=ORIENTED_EDGE('',*,*,#1840,.F.);
#1136=ORIENTED_EDGE('',*,*,#1758,.F.);
#1137=ORIENTED_EDGE('',*,*,#1777,.F.);
#1138=ORIENTED_EDGE('',*,*,#1775,.F.);
#1139=ORIENTED_EDGE('',*,*,#1773,.F.);
#1140=ORIENTED_EDGE('',*,*,#1799,.F.);
#1141=ORIENTED_EDGE('',*,*,#1743,.T.);
#1142=ORIENTED_EDGE('',*,*,#1793,.F.);
#1143=ORIENTED_EDGE('',*,*,#1868,.T.);
#1144=ORIENTED_EDGE('',*,*,#1768,.F.);
#1145=ORIENTED_EDGE('',*,*,#1869,.T.);
#1146=ORIENTED_EDGE('',*,*,#1785,.F.);
#1147=ORIENTED_EDGE('',*,*,#1870,.T.);
#1148=ORIENTED_EDGE('',*,*,#1871,.F.);
#1149=ORIENTED_EDGE('',*,*,#1865,.F.);
#1150=ORIENTED_EDGE('',*,*,#1797,.F.);
#1151=ORIENTED_EDGE('',*,*,#1864,.F.);
#1152=ORIENTED_EDGE('',*,*,#1872,.F.);
#1153=ORIENTED_EDGE('',*,*,#1870,.F.);
#1154=ORIENTED_EDGE('',*,*,#1784,.F.);
#1155=ORIENTED_EDGE('',*,*,#1738,.T.);
#1156=ORIENTED_EDGE('',*,*,#1873,.T.);
#1157=ORIENTED_EDGE('',*,*,#1874,.F.);
#1158=ORIENTED_EDGE('',*,*,#1875,.T.);
#1159=ORIENTED_EDGE('',*,*,#1740,.T.);
#1160=ORIENTED_EDGE('',*,*,#1786,.F.);
#1161=ORIENTED_EDGE('',*,*,#1869,.F.);
#1162=ORIENTED_EDGE('',*,*,#1767,.T.);
#1163=ORIENTED_EDGE('',*,*,#1788,.F.);
#1164=ORIENTED_EDGE('',*,*,#1791,.F.);
#1165=ORIENTED_EDGE('',*,*,#1770,.T.);
#1166=ORIENTED_EDGE('',*,*,#1876,.T.);
#1167=ORIENTED_EDGE('',*,*,#1877,.F.);
#1168=ORIENTED_EDGE('',*,*,#1873,.F.);
#1169=ORIENTED_EDGE('',*,*,#1766,.T.);
#1170=ORIENTED_EDGE('',*,*,#1790,.F.);
#1171=ORIENTED_EDGE('',*,*,#1769,.T.);
#1172=ORIENTED_EDGE('',*,*,#1868,.F.);
#1173=ORIENTED_EDGE('',*,*,#1792,.F.);
#1174=ORIENTED_EDGE('',*,*,#1745,.T.);
#1175=ORIENTED_EDGE('',*,*,#1878,.T.);
#1176=ORIENTED_EDGE('',*,*,#1879,.F.);
#1177=ORIENTED_EDGE('',*,*,#1876,.F.);
#1178=ORIENTED_EDGE('',*,*,#1798,.F.);
#1179=ORIENTED_EDGE('',*,*,#1875,.F.);
#1180=ORIENTED_EDGE('',*,*,#1880,.F.);
#1181=ORIENTED_EDGE('',*,*,#1878,.F.);
#1182=ORIENTED_EDGE('',*,*,#1881,.F.);
#1183=ORIENTED_EDGE('',*,*,#1882,.F.);
#1184=ORIENTED_EDGE('',*,*,#1883,.T.);
#1185=ORIENTED_EDGE('',*,*,#1884,.F.);
#1186=ORIENTED_EDGE('',*,*,#1852,.F.);
#1187=ORIENTED_EDGE('',*,*,#1807,.F.);
#1188=ORIENTED_EDGE('',*,*,#1806,.F.);
#1189=ORIENTED_EDGE('',*,*,#1802,.F.);
#1190=ORIENTED_EDGE('',*,*,#1885,.F.);
#1191=ORIENTED_EDGE('',*,*,#1800,.F.);
#1192=ORIENTED_EDGE('',*,*,#1847,.F.);
#1193=ORIENTED_EDGE('',*,*,#1886,.F.);
#1194=ORIENTED_EDGE('',*,*,#1887,.F.);
#1195=ORIENTED_EDGE('',*,*,#1888,.F.);
#1196=ORIENTED_EDGE('',*,*,#1812,.T.);
#1197=ORIENTED_EDGE('',*,*,#1813,.T.);
#1198=ORIENTED_EDGE('',*,*,#1889,.F.);
#1199=ORIENTED_EDGE('',*,*,#1890,.F.);
#1200=ORIENTED_EDGE('',*,*,#1814,.F.);
#1201=ORIENTED_EDGE('',*,*,#1815,.F.);
#1202=ORIENTED_EDGE('',*,*,#1891,.F.);
#1203=ORIENTED_EDGE('',*,*,#1892,.F.);
#1204=ORIENTED_EDGE('',*,*,#1816,.F.);
#1205=ORIENTED_EDGE('',*,*,#1817,.F.);
#1206=ORIENTED_EDGE('',*,*,#1893,.F.);
#1207=ORIENTED_EDGE('',*,*,#1894,.F.);
#1208=ORIENTED_EDGE('',*,*,#1818,.F.);
#1209=ORIENTED_EDGE('',*,*,#1819,.F.);
#1210=ORIENTED_EDGE('',*,*,#1895,.F.);
#1211=ORIENTED_EDGE('',*,*,#1896,.F.);
#1212=ORIENTED_EDGE('',*,*,#1820,.F.);
#1213=ORIENTED_EDGE('',*,*,#1821,.F.);
#1214=ORIENTED_EDGE('',*,*,#1897,.F.);
#1215=ORIENTED_EDGE('',*,*,#1898,.F.);
#1216=ORIENTED_EDGE('',*,*,#1822,.F.);
#1217=ORIENTED_EDGE('',*,*,#1823,.F.);
#1218=ORIENTED_EDGE('',*,*,#1899,.F.);
#1219=ORIENTED_EDGE('',*,*,#1900,.F.);
#1220=ORIENTED_EDGE('',*,*,#1824,.F.);
#1221=ORIENTED_EDGE('',*,*,#1825,.F.);
#1222=ORIENTED_EDGE('',*,*,#1901,.F.);
#1223=ORIENTED_EDGE('',*,*,#1902,.F.);
#1224=ORIENTED_EDGE('',*,*,#1828,.F.);
#1225=ORIENTED_EDGE('',*,*,#1903,.F.);
#1226=ORIENTED_EDGE('',*,*,#1904,.F.);
#1227=ORIENTED_EDGE('',*,*,#1905,.F.);
#1228=ORIENTED_EDGE('',*,*,#1906,.F.);
#1229=ORIENTED_EDGE('',*,*,#1829,.F.);
#1230=ORIENTED_EDGE('',*,*,#1830,.F.);
#1231=ORIENTED_EDGE('',*,*,#1906,.T.);
#1232=ORIENTED_EDGE('',*,*,#1907,.F.);
#1233=ORIENTED_EDGE('',*,*,#1908,.F.);
#1234=ORIENTED_EDGE('',*,*,#1909,.F.);
#1235=ORIENTED_EDGE('',*,*,#1903,.T.);
#1236=ORIENTED_EDGE('',*,*,#1827,.T.);
#1237=ORIENTED_EDGE('',*,*,#1826,.T.);
#1238=ORIENTED_EDGE('',*,*,#1910,.F.);
#1239=ORIENTED_EDGE('',*,*,#1911,.F.);
#1240=ORIENTED_EDGE('',*,*,#1886,.T.);
#1241=ORIENTED_EDGE('',*,*,#1912,.F.);
#1242=ORIENTED_EDGE('',*,*,#1846,.T.);
#1243=ORIENTED_EDGE('',*,*,#1845,.T.);
#1244=ORIENTED_EDGE('',*,*,#1844,.T.);
#1245=ORIENTED_EDGE('',*,*,#1913,.T.);
#1246=ORIENTED_EDGE('',*,*,#1914,.T.);
#1247=ORIENTED_EDGE('',*,*,#1915,.F.);
#1248=ORIENTED_EDGE('',*,*,#1916,.F.);
#1249=ORIENTED_EDGE('',*,*,#1912,.T.);
#1250=ORIENTED_EDGE('',*,*,#1860,.T.);
#1251=ORIENTED_EDGE('',*,*,#1917,.F.);
#1252=ORIENTED_EDGE('',*,*,#1918,.F.);
#1253=ORIENTED_EDGE('',*,*,#1849,.T.);
#1254=ORIENTED_EDGE('',*,*,#1831,.T.);
#1255=ORIENTED_EDGE('',*,*,#1919,.F.);
#1256=ORIENTED_EDGE('',*,*,#1920,.F.);
#1257=ORIENTED_EDGE('',*,*,#1917,.T.);
#1258=ORIENTED_EDGE('',*,*,#1921,.F.);
#1259=ORIENTED_EDGE('',*,*,#1922,.F.);
#1260=ORIENTED_EDGE('',*,*,#1923,.F.);
#1261=ORIENTED_EDGE('',*,*,#1924,.F.);
#1262=ORIENTED_EDGE('',*,*,#1925,.F.);
#1263=ORIENTED_EDGE('',*,*,#1919,.T.);
#1264=ORIENTED_EDGE('',*,*,#1926,.T.);
#1265=ORIENTED_EDGE('',*,*,#1927,.T.);
#1266=ORIENTED_EDGE('',*,*,#1928,.F.);
#1267=ORIENTED_EDGE('',*,*,#1857,.T.);
#1268=ORIENTED_EDGE('',*,*,#1929,.F.);
#1269=ORIENTED_EDGE('',*,*,#1930,.F.);
#1270=ORIENTED_EDGE('',*,*,#1931,.F.);
#1271=ORIENTED_EDGE('',*,*,#1932,.T.);
#1272=ORIENTED_EDGE('',*,*,#1833,.T.);
#1273=ORIENTED_EDGE('',*,*,#1859,.T.);
#1274=ORIENTED_EDGE('',*,*,#1841,.T.);
#1275=ORIENTED_EDGE('',*,*,#1867,.T.);
#1276=ORIENTED_EDGE('',*,*,#1835,.T.);
#1277=ORIENTED_EDGE('',*,*,#1839,.T.);
#1278=ORIENTED_EDGE('',*,*,#1933,.F.);
#1279=ORIENTED_EDGE('',*,*,#1934,.F.);
#1280=ORIENTED_EDGE('',*,*,#1843,.F.);
#1281=ORIENTED_EDGE('',*,*,#1935,.F.);
#1282=ORIENTED_EDGE('',*,*,#1936,.F.);
#1283=ORIENTED_EDGE('',*,*,#1937,.F.);
#1284=ORIENTED_EDGE('',*,*,#1850,.F.);
#1285=ORIENTED_EDGE('',*,*,#1938,.F.);
#1286=ORIENTED_EDGE('',*,*,#1842,.F.);
#1287=ORIENTED_EDGE('',*,*,#1854,.T.);
#1288=ORIENTED_EDGE('',*,*,#1884,.T.);
#1289=ORIENTED_EDGE('',*,*,#1939,.F.);
#1290=ORIENTED_EDGE('',*,*,#1940,.F.);
#1291=ORIENTED_EDGE('',*,*,#1853,.T.);
#1292=ORIENTED_EDGE('',*,*,#1941,.T.);
#1293=ORIENTED_EDGE('',*,*,#1942,.F.);
#1294=ORIENTED_EDGE('',*,*,#1943,.F.);
#1295=ORIENTED_EDGE('',*,*,#1939,.T.);
#1296=ORIENTED_EDGE('',*,*,#1944,.T.);
#1297=ORIENTED_EDGE('',*,*,#1945,.F.);
#1298=ORIENTED_EDGE('',*,*,#1946,.F.);
#1299=ORIENTED_EDGE('',*,*,#1947,.F.);
#1300=ORIENTED_EDGE('',*,*,#1948,.F.);
#1301=ORIENTED_EDGE('',*,*,#1949,.F.);
#1302=ORIENTED_EDGE('',*,*,#1950,.T.);
#1303=ORIENTED_EDGE('',*,*,#1855,.T.);
#1304=ORIENTED_EDGE('',*,*,#1951,.F.);
#1305=ORIENTED_EDGE('',*,*,#1952,.F.);
#1306=ORIENTED_EDGE('',*,*,#1945,.T.);
#1307=ORIENTED_EDGE('',*,*,#1851,.F.);
#1308=ORIENTED_EDGE('',*,*,#1953,.T.);
#1309=ORIENTED_EDGE('',*,*,#1954,.F.);
#1310=ORIENTED_EDGE('',*,*,#1951,.T.);
#1311=ORIENTED_EDGE('',*,*,#1861,.T.);
#1312=ORIENTED_EDGE('',*,*,#1941,.F.);
#1313=ORIENTED_EDGE('',*,*,#1883,.F.);
#1314=ORIENTED_EDGE('',*,*,#1955,.F.);
#1315=ORIENTED_EDGE('',*,*,#1956,.F.);
#1316=ORIENTED_EDGE('',*,*,#1957,.F.);
#1317=ORIENTED_EDGE('',*,*,#1958,.F.);
#1318=ORIENTED_EDGE('',*,*,#1959,.F.);
#1319=ORIENTED_EDGE('',*,*,#1960,.F.);
#1320=ORIENTED_EDGE('',*,*,#1961,.F.);
#1321=ORIENTED_EDGE('',*,*,#1942,.T.);
#1322=ORIENTED_EDGE('',*,*,#1962,.F.);
#1323=ORIENTED_EDGE('',*,*,#1963,.F.);
#1324=ORIENTED_EDGE('',*,*,#1801,.F.);
#1325=ORIENTED_EDGE('',*,*,#1885,.T.);
#1326=ORIENTED_EDGE('',*,*,#1964,.F.);
#1327=ORIENTED_EDGE('',*,*,#1965,.F.);
#1328=ORIENTED_EDGE('',*,*,#1966,.F.);
#1329=ORIENTED_EDGE('',*,*,#1955,.T.);
#1330=ORIENTED_EDGE('',*,*,#1882,.T.);
#1331=ORIENTED_EDGE('',*,*,#1881,.T.);
#1332=ORIENTED_EDGE('',*,*,#1879,.T.);
#1333=ORIENTED_EDGE('',*,*,#1880,.T.);
#1334=ORIENTED_EDGE('',*,*,#1874,.T.);
#1335=ORIENTED_EDGE('',*,*,#1877,.T.);
#1336=ORIENTED_EDGE('',*,*,#1871,.T.);
#1337=ORIENTED_EDGE('',*,*,#1872,.T.);
#1338=ORIENTED_EDGE('',*,*,#1863,.T.);
#1339=ORIENTED_EDGE('',*,*,#1866,.T.);
#1340=ORIENTED_EDGE('',*,*,#1908,.T.);
#1341=ORIENTED_EDGE('',*,*,#1907,.T.);
#1342=ORIENTED_EDGE('',*,*,#1905,.T.);
#1343=ORIENTED_EDGE('',*,*,#1904,.T.);
#1344=ORIENTED_EDGE('',*,*,#1909,.T.);
#1345=ORIENTED_EDGE('',*,*,#1901,.T.);
#1346=ORIENTED_EDGE('',*,*,#1902,.T.);
#1347=ORIENTED_EDGE('',*,*,#1899,.T.);
#1348=ORIENTED_EDGE('',*,*,#1900,.T.);
#1349=ORIENTED_EDGE('',*,*,#1897,.T.);
#1350=ORIENTED_EDGE('',*,*,#1898,.T.);
#1351=ORIENTED_EDGE('',*,*,#1895,.T.);
#1352=ORIENTED_EDGE('',*,*,#1896,.T.);
#1353=ORIENTED_EDGE('',*,*,#1893,.T.);
#1354=ORIENTED_EDGE('',*,*,#1894,.T.);
#1355=ORIENTED_EDGE('',*,*,#1891,.T.);
#1356=ORIENTED_EDGE('',*,*,#1892,.T.);
#1357=ORIENTED_EDGE('',*,*,#1967,.F.);
#1358=ORIENTED_EDGE('',*,*,#1890,.T.);
#1359=ORIENTED_EDGE('',*,*,#1889,.T.);
#1360=ORIENTED_EDGE('',*,*,#1968,.F.);
#1361=ORIENTED_EDGE('',*,*,#1964,.T.);
#1362=ORIENTED_EDGE('',*,*,#1888,.T.);
#1363=ORIENTED_EDGE('',*,*,#1887,.T.);
#1364=ORIENTED_EDGE('',*,*,#1911,.T.);
#1365=ORIENTED_EDGE('',*,*,#1969,.F.);
#1366=ORIENTED_EDGE('',*,*,#1924,.T.);
#1367=ORIENTED_EDGE('',*,*,#1970,.F.);
#1368=ORIENTED_EDGE('',*,*,#1910,.T.);
#1369=ORIENTED_EDGE('',*,*,#1916,.T.);
#1370=ORIENTED_EDGE('',*,*,#1915,.T.);
#1371=ORIENTED_EDGE('',*,*,#1914,.F.);
#1372=ORIENTED_EDGE('',*,*,#1913,.F.);
#1373=ORIENTED_EDGE('',*,*,#1934,.T.);
#1374=ORIENTED_EDGE('',*,*,#1933,.T.);
#1375=ORIENTED_EDGE('',*,*,#1918,.T.);
#1376=ORIENTED_EDGE('',*,*,#1920,.T.);
#1377=ORIENTED_EDGE('',*,*,#1925,.T.);
#1378=ORIENTED_EDGE('',*,*,#1921,.T.);
#1379=ORIENTED_EDGE('',*,*,#1928,.T.);
#1380=ORIENTED_EDGE('',*,*,#1927,.F.);
#1381=ORIENTED_EDGE('',*,*,#1926,.F.);
#1382=ORIENTED_EDGE('',*,*,#1834,.T.);
#1383=ORIENTED_EDGE('',*,*,#1932,.F.);
#1384=ORIENTED_EDGE('',*,*,#1931,.T.);
#1385=ORIENTED_EDGE('',*,*,#1971,.F.);
#1386=ORIENTED_EDGE('',*,*,#1972,.F.);
#1387=ORIENTED_EDGE('',*,*,#1973,.F.);
#1388=ORIENTED_EDGE('',*,*,#1923,.T.);
#1389=ORIENTED_EDGE('',*,*,#1922,.T.);
#1390=ORIENTED_EDGE('',*,*,#1974,.F.);
#1391=ORIENTED_EDGE('',*,*,#1975,.F.);
#1392=ORIENTED_EDGE('',*,*,#1976,.F.);
#1393=ORIENTED_EDGE('',*,*,#1972,.T.);
#1394=ORIENTED_EDGE('',*,*,#1971,.T.);
#1395=ORIENTED_EDGE('',*,*,#1930,.T.);
#1396=ORIENTED_EDGE('',*,*,#1977,.T.);
#1397=ORIENTED_EDGE('',*,*,#1978,.T.);
#1398=ORIENTED_EDGE('',*,*,#1979,.F.);
#1399=ORIENTED_EDGE('',*,*,#1974,.T.);
#1400=ORIENTED_EDGE('',*,*,#1979,.T.);
#1401=ORIENTED_EDGE('',*,*,#1978,.F.);
#1402=ORIENTED_EDGE('',*,*,#1977,.F.);
#1403=ORIENTED_EDGE('',*,*,#1929,.T.);
#1404=ORIENTED_EDGE('',*,*,#1856,.T.);
#1405=ORIENTED_EDGE('',*,*,#1944,.F.);
#1406=ORIENTED_EDGE('',*,*,#1950,.F.);
#1407=ORIENTED_EDGE('',*,*,#1949,.T.);
#1408=ORIENTED_EDGE('',*,*,#1948,.T.);
#1409=ORIENTED_EDGE('',*,*,#1947,.T.);
#1410=ORIENTED_EDGE('',*,*,#1980,.F.);
#1411=ORIENTED_EDGE('',*,*,#1975,.T.);
#1412=ORIENTED_EDGE('',*,*,#1954,.T.);
#1413=ORIENTED_EDGE('',*,*,#1953,.F.);
#1414=ORIENTED_EDGE('',*,*,#1937,.T.);
#1415=ORIENTED_EDGE('',*,*,#1936,.T.);
#1416=ORIENTED_EDGE('',*,*,#1935,.T.);
#1417=ORIENTED_EDGE('',*,*,#1938,.T.);
#1418=ORIENTED_EDGE('',*,*,#1940,.T.);
#1419=ORIENTED_EDGE('',*,*,#1943,.T.);
#1420=ORIENTED_EDGE('',*,*,#1961,.T.);
#1421=ORIENTED_EDGE('',*,*,#1960,.T.);
#1422=ORIENTED_EDGE('',*,*,#1981,.F.);
#1423=ORIENTED_EDGE('',*,*,#1946,.T.);
#1424=ORIENTED_EDGE('',*,*,#1952,.T.);
#1425=ORIENTED_EDGE('',*,*,#1957,.T.);
#1426=ORIENTED_EDGE('',*,*,#1963,.T.);
#1427=ORIENTED_EDGE('',*,*,#1962,.T.);
#1428=ORIENTED_EDGE('',*,*,#1956,.T.);
#1429=ORIENTED_EDGE('',*,*,#1966,.T.);
#1430=ORIENTED_EDGE('',*,*,#1982,.F.);
#1431=ORIENTED_EDGE('',*,*,#1983,.F.);
#1432=ORIENTED_EDGE('',*,*,#1984,.F.);
#1433=ORIENTED_EDGE('',*,*,#1959,.T.);
#1434=ORIENTED_EDGE('',*,*,#1958,.T.);
#1435=ORIENTED_EDGE('',*,*,#1968,.T.);
#1436=ORIENTED_EDGE('',*,*,#1985,.F.);
#1437=ORIENTED_EDGE('',*,*,#1983,.T.);
#1438=ORIENTED_EDGE('',*,*,#1982,.T.);
#1439=ORIENTED_EDGE('',*,*,#1965,.T.);
#1440=ORIENTED_EDGE('',*,*,#1967,.T.);
#1441=ORIENTED_EDGE('',*,*,#1986,.T.);
#1442=ORIENTED_EDGE('',*,*,#1980,.T.);
#1443=ORIENTED_EDGE('',*,*,#1981,.T.);
#1444=ORIENTED_EDGE('',*,*,#1984,.T.);
#1445=ORIENTED_EDGE('',*,*,#1985,.T.);
#1446=ORIENTED_EDGE('',*,*,#1969,.T.);
#1447=ORIENTED_EDGE('',*,*,#1970,.T.);
#1448=ORIENTED_EDGE('',*,*,#1973,.T.);
#1449=ORIENTED_EDGE('',*,*,#1976,.T.);
#1450=ORIENTED_EDGE('',*,*,#1987,.T.);
#1451=ORIENTED_EDGE('',*,*,#1986,.F.);
#1452=ORIENTED_EDGE('',*,*,#1988,.F.);
#1453=ORIENTED_EDGE('',*,*,#1987,.F.);
#1454=ORIENTED_EDGE('',*,*,#1989,.F.);
#1455=ORIENTED_EDGE('',*,*,#1988,.T.);
#1456=ORIENTED_EDGE('',*,*,#1990,.F.);
#1457=ORIENTED_EDGE('',*,*,#1989,.T.);
#1458=ORIENTED_EDGE('',*,*,#1991,.T.);
#1459=ORIENTED_EDGE('',*,*,#1992,.F.);
#1460=ORIENTED_EDGE('',*,*,#1990,.T.);
#1461=ORIENTED_EDGE('',*,*,#1993,.F.);
#1462=ORIENTED_EDGE('',*,*,#1991,.F.);
#1463=ORIENTED_EDGE('',*,*,#1992,.T.);
#1464=ORIENTED_EDGE('',*,*,#1993,.T.);
#1465=EDGE_CURVE('',#1994,#1995,#2364,.F.);
#1466=EDGE_CURVE('',#1995,#1996,#2365,.T.);
#1467=EDGE_CURVE('',#1996,#1997,#2366,.T.);
#1468=EDGE_CURVE('',#1997,#1994,#2367,.T.);
#1469=EDGE_CURVE('',#1998,#1999,#2368,.F.);
#1470=EDGE_CURVE('',#1999,#2000,#2369,.T.);
#1471=EDGE_CURVE('',#2000,#2001,#2370,.T.);
#1472=EDGE_CURVE('',#2001,#1998,#2371,.T.);
#1473=EDGE_CURVE('',#2002,#2003,#2372,.F.);
#1474=EDGE_CURVE('',#2003,#2004,#2373,.T.);
#1475=EDGE_CURVE('',#2004,#2005,#2374,.T.);
#1476=EDGE_CURVE('',#2005,#2002,#2375,.T.);
#1477=EDGE_CURVE('',#2006,#2007,#2376,.F.);
#1478=EDGE_CURVE('',#2007,#2008,#2377,.T.);
#1479=EDGE_CURVE('',#2008,#2009,#2378,.T.);
#1480=EDGE_CURVE('',#2009,#2006,#2379,.T.);
#1481=EDGE_CURVE('',#1997,#2010,#2380,.T.);
#1482=EDGE_CURVE('',#2010,#2011,#2381,.T.);
#1483=EDGE_CURVE('',#2011,#1994,#2382,.F.);
#1484=EDGE_CURVE('',#2011,#2012,#2383,.F.);
#1485=EDGE_CURVE('',#2012,#1995,#2384,.T.);
#1486=EDGE_CURVE('',#2012,#2013,#2385,.T.);
#1487=EDGE_CURVE('',#2013,#1996,#2386,.T.);
#1488=EDGE_CURVE('',#1996,#2014,#2387,.T.);
#1489=EDGE_CURVE('',#2015,#2014,#2388,.F.);
#1490=EDGE_CURVE('',#2015,#1997,#2389,.F.);
#1491=EDGE_CURVE('',#2001,#2016,#2390,.T.);
#1492=EDGE_CURVE('',#2016,#2017,#2391,.T.);
#1493=EDGE_CURVE('',#2017,#1998,#2392,.F.);
#1494=EDGE_CURVE('',#2017,#2018,#2393,.F.);
#1495=EDGE_CURVE('',#2018,#1999,#2394,.T.);
#1496=EDGE_CURVE('',#2018,#2019,#2395,.T.);
#1497=EDGE_CURVE('',#2019,#2000,#2396,.T.);
#1498=EDGE_CURVE('',#2000,#2020,#2397,.T.);
#1499=EDGE_CURVE('',#2021,#2020,#2398,.F.);
#1500=EDGE_CURVE('',#2021,#2001,#2399,.F.);
#1501=EDGE_CURVE('',#2005,#2022,#2400,.T.);
#1502=EDGE_CURVE('',#2022,#2023,#2401,.T.);
#1503=EDGE_CURVE('',#2023,#2002,#2402,.F.);
#1504=EDGE_CURVE('',#2023,#2024,#2403,.F.);
#1505=EDGE_CURVE('',#2024,#2003,#2404,.T.);
#1506=EDGE_CURVE('',#2024,#2025,#2405,.T.);
#1507=EDGE_CURVE('',#2025,#2004,#2406,.T.);
#1508=EDGE_CURVE('',#2004,#2026,#2407,.T.);
#1509=EDGE_CURVE('',#2027,#2026,#2408,.F.);
#1510=EDGE_CURVE('',#2027,#2005,#2409,.F.);
#1511=EDGE_CURVE('',#2009,#2028,#2410,.T.);
#1512=EDGE_CURVE('',#2028,#2029,#2411,.T.);
#1513=EDGE_CURVE('',#2029,#2006,#2412,.F.);
#1514=EDGE_CURVE('',#2029,#2030,#2413,.F.);
#1515=EDGE_CURVE('',#2030,#2007,#2414,.T.);
#1516=EDGE_CURVE('',#2030,#2031,#2415,.T.);
#1517=EDGE_CURVE('',#2031,#2008,#2416,.T.);
#1518=EDGE_CURVE('',#2008,#2032,#2417,.T.);
#1519=EDGE_CURVE('',#2033,#2032,#2418,.F.);
#1520=EDGE_CURVE('',#2033,#2009,#2419,.F.);
#1521=EDGE_CURVE('',#2034,#2035,#2420,.T.);
#1522=EDGE_CURVE('',#2036,#2034,#2421,.T.);
#1523=EDGE_CURVE('',#2037,#2036,#2422,.T.);
#1524=EDGE_CURVE('',#2037,#2035,#2423,.T.);
#1525=EDGE_CURVE('',#2038,#2039,#2424,.T.);
#1526=EDGE_CURVE('',#2040,#2038,#2425,.T.);
#1527=EDGE_CURVE('',#2041,#2040,#2426,.T.);
#1528=EDGE_CURVE('',#2041,#2039,#2427,.T.);
#1529=EDGE_CURVE('',#2042,#2015,#2428,.F.);
#1530=EDGE_CURVE('',#2042,#2010,#2429,.F.);
#1531=EDGE_CURVE('',#2010,#2013,#2430,.F.);
#1532=EDGE_CURVE('',#2013,#2043,#2431,.T.);
#1533=EDGE_CURVE('',#2014,#2043,#2432,.F.);
#1534=EDGE_CURVE('',#2044,#2021,#2433,.F.);
#1535=EDGE_CURVE('',#2044,#2016,#2434,.F.);
#1536=EDGE_CURVE('',#2016,#2019,#2435,.F.);
#1537=EDGE_CURVE('',#2019,#2045,#2436,.T.);
#1538=EDGE_CURVE('',#2020,#2045,#2437,.F.);
#1539=EDGE_CURVE('',#2046,#2027,#2438,.F.);
#1540=EDGE_CURVE('',#2046,#2022,#2439,.F.);
#1541=EDGE_CURVE('',#2022,#2025,#2440,.F.);
#1542=EDGE_CURVE('',#2025,#2047,#2441,.T.);
#1543=EDGE_CURVE('',#2026,#2047,#2442,.F.);
#1544=EDGE_CURVE('',#2048,#2033,#2443,.F.);
#1545=EDGE_CURVE('',#2048,#2028,#2444,.F.);
#1546=EDGE_CURVE('',#2028,#2031,#2445,.F.);
#1547=EDGE_CURVE('',#2031,#2049,#2446,.T.);
#1548=EDGE_CURVE('',#2032,#2049,#2447,.F.);
#1549=EDGE_CURVE('',#2050,#2051,#2448,.T.);
#1550=EDGE_CURVE('',#2052,#2050,#2449,.T.);
#1551=EDGE_CURVE('',#2053,#2052,#2450,.T.);
#1552=EDGE_CURVE('',#2053,#2051,#2451,.T.);
#1553=EDGE_CURVE('',#2054,#2055,#2452,.T.);
#1554=EDGE_CURVE('',#2056,#2054,#2453,.T.);
#1555=EDGE_CURVE('',#2057,#2056,#2454,.T.);
#1556=EDGE_CURVE('',#2057,#2055,#2455,.T.);
#1557=EDGE_CURVE('',#2058,#2059,#2456,.T.);
#1558=EDGE_CURVE('',#2034,#2058,#2457,.F.);
#1559=EDGE_CURVE('',#2035,#2059,#2458,.F.);
#1560=EDGE_CURVE('',#2036,#2060,#2459,.T.);
#1561=EDGE_CURVE('',#2060,#2058,#2460,.T.);
#1562=EDGE_CURVE('',#2061,#2060,#2461,.T.);
#1563=EDGE_CURVE('',#2061,#2037,#2462,.F.);
#1564=EDGE_CURVE('',#2037,#2062,#2463,.F.);
#1565=EDGE_CURVE('',#2063,#2062,#2464,.F.);
#1566=EDGE_CURVE('',#2063,#2035,#2465,.T.);
#1567=EDGE_CURVE('',#2064,#2065,#2466,.T.);
#1568=EDGE_CURVE('',#2038,#2064,#2467,.F.);
#1569=EDGE_CURVE('',#2039,#2065,#2468,.F.);
#1570=EDGE_CURVE('',#2040,#2066,#2469,.T.);
#1571=EDGE_CURVE('',#2066,#2064,#2470,.T.);
#1572=EDGE_CURVE('',#2067,#2066,#2471,.T.);
#1573=EDGE_CURVE('',#2067,#2041,#2472,.F.);
#1574=EDGE_CURVE('',#2041,#2068,#2473,.F.);
#1575=EDGE_CURVE('',#2069,#2068,#2474,.F.);
#1576=EDGE_CURVE('',#2069,#2039,#2475,.T.);
#1577=EDGE_CURVE('',#2070,#2071,#2476,.T.);
#1578=EDGE_CURVE('',#2070,#2072,#2477,.F.);
#1579=EDGE_CURVE('',#2072,#2073,#2478,.F.);
#1580=EDGE_CURVE('',#2073,#2074,#2479,.F.);
#1581=EDGE_CURVE('',#2074,#2075,#2480,.F.);
#1582=EDGE_CURVE('',#2075,#2071,#2481,.F.);
#1583=EDGE_CURVE('',#2076,#2077,#2482,.T.);
#1584=EDGE_CURVE('',#2077,#2078,#2483,.F.);
#1585=EDGE_CURVE('',#2078,#2079,#2484,.F.);
#1586=EDGE_CURVE('',#2079,#2080,#2485,.F.);
#1587=EDGE_CURVE('',#2081,#2080,#2486,.T.);
#1588=EDGE_CURVE('',#2081,#2076,#2487,.F.);
#1589=EDGE_CURVE('',#2042,#2043,#2488,.F.);
#1590=EDGE_CURVE('',#2044,#2045,#2489,.F.);
#1591=EDGE_CURVE('',#2046,#2047,#2490,.F.);
#1592=EDGE_CURVE('',#2048,#2049,#2491,.F.);
#1593=EDGE_CURVE('',#2082,#2083,#2492,.T.);
#1594=EDGE_CURVE('',#2050,#2082,#2493,.F.);
#1595=EDGE_CURVE('',#2051,#2083,#2494,.F.);
#1596=EDGE_CURVE('',#2052,#2084,#2495,.T.);
#1597=EDGE_CURVE('',#2084,#2082,#2496,.T.);
#1598=EDGE_CURVE('',#2085,#2084,#2497,.T.);
#1599=EDGE_CURVE('',#2085,#2053,#2498,.F.);
#1600=EDGE_CURVE('',#2053,#2086,#2499,.F.);
#1601=EDGE_CURVE('',#2087,#2086,#2500,.F.);
#1602=EDGE_CURVE('',#2087,#2051,#2501,.T.);
#1603=EDGE_CURVE('',#2088,#2089,#2502,.T.);
#1604=EDGE_CURVE('',#2054,#2088,#2503,.F.);
#1605=EDGE_CURVE('',#2055,#2089,#2504,.F.);
#1606=EDGE_CURVE('',#2056,#2090,#2505,.T.);
#1607=EDGE_CURVE('',#2090,#2088,#2506,.T.);
#1608=EDGE_CURVE('',#2091,#2090,#2507,.T.);
#1609=EDGE_CURVE('',#2091,#2057,#2508,.F.);
#1610=EDGE_CURVE('',#2057,#2092,#2509,.F.);
#1611=EDGE_CURVE('',#2093,#2092,#2510,.F.);
#1612=EDGE_CURVE('',#2093,#2055,#2511,.T.);
#1613=EDGE_CURVE('',#2094,#2063,#2512,.T.);
#1614=EDGE_CURVE('',#2094,#2059,#2513,.F.);
#1615=EDGE_CURVE('',#2059,#2061,#2514,.F.);
#1616=EDGE_CURVE('',#2061,#2095,#2515,.T.);
#1617=EDGE_CURVE('',#2062,#2095,#2516,.T.);
#1618=EDGE_CURVE('',#2096,#2069,#2517,.T.);
#1619=EDGE_CURVE('',#2096,#2065,#2518,.F.);
#1620=EDGE_CURVE('',#2065,#2067,#2519,.F.);
#1621=EDGE_CURVE('',#2067,#2097,#2520,.T.);
#1622=EDGE_CURVE('',#2068,#2097,#2521,.T.);
#1623=EDGE_CURVE('',#2098,#2099,#2522,.T.);
#1624=EDGE_CURVE('',#2099,#2100,#2523,.T.);
#1625=EDGE_CURVE('',#2100,#2101,#2524,.F.);
#1626=EDGE_CURVE('',#2101,#2102,#2525,.T.);
#1627=EDGE_CURVE('',#2103,#2102,#2526,.F.);
#1628=EDGE_CURVE('',#2103,#2104,#2527,.F.);
#1629=EDGE_CURVE('',#2104,#2105,#2528,.F.);
#1630=EDGE_CURVE('',#2105,#2070,#2529,.T.);
#1631=EDGE_CURVE('',#2071,#2098,#2530,.T.);
#1632=EDGE_CURVE('',#2106,#2072,#2531,.T.);
#1633=EDGE_CURVE('',#2105,#2106,#2532,.F.);
#1634=EDGE_CURVE('',#2107,#2073,#2533,.T.);
#1635=EDGE_CURVE('',#2106,#2107,#2534,.T.);
#1636=EDGE_CURVE('',#2108,#2109,#2535,.T.);
#1637=EDGE_CURVE('',#2108,#2110,#2536,.F.);
#1638=EDGE_CURVE('',#2110,#2111,#2537,.T.);
#1639=EDGE_CURVE('',#2111,#2112,#2538,.F.);
#1640=EDGE_CURVE('',#2112,#2113,#2539,.F.);
#1641=EDGE_CURVE('',#2113,#2081,#2540,.F.);
#1642=EDGE_CURVE('',#2080,#2114,#2541,.F.);
#1643=EDGE_CURVE('',#2114,#2115,#2542,.T.);
#1644=EDGE_CURVE('',#2115,#2109,#2543,.T.);
#1645=EDGE_CURVE('',#2116,#2079,#2544,.T.);
#1646=EDGE_CURVE('',#2078,#2117,#2545,.F.);
#1647=EDGE_CURVE('',#2117,#2116,#2546,.F.);
#1648=EDGE_CURVE('',#2116,#2114,#2547,.F.);
#1649=EDGE_CURVE('',#2118,#2075,#2548,.T.);
#1650=EDGE_CURVE('',#2074,#2119,#2549,.F.);
#1651=EDGE_CURVE('',#2119,#2118,#2550,.F.);
#1652=EDGE_CURVE('',#2118,#2120,#2551,.T.);
#1653=EDGE_CURVE('',#2121,#2120,#2552,.F.);
#1654=EDGE_CURVE('',#2121,#2098,#2553,.T.);
#1655=EDGE_CURVE('',#2122,#2076,#2554,.T.);
#1656=EDGE_CURVE('',#2113,#2123,#2555,.T.);
#1657=EDGE_CURVE('',#2124,#2123,#2556,.T.);
#1658=EDGE_CURVE('',#2124,#2122,#2557,.T.);
#1659=EDGE_CURVE('',#2125,#2077,#2558,.T.);
#1660=EDGE_CURVE('',#2122,#2125,#2559,.T.);
#1661=EDGE_CURVE('',#2109,#2103,#2560,.F.);
#1662=EDGE_CURVE('',#2115,#2117,#2561,.T.);
#1663=EDGE_CURVE('',#2125,#2119,#2562,.T.);
#1664=EDGE_CURVE('',#2107,#2104,#2563,.T.);
#1665=EDGE_CURVE('',#2126,#2087,#2564,.T.);
#1666=EDGE_CURVE('',#2126,#2083,#2565,.F.);
#1667=EDGE_CURVE('',#2083,#2085,#2566,.F.);
#1668=EDGE_CURVE('',#2085,#2127,#2567,.T.);
#1669=EDGE_CURVE('',#2086,#2127,#2568,.T.);
#1670=EDGE_CURVE('',#2128,#2093,#2569,.T.);
#1671=EDGE_CURVE('',#2128,#2089,#2570,.F.);
#1672=EDGE_CURVE('',#2089,#2091,#2571,.F.);
#1673=EDGE_CURVE('',#2091,#2129,#2572,.T.);
#1674=EDGE_CURVE('',#2092,#2129,#2573,.T.);
#1675=EDGE_CURVE('',#2121,#2130,#2574,.F.);
#1676=EDGE_CURVE('',#2130,#2099,#2575,.T.);
#1677=EDGE_CURVE('',#2130,#2131,#2576,.T.);
#1678=EDGE_CURVE('',#2131,#2100,#2577,.F.);
#1679=EDGE_CURVE('',#2131,#2132,#2578,.T.);
#1680=EDGE_CURVE('',#2101,#2132,#2579,.T.);
#1681=EDGE_CURVE('',#2102,#2108,#2580,.T.);
#1682=EDGE_CURVE('',#2112,#2133,#2581,.T.);
#1683=EDGE_CURVE('',#2133,#2123,#2582,.F.);
#1684=EDGE_CURVE('',#2110,#2134,#2583,.T.);
#1685=EDGE_CURVE('',#2134,#2135,#2584,.T.);
#1686=EDGE_CURVE('',#2135,#2111,#2585,.F.);
#1687=EDGE_CURVE('',#2135,#2133,#2586,.F.);
#1688=EDGE_CURVE('',#2095,#2094,#2587,.T.);
#1689=EDGE_CURVE('',#2097,#2096,#2588,.T.);
#1690=EDGE_CURVE('',#2124,#2136,#2589,.T.);
#1691=EDGE_CURVE('',#2137,#2136,#2590,.T.);
#1692=EDGE_CURVE('',#2137,#2120,#2591,.T.);
#1693=EDGE_CURVE('',#2127,#2126,#2592,.T.);
#1694=EDGE_CURVE('',#2129,#2128,#2593,.T.);
#1695=EDGE_CURVE('',#2138,#2137,#2594,.F.);
#1696=EDGE_CURVE('',#2138,#2139,#2595,.F.);
#1697=EDGE_CURVE('',#2139,#2132,#2596,.F.);
#1698=EDGE_CURVE('',#2139,#2140,#2597,.T.);
#1699=EDGE_CURVE('',#2140,#2134,#2598,.F.);
#1700=EDGE_CURVE('',#2140,#2141,#2599,.T.);
#1701=EDGE_CURVE('',#2136,#2141,#2600,.T.);
#1702=EDGE_CURVE('',#2141,#2138,#2601,.F.);
#1703=EDGE_CURVE('',#2142,#2143,#202,.T.);
#1704=EDGE_CURVE('',#2143,#2142,#203,.T.);
#1705=EDGE_CURVE('',#2144,#2145,#204,.T.);
#1706=EDGE_CURVE('',#2145,#2144,#205,.T.);
#1707=EDGE_CURVE('',#2146,#2147,#206,.F.);
#1708=EDGE_CURVE('',#2147,#2146,#207,.F.);
#1709=EDGE_CURVE('',#2148,#2149,#208,.F.);
#1710=EDGE_CURVE('',#2149,#2148,#209,.F.);
#1711=EDGE_CURVE('',#2150,#2151,#210,.F.);
#1712=EDGE_CURVE('',#2151,#2150,#211,.F.);
#1713=EDGE_CURVE('',#2152,#2153,#212,.T.);
#1714=EDGE_CURVE('',#2152,#2153,#2602,.F.);
#1715=EDGE_CURVE('',#2153,#2154,#2603,.F.);
#1716=EDGE_CURVE('',#2155,#2152,#2604,.T.);
#1717=EDGE_CURVE('',#2154,#2155,#2605,.F.);
#1718=EDGE_CURVE('',#2156,#2155,#213,.T.);
#1719=EDGE_CURVE('',#2157,#2156,#214,.T.);
#1720=EDGE_CURVE('',#2154,#2157,#215,.T.);
#1721=EDGE_CURVE('',#2158,#2159,#216,.F.);
#1722=EDGE_CURVE('',#2159,#2158,#217,.F.);
#1723=EDGE_CURVE('',#2160,#2161,#2606,.T.);
#1724=EDGE_CURVE('',#2162,#2161,#30,.T.);
#1725=EDGE_CURVE('',#2163,#2162,#31,.F.);
#1726=EDGE_CURVE('',#2163,#2160,#32,.F.);
#1727=EDGE_CURVE('',#2164,#2165,#2607,.T.);
#1728=EDGE_CURVE('',#2164,#2166,#33,.T.);
#1729=EDGE_CURVE('',#2166,#2167,#218,.T.);
#1730=EDGE_CURVE('',#2167,#2168,#219,.T.);
#1731=EDGE_CURVE('',#2168,#2169,#34,.T.);
#1732=EDGE_CURVE('',#2170,#2169,#2608,.F.);
#1733=EDGE_CURVE('',#2171,#2170,#220,.T.);
#1734=EDGE_CURVE('',#2165,#2171,#221,.T.);
#1735=EDGE_CURVE('',#2160,#2168,#222,.T.);
#1736=EDGE_CURVE('',#2166,#2172,#35,.F.);
#1737=EDGE_CURVE('',#2161,#2172,#223,.T.);
#1738=EDGE_CURVE('',#2173,#2174,#2609,.F.);
#1739=EDGE_CURVE('',#2173,#2175,#2610,.F.);
#1740=EDGE_CURVE('',#2176,#2175,#2611,.T.);
#1741=EDGE_CURVE('',#2174,#2176,#2612,.T.);
#1742=EDGE_CURVE('',#2177,#2178,#2613,.F.);
#1743=EDGE_CURVE('',#2179,#2178,#2614,.T.);
#1744=EDGE_CURVE('',#2180,#2179,#2615,.T.);
#1745=EDGE_CURVE('',#2177,#2180,#2616,.F.);
#1746=EDGE_CURVE('',#2172,#2181,#36,.T.);
#1747=EDGE_CURVE('',#2182,#2181,#2617,.F.);
#1748=EDGE_CURVE('',#2183,#2182,#224,.T.);
#1749=EDGE_CURVE('',#2162,#2183,#37,.T.);
#1750=EDGE_CURVE('',#2184,#2185,#225,.T.);
#1751=EDGE_CURVE('',#2185,#2184,#226,.T.);
#1752=EDGE_CURVE('',#2186,#2187,#2618,.F.);
#1753=EDGE_CURVE('',#2187,#2188,#2619,.F.);
#1754=EDGE_CURVE('',#2188,#2189,#2620,.F.);
#1755=EDGE_CURVE('',#2189,#2190,#227,.T.);
#1756=EDGE_CURVE('',#2165,#2190,#2621,.F.);
#1757=EDGE_CURVE('',#2191,#2170,#2622,.F.);
#1758=EDGE_CURVE('',#2191,#2186,#228,.T.);
#1759=EDGE_CURVE('',#2192,#2193,#38,.T.);
#1760=EDGE_CURVE('',#2194,#2192,#39,.F.);
#1761=EDGE_CURVE('',#2195,#2194,#40,.T.);
#1762=EDGE_CURVE('',#2196,#2195,#41,.T.);
#1763=EDGE_CURVE('',#2197,#2196,#42,.T.);
#1764=EDGE_CURVE('',#2198,#2197,#43,.T.);
#1765=EDGE_CURVE('',#2193,#2198,#44,.T.);
#1766=EDGE_CURVE('',#2199,#2200,#2623,.F.);
#1767=EDGE_CURVE('',#2201,#2199,#2624,.F.);
#1768=EDGE_CURVE('',#2201,#2202,#229,.F.);
#1769=EDGE_CURVE('',#2203,#2202,#2625,.T.);
#1770=EDGE_CURVE('',#2204,#2203,#2626,.F.);
#1771=EDGE_CURVE('',#2204,#2205,#230,.F.);
#1772=EDGE_CURVE('',#2205,#2200,#231,.F.);
#1773=EDGE_CURVE('',#2206,#2163,#45,.T.);
#1774=EDGE_CURVE('',#2206,#2183,#2627,.F.);
#1775=EDGE_CURVE('',#2163,#2207,#46,.T.);
#1776=EDGE_CURVE('',#2169,#2207,#47,.T.);
#1777=EDGE_CURVE('',#2207,#2191,#48,.T.);
#1778=EDGE_CURVE('',#2190,#2208,#49,.T.);
#1779=EDGE_CURVE('',#2208,#2164,#50,.T.);
#1780=EDGE_CURVE('',#2208,#2209,#232,.T.);
#1781=EDGE_CURVE('',#2181,#2209,#51,.T.);
#1782=EDGE_CURVE('',#2209,#2210,#52,.T.);
#1783=EDGE_CURVE('',#2182,#2210,#2628,.T.);
#1784=EDGE_CURVE('',#2173,#2211,#2629,.F.);
#1785=EDGE_CURVE('',#2211,#2212,#233,.T.);
#1786=EDGE_CURVE('',#2212,#2175,#2630,.T.);
#1787=EDGE_CURVE('',#2213,#2214,#234,.F.);
#1788=EDGE_CURVE('',#2213,#2215,#2631,.T.);
#1789=EDGE_CURVE('',#2215,#2214,#235,.T.);
#1790=EDGE_CURVE('',#2215,#2200,#53,.F.);
#1791=EDGE_CURVE('',#2204,#2213,#54,.F.);
#1792=EDGE_CURVE('',#2177,#2216,#2632,.F.);
#1793=EDGE_CURVE('',#2216,#2178,#236,.T.);
#1794=EDGE_CURVE('',#2210,#2217,#237,.T.);
#1795=EDGE_CURVE('',#2217,#2218,#2633,.F.);
#1796=EDGE_CURVE('',#2218,#2219,#2634,.F.);
#1797=EDGE_CURVE('',#2219,#2174,#2635,.T.);
#1798=EDGE_CURVE('',#2176,#2180,#2636,.F.);
#1799=EDGE_CURVE('',#2179,#2206,#238,.T.);
#1800=EDGE_CURVE('',#2195,#2220,#55,.F.);
#1801=EDGE_CURVE('',#2220,#2221,#56,.F.);
#1802=EDGE_CURVE('',#2221,#2192,#57,.T.);
#1803=EDGE_CURVE('',#2222,#2223,#58,.T.);
#1804=EDGE_CURVE('',#2224,#2222,#59,.T.);
#1805=EDGE_CURVE('',#2194,#2224,#60,.T.);
#1806=EDGE_CURVE('',#2192,#2225,#61,.F.);
#1807=EDGE_CURVE('',#2225,#2226,#62,.F.);
#1808=EDGE_CURVE('',#2227,#2226,#63,.F.);
#1809=EDGE_CURVE('',#2228,#2227,#64,.T.);
#1810=EDGE_CURVE('',#2229,#2228,#65,.T.);
#1811=EDGE_CURVE('',#2223,#2229,#66,.T.);
#1812=EDGE_CURVE('',#2230,#2231,#239,.T.);
#1813=EDGE_CURVE('',#2231,#2230,#240,.T.);
#1814=EDGE_CURVE('',#2232,#2233,#241,.T.);
#1815=EDGE_CURVE('',#2233,#2232,#242,.T.);
#1816=EDGE_CURVE('',#2234,#2235,#243,.T.);
#1817=EDGE_CURVE('',#2235,#2234,#244,.T.);
#1818=EDGE_CURVE('',#2236,#2237,#245,.T.);
#1819=EDGE_CURVE('',#2237,#2236,#246,.T.);
#1820=EDGE_CURVE('',#2238,#2239,#247,.T.);
#1821=EDGE_CURVE('',#2239,#2238,#248,.T.);
#1822=EDGE_CURVE('',#2240,#2241,#249,.T.);
#1823=EDGE_CURVE('',#2241,#2240,#250,.T.);
#1824=EDGE_CURVE('',#2242,#2243,#251,.T.);
#1825=EDGE_CURVE('',#2243,#2242,#252,.T.);
#1826=EDGE_CURVE('',#2244,#2245,#253,.F.);
#1827=EDGE_CURVE('',#2246,#2244,#254,.F.);
#1828=EDGE_CURVE('',#2246,#2247,#255,.T.);
#1829=EDGE_CURVE('',#2247,#2248,#256,.T.);
#1830=EDGE_CURVE('',#2248,#2245,#257,.T.);
#1831=EDGE_CURVE('',#2249,#2250,#67,.T.);
#1832=EDGE_CURVE('',#2249,#2251,#68,.T.);
#1833=EDGE_CURVE('',#2252,#2251,#2637,.T.);
#1834=EDGE_CURVE('',#2250,#2252,#69,.F.);
#1835=EDGE_CURVE('',#2253,#2254,#70,.F.);
#1836=EDGE_CURVE('',#2253,#2189,#71,.T.);
#1837=EDGE_CURVE('',#2188,#2254,#2638,.F.);
#1838=EDGE_CURVE('',#2187,#2255,#2639,.F.);
#1839=EDGE_CURVE('',#2254,#2255,#2640,.T.);
#1840=EDGE_CURVE('',#2186,#2256,#72,.T.);
#1841=EDGE_CURVE('',#2255,#2256,#73,.F.);
#1842=EDGE_CURVE('',#2227,#2257,#74,.T.);
#1843=EDGE_CURVE('',#2257,#2258,#2641,.T.);
#1844=EDGE_CURVE('',#2259,#2258,#75,.F.);
#1845=EDGE_CURVE('',#2260,#2259,#76,.F.);
#1846=EDGE_CURVE('',#2261,#2260,#77,.F.);
#1847=EDGE_CURVE('',#2261,#2195,#2642,.T.);
#1848=EDGE_CURVE('',#2262,#2263,#258,.F.);
#1849=EDGE_CURVE('',#2264,#2263,#78,.F.);
#1850=EDGE_CURVE('',#2264,#2265,#79,.T.);
#1851=EDGE_CURVE('',#2265,#2262,#80,.T.);
#1852=EDGE_CURVE('',#2226,#2266,#81,.F.);
#1853=EDGE_CURVE('',#2267,#2266,#82,.F.);
#1854=EDGE_CURVE('',#2227,#2267,#83,.F.);
#1855=EDGE_CURVE('',#2268,#2269,#84,.T.);
#1856=EDGE_CURVE('',#2270,#2268,#85,.F.);
#1857=EDGE_CURVE('',#2271,#2270,#86,.F.);
#1858=EDGE_CURVE('',#2271,#2269,#87,.T.);
#1859=EDGE_CURVE('',#2251,#2271,#259,.T.);
#1860=EDGE_CURVE('',#2263,#2249,#88,.F.);
#1861=EDGE_CURVE('',#2269,#2262,#89,.F.);
#1862=EDGE_CURVE('',#2218,#2272,#2643,.F.);
#1863=EDGE_CURVE('',#2273,#2272,#2644,.T.);
#1864=EDGE_CURVE('',#2273,#2219,#2645,.T.);
#1865=EDGE_CURVE('',#2217,#2274,#90,.T.);
#1866=EDGE_CURVE('',#2272,#2274,#2646,.T.);
#1867=EDGE_CURVE('',#2256,#2253,#260,.T.);
#1868=EDGE_CURVE('',#2216,#2202,#91,.F.);
#1869=EDGE_CURVE('',#2201,#2212,#92,.F.);
#1870=EDGE_CURVE('',#2211,#2275,#93,.F.);
#1871=EDGE_CURVE('',#2274,#2275,#261,.T.);
#1872=EDGE_CURVE('',#2275,#2273,#94,.F.);
#1873=EDGE_CURVE('',#2199,#2276,#2647,.F.);
#1874=EDGE_CURVE('',#2277,#2276,#2648,.F.);
#1875=EDGE_CURVE('',#2277,#2176,#2649,.F.);
#1876=EDGE_CURVE('',#2203,#2278,#2650,.T.);
#1877=EDGE_CURVE('',#2276,#2278,#2651,.F.);
#1878=EDGE_CURVE('',#2180,#2279,#2652,.T.);
#1879=EDGE_CURVE('',#2278,#2279,#2653,.T.);
#1880=EDGE_CURVE('',#2279,#2277,#2654,.T.);
#1881=EDGE_CURVE('',#2280,#2221,#262,.T.);
#1882=EDGE_CURVE('',#2281,#2280,#263,.T.);
#1883=EDGE_CURVE('',#2281,#2282,#2655,.F.);
#1884=EDGE_CURVE('',#2266,#2282,#95,.F.);
#1885=EDGE_CURVE('',#2220,#2283,#96,.F.);
#1886=EDGE_CURVE('',#2284,#2261,#97,.F.);
#1887=EDGE_CURVE('',#2285,#2284,#2656,.T.);
#1888=EDGE_CURVE('',#2283,#2285,#2657,.T.);
#1889=EDGE_CURVE('',#2286,#2287,#264,.T.);
#1890=EDGE_CURVE('',#2287,#2286,#265,.T.);
#1891=EDGE_CURVE('',#2288,#2289,#266,.F.);
#1892=EDGE_CURVE('',#2289,#2288,#267,.F.);
#1893=EDGE_CURVE('',#2290,#2291,#268,.F.);
#1894=EDGE_CURVE('',#2291,#2290,#269,.F.);
#1895=EDGE_CURVE('',#2292,#2293,#270,.F.);
#1896=EDGE_CURVE('',#2293,#2292,#271,.F.);
#1897=EDGE_CURVE('',#2294,#2295,#272,.F.);
#1898=EDGE_CURVE('',#2295,#2294,#273,.F.);
#1899=EDGE_CURVE('',#2296,#2297,#274,.F.);
#1900=EDGE_CURVE('',#2297,#2296,#275,.F.);
#1901=EDGE_CURVE('',#2298,#2299,#276,.F.);
#1902=EDGE_CURVE('',#2299,#2298,#277,.F.);
#1903=EDGE_CURVE('',#2300,#2246,#98,.F.);
#1904=EDGE_CURVE('',#2301,#2300,#278,.F.);
#1905=EDGE_CURVE('',#2302,#2301,#279,.F.);
#1906=EDGE_CURVE('',#2248,#2302,#99,.F.);
#1907=EDGE_CURVE('',#2303,#2302,#280,.F.);
#1908=EDGE_CURVE('',#2304,#2303,#281,.F.);
#1909=EDGE_CURVE('',#2300,#2304,#282,.F.);
#1910=EDGE_CURVE('',#2305,#2306,#100,.F.);
#1911=EDGE_CURVE('',#2284,#2305,#101,.F.);
#1912=EDGE_CURVE('',#2306,#2261,#102,.F.);
#1913=EDGE_CURVE('',#2258,#2307,#103,.F.);
#1914=EDGE_CURVE('',#2307,#2308,#104,.F.);
#1915=EDGE_CURVE('',#2309,#2308,#105,.T.);
#1916=EDGE_CURVE('',#2306,#2309,#106,.T.);
#1917=EDGE_CURVE('',#2310,#2249,#107,.T.);
#1918=EDGE_CURVE('',#2264,#2310,#108,.T.);
#1919=EDGE_CURVE('',#2311,#2250,#109,.F.);
#1920=EDGE_CURVE('',#2310,#2311,#110,.F.);
#1921=EDGE_CURVE('',#2312,#2313,#111,.T.);
#1922=EDGE_CURVE('',#2314,#2312,#112,.T.);
#1923=EDGE_CURVE('',#2315,#2314,#113,.T.);
#1924=EDGE_CURVE('',#2316,#2315,#114,.T.);
#1925=EDGE_CURVE('',#2311,#2316,#115,.T.);
#1926=EDGE_CURVE('',#2250,#2317,#116,.F.);
#1927=EDGE_CURVE('',#2317,#2318,#117,.F.);
#1928=EDGE_CURVE('',#2313,#2318,#118,.T.);
#1929=EDGE_CURVE('',#2319,#2270,#119,.F.);
#1930=EDGE_CURVE('',#2320,#2319,#120,.F.);
#1931=EDGE_CURVE('',#2321,#2320,#121,.F.);
#1932=EDGE_CURVE('',#2321,#2252,#122,.T.);
#1933=EDGE_CURVE('',#2322,#2264,#123,.T.);
#1934=EDGE_CURVE('',#2258,#2322,#124,.T.);
#1935=EDGE_CURVE('',#2323,#2257,#125,.T.);
#1936=EDGE_CURVE('',#2324,#2323,#126,.T.);
#1937=EDGE_CURVE('',#2265,#2324,#127,.T.);
#1938=EDGE_CURVE('',#2257,#2267,#128,.T.);
#1939=EDGE_CURVE('',#2325,#2282,#129,.T.);
#1940=EDGE_CURVE('',#2267,#2325,#130,.T.);
#1941=EDGE_CURVE('',#2282,#2326,#131,.T.);
#1942=EDGE_CURVE('',#2327,#2326,#132,.F.);
#1943=EDGE_CURVE('',#2325,#2327,#133,.F.);
#1944=EDGE_CURVE('',#2328,#2268,#134,.F.);
#1945=EDGE_CURVE('',#2329,#2268,#135,.T.);
#1946=EDGE_CURVE('',#2330,#2329,#136,.T.);
#1947=EDGE_CURVE('',#2331,#2330,#137,.T.);
#1948=EDGE_CURVE('',#2332,#2331,#138,.T.);
#1949=EDGE_CURVE('',#2333,#2332,#139,.T.);
#1950=EDGE_CURVE('',#2333,#2328,#140,.F.);
#1951=EDGE_CURVE('',#2334,#2269,#141,.F.);
#1952=EDGE_CURVE('',#2329,#2334,#142,.F.);
#1953=EDGE_CURVE('',#2265,#2335,#143,.F.);
#1954=EDGE_CURVE('',#2334,#2335,#144,.T.);
#1955=EDGE_CURVE('',#2336,#2281,#145,.F.);
#1956=EDGE_CURVE('',#2326,#2336,#146,.F.);
#1957=EDGE_CURVE('',#2337,#2338,#147,.T.);
#1958=EDGE_CURVE('',#2339,#2337,#148,.T.);
#1959=EDGE_CURVE('',#2340,#2339,#149,.T.);
#1960=EDGE_CURVE('',#2341,#2340,#150,.T.);
#1961=EDGE_CURVE('',#2327,#2341,#151,.T.);
#1962=EDGE_CURVE('',#2342,#2326,#152,.T.);
#1963=EDGE_CURVE('',#2338,#2342,#153,.T.);
#1964=EDGE_CURVE('',#2343,#2283,#154,.F.);
#1965=EDGE_CURVE('',#2344,#2343,#283,.F.);
#1966=EDGE_CURVE('',#2336,#2344,#10,.T.);
#1967=EDGE_CURVE('',#2345,#2345,#284,.T.);
#1968=EDGE_CURVE('',#2343,#2346,#155,.T.);
#1969=EDGE_CURVE('',#2346,#2305,#156,.F.);
#1970=EDGE_CURVE('',#2305,#2315,#285,.T.);
#1971=EDGE_CURVE('',#2347,#2320,#157,.F.);
#1972=EDGE_CURVE('',#2348,#2347,#158,.F.);
#1973=EDGE_CURVE('',#2315,#2348,#159,.F.);
#1974=EDGE_CURVE('',#2349,#2350,#160,.T.);
#1975=EDGE_CURVE('',#2351,#2349,#161,.T.);
#1976=EDGE_CURVE('',#2348,#2351,#286,.T.);
#1977=EDGE_CURVE('',#2319,#2352,#162,.F.);
#1978=EDGE_CURVE('',#2352,#2353,#163,.F.);
#1979=EDGE_CURVE('',#2350,#2353,#164,.T.);
#1980=EDGE_CURVE('',#2351,#2330,#165,.F.);
#1981=EDGE_CURVE('',#2330,#2340,#287,.T.);
#1982=EDGE_CURVE('',#2354,#2344,#166,.T.);
#1983=EDGE_CURVE('',#2355,#2354,#167,.F.);
#1984=EDGE_CURVE('',#2340,#2355,#168,.F.);
#1985=EDGE_CURVE('',#2355,#2346,#288,.T.);
#1986=EDGE_CURVE('',#2356,#2356,#289,.F.);
#1987=EDGE_CURVE('',#2357,#2357,#290,.F.);
#1988=EDGE_CURVE('',#2358,#2358,#291,.F.);
#1989=EDGE_CURVE('',#2359,#2359,#292,.T.);
#1990=EDGE_CURVE('',#2360,#2360,#293,.F.);
#1991=EDGE_CURVE('',#2361,#2361,#294,.F.);
#1992=EDGE_CURVE('',#2362,#2362,#295,.T.);
#1993=EDGE_CURVE('',#2363,#2363,#296,.F.);
#1994=VERTEX_POINT('',#5602);
#1995=VERTEX_POINT('',#5603);
#1996=VERTEX_POINT('',#5605);
#1997=VERTEX_POINT('',#5607);
#1998=VERTEX_POINT('',#5611);
#1999=VERTEX_POINT('',#5612);
#2000=VERTEX_POINT('',#5614);
#2001=VERTEX_POINT('',#5616);
#2002=VERTEX_POINT('',#5620);
#2003=VERTEX_POINT('',#5621);
#2004=VERTEX_POINT('',#5623);
#2005=VERTEX_POINT('',#5625);
#2006=VERTEX_POINT('',#5629);
#2007=VERTEX_POINT('',#5630);
#2008=VERTEX_POINT('',#5632);
#2009=VERTEX_POINT('',#5634);
#2010=VERTEX_POINT('',#5638);
#2011=VERTEX_POINT('',#5640);
#2012=VERTEX_POINT('',#5644);
#2013=VERTEX_POINT('',#5648);
#2014=VERTEX_POINT('',#5652);
#2015=VERTEX_POINT('',#5654);
#2016=VERTEX_POINT('',#5658);
#2017=VERTEX_POINT('',#5660);
#2018=VERTEX_POINT('',#5664);
#2019=VERTEX_POINT('',#5668);
#2020=VERTEX_POINT('',#5672);
#2021=VERTEX_POINT('',#5674);
#2022=VERTEX_POINT('',#5678);
#2023=VERTEX_POINT('',#5680);
#2024=VERTEX_POINT('',#5684);
#2025=VERTEX_POINT('',#5688);
#2026=VERTEX_POINT('',#5692);
#2027=VERTEX_POINT('',#5694);
#2028=VERTEX_POINT('',#5698);
#2029=VERTEX_POINT('',#5700);
#2030=VERTEX_POINT('',#5704);
#2031=VERTEX_POINT('',#5708);
#2032=VERTEX_POINT('',#5712);
#2033=VERTEX_POINT('',#5714);
#2034=VERTEX_POINT('',#5718);
#2035=VERTEX_POINT('',#5719);
#2036=VERTEX_POINT('',#5721);
#2037=VERTEX_POINT('',#5723);
#2038=VERTEX_POINT('',#5727);
#2039=VERTEX_POINT('',#5728);
#2040=VERTEX_POINT('',#5730);
#2041=VERTEX_POINT('',#5732);
#2042=VERTEX_POINT('',#5736);
#2043=VERTEX_POINT('',#5742);
#2044=VERTEX_POINT('',#5746);
#2045=VERTEX_POINT('',#5752);
#2046=VERTEX_POINT('',#5756);
#2047=VERTEX_POINT('',#5762);
#2048=VERTEX_POINT('',#5766);
#2049=VERTEX_POINT('',#5772);
#2050=VERTEX_POINT('',#5776);
#2051=VERTEX_POINT('',#5777);
#2052=VERTEX_POINT('',#5779);
#2053=VERTEX_POINT('',#5781);
#2054=VERTEX_POINT('',#5785);
#2055=VERTEX_POINT('',#5786);
#2056=VERTEX_POINT('',#5788);
#2057=VERTEX_POINT('',#5790);
#2058=VERTEX_POINT('',#5794);
#2059=VERTEX_POINT('',#5795);
#2060=VERTEX_POINT('',#5800);
#2061=VERTEX_POINT('',#5804);
#2062=VERTEX_POINT('',#5808);
#2063=VERTEX_POINT('',#5810);
#2064=VERTEX_POINT('',#5814);
#2065=VERTEX_POINT('',#5815);
#2066=VERTEX_POINT('',#5820);
#2067=VERTEX_POINT('',#5824);
#2068=VERTEX_POINT('',#5828);
#2069=VERTEX_POINT('',#5830);
#2070=VERTEX_POINT('',#5834);
#2071=VERTEX_POINT('',#5835);
#2072=VERTEX_POINT('',#5837);
#2073=VERTEX_POINT('',#5839);
#2074=VERTEX_POINT('',#5841);
#2075=VERTEX_POINT('',#5843);
#2076=VERTEX_POINT('',#5847);
#2077=VERTEX_POINT('',#5848);
#2078=VERTEX_POINT('',#5850);
#2079=VERTEX_POINT('',#5852);
#2080=VERTEX_POINT('',#5854);
#2081=VERTEX_POINT('',#5856);
#2082=VERTEX_POINT('',#5868);
#2083=VERTEX_POINT('',#5869);
#2084=VERTEX_POINT('',#5874);
#2085=VERTEX_POINT('',#5878);
#2086=VERTEX_POINT('',#5882);
#2087=VERTEX_POINT('',#5884);
#2088=VERTEX_POINT('',#5888);
#2089=VERTEX_POINT('',#5889);
#2090=VERTEX_POINT('',#5894);
#2091=VERTEX_POINT('',#5898);
#2092=VERTEX_POINT('',#5902);
#2093=VERTEX_POINT('',#5904);
#2094=VERTEX_POINT('',#5908);
#2095=VERTEX_POINT('',#5914);
#2096=VERTEX_POINT('',#5918);
#2097=VERTEX_POINT('',#5924);
#2098=VERTEX_POINT('',#5928);
#2099=VERTEX_POINT('',#5929);
#2100=VERTEX_POINT('',#5931);
#2101=VERTEX_POINT('',#5933);
#2102=VERTEX_POINT('',#5935);
#2103=VERTEX_POINT('',#5937);
#2104=VERTEX_POINT('',#5939);
#2105=VERTEX_POINT('',#5941);
#2106=VERTEX_POINT('',#5946);
#2107=VERTEX_POINT('',#5950);
#2108=VERTEX_POINT('',#5954);
#2109=VERTEX_POINT('',#5955);
#2110=VERTEX_POINT('',#5957);
#2111=VERTEX_POINT('',#5959);
#2112=VERTEX_POINT('',#5961);
#2113=VERTEX_POINT('',#5963);
#2114=VERTEX_POINT('',#5966);
#2115=VERTEX_POINT('',#5968);
#2116=VERTEX_POINT('',#5972);
#2117=VERTEX_POINT('',#5974);
#2118=VERTEX_POINT('',#5980);
#2119=VERTEX_POINT('',#5982);
#2120=VERTEX_POINT('',#5986);
#2121=VERTEX_POINT('',#5988);
#2122=VERTEX_POINT('',#5992);
#2123=VERTEX_POINT('',#5994);
#2124=VERTEX_POINT('',#5996);
#2125=VERTEX_POINT('',#6000);
#2126=VERTEX_POINT('',#6009);
#2127=VERTEX_POINT('',#6015);
#2128=VERTEX_POINT('',#6019);
#2129=VERTEX_POINT('',#6025);
#2130=VERTEX_POINT('',#6029);
#2131=VERTEX_POINT('',#6033);
#2132=VERTEX_POINT('',#6037);
#2133=VERTEX_POINT('',#6043);
#2134=VERTEX_POINT('',#6047);
#2135=VERTEX_POINT('',#6049);
#2136=VERTEX_POINT('',#6059);
#2137=VERTEX_POINT('',#6061);
#2138=VERTEX_POINT('',#6069);
#2139=VERTEX_POINT('',#6071);
#2140=VERTEX_POINT('',#6075);
#2141=VERTEX_POINT('',#6079);
#2142=VERTEX_POINT('',#6087);
#2143=VERTEX_POINT('',#6088);
#2144=VERTEX_POINT('',#6092);
#2145=VERTEX_POINT('',#6093);
#2146=VERTEX_POINT('',#6097);
#2147=VERTEX_POINT('',#6098);
#2148=VERTEX_POINT('',#6102);
#2149=VERTEX_POINT('',#6103);
#2150=VERTEX_POINT('',#6107);
#2151=VERTEX_POINT('',#6108);
#2152=VERTEX_POINT('',#6112);
#2153=VERTEX_POINT('',#6113);
#2154=VERTEX_POINT('',#6117);
#2155=VERTEX_POINT('',#6119);
#2156=VERTEX_POINT('',#6123);
#2157=VERTEX_POINT('',#6125);
#2158=VERTEX_POINT('',#6129);
#2159=VERTEX_POINT('',#6130);
#2160=VERTEX_POINT('',#6134);
#2161=VERTEX_POINT('',#6135);
#2162=VERTEX_POINT('',#6141);
#2163=VERTEX_POINT('',#6146);
#2164=VERTEX_POINT('',#6153);
#2165=VERTEX_POINT('',#6154);
#2166=VERTEX_POINT('',#6159);
#2167=VERTEX_POINT('',#6161);
#2168=VERTEX_POINT('',#6163);
#2169=VERTEX_POINT('',#6168);
#2170=VERTEX_POINT('',#6170);
#2171=VERTEX_POINT('',#6172);
#2172=VERTEX_POINT('',#6206);
#2173=VERTEX_POINT('',#6210);
#2174=VERTEX_POINT('',#6211);
#2175=VERTEX_POINT('',#6213);
#2176=VERTEX_POINT('',#6215);
#2177=VERTEX_POINT('',#6219);
#2178=VERTEX_POINT('',#6220);
#2179=VERTEX_POINT('',#6222);
#2180=VERTEX_POINT('',#6224);
#2181=VERTEX_POINT('',#6231);
#2182=VERTEX_POINT('',#6233);
#2183=VERTEX_POINT('',#6235);
#2184=VERTEX_POINT('',#6242);
#2185=VERTEX_POINT('',#6243);
#2186=VERTEX_POINT('',#6247);
#2187=VERTEX_POINT('',#6248);
#2188=VERTEX_POINT('',#6250);
#2189=VERTEX_POINT('',#6252);
#2190=VERTEX_POINT('',#6254);
#2191=VERTEX_POINT('',#6257);
#2192=VERTEX_POINT('',#6303);
#2193=VERTEX_POINT('',#6304);
#2194=VERTEX_POINT('',#6310);
#2195=VERTEX_POINT('',#6320);
#2196=VERTEX_POINT('',#6325);
#2197=VERTEX_POINT('',#6330);
#2198=VERTEX_POINT('',#6335);
#2199=VERTEX_POINT('',#6342);
#2200=VERTEX_POINT('',#6343);
#2201=VERTEX_POINT('',#6345);
#2202=VERTEX_POINT('',#6347);
#2203=VERTEX_POINT('',#6349);
#2204=VERTEX_POINT('',#6351);
#2205=VERTEX_POINT('',#6353);
#2206=VERTEX_POINT('',#6360);
#2207=VERTEX_POINT('',#6368);
#2208=VERTEX_POINT('',#6383);
#2209=VERTEX_POINT('',#6390);
#2210=VERTEX_POINT('',#6400);
#2211=VERTEX_POINT('',#6404);
#2212=VERTEX_POINT('',#6406);
#2213=VERTEX_POINT('',#6410);
#2214=VERTEX_POINT('',#6411);
#2215=VERTEX_POINT('',#6413);
#2216=VERTEX_POINT('',#6426);
#2217=VERTEX_POINT('',#6430);
#2218=VERTEX_POINT('',#6432);
#2219=VERTEX_POINT('',#6434);
#2220=VERTEX_POINT('',#6443);
#2221=VERTEX_POINT('',#6449);
#2222=VERTEX_POINT('',#6530);
#2223=VERTEX_POINT('',#6531);
#2224=VERTEX_POINT('',#6536);
#2225=VERTEX_POINT('',#6557);
#2226=VERTEX_POINT('',#6562);
#2227=VERTEX_POINT('',#6568);
#2228=VERTEX_POINT('',#6573);
#2229=VERTEX_POINT('',#6578);
#2230=VERTEX_POINT('',#6586);
#2231=VERTEX_POINT('',#6587);
#2232=VERTEX_POINT('',#6591);
#2233=VERTEX_POINT('',#6592);
#2234=VERTEX_POINT('',#6596);
#2235=VERTEX_POINT('',#6597);
#2236=VERTEX_POINT('',#6601);
#2237=VERTEX_POINT('',#6602);
#2238=VERTEX_POINT('',#6606);
#2239=VERTEX_POINT('',#6607);
#2240=VERTEX_POINT('',#6611);
#2241=VERTEX_POINT('',#6612);
#2242=VERTEX_POINT('',#6616);
#2243=VERTEX_POINT('',#6617);
#2244=VERTEX_POINT('',#6621);
#2245=VERTEX_POINT('',#6622);
#2246=VERTEX_POINT('',#6624);
#2247=VERTEX_POINT('',#6626);
#2248=VERTEX_POINT('',#6628);
#2249=VERTEX_POINT('',#6635);
#2250=VERTEX_POINT('',#6636);
#2251=VERTEX_POINT('',#6641);
#2252=VERTEX_POINT('',#6643);
#2253=VERTEX_POINT('',#6653);
#2254=VERTEX_POINT('',#6654);
#2255=VERTEX_POINT('',#6662);
#2256=VERTEX_POINT('',#6669);
#2257=VERTEX_POINT('',#6679);
#2258=VERTEX_POINT('',#6681);
#2259=VERTEX_POINT('',#6686);
#2260=VERTEX_POINT('',#6691);
#2261=VERTEX_POINT('',#6703);
#2262=VERTEX_POINT('',#6707);
#2263=VERTEX_POINT('',#6708);
#2264=VERTEX_POINT('',#6714);
#2265=VERTEX_POINT('',#6722);
#2266=VERTEX_POINT('',#6752);
#2267=VERTEX_POINT('',#6758);
#2268=VERTEX_POINT('',#6768);
#2269=VERTEX_POINT('',#6769);
#2270=VERTEX_POINT('',#6774);
#2271=VERTEX_POINT('',#6779);
#2272=VERTEX_POINT('',#6803);
#2273=VERTEX_POINT('',#6805);
#2274=VERTEX_POINT('',#6812);
#2275=VERTEX_POINT('',#6828);
#2276=VERTEX_POINT('',#6837);
#2277=VERTEX_POINT('',#6839);
#2278=VERTEX_POINT('',#6843);
#2279=VERTEX_POINT('',#6847);
#2280=VERTEX_POINT('',#6853);
#2281=VERTEX_POINT('',#6855);
#2282=VERTEX_POINT('',#6857);
#2283=VERTEX_POINT('',#6867);
#2284=VERTEX_POINT('',#6872);
#2285=VERTEX_POINT('',#6874);
#2286=VERTEX_POINT('',#6878);
#2287=VERTEX_POINT('',#6879);
#2288=VERTEX_POINT('',#6883);
#2289=VERTEX_POINT('',#6884);
#2290=VERTEX_POINT('',#6888);
#2291=VERTEX_POINT('',#6889);
#2292=VERTEX_POINT('',#6893);
#2293=VERTEX_POINT('',#6894);
#2294=VERTEX_POINT('',#6898);
#2295=VERTEX_POINT('',#6899);
#2296=VERTEX_POINT('',#6903);
#2297=VERTEX_POINT('',#6904);
#2298=VERTEX_POINT('',#6908);
#2299=VERTEX_POINT('',#6909);
#2300=VERTEX_POINT('',#6916);
#2301=VERTEX_POINT('',#6918);
#2302=VERTEX_POINT('',#6920);
#2303=VERTEX_POINT('',#6927);
#2304=VERTEX_POINT('',#6929);
#2305=VERTEX_POINT('',#6936);
#2306=VERTEX_POINT('',#6937);
#2307=VERTEX_POINT('',#7009);
#2308=VERTEX_POINT('',#7014);
#2309=VERTEX_POINT('',#7024);
#2310=VERTEX_POINT('',#7066);
#2311=VERTEX_POINT('',#7082);
#2312=VERTEX_POINT('',#7131);
#2313=VERTEX_POINT('',#7132);
#2314=VERTEX_POINT('',#7137);
#2315=VERTEX_POINT('',#7142);
#2316=VERTEX_POINT('',#7147);
#2317=VERTEX_POINT('',#7159);
#2318=VERTEX_POINT('',#7164);
#2319=VERTEX_POINT('',#7174);
#2320=VERTEX_POINT('',#7179);
#2321=VERTEX_POINT('',#7184);
#2322=VERTEX_POINT('',#7194);
#2323=VERTEX_POINT('',#7203);
#2324=VERTEX_POINT('',#7211);
#2325=VERTEX_POINT('',#7278);
#2326=VERTEX_POINT('',#7288);
#2327=VERTEX_POINT('',#7294);
#2328=VERTEX_POINT('',#7343);
#2329=VERTEX_POINT('',#7349);
#2330=VERTEX_POINT('',#7359);
#2331=VERTEX_POINT('',#7364);
#2332=VERTEX_POINT('',#7369);
#2333=VERTEX_POINT('',#7374);
#2334=VERTEX_POINT('',#7385);
#2335=VERTEX_POINT('',#7430);
#2336=VERTEX_POINT('',#7440);
#2337=VERTEX_POINT('',#7489);
#2338=VERTEX_POINT('',#7490);
#2339=VERTEX_POINT('',#7495);
#2340=VERTEX_POINT('',#7500);
#2341=VERTEX_POINT('',#7505);
#2342=VERTEX_POINT('',#7517);
#2343=VERTEX_POINT('',#7527);
#2344=VERTEX_POINT('',#7529);
#2345=VERTEX_POINT('',#7533);
#2346=VERTEX_POINT('',#7540);
#2347=VERTEX_POINT('',#7552);
#2348=VERTEX_POINT('',#7562);
#2349=VERTEX_POINT('',#7572);
#2350=VERTEX_POINT('',#7573);
#2351=VERTEX_POINT('',#7578);
#2352=VERTEX_POINT('',#7584);
#2353=VERTEX_POINT('',#7589);
#2354=VERTEX_POINT('',#7606);
#2355=VERTEX_POINT('',#7613);
#2356=VERTEX_POINT('',#7622);
#2357=VERTEX_POINT('',#7625);
#2358=VERTEX_POINT('',#7628);
#2359=VERTEX_POINT('',#7631);
#2360=VERTEX_POINT('',#7634);
#2361=VERTEX_POINT('',#7637);
#2362=VERTEX_POINT('',#7640);
#2363=VERTEX_POINT('',#7643);
#2364=LINE('',#5601,#2658);
#2365=LINE('',#5604,#2659);
#2366=LINE('',#5606,#2660);
#2367=LINE('',#5608,#2661);
#2368=LINE('',#5610,#2662);
#2369=LINE('',#5613,#2663);
#2370=LINE('',#5615,#2664);
#2371=LINE('',#5617,#2665);
#2372=LINE('',#5619,#2666);
#2373=LINE('',#5622,#2667);
#2374=LINE('',#5624,#2668);
#2375=LINE('',#5626,#2669);
#2376=LINE('',#5628,#2670);
#2377=LINE('',#5631,#2671);
#2378=LINE('',#5633,#2672);
#2379=LINE('',#5635,#2673);
#2380=LINE('',#5637,#2674);
#2381=LINE('',#5639,#2675);
#2382=LINE('',#5641,#2676);
#2383=LINE('',#5643,#2677);
#2384=LINE('',#5645,#2678);
#2385=LINE('',#5647,#2679);
#2386=LINE('',#5649,#2680);
#2387=LINE('',#5651,#2681);
#2388=LINE('',#5653,#2682);
#2389=LINE('',#5655,#2683);
#2390=LINE('',#5657,#2684);
#2391=LINE('',#5659,#2685);
#2392=LINE('',#5661,#2686);
#2393=LINE('',#5663,#2687);
#2394=LINE('',#5665,#2688);
#2395=LINE('',#5667,#2689);
#2396=LINE('',#5669,#2690);
#2397=LINE('',#5671,#2691);
#2398=LINE('',#5673,#2692);
#2399=LINE('',#5675,#2693);
#2400=LINE('',#5677,#2694);
#2401=LINE('',#5679,#2695);
#2402=LINE('',#5681,#2696);
#2403=LINE('',#5683,#2697);
#2404=LINE('',#5685,#2698);
#2405=LINE('',#5687,#2699);
#2406=LINE('',#5689,#2700);
#2407=LINE('',#5691,#2701);
#2408=LINE('',#5693,#2702);
#2409=LINE('',#5695,#2703);
#2410=LINE('',#5697,#2704);
#2411=LINE('',#5699,#2705);
#2412=LINE('',#5701,#2706);
#2413=LINE('',#5703,#2707);
#2414=LINE('',#5705,#2708);
#2415=LINE('',#5707,#2709);
#2416=LINE('',#5709,#2710);
#2417=LINE('',#5711,#2711);
#2418=LINE('',#5713,#2712);
#2419=LINE('',#5715,#2713);
#2420=LINE('',#5717,#2714);
#2421=LINE('',#5720,#2715);
#2422=LINE('',#5722,#2716);
#2423=LINE('',#5724,#2717);
#2424=LINE('',#5726,#2718);
#2425=LINE('',#5729,#2719);
#2426=LINE('',#5731,#2720);
#2427=LINE('',#5733,#2721);
#2428=LINE('',#5735,#2722);
#2429=LINE('',#5737,#2723);
#2430=LINE('',#5739,#2724);
#2431=LINE('',#5741,#2725);
#2432=LINE('',#5743,#2726);
#2433=LINE('',#5745,#2727);
#2434=LINE('',#5747,#2728);
#2435=LINE('',#5749,#2729);
#2436=LINE('',#5751,#2730);
#2437=LINE('',#5753,#2731);
#2438=LINE('',#5755,#2732);
#2439=LINE('',#5757,#2733);
#2440=LINE('',#5759,#2734);
#2441=LINE('',#5761,#2735);
#2442=LINE('',#5763,#2736);
#2443=LINE('',#5765,#2737);
#2444=LINE('',#5767,#2738);
#2445=LINE('',#5769,#2739);
#2446=LINE('',#5771,#2740);
#2447=LINE('',#5773,#2741);
#2448=LINE('',#5775,#2742);
#2449=LINE('',#5778,#2743);
#2450=LINE('',#5780,#2744);
#2451=LINE('',#5782,#2745);
#2452=LINE('',#5784,#2746);
#2453=LINE('',#5787,#2747);
#2454=LINE('',#5789,#2748);
#2455=LINE('',#5791,#2749);
#2456=LINE('',#5793,#2750);
#2457=LINE('',#5796,#2751);
#2458=LINE('',#5797,#2752);
#2459=LINE('',#5799,#2753);
#2460=LINE('',#5801,#2754);
#2461=LINE('',#5803,#2755);
#2462=LINE('',#5805,#2756);
#2463=LINE('',#5807,#2757);
#2464=LINE('',#5809,#2758);
#2465=LINE('',#5811,#2759);
#2466=LINE('',#5813,#2760);
#2467=LINE('',#5816,#2761);
#2468=LINE('',#5817,#2762);
#2469=LINE('',#5819,#2763);
#2470=LINE('',#5821,#2764);
#2471=LINE('',#5823,#2765);
#2472=LINE('',#5825,#2766);
#2473=LINE('',#5827,#2767);
#2474=LINE('',#5829,#2768);
#2475=LINE('',#5831,#2769);
#2476=LINE('',#5833,#2770);
#2477=LINE('',#5836,#2771);
#2478=LINE('',#5838,#2772);
#2479=LINE('',#5840,#2773);
#2480=LINE('',#5842,#2774);
#2481=LINE('',#5844,#2775);
#2482=LINE('',#5846,#2776);
#2483=LINE('',#5849,#2777);
#2484=LINE('',#5851,#2778);
#2485=LINE('',#5853,#2779);
#2486=LINE('',#5855,#2780);
#2487=LINE('',#5857,#2781);
#2488=LINE('',#5859,#2782);
#2489=LINE('',#5861,#2783);
#2490=LINE('',#5863,#2784);
#2491=LINE('',#5865,#2785);
#2492=LINE('',#5867,#2786);
#2493=LINE('',#5870,#2787);
#2494=LINE('',#5871,#2788);
#2495=LINE('',#5873,#2789);
#2496=LINE('',#5875,#2790);
#2497=LINE('',#5877,#2791);
#2498=LINE('',#5879,#2792);
#2499=LINE('',#5881,#2793);
#2500=LINE('',#5883,#2794);
#2501=LINE('',#5885,#2795);
#2502=LINE('',#5887,#2796);
#2503=LINE('',#5890,#2797);
#2504=LINE('',#5891,#2798);
#2505=LINE('',#5893,#2799);
#2506=LINE('',#5895,#2800);
#2507=LINE('',#5897,#2801);
#2508=LINE('',#5899,#2802);
#2509=LINE('',#5901,#2803);
#2510=LINE('',#5903,#2804);
#2511=LINE('',#5905,#2805);
#2512=LINE('',#5907,#2806);
#2513=LINE('',#5909,#2807);
#2514=LINE('',#5911,#2808);
#2515=LINE('',#5913,#2809);
#2516=LINE('',#5915,#2810);
#2517=LINE('',#5917,#2811);
#2518=LINE('',#5919,#2812);
#2519=LINE('',#5921,#2813);
#2520=LINE('',#5923,#2814);
#2521=LINE('',#5925,#2815);
#2522=LINE('',#5927,#2816);
#2523=LINE('',#5930,#2817);
#2524=LINE('',#5932,#2818);
#2525=LINE('',#5934,#2819);
#2526=LINE('',#5936,#2820);
#2527=LINE('',#5938,#2821);
#2528=LINE('',#5940,#2822);
#2529=LINE('',#5942,#2823);
#2530=LINE('',#5943,#2824);
#2531=LINE('',#5945,#2825);
#2532=LINE('',#5947,#2826);
#2533=LINE('',#5949,#2827);
#2534=LINE('',#5951,#2828);
#2535=LINE('',#5953,#2829);
#2536=LINE('',#5956,#2830);
#2537=LINE('',#5958,#2831);
#2538=LINE('',#5960,#2832);
#2539=LINE('',#5962,#2833);
#2540=LINE('',#5964,#2834);
#2541=LINE('',#5965,#2835);
#2542=LINE('',#5967,#2836);
#2543=LINE('',#5969,#2837);
#2544=LINE('',#5971,#2838);
#2545=LINE('',#5973,#2839);
#2546=LINE('',#5975,#2840);
#2547=LINE('',#5977,#2841);
#2548=LINE('',#5979,#2842);
#2549=LINE('',#5981,#2843);
#2550=LINE('',#5983,#2844);
#2551=LINE('',#5985,#2845);
#2552=LINE('',#5987,#2846);
#2553=LINE('',#5989,#2847);
#2554=LINE('',#5991,#2848);
#2555=LINE('',#5993,#2849);
#2556=LINE('',#5995,#2850);
#2557=LINE('',#5997,#2851);
#2558=LINE('',#5999,#2852);
#2559=LINE('',#6001,#2853);
#2560=LINE('',#6003,#2854);
#2561=LINE('',#6004,#2855);
#2562=LINE('',#6005,#2856);
#2563=LINE('',#6006,#2857);
#2564=LINE('',#6008,#2858);
#2565=LINE('',#6010,#2859);
#2566=LINE('',#6012,#2860);
#2567=LINE('',#6014,#2861);
#2568=LINE('',#6016,#2862);
#2569=LINE('',#6018,#2863);
#2570=LINE('',#6020,#2864);
#2571=LINE('',#6022,#2865);
#2572=LINE('',#6024,#2866);
#2573=LINE('',#6026,#2867);
#2574=LINE('',#6028,#2868);
#2575=LINE('',#6030,#2869);
#2576=LINE('',#6032,#2870);
#2577=LINE('',#6034,#2871);
#2578=LINE('',#6036,#2872);
#2579=LINE('',#6038,#2873);
#2580=LINE('',#6040,#2874);
#2581=LINE('',#6042,#2875);
#2582=LINE('',#6044,#2876);
#2583=LINE('',#6046,#2877);
#2584=LINE('',#6048,#2878);
#2585=LINE('',#6050,#2879);
#2586=LINE('',#6052,#2880);
#2587=LINE('',#6054,#2881);
#2588=LINE('',#6056,#2882);
#2589=LINE('',#6058,#2883);
#2590=LINE('',#6060,#2884);
#2591=LINE('',#6062,#2885);
#2592=LINE('',#6064,#2886);
#2593=LINE('',#6066,#2887);
#2594=LINE('',#6068,#2888);
#2595=LINE('',#6070,#2889);
#2596=LINE('',#6072,#2890);
#2597=LINE('',#6074,#2891);
#2598=LINE('',#6076,#2892);
#2599=LINE('',#6078,#2893);
#2600=LINE('',#6080,#2894);
#2601=LINE('',#6082,#2895);
#2602=LINE('',#6114,#2896);
#2603=LINE('',#6116,#2897);
#2604=LINE('',#6118,#2898);
#2605=LINE('',#6120,#2899);
#2606=LINE('',#6133,#2900);
#2607=LINE('',#6152,#2901);
#2608=LINE('',#6169,#2902);
#2609=LINE('',#6209,#2903);
#2610=LINE('',#6212,#2904);
#2611=LINE('',#6214,#2905);
#2612=LINE('',#6216,#2906);
#2613=LINE('',#6218,#2907);
#2614=LINE('',#6221,#2908);
#2615=LINE('',#6223,#2909);
#2616=LINE('',#6225,#2910);
#2617=LINE('',#6232,#2911);
#2618=LINE('',#6246,#2912);
#2619=LINE('',#6249,#2913);
#2620=LINE('',#6251,#2914);
#2621=LINE('',#6255,#2915);
#2622=LINE('',#6256,#2916);
#2623=LINE('',#6341,#2917);
#2624=LINE('',#6344,#2918);
#2625=LINE('',#6348,#2919);
#2626=LINE('',#6350,#2920);
#2627=LINE('',#6361,#2921);
#2628=LINE('',#6401,#2922);
#2629=LINE('',#6403,#2923);
#2630=LINE('',#6407,#2924);
#2631=LINE('',#6412,#2925);
#2632=LINE('',#6425,#2926);
#2633=LINE('',#6431,#2927);
#2634=LINE('',#6433,#2928);
#2635=LINE('',#6435,#2929);
#2636=LINE('',#6436,#2930);
#2637=LINE('',#6642,#2931);
#2638=LINE('',#6659,#2932);
#2639=LINE('',#6661,#2933);
#2640=LINE('',#6663,#2934);
#2641=LINE('',#6680,#2935);
#2642=LINE('',#6704,#2936);
#2643=LINE('',#6802,#2937);
#2644=LINE('',#6804,#2938);
#2645=LINE('',#6806,#2939);
#2646=LINE('',#6813,#2940);
#2647=LINE('',#6836,#2941);
#2648=LINE('',#6838,#2942);
#2649=LINE('',#6840,#2943);
#2650=LINE('',#6842,#2944);
#2651=LINE('',#6844,#2945);
#2652=LINE('',#6846,#2946);
#2653=LINE('',#6848,#2947);
#2654=LINE('',#6850,#2948);
#2655=LINE('',#6856,#2949);
#2656=LINE('',#6873,#2950);
#2657=LINE('',#6875,#2951);
#2658=VECTOR('',#4735,1.);
#2659=VECTOR('',#4736,1.);
#2660=VECTOR('',#4737,1.);
#2661=VECTOR('',#4738,1.);
#2662=VECTOR('',#4741,1.);
#2663=VECTOR('',#4742,1.);
#2664=VECTOR('',#4743,1.);
#2665=VECTOR('',#4744,1.);
#2666=VECTOR('',#4747,1.);
#2667=VECTOR('',#4748,1.);
#2668=VECTOR('',#4749,1.);
#2669=VECTOR('',#4750,1.);
#2670=VECTOR('',#4753,1.);
#2671=VECTOR('',#4754,1.);
#2672=VECTOR('',#4755,1.);
#2673=VECTOR('',#4756,1.);
#2674=VECTOR('',#4759,1.);
#2675=VECTOR('',#4760,1.);
#2676=VECTOR('',#4761,1.);
#2677=VECTOR('',#4764,1.);
#2678=VECTOR('',#4765,1.);
#2679=VECTOR('',#4768,1.);
#2680=VECTOR('',#4769,1.);
#2681=VECTOR('',#4772,1.);
#2682=VECTOR('',#4773,1.);
#2683=VECTOR('',#4774,1.);
#2684=VECTOR('',#4777,1.);
#2685=VECTOR('',#4778,1.);
#2686=VECTOR('',#4779,1.);
#2687=VECTOR('',#4782,1.);
#2688=VECTOR('',#4783,1.);
#2689=VECTOR('',#4786,1.);
#2690=VECTOR('',#4787,1.);
#2691=VECTOR('',#4790,1.);
#2692=VECTOR('',#4791,1.);
#2693=VECTOR('',#4792,1.);
#2694=VECTOR('',#4795,1.);
#2695=VECTOR('',#4796,1.);
#2696=VECTOR('',#4797,1.);
#2697=VECTOR('',#4800,1.);
#2698=VECTOR('',#4801,1.);
#2699=VECTOR('',#4804,1.);
#2700=VECTOR('',#4805,1.);
#2701=VECTOR('',#4808,1.);
#2702=VECTOR('',#4809,1.);
#2703=VECTOR('',#4810,1.);
#2704=VECTOR('',#4813,1.);
#2705=VECTOR('',#4814,1.);
#2706=VECTOR('',#4815,1.);
#2707=VECTOR('',#4818,1.);
#2708=VECTOR('',#4819,1.);
#2709=VECTOR('',#4822,1.);
#2710=VECTOR('',#4823,1.);
#2711=VECTOR('',#4826,1.);
#2712=VECTOR('',#4827,1.);
#2713=VECTOR('',#4828,1.);
#2714=VECTOR('',#4831,1.);
#2715=VECTOR('',#4832,1.);
#2716=VECTOR('',#4833,1.);
#2717=VECTOR('',#4834,1.);
#2718=VECTOR('',#4837,1.);
#2719=VECTOR('',#4838,1.);
#2720=VECTOR('',#4839,1.);
#2721=VECTOR('',#4840,1.);
#2722=VECTOR('',#4843,1.);
#2723=VECTOR('',#4844,1.);
#2724=VECTOR('',#4847,1.);
#2725=VECTOR('',#4850,1.);
#2726=VECTOR('',#4851,1.);
#2727=VECTOR('',#4854,1.);
#2728=VECTOR('',#4855,1.);
#2729=VECTOR('',#4858,1.);
#2730=VECTOR('',#4861,1.);
#2731=VECTOR('',#4862,1.);
#2732=VECTOR('',#4865,1.);
#2733=VECTOR('',#4866,1.);
#2734=VECTOR('',#4869,1.);
#2735=VECTOR('',#4872,1.);
#2736=VECTOR('',#4873,1.);
#2737=VECTOR('',#4876,1.);
#2738=VECTOR('',#4877,1.);
#2739=VECTOR('',#4880,1.);
#2740=VECTOR('',#4883,1.);
#2741=VECTOR('',#4884,1.);
#2742=VECTOR('',#4887,1.);
#2743=VECTOR('',#4888,1.);
#2744=VECTOR('',#4889,1.);
#2745=VECTOR('',#4890,1.);
#2746=VECTOR('',#4893,1.);
#2747=VECTOR('',#4894,1.);
#2748=VECTOR('',#4895,1.);
#2749=VECTOR('',#4896,1.);
#2750=VECTOR('',#4899,1.);
#2751=VECTOR('',#4900,1.);
#2752=VECTOR('',#4901,1.);
#2753=VECTOR('',#4904,1.);
#2754=VECTOR('',#4905,1.);
#2755=VECTOR('',#4908,1.);
#2756=VECTOR('',#4909,1.);
#2757=VECTOR('',#4912,1.);
#2758=VECTOR('',#4913,1.);
#2759=VECTOR('',#4914,1.);
#2760=VECTOR('',#4917,1.);
#2761=VECTOR('',#4918,1.);
#2762=VECTOR('',#4919,1.);
#2763=VECTOR('',#4922,1.);
#2764=VECTOR('',#4923,1.);
#2765=VECTOR('',#4926,1.);
#2766=VECTOR('',#4927,1.);
#2767=VECTOR('',#4930,1.);
#2768=VECTOR('',#4931,1.);
#2769=VECTOR('',#4932,1.);
#2770=VECTOR('',#4935,1.);
#2771=VECTOR('',#4936,1.);
#2772=VECTOR('',#4937,1.);
#2773=VECTOR('',#4938,1.);
#2774=VECTOR('',#4939,1.);
#2775=VECTOR('',#4940,1.);
#2776=VECTOR('',#4943,1.);
#2777=VECTOR('',#4944,1.);
#2778=VECTOR('',#4945,1.);
#2779=VECTOR('',#4946,1.);
#2780=VECTOR('',#4947,1.);
#2781=VECTOR('',#4948,1.);
#2782=VECTOR('',#4951,1.);
#2783=VECTOR('',#4954,1.);
#2784=VECTOR('',#4957,1.);
#2785=VECTOR('',#4960,1.);
#2786=VECTOR('',#4963,1.);
#2787=VECTOR('',#4964,1.);
#2788=VECTOR('',#4965,1.);
#2789=VECTOR('',#4968,1.);
#2790=VECTOR('',#4969,1.);
#2791=VECTOR('',#4972,1.);
#2792=VECTOR('',#4973,1.);
#2793=VECTOR('',#4976,1.);
#2794=VECTOR('',#4977,1.);
#2795=VECTOR('',#4978,1.);
#2796=VECTOR('',#4981,1.);
#2797=VECTOR('',#4982,1.);
#2798=VECTOR('',#4983,1.);
#2799=VECTOR('',#4986,1.);
#2800=VECTOR('',#4987,1.);
#2801=VECTOR('',#4990,1.);
#2802=VECTOR('',#4991,1.);
#2803=VECTOR('',#4994,1.);
#2804=VECTOR('',#4995,1.);
#2805=VECTOR('',#4996,1.);
#2806=VECTOR('',#4999,1.);
#2807=VECTOR('',#5000,1.);
#2808=VECTOR('',#5003,1.);
#2809=VECTOR('',#5006,1.);
#2810=VECTOR('',#5007,1.);
#2811=VECTOR('',#5010,1.);
#2812=VECTOR('',#5011,1.);
#2813=VECTOR('',#5014,1.);
#2814=VECTOR('',#5017,1.);
#2815=VECTOR('',#5018,1.);
#2816=VECTOR('',#5021,1.);
#2817=VECTOR('',#5022,1.);
#2818=VECTOR('',#5023,1.);
#2819=VECTOR('',#5024,1.);
#2820=VECTOR('',#5025,1.);
#2821=VECTOR('',#5026,1.);
#2822=VECTOR('',#5027,1.);
#2823=VECTOR('',#5028,1.);
#2824=VECTOR('',#5029,1.);
#2825=VECTOR('',#5032,1.);
#2826=VECTOR('',#5033,1.);
#2827=VECTOR('',#5036,1.);
#2828=VECTOR('',#5037,1.);
#2829=VECTOR('',#5040,1.);
#2830=VECTOR('',#5041,1.);
#2831=VECTOR('',#5042,1.);
#2832=VECTOR('',#5043,1.);
#2833=VECTOR('',#5044,1.);
#2834=VECTOR('',#5045,1.);
#2835=VECTOR('',#5046,1.);
#2836=VECTOR('',#5047,1.);
#2837=VECTOR('',#5048,1.);
#2838=VECTOR('',#5051,1.);
#2839=VECTOR('',#5052,1.);
#2840=VECTOR('',#5053,1.);
#2841=VECTOR('',#5056,1.);
#2842=VECTOR('',#5059,1.);
#2843=VECTOR('',#5060,1.);
#2844=VECTOR('',#5061,1.);
#2845=VECTOR('',#5064,1.);
#2846=VECTOR('',#5065,1.);
#2847=VECTOR('',#5066,1.);
#2848=VECTOR('',#5069,1.);
#2849=VECTOR('',#5070,1.);
#2850=VECTOR('',#5071,1.);
#2851=VECTOR('',#5072,1.);
#2852=VECTOR('',#5075,1.);
#2853=VECTOR('',#5076,1.);
#2854=VECTOR('',#5079,1.);
#2855=VECTOR('',#5080,1.);
#2856=VECTOR('',#5081,1.);
#2857=VECTOR('',#5082,1.);
#2858=VECTOR('',#5085,1.);
#2859=VECTOR('',#5086,1.);
#2860=VECTOR('',#5089,1.);
#2861=VECTOR('',#5092,1.);
#2862=VECTOR('',#5093,1.);
#2863=VECTOR('',#5096,1.);
#2864=VECTOR('',#5097,1.);
#2865=VECTOR('',#5100,1.);
#2866=VECTOR('',#5103,1.);
#2867=VECTOR('',#5104,1.);
#2868=VECTOR('',#5107,1.);
#2869=VECTOR('',#5108,1.);
#2870=VECTOR('',#5111,1.);
#2871=VECTOR('',#5112,1.);
#2872=VECTOR('',#5115,1.);
#2873=VECTOR('',#5116,1.);
#2874=VECTOR('',#5119,1.);
#2875=VECTOR('',#5122,1.);
#2876=VECTOR('',#5123,1.);
#2877=VECTOR('',#5126,1.);
#2878=VECTOR('',#5127,1.);
#2879=VECTOR('',#5128,1.);
#2880=VECTOR('',#5131,1.);
#2881=VECTOR('',#5134,1.);
#2882=VECTOR('',#5137,1.);
#2883=VECTOR('',#5140,1.);
#2884=VECTOR('',#5141,1.);
#2885=VECTOR('',#5142,1.);
#2886=VECTOR('',#5145,1.);
#2887=VECTOR('',#5148,1.);
#2888=VECTOR('',#5151,1.);
#2889=VECTOR('',#5152,1.);
#2890=VECTOR('',#5153,1.);
#2891=VECTOR('',#5156,1.);
#2892=VECTOR('',#5157,1.);
#2893=VECTOR('',#5160,1.);
#2894=VECTOR('',#5161,1.);
#2895=VECTOR('',#5164,1.);
#2896=VECTOR('',#5203,1.);
#2897=VECTOR('',#5206,1.);
#2898=VECTOR('',#5207,1.);
#2899=VECTOR('',#5208,1.);
#2900=VECTOR('',#5225,1.);
#2901=VECTOR('',#5228,1.);
#2902=VECTOR('',#5233,1.);
#2903=VECTOR('',#5246,1.);
#2904=VECTOR('',#5247,1.);
#2905=VECTOR('',#5248,1.);
#2906=VECTOR('',#5249,1.);
#2907=VECTOR('',#5252,1.);
#2908=VECTOR('',#5253,1.);
#2909=VECTOR('',#5254,1.);
#2910=VECTOR('',#5255,1.);
#2911=VECTOR('',#5258,1.);
#2912=VECTOR('',#5269,1.);
#2913=VECTOR('',#5270,1.);
#2914=VECTOR('',#5271,1.);
#2915=VECTOR('',#5274,1.);
#2916=VECTOR('',#5275,1.);
#2917=VECTOR('',#5280,1.);
#2918=VECTOR('',#5281,1.);
#2919=VECTOR('',#5284,1.);
#2920=VECTOR('',#5285,1.);
#2921=VECTOR('',#5292,1.);
#2922=VECTOR('',#5305,1.);
#2923=VECTOR('',#5308,1.);
#2924=VECTOR('',#5311,1.);
#2925=VECTOR('',#5316,1.);
#2926=VECTOR('',#5323,1.);
#2927=VECTOR('',#5330,1.);
#2928=VECTOR('',#5331,1.);
#2929=VECTOR('',#5332,1.);
#2930=VECTOR('',#5333,1.);
#2931=VECTOR('',#5394,1.);
#2932=VECTOR('',#5397,1.);
#2933=VECTOR('',#5400,1.);
#2934=VECTOR('',#5401,1.);
#2935=VECTOR('',#5406,1.);
#2936=VECTOR('',#5407,1.);
#2937=VECTOR('',#5420,1.);
#2938=VECTOR('',#5421,1.);
#2939=VECTOR('',#5422,1.);
#2940=VECTOR('',#5425,1.);
#2941=VECTOR('',#5436,1.);
#2942=VECTOR('',#5437,1.);
#2943=VECTOR('',#5438,1.);
#2944=VECTOR('',#5441,1.);
#2945=VECTOR('',#5442,1.);
#2946=VECTOR('',#5445,1.);
#2947=VECTOR('',#5446,1.);
#2948=VECTOR('',#5449,1.);
#2949=VECTOR('',#5456,1.);
#2950=VECTOR('',#5459,1.);
#2951=VECTOR('',#5460,1.);
#2952=EDGE_LOOP('',(#407,#408,#409,#410));
#2953=EDGE_LOOP('',(#411,#412,#413,#414));
#2954=EDGE_LOOP('',(#415,#416,#417,#418));
#2955=EDGE_LOOP('',(#419,#420,#421,#422));
#2956=EDGE_LOOP('',(#423,#424,#425,#426));
#2957=EDGE_LOOP('',(#427,#428,#429,#430));
#2958=EDGE_LOOP('',(#431,#432,#433,#434));
#2959=EDGE_LOOP('',(#435,#436,#437,#438));
#2960=EDGE_LOOP('',(#439,#440,#441,#442));
#2961=EDGE_LOOP('',(#443,#444,#445,#446));
#2962=EDGE_LOOP('',(#447,#448,#449,#450));
#2963=EDGE_LOOP('',(#451,#452,#453,#454));
#2964=EDGE_LOOP('',(#455,#456,#457,#458));
#2965=EDGE_LOOP('',(#459,#460,#461,#462));
#2966=EDGE_LOOP('',(#463,#464,#465,#466));
#2967=EDGE_LOOP('',(#467,#468,#469,#470));
#2968=EDGE_LOOP('',(#471,#472,#473,#474));
#2969=EDGE_LOOP('',(#475,#476,#477,#478));
#2970=EDGE_LOOP('',(#479,#480,#481,#482));
#2971=EDGE_LOOP('',(#483,#484,#485,#486));
#2972=EDGE_LOOP('',(#487,#488,#489,#490));
#2973=EDGE_LOOP('',(#491,#492,#493,#494));
#2974=EDGE_LOOP('',(#495,#496,#497,#498));
#2975=EDGE_LOOP('',(#499,#500,#501,#502));
#2976=EDGE_LOOP('',(#503,#504,#505,#506));
#2977=EDGE_LOOP('',(#507,#508,#509,#510));
#2978=EDGE_LOOP('',(#511,#512,#513,#514));
#2979=EDGE_LOOP('',(#515,#516,#517,#518));
#2980=EDGE_LOOP('',(#519,#520,#521,#522));
#2981=EDGE_LOOP('',(#523,#524,#525,#526));
#2982=EDGE_LOOP('',(#527,#528,#529,#530));
#2983=EDGE_LOOP('',(#531,#532,#533,#534));
#2984=EDGE_LOOP('',(#535,#536,#537,#538));
#2985=EDGE_LOOP('',(#539,#540,#541,#542));
#2986=EDGE_LOOP('',(#543,#544,#545,#546));
#2987=EDGE_LOOP('',(#547,#548,#549,#550));
#2988=EDGE_LOOP('',(#551,#552,#553,#554));
#2989=EDGE_LOOP('',(#555,#556,#557,#558));
#2990=EDGE_LOOP('',(#559,#560,#561,#562));
#2991=EDGE_LOOP('',(#563,#564,#565,#566));
#2992=EDGE_LOOP('',(#567,#568,#569,#570));
#2993=EDGE_LOOP('',(#571,#572,#573,#574));
#2994=EDGE_LOOP('',(#575,#576,#577,#578));
#2995=EDGE_LOOP('',(#579,#580,#581,#582));
#2996=EDGE_LOOP('',(#583,#584,#585,#586,#587,#588));
#2997=EDGE_LOOP('',(#589,#590,#591,#592,#593,#594));
#2998=EDGE_LOOP('',(#595,#596,#597,#598));
#2999=EDGE_LOOP('',(#599,#600,#601,#602));
#3000=EDGE_LOOP('',(#603,#604,#605,#606));
#3001=EDGE_LOOP('',(#607,#608,#609,#610));
#3002=EDGE_LOOP('',(#611,#612,#613,#614));
#3003=EDGE_LOOP('',(#615,#616,#617,#618));
#3004=EDGE_LOOP('',(#619,#620,#621,#622));
#3005=EDGE_LOOP('',(#623,#624,#625,#626));
#3006=EDGE_LOOP('',(#627,#628,#629,#630));
#3007=EDGE_LOOP('',(#631,#632,#633,#634));
#3008=EDGE_LOOP('',(#635,#636,#637,#638));
#3009=EDGE_LOOP('',(#639,#640,#641,#642));
#3010=EDGE_LOOP('',(#643,#644,#645,#646));
#3011=EDGE_LOOP('',(#647,#648,#649,#650));
#3012=EDGE_LOOP('',(#651,#652,#653,#654));
#3013=EDGE_LOOP('',(#655,#656,#657,#658));
#3014=EDGE_LOOP('',(#659,#660,#661,#662));
#3015=EDGE_LOOP('',(#663,#664,#665,#666));
#3016=EDGE_LOOP('',(#667,#668,#669,#670,#671,#672,#673,#674,#675,#676));
#3017=EDGE_LOOP('',(#677,#678,#679,#680));
#3018=EDGE_LOOP('',(#681,#682,#683,#684));
#3019=EDGE_LOOP('',(#685,#686,#687,#688,#689,#690,#691,#692,#693,#694));
#3020=EDGE_LOOP('',(#695,#696,#697,#698));
#3021=EDGE_LOOP('',(#699,#700,#701,#702));
#3022=EDGE_LOOP('',(#703,#704,#705,#706));
#3023=EDGE_LOOP('',(#707,#708,#709,#710,#711,#712));
#3024=EDGE_LOOP('',(#713,#714,#715,#716,#717,#718));
#3025=EDGE_LOOP('',(#719,#720,#721,#722));
#3026=EDGE_LOOP('',(#723,#724,#725,#726));
#3027=EDGE_LOOP('',(#727,#728,#729,#730));
#3028=EDGE_LOOP('',(#731,#732,#733,#734,#735,#736,#737,#738,#739,#740,#741,
#742));
#3029=EDGE_LOOP('',(#743,#744,#745,#746));
#3030=EDGE_LOOP('',(#747,#748,#749,#750));
#3031=EDGE_LOOP('',(#751,#752,#753,#754));
#3032=EDGE_LOOP('',(#755,#756,#757,#758));
#3033=EDGE_LOOP('',(#759,#760,#761,#762));
#3034=EDGE_LOOP('',(#763,#764,#765,#766));
#3035=EDGE_LOOP('',(#767,#768,#769,#770));
#3036=EDGE_LOOP('',(#771,#772,#773,#774));
#3037=EDGE_LOOP('',(#775,#776,#777,#778));
#3038=EDGE_LOOP('',(#779,#780,#781,#782));
#3039=EDGE_LOOP('',(#783,#784,#785,#786));
#3040=EDGE_LOOP('',(#787,#788,#789,#790));
#3041=EDGE_LOOP('',(#791,#792,#793,#794));
#3042=EDGE_LOOP('',(#795,#796,#797,#798));
#3043=EDGE_LOOP('',(#799,#800,#801,#802));
#3044=EDGE_LOOP('',(#803,#804,#805,#806));
#3045=EDGE_LOOP('',(#807,#808,#809,#810));
#3046=EDGE_LOOP('',(#811,#812,#813,#814,#815,#816,#817,#818));
#3047=EDGE_LOOP('',(#819,#820,#821,#822));
#3048=EDGE_LOOP('',(#823,#824,#825,#826));
#3049=EDGE_LOOP('',(#827,#828,#829,#830));
#3050=EDGE_LOOP('',(#831,#832,#833,#834));
#3051=EDGE_LOOP('',(#835,#836,#837,#838,#839,#840,#841,#842));
#3052=EDGE_LOOP('',(#843,#844,#845,#846,#847,#848,#849,#850));
#3053=EDGE_LOOP('',(#851,#852,#853,#854,#855,#856,#857,#858));
#3054=EDGE_LOOP('',(#859,#860,#861,#862));
#3055=EDGE_LOOP('',(#863,#864,#865,#866));
#3056=EDGE_LOOP('',(#867,#868,#869,#870));
#3057=EDGE_LOOP('',(#871,#872,#873,#874));
#3058=EDGE_LOOP('',(#875,#876,#877,#878));
#3059=EDGE_LOOP('',(#879,#880,#881,#882));
#3060=EDGE_LOOP('',(#883,#884));
#3061=EDGE_LOOP('',(#885,#886));
#3062=EDGE_LOOP('',(#887,#888));
#3063=EDGE_LOOP('',(#889,#890));
#3064=EDGE_LOOP('',(#891,#892));
#3065=EDGE_LOOP('',(#893,#894));
#3066=EDGE_LOOP('',(#895,#896));
#3067=EDGE_LOOP('',(#897,#898));
#3068=EDGE_LOOP('',(#899,#900));
#3069=EDGE_LOOP('',(#901,#902));
#3070=EDGE_LOOP('',(#903,#904,#905,#906));
#3071=EDGE_LOOP('',(#907,#908,#909,#910));
#3072=EDGE_LOOP('',(#911,#912));
#3073=EDGE_LOOP('',(#913,#914));
#3074=EDGE_LOOP('',(#915,#916,#917,#918));
#3075=EDGE_LOOP('',(#919,#920,#921,#922,#923,#924,#925,#926));
#3076=EDGE_LOOP('',(#927,#928,#929,#930,#931,#932));
#3077=EDGE_LOOP('',(#933,#934,#935,#936));
#3078=EDGE_LOOP('',(#937,#938,#939,#940));
#3079=EDGE_LOOP('',(#941,#942,#943,#944,#945,#946));
#3080=EDGE_LOOP('',(#947,#948,#949,#950,#951,#952));
#3081=EDGE_LOOP('',(#953,#954));
#3082=EDGE_LOOP('',(#955,#956,#957,#958,#959,#960,#961,#962,#963));
#3083=EDGE_LOOP('',(#964,#965,#966,#967,#968,#969,#970));
#3084=EDGE_LOOP('',(#971,#972));
#3085=EDGE_LOOP('',(#973,#974,#975,#976,#977,#978,#979));
#3086=EDGE_LOOP('',(#980,#981,#982,#983));
#3087=EDGE_LOOP('',(#984,#985,#986,#987,#988));
#3088=EDGE_LOOP('',(#989,#990,#991,#992));
#3089=EDGE_LOOP('',(#993,#994,#995,#996));
#3090=EDGE_LOOP('',(#997,#998,#999,#1000,#1001,#1002));
#3091=EDGE_LOOP('',(#1003,#1004,#1005,#1006));
#3092=EDGE_LOOP('',(#1007,#1008,#1009,#1010));
#3093=EDGE_LOOP('',(#1011,#1012,#1013));
#3094=EDGE_LOOP('',(#1014,#1015,#1016,#1017,#1018,#1019));
#3095=EDGE_LOOP('',(#1020,#1021,#1022));
#3096=EDGE_LOOP('',(#1023,#1024,#1025,#1026,#1027,#1028,#1029,#1030,#1031,
#1032,#1033));
#3097=EDGE_LOOP('',(#1034,#1035,#1036,#1037,#1038,#1039,#1040,#1041));
#3098=EDGE_LOOP('',(#1042,#1043,#1044,#1045,#1046,#1047,#1048,#1049,#1050,
#1051));
#3099=EDGE_LOOP('',(#1052,#1053));
#3100=EDGE_LOOP('',(#1054,#1055));
#3101=EDGE_LOOP('',(#1056,#1057));
#3102=EDGE_LOOP('',(#1058,#1059));
#3103=EDGE_LOOP('',(#1060,#1061));
#3104=EDGE_LOOP('',(#1062,#1063));
#3105=EDGE_LOOP('',(#1064,#1065));
#3106=EDGE_LOOP('',(#1066,#1067));
#3107=EDGE_LOOP('',(#1068,#1069,#1070,#1071,#1072));
#3108=EDGE_LOOP('',(#1073,#1074,#1075,#1076));
#3109=EDGE_LOOP('',(#1077,#1078,#1079,#1080));
#3110=EDGE_LOOP('',(#1081,#1082,#1083,#1084));
#3111=EDGE_LOOP('',(#1085,#1086,#1087,#1088));
#3112=EDGE_LOOP('',(#1089,#1090,#1091,#1092,#1093,#1094,#1095,#1096,#1097,
#1098,#1099,#1100,#1101));
#3113=EDGE_LOOP('',(#1102,#1103,#1104,#1105));
#3114=EDGE_LOOP('',(#1106,#1107,#1108,#1109));
#3115=EDGE_LOOP('',(#1110,#1111,#1112,#1113));
#3116=EDGE_LOOP('',(#1114,#1115,#1116,#1117,#1118,#1119));
#3117=EDGE_LOOP('',(#1120,#1121,#1122,#1123));
#3118=EDGE_LOOP('',(#1124,#1125,#1126,#1127));
#3119=EDGE_LOOP('',(#1128,#1129,#1130,#1131,#1132,#1133,#1134,#1135,#1136,
#1137,#1138,#1139,#1140,#1141,#1142,#1143,#1144,#1145,#1146,#1147,#1148,
#1149));
#3120=EDGE_LOOP('',(#1150,#1151,#1152,#1153,#1154,#1155));
#3121=EDGE_LOOP('',(#1156,#1157,#1158,#1159,#1160,#1161,#1162));
#3122=EDGE_LOOP('',(#1163,#1164,#1165,#1166,#1167,#1168,#1169,#1170));
#3123=EDGE_LOOP('',(#1171,#1172,#1173,#1174,#1175,#1176,#1177));
#3124=EDGE_LOOP('',(#1178,#1179,#1180,#1181));
#3125=EDGE_LOOP('',(#1182,#1183,#1184,#1185,#1186,#1187,#1188,#1189));
#3126=EDGE_LOOP('',(#1190,#1191,#1192,#1193,#1194,#1195));
#3127=EDGE_LOOP('',(#1196,#1197));
#3128=EDGE_LOOP('',(#1198,#1199));
#3129=EDGE_LOOP('',(#1200,#1201));
#3130=EDGE_LOOP('',(#1202,#1203));
#3131=EDGE_LOOP('',(#1204,#1205));
#3132=EDGE_LOOP('',(#1206,#1207));
#3133=EDGE_LOOP('',(#1208,#1209));
#3134=EDGE_LOOP('',(#1210,#1211));
#3135=EDGE_LOOP('',(#1212,#1213));
#3136=EDGE_LOOP('',(#1214,#1215));
#3137=EDGE_LOOP('',(#1216,#1217));
#3138=EDGE_LOOP('',(#1218,#1219));
#3139=EDGE_LOOP('',(#1220,#1221));
#3140=EDGE_LOOP('',(#1222,#1223));
#3141=EDGE_LOOP('',(#1224,#1225,#1226,#1227,#1228,#1229));
#3142=EDGE_LOOP('',(#1230,#1231,#1232,#1233,#1234,#1235,#1236,#1237));
#3143=EDGE_LOOP('',(#1238,#1239,#1240,#1241));
#3144=EDGE_LOOP('',(#1242,#1243,#1244,#1245,#1246,#1247,#1248,#1249));
#3145=EDGE_LOOP('',(#1250,#1251,#1252,#1253));
#3146=EDGE_LOOP('',(#1254,#1255,#1256,#1257));
#3147=EDGE_LOOP('',(#1258,#1259,#1260,#1261,#1262,#1263,#1264,#1265,#1266));
#3148=EDGE_LOOP('',(#1267,#1268,#1269,#1270,#1271,#1272,#1273));
#3149=EDGE_LOOP('',(#1274,#1275,#1276,#1277));
#3150=EDGE_LOOP('',(#1278,#1279,#1280,#1281,#1282,#1283,#1284));
#3151=EDGE_LOOP('',(#1285,#1286,#1287));
#3152=EDGE_LOOP('',(#1288,#1289,#1290,#1291));
#3153=EDGE_LOOP('',(#1292,#1293,#1294,#1295));
#3154=EDGE_LOOP('',(#1296,#1297,#1298,#1299,#1300,#1301,#1302));
#3155=EDGE_LOOP('',(#1303,#1304,#1305,#1306));
#3156=EDGE_LOOP('',(#1307,#1308,#1309,#1310,#1311));
#3157=EDGE_LOOP('',(#1312,#1313,#1314,#1315));
#3158=EDGE_LOOP('',(#1316,#1317,#1318,#1319,#1320,#1321,#1322,#1323));
#3159=EDGE_LOOP('',(#1324,#1325,#1326,#1327,#1328,#1329,#1330,#1331));
#3160=EDGE_LOOP('',(#1332,#1333,#1334,#1335));
#3161=EDGE_LOOP('',(#1336,#1337,#1338,#1339));
#3162=EDGE_LOOP('',(#1340,#1341,#1342,#1343,#1344));
#3163=EDGE_LOOP('',(#1345,#1346));
#3164=EDGE_LOOP('',(#1347,#1348));
#3165=EDGE_LOOP('',(#1349,#1350));
#3166=EDGE_LOOP('',(#1351,#1352));
#3167=EDGE_LOOP('',(#1353,#1354));
#3168=EDGE_LOOP('',(#1355,#1356));
#3169=EDGE_LOOP('',(#1357));
#3170=EDGE_LOOP('',(#1358,#1359));
#3171=EDGE_LOOP('',(#1360,#1361,#1362,#1363,#1364,#1365));
#3172=EDGE_LOOP('',(#1366,#1367,#1368,#1369,#1370,#1371,#1372,#1373,#1374,
#1375,#1376,#1377));
#3173=EDGE_LOOP('',(#1378,#1379,#1380,#1381,#1382,#1383,#1384,#1385,#1386,
#1387,#1388,#1389));
#3174=EDGE_LOOP('',(#1390,#1391,#1392,#1393,#1394,#1395,#1396,#1397,#1398));
#3175=EDGE_LOOP('',(#1399,#1400,#1401,#1402,#1403,#1404,#1405,#1406,#1407,
#1408,#1409,#1410,#1411));
#3176=EDGE_LOOP('',(#1412,#1413,#1414,#1415,#1416,#1417,#1418,#1419,#1420,
#1421,#1422,#1423,#1424));
#3177=EDGE_LOOP('',(#1425,#1426,#1427,#1428,#1429,#1430,#1431,#1432,#1433,
#1434));
#3178=EDGE_LOOP('',(#1435,#1436,#1437,#1438,#1439));
#3179=EDGE_LOOP('',(#1440));
#3180=EDGE_LOOP('',(#1441));
#3181=EDGE_LOOP('',(#1442,#1443,#1444,#1445,#1446,#1447,#1448,#1449));
#3182=EDGE_LOOP('',(#1450));
#3183=EDGE_LOOP('',(#1451));
#3184=EDGE_LOOP('',(#1452));
#3185=EDGE_LOOP('',(#1453));
#3186=EDGE_LOOP('',(#1454));
#3187=EDGE_LOOP('',(#1455));
#3188=EDGE_LOOP('',(#1456));
#3189=EDGE_LOOP('',(#1457));
#3190=EDGE_LOOP('',(#1458));
#3191=EDGE_LOOP('',(#1459));
#3192=EDGE_LOOP('',(#1460));
#3193=EDGE_LOOP('',(#1461));
#3194=EDGE_LOOP('',(#1462));
#3195=EDGE_LOOP('',(#1463));
#3196=EDGE_LOOP('',(#1464));
#3197=FACE_BOUND('',#2952,.T.);
#3198=FACE_BOUND('',#2953,.T.);
#3199=FACE_BOUND('',#2954,.T.);
#3200=FACE_BOUND('',#2955,.T.);
#3201=FACE_BOUND('',#2956,.T.);
#3202=FACE_BOUND('',#2957,.T.);
#3203=FACE_BOUND('',#2958,.T.);
#3204=FACE_BOUND('',#2959,.T.);
#3205=FACE_BOUND('',#2960,.T.);
#3206=FACE_BOUND('',#2961,.T.);
#3207=FACE_BOUND('',#2962,.T.);
#3208=FACE_BOUND('',#2963,.T.);
#3209=FACE_BOUND('',#2964,.T.);
#3210=FACE_BOUND('',#2965,.T.);
#3211=FACE_BOUND('',#2966,.T.);
#3212=FACE_BOUND('',#2967,.T.);
#3213=FACE_BOUND('',#2968,.T.);
#3214=FACE_BOUND('',#2969,.T.);
#3215=FACE_BOUND('',#2970,.T.);
#3216=FACE_BOUND('',#2971,.T.);
#3217=FACE_BOUND('',#2972,.T.);
#3218=FACE_BOUND('',#2973,.T.);
#3219=FACE_BOUND('',#2974,.T.);
#3220=FACE_BOUND('',#2975,.T.);
#3221=FACE_BOUND('',#2976,.T.);
#3222=FACE_BOUND('',#2977,.T.);
#3223=FACE_BOUND('',#2978,.T.);
#3224=FACE_BOUND('',#2979,.T.);
#3225=FACE_BOUND('',#2980,.T.);
#3226=FACE_BOUND('',#2981,.T.);
#3227=FACE_BOUND('',#2982,.T.);
#3228=FACE_BOUND('',#2983,.T.);
#3229=FACE_BOUND('',#2984,.T.);
#3230=FACE_BOUND('',#2985,.T.);
#3231=FACE_BOUND('',#2986,.T.);
#3232=FACE_BOUND('',#2987,.T.);
#3233=FACE_BOUND('',#2988,.T.);
#3234=FACE_BOUND('',#2989,.T.);
#3235=FACE_BOUND('',#2990,.T.);
#3236=FACE_BOUND('',#2991,.T.);
#3237=FACE_BOUND('',#2992,.T.);
#3238=FACE_BOUND('',#2993,.T.);
#3239=FACE_BOUND('',#2994,.T.);
#3240=FACE_BOUND('',#2995,.T.);
#3241=FACE_BOUND('',#2996,.T.);
#3242=FACE_BOUND('',#2997,.T.);
#3243=FACE_BOUND('',#2998,.T.);
#3244=FACE_BOUND('',#2999,.T.);
#3245=FACE_BOUND('',#3000,.T.);
#3246=FACE_BOUND('',#3001,.T.);
#3247=FACE_BOUND('',#3002,.T.);
#3248=FACE_BOUND('',#3003,.T.);
#3249=FACE_BOUND('',#3004,.T.);
#3250=FACE_BOUND('',#3005,.T.);
#3251=FACE_BOUND('',#3006,.T.);
#3252=FACE_BOUND('',#3007,.T.);
#3253=FACE_BOUND('',#3008,.T.);
#3254=FACE_BOUND('',#3009,.T.);
#3255=FACE_BOUND('',#3010,.T.);
#3256=FACE_BOUND('',#3011,.T.);
#3257=FACE_BOUND('',#3012,.T.);
#3258=FACE_BOUND('',#3013,.T.);
#3259=FACE_BOUND('',#3014,.T.);
#3260=FACE_BOUND('',#3015,.T.);
#3261=FACE_BOUND('',#3016,.T.);
#3262=FACE_BOUND('',#3017,.T.);
#3263=FACE_BOUND('',#3018,.T.);
#3264=FACE_BOUND('',#3019,.T.);
#3265=FACE_BOUND('',#3020,.T.);
#3266=FACE_BOUND('',#3021,.T.);
#3267=FACE_BOUND('',#3022,.T.);
#3268=FACE_BOUND('',#3023,.T.);
#3269=FACE_BOUND('',#3024,.T.);
#3270=FACE_BOUND('',#3025,.T.);
#3271=FACE_BOUND('',#3026,.T.);
#3272=FACE_BOUND('',#3027,.T.);
#3273=FACE_BOUND('',#3028,.T.);
#3274=FACE_BOUND('',#3029,.T.);
#3275=FACE_BOUND('',#3030,.T.);
#3276=FACE_BOUND('',#3031,.T.);
#3277=FACE_BOUND('',#3032,.T.);
#3278=FACE_BOUND('',#3033,.T.);
#3279=FACE_BOUND('',#3034,.T.);
#3280=FACE_BOUND('',#3035,.T.);
#3281=FACE_BOUND('',#3036,.T.);
#3282=FACE_BOUND('',#3037,.T.);
#3283=FACE_BOUND('',#3038,.T.);
#3284=FACE_BOUND('',#3039,.T.);
#3285=FACE_BOUND('',#3040,.T.);
#3286=FACE_BOUND('',#3041,.T.);
#3287=FACE_BOUND('',#3042,.T.);
#3288=FACE_BOUND('',#3043,.T.);
#3289=FACE_BOUND('',#3044,.T.);
#3290=FACE_BOUND('',#3045,.T.);
#3291=FACE_BOUND('',#3046,.T.);
#3292=FACE_BOUND('',#3047,.T.);
#3293=FACE_BOUND('',#3048,.T.);
#3294=FACE_BOUND('',#3049,.T.);
#3295=FACE_BOUND('',#3050,.T.);
#3296=FACE_BOUND('',#3051,.T.);
#3297=FACE_BOUND('',#3052,.T.);
#3298=FACE_BOUND('',#3053,.T.);
#3299=FACE_BOUND('',#3054,.T.);
#3300=FACE_BOUND('',#3055,.T.);
#3301=FACE_BOUND('',#3056,.T.);
#3302=FACE_BOUND('',#3057,.T.);
#3303=FACE_BOUND('',#3058,.T.);
#3304=FACE_BOUND('',#3059,.T.);
#3305=FACE_BOUND('',#3060,.T.);
#3306=FACE_BOUND('',#3061,.T.);
#3307=FACE_BOUND('',#3062,.T.);
#3308=FACE_BOUND('',#3063,.T.);
#3309=FACE_BOUND('',#3064,.T.);
#3310=FACE_BOUND('',#3065,.T.);
#3311=FACE_BOUND('',#3066,.T.);
#3312=FACE_BOUND('',#3067,.T.);
#3313=FACE_BOUND('',#3068,.T.);
#3314=FACE_BOUND('',#3069,.T.);
#3315=FACE_BOUND('',#3070,.T.);
#3316=FACE_BOUND('',#3071,.T.);
#3317=FACE_BOUND('',#3072,.T.);
#3318=FACE_BOUND('',#3073,.T.);
#3319=FACE_BOUND('',#3074,.T.);
#3320=FACE_BOUND('',#3075,.T.);
#3321=FACE_BOUND('',#3076,.T.);
#3322=FACE_BOUND('',#3077,.T.);
#3323=FACE_BOUND('',#3078,.T.);
#3324=FACE_BOUND('',#3079,.T.);
#3325=FACE_BOUND('',#3080,.T.);
#3326=FACE_BOUND('',#3081,.T.);
#3327=FACE_BOUND('',#3082,.T.);
#3328=FACE_BOUND('',#3083,.T.);
#3329=FACE_BOUND('',#3084,.T.);
#3330=FACE_BOUND('',#3085,.T.);
#3331=FACE_BOUND('',#3086,.T.);
#3332=FACE_BOUND('',#3087,.T.);
#3333=FACE_BOUND('',#3088,.T.);
#3334=FACE_BOUND('',#3089,.T.);
#3335=FACE_BOUND('',#3090,.T.);
#3336=FACE_BOUND('',#3091,.T.);
#3337=FACE_BOUND('',#3092,.T.);
#3338=FACE_BOUND('',#3093,.T.);
#3339=FACE_BOUND('',#3094,.T.);
#3340=FACE_BOUND('',#3095,.T.);
#3341=FACE_BOUND('',#3096,.T.);
#3342=FACE_BOUND('',#3097,.T.);
#3343=FACE_BOUND('',#3098,.T.);
#3344=FACE_BOUND('',#3099,.T.);
#3345=FACE_BOUND('',#3100,.T.);
#3346=FACE_BOUND('',#3101,.T.);
#3347=FACE_BOUND('',#3102,.T.);
#3348=FACE_BOUND('',#3103,.T.);
#3349=FACE_BOUND('',#3104,.T.);
#3350=FACE_BOUND('',#3105,.T.);
#3351=FACE_BOUND('',#3106,.T.);
#3352=FACE_BOUND('',#3107,.T.);
#3353=FACE_BOUND('',#3108,.T.);
#3354=FACE_BOUND('',#3109,.T.);
#3355=FACE_BOUND('',#3110,.T.);
#3356=FACE_BOUND('',#3111,.T.);
#3357=FACE_BOUND('',#3112,.T.);
#3358=FACE_BOUND('',#3113,.T.);
#3359=FACE_BOUND('',#3114,.T.);
#3360=FACE_BOUND('',#3115,.T.);
#3361=FACE_BOUND('',#3116,.T.);
#3362=FACE_BOUND('',#3117,.T.);
#3363=FACE_BOUND('',#3118,.T.);
#3364=FACE_BOUND('',#3119,.T.);
#3365=FACE_BOUND('',#3120,.T.);
#3366=FACE_BOUND('',#3121,.T.);
#3367=FACE_BOUND('',#3122,.T.);
#3368=FACE_BOUND('',#3123,.T.);
#3369=FACE_BOUND('',#3124,.T.);
#3370=FACE_BOUND('',#3125,.T.);
#3371=FACE_BOUND('',#3126,.T.);
#3372=FACE_BOUND('',#3127,.T.);
#3373=FACE_BOUND('',#3128,.T.);
#3374=FACE_BOUND('',#3129,.T.);
#3375=FACE_BOUND('',#3130,.T.);
#3376=FACE_BOUND('',#3131,.T.);
#3377=FACE_BOUND('',#3132,.T.);
#3378=FACE_BOUND('',#3133,.T.);
#3379=FACE_BOUND('',#3134,.T.);
#3380=FACE_BOUND('',#3135,.T.);
#3381=FACE_BOUND('',#3136,.T.);
#3382=FACE_BOUND('',#3137,.T.);
#3383=FACE_BOUND('',#3138,.T.);
#3384=FACE_BOUND('',#3139,.T.);
#3385=FACE_BOUND('',#3140,.T.);
#3386=FACE_BOUND('',#3141,.T.);
#3387=FACE_BOUND('',#3142,.T.);
#3388=FACE_BOUND('',#3143,.T.);
#3389=FACE_BOUND('',#3144,.T.);
#3390=FACE_BOUND('',#3145,.T.);
#3391=FACE_BOUND('',#3146,.T.);
#3392=FACE_BOUND('',#3147,.T.);
#3393=FACE_BOUND('',#3148,.T.);
#3394=FACE_BOUND('',#3149,.T.);
#3395=FACE_BOUND('',#3150,.T.);
#3396=FACE_BOUND('',#3151,.T.);
#3397=FACE_BOUND('',#3152,.T.);
#3398=FACE_BOUND('',#3153,.T.);
#3399=FACE_BOUND('',#3154,.T.);
#3400=FACE_BOUND('',#3155,.T.);
#3401=FACE_BOUND('',#3156,.T.);
#3402=FACE_BOUND('',#3157,.T.);
#3403=FACE_BOUND('',#3158,.T.);
#3404=FACE_BOUND('',#3159,.T.);
#3405=FACE_BOUND('',#3160,.T.);
#3406=FACE_BOUND('',#3161,.T.);
#3407=FACE_BOUND('',#3162,.T.);
#3408=FACE_BOUND('',#3163,.T.);
#3409=FACE_BOUND('',#3164,.T.);
#3410=FACE_BOUND('',#3165,.T.);
#3411=FACE_BOUND('',#3166,.T.);
#3412=FACE_BOUND('',#3167,.T.);
#3413=FACE_BOUND('',#3168,.T.);
#3414=FACE_BOUND('',#3169,.T.);
#3415=FACE_BOUND('',#3170,.T.);
#3416=FACE_BOUND('',#3171,.T.);
#3417=FACE_BOUND('',#3172,.T.);
#3418=FACE_BOUND('',#3173,.T.);
#3419=FACE_BOUND('',#3174,.T.);
#3420=FACE_BOUND('',#3175,.T.);
#3421=FACE_BOUND('',#3176,.T.);
#3422=FACE_BOUND('',#3177,.T.);
#3423=FACE_BOUND('',#3178,.T.);
#3424=FACE_BOUND('',#3179,.T.);
#3425=FACE_BOUND('',#3180,.T.);
#3426=FACE_BOUND('',#3181,.T.);
#3427=FACE_BOUND('',#3182,.T.);
#3428=FACE_BOUND('',#3183,.T.);
#3429=FACE_BOUND('',#3184,.T.);
#3430=FACE_BOUND('',#3185,.T.);
#3431=FACE_BOUND('',#3186,.T.);
#3432=FACE_BOUND('',#3187,.T.);
#3433=FACE_BOUND('',#3188,.T.);
#3434=FACE_BOUND('',#3189,.T.);
#3435=FACE_BOUND('',#3190,.T.);
#3436=FACE_BOUND('',#3191,.T.);
#3437=FACE_BOUND('',#3192,.T.);
#3438=FACE_BOUND('',#3193,.T.);
#3439=FACE_BOUND('',#3194,.T.);
#3440=FACE_BOUND('',#3195,.T.);
#3441=FACE_BOUND('',#3196,.T.);
#3442=PLANE('',#4445);
#3443=PLANE('',#4446);
#3444=PLANE('',#4447);
#3445=PLANE('',#4448);
#3446=PLANE('',#4449);
#3447=PLANE('',#4450);
#3448=PLANE('',#4451);
#3449=PLANE('',#4452);
#3450=PLANE('',#4453);
#3451=PLANE('',#4454);
#3452=PLANE('',#4455);
#3453=PLANE('',#4456);
#3454=PLANE('',#4457);
#3455=PLANE('',#4458);
#3456=PLANE('',#4459);
#3457=PLANE('',#4460);
#3458=PLANE('',#4461);
#3459=PLANE('',#4462);
#3460=PLANE('',#4463);
#3461=PLANE('',#4464);
#3462=PLANE('',#4465);
#3463=PLANE('',#4466);
#3464=PLANE('',#4467);
#3465=PLANE('',#4468);
#3466=PLANE('',#4469);
#3467=PLANE('',#4470);
#3468=PLANE('',#4471);
#3469=PLANE('',#4472);
#3470=PLANE('',#4473);
#3471=PLANE('',#4474);
#3472=PLANE('',#4475);
#3473=PLANE('',#4476);
#3474=PLANE('',#4477);
#3475=PLANE('',#4478);
#3476=PLANE('',#4479);
#3477=PLANE('',#4480);
#3478=PLANE('',#4481);
#3479=PLANE('',#4482);
#3480=PLANE('',#4483);
#3481=PLANE('',#4484);
#3482=PLANE('',#4485);
#3483=PLANE('',#4486);
#3484=PLANE('',#4487);
#3485=PLANE('',#4488);
#3486=PLANE('',#4489);
#3487=PLANE('',#4490);
#3488=PLANE('',#4491);
#3489=PLANE('',#4492);
#3490=PLANE('',#4493);
#3491=PLANE('',#4494);
#3492=PLANE('',#4495);
#3493=PLANE('',#4496);
#3494=PLANE('',#4497);
#3495=PLANE('',#4498);
#3496=PLANE('',#4499);
#3497=PLANE('',#4500);
#3498=PLANE('',#4501);
#3499=PLANE('',#4502);
#3500=PLANE('',#4503);
#3501=PLANE('',#4504);
#3502=PLANE('',#4505);
#3503=PLANE('',#4506);
#3504=PLANE('',#4507);
#3505=PLANE('',#4508);
#3506=PLANE('',#4509);
#3507=PLANE('',#4510);
#3508=PLANE('',#4511);
#3509=PLANE('',#4512);
#3510=PLANE('',#4513);
#3511=PLANE('',#4514);
#3512=PLANE('',#4515);
#3513=PLANE('',#4516);
#3514=PLANE('',#4517);
#3515=PLANE('',#4518);
#3516=PLANE('',#4519);
#3517=PLANE('',#4520);
#3518=PLANE('',#4521);
#3519=PLANE('',#4522);
#3520=PLANE('',#4523);
#3521=PLANE('',#4524);
#3522=PLANE('',#4525);
#3523=PLANE('',#4526);
#3524=PLANE('',#4527);
#3525=PLANE('',#4528);
#3526=PLANE('',#4529);
#3527=PLANE('',#4530);
#3528=PLANE('',#4531);
#3529=PLANE('',#4532);
#3530=PLANE('',#4533);
#3531=PLANE('',#4534);
#3532=PLANE('',#4535);
#3533=PLANE('',#4536);
#3534=PLANE('',#4537);
#3535=PLANE('',#4538);
#3536=PLANE('',#4539);
#3537=PLANE('',#4540);
#3538=PLANE('',#4541);
#3539=PLANE('',#4542);
#3540=PLANE('',#4544);
#3541=PLANE('',#4547);
#3542=PLANE('',#4556);
#3543=PLANE('',#4559);
#3544=PLANE('',#4561);
#3545=PLANE('',#4562);
#3546=PLANE('',#4569);
#3547=PLANE('',#4575);
#3548=PLANE('',#4578);
#3549=PLANE('',#4579);
#3550=PLANE('',#4585);
#3551=PLANE('',#4588);
#3552=PLANE('',#4592);
#3553=PLANE('',#4594);
#3554=PLANE('',#4595);
#3555=PLANE('',#4598);
#3556=PLANE('',#4599);
#3557=PLANE('',#4601);
#3558=PLANE('',#4605);
#3559=PLANE('',#4607);
#3560=PLANE('',#4611);
#3561=PLANE('',#4614);
#3562=PLANE('',#4617);
#3563=PLANE('',#4620);
#3564=PLANE('',#4623);
#3565=PLANE('',#4626);
#3566=PLANE('',#4629);
#3567=PLANE('',#4632);
#3568=PLANE('',#4638);
#3569=PLANE('',#4639);
#3570=PLANE('',#4640);
#3571=PLANE('',#4641);
#3572=PLANE('',#4645);
#3573=PLANE('',#4648);
#3574=PLANE('',#4649);
#3575=PLANE('',#4653);
#3576=PLANE('',#4654);
#3577=PLANE('',#4655);
#3578=PLANE('',#4656);
#3579=PLANE('',#4657);
#3580=PLANE('',#4661);
#3581=PLANE('',#4692);
#3582=PLANE('',#4693);
#3583=PLANE('',#4696);
#3584=PLANE('',#4697);
#3585=PLANE('',#4700);
#3586=PLANE('',#4718);
#3587=PLANE('',#4720);
#3588=PLANE('',#4726);
#3589=PLANE('',#4728);
#3590=ADVANCED_FACE('NONE',(#3197),#3442,.F.);
#3591=ADVANCED_FACE('',(#3198),#3443,.F.);
#3592=ADVANCED_FACE('',(#3199),#3444,.F.);
#3593=ADVANCED_FACE('',(#3200),#3445,.F.);
#3594=ADVANCED_FACE('',(#3201),#3446,.F.);
#3595=ADVANCED_FACE('',(#3202),#3447,.F.);
#3596=ADVANCED_FACE('',(#3203),#3448,.F.);
#3597=ADVANCED_FACE('',(#3204),#3449,.F.);
#3598=ADVANCED_FACE('',(#3205),#3450,.F.);
#3599=ADVANCED_FACE('',(#3206),#3451,.F.);
#3600=ADVANCED_FACE('',(#3207),#3452,.F.);
#3601=ADVANCED_FACE('',(#3208),#3453,.F.);
#3602=ADVANCED_FACE('',(#3209),#3454,.F.);
#3603=ADVANCED_FACE('',(#3210),#3455,.F.);
#3604=ADVANCED_FACE('',(#3211),#3456,.F.);
#3605=ADVANCED_FACE('',(#3212),#3457,.F.);
#3606=ADVANCED_FACE('',(#3213),#3458,.F.);
#3607=ADVANCED_FACE('',(#3214),#3459,.F.);
#3608=ADVANCED_FACE('',(#3215),#3460,.F.);
#3609=ADVANCED_FACE('',(#3216),#3461,.F.);
#3610=ADVANCED_FACE('',(#3217),#3462,.T.);
#3611=ADVANCED_FACE('',(#3218),#3463,.T.);
#3612=ADVANCED_FACE('',(#3219),#3464,.F.);
#3613=ADVANCED_FACE('',(#3220),#3465,.F.);
#3614=ADVANCED_FACE('',(#3221),#3466,.F.);
#3615=ADVANCED_FACE('',(#3222),#3467,.F.);
#3616=ADVANCED_FACE('',(#3223),#3468,.F.);
#3617=ADVANCED_FACE('',(#3224),#3469,.F.);
#3618=ADVANCED_FACE('',(#3225),#3470,.F.);
#3619=ADVANCED_FACE('',(#3226),#3471,.F.);
#3620=ADVANCED_FACE('',(#3227),#3472,.F.);
#3621=ADVANCED_FACE('',(#3228),#3473,.F.);
#3622=ADVANCED_FACE('',(#3229),#3474,.F.);
#3623=ADVANCED_FACE('',(#3230),#3475,.F.);
#3624=ADVANCED_FACE('',(#3231),#3476,.T.);
#3625=ADVANCED_FACE('',(#3232),#3477,.T.);
#3626=ADVANCED_FACE('',(#3233),#3478,.T.);
#3627=ADVANCED_FACE('',(#3234),#3479,.T.);
#3628=ADVANCED_FACE('',(#3235),#3480,.T.);
#3629=ADVANCED_FACE('',(#3236),#3481,.F.);
#3630=ADVANCED_FACE('',(#3237),#3482,.T.);
#3631=ADVANCED_FACE('',(#3238),#3483,.T.);
#3632=ADVANCED_FACE('',(#3239),#3484,.T.);
#3633=ADVANCED_FACE('',(#3240),#3485,.F.);
#3634=ADVANCED_FACE('',(#3241),#3486,.T.);
#3635=ADVANCED_FACE('',(#3242),#3487,.T.);
#3636=ADVANCED_FACE('',(#3243),#3488,.F.);
#3637=ADVANCED_FACE('',(#3244),#3489,.F.);
#3638=ADVANCED_FACE('',(#3245),#3490,.F.);
#3639=ADVANCED_FACE('',(#3246),#3491,.F.);
#3640=ADVANCED_FACE('',(#3247),#3492,.T.);
#3641=ADVANCED_FACE('',(#3248),#3493,.T.);
#3642=ADVANCED_FACE('',(#3249),#3494,.T.);
#3643=ADVANCED_FACE('',(#3250),#3495,.F.);
#3644=ADVANCED_FACE('',(#3251),#3496,.T.);
#3645=ADVANCED_FACE('',(#3252),#3497,.T.);
#3646=ADVANCED_FACE('',(#3253),#3498,.T.);
#3647=ADVANCED_FACE('',(#3254),#3499,.F.);
#3648=ADVANCED_FACE('',(#3255),#3500,.F.);
#3649=ADVANCED_FACE('',(#3256),#3501,.T.);
#3650=ADVANCED_FACE('',(#3257),#3502,.F.);
#3651=ADVANCED_FACE('',(#3258),#3503,.F.);
#3652=ADVANCED_FACE('',(#3259),#3504,.T.);
#3653=ADVANCED_FACE('',(#3260),#3505,.F.);
#3654=ADVANCED_FACE('',(#3261),#3506,.T.);
#3655=ADVANCED_FACE('',(#3262),#3507,.F.);
#3656=ADVANCED_FACE('',(#3263),#3508,.F.);
#3657=ADVANCED_FACE('',(#3264),#3509,.T.);
#3658=ADVANCED_FACE('',(#3265),#3510,.F.);
#3659=ADVANCED_FACE('',(#3266),#3511,.F.);
#3660=ADVANCED_FACE('',(#3267),#3512,.F.);
#3661=ADVANCED_FACE('',(#3268),#3513,.F.);
#3662=ADVANCED_FACE('',(#3269),#3514,.F.);
#3663=ADVANCED_FACE('',(#3270),#3515,.F.);
#3664=ADVANCED_FACE('',(#3271,#3272,#3273,#3274,#3275),#3516,.F.);
#3665=ADVANCED_FACE('',(#3276),#3517,.F.);
#3666=ADVANCED_FACE('',(#3277),#3518,.T.);
#3667=ADVANCED_FACE('',(#3278),#3519,.F.);
#3668=ADVANCED_FACE('',(#3279),#3520,.F.);
#3669=ADVANCED_FACE('',(#3280),#3521,.T.);
#3670=ADVANCED_FACE('',(#3281),#3522,.F.);
#3671=ADVANCED_FACE('',(#3282),#3523,.F.);
#3672=ADVANCED_FACE('',(#3283),#3524,.F.);
#3673=ADVANCED_FACE('',(#3284),#3525,.F.);
#3674=ADVANCED_FACE('',(#3285),#3526,.T.);
#3675=ADVANCED_FACE('',(#3286),#3527,.F.);
#3676=ADVANCED_FACE('',(#3287),#3528,.F.);
#3677=ADVANCED_FACE('',(#3288),#3529,.F.);
#3678=ADVANCED_FACE('',(#3289),#3530,.F.);
#3679=ADVANCED_FACE('',(#3290),#3531,.F.);
#3680=ADVANCED_FACE('',(#3291,#3292,#3293),#3532,.F.);
#3681=ADVANCED_FACE('',(#3294),#3533,.F.);
#3682=ADVANCED_FACE('',(#3295),#3534,.F.);
#3683=ADVANCED_FACE('',(#3296),#3535,.F.);
#3684=ADVANCED_FACE('',(#3297),#3536,.F.);
#3685=ADVANCED_FACE('',(#3298),#3537,.F.);
#3686=ADVANCED_FACE('',(#3299,#3300,#3301,#3302,#3303),#3538,.T.);
#3687=ADVANCED_FACE('',(#3304),#3539,.F.);
#3688=ADVANCED_FACE('',(#3305),#3540,.T.);
#3689=ADVANCED_FACE('',(#3306),#3541,.T.);
#3690=ADVANCED_FACE('',(#3307,#3308),#179,.T.);
#3691=ADVANCED_FACE('',(#3309,#3310),#180,.T.);
#3692=ADVANCED_FACE('',(#3311,#3312,#3313),#3542,.F.);
#3693=ADVANCED_FACE('',(#3314),#3543,.T.);
#3694=ADVANCED_FACE('',(#3315),#3544,.F.);
#3695=ADVANCED_FACE('',(#3316),#3545,.T.);
#3696=ADVANCED_FACE('',(#3317,#3318),#169,.F.);
#3697=ADVANCED_FACE('',(#3319),#3546,.F.);
#3698=ADVANCED_FACE('',(#3320),#181,.T.);
#3699=ADVANCED_FACE('',(#3321),#3547,.F.);
#3700=ADVANCED_FACE('',(#3322),#3548,.F.);
#3701=ADVANCED_FACE('',(#3323),#3549,.F.);
#3702=ADVANCED_FACE('',(#3324),#182,.T.);
#3703=ADVANCED_FACE('',(#3325,#3326),#183,.T.);
#3704=ADVANCED_FACE('',(#3327),#3550,.T.);
#3705=ADVANCED_FACE('',(#3328),#19,.T.);
#3706=ADVANCED_FACE('',(#3329,#3330),#3551,.F.);
#3707=ADVANCED_FACE('',(#3331),#3552,.T.);
#3708=ADVANCED_FACE('',(#3332),#170,.F.);
#3709=ADVANCED_FACE('',(#3333),#3553,.T.);
#3710=ADVANCED_FACE('',(#3334),#3554,.T.);
#3711=ADVANCED_FACE('',(#3335),#171,.F.);
#3712=ADVANCED_FACE('',(#3336),#3555,.T.);
#3713=ADVANCED_FACE('',(#3337),#3556,.F.);
#3714=ADVANCED_FACE('',(#3338),#3557,.F.);
#3715=ADVANCED_FACE('',(#3339),#172,.F.);
#3716=ADVANCED_FACE('',(#3340),#3558,.F.);
#3717=ADVANCED_FACE('',(#3341),#3559,.T.);
#3718=ADVANCED_FACE('',(#3342),#184,.T.);
#3719=ADVANCED_FACE('',(#3343),#20,.T.);
#3720=ADVANCED_FACE('',(#3344,#3345),#3560,.T.);
#3721=ADVANCED_FACE('',(#3346),#3561,.T.);
#3722=ADVANCED_FACE('',(#3347),#3562,.T.);
#3723=ADVANCED_FACE('',(#3348),#3563,.T.);
#3724=ADVANCED_FACE('',(#3349),#3564,.T.);
#3725=ADVANCED_FACE('',(#3350),#3565,.T.);
#3726=ADVANCED_FACE('',(#3351),#3566,.T.);
#3727=ADVANCED_FACE('',(#3352),#3567,.T.);
#3728=ADVANCED_FACE('',(#3353),#3568,.F.);
#3729=ADVANCED_FACE('',(#3354),#3569,.F.);
#3730=ADVANCED_FACE('',(#3355),#3570,.F.);
#3731=ADVANCED_FACE('',(#3356),#3571,.F.);
#3732=ADVANCED_FACE('',(#3357),#185,.T.);
#3733=ADVANCED_FACE('',(#3358),#11,.T.);
#3734=ADVANCED_FACE('',(#3359),#21,.T.);
#3735=ADVANCED_FACE('',(#3360),#3572,.F.);
#3736=ADVANCED_FACE('',(#3361),#173,.F.);
#3737=ADVANCED_FACE('',(#3362),#3573,.F.);
#3738=ADVANCED_FACE('',(#3363),#3574,.F.);
#3739=ADVANCED_FACE('',(#3364),#174,.F.);
#3740=ADVANCED_FACE('',(#3365),#3575,.F.);
#3741=ADVANCED_FACE('',(#3366),#3576,.F.);
#3742=ADVANCED_FACE('',(#3367),#3577,.F.);
#3743=ADVANCED_FACE('',(#3368),#3578,.F.);
#3744=ADVANCED_FACE('',(#3369),#3579,.F.);
#3745=ADVANCED_FACE('',(#3370),#175,.F.);
#3746=ADVANCED_FACE('',(#3371),#3580,.F.);
#3747=ADVANCED_FACE('',(#3372,#3373),#186,.T.);
#3748=ADVANCED_FACE('',(#3374,#3375),#187,.F.);
#3749=ADVANCED_FACE('',(#3376,#3377),#188,.F.);
#3750=ADVANCED_FACE('',(#3378,#3379),#189,.F.);
#3751=ADVANCED_FACE('',(#3380,#3381),#190,.F.);
#3752=ADVANCED_FACE('',(#3382,#3383),#191,.F.);
#3753=ADVANCED_FACE('',(#3384,#3385),#192,.F.);
#3754=ADVANCED_FACE('',(#3386),#176,.F.);
#3755=ADVANCED_FACE('',(#3387),#177,.T.);
#3756=ADVANCED_FACE('',(#3388),#193,.T.);
#3757=ADVANCED_FACE('',(#3389),#22,.T.);
#3758=ADVANCED_FACE('',(#3390),#23,.T.);
#3759=ADVANCED_FACE('',(#3391),#12,.T.);
#3760=ADVANCED_FACE('',(#3392),#24,.T.);
#3761=ADVANCED_FACE('',(#3393,#3394),#3581,.T.);
#3762=ADVANCED_FACE('',(#3395),#3582,.F.);
#3763=ADVANCED_FACE('',(#3396),#25,.T.);
#3764=ADVANCED_FACE('',(#3397),#26,.T.);
#3765=ADVANCED_FACE('',(#3398),#13,.T.);
#3766=ADVANCED_FACE('',(#3399),#27,.T.);
#3767=ADVANCED_FACE('',(#3400),#14,.T.);
#3768=ADVANCED_FACE('',(#3401),#28,.T.);
#3769=ADVANCED_FACE('',(#3402),#3583,.F.);
#3770=ADVANCED_FACE('',(#3403),#29,.T.);
#3771=ADVANCED_FACE('',(#3404,#3405,#3406),#3584,.T.);
#3772=ADVANCED_FACE('',(#3407,#3408,#3409,#3410,#3411,#3412,#3413,#3414,
#3415),#3585,.T.);
#3773=ADVANCED_FACE('',(#3416),#194,.T.);
#3774=ADVANCED_FACE('',(#3417),#15,.T.);
#3775=ADVANCED_FACE('',(#3418),#195,.T.);
#3776=ADVANCED_FACE('',(#3419),#16,.T.);
#3777=ADVANCED_FACE('',(#3420),#196,.T.);
#3778=ADVANCED_FACE('',(#3421),#17,.T.);
#3779=ADVANCED_FACE('',(#3422),#197,.T.);
#3780=ADVANCED_FACE('',(#3423),#18,.T.);
#3781=ADVANCED_FACE('',(#3424,#3425),#198,.T.);
#3782=ADVANCED_FACE('',(#3426,#3427),#178,.T.);
#3783=ADVANCED_FACE('',(#3428,#3429),#3586,.F.);
#3784=ADVANCED_FACE('',(#3430,#3431),#3587,.F.);
#3785=ADVANCED_FACE('',(#3432,#3433),#199,.T.);
#3786=ADVANCED_FACE('',(#3434,#3435),#200,.T.);
#3787=ADVANCED_FACE('',(#3436,#3437),#3588,.T.);
#3788=ADVANCED_FACE('',(#3438,#3439),#3589,.F.);
#3789=ADVANCED_FACE('',(#3440,#3441),#201,.T.);
#3790=CLOSED_SHELL('',(#3590,#3591,#3592,#3593,#3594,#3595,#3596,#3597,
#3598,#3599,#3600,#3601,#3602,#3603,#3604,#3605,#3606,#3607,#3608,#3609,
#3610,#3611,#3612,#3613,#3614,#3615,#3616,#3617,#3618,#3619,#3620,#3621,
#3622,#3623,#3624,#3625,#3626,#3627,#3628,#3629,#3630,#3631,#3632,#3633,
#3634,#3635,#3636,#3637,#3638,#3639,#3640,#3641,#3642,#3643,#3644,#3645,
#3646,#3647,#3648,#3649,#3650,#3651,#3652,#3653,#3654,#3655,#3656,#3657,
#3658,#3659,#3660,#3661,#3662,#3663,#3664,#3665,#3666,#3667,#3668,#3669,
#3670,#3671,#3672,#3673,#3674,#3675,#3676,#3677,#3678,#3679,#3680,#3681,
#3682,#3683,#3684,#3685,#3686,#3687));
#3791=CLOSED_SHELL('',(#3688,#3689,#3690,#3691,#3692,#3693,#3694,#3695,
#3696,#3697,#3698,#3699,#3700,#3701,#3702,#3703,#3704,#3705,#3706,#3707,
#3708,#3709,#3710,#3711,#3712,#3713,#3714,#3715,#3716,#3717,#3718,#3719,
#3720,#3721,#3722,#3723,#3724,#3725,#3726,#3727,#3728,#3729,#3730,#3731,
#3732,#3733,#3734,#3735,#3736,#3737,#3738,#3739,#3740,#3741,#3742,#3743,
#3744,#3745,#3746,#3747,#3748,#3749,#3750,#3751,#3752,#3753,#3754,#3755,
#3756,#3757,#3758,#3759,#3760,#3761,#3762,#3763,#3764,#3765,#3766,#3767,
#3768,#3769,#3770,#3771,#3772,#3773,#3774,#3775,#3776,#3777,#3778,#3779,
#3780,#3781,#3782,#3783,#3784,#3785,#3786,#3787,#3788,#3789));
#3792=STYLED_ITEM('',(#3794),#4438);
#3793=STYLED_ITEM('',(#3821),#4439);
#3794=PRESENTATION_STYLE_ASSIGNMENT((#3900));
#3795=PRESENTATION_STYLE_ASSIGNMENT((#3901));
#3796=PRESENTATION_STYLE_ASSIGNMENT((#3902));
#3797=PRESENTATION_STYLE_ASSIGNMENT((#3903));
#3798=PRESENTATION_STYLE_ASSIGNMENT((#3904));
#3799=PRESENTATION_STYLE_ASSIGNMENT((#3905));
#3800=PRESENTATION_STYLE_ASSIGNMENT((#3906));
#3801=PRESENTATION_STYLE_ASSIGNMENT((#3907));
#3802=PRESENTATION_STYLE_ASSIGNMENT((#3908));
#3803=PRESENTATION_STYLE_ASSIGNMENT((#3909));
#3804=PRESENTATION_STYLE_ASSIGNMENT((#3910));
#3805=PRESENTATION_STYLE_ASSIGNMENT((#3911));
#3806=PRESENTATION_STYLE_ASSIGNMENT((#3912));
#3807=PRESENTATION_STYLE_ASSIGNMENT((#3913));
#3808=PRESENTATION_STYLE_ASSIGNMENT((#3914));
#3809=PRESENTATION_STYLE_ASSIGNMENT((#3915));
#3810=PRESENTATION_STYLE_ASSIGNMENT((#3916));
#3811=PRESENTATION_STYLE_ASSIGNMENT((#3917));
#3812=PRESENTATION_STYLE_ASSIGNMENT((#3918));
#3813=PRESENTATION_STYLE_ASSIGNMENT((#3919));
#3814=PRESENTATION_STYLE_ASSIGNMENT((#3920));
#3815=PRESENTATION_STYLE_ASSIGNMENT((#3921));
#3816=PRESENTATION_STYLE_ASSIGNMENT((#3922));
#3817=PRESENTATION_STYLE_ASSIGNMENT((#3923));
#3818=PRESENTATION_STYLE_ASSIGNMENT((#3924));
#3819=PRESENTATION_STYLE_ASSIGNMENT((#3925));
#3820=PRESENTATION_STYLE_ASSIGNMENT((#3926));
#3821=PRESENTATION_STYLE_ASSIGNMENT((#3927));
#3822=PRESENTATION_STYLE_ASSIGNMENT((#3928));
#3823=PRESENTATION_STYLE_ASSIGNMENT((#3929));
#3824=PRESENTATION_STYLE_ASSIGNMENT((#3930));
#3825=PRESENTATION_STYLE_ASSIGNMENT((#3931));
#3826=PRESENTATION_STYLE_ASSIGNMENT((#3932));
#3827=PRESENTATION_STYLE_ASSIGNMENT((#3933));
#3828=PRESENTATION_STYLE_ASSIGNMENT((#3934));
#3829=PRESENTATION_STYLE_ASSIGNMENT((#3935));
#3830=PRESENTATION_STYLE_ASSIGNMENT((#3936));
#3831=PRESENTATION_STYLE_ASSIGNMENT((#3937));
#3832=PRESENTATION_STYLE_ASSIGNMENT((#3938));
#3833=PRESENTATION_STYLE_ASSIGNMENT((#3939));
#3834=PRESENTATION_STYLE_ASSIGNMENT((#3940));
#3835=PRESENTATION_STYLE_ASSIGNMENT((#3941));
#3836=PRESENTATION_STYLE_ASSIGNMENT((#3942));
#3837=PRESENTATION_STYLE_ASSIGNMENT((#3943));
#3838=PRESENTATION_STYLE_ASSIGNMENT((#3944));
#3839=PRESENTATION_STYLE_ASSIGNMENT((#3945));
#3840=PRESENTATION_STYLE_ASSIGNMENT((#3946));
#3841=PRESENTATION_STYLE_ASSIGNMENT((#3947));
#3842=PRESENTATION_STYLE_ASSIGNMENT((#3948));
#3843=PRESENTATION_STYLE_ASSIGNMENT((#3949));
#3844=PRESENTATION_STYLE_ASSIGNMENT((#3950));
#3845=PRESENTATION_STYLE_ASSIGNMENT((#3951));
#3846=PRESENTATION_STYLE_ASSIGNMENT((#3952));
#3847=PRESENTATION_STYLE_ASSIGNMENT((#3953));
#3848=PRESENTATION_STYLE_ASSIGNMENT((#3954));
#3849=PRESENTATION_STYLE_ASSIGNMENT((#3955));
#3850=PRESENTATION_STYLE_ASSIGNMENT((#3956));
#3851=PRESENTATION_STYLE_ASSIGNMENT((#3957));
#3852=PRESENTATION_STYLE_ASSIGNMENT((#3958));
#3853=PRESENTATION_STYLE_ASSIGNMENT((#3959));
#3854=PRESENTATION_STYLE_ASSIGNMENT((#3960));
#3855=PRESENTATION_STYLE_ASSIGNMENT((#3961));
#3856=PRESENTATION_STYLE_ASSIGNMENT((#3962));
#3857=PRESENTATION_STYLE_ASSIGNMENT((#3963));
#3858=PRESENTATION_STYLE_ASSIGNMENT((#3964));
#3859=PRESENTATION_STYLE_ASSIGNMENT((#3965));
#3860=PRESENTATION_STYLE_ASSIGNMENT((#3966));
#3861=PRESENTATION_STYLE_ASSIGNMENT((#3967));
#3862=PRESENTATION_STYLE_ASSIGNMENT((#3968));
#3863=PRESENTATION_STYLE_ASSIGNMENT((#3969));
#3864=PRESENTATION_STYLE_ASSIGNMENT((#3970));
#3865=PRESENTATION_STYLE_ASSIGNMENT((#3971));
#3866=PRESENTATION_STYLE_ASSIGNMENT((#3972));
#3867=PRESENTATION_STYLE_ASSIGNMENT((#3973));
#3868=PRESENTATION_STYLE_ASSIGNMENT((#3974));
#3869=PRESENTATION_STYLE_ASSIGNMENT((#3975));
#3870=PRESENTATION_STYLE_ASSIGNMENT((#3976));
#3871=PRESENTATION_STYLE_ASSIGNMENT((#3977));
#3872=PRESENTATION_STYLE_ASSIGNMENT((#3978));
#3873=PRESENTATION_STYLE_ASSIGNMENT((#3979));
#3874=PRESENTATION_STYLE_ASSIGNMENT((#3980));
#3875=PRESENTATION_STYLE_ASSIGNMENT((#3981));
#3876=PRESENTATION_STYLE_ASSIGNMENT((#3982));
#3877=PRESENTATION_STYLE_ASSIGNMENT((#3983));
#3878=PRESENTATION_STYLE_ASSIGNMENT((#3984));
#3879=PRESENTATION_STYLE_ASSIGNMENT((#3985));
#3880=PRESENTATION_STYLE_ASSIGNMENT((#3986));
#3881=PRESENTATION_STYLE_ASSIGNMENT((#3987));
#3882=PRESENTATION_STYLE_ASSIGNMENT((#3988));
#3883=PRESENTATION_STYLE_ASSIGNMENT((#3989));
#3884=PRESENTATION_STYLE_ASSIGNMENT((#3990));
#3885=PRESENTATION_STYLE_ASSIGNMENT((#3991));
#3886=PRESENTATION_STYLE_ASSIGNMENT((#3992));
#3887=PRESENTATION_STYLE_ASSIGNMENT((#3993));
#3888=PRESENTATION_STYLE_ASSIGNMENT((#3994));
#3889=PRESENTATION_STYLE_ASSIGNMENT((#3995));
#3890=PRESENTATION_STYLE_ASSIGNMENT((#3996));
#3891=PRESENTATION_STYLE_ASSIGNMENT((#3997));
#3892=PRESENTATION_STYLE_ASSIGNMENT((#3998));
#3893=PRESENTATION_STYLE_ASSIGNMENT((#3999));
#3894=PRESENTATION_STYLE_ASSIGNMENT((#4000));
#3895=PRESENTATION_STYLE_ASSIGNMENT((#4001));
#3896=PRESENTATION_STYLE_ASSIGNMENT((#4002));
#3897=PRESENTATION_STYLE_ASSIGNMENT((#4003));
#3898=PRESENTATION_STYLE_ASSIGNMENT((#4004));
#3899=PRESENTATION_STYLE_ASSIGNMENT((#4005));
#3900=SURFACE_STYLE_USAGE(.BOTH.,#4006);
#3901=SURFACE_STYLE_USAGE(.BOTH.,#4007);
#3902=SURFACE_STYLE_USAGE(.BOTH.,#4008);
#3903=SURFACE_STYLE_USAGE(.BOTH.,#4009);
#3904=SURFACE_STYLE_USAGE(.BOTH.,#4010);
#3905=SURFACE_STYLE_USAGE(.BOTH.,#4011);
#3906=SURFACE_STYLE_USAGE(.BOTH.,#4012);
#3907=SURFACE_STYLE_USAGE(.BOTH.,#4013);
#3908=SURFACE_STYLE_USAGE(.BOTH.,#4014);
#3909=SURFACE_STYLE_USAGE(.BOTH.,#4015);
#3910=SURFACE_STYLE_USAGE(.BOTH.,#4016);
#3911=SURFACE_STYLE_USAGE(.BOTH.,#4017);
#3912=SURFACE_STYLE_USAGE(.BOTH.,#4018);
#3913=SURFACE_STYLE_USAGE(.BOTH.,#4019);
#3914=SURFACE_STYLE_USAGE(.BOTH.,#4020);
#3915=SURFACE_STYLE_USAGE(.BOTH.,#4021);
#3916=SURFACE_STYLE_USAGE(.BOTH.,#4022);
#3917=SURFACE_STYLE_USAGE(.BOTH.,#4023);
#3918=SURFACE_STYLE_USAGE(.BOTH.,#4024);
#3919=SURFACE_STYLE_USAGE(.BOTH.,#4025);
#3920=SURFACE_STYLE_USAGE(.BOTH.,#4026);
#3921=SURFACE_STYLE_USAGE(.BOTH.,#4027);
#3922=SURFACE_STYLE_USAGE(.BOTH.,#4028);
#3923=SURFACE_STYLE_USAGE(.BOTH.,#4029);
#3924=SURFACE_STYLE_USAGE(.BOTH.,#4030);
#3925=SURFACE_STYLE_USAGE(.BOTH.,#4031);
#3926=SURFACE_STYLE_USAGE(.BOTH.,#4032);
#3927=SURFACE_STYLE_USAGE(.BOTH.,#4033);
#3928=SURFACE_STYLE_USAGE(.BOTH.,#4034);
#3929=SURFACE_STYLE_USAGE(.BOTH.,#4035);
#3930=SURFACE_STYLE_USAGE(.BOTH.,#4036);
#3931=SURFACE_STYLE_USAGE(.BOTH.,#4037);
#3932=SURFACE_STYLE_USAGE(.BOTH.,#4038);
#3933=SURFACE_STYLE_USAGE(.BOTH.,#4039);
#3934=SURFACE_STYLE_USAGE(.BOTH.,#4040);
#3935=SURFACE_STYLE_USAGE(.BOTH.,#4041);
#3936=SURFACE_STYLE_USAGE(.BOTH.,#4042);
#3937=SURFACE_STYLE_USAGE(.BOTH.,#4043);
#3938=SURFACE_STYLE_USAGE(.BOTH.,#4044);
#3939=SURFACE_STYLE_USAGE(.BOTH.,#4045);
#3940=SURFACE_STYLE_USAGE(.BOTH.,#4046);
#3941=SURFACE_STYLE_USAGE(.BOTH.,#4047);
#3942=SURFACE_STYLE_USAGE(.BOTH.,#4048);
#3943=SURFACE_STYLE_USAGE(.BOTH.,#4049);
#3944=SURFACE_STYLE_USAGE(.BOTH.,#4050);
#3945=SURFACE_STYLE_USAGE(.BOTH.,#4051);
#3946=SURFACE_STYLE_USAGE(.BOTH.,#4052);
#3947=SURFACE_STYLE_USAGE(.BOTH.,#4053);
#3948=SURFACE_STYLE_USAGE(.BOTH.,#4054);
#3949=SURFACE_STYLE_USAGE(.BOTH.,#4055);
#3950=SURFACE_STYLE_USAGE(.BOTH.,#4056);
#3951=SURFACE_STYLE_USAGE(.BOTH.,#4057);
#3952=SURFACE_STYLE_USAGE(.BOTH.,#4058);
#3953=SURFACE_STYLE_USAGE(.BOTH.,#4059);
#3954=SURFACE_STYLE_USAGE(.BOTH.,#4060);
#3955=SURFACE_STYLE_USAGE(.BOTH.,#4061);
#3956=SURFACE_STYLE_USAGE(.BOTH.,#4062);
#3957=SURFACE_STYLE_USAGE(.BOTH.,#4063);
#3958=SURFACE_STYLE_USAGE(.BOTH.,#4064);
#3959=SURFACE_STYLE_USAGE(.BOTH.,#4065);
#3960=SURFACE_STYLE_USAGE(.BOTH.,#4066);
#3961=SURFACE_STYLE_USAGE(.BOTH.,#4067);
#3962=SURFACE_STYLE_USAGE(.BOTH.,#4068);
#3963=SURFACE_STYLE_USAGE(.BOTH.,#4069);
#3964=SURFACE_STYLE_USAGE(.BOTH.,#4070);
#3965=SURFACE_STYLE_USAGE(.BOTH.,#4071);
#3966=SURFACE_STYLE_USAGE(.BOTH.,#4072);
#3967=SURFACE_STYLE_USAGE(.BOTH.,#4073);
#3968=SURFACE_STYLE_USAGE(.BOTH.,#4074);
#3969=SURFACE_STYLE_USAGE(.BOTH.,#4075);
#3970=SURFACE_STYLE_USAGE(.BOTH.,#4076);
#3971=SURFACE_STYLE_USAGE(.BOTH.,#4077);
#3972=SURFACE_STYLE_USAGE(.BOTH.,#4078);
#3973=SURFACE_STYLE_USAGE(.BOTH.,#4079);
#3974=SURFACE_STYLE_USAGE(.BOTH.,#4080);
#3975=SURFACE_STYLE_USAGE(.BOTH.,#4081);
#3976=SURFACE_STYLE_USAGE(.BOTH.,#4082);
#3977=SURFACE_STYLE_USAGE(.BOTH.,#4083);
#3978=SURFACE_STYLE_USAGE(.BOTH.,#4084);
#3979=SURFACE_STYLE_USAGE(.BOTH.,#4085);
#3980=SURFACE_STYLE_USAGE(.BOTH.,#4086);
#3981=SURFACE_STYLE_USAGE(.BOTH.,#4087);
#3982=SURFACE_STYLE_USAGE(.BOTH.,#4088);
#3983=SURFACE_STYLE_USAGE(.BOTH.,#4089);
#3984=SURFACE_STYLE_USAGE(.BOTH.,#4090);
#3985=SURFACE_STYLE_USAGE(.BOTH.,#4091);
#3986=SURFACE_STYLE_USAGE(.BOTH.,#4092);
#3987=SURFACE_STYLE_USAGE(.BOTH.,#4093);
#3988=SURFACE_STYLE_USAGE(.BOTH.,#4094);
#3989=SURFACE_STYLE_USAGE(.BOTH.,#4095);
#3990=SURFACE_STYLE_USAGE(.BOTH.,#4096);
#3991=SURFACE_STYLE_USAGE(.BOTH.,#4097);
#3992=SURFACE_STYLE_USAGE(.BOTH.,#4098);
#3993=SURFACE_STYLE_USAGE(.BOTH.,#4099);
#3994=SURFACE_STYLE_USAGE(.BOTH.,#4100);
#3995=SURFACE_STYLE_USAGE(.BOTH.,#4101);
#3996=SURFACE_STYLE_USAGE(.BOTH.,#4102);
#3997=SURFACE_STYLE_USAGE(.BOTH.,#4103);
#3998=SURFACE_STYLE_USAGE(.BOTH.,#4104);
#3999=SURFACE_STYLE_USAGE(.BOTH.,#4105);
#4000=SURFACE_STYLE_USAGE(.BOTH.,#4106);
#4001=SURFACE_STYLE_USAGE(.BOTH.,#4107);
#4002=SURFACE_STYLE_USAGE(.BOTH.,#4108);
#4003=SURFACE_STYLE_USAGE(.BOTH.,#4109);
#4004=SURFACE_STYLE_USAGE(.BOTH.,#4110);
#4005=SURFACE_STYLE_USAGE(.BOTH.,#4111);
#4006=SURFACE_SIDE_STYLE('',(#4112));
#4007=SURFACE_SIDE_STYLE('',(#4113));
#4008=SURFACE_SIDE_STYLE('',(#4114));
#4009=SURFACE_SIDE_STYLE('',(#4115));
#4010=SURFACE_SIDE_STYLE('',(#4116));
#4011=SURFACE_SIDE_STYLE('',(#4117));
#4012=SURFACE_SIDE_STYLE('',(#4118));
#4013=SURFACE_SIDE_STYLE('',(#4119));
#4014=SURFACE_SIDE_STYLE('',(#4120));
#4015=SURFACE_SIDE_STYLE('',(#4121));
#4016=SURFACE_SIDE_STYLE('',(#4122));
#4017=SURFACE_SIDE_STYLE('',(#4123));
#4018=SURFACE_SIDE_STYLE('',(#4124));
#4019=SURFACE_SIDE_STYLE('',(#4125));
#4020=SURFACE_SIDE_STYLE('',(#4126));
#4021=SURFACE_SIDE_STYLE('',(#4127));
#4022=SURFACE_SIDE_STYLE('',(#4128));
#4023=SURFACE_SIDE_STYLE('',(#4129));
#4024=SURFACE_SIDE_STYLE('',(#4130));
#4025=SURFACE_SIDE_STYLE('',(#4131));
#4026=SURFACE_SIDE_STYLE('',(#4132));
#4027=SURFACE_SIDE_STYLE('',(#4133));
#4028=SURFACE_SIDE_STYLE('',(#4134));
#4029=SURFACE_SIDE_STYLE('',(#4135));
#4030=SURFACE_SIDE_STYLE('',(#4136));
#4031=SURFACE_SIDE_STYLE('',(#4137));
#4032=SURFACE_SIDE_STYLE('',(#4138));
#4033=SURFACE_SIDE_STYLE('',(#4139));
#4034=SURFACE_SIDE_STYLE('',(#4140));
#4035=SURFACE_SIDE_STYLE('',(#4141));
#4036=SURFACE_SIDE_STYLE('',(#4142));
#4037=SURFACE_SIDE_STYLE('',(#4143));
#4038=SURFACE_SIDE_STYLE('',(#4144));
#4039=SURFACE_SIDE_STYLE('',(#4145));
#4040=SURFACE_SIDE_STYLE('',(#4146));
#4041=SURFACE_SIDE_STYLE('',(#4147));
#4042=SURFACE_SIDE_STYLE('',(#4148));
#4043=SURFACE_SIDE_STYLE('',(#4149));
#4044=SURFACE_SIDE_STYLE('',(#4150));
#4045=SURFACE_SIDE_STYLE('',(#4151));
#4046=SURFACE_SIDE_STYLE('',(#4152));
#4047=SURFACE_SIDE_STYLE('',(#4153));
#4048=SURFACE_SIDE_STYLE('',(#4154));
#4049=SURFACE_SIDE_STYLE('',(#4155));
#4050=SURFACE_SIDE_STYLE('',(#4156));
#4051=SURFACE_SIDE_STYLE('',(#4157));
#4052=SURFACE_SIDE_STYLE('',(#4158));
#4053=SURFACE_SIDE_STYLE('',(#4159));
#4054=SURFACE_SIDE_STYLE('',(#4160));
#4055=SURFACE_SIDE_STYLE('',(#4161));
#4056=SURFACE_SIDE_STYLE('',(#4162));
#4057=SURFACE_SIDE_STYLE('',(#4163));
#4058=SURFACE_SIDE_STYLE('',(#4164));
#4059=SURFACE_SIDE_STYLE('',(#4165));
#4060=SURFACE_SIDE_STYLE('',(#4166));
#4061=SURFACE_SIDE_STYLE('',(#4167));
#4062=SURFACE_SIDE_STYLE('',(#4168));
#4063=SURFACE_SIDE_STYLE('',(#4169));
#4064=SURFACE_SIDE_STYLE('',(#4170));
#4065=SURFACE_SIDE_STYLE('',(#4171));
#4066=SURFACE_SIDE_STYLE('',(#4172));
#4067=SURFACE_SIDE_STYLE('',(#4173));
#4068=SURFACE_SIDE_STYLE('',(#4174));
#4069=SURFACE_SIDE_STYLE('',(#4175));
#4070=SURFACE_SIDE_STYLE('',(#4176));
#4071=SURFACE_SIDE_STYLE('',(#4177));
#4072=SURFACE_SIDE_STYLE('',(#4178));
#4073=SURFACE_SIDE_STYLE('',(#4179));
#4074=SURFACE_SIDE_STYLE('',(#4180));
#4075=SURFACE_SIDE_STYLE('',(#4181));
#4076=SURFACE_SIDE_STYLE('',(#4182));
#4077=SURFACE_SIDE_STYLE('',(#4183));
#4078=SURFACE_SIDE_STYLE('',(#4184));
#4079=SURFACE_SIDE_STYLE('',(#4185));
#4080=SURFACE_SIDE_STYLE('',(#4186));
#4081=SURFACE_SIDE_STYLE('',(#4187));
#4082=SURFACE_SIDE_STYLE('',(#4188));
#4083=SURFACE_SIDE_STYLE('',(#4189));
#4084=SURFACE_SIDE_STYLE('',(#4190));
#4085=SURFACE_SIDE_STYLE('',(#4191));
#4086=SURFACE_SIDE_STYLE('',(#4192));
#4087=SURFACE_SIDE_STYLE('',(#4193));
#4088=SURFACE_SIDE_STYLE('',(#4194));
#4089=SURFACE_SIDE_STYLE('',(#4195));
#4090=SURFACE_SIDE_STYLE('',(#4196));
#4091=SURFACE_SIDE_STYLE('',(#4197));
#4092=SURFACE_SIDE_STYLE('',(#4198));
#4093=SURFACE_SIDE_STYLE('',(#4199));
#4094=SURFACE_SIDE_STYLE('',(#4200));
#4095=SURFACE_SIDE_STYLE('',(#4201));
#4096=SURFACE_SIDE_STYLE('',(#4202));
#4097=SURFACE_SIDE_STYLE('',(#4203));
#4098=SURFACE_SIDE_STYLE('',(#4204));
#4099=SURFACE_SIDE_STYLE('',(#4205));
#4100=SURFACE_SIDE_STYLE('',(#4206));
#4101=SURFACE_SIDE_STYLE('',(#4207));
#4102=SURFACE_SIDE_STYLE('',(#4208));
#4103=SURFACE_SIDE_STYLE('',(#4209));
#4104=SURFACE_SIDE_STYLE('',(#4210));
#4105=SURFACE_SIDE_STYLE('',(#4211));
#4106=SURFACE_SIDE_STYLE('',(#4212));
#4107=SURFACE_SIDE_STYLE('',(#4213));
#4108=SURFACE_SIDE_STYLE('',(#4214));
#4109=SURFACE_SIDE_STYLE('',(#4215));
#4110=SURFACE_SIDE_STYLE('',(#4216));
#4111=SURFACE_SIDE_STYLE('',(#4217));
#4112=SURFACE_STYLE_FILL_AREA(#4218);
#4113=SURFACE_STYLE_FILL_AREA(#4219);
#4114=SURFACE_STYLE_FILL_AREA(#4220);
#4115=SURFACE_STYLE_FILL_AREA(#4221);
#4116=SURFACE_STYLE_FILL_AREA(#4222);
#4117=SURFACE_STYLE_FILL_AREA(#4223);
#4118=SURFACE_STYLE_FILL_AREA(#4224);
#4119=SURFACE_STYLE_FILL_AREA(#4225);
#4120=SURFACE_STYLE_FILL_AREA(#4226);
#4121=SURFACE_STYLE_FILL_AREA(#4227);
#4122=SURFACE_STYLE_FILL_AREA(#4228);
#4123=SURFACE_STYLE_FILL_AREA(#4229);
#4124=SURFACE_STYLE_FILL_AREA(#4230);
#4125=SURFACE_STYLE_FILL_AREA(#4231);
#4126=SURFACE_STYLE_FILL_AREA(#4232);
#4127=SURFACE_STYLE_FILL_AREA(#4233);
#4128=SURFACE_STYLE_FILL_AREA(#4234);
#4129=SURFACE_STYLE_FILL_AREA(#4235);
#4130=SURFACE_STYLE_FILL_AREA(#4236);
#4131=SURFACE_STYLE_FILL_AREA(#4237);
#4132=SURFACE_STYLE_FILL_AREA(#4238);
#4133=SURFACE_STYLE_FILL_AREA(#4239);
#4134=SURFACE_STYLE_FILL_AREA(#4240);
#4135=SURFACE_STYLE_FILL_AREA(#4241);
#4136=SURFACE_STYLE_FILL_AREA(#4242);
#4137=SURFACE_STYLE_FILL_AREA(#4243);
#4138=SURFACE_STYLE_FILL_AREA(#4244);
#4139=SURFACE_STYLE_FILL_AREA(#4245);
#4140=SURFACE_STYLE_FILL_AREA(#4246);
#4141=SURFACE_STYLE_FILL_AREA(#4247);
#4142=SURFACE_STYLE_FILL_AREA(#4248);
#4143=SURFACE_STYLE_FILL_AREA(#4249);
#4144=SURFACE_STYLE_FILL_AREA(#4250);
#4145=SURFACE_STYLE_FILL_AREA(#4251);
#4146=SURFACE_STYLE_FILL_AREA(#4252);
#4147=SURFACE_STYLE_FILL_AREA(#4253);
#4148=SURFACE_STYLE_FILL_AREA(#4254);
#4149=SURFACE_STYLE_FILL_AREA(#4255);
#4150=SURFACE_STYLE_FILL_AREA(#4256);
#4151=SURFACE_STYLE_FILL_AREA(#4257);
#4152=SURFACE_STYLE_FILL_AREA(#4258);
#4153=SURFACE_STYLE_FILL_AREA(#4259);
#4154=SURFACE_STYLE_FILL_AREA(#4260);
#4155=SURFACE_STYLE_FILL_AREA(#4261);
#4156=SURFACE_STYLE_FILL_AREA(#4262);
#4157=SURFACE_STYLE_FILL_AREA(#4263);
#4158=SURFACE_STYLE_FILL_AREA(#4264);
#4159=SURFACE_STYLE_FILL_AREA(#4265);
#4160=SURFACE_STYLE_FILL_AREA(#4266);
#4161=SURFACE_STYLE_FILL_AREA(#4267);
#4162=SURFACE_STYLE_FILL_AREA(#4268);
#4163=SURFACE_STYLE_FILL_AREA(#4269);
#4164=SURFACE_STYLE_FILL_AREA(#4270);
#4165=SURFACE_STYLE_FILL_AREA(#4271);
#4166=SURFACE_STYLE_FILL_AREA(#4272);
#4167=SURFACE_STYLE_FILL_AREA(#4273);
#4168=SURFACE_STYLE_FILL_AREA(#4274);
#4169=SURFACE_STYLE_FILL_AREA(#4275);
#4170=SURFACE_STYLE_FILL_AREA(#4276);
#4171=SURFACE_STYLE_FILL_AREA(#4277);
#4172=SURFACE_STYLE_FILL_AREA(#4278);
#4173=SURFACE_STYLE_FILL_AREA(#4279);
#4174=SURFACE_STYLE_FILL_AREA(#4280);
#4175=SURFACE_STYLE_FILL_AREA(#4281);
#4176=SURFACE_STYLE_FILL_AREA(#4282);
#4177=SURFACE_STYLE_FILL_AREA(#4283);
#4178=SURFACE_STYLE_FILL_AREA(#4284);
#4179=SURFACE_STYLE_FILL_AREA(#4285);
#4180=SURFACE_STYLE_FILL_AREA(#4286);
#4181=SURFACE_STYLE_FILL_AREA(#4287);
#4182=SURFACE_STYLE_FILL_AREA(#4288);
#4183=SURFACE_STYLE_FILL_AREA(#4289);
#4184=SURFACE_STYLE_FILL_AREA(#4290);
#4185=SURFACE_STYLE_FILL_AREA(#4291);
#4186=SURFACE_STYLE_FILL_AREA(#4292);
#4187=SURFACE_STYLE_FILL_AREA(#4293);
#4188=SURFACE_STYLE_FILL_AREA(#4294);
#4189=SURFACE_STYLE_FILL_AREA(#4295);
#4190=SURFACE_STYLE_FILL_AREA(#4296);
#4191=SURFACE_STYLE_FILL_AREA(#4297);
#4192=SURFACE_STYLE_FILL_AREA(#4298);
#4193=SURFACE_STYLE_FILL_AREA(#4299);
#4194=SURFACE_STYLE_FILL_AREA(#4300);
#4195=SURFACE_STYLE_FILL_AREA(#4301);
#4196=SURFACE_STYLE_FILL_AREA(#4302);
#4197=SURFACE_STYLE_FILL_AREA(#4303);
#4198=SURFACE_STYLE_FILL_AREA(#4304);
#4199=SURFACE_STYLE_FILL_AREA(#4305);
#4200=SURFACE_STYLE_FILL_AREA(#4306);
#4201=SURFACE_STYLE_FILL_AREA(#4307);
#4202=SURFACE_STYLE_FILL_AREA(#4308);
#4203=SURFACE_STYLE_FILL_AREA(#4309);
#4204=SURFACE_STYLE_FILL_AREA(#4310);
#4205=SURFACE_STYLE_FILL_AREA(#4311);
#4206=SURFACE_STYLE_FILL_AREA(#4312);
#4207=SURFACE_STYLE_FILL_AREA(#4313);
#4208=SURFACE_STYLE_FILL_AREA(#4314);
#4209=SURFACE_STYLE_FILL_AREA(#4315);
#4210=SURFACE_STYLE_FILL_AREA(#4316);
#4211=SURFACE_STYLE_FILL_AREA(#4317);
#4212=SURFACE_STYLE_FILL_AREA(#4318);
#4213=SURFACE_STYLE_FILL_AREA(#4319);
#4214=SURFACE_STYLE_FILL_AREA(#4320);
#4215=SURFACE_STYLE_FILL_AREA(#4321);
#4216=SURFACE_STYLE_FILL_AREA(#4322);
#4217=SURFACE_STYLE_FILL_AREA(#4323);
#4218=FILL_AREA_STYLE('',(#4324));
#4219=FILL_AREA_STYLE('',(#4325));
#4220=FILL_AREA_STYLE('',(#4326));
#4221=FILL_AREA_STYLE('',(#4327));
#4222=FILL_AREA_STYLE('',(#4328));
#4223=FILL_AREA_STYLE('',(#4329));
#4224=FILL_AREA_STYLE('',(#4330));
#4225=FILL_AREA_STYLE('',(#4331));
#4226=FILL_AREA_STYLE('',(#4332));
#4227=FILL_AREA_STYLE('',(#4333));
#4228=FILL_AREA_STYLE('',(#4334));
#4229=FILL_AREA_STYLE('',(#4335));
#4230=FILL_AREA_STYLE('',(#4336));
#4231=FILL_AREA_STYLE('',(#4337));
#4232=FILL_AREA_STYLE('',(#4338));
#4233=FILL_AREA_STYLE('',(#4339));
#4234=FILL_AREA_STYLE('',(#4340));
#4235=FILL_AREA_STYLE('',(#4341));
#4236=FILL_AREA_STYLE('',(#4342));
#4237=FILL_AREA_STYLE('',(#4343));
#4238=FILL_AREA_STYLE('',(#4344));
#4239=FILL_AREA_STYLE('',(#4345));
#4240=FILL_AREA_STYLE('',(#4346));
#4241=FILL_AREA_STYLE('',(#4347));
#4242=FILL_AREA_STYLE('',(#4348));
#4243=FILL_AREA_STYLE('',(#4349));
#4244=FILL_AREA_STYLE('',(#4350));
#4245=FILL_AREA_STYLE('',(#4351));
#4246=FILL_AREA_STYLE('',(#4352));
#4247=FILL_AREA_STYLE('',(#4353));
#4248=FILL_AREA_STYLE('',(#4354));
#4249=FILL_AREA_STYLE('',(#4355));
#4250=FILL_AREA_STYLE('',(#4356));
#4251=FILL_AREA_STYLE('',(#4357));
#4252=FILL_AREA_STYLE('',(#4358));
#4253=FILL_AREA_STYLE('',(#4359));
#4254=FILL_AREA_STYLE('',(#4360));
#4255=FILL_AREA_STYLE('',(#4361));
#4256=FILL_AREA_STYLE('',(#4362));
#4257=FILL_AREA_STYLE('',(#4363));
#4258=FILL_AREA_STYLE('',(#4364));
#4259=FILL_AREA_STYLE('',(#4365));
#4260=FILL_AREA_STYLE('',(#4366));
#4261=FILL_AREA_STYLE('',(#4367));
#4262=FILL_AREA_STYLE('',(#4368));
#4263=FILL_AREA_STYLE('',(#4369));
#4264=FILL_AREA_STYLE('',(#4370));
#4265=FILL_AREA_STYLE('',(#4371));
#4266=FILL_AREA_STYLE('',(#4372));
#4267=FILL_AREA_STYLE('',(#4373));
#4268=FILL_AREA_STYLE('',(#4374));
#4269=FILL_AREA_STYLE('',(#4375));
#4270=FILL_AREA_STYLE('',(#4376));
#4271=FILL_AREA_STYLE('',(#4377));
#4272=FILL_AREA_STYLE('',(#4378));
#4273=FILL_AREA_STYLE('',(#4379));
#4274=FILL_AREA_STYLE('',(#4380));
#4275=FILL_AREA_STYLE('',(#4381));
#4276=FILL_AREA_STYLE('',(#4382));
#4277=FILL_AREA_STYLE('',(#4383));
#4278=FILL_AREA_STYLE('',(#4384));
#4279=FILL_AREA_STYLE('',(#4385));
#4280=FILL_AREA_STYLE('',(#4386));
#4281=FILL_AREA_STYLE('',(#4387));
#4282=FILL_AREA_STYLE('',(#4388));
#4283=FILL_AREA_STYLE('',(#4389));
#4284=FILL_AREA_STYLE('',(#4390));
#4285=FILL_AREA_STYLE('',(#4391));
#4286=FILL_AREA_STYLE('',(#4392));
#4287=FILL_AREA_STYLE('',(#4393));
#4288=FILL_AREA_STYLE('',(#4394));
#4289=FILL_AREA_STYLE('',(#4395));
#4290=FILL_AREA_STYLE('',(#4396));
#4291=FILL_AREA_STYLE('',(#4397));
#4292=FILL_AREA_STYLE('',(#4398));
#4293=FILL_AREA_STYLE('',(#4399));
#4294=FILL_AREA_STYLE('',(#4400));
#4295=FILL_AREA_STYLE('',(#4401));
#4296=FILL_AREA_STYLE('',(#4402));
#4297=FILL_AREA_STYLE('',(#4403));
#4298=FILL_AREA_STYLE('',(#4404));
#4299=FILL_AREA_STYLE('',(#4405));
#4300=FILL_AREA_STYLE('',(#4406));
#4301=FILL_AREA_STYLE('',(#4407));
#4302=FILL_AREA_STYLE('',(#4408));
#4303=FILL_AREA_STYLE('',(#4409));
#4304=FILL_AREA_STYLE('',(#4410));
#4305=FILL_AREA_STYLE('',(#4411));
#4306=FILL_AREA_STYLE('',(#4412));
#4307=FILL_AREA_STYLE('',(#4413));
#4308=FILL_AREA_STYLE('',(#4414));
#4309=FILL_AREA_STYLE('',(#4415));
#4310=FILL_AREA_STYLE('',(#4416));
#4311=FILL_AREA_STYLE('',(#4417));
#4312=FILL_AREA_STYLE('',(#4418));
#4313=FILL_AREA_STYLE('',(#4419));
#4314=FILL_AREA_STYLE('',(#4420));
#4315=FILL_AREA_STYLE('',(#4421));
#4316=FILL_AREA_STYLE('',(#4422));
#4317=FILL_AREA_STYLE('',(#4423));
#4318=FILL_AREA_STYLE('',(#4424));
#4319=FILL_AREA_STYLE('',(#4425));
#4320=FILL_AREA_STYLE('',(#4426));
#4321=FILL_AREA_STYLE('',(#4427));
#4322=FILL_AREA_STYLE('',(#4428));
#4323=FILL_AREA_STYLE('',(#4429));
#4324=FILL_AREA_STYLE_COLOUR('',#4430);
#4325=FILL_AREA_STYLE_COLOUR('',#405);
#4326=FILL_AREA_STYLE_COLOUR('',#405);
#4327=FILL_AREA_STYLE_COLOUR('',#405);
#4328=FILL_AREA_STYLE_COLOUR('',#405);
#4329=FILL_AREA_STYLE_COLOUR('',#405);
#4330=FILL_AREA_STYLE_COLOUR('',#405);
#4331=FILL_AREA_STYLE_COLOUR('',#405);
#4332=FILL_AREA_STYLE_COLOUR('',#405);
#4333=FILL_AREA_STYLE_COLOUR('',#405);
#4334=FILL_AREA_STYLE_COLOUR('',#405);
#4335=FILL_AREA_STYLE_COLOUR('',#405);
#4336=FILL_AREA_STYLE_COLOUR('',#405);
#4337=FILL_AREA_STYLE_COLOUR('',#405);
#4338=FILL_AREA_STYLE_COLOUR('',#405);
#4339=FILL_AREA_STYLE_COLOUR('',#405);
#4340=FILL_AREA_STYLE_COLOUR('',#405);
#4341=FILL_AREA_STYLE_COLOUR('',#405);
#4342=FILL_AREA_STYLE_COLOUR('',#405);
#4343=FILL_AREA_STYLE_COLOUR('',#405);
#4344=FILL_AREA_STYLE_COLOUR('',#405);
#4345=FILL_AREA_STYLE_COLOUR('',#405);
#4346=FILL_AREA_STYLE_COLOUR('',#405);
#4347=FILL_AREA_STYLE_COLOUR('',#405);
#4348=FILL_AREA_STYLE_COLOUR('',#405);
#4349=FILL_AREA_STYLE_COLOUR('',#405);
#4350=FILL_AREA_STYLE_COLOUR('',#405);
#4351=FILL_AREA_STYLE_COLOUR('',#4431);
#4352=FILL_AREA_STYLE_COLOUR('',#4432);
#4353=FILL_AREA_STYLE_COLOUR('',#406);
#4354=FILL_AREA_STYLE_COLOUR('',#4432);
#4355=FILL_AREA_STYLE_COLOUR('',#406);
#4356=FILL_AREA_STYLE_COLOUR('',#4433);
#4357=FILL_AREA_STYLE_COLOUR('',#4434);
#4358=FILL_AREA_STYLE_COLOUR('',#4434);
#4359=FILL_AREA_STYLE_COLOUR('',#4434);
#4360=FILL_AREA_STYLE_COLOUR('',#4435);
#4361=FILL_AREA_STYLE_COLOUR('',#4435);
#4362=FILL_AREA_STYLE_COLOUR('',#4435);
#4363=FILL_AREA_STYLE_COLOUR('',#4436);
#4364=FILL_AREA_STYLE_COLOUR('',#4433);
#4365=FILL_AREA_STYLE_COLOUR('',#4433);
#4366=FILL_AREA_STYLE_COLOUR('',#4433);
#4367=FILL_AREA_STYLE_COLOUR('',#4433);
#4368=FILL_AREA_STYLE_COLOUR('',#4433);
#4369=FILL_AREA_STYLE_COLOUR('',#4433);
#4370=FILL_AREA_STYLE_COLOUR('',#4433);
#4371=FILL_AREA_STYLE_COLOUR('',#4435);
#4372=FILL_AREA_STYLE_COLOUR('',#4435);
#4373=FILL_AREA_STYLE_COLOUR('',#4435);
#4374=FILL_AREA_STYLE_COLOUR('',#4435);
#4375=FILL_AREA_STYLE_COLOUR('',#4435);
#4376=FILL_AREA_STYLE_COLOUR('',#4435);
#4377=FILL_AREA_STYLE_COLOUR('',#4435);
#4378=FILL_AREA_STYLE_COLOUR('',#4435);
#4379=FILL_AREA_STYLE_COLOUR('',#4435);
#4380=FILL_AREA_STYLE_COLOUR('',#4435);
#4381=FILL_AREA_STYLE_COLOUR('',#4435);
#4382=FILL_AREA_STYLE_COLOUR('',#4435);
#4383=FILL_AREA_STYLE_COLOUR('',#4435);
#4384=FILL_AREA_STYLE_COLOUR('',#4435);
#4385=FILL_AREA_STYLE_COLOUR('',#4435);
#4386=FILL_AREA_STYLE_COLOUR('',#4435);
#4387=FILL_AREA_STYLE_COLOUR('',#4435);
#4388=FILL_AREA_STYLE_COLOUR('',#4435);
#4389=FILL_AREA_STYLE_COLOUR('',#4436);
#4390=FILL_AREA_STYLE_COLOUR('',#4433);
#4391=FILL_AREA_STYLE_COLOUR('',#4433);
#4392=FILL_AREA_STYLE_COLOUR('',#4433);
#4393=FILL_AREA_STYLE_COLOUR('',#4433);
#4394=FILL_AREA_STYLE_COLOUR('',#4433);
#4395=FILL_AREA_STYLE_COLOUR('',#4433);
#4396=FILL_AREA_STYLE_COLOUR('',#4433);
#4397=FILL_AREA_STYLE_COLOUR('',#4433);
#4398=FILL_AREA_STYLE_COLOUR('',#4435);
#4399=FILL_AREA_STYLE_COLOUR('',#4435);
#4400=FILL_AREA_STYLE_COLOUR('',#4435);
#4401=FILL_AREA_STYLE_COLOUR('',#4435);
#4402=FILL_AREA_STYLE_COLOUR('',#4435);
#4403=FILL_AREA_STYLE_COLOUR('',#4435);
#4404=FILL_AREA_STYLE_COLOUR('',#4435);
#4405=FILL_AREA_STYLE_COLOUR('',#4435);
#4406=FILL_AREA_STYLE_COLOUR('',#4435);
#4407=FILL_AREA_STYLE_COLOUR('',#4435);
#4408=FILL_AREA_STYLE_COLOUR('',#4435);
#4409=FILL_AREA_STYLE_COLOUR('',#4435);
#4410=FILL_AREA_STYLE_COLOUR('',#4435);
#4411=FILL_AREA_STYLE_COLOUR('',#4435);
#4412=FILL_AREA_STYLE_COLOUR('',#4435);
#4413=FILL_AREA_STYLE_COLOUR('',#4433);
#4414=FILL_AREA_STYLE_COLOUR('',#4435);
#4415=FILL_AREA_STYLE_COLOUR('',#4435);
#4416=FILL_AREA_STYLE_COLOUR('',#4435);
#4417=FILL_AREA_STYLE_COLOUR('',#4435);
#4418=FILL_AREA_STYLE_COLOUR('',#4435);
#4419=FILL_AREA_STYLE_COLOUR('',#4435);
#4420=FILL_AREA_STYLE_COLOUR('',#4435);
#4421=FILL_AREA_STYLE_COLOUR('',#4435);
#4422=FILL_AREA_STYLE_COLOUR('',#4433);
#4423=FILL_AREA_STYLE_COLOUR('',#4435);
#4424=FILL_AREA_STYLE_COLOUR('',#4433);
#4425=FILL_AREA_STYLE_COLOUR('',#4433);
#4426=FILL_AREA_STYLE_COLOUR('',#4433);
#4427=FILL_AREA_STYLE_COLOUR('',#4437);
#4428=FILL_AREA_STYLE_COLOUR('',#4437);
#4429=FILL_AREA_STYLE_COLOUR('',#4437);
#4430=COLOUR_RGB('',0.752941176470588,0.752941176470588,0.);
#4431=COLOUR_RGB('',0.792156862745098,0.819607843137255,0.933333333333333);
#4432=COLOUR_RGB('',0.250980392156863,0.250980392156863,0.250980392156863);
#4433=COLOUR_RGB('',0.752941176470588,0.752941176470588,0.752941176470588);
#4434=COLOUR_RGB('',0.647058823529412,0.619607843137255,0.588235294117647);
#4435=COLOUR_RGB('',0.00784313725490196,0.235294117647059,0.823529411764706);
#4436=COLOUR_RGB('',0.901960784313726,0.901960784313726,0.901960784313726);
#4437=COLOUR_RGB('',0.901960784313726,0.92156862745098,0.929411764705882);
#4438=MANIFOLD_SOLID_BREP('JST 4-pin receptacle PCB-1-solid1',#3790);
#4439=MANIFOLD_SOLID_BREP('Boss-Extrude1',#3791);
#4440=SHAPE_DEFINITION_REPRESENTATION(#7657,#4442);
#4441=SHAPE_DEFINITION_REPRESENTATION(#7658,#4443);
#4442=SHAPE_REPRESENTATION('JST 4-pin receptacle PCB-1-solid1',(#4444),
#7647);
#4443=SHAPE_REPRESENTATION('Boss-Extrude1',(#4543),#7648);
#4444=AXIS2_PLACEMENT_3D('',#5599,#4731,#4732);
#4445=AXIS2_PLACEMENT_3D('',#5600,#4733,#4734);
#4446=AXIS2_PLACEMENT_3D('',#5609,#4739,#4740);
#4447=AXIS2_PLACEMENT_3D('',#5618,#4745,#4746);
#4448=AXIS2_PLACEMENT_3D('',#5627,#4751,#4752);
#4449=AXIS2_PLACEMENT_3D('',#5636,#4757,#4758);
#4450=AXIS2_PLACEMENT_3D('',#5642,#4762,#4763);
#4451=AXIS2_PLACEMENT_3D('',#5646,#4766,#4767);
#4452=AXIS2_PLACEMENT_3D('',#5650,#4770,#4771);
#4453=AXIS2_PLACEMENT_3D('',#5656,#4775,#4776);
#4454=AXIS2_PLACEMENT_3D('',#5662,#4780,#4781);
#4455=AXIS2_PLACEMENT_3D('',#5666,#4784,#4785);
#4456=AXIS2_PLACEMENT_3D('',#5670,#4788,#4789);
#4457=AXIS2_PLACEMENT_3D('',#5676,#4793,#4794);
#4458=AXIS2_PLACEMENT_3D('',#5682,#4798,#4799);
#4459=AXIS2_PLACEMENT_3D('',#5686,#4802,#4803);
#4460=AXIS2_PLACEMENT_3D('',#5690,#4806,#4807);
#4461=AXIS2_PLACEMENT_3D('',#5696,#4811,#4812);
#4462=AXIS2_PLACEMENT_3D('',#5702,#4816,#4817);
#4463=AXIS2_PLACEMENT_3D('',#5706,#4820,#4821);
#4464=AXIS2_PLACEMENT_3D('',#5710,#4824,#4825);
#4465=AXIS2_PLACEMENT_3D('',#5716,#4829,#4830);
#4466=AXIS2_PLACEMENT_3D('',#5725,#4835,#4836);
#4467=AXIS2_PLACEMENT_3D('',#5734,#4841,#4842);
#4468=AXIS2_PLACEMENT_3D('',#5738,#4845,#4846);
#4469=AXIS2_PLACEMENT_3D('',#5740,#4848,#4849);
#4470=AXIS2_PLACEMENT_3D('',#5744,#4852,#4853);
#4471=AXIS2_PLACEMENT_3D('',#5748,#4856,#4857);
#4472=AXIS2_PLACEMENT_3D('',#5750,#4859,#4860);
#4473=AXIS2_PLACEMENT_3D('',#5754,#4863,#4864);
#4474=AXIS2_PLACEMENT_3D('',#5758,#4867,#4868);
#4475=AXIS2_PLACEMENT_3D('',#5760,#4870,#4871);
#4476=AXIS2_PLACEMENT_3D('',#5764,#4874,#4875);
#4477=AXIS2_PLACEMENT_3D('',#5768,#4878,#4879);
#4478=AXIS2_PLACEMENT_3D('',#5770,#4881,#4882);
#4479=AXIS2_PLACEMENT_3D('',#5774,#4885,#4886);
#4480=AXIS2_PLACEMENT_3D('',#5783,#4891,#4892);
#4481=AXIS2_PLACEMENT_3D('',#5792,#4897,#4898);
#4482=AXIS2_PLACEMENT_3D('',#5798,#4902,#4903);
#4483=AXIS2_PLACEMENT_3D('',#5802,#4906,#4907);
#4484=AXIS2_PLACEMENT_3D('',#5806,#4910,#4911);
#4485=AXIS2_PLACEMENT_3D('',#5812,#4915,#4916);
#4486=AXIS2_PLACEMENT_3D('',#5818,#4920,#4921);
#4487=AXIS2_PLACEMENT_3D('',#5822,#4924,#4925);
#4488=AXIS2_PLACEMENT_3D('',#5826,#4928,#4929);
#4489=AXIS2_PLACEMENT_3D('',#5832,#4933,#4934);
#4490=AXIS2_PLACEMENT_3D('',#5845,#4941,#4942);
#4491=AXIS2_PLACEMENT_3D('',#5858,#4949,#4950);
#4492=AXIS2_PLACEMENT_3D('',#5860,#4952,#4953);
#4493=AXIS2_PLACEMENT_3D('',#5862,#4955,#4956);
#4494=AXIS2_PLACEMENT_3D('',#5864,#4958,#4959);
#4495=AXIS2_PLACEMENT_3D('',#5866,#4961,#4962);
#4496=AXIS2_PLACEMENT_3D('',#5872,#4966,#4967);
#4497=AXIS2_PLACEMENT_3D('',#5876,#4970,#4971);
#4498=AXIS2_PLACEMENT_3D('',#5880,#4974,#4975);
#4499=AXIS2_PLACEMENT_3D('',#5886,#4979,#4980);
#4500=AXIS2_PLACEMENT_3D('',#5892,#4984,#4985);
#4501=AXIS2_PLACEMENT_3D('',#5896,#4988,#4989);
#4502=AXIS2_PLACEMENT_3D('',#5900,#4992,#4993);
#4503=AXIS2_PLACEMENT_3D('',#5906,#4997,#4998);
#4504=AXIS2_PLACEMENT_3D('',#5910,#5001,#5002);
#4505=AXIS2_PLACEMENT_3D('',#5912,#5004,#5005);
#4506=AXIS2_PLACEMENT_3D('',#5916,#5008,#5009);
#4507=AXIS2_PLACEMENT_3D('',#5920,#5012,#5013);
#4508=AXIS2_PLACEMENT_3D('',#5922,#5015,#5016);
#4509=AXIS2_PLACEMENT_3D('',#5926,#5019,#5020);
#4510=AXIS2_PLACEMENT_3D('',#5944,#5030,#5031);
#4511=AXIS2_PLACEMENT_3D('',#5948,#5034,#5035);
#4512=AXIS2_PLACEMENT_3D('',#5952,#5038,#5039);
#4513=AXIS2_PLACEMENT_3D('',#5970,#5049,#5050);
#4514=AXIS2_PLACEMENT_3D('',#5976,#5054,#5055);
#4515=AXIS2_PLACEMENT_3D('',#5978,#5057,#5058);
#4516=AXIS2_PLACEMENT_3D('',#5984,#5062,#5063);
#4517=AXIS2_PLACEMENT_3D('',#5990,#5067,#5068);
#4518=AXIS2_PLACEMENT_3D('',#5998,#5073,#5074);
#4519=AXIS2_PLACEMENT_3D('',#6002,#5077,#5078);
#4520=AXIS2_PLACEMENT_3D('',#6007,#5083,#5084);
#4521=AXIS2_PLACEMENT_3D('',#6011,#5087,#5088);
#4522=AXIS2_PLACEMENT_3D('',#6013,#5090,#5091);
#4523=AXIS2_PLACEMENT_3D('',#6017,#5094,#5095);
#4524=AXIS2_PLACEMENT_3D('',#6021,#5098,#5099);
#4525=AXIS2_PLACEMENT_3D('',#6023,#5101,#5102);
#4526=AXIS2_PLACEMENT_3D('',#6027,#5105,#5106);
#4527=AXIS2_PLACEMENT_3D('',#6031,#5109,#5110);
#4528=AXIS2_PLACEMENT_3D('',#6035,#5113,#5114);
#4529=AXIS2_PLACEMENT_3D('',#6039,#5117,#5118);
#4530=AXIS2_PLACEMENT_3D('',#6041,#5120,#5121);
#4531=AXIS2_PLACEMENT_3D('',#6045,#5124,#5125);
#4532=AXIS2_PLACEMENT_3D('',#6051,#5129,#5130);
#4533=AXIS2_PLACEMENT_3D('',#6053,#5132,#5133);
#4534=AXIS2_PLACEMENT_3D('',#6055,#5135,#5136);
#4535=AXIS2_PLACEMENT_3D('',#6057,#5138,#5139);
#4536=AXIS2_PLACEMENT_3D('',#6063,#5143,#5144);
#4537=AXIS2_PLACEMENT_3D('',#6065,#5146,#5147);
#4538=AXIS2_PLACEMENT_3D('',#6067,#5149,#5150);
#4539=AXIS2_PLACEMENT_3D('',#6073,#5154,#5155);
#4540=AXIS2_PLACEMENT_3D('',#6077,#5158,#5159);
#4541=AXIS2_PLACEMENT_3D('',#6081,#5162,#5163);
#4542=AXIS2_PLACEMENT_3D('',#6083,#5165,#5166);
#4543=AXIS2_PLACEMENT_3D('',#6084,#5167,#5168);
#4544=AXIS2_PLACEMENT_3D('',#6085,#5169,#5170);
#4545=AXIS2_PLACEMENT_3D('',#6086,#5171,#5172);
#4546=AXIS2_PLACEMENT_3D('',#6089,#5173,#5174);
#4547=AXIS2_PLACEMENT_3D('',#6090,#5175,#5176);
#4548=AXIS2_PLACEMENT_3D('',#6091,#5177,#5178);
#4549=AXIS2_PLACEMENT_3D('',#6094,#5179,#5180);
#4550=AXIS2_PLACEMENT_3D('',#6095,#5181,#5182);
#4551=AXIS2_PLACEMENT_3D('',#6096,#5183,#5184);
#4552=AXIS2_PLACEMENT_3D('',#6099,#5185,#5186);
#4553=AXIS2_PLACEMENT_3D('',#6100,#5187,#5188);
#4554=AXIS2_PLACEMENT_3D('',#6101,#5189,#5190);
#4555=AXIS2_PLACEMENT_3D('',#6104,#5191,#5192);
#4556=AXIS2_PLACEMENT_3D('',#6105,#5193,#5194);
#4557=AXIS2_PLACEMENT_3D('',#6106,#5195,#5196);
#4558=AXIS2_PLACEMENT_3D('',#6109,#5197,#5198);
#4559=AXIS2_PLACEMENT_3D('',#6110,#5199,#5200);
#4560=AXIS2_PLACEMENT_3D('',#6111,#5201,#5202);
#4561=AXIS2_PLACEMENT_3D('',#6115,#5204,#5205);
#4562=AXIS2_PLACEMENT_3D('',#6121,#5209,#5210);
#4563=AXIS2_PLACEMENT_3D('',#6122,#5211,#5212);
#4564=AXIS2_PLACEMENT_3D('',#6124,#5213,#5214);
#4565=AXIS2_PLACEMENT_3D('',#6126,#5215,#5216);
#4566=AXIS2_PLACEMENT_3D('',#6127,#5217,#5218);
#4567=AXIS2_PLACEMENT_3D('',#6128,#5219,#5220);
#4568=AXIS2_PLACEMENT_3D('',#6131,#5221,#5222);
#4569=AXIS2_PLACEMENT_3D('',#6132,#5223,#5224);
#4570=AXIS2_PLACEMENT_3D('',#6151,#5226,#5227);
#4571=AXIS2_PLACEMENT_3D('',#6160,#5229,#5230);
#4572=AXIS2_PLACEMENT_3D('',#6162,#5231,#5232);
#4573=AXIS2_PLACEMENT_3D('',#6171,#5234,#5235);
#4574=AXIS2_PLACEMENT_3D('',#6173,#5236,#5237);
#4575=AXIS2_PLACEMENT_3D('',#6174,#5238,#5239);
#4576=AXIS2_PLACEMENT_3D('',#6175,#5240,#5241);
#4577=AXIS2_PLACEMENT_3D('',#6207,#5242,#5243);
#4578=AXIS2_PLACEMENT_3D('',#6208,#5244,#5245);
#4579=AXIS2_PLACEMENT_3D('',#6217,#5250,#5251);
#4580=AXIS2_PLACEMENT_3D('',#6226,#5256,#5257);
#4581=AXIS2_PLACEMENT_3D('',#6234,#5259,#5260);
#4582=AXIS2_PLACEMENT_3D('',#6240,#5261,#5262);
#4583=AXIS2_PLACEMENT_3D('',#6241,#5263,#5264);
#4584=AXIS2_PLACEMENT_3D('',#6244,#5265,#5266);
#4585=AXIS2_PLACEMENT_3D('',#6245,#5267,#5268);
#4586=AXIS2_PLACEMENT_3D('',#6253,#5272,#5273);
#4587=AXIS2_PLACEMENT_3D('',#6258,#5276,#5277);
#4588=AXIS2_PLACEMENT_3D('',#6340,#5278,#5279);
#4589=AXIS2_PLACEMENT_3D('',#6346,#5282,#5283);
#4590=AXIS2_PLACEMENT_3D('',#6352,#5286,#5287);
#4591=AXIS2_PLACEMENT_3D('',#6354,#5288,#5289);
#4592=AXIS2_PLACEMENT_3D('',#6355,#5290,#5291);
#4593=AXIS2_PLACEMENT_3D('',#6362,#5293,#5294);
#4594=AXIS2_PLACEMENT_3D('',#6373,#5295,#5296);
#4595=AXIS2_PLACEMENT_3D('',#6378,#5297,#5298);
#4596=AXIS2_PLACEMENT_3D('',#6388,#5299,#5300);
#4597=AXIS2_PLACEMENT_3D('',#6389,#5301,#5302);
#4598=AXIS2_PLACEMENT_3D('',#6395,#5303,#5304);
#4599=AXIS2_PLACEMENT_3D('',#6402,#5306,#5307);
#4600=AXIS2_PLACEMENT_3D('',#6405,#5309,#5310);
#4601=AXIS2_PLACEMENT_3D('',#6408,#5312,#5313);
#4602=AXIS2_PLACEMENT_3D('',#6409,#5314,#5315);
#4603=AXIS2_PLACEMENT_3D('',#6414,#5317,#5318);
#4604=AXIS2_PLACEMENT_3D('',#6415,#5319,#5320);
#4605=AXIS2_PLACEMENT_3D('',#6424,#5321,#5322);
#4606=AXIS2_PLACEMENT_3D('',#6427,#5324,#5325);
#4607=AXIS2_PLACEMENT_3D('',#6428,#5326,#5327);
#4608=AXIS2_PLACEMENT_3D('',#6429,#5328,#5329);
#4609=AXIS2_PLACEMENT_3D('',#6437,#5334,#5335);
#4610=AXIS2_PLACEMENT_3D('',#6438,#5336,#5337);
#4611=AXIS2_PLACEMENT_3D('',#6584,#5338,#5339);
#4612=AXIS2_PLACEMENT_3D('',#6585,#5340,#5341);
#4613=AXIS2_PLACEMENT_3D('',#6588,#5342,#5343);
#4614=AXIS2_PLACEMENT_3D('',#6589,#5344,#5345);
#4615=AXIS2_PLACEMENT_3D('',#6590,#5346,#5347);
#4616=AXIS2_PLACEMENT_3D('',#6593,#5348,#5349);
#4617=AXIS2_PLACEMENT_3D('',#6594,#5350,#5351);
#4618=AXIS2_PLACEMENT_3D('',#6595,#5352,#5353);
#4619=AXIS2_PLACEMENT_3D('',#6598,#5354,#5355);
#4620=AXIS2_PLACEMENT_3D('',#6599,#5356,#5357);
#4621=AXIS2_PLACEMENT_3D('',#6600,#5358,#5359);
#4622=AXIS2_PLACEMENT_3D('',#6603,#5360,#5361);
#4623=AXIS2_PLACEMENT_3D('',#6604,#5362,#5363);
#4624=AXIS2_PLACEMENT_3D('',#6605,#5364,#5365);
#4625=AXIS2_PLACEMENT_3D('',#6608,#5366,#5367);
#4626=AXIS2_PLACEMENT_3D('',#6609,#5368,#5369);
#4627=AXIS2_PLACEMENT_3D('',#6610,#5370,#5371);
#4628=AXIS2_PLACEMENT_3D('',#6613,#5372,#5373);
#4629=AXIS2_PLACEMENT_3D('',#6614,#5374,#5375);
#4630=AXIS2_PLACEMENT_3D('',#6615,#5376,#5377);
#4631=AXIS2_PLACEMENT_3D('',#6618,#5378,#5379);
#4632=AXIS2_PLACEMENT_3D('',#6619,#5380,#5381);
#4633=AXIS2_PLACEMENT_3D('',#6620,#5382,#5383);
#4634=AXIS2_PLACEMENT_3D('',#6623,#5384,#5385);
#4635=AXIS2_PLACEMENT_3D('',#6625,#5386,#5387);
#4636=AXIS2_PLACEMENT_3D('',#6627,#5388,#5389);
#4637=AXIS2_PLACEMENT_3D('',#6629,#5390,#5391);
#4638=AXIS2_PLACEMENT_3D('',#6630,#5392,#5393);
#4639=AXIS2_PLACEMENT_3D('',#6648,#5395,#5396);
#4640=AXIS2_PLACEMENT_3D('',#6660,#5398,#5399);
#4641=AXIS2_PLACEMENT_3D('',#6664,#5402,#5403);
#4642=AXIS2_PLACEMENT_3D('',#6674,#5404,#5405);
#4643=AXIS2_PLACEMENT_3D('',#6705,#5408,#5409);
#4644=AXIS2_PLACEMENT_3D('',#6706,#5410,#5411);
#4645=AXIS2_PLACEMENT_3D('',#6763,#5412,#5413);
#4646=AXIS2_PLACEMENT_3D('',#6784,#5414,#5415);
#4647=AXIS2_PLACEMENT_3D('',#6785,#5416,#5417);
#4648=AXIS2_PLACEMENT_3D('',#6801,#5418,#5419);
#4649=AXIS2_PLACEMENT_3D('',#6807,#5423,#5424);
#4650=AXIS2_PLACEMENT_3D('',#6814,#5426,#5427);
#4651=AXIS2_PLACEMENT_3D('',#6815,#5428,#5429);
#4652=AXIS2_PLACEMENT_3D('',#6829,#5430,#5431);
#4653=AXIS2_PLACEMENT_3D('',#6830,#5432,#5433);
#4654=AXIS2_PLACEMENT_3D('',#6835,#5434,#5435);
#4655=AXIS2_PLACEMENT_3D('',#6841,#5439,#5440);
#4656=AXIS2_PLACEMENT_3D('',#6845,#5443,#5444);
#4657=AXIS2_PLACEMENT_3D('',#6849,#5447,#5448);
#4658=AXIS2_PLACEMENT_3D('',#6851,#5450,#5451);
#4659=AXIS2_PLACEMENT_3D('',#6852,#5452,#5453);
#4660=AXIS2_PLACEMENT_3D('',#6854,#5454,#5455);
#4661=AXIS2_PLACEMENT_3D('',#6862,#5457,#5458);
#4662=AXIS2_PLACEMENT_3D('',#6876,#5461,#5462);
#4663=AXIS2_PLACEMENT_3D('',#6877,#5463,#5464);
#4664=AXIS2_PLACEMENT_3D('',#6880,#5465,#5466);
#4665=AXIS2_PLACEMENT_3D('',#6881,#5467,#5468);
#4666=AXIS2_PLACEMENT_3D('',#6882,#5469,#5470);
#4667=AXIS2_PLACEMENT_3D('',#6885,#5471,#5472);
#4668=AXIS2_PLACEMENT_3D('',#6886,#5473,#5474);
#4669=AXIS2_PLACEMENT_3D('',#6887,#5475,#5476);
#4670=AXIS2_PLACEMENT_3D('',#6890,#5477,#5478);
#4671=AXIS2_PLACEMENT_3D('',#6891,#5479,#5480);
#4672=AXIS2_PLACEMENT_3D('',#6892,#5481,#5482);
#4673=AXIS2_PLACEMENT_3D('',#6895,#5483,#5484);
#4674=AXIS2_PLACEMENT_3D('',#6896,#5485,#5486);
#4675=AXIS2_PLACEMENT_3D('',#6897,#5487,#5488);
#4676=AXIS2_PLACEMENT_3D('',#6900,#5489,#5490);
#4677=AXIS2_PLACEMENT_3D('',#6901,#5491,#5492);
#4678=AXIS2_PLACEMENT_3D('',#6902,#5493,#5494);
#4679=AXIS2_PLACEMENT_3D('',#6905,#5495,#5496);
#4680=AXIS2_PLACEMENT_3D('',#6906,#5497,#5498);
#4681=AXIS2_PLACEMENT_3D('',#6907,#5499,#5500);
#4682=AXIS2_PLACEMENT_3D('',#6910,#5501,#5502);
#4683=AXIS2_PLACEMENT_3D('',#6911,#5503,#5504);
#4684=AXIS2_PLACEMENT_3D('',#6917,#5505,#5506);
#4685=AXIS2_PLACEMENT_3D('',#6919,#5507,#5508);
#4686=AXIS2_PLACEMENT_3D('',#6925,#5509,#5510);
#4687=AXIS2_PLACEMENT_3D('',#6926,#5511,#5512);
#4688=AXIS2_PLACEMENT_3D('',#6928,#5513,#5514);
#4689=AXIS2_PLACEMENT_3D('',#6930,#5515,#5516);
#4690=AXIS2_PLACEMENT_3D('',#6931,#5517,#5518);
#4691=AXIS2_PLACEMENT_3D('',#7076,#5519,#5520);
#4692=AXIS2_PLACEMENT_3D('',#7169,#5521,#5522);
#4693=AXIS2_PLACEMENT_3D('',#7189,#5523,#5524);
#4694=AXIS2_PLACEMENT_3D('',#7283,#5525,#5526);
#4695=AXIS2_PLACEMENT_3D('',#7379,#5527,#5528);
#4696=AXIS2_PLACEMENT_3D('',#7435,#5529,#5530);
#4697=AXIS2_PLACEMENT_3D('',#7522,#5531,#5532);
#4698=AXIS2_PLACEMENT_3D('',#7528,#5533,#5534);
#4699=AXIS2_PLACEMENT_3D('',#7530,#5535,#5536);
#4700=AXIS2_PLACEMENT_3D('',#7531,#5537,#5538);
#4701=AXIS2_PLACEMENT_3D('',#7532,#5539,#5540);
#4702=AXIS2_PLACEMENT_3D('',#7534,#5541,#5542);
#4703=AXIS2_PLACEMENT_3D('',#7545,#5543,#5544);
#4704=AXIS2_PLACEMENT_3D('',#7546,#5545,#5546);
#4705=AXIS2_PLACEMENT_3D('',#7547,#5547,#5548);
#4706=AXIS2_PLACEMENT_3D('',#7567,#5549,#5550);
#4707=AXIS2_PLACEMENT_3D('',#7579,#5551,#5552);
#4708=AXIS2_PLACEMENT_3D('',#7594,#5553,#5554);
#4709=AXIS2_PLACEMENT_3D('',#7599,#5555,#5556);
#4710=AXIS2_PLACEMENT_3D('',#7600,#5557,#5558);
#4711=AXIS2_PLACEMENT_3D('',#7601,#5559,#5560);
#4712=AXIS2_PLACEMENT_3D('',#7618,#5561,#5562);
#4713=AXIS2_PLACEMENT_3D('',#7619,#5563,#5564);
#4714=AXIS2_PLACEMENT_3D('',#7620,#5565,#5566);
#4715=AXIS2_PLACEMENT_3D('',#7621,#5567,#5568);
#4716=AXIS2_PLACEMENT_3D('',#7623,#5569,#5570);
#4717=AXIS2_PLACEMENT_3D('',#7624,#5571,#5572);
#4718=AXIS2_PLACEMENT_3D('',#7626,#5573,#5574);
#4719=AXIS2_PLACEMENT_3D('',#7627,#5575,#5576);
#4720=AXIS2_PLACEMENT_3D('',#7629,#5577,#5578);
#4721=AXIS2_PLACEMENT_3D('',#7630,#5579,#5580);
#4722=AXIS2_PLACEMENT_3D('',#7632,#5581,#5582);
#4723=AXIS2_PLACEMENT_3D('',#7633,#5583,#5584);
#4724=AXIS2_PLACEMENT_3D('',#7635,#5585,#5586);
#4725=AXIS2_PLACEMENT_3D('',#7636,#5587,#5588);
#4726=AXIS2_PLACEMENT_3D('',#7638,#5589,#5590);
#4727=AXIS2_PLACEMENT_3D('',#7639,#5591,#5592);
#4728=AXIS2_PLACEMENT_3D('',#7641,#5593,#5594);
#4729=AXIS2_PLACEMENT_3D('',#7642,#5595,#5596);
#4730=AXIS2_PLACEMENT_3D('',#7644,#5597,#5598);
#4731=DIRECTION('',(0.,0.,1.));
#4732=DIRECTION('',(1.,0.,0.));
#4733=DIRECTION('',(-6.07497054714655E-17,-0.707106781186544,0.707106781186552));
#4734=DIRECTION('',(0.,-0.707106781186552,-0.707106781186544));
#4735=DIRECTION('',(1.,-3.07060347201856E-32,1.00829498400251E-16));
#4736=DIRECTION('',(-0.577350269189635,0.577350269189598,0.577350269189645));
#4737=DIRECTION('',(1.,9.71445146547012E-17,3.27872928144487E-32));
#4738=DIRECTION('',(-0.577350269189635,-0.577350269189598,-0.577350269189645));
#4739=DIRECTION('',(-6.07497054714655E-17,-0.707106781186544,0.707106781186551));
#4740=DIRECTION('',(0.,-0.707106781186551,-0.707106781186544));
#4741=DIRECTION('',(1.,-3.07060347201856E-32,1.00829498400251E-16));
#4742=DIRECTION('',(-0.57735026918963,0.57735026918961,0.577350269189637));
#4743=DIRECTION('',(1.,9.71445146547012E-17,3.27872928144487E-32));
#4744=DIRECTION('',(-0.577350269189628,-0.577350269189611,-0.577350269189638));
#4745=DIRECTION('',(-6.07497054714655E-17,-0.707106781186544,0.707106781186552));
#4746=DIRECTION('',(0.,-0.707106781186552,-0.707106781186544));
#4747=DIRECTION('',(1.,-3.07060347201856E-32,1.00829498400251E-16));
#4748=DIRECTION('',(-0.57735026918963,0.577350269189607,0.57735026918964));
#4749=DIRECTION('',(1.,9.71445146547012E-17,3.27872928144487E-32));
#4750=DIRECTION('',(-0.57735026918963,-0.577350269189607,-0.57735026918964));
#4751=DIRECTION('',(-6.07497054714655E-17,-0.707106781186544,0.707106781186551));
#4752=DIRECTION('',(0.,-0.707106781186551,-0.707106781186544));
#4753=DIRECTION('',(1.,-3.07060347201856E-32,1.00829498400251E-16));
#4754=DIRECTION('',(-0.577350269189633,0.577350269189602,0.577350269189642));
#4755=DIRECTION('',(1.,9.71445146547012E-17,3.27872928144487E-32));
#4756=DIRECTION('',(-0.577350269189635,-0.577350269189601,-0.577350269189641));
#4757=DIRECTION('',(-0.707106781186544,-1.4913474225944E-15,0.707106781186552));
#4758=DIRECTION('',(0.707106781186552,0.,0.707106781186544));
#4759=DIRECTION('',(1.70740499604017E-15,-1.,0.));
#4760=DIRECTION('',(-0.577350269189599,0.577350269189639,-0.577350269189639));
#4761=DIRECTION('',(0.,-1.,-3.04534240548292E-16));
#4762=DIRECTION('',(-1.00829498400251E-16,-3.04534240548292E-16,1.));
#4763=DIRECTION('',(0.,-1.,-3.04534240548292E-16));
#4764=DIRECTION('',(1.,4.29565286939585E-17,4.29565286939591E-17));
#4765=DIRECTION('',(9.57397360966873E-16,1.,9.57397360966883E-16));
#4766=DIRECTION('',(0.707106781186544,-1.35396433245957E-15,0.707106781186551));
#4767=DIRECTION('',(0.707106781186551,0.,-0.707106781186544));
#4768=DIRECTION('',(-0.577350269189599,-0.577350269189639,0.577350269189639));
#4769=DIRECTION('',(1.70740499604017E-15,1.,0.));
#4770=DIRECTION('',(9.71445146547012E-17,-1.,-3.37510490746602E-16));
#4771=DIRECTION('',(0.,3.37510490746602E-16,-1.));
#4772=DIRECTION('',(-3.95991807091314E-17,6.76118389818685E-32,1.));
#4773=DIRECTION('',(1.,9.71445146547012E-17,3.27872928144487E-32));
#4774=DIRECTION('',(-3.95991807091326E-17,-6.76118389818705E-32,1.));
#4775=DIRECTION('',(-0.707106781186544,-1.4913474225944E-15,0.707106781186552));
#4776=DIRECTION('',(0.707106781186552,0.,0.707106781186544));
#4777=DIRECTION('',(1.70740499604017E-15,-1.,0.));
#4778=DIRECTION('',(-0.577350269189604,0.577350269189637,-0.577350269189637));
#4779=DIRECTION('',(0.,-1.,-3.04534240548292E-16));
#4780=DIRECTION('',(-1.00829498400251E-16,-3.04534240548292E-16,1.));
#4781=DIRECTION('',(0.,-1.,-3.04534240548292E-16));
#4782=DIRECTION('',(1.,4.29565286939585E-17,4.2956528693959E-17));
#4783=DIRECTION('',(9.57397360966872E-16,1.,9.57397360966884E-16));
#4784=DIRECTION('',(0.707106781186543,-1.35396433245957E-15,0.707106781186552));
#4785=DIRECTION('',(0.707106781186552,0.,-0.707106781186543));
#4786=DIRECTION('',(-0.577350269189604,-0.577350269189637,0.577350269189637));
#4787=DIRECTION('',(1.70740499604017E-15,1.,0.));
#4788=DIRECTION('',(9.71445146547012E-17,-1.,-3.37510490746602E-16));
#4789=DIRECTION('',(0.,3.37510490746602E-16,-1.));
#4790=DIRECTION('',(-3.95991807091314E-17,6.76118389818685E-32,1.));
#4791=DIRECTION('',(1.,9.71445146547012E-17,3.27872928144487E-32));
#4792=DIRECTION('',(-3.95991807091326E-17,-6.76118389818705E-32,1.));
#4793=DIRECTION('',(-0.707106781186544,-1.4913474225944E-15,0.707106781186552));
#4794=DIRECTION('',(0.707106781186552,0.,0.707106781186544));
#4795=DIRECTION('',(1.70740499604017E-15,-1.,0.));
#4796=DIRECTION('',(-0.577350269189604,0.577350269189634,-0.57735026918964));
#4797=DIRECTION('',(0.,-1.,-3.04534240548292E-16));
#4798=DIRECTION('',(-1.00829498400251E-16,-3.04534240548292E-16,1.));
#4799=DIRECTION('',(0.,-1.,-3.04534240548292E-16));
#4800=DIRECTION('',(1.,4.29565286939585E-17,4.29565286939591E-17));
#4801=DIRECTION('',(9.57397360966872E-16,1.,9.57397360966884E-16));
#4802=DIRECTION('',(0.707106781186543,-1.35396433245957E-15,0.707106781186552));
#4803=DIRECTION('',(0.707106781186552,0.,-0.707106781186543));
#4804=DIRECTION('',(-0.577350269189604,-0.577350269189634,0.57735026918964));
#4805=DIRECTION('',(1.70740499604017E-15,1.,0.));
#4806=DIRECTION('',(9.71445146547012E-17,-1.,-3.37510490746602E-16));
#4807=DIRECTION('',(0.,3.37510490746602E-16,-1.));
#4808=DIRECTION('',(-3.95991807091314E-17,6.76118389818685E-32,1.));
#4809=DIRECTION('',(1.,9.71445146547012E-17,3.27872928144487E-32));
#4810=DIRECTION('',(-3.95991807091326E-17,-6.76118389818705E-32,1.));
#4811=DIRECTION('',(-0.707106781186544,-1.4913474225944E-15,0.707106781186552));
#4812=DIRECTION('',(0.707106781186552,0.,0.707106781186544));
#4813=DIRECTION('',(1.70740499604017E-15,-1.,0.));
#4814=DIRECTION('',(-0.577350269189606,0.577350269189636,-0.577350269189636));
#4815=DIRECTION('',(0.,-1.,-3.04534240548292E-16));
#4816=DIRECTION('',(-1.00829498400251E-16,-3.04534240548292E-16,1.));
#4817=DIRECTION('',(0.,-1.,-3.04534240548292E-16));
#4818=DIRECTION('',(1.,4.29565286939585E-17,4.2956528693959E-17));
#4819=DIRECTION('',(9.57397360966873E-16,1.,9.57397360966883E-16));
#4820=DIRECTION('',(0.707106781186544,-1.35396433245957E-15,0.707106781186551));
#4821=DIRECTION('',(0.707106781186551,0.,-0.707106781186544));
#4822=DIRECTION('',(-0.577350269189604,-0.577350269189637,0.577350269189637));
#4823=DIRECTION('',(1.70740499604017E-15,1.,0.));
#4824=DIRECTION('',(9.71445146547012E-17,-1.,-3.37510490746602E-16));
#4825=DIRECTION('',(0.,3.37510490746602E-16,-1.));
#4826=DIRECTION('',(-3.95991807091314E-17,6.76118389818685E-32,1.));
#4827=DIRECTION('',(1.,9.71445146547012E-17,3.27872928144487E-32));
#4828=DIRECTION('',(-3.95991807091326E-17,-6.76118389818705E-32,1.));
#4829=DIRECTION('',(-6.07497054714651E-17,-0.707106781186548,0.707106781186547));
#4830=DIRECTION('',(0.,-0.707106781186547,-0.707106781186548));
#4831=DIRECTION('',(0.577350269189633,-0.577350269189602,-0.577350269189642));
#4832=DIRECTION('',(1.,-3.07060347201856E-32,1.00829498400251E-16));
#4833=DIRECTION('',(0.577350269189633,0.577350269189602,0.577350269189642));
#4834=DIRECTION('',(1.,9.71445146547012E-17,3.27872928144487E-32));
#4835=DIRECTION('',(-6.07497054714651E-17,-0.707106781186548,0.707106781186547));
#4836=DIRECTION('',(0.,-0.707106781186547,-0.707106781186548));
#4837=DIRECTION('',(0.577350269189635,-0.577350269189601,-0.577350269189641));
#4838=DIRECTION('',(1.,-3.07060347201856E-32,1.00829498400251E-16));
#4839=DIRECTION('',(0.57735026918963,0.577350269189607,0.57735026918964));
#4840=DIRECTION('',(1.,9.71445146547012E-17,3.27872928144487E-32));
#4841=DIRECTION('',(-1.,-1.70740499604017E-15,-3.95991807091326E-17));
#4842=DIRECTION('',(1.70740499604017E-15,-1.,0.));
#4843=DIRECTION('',(1.70740499604017E-15,-1.,0.));
#4844=DIRECTION('',(0.,-3.37510490746602E-16,1.));
#4845=DIRECTION('',(-6.07497054714655E-17,0.707106781186543,0.707106781186552));
#4846=DIRECTION('',(0.,-0.707106781186552,0.707106781186543));
#4847=DIRECTION('',(1.,9.71445146547012E-17,3.27872928144487E-32));
#4848=DIRECTION('',(1.,-1.70740499604017E-15,3.95991807091314E-17));
#4849=DIRECTION('',(1.70740499604017E-15,1.,0.));
#4850=DIRECTION('',(0.,-3.37510490746602E-16,1.));
#4851=DIRECTION('',(1.70740499604017E-15,1.,0.));
#4852=DIRECTION('',(-1.,-1.70740499604017E-15,-3.95991807091326E-17));
#4853=DIRECTION('',(1.70740499604017E-15,-1.,0.));
#4854=DIRECTION('',(1.70740499604017E-15,-1.,0.));
#4855=DIRECTION('',(0.,-3.37510490746602E-16,1.));
#4856=DIRECTION('',(-6.07497054714655E-17,0.707106781186543,0.707106781186552));
#4857=DIRECTION('',(0.,-0.707106781186552,0.707106781186543));
#4858=DIRECTION('',(1.,9.71445146547012E-17,3.27872928144487E-32));
#4859=DIRECTION('',(1.,-1.70740499604017E-15,3.95991807091314E-17));
#4860=DIRECTION('',(1.70740499604017E-15,1.,0.));
#4861=DIRECTION('',(0.,-3.37510490746602E-16,1.));
#4862=DIRECTION('',(1.70740499604017E-15,1.,0.));
#4863=DIRECTION('',(-1.,-1.70740499604017E-15,-3.95991807091326E-17));
#4864=DIRECTION('',(1.70740499604017E-15,-1.,0.));
#4865=DIRECTION('',(1.70740499604017E-15,-1.,0.));
#4866=DIRECTION('',(0.,-3.37510490746602E-16,1.));
#4867=DIRECTION('',(-6.07497054714655E-17,0.707106781186543,0.707106781186552));
#4868=DIRECTION('',(0.,-0.707106781186552,0.707106781186543));
#4869=DIRECTION('',(1.,9.71445146547012E-17,3.27872928144487E-32));
#4870=DIRECTION('',(1.,-1.70740499604017E-15,3.95991807091314E-17));
#4871=DIRECTION('',(1.70740499604017E-15,1.,0.));
#4872=DIRECTION('',(0.,-3.37510490746602E-16,1.));
#4873=DIRECTION('',(1.70740499604017E-15,1.,0.));
#4874=DIRECTION('',(-1.,-1.70740499604017E-15,-3.95991807091326E-17));
#4875=DIRECTION('',(1.70740499604017E-15,-1.,0.));
#4876=DIRECTION('',(1.70740499604017E-15,-1.,0.));
#4877=DIRECTION('',(0.,-3.37510490746602E-16,1.));
#4878=DIRECTION('',(-6.07497054714655E-17,0.707106781186543,0.707106781186552));
#4879=DIRECTION('',(0.,-0.707106781186552,0.707106781186543));
#4880=DIRECTION('',(1.,9.71445146547012E-17,3.27872928144487E-32));
#4881=DIRECTION('',(1.,-1.70740499604017E-15,3.95991807091314E-17));
#4882=DIRECTION('',(1.70740499604017E-15,1.,0.));
#4883=DIRECTION('',(0.,-3.37510490746602E-16,1.));
#4884=DIRECTION('',(1.70740499604017E-15,1.,0.));
#4885=DIRECTION('',(-6.07497054714651E-17,-0.707106781186548,0.707106781186547));
#4886=DIRECTION('',(0.,-0.707106781186547,-0.707106781186548));
#4887=DIRECTION('',(0.577350269189633,-0.577350269189602,-0.577350269189642));
#4888=DIRECTION('',(1.,-3.07060347201856E-32,1.00829498400251E-16));
#4889=DIRECTION('',(0.57735026918963,0.577350269189604,0.577350269189644));
#4890=DIRECTION('',(1.,9.71445146547012E-17,3.27872928144487E-32));
#4891=DIRECTION('',(-6.07497054714653E-17,-0.707106781186546,0.707106781186549));
#4892=DIRECTION('',(0.,-0.707106781186549,-0.707106781186546));
#4893=DIRECTION('',(0.57735026918963,-0.57735026918961,-0.577350269189637));
#4894=DIRECTION('',(1.,-3.07060347201856E-32,1.00829498400251E-16));
#4895=DIRECTION('',(0.57735026918963,0.57735026918961,0.577350269189637));
#4896=DIRECTION('',(1.,9.71445146547012E-17,3.27872928144487E-32));
#4897=DIRECTION('',(0.707106781186548,1.06067096940402E-15,0.707106781186547));
#4898=DIRECTION('',(0.707106781186547,0.,-0.707106781186548));
#4899=DIRECTION('',(0.577350269189604,0.57735026918963,-0.577350269189644));
#4900=DIRECTION('',(0.,-1.,-3.04534240548292E-16));
#4901=DIRECTION('',(1.70740499604017E-15,-1.,0.));
#4902=DIRECTION('',(-1.00829498400251E-16,-3.04534240548292E-16,1.));
#4903=DIRECTION('',(0.,-1.,-3.04534240548292E-16));
#4904=DIRECTION('',(6.52863120418591E-16,1.,-6.52863120418589E-16));
#4905=DIRECTION('',(1.,4.29565286939585E-17,4.29565286939585E-17));
#4906=DIRECTION('',(-0.707106781186549,9.23287879269189E-16,0.707106781186546));
#4907=DIRECTION('',(0.707106781186546,0.,0.707106781186549));
#4908=DIRECTION('',(0.577350269189601,-0.577350269189631,0.577350269189645));
#4909=DIRECTION('',(1.70740499604017E-15,1.,0.));
#4910=DIRECTION('',(-9.71445146547012E-17,1.,3.37510490746602E-16));
#4911=DIRECTION('',(0.,-3.37510490746602E-16,1.));
#4912=DIRECTION('',(-3.95991807091314E-17,6.76118389818685E-32,1.));
#4913=DIRECTION('',(1.,9.71445146547012E-17,3.27872928144487E-32));
#4914=DIRECTION('',(-3.95991807091326E-17,-6.76118389818705E-32,1.));
#4915=DIRECTION('',(0.707106781186548,1.06067096940402E-15,0.707106781186548));
#4916=DIRECTION('',(0.707106781186548,0.,-0.707106781186548));
#4917=DIRECTION('',(0.577350269189606,0.577350269189633,-0.577350269189639));
#4918=DIRECTION('',(0.,-1.,-3.04534240548292E-16));
#4919=DIRECTION('',(1.70740499604017E-15,-1.,0.));
#4920=DIRECTION('',(-1.00829498400251E-16,-3.04534240548292E-16,1.));
#4921=DIRECTION('',(0.,-1.,-3.04534240548292E-16));
#4922=DIRECTION('',(6.52863120418591E-16,1.,-6.52863120418589E-16));
#4923=DIRECTION('',(1.,4.29565286939585E-17,4.29565286939585E-17));
#4924=DIRECTION('',(-0.707106781186549,9.23287879269189E-16,0.707106781186546));
#4925=DIRECTION('',(0.707106781186546,0.,0.707106781186549));
#4926=DIRECTION('',(0.577350269189604,-0.577350269189634,0.57735026918964));
#4927=DIRECTION('',(1.70740499604017E-15,1.,0.));
#4928=DIRECTION('',(-9.71445146547012E-17,1.,3.37510490746602E-16));
#4929=DIRECTION('',(0.,-3.37510490746602E-16,1.));
#4930=DIRECTION('',(-3.95991807091314E-17,6.76118389818685E-32,1.));
#4931=DIRECTION('',(1.,9.71445146547012E-17,3.27872928144487E-32));
#4932=DIRECTION('',(-3.95991807091326E-17,-6.76118389818705E-32,1.));
#4933=DIRECTION('',(1.,-1.30104260698261E-16,1.00829498400251E-16));
#4934=DIRECTION('',(1.30104260698261E-16,1.,0.));
#4935=DIRECTION('',(0.,3.37510490746602E-16,-1.));
#4936=DIRECTION('',(0.,1.,3.04534240548292E-16));
#4937=DIRECTION('',(0.,1.31061892950612E-16,-1.));
#4938=DIRECTION('',(1.30104260698261E-16,1.,0.));
#4939=DIRECTION('',(-1.01416336036506E-32,-8.76938060511915E-17,1.));
#4940=DIRECTION('',(0.,-1.,-3.04534240548292E-16));
#4941=DIRECTION('',(1.,-1.30104260698261E-16,1.00829498400251E-16));
#4942=DIRECTION('',(1.30104260698261E-16,1.,0.));
#4943=DIRECTION('',(-1.01416336036506E-32,-8.76938060511915E-17,1.));
#4944=DIRECTION('',(1.30104260698261E-16,1.,0.));
#4945=DIRECTION('',(0.,-1.31061892950612E-16,1.));
#4946=DIRECTION('',(0.,1.,3.04534240548292E-16));
#4947=DIRECTION('',(0.,-3.37510490746602E-16,1.));
#4948=DIRECTION('',(0.,-1.,-3.04534240548292E-16));
#4949=DIRECTION('',(-9.71445146547012E-17,1.,3.37510490746602E-16));
#4950=DIRECTION('',(0.,-3.37510490746602E-16,1.));
#4951=DIRECTION('',(1.,-3.07060347201856E-32,1.00829498400251E-16));
#4952=DIRECTION('',(-9.71445146547012E-17,1.,3.37510490746602E-16));
#4953=DIRECTION('',(0.,-3.37510490746602E-16,1.));
#4954=DIRECTION('',(1.,-3.07060347201856E-32,1.00829498400251E-16));
#4955=DIRECTION('',(-9.71445146547012E-17,1.,3.37510490746602E-16));
#4956=DIRECTION('',(0.,-3.37510490746602E-16,1.));
#4957=DIRECTION('',(1.,-3.07060347201856E-32,1.00829498400251E-16));
#4958=DIRECTION('',(-9.71445146547012E-17,1.,3.37510490746602E-16));
#4959=DIRECTION('',(0.,-3.37510490746602E-16,1.));
#4960=DIRECTION('',(1.,-3.07060347201856E-32,1.00829498400251E-16));
#4961=DIRECTION('',(0.707106781186548,1.06067096940402E-15,0.707106781186547));
#4962=DIRECTION('',(0.707106781186547,0.,-0.707106781186548));
#4963=DIRECTION('',(0.577350269189601,0.577350269189631,-0.577350269189645));
#4964=DIRECTION('',(0.,-1.,-3.04534240548292E-16));
#4965=DIRECTION('',(1.70740499604017E-15,-1.,0.));
#4966=DIRECTION('',(-1.00829498400251E-16,-3.04534240548292E-16,1.));
#4967=DIRECTION('',(0.,-1.,-3.04534240548292E-16));
#4968=DIRECTION('',(6.52863120418591E-16,1.,-6.52863120418589E-16));
#4969=DIRECTION('',(1.,4.29565286939585E-17,4.29565286939585E-17));
#4970=DIRECTION('',(-0.707106781186548,9.23287879269189E-16,0.707106781186547));
#4971=DIRECTION('',(0.707106781186547,0.,0.707106781186548));
#4972=DIRECTION('',(0.577350269189604,-0.57735026918963,0.577350269189644));
#4973=DIRECTION('',(1.70740499604017E-15,1.,0.));
#4974=DIRECTION('',(-9.71445146547012E-17,1.,3.37510490746602E-16));
#4975=DIRECTION('',(0.,-3.37510490746602E-16,1.));
#4976=DIRECTION('',(-3.95991807091314E-17,6.76118389818685E-32,1.));
#4977=DIRECTION('',(1.,9.71445146547012E-17,3.27872928144487E-32));
#4978=DIRECTION('',(-3.95991807091326E-17,-6.76118389818705E-32,1.));
#4979=DIRECTION('',(0.707106781186548,1.06067096940402E-15,0.707106781186547));
#4980=DIRECTION('',(0.707106781186547,0.,-0.707106781186548));
#4981=DIRECTION('',(0.577350269189606,0.577350269189629,-0.577350269189642));
#4982=DIRECTION('',(0.,-1.,-3.04534240548292E-16));
#4983=DIRECTION('',(1.70740499604017E-15,-1.,0.));
#4984=DIRECTION('',(-1.00829498400251E-16,-3.04534240548292E-16,1.));
#4985=DIRECTION('',(0.,-1.,-3.04534240548292E-16));
#4986=DIRECTION('',(6.52863120418588E-16,1.,-6.52863120418589E-16));
#4987=DIRECTION('',(1.,4.29565286939585E-17,4.29565286939582E-17));
#4988=DIRECTION('',(-0.707106781186547,9.23287879269187E-16,0.707106781186548));
#4989=DIRECTION('',(0.707106781186548,0.,0.707106781186547));
#4990=DIRECTION('',(0.57735026918961,-0.577350269189627,0.57735026918964));
#4991=DIRECTION('',(1.70740499604017E-15,1.,0.));
#4992=DIRECTION('',(-9.71445146547012E-17,1.,3.37510490746602E-16));
#4993=DIRECTION('',(0.,-3.37510490746602E-16,1.));
#4994=DIRECTION('',(-3.95991807091314E-17,6.76118389818685E-32,1.));
#4995=DIRECTION('',(1.,9.71445146547012E-17,3.27872928144487E-32));
#4996=DIRECTION('',(-3.95991807091326E-17,-6.76118389818705E-32,1.));
#4997=DIRECTION('',(-1.,-1.70740499604017E-15,-3.95991807091326E-17));
#4998=DIRECTION('',(1.70740499604017E-15,-1.,0.));
#4999=DIRECTION('',(1.70740499604017E-15,-1.,0.));
#5000=DIRECTION('',(0.,3.37510490746602E-16,-1.));
#5001=DIRECTION('',(-6.07497054714651E-17,0.707106781186548,0.707106781186547));
#5002=DIRECTION('',(0.,-0.707106781186547,0.707106781186548));
#5003=DIRECTION('',(1.,9.71445146547012E-17,3.27872928144487E-32));
#5004=DIRECTION('',(1.,-1.70740499604017E-15,3.95991807091314E-17));
#5005=DIRECTION('',(1.70740499604017E-15,1.,0.));
#5006=DIRECTION('',(0.,3.37510490746602E-16,-1.));
#5007=DIRECTION('',(1.70740499604017E-15,1.,0.));
#5008=DIRECTION('',(-1.,-1.70740499604017E-15,-3.95991807091326E-17));
#5009=DIRECTION('',(1.70740499604017E-15,-1.,0.));
#5010=DIRECTION('',(1.70740499604017E-15,-1.,0.));
#5011=DIRECTION('',(0.,3.37510490746602E-16,-1.));
#5012=DIRECTION('',(-6.07497054714651E-17,0.707106781186548,0.707106781186547));
#5013=DIRECTION('',(0.,-0.707106781186547,0.707106781186548));
#5014=DIRECTION('',(1.,9.71445146547012E-17,3.27872928144487E-32));
#5015=DIRECTION('',(1.,-1.70740499604017E-15,3.95991807091314E-17));
#5016=DIRECTION('',(1.70740499604017E-15,1.,0.));
#5017=DIRECTION('',(0.,3.37510490746602E-16,-1.));
#5018=DIRECTION('',(1.70740499604017E-15,1.,0.));
#5019=DIRECTION('',(-9.56025382316107E-17,-1.,-3.37510490746602E-16));
#5020=DIRECTION('',(0.,3.37510490746602E-16,-1.));
#5021=DIRECTION('',(2.47198173555018E-17,2.40139465935308E-33,1.));
#5022=DIRECTION('',(1.,-3.07060347201856E-32,1.00829498400251E-16));
#5023=DIRECTION('',(2.47198173555018E-17,2.40139465935308E-33,1.));
#5024=DIRECTION('',(1.,-9.56025382316107E-17,-3.22668595951717E-32));
#5025=DIRECTION('',(-1.00829498400251E-16,1.74911297945881E-32,1.));
#5026=DIRECTION('',(1.,-3.07060347201856E-32,1.00829498400251E-16));
#5027=DIRECTION('',(-1.00829498400251E-16,1.31183473459411E-32,1.));
#5028=DIRECTION('',(1.,-1.20593064235901E-32,3.9599180709132E-17));
#5029=DIRECTION('',(1.,-3.07060347201856E-32,1.00829498400251E-16));
#5030=DIRECTION('',(3.9599180709132E-17,3.04534240548292E-16,-1.));
#5031=DIRECTION('',(0.,1.,3.04534240548292E-16));
#5032=DIRECTION('',(1.,-1.15648231731787E-16,-1.5157076167159E-32));
#5033=DIRECTION('',(1.30104260698261E-16,1.,0.));
#5034=DIRECTION('',(-1.15648231731787E-16,-1.,-1.31061892950612E-16));
#5035=DIRECTION('',(0.,1.31061892950612E-16,-1.));
#5036=DIRECTION('',(1.,-3.07060347201856E-32,1.00829498400251E-16));
#5037=DIRECTION('',(-1.00829498400251E-16,1.31183473459411E-32,1.));
#5038=DIRECTION('',(2.88349591117923E-16,1.,3.37510490746602E-16));
#5039=DIRECTION('',(0.,-3.37510490746602E-16,1.));
#5040=DIRECTION('',(-1.00829498400251E-16,1.74911297945881E-32,1.));
#5041=DIRECTION('',(1.,-2.88349591117923E-16,-9.7321012004792E-32));
#5042=DIRECTION('',(2.47198173555018E-17,2.40139465935308E-33,1.));
#5043=DIRECTION('',(1.,-3.07060347201856E-32,1.00829498400251E-16));
#5044=DIRECTION('',(2.47198173555018E-17,2.40139465935308E-33,1.));
#5045=DIRECTION('',(1.,-3.07060347201856E-32,1.00829498400251E-16));
#5046=DIRECTION('',(1.,-1.20593064235901E-32,3.9599180709132E-17));
#5047=DIRECTION('',(-1.00829498400251E-16,1.31183473459411E-32,1.));
#5048=DIRECTION('',(1.,-3.07060347201856E-32,1.00829498400251E-16));
#5049=DIRECTION('',(1.15648231731787E-16,1.,1.31061892950612E-16));
#5050=DIRECTION('',(0.,-1.31061892950612E-16,1.));
#5051=DIRECTION('',(1.,-1.20593064235901E-32,3.9599180709132E-17));
#5052=DIRECTION('',(1.,-3.07060347201856E-32,1.00829498400251E-16));
#5053=DIRECTION('',(-1.00829498400251E-16,1.31183473459411E-32,1.));
#5054=DIRECTION('',(3.9599180709132E-17,3.04534240548292E-16,-1.));
#5055=DIRECTION('',(0.,1.,3.04534240548292E-16));
#5056=DIRECTION('',(1.30104260698261E-16,1.,0.));
#5057=DIRECTION('',(1.15648231731787E-16,1.,8.76938060511915E-17));
#5058=DIRECTION('',(-1.,1.15648231731787E-16,0.));
#5059=DIRECTION('',(1.,-3.07060347201856E-32,1.00829498400251E-16));
#5060=DIRECTION('',(1.,-3.07060347201856E-32,1.00829498400251E-16));
#5061=DIRECTION('',(-1.00829498400251E-16,1.31183473459411E-32,1.));
#5062=DIRECTION('',(-1.00829498400251E-16,-3.04534240548292E-16,1.));
#5063=DIRECTION('',(0.,-1.,-3.04534240548292E-16));
#5064=DIRECTION('',(1.30104260698261E-16,1.,0.));
#5065=DIRECTION('',(1.,-3.07060347201856E-32,1.00829498400251E-16));
#5066=DIRECTION('',(9.71445146547012E-17,-1.,0.));
#5067=DIRECTION('',(-1.00829498400251E-16,-3.04534240548292E-16,1.));
#5068=DIRECTION('',(0.,-1.,-3.04534240548292E-16));
#5069=DIRECTION('',(1.,-1.15648231731787E-16,0.));
#5070=DIRECTION('',(9.71445146547012E-17,-1.,0.));
#5071=DIRECTION('',(1.,-3.07060347201856E-32,1.00829498400251E-16));
#5072=DIRECTION('',(1.30104260698261E-16,1.,0.));
#5073=DIRECTION('',(-1.15648231731787E-16,-1.,-8.76938060511915E-17));
#5074=DIRECTION('',(1.,-1.15648231731787E-16,0.));
#5075=DIRECTION('',(1.,-3.07060347201856E-32,1.00829498400251E-16));
#5076=DIRECTION('',(-1.00829498400251E-16,1.31183473459411E-32,1.));
#5077=DIRECTION('',(-1.00829498400251E-16,-3.04534240548292E-16,1.));
#5078=DIRECTION('',(0.,-1.,-3.04534240548292E-16));
#5079=DIRECTION('',(-1.73472347597681E-16,-1.,0.));
#5080=DIRECTION('',(1.30104260698261E-16,1.,0.));
#5081=DIRECTION('',(1.30104260698261E-16,1.,0.));
#5082=DIRECTION('',(1.30104260698261E-16,1.,0.));
#5083=DIRECTION('',(-1.,-1.70740499604017E-15,-3.95991807091326E-17));
#5084=DIRECTION('',(1.70740499604017E-15,-1.,0.));
#5085=DIRECTION('',(1.70740499604017E-15,-1.,0.));
#5086=DIRECTION('',(0.,3.37510490746602E-16,-1.));
#5087=DIRECTION('',(-6.07497054714651E-17,0.707106781186548,0.707106781186547));
#5088=DIRECTION('',(0.,-0.707106781186547,0.707106781186548));
#5089=DIRECTION('',(1.,9.71445146547012E-17,3.27872928144487E-32));
#5090=DIRECTION('',(1.,-1.70740499604017E-15,3.95991807091314E-17));
#5091=DIRECTION('',(1.70740499604017E-15,1.,0.));
#5092=DIRECTION('',(0.,3.37510490746602E-16,-1.));
#5093=DIRECTION('',(1.70740499604017E-15,1.,0.));
#5094=DIRECTION('',(-1.,-1.70740499604017E-15,-3.95991807091326E-17));
#5095=DIRECTION('',(1.70740499604017E-15,-1.,0.));
#5096=DIRECTION('',(1.70740499604017E-15,-1.,0.));
#5097=DIRECTION('',(0.,3.37510490746602E-16,-1.));
#5098=DIRECTION('',(-6.07497054714649E-17,0.70710678118655,0.707106781186545));
#5099=DIRECTION('',(0.,-0.707106781186545,0.70710678118655));
#5100=DIRECTION('',(1.,9.71445146547012E-17,3.27872928144487E-32));
#5101=DIRECTION('',(1.,-1.70740499604017E-15,3.95991807091314E-17));
#5102=DIRECTION('',(1.70740499604017E-15,1.,0.));
#5103=DIRECTION('',(0.,3.37510490746602E-16,-1.));
#5104=DIRECTION('',(1.70740499604017E-15,1.,0.));
#5105=DIRECTION('',(-1.,-9.71445146547012E-17,2.47198173555018E-17));
#5106=DIRECTION('',(9.71445146547012E-17,-1.,0.));
#5107=DIRECTION('',(0.,3.37510490746602E-16,-1.));
#5108=DIRECTION('',(0.,-1.,-3.04534240548292E-16));
#5109=DIRECTION('',(-1.00829498400251E-16,-3.04534240548292E-16,1.));
#5110=DIRECTION('',(0.,-1.,-3.04534240548292E-16));
#5111=DIRECTION('',(1.,-9.56025382316107E-17,-3.22668595951717E-32));
#5112=DIRECTION('',(-9.71445146547012E-17,1.,0.));
#5113=DIRECTION('',(1.,9.71445146547012E-17,-2.47198173555018E-17));
#5114=DIRECTION('',(-9.71445146547012E-17,1.,0.));
#5115=DIRECTION('',(0.,3.37510490746602E-16,-1.));
#5116=DIRECTION('',(-9.71445146547012E-17,1.,0.));
#5117=DIRECTION('',(-1.,1.73472347597681E-16,-1.00829498400251E-16));
#5118=DIRECTION('',(-1.73472347597681E-16,-1.,0.));
#5119=DIRECTION('',(0.,-1.,-3.04534240548292E-16));
#5120=DIRECTION('',(-1.,-9.71445146547012E-17,2.47198173555018E-17));
#5121=DIRECTION('',(9.71445146547012E-17,-1.,0.));
#5122=DIRECTION('',(0.,-1.,-3.04534240548292E-16));
#5123=DIRECTION('',(0.,-3.37510490746602E-16,1.));
#5124=DIRECTION('',(1.,9.71445146547012E-17,-2.47198173555018E-17));
#5125=DIRECTION('',(-9.71445146547012E-17,1.,0.));
#5126=DIRECTION('',(0.,-1.,-3.04534240548292E-16));
#5127=DIRECTION('',(0.,-3.37510490746602E-16,1.));
#5128=DIRECTION('',(0.,-1.,-3.04534240548292E-16));
#5129=DIRECTION('',(-1.00829498400251E-16,-3.04534240548292E-16,1.));
#5130=DIRECTION('',(0.,-1.,-3.04534240548292E-16));
#5131=DIRECTION('',(1.,-2.88349591117923E-16,-9.7321012004792E-32));
#5132=DIRECTION('',(9.71445146547012E-17,-1.,-3.37510490746602E-16));
#5133=DIRECTION('',(0.,3.37510490746602E-16,-1.));
#5134=DIRECTION('',(1.,-3.07060347201856E-32,1.00829498400251E-16));
#5135=DIRECTION('',(9.71445146547012E-17,-1.,-3.37510490746602E-16));
#5136=DIRECTION('',(0.,3.37510490746602E-16,-1.));
#5137=DIRECTION('',(1.,-3.07060347201856E-32,1.00829498400251E-16));
#5138=DIRECTION('',(1.,-1.30104260698261E-16,1.00829498400251E-16));
#5139=DIRECTION('',(1.30104260698261E-16,1.,0.));
#5140=DIRECTION('',(0.,-3.37510490746602E-16,1.));
#5141=DIRECTION('',(0.,-1.,-3.04534240548292E-16));
#5142=DIRECTION('',(0.,3.37510490746602E-16,-1.));
#5143=DIRECTION('',(9.71445146547012E-17,-1.,-3.37510490746602E-16));
#5144=DIRECTION('',(0.,3.37510490746602E-16,-1.));
#5145=DIRECTION('',(1.,-3.07060347201856E-32,1.00829498400251E-16));
#5146=DIRECTION('',(9.71445146547012E-17,-1.,-3.37510490746602E-16));
#5147=DIRECTION('',(0.,3.37510490746602E-16,-1.));
#5148=DIRECTION('',(1.,-3.07060347201856E-32,1.00829498400251E-16));
#5149=DIRECTION('',(-9.56025382316107E-17,-1.,-3.37510490746602E-16));
#5150=DIRECTION('',(0.,3.37510490746602E-16,-1.));
#5151=DIRECTION('',(1.,-3.07060347201856E-32,1.00829498400251E-16));
#5152=DIRECTION('',(-1.00829498400251E-16,1.74911297945881E-32,1.));
#5153=DIRECTION('',(1.,-3.07060347201856E-32,1.00829498400251E-16));
#5154=DIRECTION('',(-1.00829498400251E-16,-3.04534240548292E-16,1.));
#5155=DIRECTION('',(0.,-1.,-3.04534240548292E-16));
#5156=DIRECTION('',(-1.73472347597681E-16,-1.,0.));
#5157=DIRECTION('',(1.,-2.88349591117923E-16,-9.7321012004792E-32));
#5158=DIRECTION('',(2.88349591117923E-16,1.,3.37510490746602E-16));
#5159=DIRECTION('',(0.,-3.37510490746602E-16,1.));
#5160=DIRECTION('',(-1.00829498400251E-16,1.74911297945881E-32,1.));
#5161=DIRECTION('',(1.,-3.07060347201856E-32,1.00829498400251E-16));
#5162=DIRECTION('',(-1.00829498400251E-16,-3.04534240548292E-16,1.));
#5163=DIRECTION('',(0.,-1.,-3.04534240548292E-16));
#5164=DIRECTION('',(-1.73472347597681E-16,-1.,0.));
#5165=DIRECTION('',(-1.,1.73472347597681E-16,-1.00829498400251E-16));
#5166=DIRECTION('',(-1.73472347597681E-16,-1.,0.));
#5167=DIRECTION('',(0.,0.,1.));
#5168=DIRECTION('',(1.,0.,0.));
#5169=DIRECTION('',(1.25665013553992E-16,1.25672413262468E-16,-1.));
#5170=DIRECTION('',(0.,1.,1.25672413262468E-16));
#5171=DIRECTION('',(-1.25665013553992E-16,-1.25672413262468E-16,1.));
#5172=DIRECTION('',(0.,-1.,-1.25672413262468E-16));
#5173=DIRECTION('',(-1.25665013553992E-16,-1.25672413262468E-16,1.));
#5174=DIRECTION('',(0.,-1.,-1.25672413262468E-16));
#5175=DIRECTION('',(1.25665013553992E-16,1.25672413262468E-16,-1.));
#5176=DIRECTION('',(0.,1.,1.25672413262468E-16));
#5177=DIRECTION('',(-1.25665013553992E-16,-1.25672413262468E-16,1.));
#5178=DIRECTION('',(0.,-1.,-1.25672413262468E-16));
#5179=DIRECTION('',(-1.25665013553992E-16,-1.25672413262468E-16,1.));
#5180=DIRECTION('',(0.,-1.,-1.25672413262468E-16));
#5181=DIRECTION('',(-1.25665013553992E-16,-1.25672413262468E-16,1.));
#5182=DIRECTION('',(0.,-1.,-1.25672413262468E-16));
#5183=DIRECTION('',(-1.25665013553992E-16,-1.25672413262468E-16,1.));
#5184=DIRECTION('',(0.,-1.,-1.25672413262468E-16));
#5185=DIRECTION('',(-1.25665013553992E-16,-1.25672413262468E-16,1.));
#5186=DIRECTION('',(0.,-1.,-1.25672413262468E-16));
#5187=DIRECTION('',(-1.25665013553992E-16,-1.25672413262468E-16,1.));
#5188=DIRECTION('',(0.,-1.,-1.25672413262468E-16));
#5189=DIRECTION('',(-1.25665013553992E-16,-1.25672413262468E-16,1.));
#5190=DIRECTION('',(0.,-1.,-1.25672413262468E-16));
#5191=DIRECTION('',(-1.25665013553992E-16,-1.25672413262468E-16,1.));
#5192=DIRECTION('',(0.,-1.,-1.25672413262468E-16));
#5193=DIRECTION('',(-1.25665013553992E-16,-1.25672413262468E-16,1.));
#5194=DIRECTION('',(0.,-1.,-1.25672413262468E-16));
#5195=DIRECTION('',(0.,0.,1.));
#5196=DIRECTION('',(1.,0.,0.));
#5197=DIRECTION('',(0.,0.,1.));
#5198=DIRECTION('',(1.,0.,0.));
#5199=DIRECTION('',(-1.25665013553992E-16,-1.25672413262468E-16,1.));
#5200=DIRECTION('',(0.,-1.,-1.25672413262468E-16));
#5201=DIRECTION('',(1.25665013553992E-16,1.25672413262468E-16,-1.));
#5202=DIRECTION('',(0.,1.,1.25672413262468E-16));
#5203=DIRECTION('',(-7.05793328784353E-35,1.,-8.86935282280029E-51));
#5204=DIRECTION('',(-1.,-7.05793328784353E-35,-1.25665013553992E-16));
#5205=DIRECTION('',(-1.25665013553992E-16,0.,1.));
#5206=DIRECTION('',(1.25665013553992E-16,1.25672413262468E-16,-1.));
#5207=DIRECTION('',(1.25665013553992E-16,1.25672413262468E-16,-1.));
#5208=DIRECTION('',(0.,-1.,-1.25672413262468E-16));
#5209=DIRECTION('',(-1.25665013553992E-16,-1.25672413262468E-16,1.));
#5210=DIRECTION('',(0.,-1.,-1.25672413262468E-16));
#5211=DIRECTION('',(1.25665013553992E-16,1.25672413262468E-16,-1.));
#5212=DIRECTION('',(0.,1.,1.25672413262468E-16));
#5213=DIRECTION('',(1.25665013553992E-16,1.25672413262468E-16,-1.));
#5214=DIRECTION('',(0.,1.,1.25672413262468E-16));
#5215=DIRECTION('',(1.25665013553992E-16,1.25672413262468E-16,-1.));
#5216=DIRECTION('',(0.,1.,1.25672413262468E-16));
#5217=DIRECTION('',(0.,0.,1.));
#5218=DIRECTION('',(1.,0.,0.));
#5219=DIRECTION('',(0.,0.,1.));
#5220=DIRECTION('',(1.,0.,0.));
#5221=DIRECTION('',(0.,0.,1.));
#5222=DIRECTION('',(1.,0.,0.));
#5223=DIRECTION('',(-0.694658370458974,2.56388902105436E-16,-0.719339800338674));
#5224=DIRECTION('',(-0.719339800338674,0.,0.694658370458974));
#5225=DIRECTION('',(0.,1.,3.02816021227065E-16));
#5226=DIRECTION('',(-1.11333466393185E-16,-3.02816021227065E-16,1.));
#5227=DIRECTION('',(0.,-1.,-3.02816021227065E-16));
#5228=DIRECTION('',(-2.15486019936362E-16,-1.29477063330761E-16,1.));
#5229=DIRECTION('',(-1.11333466393185E-16,-3.02816021227065E-16,1.));
#5230=DIRECTION('',(0.,-1.,-3.02816021227065E-16));
#5231=DIRECTION('',(-1.11333466393185E-16,-3.02816021227065E-16,1.));
#5232=DIRECTION('',(0.,-1.,-3.02816021227065E-16));
#5233=DIRECTION('',(-2.15486019936362E-16,-1.29477063330761E-16,1.));
#5234=DIRECTION('',(-1.11333466393185E-16,-3.02816021227065E-16,1.));
#5235=DIRECTION('',(0.,-1.,-3.02816021227065E-16));
#5236=DIRECTION('',(-1.11333466393185E-16,-3.02816021227065E-16,1.));
#5237=DIRECTION('',(0.,-1.,-3.02816021227065E-16));
#5238=DIRECTION('',(1.11333466393185E-16,3.02816021227065E-16,-1.));
#5239=DIRECTION('',(0.,1.,3.02816021227065E-16));
#5240=DIRECTION('',(0.,0.,1.));
#5241=DIRECTION('',(1.,0.,0.));
#5242=DIRECTION('',(-1.11333466393185E-16,-3.02816021227065E-16,1.));
#5243=DIRECTION('',(0.,-1.,-3.02816021227065E-16));
#5244=DIRECTION('',(-1.,5.55111512312578E-17,-1.11333466393185E-16));
#5245=DIRECTION('',(-1.11333466393185E-16,0.,1.));
#5246=DIRECTION('',(-1.11333466393185E-16,0.,1.));
#5247=DIRECTION('',(0.,1.,3.02816021227065E-16));
#5248=DIRECTION('',(-1.11333466393185E-16,0.,1.));
#5249=DIRECTION('',(0.,-1.,-3.02816021227065E-16));
#5250=DIRECTION('',(-1.,5.55111512312578E-17,-1.11333466393185E-16));
#5251=DIRECTION('',(-1.11333466393185E-16,0.,1.));
#5252=DIRECTION('',(0.,1.,3.02816021227065E-16));
#5253=DIRECTION('',(0.,-0.0208027820092379,0.99978359871558));
#5254=DIRECTION('',(0.,-1.,-3.02816021227065E-16));
#5255=DIRECTION('',(-1.11333466393185E-16,0.,1.));
#5256=DIRECTION('',(-1.11333466393185E-16,-3.02816021227065E-16,1.));
#5257=DIRECTION('',(0.,-1.,-3.02816021227065E-16));
#5258=DIRECTION('',(-2.15486019936362E-16,-1.29477063330761E-16,1.));
#5259=DIRECTION('',(-1.11333466393185E-16,-3.02816021227065E-16,1.));
#5260=DIRECTION('',(0.,-1.,-3.02816021227065E-16));
#5261=DIRECTION('',(1.25665013553992E-16,1.25672413262468E-16,-1.));
#5262=DIRECTION('',(0.,1.,1.25672413262468E-16));
#5263=DIRECTION('',(1.25665013553992E-16,1.25672413262468E-16,-1.));
#5264=DIRECTION('',(0.,1.,1.25672413262468E-16));
#5265=DIRECTION('',(1.25665013553992E-16,1.25672413262468E-16,-1.));
#5266=DIRECTION('',(0.,1.,1.25672413262468E-16));
#5267=DIRECTION('',(-1.11333466393185E-16,-3.02816021227065E-16,1.));
#5268=DIRECTION('',(0.,-1.,-3.02816021227065E-16));
#5269=DIRECTION('',(0.515038074910093,-0.857167300702089,0.));
#5270=DIRECTION('',(-0.857167300702089,-0.515038074910093,0.));
#5271=DIRECTION('',(-0.515038074910093,0.857167300702089,0.));
#5272=DIRECTION('',(-8.09351383600093E-16,-4.04675691800047E-16,1.));
#5273=DIRECTION('',(1.,0.,8.09351383600093E-16));
#5274=DIRECTION('',(-0.515038074910093,0.857167300702089,0.));
#5275=DIRECTION('',(0.515038074910093,-0.857167300702089,0.));
#5276=DIRECTION('',(-8.09351383600093E-16,-4.04675691800047E-16,1.));
#5277=DIRECTION('',(1.,0.,8.09351383600093E-16));
#5278=DIRECTION('',(1.11333466393185E-16,3.02816021227065E-16,-1.));
#5279=DIRECTION('',(0.,1.,3.02816021227065E-16));
#5280=DIRECTION('',(0.,1.,3.02816021227065E-16));
#5281=DIRECTION('',(1.,-3.37135573226015E-32,1.11333466393185E-16));
#5282=DIRECTION('',(-8.09351383600093E-16,-4.04675691800047E-16,1.));
#5283=DIRECTION('',(1.,0.,8.09351383600093E-16));
#5284=DIRECTION('',(1.,-3.37135573226015E-32,1.11333466393185E-16));
#5285=DIRECTION('',(0.,1.,3.02816021227065E-16));
#5286=DIRECTION('',(-8.09351383600301E-16,-4.04675691800151E-16,1.));
#5287=DIRECTION('',(1.,0.,8.09351383600301E-16));
#5288=DIRECTION('',(-8.09351383600301E-16,-4.04675691800151E-16,1.));
#5289=DIRECTION('',(1.,0.,8.09351383600301E-16));
#5290=DIRECTION('',(0.999390827019096,-6.6045462072067E-17,0.0348994967025));
#5291=DIRECTION('',(0.0348994967025,0.,-0.999390827019096));
#5292=DIRECTION('',(0.,-1.,-3.02816021227065E-16));
#5293=DIRECTION('',(0.,0.,1.));
#5294=DIRECTION('',(1.,0.,0.));
#5295=DIRECTION('',(-0.857167300702089,-0.515038074910093,-2.51393187490775E-16));
#5296=DIRECTION('',(0.515038074910093,-0.857167300702089,0.));
#5297=DIRECTION('',(0.857167300702089,0.515038074910093,2.51393187490775E-16));
#5298=DIRECTION('',(-0.515038074910093,0.857167300702089,0.));
#5299=DIRECTION('',(1.66942123963587E-31,8.17171032192373E-16,1.));
#5300=DIRECTION('',(0.,-1.,8.17171032192373E-16));
#5301=DIRECTION('',(-6.07490049181792E-17,-3.02816021227065E-16,1.));
#5302=DIRECTION('',(-1.,0.,3.2686843108321E-15));
#5303=DIRECTION('',(0.857167300702089,0.515038074910093,2.51393187490775E-16));
#5304=DIRECTION('',(-0.515038074910093,0.857167300702089,0.));
#5305=DIRECTION('',(-0.515037993943892,0.857167349351485,0.));
#5306=DIRECTION('',(1.11333466393185E-16,3.02816021227065E-16,-1.));
#5307=DIRECTION('',(0.,1.,3.02816021227065E-16));
#5308=DIRECTION('',(0.515038074910093,-0.857167300702089,0.));
#5309=DIRECTION('',(-8.09351383600093E-16,-4.04675691800047E-16,1.));
#5310=DIRECTION('',(1.,0.,8.09351383600093E-16));
#5311=DIRECTION('',(1.,-5.55111512312578E-17,-1.68096659495834E-32));
#5312=DIRECTION('',(1.11333466393185E-16,3.02816021227065E-16,-1.));
#5313=DIRECTION('',(0.,1.,3.02816021227065E-16));
#5314=DIRECTION('',(-8.09351383600301E-16,-4.04675691800151E-16,1.));
#5315=DIRECTION('',(1.,0.,8.09351383600301E-16));
#5316=DIRECTION('',(5.55111512312578E-17,1.,6.18024889005225E-33));
#5317=DIRECTION('',(-8.09351383600301E-16,-4.04675691800151E-16,1.));
#5318=DIRECTION('',(1.,0.,8.09351383600301E-16));
#5319=DIRECTION('',(-8.09351383600301E-16,-4.04675691800151E-16,1.));
#5320=DIRECTION('',(1.,0.,8.09351383600301E-16));
#5321=DIRECTION('',(1.11333466393185E-16,3.02816021227065E-16,-1.));
#5322=DIRECTION('',(0.,1.,3.02816021227065E-16));
#5323=DIRECTION('',(1.,-5.55111512312578E-17,-1.68096659495834E-32));
#5324=DIRECTION('',(-8.09351383600093E-16,-4.04675691800047E-16,1.));
#5325=DIRECTION('',(1.,0.,8.09351383600093E-16));
#5326=DIRECTION('',(-1.11333466393185E-16,-3.02816021227065E-16,1.));
#5327=DIRECTION('',(0.,-1.,-3.02816021227065E-16));
#5328=DIRECTION('',(-8.09351383600093E-16,-4.04675691800047E-16,1.));
#5329=DIRECTION('',(1.,0.,8.09351383600093E-16));
#5330=DIRECTION('',(-0.515038074910093,0.857167300702089,0.));
#5331=DIRECTION('',(0.857167300702089,0.515038074910093,0.));
#5332=DIRECTION('',(0.515038074910093,-0.857167300702089,0.));
#5333=DIRECTION('',(5.55111512312578E-17,1.,6.18024889005225E-33));
#5334=DIRECTION('',(-8.09351383600093E-16,-4.04675691800047E-16,1.));
#5335=DIRECTION('',(1.,0.,8.09351383600093E-16));
#5336=DIRECTION('',(0.0348795456872312,-0.0338084891601807,-0.99881950489233));
#5337=DIRECTION('',(-0.999390827019339,0.,-0.03489949669553));
#5338=DIRECTION('',(-1.25665013553992E-16,-1.25672413262468E-16,1.));
#5339=DIRECTION('',(0.,-1.,-1.25672413262468E-16));
#5340=DIRECTION('',(1.25665013553992E-16,1.25672413262468E-16,-1.));
#5341=DIRECTION('',(0.,1.,1.25672413262468E-16));
#5342=DIRECTION('',(1.25665013553992E-16,1.25672413262468E-16,-1.));
#5343=DIRECTION('',(0.,1.,1.25672413262468E-16));
#5344=DIRECTION('',(-1.25665013553992E-16,-1.25672413262468E-16,1.));
#5345=DIRECTION('',(0.,-1.,-1.25672413262468E-16));
#5346=DIRECTION('',(-1.25665013553992E-16,-1.25672413262468E-16,1.));
#5347=DIRECTION('',(0.,-1.,-1.25672413262468E-16));
#5348=DIRECTION('',(-1.25665013553992E-16,-1.25672413262468E-16,1.));
#5349=DIRECTION('',(0.,-1.,-1.25672413262468E-16));
#5350=DIRECTION('',(-1.25665013553992E-16,-1.25672413262468E-16,1.));
#5351=DIRECTION('',(0.,-1.,-1.25672413262468E-16));
#5352=DIRECTION('',(-1.25665013553992E-16,-1.25672413262468E-16,1.));
#5353=DIRECTION('',(0.,-1.,-1.25672413262468E-16));
#5354=DIRECTION('',(-1.25665013553992E-16,-1.25672413262468E-16,1.));
#5355=DIRECTION('',(0.,-1.,-1.25672413262468E-16));
#5356=DIRECTION('',(-1.25665013553992E-16,-1.25672413262468E-16,1.));
#5357=DIRECTION('',(0.,-1.,-1.25672413262468E-16));
#5358=DIRECTION('',(-1.25665013553992E-16,-1.25672413262468E-16,1.));
#5359=DIRECTION('',(0.,-1.,-1.25672413262468E-16));
#5360=DIRECTION('',(-1.25665013553992E-16,-1.25672413262468E-16,1.));
#5361=DIRECTION('',(0.,-1.,-1.25672413262468E-16));
#5362=DIRECTION('',(-1.25665013553992E-16,-1.25672413262468E-16,1.));
#5363=DIRECTION('',(0.,-1.,-1.25672413262468E-16));
#5364=DIRECTION('',(-1.25665013553992E-16,-1.25672413262468E-16,1.));
#5365=DIRECTION('',(0.,-1.,-1.25672413262468E-16));
#5366=DIRECTION('',(-1.25665013553992E-16,-1.25672413262468E-16,1.));
#5367=DIRECTION('',(0.,-1.,-1.25672413262468E-16));
#5368=DIRECTION('',(-1.25665013553992E-16,-1.25672413262468E-16,1.));
#5369=DIRECTION('',(0.,-1.,-1.25672413262468E-16));
#5370=DIRECTION('',(-1.25665013553992E-16,-1.25672413262468E-16,1.));
#5371=DIRECTION('',(0.,-1.,-1.25672413262468E-16));
#5372=DIRECTION('',(-1.25665013553992E-16,-1.25672413262468E-16,1.));
#5373=DIRECTION('',(0.,-1.,-1.25672413262468E-16));
#5374=DIRECTION('',(-1.25665013553992E-16,-1.25672413262468E-16,1.));
#5375=DIRECTION('',(0.,-1.,-1.25672413262468E-16));
#5376=DIRECTION('',(-1.25665013553992E-16,-1.25672413262468E-16,1.));
#5377=DIRECTION('',(0.,-1.,-1.25672413262468E-16));
#5378=DIRECTION('',(-1.25665013553992E-16,-1.25672413262468E-16,1.));
#5379=DIRECTION('',(0.,-1.,-1.25672413262468E-16));
#5380=DIRECTION('',(-1.25665013553992E-16,-1.25672413262468E-16,1.));
#5381=DIRECTION('',(0.,-1.,-1.25672413262468E-16));
#5382=DIRECTION('',(0.,0.,-1.));
#5383=DIRECTION('',(-1.,0.,0.));
#5384=DIRECTION('',(0.,0.,-1.));
#5385=DIRECTION('',(-1.,0.,0.));
#5386=DIRECTION('',(-2.77555756156289E-16,9.62964972193616E-33,1.));
#5387=DIRECTION('',(1.,0.,2.77555756156289E-16));
#5388=DIRECTION('',(-2.77555756156289E-16,9.62964972193616E-33,1.));
#5389=DIRECTION('',(1.,0.,2.77555756156289E-16));
#5390=DIRECTION('',(0.,0.,-1.));
#5391=DIRECTION('',(-1.,0.,0.));
#5392=DIRECTION('',(-0.856645137542399,-0.5147243276307,0.0348994967024997));
#5393=DIRECTION('',(0.515038074910072,-0.857167300702102,0.));
#5394=DIRECTION('',(-0.515038074910071,0.857167300702102,0.));
#5395=DIRECTION('',(0.857167300702089,0.515038074910093,2.51393187490775E-16));
#5396=DIRECTION('',(-0.515038074910093,0.857167300702089,0.));
#5397=DIRECTION('',(1.04152553543177E-16,-1.73338957896305E-16,1.));
#5398=DIRECTION('',(-0.515038074910093,0.857167300702089,2.02223017320336E-16));
#5399=DIRECTION('',(-0.857167300702089,-0.515038074910093,0.));
#5400=DIRECTION('',(-2.15486019936362E-16,-1.29477063330761E-16,1.));
#5401=DIRECTION('',(-0.857167300701852,-0.515038074910487,0.));
#5402=DIRECTION('',(-0.857167300702089,-0.515038074910093,-2.51393187490775E-16));
#5403=DIRECTION('',(0.515038074910093,-0.857167300702089,0.));
#5404=DIRECTION('',(-5.55111512312578E-17,-1.,-3.02816021227065E-16));
#5405=DIRECTION('',(0.,3.02816021227065E-16,-1.));
#5406=DIRECTION('',(0.,-1.,-3.02816021227065E-16));
#5407=DIRECTION('',(6.60052289610613E-17,1.,2.30495338579919E-18));
#5408=DIRECTION('',(-3.28103569262668E-14,5.46055976967812E-14,-1.));
#5409=DIRECTION('',(0.,1.,5.46055976967812E-14));
#5410=DIRECTION('',(1.32229971341464E-16,3.02816021227065E-16,-1.));
#5411=DIRECTION('',(1.,0.,0.));
#5412=DIRECTION('',(0.856645137542399,0.5147243276307,0.0348994967025002));
#5413=DIRECTION('',(-0.515038074910072,0.857167300702102,0.));
#5414=DIRECTION('',(0.,0.,-1.));
#5415=DIRECTION('',(-1.,0.,0.));
#5416=DIRECTION('',(0.,0.,-1.));
#5417=DIRECTION('',(-1.,0.,0.));
#5418=DIRECTION('',(0.515038074910093,-0.857167300702089,-2.02223017320336E-16));
#5419=DIRECTION('',(0.857167300702089,0.515038074910093,0.));
#5420=DIRECTION('',(-2.15486019936362E-16,-1.29477063330761E-16,1.));
#5421=DIRECTION('',(0.857167300701862,0.515038074910471,0.));
#5422=DIRECTION('',(-2.15486019936362E-16,-1.29477063330761E-16,1.));
#5423=DIRECTION('',(0.857167300702089,0.515038074910093,2.51393187490775E-16));
#5424=DIRECTION('',(-0.515038074910093,0.857167300702089,0.));
#5425=DIRECTION('',(-0.515038074910042,0.85716730070212,0.));
#5426=DIRECTION('',(-8.09351383600093E-16,-4.04675691800047E-16,1.));
#5427=DIRECTION('',(1.,0.,8.09351383600093E-16));
#5428=DIRECTION('',(-8.09351383600093E-16,-4.04675691800047E-16,1.));
#5429=DIRECTION('',(1.,0.,8.09351383600093E-16));
#5430=DIRECTION('',(-8.09351383600093E-16,-4.04675691800047E-16,1.));
#5431=DIRECTION('',(1.,0.,8.09351383600093E-16));
#5432=DIRECTION('',(-0.857167300702089,-0.515038074910093,-2.51393187490775E-16));
#5433=DIRECTION('',(0.515038074910093,-0.857167300702089,0.));
#5434=DIRECTION('',(5.55111512312578E-17,1.,3.02816021227065E-16));
#5435=DIRECTION('',(0.,-3.02816021227065E-16,1.));
#5436=DIRECTION('',(-1.11333466393185E-16,0.,1.));
#5437=DIRECTION('',(1.,-3.37135573226015E-32,1.11333466393185E-16));
#5438=DIRECTION('',(1.11333466393185E-16,0.,-1.));
#5439=DIRECTION('',(-1.,5.55111512312578E-17,-1.11333466393185E-16));
#5440=DIRECTION('',(-1.11333466393185E-16,0.,1.));
#5441=DIRECTION('',(0.,3.02816021227065E-16,-1.));
#5442=DIRECTION('',(0.,1.,3.02816021227065E-16));
#5443=DIRECTION('',(-5.55111512312578E-17,-1.,-3.02816021227065E-16));
#5444=DIRECTION('',(0.,3.02816021227065E-16,-1.));
#5445=DIRECTION('',(1.11333466393185E-16,0.,-1.));
#5446=DIRECTION('',(1.,-3.37135573226015E-32,1.11333466393185E-16));
#5447=DIRECTION('',(1.,-5.55111512312578E-17,1.11333466393185E-16));
#5448=DIRECTION('',(1.11333466393185E-16,0.,-1.));
#5449=DIRECTION('',(0.,1.,3.02816021227065E-16));
#5450=DIRECTION('',(0.,0.,-1.));
#5451=DIRECTION('',(-1.,0.,0.));
#5452=DIRECTION('',(0.,0.,-1.));
#5453=DIRECTION('',(-1.,0.,0.));
#5454=DIRECTION('',(0.,0.,-1.));
#5455=DIRECTION('',(-1.,0.,0.));
#5456=DIRECTION('',(-0.029914707384344,-0.0179745695969861,0.999390827019096));
#5457=DIRECTION('',(0.999390827019096,-6.6045462072067E-17,0.0348994967025));
#5458=DIRECTION('',(0.0348994967025,0.,-0.999390827019096));
#5459=DIRECTION('',(0.0348994596042368,0.00145808249278223,-0.999389764663806));
#5460=DIRECTION('',(0.0348994465255413,0.00169573282397385,-0.999389390138999));
#5461=DIRECTION('',(1.25665013553992E-16,1.25672413262468E-16,-1.));
#5462=DIRECTION('',(0.,1.,1.25672413262468E-16));
#5463=DIRECTION('',(1.25665013553992E-16,1.25672413262468E-16,-1.));
#5464=DIRECTION('',(0.,1.,1.25672413262468E-16));
#5465=DIRECTION('',(1.25665013553992E-16,1.25672413262468E-16,-1.));
#5466=DIRECTION('',(0.,1.,1.25672413262468E-16));
#5467=DIRECTION('',(-1.25665013553992E-16,-1.25672413262468E-16,1.));
#5468=DIRECTION('',(0.,-1.,-1.25672413262468E-16));
#5469=DIRECTION('',(-1.25665013553992E-16,-1.25672413262468E-16,1.));
#5470=DIRECTION('',(0.,-1.,-1.25672413262468E-16));
#5471=DIRECTION('',(-1.25665013553992E-16,-1.25672413262468E-16,1.));
#5472=DIRECTION('',(0.,-1.,-1.25672413262468E-16));
#5473=DIRECTION('',(-1.25665013553992E-16,-1.25672413262468E-16,1.));
#5474=DIRECTION('',(0.,-1.,-1.25672413262468E-16));
#5475=DIRECTION('',(-1.25665013553992E-16,-1.25672413262468E-16,1.));
#5476=DIRECTION('',(0.,-1.,-1.25672413262468E-16));
#5477=DIRECTION('',(-1.25665013553992E-16,-1.25672413262468E-16,1.));
#5478=DIRECTION('',(0.,-1.,-1.25672413262468E-16));
#5479=DIRECTION('',(-1.25665013553992E-16,-1.25672413262468E-16,1.));
#5480=DIRECTION('',(0.,-1.,-1.25672413262468E-16));
#5481=DIRECTION('',(-1.25665013553992E-16,-1.25672413262468E-16,1.));
#5482=DIRECTION('',(0.,-1.,-1.25672413262468E-16));
#5483=DIRECTION('',(-1.25665013553992E-16,-1.25672413262468E-16,1.));
#5484=DIRECTION('',(0.,-1.,-1.25672413262468E-16));
#5485=DIRECTION('',(-1.25665013553992E-16,-1.25672413262468E-16,1.));
#5486=DIRECTION('',(0.,-1.,-1.25672413262468E-16));
#5487=DIRECTION('',(-1.25665013553992E-16,-1.25672413262468E-16,1.));
#5488=DIRECTION('',(0.,-1.,-1.25672413262468E-16));
#5489=DIRECTION('',(-1.25665013553992E-16,-1.25672413262468E-16,1.));
#5490=DIRECTION('',(0.,-1.,-1.25672413262468E-16));
#5491=DIRECTION('',(-1.25665013553992E-16,-1.25672413262468E-16,1.));
#5492=DIRECTION('',(0.,-1.,-1.25672413262468E-16));
#5493=DIRECTION('',(-1.25665013553992E-16,-1.25672413262468E-16,1.));
#5494=DIRECTION('',(0.,-1.,-1.25672413262468E-16));
#5495=DIRECTION('',(-1.25665013553992E-16,-1.25672413262468E-16,1.));
#5496=DIRECTION('',(0.,-1.,-1.25672413262468E-16));
#5497=DIRECTION('',(-1.25665013553992E-16,-1.25672413262468E-16,1.));
#5498=DIRECTION('',(0.,-1.,-1.25672413262468E-16));
#5499=DIRECTION('',(-1.25665013553992E-16,-1.25672413262468E-16,1.));
#5500=DIRECTION('',(0.,-1.,-1.25672413262468E-16));
#5501=DIRECTION('',(-1.25665013553992E-16,-1.25672413262468E-16,1.));
#5502=DIRECTION('',(0.,-1.,-1.25672413262468E-16));
#5503=DIRECTION('',(-2.77555756156289E-16,9.62964972193616E-33,1.));
#5504=DIRECTION('',(1.,0.,2.77555756156289E-16));
#5505=DIRECTION('',(-2.77555756156289E-16,9.62964972193616E-33,1.));
#5506=DIRECTION('',(1.,0.,2.77555756156289E-16));
#5507=DIRECTION('',(-2.77555756156289E-16,9.62964972193616E-33,1.));
#5508=DIRECTION('',(1.,0.,2.77555756156289E-16));
#5509=DIRECTION('',(0.,0.,-1.));
#5510=DIRECTION('',(-1.,0.,0.));
#5511=DIRECTION('',(0.,0.,-1.));
#5512=DIRECTION('',(-1.,0.,0.));
#5513=DIRECTION('',(0.,0.,-1.));
#5514=DIRECTION('',(-1.,0.,0.));
#5515=DIRECTION('',(0.,0.,-1.));
#5516=DIRECTION('',(-1.,0.,0.));
#5517=DIRECTION('',(0.0425651057392656,-0.000343295253435435,-0.99909363621323));
#5518=DIRECTION('',(-0.999093695085642,0.,-0.0425651082474494));
#5519=DIRECTION('',(0.856645137542234,0.514724327630993,-0.0348994967022421));
#5520=DIRECTION('',(0.381068675118241,-0.676903458197595,-0.629752628516757));
#5521=DIRECTION('',(1.11333466393185E-16,3.02816021227065E-16,-1.));
#5522=DIRECTION('',(0.,1.,3.02816021227065E-16));
#5523=DIRECTION('',(-1.11333466393185E-16,-3.02816021227065E-16,1.));
#5524=DIRECTION('',(0.,-1.,-3.02816021227065E-16));
#5525=DIRECTION('',(0.856645137543348,0.514724327629053,0.0348994967035099));
#5526=DIRECTION('',(-0.381068706701563,0.676903505987346,-0.62975255803755));
#5527=DIRECTION('',(0.8566451375503,0.514724327618413,0.034899496689793));
#5528=DIRECTION('',(0.418769602031819,-0.654251015768436,-0.629752037535475));
#5529=DIRECTION('',(0.856645137542399,0.5147243276307,0.0348994967025002));
#5530=DIRECTION('',(-0.515038074910072,0.857167300702102,0.));
#5531=DIRECTION('',(1.11333466393185E-16,3.02816021227065E-16,-1.));
#5532=DIRECTION('',(0.,1.,3.02816021227065E-16));
#5533=DIRECTION('',(0.,0.,-1.));
#5534=DIRECTION('',(-1.,0.,0.));
#5535=DIRECTION('',(1.11333466393185E-16,3.02816021227065E-16,-1.));
#5536=DIRECTION('',(0.997009862568927,-0.0772744067611608,8.76006356298951E-17));
#5537=DIRECTION('',(-1.25665013553992E-16,-1.25672413262468E-16,1.));
#5538=DIRECTION('',(0.,-1.,-1.25672413262468E-16));
#5539=DIRECTION('',(1.25665013553992E-16,1.25672413262468E-16,-1.));
#5540=DIRECTION('',(0.,1.,1.25672413262468E-16));
#5541=DIRECTION('',(-0.0348994314357804,-0.00193396803621732,0.999388958040409));
#5542=DIRECTION('',(0.999390827019115,0.,0.034899496701955));
#5543=DIRECTION('',(1.82173451334926E-14,-1.00923990712544E-13,-1.));
#5544=DIRECTION('',(0.,1.,-1.00923990712544E-13));
#5545=DIRECTION('',(-1.11333466393185E-16,-3.02816021227065E-16,1.));
#5546=DIRECTION('',(-1.,0.,-1.50697525028527E-15));
#5547=DIRECTION('',(-0.0426904851360919,0.00330877560639046,-0.999082866674648));
#5548=DIRECTION('',(-0.999088335697174,0.,0.0426907188256413));
#5549=DIRECTION('',(-6.1309388855879E-14,1.0203595794838E-13,-1.));
#5550=DIRECTION('',(0.,1.,1.0203595794838E-13));
#5551=DIRECTION('',(-1.11333466393185E-16,-3.02816021227065E-16,1.));
#5552=DIRECTION('',(-1.,0.,3.00859425532123E-15));
#5553=DIRECTION('',(-0.0171204959457109,-0.0392468327712322,0.999082866801348));
#5554=DIRECTION('',(0.,-0.999229320277144,-0.039252585882675));
#5555=DIRECTION('',(-1.23450582635818E-15,-7.41547719020888E-16,-1.));
#5556=DIRECTION('',(-1.,0.,1.23450582635818E-15));
#5557=DIRECTION('',(-1.11333466393185E-16,-3.02816021227065E-16,1.));
#5558=DIRECTION('',(-1.,0.,-4.52092575085737E-15));
#5559=DIRECTION('',(0.0426904851340515,-0.00330877560687281,-0.999082866674733));
#5560=DIRECTION('',(-0.999088335697262,0.,-0.042690718823601));
#5561=DIRECTION('',(0.,0.,-1.));
#5562=DIRECTION('',(-1.,0.,0.));
#5563=DIRECTION('',(-1.11333466393185E-16,-3.02816021227065E-16,1.));
#5564=DIRECTION('',(-1.,0.,-1.50429712766062E-15));
#5565=DIRECTION('',(1.25665013553992E-16,1.25672413262468E-16,-1.));
#5566=DIRECTION('',(0.,1.,1.25672413262468E-16));
#5567=DIRECTION('',(1.25665013553992E-16,1.25672413262468E-16,-1.));
#5568=DIRECTION('',(0.,1.,1.25672413262468E-16));
#5569=DIRECTION('',(-3.720586543651E-16,0.,1.));
#5570=DIRECTION('',(1.,0.,3.720586543651E-16));
#5571=DIRECTION('',(-3.720586543651E-16,0.,1.));
#5572=DIRECTION('',(1.,0.,3.720586543651E-16));
#5573=DIRECTION('',(-1.25665013553992E-16,-1.25672413262468E-16,1.));
#5574=DIRECTION('',(0.,-1.,-1.25672413262468E-16));
#5575=DIRECTION('',(-1.25665013553992E-16,-1.25672413262468E-16,1.));
#5576=DIRECTION('',(0.,-1.,-1.25672413262468E-16));
#5577=DIRECTION('',(1.11333466393185E-16,3.02816021227065E-16,-1.));
#5578=DIRECTION('',(0.,1.,3.02816021227065E-16));
#5579=DIRECTION('',(-1.25665013553992E-16,-1.25672413262468E-16,1.));
#5580=DIRECTION('',(0.,-1.,-1.25672413262468E-16));
#5581=DIRECTION('',(-1.25665013553992E-16,-1.25672413262468E-16,1.));
#5582=DIRECTION('',(0.,-1.,-1.25672413262468E-16));
#5583=DIRECTION('',(-1.25665013553992E-16,-1.25672413262468E-16,1.));
#5584=DIRECTION('',(0.,-1.,-1.25672413262468E-16));
#5585=DIRECTION('',(-1.25665013553992E-16,-1.25672413262468E-16,1.));
#5586=DIRECTION('',(0.,-1.,-1.25672413262468E-16));
#5587=DIRECTION('',(-1.25665013553992E-16,-1.25672413262468E-16,1.));
#5588=DIRECTION('',(0.,-1.,-1.25672413262468E-16));
#5589=DIRECTION('',(-1.25665013553992E-16,-1.25672413262468E-16,1.));
#5590=DIRECTION('',(0.,-1.,-1.25672413262468E-16));
#5591=DIRECTION('',(1.25665013553992E-16,1.25672413262468E-16,-1.));
#5592=DIRECTION('',(0.,1.,1.25672413262468E-16));
#5593=DIRECTION('',(-1.25665013553992E-16,-1.25672413262468E-16,1.));
#5594=DIRECTION('',(0.,-1.,-1.25672413262468E-16));
#5595=DIRECTION('',(1.25665013553992E-16,1.25672413262468E-16,-1.));
#5596=DIRECTION('',(0.,1.,1.25672413262468E-16));
#5597=DIRECTION('',(1.25665013553992E-16,1.25672413262468E-16,-1.));
#5598=DIRECTION('',(0.,1.,1.25672413262468E-16));
#5599=CARTESIAN_POINT('',(0.,0.,0.));
#5600=CARTESIAN_POINT('',(0.00591318148651205,-0.015596,-0.126415));
#5601=CARTESIAN_POINT('',(0.00642118148651205,-0.015746,-0.126565));
#5602=CARTESIAN_POINT('',(0.00627118148651205,-0.015746,-0.126565));
#5603=CARTESIAN_POINT('',(0.00606318148651206,-0.015746,-0.126565));
#5604=CARTESIAN_POINT('',(0.00606318148651206,-0.015746,-0.126565));
#5605=CARTESIAN_POINT('',(0.00591318148651205,-0.015596,-0.126415));
#5606=CARTESIAN_POINT('',(0.00591318148651205,-0.015596,-0.126415));
#5607=CARTESIAN_POINT('',(0.00642118148651205,-0.015596,-0.126415));
#5608=CARTESIAN_POINT('',(0.00642118148651205,-0.015596,-0.126415));
#5609=CARTESIAN_POINT('',(0.00591318148651206,-0.011596,-0.126415));
#5610=CARTESIAN_POINT('',(0.00642118148651205,-0.011746,-0.126565));
#5611=CARTESIAN_POINT('',(0.00627118148651205,-0.011746,-0.126565));
#5612=CARTESIAN_POINT('',(0.00606318148651206,-0.011746,-0.126565));
#5613=CARTESIAN_POINT('',(0.00606318148651206,-0.011746,-0.126565));
#5614=CARTESIAN_POINT('',(0.00591318148651205,-0.011596,-0.126415));
#5615=CARTESIAN_POINT('',(0.00591318148651205,-0.011596,-0.126415));
#5616=CARTESIAN_POINT('',(0.00642118148651205,-0.011596,-0.126415));
#5617=CARTESIAN_POINT('',(0.00642118148651205,-0.011596,-0.126415));
#5618=CARTESIAN_POINT('',(0.00591318148651205,-0.013596,-0.126415));
#5619=CARTESIAN_POINT('',(0.00642118148651205,-0.013746,-0.126565));
#5620=CARTESIAN_POINT('',(0.00627118148651205,-0.013746,-0.126565));
#5621=CARTESIAN_POINT('',(0.00606318148651206,-0.013746,-0.126565));
#5622=CARTESIAN_POINT('',(0.00606318148651206,-0.013746,-0.126565));
#5623=CARTESIAN_POINT('',(0.00591318148651205,-0.013596,-0.126415));
#5624=CARTESIAN_POINT('',(0.00591318148651205,-0.013596,-0.126415));
#5625=CARTESIAN_POINT('',(0.00642118148651205,-0.013596,-0.126415));
#5626=CARTESIAN_POINT('',(0.00642118148651205,-0.013596,-0.126415));
#5627=CARTESIAN_POINT('',(0.00591318148651205,-0.017596,-0.126415));
#5628=CARTESIAN_POINT('',(0.00642118148651205,-0.017746,-0.126565));
#5629=CARTESIAN_POINT('',(0.00627118148651205,-0.017746,-0.126565));
#5630=CARTESIAN_POINT('',(0.00606318148651206,-0.017746,-0.126565));
#5631=CARTESIAN_POINT('',(0.00606318148651206,-0.017746,-0.126565));
#5632=CARTESIAN_POINT('',(0.00591318148651205,-0.017596,-0.126415));
#5633=CARTESIAN_POINT('',(0.00591318148651205,-0.017596,-0.126415));
#5634=CARTESIAN_POINT('',(0.00642118148651205,-0.017596,-0.126415));
#5635=CARTESIAN_POINT('',(0.00642118148651205,-0.017596,-0.126415));
#5636=CARTESIAN_POINT('',(0.00642118148651205,-0.016104,-0.126415));
#5637=CARTESIAN_POINT('',(0.00642118148651205,-0.016104,-0.126415));
#5638=CARTESIAN_POINT('',(0.00642118148651205,-0.016104,-0.126415));
#5639=CARTESIAN_POINT('',(0.00642118148651205,-0.016104,-0.126415));
#5640=CARTESIAN_POINT('',(0.00627118148651205,-0.015954,-0.126565));
#5641=CARTESIAN_POINT('',(0.00627118148651205,-0.016104,-0.126565));
#5642=CARTESIAN_POINT('',(0.00642118148651205,-0.016104,-0.126565));
#5643=CARTESIAN_POINT('',(0.00591318148651205,-0.015954,-0.126565));
#5644=CARTESIAN_POINT('',(0.00606318148651206,-0.015954,-0.126565));
#5645=CARTESIAN_POINT('',(0.00606318148651206,-0.016104,-0.126565));
#5646=CARTESIAN_POINT('',(0.00591318148651205,-0.016104,-0.126415));
#5647=CARTESIAN_POINT('',(0.00606318148651205,-0.015954,-0.126565));
#5648=CARTESIAN_POINT('',(0.00591318148651205,-0.016104,-0.126415));
#5649=CARTESIAN_POINT('',(0.00591318148651205,-0.016104,-0.126415));
#5650=CARTESIAN_POINT('',(0.00591318148651205,-0.015596,-0.116896579510314));
#5651=CARTESIAN_POINT('',(0.00591318148651205,-0.015596,-0.116896579510314));
#5652=CARTESIAN_POINT('',(0.00591318148651205,-0.015596,-0.123425));
#5653=CARTESIAN_POINT('',(0.00591318148651205,-0.015596,-0.123425));
#5654=CARTESIAN_POINT('',(0.00642118148651205,-0.015596,-0.123425));
#5655=CARTESIAN_POINT('',(0.00642118148651205,-0.015596,-0.116896579510314));
#5656=CARTESIAN_POINT('',(0.00642118148651205,-0.012104,-0.126415));
#5657=CARTESIAN_POINT('',(0.00642118148651205,-0.012104,-0.126415));
#5658=CARTESIAN_POINT('',(0.00642118148651205,-0.012104,-0.126415));
#5659=CARTESIAN_POINT('',(0.00642118148651205,-0.012104,-0.126415));
#5660=CARTESIAN_POINT('',(0.00627118148651205,-0.011954,-0.126565));
#5661=CARTESIAN_POINT('',(0.00627118148651205,-0.012104,-0.126565));
#5662=CARTESIAN_POINT('',(0.00642118148651205,-0.012104,-0.126565));
#5663=CARTESIAN_POINT('',(0.00591318148651205,-0.011954,-0.126565));
#5664=CARTESIAN_POINT('',(0.00606318148651206,-0.011954,-0.126565));
#5665=CARTESIAN_POINT('',(0.00606318148651206,-0.012104,-0.126565));
#5666=CARTESIAN_POINT('',(0.00591318148651205,-0.012104,-0.126415));
#5667=CARTESIAN_POINT('',(0.00606318148651206,-0.011954,-0.126565));
#5668=CARTESIAN_POINT('',(0.00591318148651205,-0.012104,-0.126415));
#5669=CARTESIAN_POINT('',(0.00591318148651205,-0.012104,-0.126415));
#5670=CARTESIAN_POINT('',(0.00591318148651205,-0.011596,-0.116896579510314));
#5671=CARTESIAN_POINT('',(0.00591318148651205,-0.011596,-0.116896579510314));
#5672=CARTESIAN_POINT('',(0.00591318148651205,-0.011596,-0.123425));
#5673=CARTESIAN_POINT('',(0.00591318148651205,-0.011596,-0.123425));
#5674=CARTESIAN_POINT('',(0.00642118148651205,-0.011596,-0.123425));
#5675=CARTESIAN_POINT('',(0.00642118148651205,-0.011596,-0.116896579510314));
#5676=CARTESIAN_POINT('',(0.00642118148651205,-0.014104,-0.126415));
#5677=CARTESIAN_POINT('',(0.00642118148651205,-0.014104,-0.126415));
#5678=CARTESIAN_POINT('',(0.00642118148651205,-0.014104,-0.126415));
#5679=CARTESIAN_POINT('',(0.00642118148651205,-0.014104,-0.126415));
#5680=CARTESIAN_POINT('',(0.00627118148651205,-0.013954,-0.126565));
#5681=CARTESIAN_POINT('',(0.00627118148651205,-0.014104,-0.126565));
#5682=CARTESIAN_POINT('',(0.00642118148651205,-0.014104,-0.126565));
#5683=CARTESIAN_POINT('',(0.00591318148651205,-0.013954,-0.126565));
#5684=CARTESIAN_POINT('',(0.00606318148651206,-0.013954,-0.126565));
#5685=CARTESIAN_POINT('',(0.00606318148651206,-0.014104,-0.126565));
#5686=CARTESIAN_POINT('',(0.00591318148651205,-0.014104,-0.126415));
#5687=CARTESIAN_POINT('',(0.00606318148651205,-0.013954,-0.126565));
#5688=CARTESIAN_POINT('',(0.00591318148651205,-0.014104,-0.126415));
#5689=CARTESIAN_POINT('',(0.00591318148651205,-0.014104,-0.126415));
#5690=CARTESIAN_POINT('',(0.00591318148651205,-0.013596,-0.116896579510314));
#5691=CARTESIAN_POINT('',(0.00591318148651205,-0.013596,-0.116896579510314));
#5692=CARTESIAN_POINT('',(0.00591318148651205,-0.013596,-0.123425));
#5693=CARTESIAN_POINT('',(0.00591318148651205,-0.013596,-0.123425));
#5694=CARTESIAN_POINT('',(0.00642118148651205,-0.013596,-0.123425));
#5695=CARTESIAN_POINT('',(0.00642118148651205,-0.013596,-0.116896579510314));
#5696=CARTESIAN_POINT('',(0.00642118148651205,-0.018104,-0.126415));
#5697=CARTESIAN_POINT('',(0.00642118148651205,-0.018104,-0.126415));
#5698=CARTESIAN_POINT('',(0.00642118148651205,-0.018104,-0.126415));
#5699=CARTESIAN_POINT('',(0.00642118148651205,-0.018104,-0.126415));
#5700=CARTESIAN_POINT('',(0.00627118148651204,-0.017954,-0.126565));
#5701=CARTESIAN_POINT('',(0.00627118148651205,-0.018104,-0.126565));
#5702=CARTESIAN_POINT('',(0.00642118148651205,-0.018104,-0.126565));
#5703=CARTESIAN_POINT('',(0.00591318148651205,-0.017954,-0.126565));
#5704=CARTESIAN_POINT('',(0.00606318148651206,-0.017954,-0.126565));
#5705=CARTESIAN_POINT('',(0.00606318148651206,-0.018104,-0.126565));
#5706=CARTESIAN_POINT('',(0.00591318148651205,-0.018104,-0.126415));
#5707=CARTESIAN_POINT('',(0.00606318148651206,-0.017954,-0.126565));
#5708=CARTESIAN_POINT('',(0.00591318148651205,-0.018104,-0.126415));
#5709=CARTESIAN_POINT('',(0.00591318148651205,-0.018104,-0.126415));
#5710=CARTESIAN_POINT('',(0.00591318148651205,-0.017596,-0.116896579510314));
#5711=CARTESIAN_POINT('',(0.00591318148651205,-0.017596,-0.116896579510314));
#5712=CARTESIAN_POINT('',(0.00591318148651205,-0.017596,-0.123425));
#5713=CARTESIAN_POINT('',(0.00591318148651205,-0.017596,-0.123425));
#5714=CARTESIAN_POINT('',(0.00642118148651205,-0.017596,-0.123425));
#5715=CARTESIAN_POINT('',(0.00642118148651205,-0.017596,-0.116896579510314));
#5716=CARTESIAN_POINT('',(0.00896718148651205,-0.015954,-0.11952));
#5717=CARTESIAN_POINT('',(0.00627118148651205,-0.015954,-0.11952));
#5718=CARTESIAN_POINT('',(0.00627118148651205,-0.015954,-0.11952));
#5719=CARTESIAN_POINT('',(0.00642118148651205,-0.016104,-0.11967));
#5720=CARTESIAN_POINT('',(0.00896718148651205,-0.015954,-0.11952));
#5721=CARTESIAN_POINT('',(0.00606318148651205,-0.015954,-0.11952));
#5722=CARTESIAN_POINT('',(0.00591318148651205,-0.016104,-0.11967));
#5723=CARTESIAN_POINT('',(0.00591318148651205,-0.016104,-0.11967));
#5724=CARTESIAN_POINT('',(0.00591318148651205,-0.016104,-0.11967));
#5725=CARTESIAN_POINT('',(0.00896718148651205,-0.011954,-0.11952));
#5726=CARTESIAN_POINT('',(0.00627118148651205,-0.011954,-0.11952));
#5727=CARTESIAN_POINT('',(0.00627118148651205,-0.011954,-0.11952));
#5728=CARTESIAN_POINT('',(0.00642118148651205,-0.012104,-0.11967));
#5729=CARTESIAN_POINT('',(0.00896718148651205,-0.011954,-0.11952));
#5730=CARTESIAN_POINT('',(0.00606318148651206,-0.011954,-0.11952));
#5731=CARTESIAN_POINT('',(0.00591318148651205,-0.012104,-0.11967));
#5732=CARTESIAN_POINT('',(0.00591318148651205,-0.012104,-0.11967));
#5733=CARTESIAN_POINT('',(0.00591318148651205,-0.012104,-0.11967));
#5734=CARTESIAN_POINT('',(0.00642118148651205,-0.016104,-0.116896579510314));
#5735=CARTESIAN_POINT('',(0.00642118148651205,-0.016104,-0.123425));
#5736=CARTESIAN_POINT('',(0.00642118148651205,-0.016104,-0.123425));
#5737=CARTESIAN_POINT('',(0.00642118148651205,-0.016104,-0.116896579510314));
#5738=CARTESIAN_POINT('',(0.00591318148651205,-0.016104,-0.126415));
#5739=CARTESIAN_POINT('',(0.00591318148651205,-0.016104,-0.126415));
#5740=CARTESIAN_POINT('',(0.00591318148651205,-0.016104,-0.116896579510314));
#5741=CARTESIAN_POINT('',(0.00591318148651205,-0.016104,-0.116896579510314));
#5742=CARTESIAN_POINT('',(0.00591318148651205,-0.016104,-0.123425));
#5743=CARTESIAN_POINT('',(0.00591318148651205,-0.016104,-0.123425));
#5744=CARTESIAN_POINT('',(0.00642118148651205,-0.012104,-0.116896579510314));
#5745=CARTESIAN_POINT('',(0.00642118148651205,-0.012104,-0.123425));
#5746=CARTESIAN_POINT('',(0.00642118148651205,-0.012104,-0.123425));
#5747=CARTESIAN_POINT('',(0.00642118148651205,-0.012104,-0.116896579510314));
#5748=CARTESIAN_POINT('',(0.00591318148651205,-0.012104,-0.126415));
#5749=CARTESIAN_POINT('',(0.00591318148651205,-0.012104,-0.126415));
#5750=CARTESIAN_POINT('',(0.00591318148651205,-0.012104,-0.116896579510314));
#5751=CARTESIAN_POINT('',(0.00591318148651205,-0.012104,-0.116896579510314));
#5752=CARTESIAN_POINT('',(0.00591318148651205,-0.012104,-0.123425));
#5753=CARTESIAN_POINT('',(0.00591318148651205,-0.012104,-0.123425));
#5754=CARTESIAN_POINT('',(0.00642118148651205,-0.014104,-0.116896579510314));
#5755=CARTESIAN_POINT('',(0.00642118148651205,-0.014104,-0.123425));
#5756=CARTESIAN_POINT('',(0.00642118148651205,-0.014104,-0.123425));
#5757=CARTESIAN_POINT('',(0.00642118148651205,-0.014104,-0.116896579510314));
#5758=CARTESIAN_POINT('',(0.00591318148651205,-0.014104,-0.126415));
#5759=CARTESIAN_POINT('',(0.00591318148651205,-0.014104,-0.126415));
#5760=CARTESIAN_POINT('',(0.00591318148651205,-0.014104,-0.116896579510314));
#5761=CARTESIAN_POINT('',(0.00591318148651205,-0.014104,-0.116896579510314));
#5762=CARTESIAN_POINT('',(0.00591318148651205,-0.014104,-0.123425));
#5763=CARTESIAN_POINT('',(0.00591318148651205,-0.014104,-0.123425));
#5764=CARTESIAN_POINT('',(0.00642118148651205,-0.018104,-0.116896579510314));
#5765=CARTESIAN_POINT('',(0.00642118148651205,-0.018104,-0.123425));
#5766=CARTESIAN_POINT('',(0.00642118148651205,-0.018104,-0.123425));
#5767=CARTESIAN_POINT('',(0.00642118148651205,-0.018104,-0.116896579510314));
#5768=CARTESIAN_POINT('',(0.00591318148651205,-0.018104,-0.126415));
#5769=CARTESIAN_POINT('',(0.00591318148651205,-0.018104,-0.126415));
#5770=CARTESIAN_POINT('',(0.00591318148651205,-0.018104,-0.116896579510314));
#5771=CARTESIAN_POINT('',(0.00591318148651205,-0.018104,-0.116896579510314));
#5772=CARTESIAN_POINT('',(0.00591318148651205,-0.018104,-0.123425));
#5773=CARTESIAN_POINT('',(0.00591318148651205,-0.018104,-0.123425));
#5774=CARTESIAN_POINT('',(0.00896718148651205,-0.013954,-0.11952));
#5775=CARTESIAN_POINT('',(0.00627118148651205,-0.013954,-0.11952));
#5776=CARTESIAN_POINT('',(0.00627118148651205,-0.013954,-0.11952));
#5777=CARTESIAN_POINT('',(0.00642118148651205,-0.014104,-0.11967));
#5778=CARTESIAN_POINT('',(0.00896718148651205,-0.013954,-0.11952));
#5779=CARTESIAN_POINT('',(0.00606318148651205,-0.013954,-0.11952));
#5780=CARTESIAN_POINT('',(0.00591318148651205,-0.014104,-0.11967));
#5781=CARTESIAN_POINT('',(0.00591318148651205,-0.014104,-0.11967));
#5782=CARTESIAN_POINT('',(0.00591318148651205,-0.014104,-0.11967));
#5783=CARTESIAN_POINT('',(0.00896718148651205,-0.017954,-0.11952));
#5784=CARTESIAN_POINT('',(0.00627118148651205,-0.017954,-0.11952));
#5785=CARTESIAN_POINT('',(0.00627118148651205,-0.017954,-0.11952));
#5786=CARTESIAN_POINT('',(0.00642118148651205,-0.018104,-0.11967));
#5787=CARTESIAN_POINT('',(0.00896718148651205,-0.017954,-0.11952));
#5788=CARTESIAN_POINT('',(0.00606318148651206,-0.017954,-0.11952));
#5789=CARTESIAN_POINT('',(0.00591318148651205,-0.018104,-0.11967));
#5790=CARTESIAN_POINT('',(0.00591318148651205,-0.018104,-0.11967));
#5791=CARTESIAN_POINT('',(0.00591318148651205,-0.018104,-0.11967));
#5792=CARTESIAN_POINT('',(0.00627118148651204,-0.0099,-0.11952));
#5793=CARTESIAN_POINT('',(0.00627118148651205,-0.015746,-0.11952));
#5794=CARTESIAN_POINT('',(0.00627118148651205,-0.015746,-0.11952));
#5795=CARTESIAN_POINT('',(0.00642118148651206,-0.015596,-0.11967));
#5796=CARTESIAN_POINT('',(0.00627118148651205,-0.0099,-0.11952));
#5797=CARTESIAN_POINT('',(0.00642118148651205,-0.016104,-0.11967));
#5798=CARTESIAN_POINT('',(0.00896718148651205,-0.0099,-0.11952));
#5799=CARTESIAN_POINT('',(0.00606318148651206,-0.0099,-0.11952));
#5800=CARTESIAN_POINT('',(0.00606318148651206,-0.015746,-0.11952));
#5801=CARTESIAN_POINT('',(0.00896718148651205,-0.015746,-0.11952));
#5802=CARTESIAN_POINT('',(0.00606318148651206,-0.0099,-0.11952));
#5803=CARTESIAN_POINT('',(0.00591318148651205,-0.015596,-0.11967));
#5804=CARTESIAN_POINT('',(0.00591318148651205,-0.015596,-0.11967));
#5805=CARTESIAN_POINT('',(0.00591318148651205,-0.016104,-0.11967));
#5806=CARTESIAN_POINT('',(0.00591318148651205,-0.016104,-0.116896579510314));
#5807=CARTESIAN_POINT('',(0.00591318148651205,-0.016104,-0.116896579510314));
#5808=CARTESIAN_POINT('',(0.00591318148651205,-0.016104,-0.121425));
#5809=CARTESIAN_POINT('',(0.00591318148651205,-0.016104,-0.121425));
#5810=CARTESIAN_POINT('',(0.00642118148651205,-0.016104,-0.121425));
#5811=CARTESIAN_POINT('',(0.00642118148651205,-0.016104,-0.116896579510314));
#5812=CARTESIAN_POINT('',(0.00627118148651205,-0.0099,-0.11952));
#5813=CARTESIAN_POINT('',(0.00627118148651205,-0.011746,-0.11952));
#5814=CARTESIAN_POINT('',(0.00627118148651205,-0.011746,-0.11952));
#5815=CARTESIAN_POINT('',(0.00642118148651206,-0.011596,-0.11967));
#5816=CARTESIAN_POINT('',(0.00627118148651205,-0.0099,-0.11952));
#5817=CARTESIAN_POINT('',(0.00642118148651205,-0.012104,-0.11967));
#5818=CARTESIAN_POINT('',(0.00896718148651205,-0.0099,-0.11952));
#5819=CARTESIAN_POINT('',(0.00606318148651206,-0.0099,-0.11952));
#5820=CARTESIAN_POINT('',(0.00606318148651206,-0.011746,-0.11952));
#5821=CARTESIAN_POINT('',(0.00896718148651205,-0.011746,-0.11952));
#5822=CARTESIAN_POINT('',(0.00606318148651206,-0.0099,-0.11952));
#5823=CARTESIAN_POINT('',(0.00591318148651205,-0.011596,-0.11967));
#5824=CARTESIAN_POINT('',(0.00591318148651205,-0.011596,-0.11967));
#5825=CARTESIAN_POINT('',(0.00591318148651205,-0.012104,-0.11967));
#5826=CARTESIAN_POINT('',(0.00591318148651205,-0.012104,-0.116896579510314));
#5827=CARTESIAN_POINT('',(0.00591318148651205,-0.012104,-0.116896579510314));
#5828=CARTESIAN_POINT('',(0.00591318148651205,-0.012104,-0.121425));
#5829=CARTESIAN_POINT('',(0.00591318148651205,-0.012104,-0.121425));
#5830=CARTESIAN_POINT('',(0.00642118148651205,-0.012104,-0.121425));
#5831=CARTESIAN_POINT('',(0.00642118148651205,-0.012104,-0.116896579510314));
#5832=CARTESIAN_POINT('',(0.00504718148651206,-0.0099,-0.127425));
#5833=CARTESIAN_POINT('',(0.00504718148651205,-0.01048,-0.127425));
#5834=CARTESIAN_POINT('',(0.00504718148651205,-0.01048,-0.125925));
#5835=CARTESIAN_POINT('',(0.00504718148651205,-0.01048,-0.127425));
#5836=CARTESIAN_POINT('',(0.00504718148651205,-0.01148,-0.125925));
#5837=CARTESIAN_POINT('',(0.00504718148651205,-0.01148,-0.125925));
#5838=CARTESIAN_POINT('',(0.00504718148651205,-0.01148,-0.123425));
#5839=CARTESIAN_POINT('',(0.00504718148651205,-0.01148,-0.123425));
#5840=CARTESIAN_POINT('',(0.00504718148651206,-0.0099,-0.123425));
#5841=CARTESIAN_POINT('',(0.00504718148651205,-0.0129,-0.123425));
#5842=CARTESIAN_POINT('',(0.00504718148651205,-0.0129,-0.127425));
#5843=CARTESIAN_POINT('',(0.00504718148651205,-0.0129,-0.127425));
#5844=CARTESIAN_POINT('',(0.00504718148651205,-0.0099,-0.127425));
#5845=CARTESIAN_POINT('',(0.00504718148651206,-0.0099,-0.127425));
#5846=CARTESIAN_POINT('',(0.00504718148651205,-0.0169,-0.127425));
#5847=CARTESIAN_POINT('',(0.00504718148651205,-0.0169,-0.127425));
#5848=CARTESIAN_POINT('',(0.00504718148651205,-0.0169,-0.123425));
#5849=CARTESIAN_POINT('',(0.00504718148651206,-0.0099,-0.123425));
#5850=CARTESIAN_POINT('',(0.00504718148651205,-0.01832,-0.123425));
#5851=CARTESIAN_POINT('',(0.00504718148651205,-0.01832,-0.123425));
#5852=CARTESIAN_POINT('',(0.00504718148651205,-0.01832,-0.125925));
#5853=CARTESIAN_POINT('',(0.00504718148651205,-0.01832,-0.125925));
#5854=CARTESIAN_POINT('',(0.00504718148651205,-0.01932,-0.125925));
#5855=CARTESIAN_POINT('',(0.00504718148651205,-0.01932,-0.127425));
#5856=CARTESIAN_POINT('',(0.00504718148651205,-0.01932,-0.127425));
#5857=CARTESIAN_POINT('',(0.00504718148651205,-0.0099,-0.127425));
#5858=CARTESIAN_POINT('',(0.00591318148651205,-0.016104,-0.116896579510314));
#5859=CARTESIAN_POINT('',(0.00896718148651205,-0.016104,-0.123425));
#5860=CARTESIAN_POINT('',(0.00591318148651205,-0.012104,-0.116896579510314));
#5861=CARTESIAN_POINT('',(0.00896718148651205,-0.012104,-0.123425));
#5862=CARTESIAN_POINT('',(0.00591318148651205,-0.014104,-0.116896579510314));
#5863=CARTESIAN_POINT('',(0.00896718148651205,-0.014104,-0.123425));
#5864=CARTESIAN_POINT('',(0.00591318148651205,-0.018104,-0.116896579510314));
#5865=CARTESIAN_POINT('',(0.00896718148651205,-0.018104,-0.123425));
#5866=CARTESIAN_POINT('',(0.00627118148651205,-0.0099,-0.11952));
#5867=CARTESIAN_POINT('',(0.00627118148651205,-0.013746,-0.11952));
#5868=CARTESIAN_POINT('',(0.00627118148651205,-0.013746,-0.11952));
#5869=CARTESIAN_POINT('',(0.00642118148651206,-0.013596,-0.11967));
#5870=CARTESIAN_POINT('',(0.00627118148651205,-0.0099,-0.11952));
#5871=CARTESIAN_POINT('',(0.00642118148651205,-0.014104,-0.11967));
#5872=CARTESIAN_POINT('',(0.00896718148651205,-0.0099,-0.11952));
#5873=CARTESIAN_POINT('',(0.00606318148651206,-0.0099,-0.11952));
#5874=CARTESIAN_POINT('',(0.00606318148651206,-0.013746,-0.11952));
#5875=CARTESIAN_POINT('',(0.00896718148651205,-0.013746,-0.11952));
#5876=CARTESIAN_POINT('',(0.00606318148651206,-0.0099,-0.11952));
#5877=CARTESIAN_POINT('',(0.00591318148651205,-0.013596,-0.11967));
#5878=CARTESIAN_POINT('',(0.00591318148651205,-0.013596,-0.11967));
#5879=CARTESIAN_POINT('',(0.00591318148651205,-0.014104,-0.11967));
#5880=CARTESIAN_POINT('',(0.00591318148651205,-0.014104,-0.116896579510314));
#5881=CARTESIAN_POINT('',(0.00591318148651205,-0.014104,-0.116896579510314));
#5882=CARTESIAN_POINT('',(0.00591318148651205,-0.014104,-0.121425));
#5883=CARTESIAN_POINT('',(0.00591318148651205,-0.014104,-0.121425));
#5884=CARTESIAN_POINT('',(0.00642118148651205,-0.014104,-0.121425));
#5885=CARTESIAN_POINT('',(0.00642118148651205,-0.014104,-0.116896579510314));
#5886=CARTESIAN_POINT('',(0.00627118148651204,-0.0099,-0.11952));
#5887=CARTESIAN_POINT('',(0.00627118148651205,-0.017746,-0.11952));
#5888=CARTESIAN_POINT('',(0.00627118148651205,-0.017746,-0.11952));
#5889=CARTESIAN_POINT('',(0.00642118148651205,-0.017596,-0.11967));
#5890=CARTESIAN_POINT('',(0.00627118148651205,-0.0099,-0.11952));
#5891=CARTESIAN_POINT('',(0.00642118148651205,-0.018104,-0.11967));
#5892=CARTESIAN_POINT('',(0.00896718148651205,-0.0099,-0.11952));
#5893=CARTESIAN_POINT('',(0.00606318148651206,-0.0099,-0.11952));
#5894=CARTESIAN_POINT('',(0.00606318148651206,-0.017746,-0.11952));
#5895=CARTESIAN_POINT('',(0.00896718148651205,-0.017746,-0.11952));
#5896=CARTESIAN_POINT('',(0.00606318148651207,-0.0099,-0.11952));
#5897=CARTESIAN_POINT('',(0.00591318148651205,-0.017596,-0.11967));
#5898=CARTESIAN_POINT('',(0.00591318148651205,-0.017596,-0.11967));
#5899=CARTESIAN_POINT('',(0.00591318148651205,-0.018104,-0.11967));
#5900=CARTESIAN_POINT('',(0.00591318148651205,-0.018104,-0.116896579510314));
#5901=CARTESIAN_POINT('',(0.00591318148651205,-0.018104,-0.116896579510314));
#5902=CARTESIAN_POINT('',(0.00591318148651205,-0.018104,-0.121425));
#5903=CARTESIAN_POINT('',(0.00591318148651205,-0.018104,-0.121425));
#5904=CARTESIAN_POINT('',(0.00642118148651205,-0.018104,-0.121425));
#5905=CARTESIAN_POINT('',(0.00642118148651205,-0.018104,-0.116896579510314));
#5906=CARTESIAN_POINT('',(0.00642118148651205,-0.016104,-0.116896579510314));
#5907=CARTESIAN_POINT('',(0.00642118148651205,-0.016104,-0.121425));
#5908=CARTESIAN_POINT('',(0.00642118148651205,-0.015596,-0.121425));
#5909=CARTESIAN_POINT('',(0.00642118148651205,-0.015596,-0.116896579510314));
#5910=CARTESIAN_POINT('',(0.00896718148651205,-0.015746,-0.11952));
#5911=CARTESIAN_POINT('',(0.00591318148651205,-0.015596,-0.11967));
#5912=CARTESIAN_POINT('',(0.00591318148651205,-0.016104,-0.116896579510314));
#5913=CARTESIAN_POINT('',(0.00591318148651205,-0.015596,-0.116896579510314));
#5914=CARTESIAN_POINT('',(0.00591318148651205,-0.015596,-0.121425));
#5915=CARTESIAN_POINT('',(0.00591318148651205,-0.016104,-0.121425));
#5916=CARTESIAN_POINT('',(0.00642118148651205,-0.012104,-0.116896579510314));
#5917=CARTESIAN_POINT('',(0.00642118148651205,-0.012104,-0.121425));
#5918=CARTESIAN_POINT('',(0.00642118148651205,-0.011596,-0.121425));
#5919=CARTESIAN_POINT('',(0.00642118148651205,-0.011596,-0.116896579510314));
#5920=CARTESIAN_POINT('',(0.00896718148651205,-0.011746,-0.11952));
#5921=CARTESIAN_POINT('',(0.00591318148651205,-0.011596,-0.11967));
#5922=CARTESIAN_POINT('',(0.00591318148651205,-0.012104,-0.116896579510314));
#5923=CARTESIAN_POINT('',(0.00591318148651205,-0.011596,-0.116896579510314));
#5924=CARTESIAN_POINT('',(0.00591318148651205,-0.011596,-0.121425));
#5925=CARTESIAN_POINT('',(0.00591318148651205,-0.012104,-0.121425));
#5926=CARTESIAN_POINT('',(0.00896718148651206,-0.01048,-0.127425));
#5927=CARTESIAN_POINT('',(0.00591718148651206,-0.01048,-0.127425));
#5928=CARTESIAN_POINT('',(0.00591718148651206,-0.01048,-0.127425));
#5929=CARTESIAN_POINT('',(0.00591718148651206,-0.01048,-0.125465));
#5930=CARTESIAN_POINT('',(0.00591718148651206,-0.01048,-0.125465));
#5931=CARTESIAN_POINT('',(0.00680718148651206,-0.01048,-0.125465));
#5932=CARTESIAN_POINT('',(0.00680718148651206,-0.01048,-0.127425));
#5933=CARTESIAN_POINT('',(0.00680718148651206,-0.01048,-0.127425));
#5934=CARTESIAN_POINT('',(0.00896718148651206,-0.01048,-0.127425));
#5935=CARTESIAN_POINT('',(0.00838718148651206,-0.01048,-0.127425));
#5936=CARTESIAN_POINT('',(0.00838718148651206,-0.01048,-0.127425));
#5937=CARTESIAN_POINT('',(0.00838718148651205,-0.01048,-0.123425));
#5938=CARTESIAN_POINT('',(0.00896718148651205,-0.01048,-0.123425));
#5939=CARTESIAN_POINT('',(0.00446718148651206,-0.01048,-0.123425));
#5940=CARTESIAN_POINT('',(0.00446718148651206,-0.01048,-0.127425));
#5941=CARTESIAN_POINT('',(0.00446718148651206,-0.01048,-0.125925));
#5942=CARTESIAN_POINT('',(0.00446618148651205,-0.01048,-0.125925));
#5943=CARTESIAN_POINT('',(0.00896718148651206,-0.01048,-0.127425));
#5944=CARTESIAN_POINT('',(0.00446618148651205,-0.01148,-0.125925));
#5945=CARTESIAN_POINT('',(0.00446618148651205,-0.01148,-0.125925));
#5946=CARTESIAN_POINT('',(0.00446718148651206,-0.01148,-0.125925));
#5947=CARTESIAN_POINT('',(0.00446718148651206,-0.0099,-0.125925));
#5948=CARTESIAN_POINT('',(0.00446618148651205,-0.01148,-0.123425));
#5949=CARTESIAN_POINT('',(0.00896718148651205,-0.01148,-0.123425));
#5950=CARTESIAN_POINT('',(0.00446718148651206,-0.01148,-0.123425));
#5951=CARTESIAN_POINT('',(0.00446718148651206,-0.01148,-0.127425));
#5952=CARTESIAN_POINT('',(0.00896718148651205,-0.01932,-0.127425));
#5953=CARTESIAN_POINT('',(0.00838718148651205,-0.01932,-0.127425));
#5954=CARTESIAN_POINT('',(0.00838718148651205,-0.01932,-0.127425));
#5955=CARTESIAN_POINT('',(0.00838718148651205,-0.01932,-0.123425));
#5956=CARTESIAN_POINT('',(0.00896718148651205,-0.01932,-0.127425));
#5957=CARTESIAN_POINT('',(0.00680718148651206,-0.01932,-0.127425));
#5958=CARTESIAN_POINT('',(0.00680718148651206,-0.01932,-0.127425));
#5959=CARTESIAN_POINT('',(0.00680718148651206,-0.01932,-0.125465));
#5960=CARTESIAN_POINT('',(0.00591718148651206,-0.01932,-0.125465));
#5961=CARTESIAN_POINT('',(0.00591718148651206,-0.01932,-0.125465));
#5962=CARTESIAN_POINT('',(0.00591718148651206,-0.01932,-0.127425));
#5963=CARTESIAN_POINT('',(0.00591718148651206,-0.01932,-0.127425));
#5964=CARTESIAN_POINT('',(0.00896718148651206,-0.01932,-0.127425));
#5965=CARTESIAN_POINT('',(0.00446618148651205,-0.01932,-0.125925));
#5966=CARTESIAN_POINT('',(0.00446718148651205,-0.01932,-0.125925));
#5967=CARTESIAN_POINT('',(0.00446718148651206,-0.01932,-0.127425));
#5968=CARTESIAN_POINT('',(0.00446718148651205,-0.01932,-0.123425));
#5969=CARTESIAN_POINT('',(0.00896718148651205,-0.01932,-0.123425));
#5970=CARTESIAN_POINT('',(0.00446618148651205,-0.01832,-0.123425));
#5971=CARTESIAN_POINT('',(0.00446618148651205,-0.01832,-0.125925));
#5972=CARTESIAN_POINT('',(0.00446718148651205,-0.01832,-0.125925));
#5973=CARTESIAN_POINT('',(0.00896718148651205,-0.01832,-0.123425));
#5974=CARTESIAN_POINT('',(0.00446718148651205,-0.01832,-0.123425));
#5975=CARTESIAN_POINT('',(0.00446718148651206,-0.01832,-0.127425));
#5976=CARTESIAN_POINT('',(0.00446618148651205,-0.01832,-0.125925));
#5977=CARTESIAN_POINT('',(0.00446718148651206,-0.0099,-0.125925));
#5978=CARTESIAN_POINT('',(0.00446618148651205,-0.0129,-0.127425));
#5979=CARTESIAN_POINT('',(0.00896718148651206,-0.0129,-0.127425));
#5980=CARTESIAN_POINT('',(0.00446718148651206,-0.0129,-0.127425));
#5981=CARTESIAN_POINT('',(0.00896718148651205,-0.0129,-0.123425));
#5982=CARTESIAN_POINT('',(0.00446718148651205,-0.0129,-0.123425));
#5983=CARTESIAN_POINT('',(0.00446718148651206,-0.0129,-0.127425));
#5984=CARTESIAN_POINT('',(0.00896718148651206,-0.0099,-0.127425));
#5985=CARTESIAN_POINT('',(0.00446718148651206,-0.0099,-0.127425));
#5986=CARTESIAN_POINT('',(0.00446718148651206,-0.0099,-0.127425));
#5987=CARTESIAN_POINT('',(0.00896718148651206,-0.0099,-0.127425));
#5988=CARTESIAN_POINT('',(0.00591718148651206,-0.0099,-0.127425));
#5989=CARTESIAN_POINT('',(0.00591718148651206,-0.0220526030753485,-0.127425));
#5990=CARTESIAN_POINT('',(0.00896718148651206,-0.0099,-0.127425));
#5991=CARTESIAN_POINT('',(0.00446618148651205,-0.0169,-0.127425));
#5992=CARTESIAN_POINT('',(0.00446718148651205,-0.0169,-0.127425));
#5993=CARTESIAN_POINT('',(0.00591718148651206,-0.0220526030753485,-0.127425));
#5994=CARTESIAN_POINT('',(0.00591718148651206,-0.0199,-0.127425));
#5995=CARTESIAN_POINT('',(0.00896718148651206,-0.0199,-0.127425));
#5996=CARTESIAN_POINT('',(0.00446718148651205,-0.0199,-0.127425));
#5997=CARTESIAN_POINT('',(0.00446718148651206,-0.0099,-0.127425));
#5998=CARTESIAN_POINT('',(0.00446618148651205,-0.0169,-0.127425));
#5999=CARTESIAN_POINT('',(0.00896718148651205,-0.0169,-0.123425));
#6000=CARTESIAN_POINT('',(0.00446718148651205,-0.0169,-0.123425));
#6001=CARTESIAN_POINT('',(0.00446718148651206,-0.0169,-0.127425));
#6002=CARTESIAN_POINT('',(0.00896718148651205,-0.0099,-0.123425));
#6003=CARTESIAN_POINT('',(0.00838718148651206,-0.0099,-0.123425));
#6004=CARTESIAN_POINT('',(0.00446718148651206,-0.0099,-0.123425));
#6005=CARTESIAN_POINT('',(0.00446718148651206,-0.0099,-0.123425));
#6006=CARTESIAN_POINT('',(0.00446718148651206,-0.0099,-0.123425));
#6007=CARTESIAN_POINT('',(0.00642118148651205,-0.014104,-0.116896579510314));
#6008=CARTESIAN_POINT('',(0.00642118148651205,-0.014104,-0.121425));
#6009=CARTESIAN_POINT('',(0.00642118148651205,-0.013596,-0.121425));
#6010=CARTESIAN_POINT('',(0.00642118148651205,-0.013596,-0.116896579510314));
#6011=CARTESIAN_POINT('',(0.00896718148651205,-0.013746,-0.11952));
#6012=CARTESIAN_POINT('',(0.00591318148651205,-0.013596,-0.11967));
#6013=CARTESIAN_POINT('',(0.00591318148651205,-0.014104,-0.116896579510314));
#6014=CARTESIAN_POINT('',(0.00591318148651205,-0.013596,-0.116896579510314));
#6015=CARTESIAN_POINT('',(0.00591318148651205,-0.013596,-0.121425));
#6016=CARTESIAN_POINT('',(0.00591318148651205,-0.014104,-0.121425));
#6017=CARTESIAN_POINT('',(0.00642118148651205,-0.018104,-0.116896579510314));
#6018=CARTESIAN_POINT('',(0.00642118148651205,-0.018104,-0.121425));
#6019=CARTESIAN_POINT('',(0.00642118148651205,-0.017596,-0.121425));
#6020=CARTESIAN_POINT('',(0.00642118148651205,-0.017596,-0.116896579510314));
#6021=CARTESIAN_POINT('',(0.00896718148651205,-0.017746,-0.11952));
#6022=CARTESIAN_POINT('',(0.00591318148651205,-0.017596,-0.11967));
#6023=CARTESIAN_POINT('',(0.00591318148651205,-0.018104,-0.116896579510314));
#6024=CARTESIAN_POINT('',(0.00591318148651205,-0.017596,-0.116896579510314));
#6025=CARTESIAN_POINT('',(0.00591318148651205,-0.017596,-0.121425));
#6026=CARTESIAN_POINT('',(0.00591318148651205,-0.018104,-0.121425));
#6027=CARTESIAN_POINT('',(0.00591718148651206,-0.0220526030753485,-0.127425));
#6028=CARTESIAN_POINT('',(0.00591718148651206,-0.0099,-0.127425));
#6029=CARTESIAN_POINT('',(0.00591718148651206,-0.0099,-0.125465));
#6030=CARTESIAN_POINT('',(0.00591718148651206,-0.0220526030753485,-0.125465));
#6031=CARTESIAN_POINT('',(0.00591718148651206,-0.0220526030753485,-0.125465));
#6032=CARTESIAN_POINT('',(0.00896718148651206,-0.0099,-0.125465));
#6033=CARTESIAN_POINT('',(0.00680718148651206,-0.0099,-0.125465));
#6034=CARTESIAN_POINT('',(0.00680718148651206,-0.0220526030753485,-0.125465));
#6035=CARTESIAN_POINT('',(0.00680718148651206,-0.0220526030753485,-0.127425));
#6036=CARTESIAN_POINT('',(0.00680718148651206,-0.0099,-0.127425));
#6037=CARTESIAN_POINT('',(0.00680718148651206,-0.0099,-0.127425));
#6038=CARTESIAN_POINT('',(0.00680718148651206,-0.0220526030753485,-0.127425));
#6039=CARTESIAN_POINT('',(0.00838718148651206,-0.0099,-0.127425));
#6040=CARTESIAN_POINT('',(0.00838718148651206,-0.0099,-0.127425));
#6041=CARTESIAN_POINT('',(0.00591718148651206,-0.0220526030753485,-0.127425));
#6042=CARTESIAN_POINT('',(0.00591718148651206,-0.0220526030753485,-0.125465));
#6043=CARTESIAN_POINT('',(0.00591718148651206,-0.0199,-0.125465));
#6044=CARTESIAN_POINT('',(0.00591718148651206,-0.0199,-0.127425));
#6045=CARTESIAN_POINT('',(0.00680718148651206,-0.0220526030753485,-0.127425));
#6046=CARTESIAN_POINT('',(0.00680718148651206,-0.0099,-0.127425));
#6047=CARTESIAN_POINT('',(0.00680718148651206,-0.0199,-0.127425));
#6048=CARTESIAN_POINT('',(0.00680718148651206,-0.0199,-0.127425));
#6049=CARTESIAN_POINT('',(0.00680718148651206,-0.0199,-0.125465));
#6050=CARTESIAN_POINT('',(0.00680718148651206,-0.0220526030753485,-0.125465));
#6051=CARTESIAN_POINT('',(0.00591718148651206,-0.0220526030753485,-0.125465));
#6052=CARTESIAN_POINT('',(0.00896718148651205,-0.0199,-0.125465));
#6053=CARTESIAN_POINT('',(0.00591318148651205,-0.015596,-0.116896579510314));
#6054=CARTESIAN_POINT('',(0.00896718148651205,-0.015596,-0.121425));
#6055=CARTESIAN_POINT('',(0.00591318148651205,-0.011596,-0.116896579510314));
#6056=CARTESIAN_POINT('',(0.00896718148651205,-0.011596,-0.121425));
#6057=CARTESIAN_POINT('',(0.00446718148651206,-0.0099,-0.127425));
#6058=CARTESIAN_POINT('',(0.00446718148651205,-0.0199,-0.127425));
#6059=CARTESIAN_POINT('',(0.00446718148651205,-0.0199,-0.121425));
#6060=CARTESIAN_POINT('',(0.00446718148651206,-0.0099,-0.121425));
#6061=CARTESIAN_POINT('',(0.00446718148651206,-0.0099,-0.121425));
#6062=CARTESIAN_POINT('',(0.00446718148651206,-0.0099,-0.127425));
#6063=CARTESIAN_POINT('',(0.00591318148651205,-0.013596,-0.116896579510314));
#6064=CARTESIAN_POINT('',(0.00896718148651205,-0.013596,-0.121425));
#6065=CARTESIAN_POINT('',(0.00591318148651205,-0.017596,-0.116896579510314));
#6066=CARTESIAN_POINT('',(0.00896718148651205,-0.017596,-0.121425));
#6067=CARTESIAN_POINT('',(0.00896718148651206,-0.0099,-0.127425));
#6068=CARTESIAN_POINT('',(0.00896718148651205,-0.0099,-0.121425));
#6069=CARTESIAN_POINT('',(0.00896718148651205,-0.0099,-0.121425));
#6070=CARTESIAN_POINT('',(0.00896718148651206,-0.0099,-0.127425));
#6071=CARTESIAN_POINT('',(0.00896718148651205,-0.0099,-0.127425));
#6072=CARTESIAN_POINT('',(0.00896718148651206,-0.0099,-0.127425));
#6073=CARTESIAN_POINT('',(0.00896718148651206,-0.0099,-0.127425));
#6074=CARTESIAN_POINT('',(0.00896718148651206,-0.0099,-0.127425));
#6075=CARTESIAN_POINT('',(0.00896718148651205,-0.0199,-0.127425));
#6076=CARTESIAN_POINT('',(0.00896718148651205,-0.0199,-0.127425));
#6077=CARTESIAN_POINT('',(0.00896718148651205,-0.0199,-0.127425));
#6078=CARTESIAN_POINT('',(0.00896718148651205,-0.0199,-0.127425));
#6079=CARTESIAN_POINT('',(0.00896718148651205,-0.0199,-0.121425));
#6080=CARTESIAN_POINT('',(0.00896718148651205,-0.0199,-0.121425));
#6081=CARTESIAN_POINT('',(0.00896718148651205,-0.0099,-0.121425));
#6082=CARTESIAN_POINT('',(0.00896718148651206,-0.0099,-0.121425));
#6083=CARTESIAN_POINT('',(0.00896718148651206,-0.0099,-0.127425));
#6084=CARTESIAN_POINT('',(0.,0.,0.));
#6085=CARTESIAN_POINT('',(0.00670771527264801,-0.0223216352632955,-0.135525));
#6086=CARTESIAN_POINT('',(0.00670771527264801,-0.0223216352632955,-0.135525));
#6087=CARTESIAN_POINT('',(0.00670771527264801,-0.0211316352632955,-0.135525));
#6088=CARTESIAN_POINT('',(0.00670771527264801,-0.0235116352632955,-0.135525));
#6089=CARTESIAN_POINT('',(0.00670771527264801,-0.0223216352632955,-0.135525));
#6090=CARTESIAN_POINT('',(0.00670771527264801,-0.0258214953011342,-0.135525));
#6091=CARTESIAN_POINT('',(0.00670771527264801,-0.0258214953011342,-0.135525));
#6092=CARTESIAN_POINT('',(0.00670771527264801,-0.0246314953011342,-0.135525));
#6093=CARTESIAN_POINT('',(0.00670771527264801,-0.0270114953011342,-0.135525));
#6094=CARTESIAN_POINT('',(0.00670771527264801,-0.0258214953011342,-0.135525));
#6095=CARTESIAN_POINT('',(0.00670771527264801,-0.0223216352632955,-0.135525));
#6096=CARTESIAN_POINT('',(0.00670771527264801,-0.0223216352632955,-0.115525));
#6097=CARTESIAN_POINT('',(0.00670771527264801,-0.0235116352632955,-0.115525));
#6098=CARTESIAN_POINT('',(0.00670771527264801,-0.0211316352632955,-0.115525));
#6099=CARTESIAN_POINT('',(0.00670771527264801,-0.0223216352632955,-0.115525));
#6100=CARTESIAN_POINT('',(0.00670771527264801,-0.0258214953011342,-0.135525));
#6101=CARTESIAN_POINT('',(0.00670771527264801,-0.0258214953011342,-0.115525));
#6102=CARTESIAN_POINT('',(0.00670771527264801,-0.0270114953011342,-0.115525));
#6103=CARTESIAN_POINT('',(0.00670771527264801,-0.0246314953011342,-0.115525));
#6104=CARTESIAN_POINT('',(0.00670771527264801,-0.0258214953011342,-0.115525));
#6105=CARTESIAN_POINT('',(6.93889390390723E-18,-0.00049999999999999,-0.115525));
#6106=CARTESIAN_POINT('',(0.019,-0.019,-0.115525));
#6107=CARTESIAN_POINT('',(0.0369499999999982,-0.019,-0.115525));
#6108=CARTESIAN_POINT('',(0.00105000000000177,-0.019,-0.115525));
#6109=CARTESIAN_POINT('',(0.019,-0.019,-0.115525));
#6110=CARTESIAN_POINT('',(0.0285,-0.0152848280775347,-0.022225));
#6111=CARTESIAN_POINT('',(0.026,-0.019,-0.022225));
#6112=CARTESIAN_POINT('',(0.0285,-0.0173416876048223,-0.022225));
#6113=CARTESIAN_POINT('',(0.0285,-0.0206583123951777,-0.022225));
#6114=CARTESIAN_POINT('',(0.0285,-0.0152848280775347,-0.022225));
#6115=CARTESIAN_POINT('',(0.0285,-0.0152848280775347,-0.022225));
#6116=CARTESIAN_POINT('',(0.0285,-0.0206583123951777,-0.010225));
#6117=CARTESIAN_POINT('',(0.0285,-0.0206583123951777,7.93188099299506E-20));
#6118=CARTESIAN_POINT('',(0.0285,-0.0173416876048223,-0.010225));
#6119=CARTESIAN_POINT('',(0.0285,-0.0173416876048223,3.91924990897518E-19));
#6120=CARTESIAN_POINT('',(0.0285,-0.019,3.14162533884979E-19));
#6121=CARTESIAN_POINT('',(0.026,-0.019,0.));
#6122=CARTESIAN_POINT('',(0.026,-0.019,0.));
#6123=CARTESIAN_POINT('',(0.026,-0.016,3.01613791829923E-19));
#6124=CARTESIAN_POINT('',(0.026,-0.019,0.));
#6125=CARTESIAN_POINT('',(0.026,-0.022,-3.01613791829922E-19));
#6126=CARTESIAN_POINT('',(0.026,-0.019,0.));
#6127=CARTESIAN_POINT('',(0.019,-0.019,-0.115525));
#6128=CARTESIAN_POINT('',(0.019,-0.019,-0.121425));
#6129=CARTESIAN_POINT('',(0.00115298488307852,-0.019,-0.121425));
#6130=CARTESIAN_POINT('',(0.0368470151169215,-0.019,-0.121425));
#6131=CARTESIAN_POINT('',(0.019,-0.019,-0.121425));
#6132=CARTESIAN_POINT('',(0.013204282950834,-0.00844503917662998,-0.132325));
#6133=CARTESIAN_POINT('',(0.0132042829508341,-0.019,-0.132325));
#6134=CARTESIAN_POINT('',(0.0132042829508342,-0.0333287942152295,-0.132325));
#6135=CARTESIAN_POINT('',(0.013204282922123,-0.0084450086715962,-0.132324999993308));
#6136=CARTESIAN_POINT('',(0.0116519336898561,-0.00914917649585935,-0.130825913744094));
#6137=CARTESIAN_POINT('',(0.0119451828053446,-0.00909808993980058,-0.131109101123143));
#6138=CARTESIAN_POINT('',(0.0125286346841572,-0.00891017905166657,-0.131672534053152));
#6139=CARTESIAN_POINT('',(0.0129866724964863,-0.00862070614970016,-0.132114856026956));
#6140=CARTESIAN_POINT('',(0.0132042829279764,-0.00844500866317179,-0.132324999977927));
#6141=CARTESIAN_POINT('',(0.0116519336924809,-0.00914917647414157,-0.130825913745136));
#6142=CARTESIAN_POINT('',(0.0116519336975299,-0.00914917649585935,-0.130825913751504));
#6143=CARTESIAN_POINT('',(0.011651865949406,-0.0175362882852174,-0.130825848327901));
#6144=CARTESIAN_POINT('',(0.0116517982012821,-0.0259234000745754,-0.130825782904299));
#6145=CARTESIAN_POINT('',(0.0116517304531583,-0.0343105118639335,-0.130825717480696));
#6146=CARTESIAN_POINT('',(0.011651771608798,-0.0343105441364754,-0.130825516839753));
#6147=CARTESIAN_POINT('',(0.0132042829508339,-0.0333287942152297,-0.132325));
#6148=CARTESIAN_POINT('',(0.0126993546603869,-0.0336598021512268,-0.131837396417833));
#6149=CARTESIAN_POINT('',(0.0121818110860874,-0.0339870413674614,-0.131337610397658));
#6150=CARTESIAN_POINT('',(0.0116516522279352,-0.0343105118639335,-0.130825641939476));
#6151=CARTESIAN_POINT('',(0.026931586353615,-0.03220037643081,-0.126325));
#6152=CARTESIAN_POINT('',(0.0298459556160387,-0.0304492477084541,-0.126325));
#6153=CARTESIAN_POINT('',(0.029845956056566,-0.0304492484414682,-0.132016119155195));
#6154=CARTESIAN_POINT('',(0.0298459553960139,-0.0304492473422735,-0.126325));
#6155=CARTESIAN_POINT('',(0.0298459556160362,-0.0304492477084556,-0.132016120181041));
#6156=CARTESIAN_POINT('',(0.0297911639661389,-0.030358059037823,-0.13211908030261));
#6157=CARTESIAN_POINT('',(0.0297320893982913,-0.0302694439629829,-0.132222040424179));
#6158=CARTESIAN_POINT('',(0.0296689918279251,-0.0301837923712635,-0.132325000545748));
#6159=CARTESIAN_POINT('',(0.0296689918484045,-0.0301837927819811,-0.13232500071552));
#6160=CARTESIAN_POINT('',(0.026931586353615,-0.03220037643081,-0.132325000545748));
#6161=CARTESIAN_POINT('',(0.023531586353615,-0.0322003768100427,-0.132325000545748));
#6162=CARTESIAN_POINT('',(0.026931586353615,-0.03220037643081,-0.132325));
#6163=CARTESIAN_POINT('',(0.0238659149816102,-0.0336706340677945,-0.132325000226118));
#6164=CARTESIAN_POINT('',(0.0238659145717135,-0.0336706337299427,-0.132325000228828));
#6165=CARTESIAN_POINT('',(0.0239119177238478,-0.033766556100442,-0.13222204048618));
#6166=CARTESIAN_POINT('',(0.0239624261183532,-0.0338603176612481,-0.132119080743532));
#6167=CARTESIAN_POINT('',(0.0240172175312295,-0.033951505885507,-0.132016121000884));
#6168=CARTESIAN_POINT('',(0.0240172175312293,-0.0339515058855105,-0.132016121000882));
#6169=CARTESIAN_POINT('',(0.0240172175312296,-0.0339515058855126,-0.126325));
#6170=CARTESIAN_POINT('',(0.0240172175312296,-0.0339515058855112,-0.126325000003275));
#6171=CARTESIAN_POINT('',(0.026931586353615,-0.03220037643081,-0.126325));
#6172=CARTESIAN_POINT('',(0.0235315863536151,-0.0322003770436379,-0.126325));
#6173=CARTESIAN_POINT('',(0.026931586353615,-0.03220037643081,-0.126325));
#6174=CARTESIAN_POINT('',(0.019,-0.019,-0.132325));
#6175=CARTESIAN_POINT('',(0.019,-0.019,-0.132325));
#6176=CARTESIAN_POINT('',(0.0141340839285294,-0.0043293649278773,-0.132325));
#6177=CARTESIAN_POINT('',(0.0149192457070738,-0.00406894435502197,-0.132325));
#6178=CARTESIAN_POINT('',(0.0160890882908992,-0.00377782641349755,-0.132325));
#6179=CARTESIAN_POINT('',(0.017825360748936,-0.00356976901764882,-0.132325));
#6180=CARTESIAN_POINT('',(0.0191019385194204,-0.0035254344233555,-0.132325));
#6181=CARTESIAN_POINT('',(0.0204486224181243,-0.00359174918887138,-0.132325));
#6182=CARTESIAN_POINT('',(0.0222006017955226,-0.00383316249740904,-0.132325));
#6183=CARTESIAN_POINT('',(0.0243968157365523,-0.00442914356224473,-0.132325));
#6184=CARTESIAN_POINT('',(0.0264530105528385,-0.00540863021690877,-0.132325));
#6185=CARTESIAN_POINT('',(0.0279369306203368,-0.00636492730914046,-0.132325));
#6186=CARTESIAN_POINT('',(0.0290044026601745,-0.00719392272055725,-0.132325));
#6187=CARTESIAN_POINT('',(0.0299409315309423,-0.00805612756863374,-0.132325));
#6188=CARTESIAN_POINT('',(0.0308327585448233,-0.0090285545216716,-0.132325));
#6189=CARTESIAN_POINT('',(0.0315790538732268,-0.00999069131947594,-0.132325));
#6190=CARTESIAN_POINT('',(0.0322636698495053,-0.0110309948063836,-0.132325));
#6191=CARTESIAN_POINT('',(0.0328593182915927,-0.0121210831490394,-0.132325));
#6192=CARTESIAN_POINT('',(0.0333597941036517,-0.0132345729522326,-0.132325));
#6193=CARTESIAN_POINT('',(0.0337987109617471,-0.0144755757040103,-0.132325));
#6194=CARTESIAN_POINT('',(0.0341211486360483,-0.0157102256835421,-0.132325));
#6195=CARTESIAN_POINT('',(0.0343514769081281,-0.0170390679092217,-0.132325));
#6196=CARTESIAN_POINT('',(0.0344995785397433,-0.0188012794005389,-0.132325));
#6197=CARTESIAN_POINT('',(0.0343990597688721,-0.021074753096556,-0.132325));
#6198=CARTESIAN_POINT('',(0.0338936597302325,-0.0232955259363457,-0.132325));
#6199=CARTESIAN_POINT('',(0.0332855595010418,-0.0249528586800995,-0.132325));
#6200=CARTESIAN_POINT('',(0.0327104730744935,-0.0261759619935014,-0.132325));
#6201=CARTESIAN_POINT('',(0.0320742828052124,-0.0272786073077874,-0.132325));
#6202=CARTESIAN_POINT('',(0.0313208451920505,-0.0283616516955042,-0.132325));
#6203=CARTESIAN_POINT('',(0.030545244107377,-0.0293009031664828,-0.132325));
#6204=CARTESIAN_POINT('',(0.0299685245214202,-0.0298980467440896,-0.132325));
#6205=CARTESIAN_POINT('',(0.0296689913917732,-0.0301837926925666,-0.132325));
#6206=CARTESIAN_POINT('',(0.0141340842359904,-0.0043293650441441,-0.132325000355783));
#6207=CARTESIAN_POINT('',(0.011068413646385,-0.00579962356918998,-0.132324999994308));
#6208=CARTESIAN_POINT('',(0.00970771527264601,-0.00467251784008999,-0.115525));
#6209=CARTESIAN_POINT('',(0.00970771527264601,-0.00790365024353048,-0.115525));
#6210=CARTESIAN_POINT('',(0.00970771527264497,-0.00790365024353067,-0.125425));
#6211=CARTESIAN_POINT('',(0.00970771527264499,-0.00790365024353077,-0.126325));
#6212=CARTESIAN_POINT('',(0.00970771527264493,-0.019,-0.125425));
#6213=CARTESIAN_POINT('',(0.00970771527264554,-0.0099,-0.125425));
#6214=CARTESIAN_POINT('',(0.00970771527264601,-0.0099,-0.115525));
#6215=CARTESIAN_POINT('',(0.00970771527264565,-0.0099,-0.126325));
#6216=CARTESIAN_POINT('',(0.00970771527264493,-0.019,-0.126325));
#6217=CARTESIAN_POINT('',(0.00970771527264601,-0.00467251784008999,-0.115525));
#6218=CARTESIAN_POINT('',(0.00970771527264601,-0.019,-0.125425));
#6219=CARTESIAN_POINT('',(0.00970771527264601,-0.0280999999999994,-0.125425));
#6220=CARTESIAN_POINT('',(0.00970771514082541,-0.0333274818653655,-0.125425));
#6221=CARTESIAN_POINT('',(0.00970771527264601,-0.0333087552653708,-0.126324999996681));
#6222=CARTESIAN_POINT('',(0.00970771566862925,-0.0333087551339457,-0.126324999996435));
#6223=CARTESIAN_POINT('',(0.00970771527264601,-0.019,-0.126325));
#6224=CARTESIAN_POINT('',(0.00970771527264601,-0.0281,-0.126325));
#6225=CARTESIAN_POINT('',(0.00970771527264601,-0.0281,-0.115525));
#6226=CARTESIAN_POINT('',(0.011068413646385,-0.00579962356918998,-0.126325));
#6227=CARTESIAN_POINT('',(0.014134084624514,-0.00432936459409143,-0.132325000272874));
#6228=CARTESIAN_POINT('',(0.0140880816878643,-0.00423344280739668,-0.132222040447219));
#6229=CARTESIAN_POINT('',(0.0140375735625396,-0.00413968180766821,-0.132119080621565));
#6230=CARTESIAN_POINT('',(0.0139827824687703,-0.0040484941144927,-0.132016120795911));
#6231=CARTESIAN_POINT('',(0.0139827824557283,-0.00404849407562597,-0.132016120837613));
#6232=CARTESIAN_POINT('',(0.013982782468766,-0.00404849411447999,-0.126325));
#6233=CARTESIAN_POINT('',(0.0139827824687668,-0.00404849411448335,-0.126325000001637));
#6234=CARTESIAN_POINT('',(0.011068413646385,-0.00579962356918998,-0.126325));
#6235=CARTESIAN_POINT('',(0.0114947583338838,-0.00917278680381719,-0.126325));
#6236=CARTESIAN_POINT('',(0.0116519337052239,-0.00914917649585939,-0.130825913743537));
#6237=CARTESIAN_POINT('',(0.0115997275410244,-0.00915827127645845,-0.129330924802592));
#6238=CARTESIAN_POINT('',(0.0115473357505776,-0.00916614137911102,-0.127830620221413));
#6239=CARTESIAN_POINT('',(0.0114947583338836,-0.00917278680381708,-0.126325));
#6240=CARTESIAN_POINT('',(0.026,-0.019,-0.010225));
#6241=CARTESIAN_POINT('',(0.026,-0.019,-0.025825));
#6242=CARTESIAN_POINT('',(0.026,-0.022,-0.025825));
#6243=CARTESIAN_POINT('',(0.026,-0.016,-0.025825));
#6244=CARTESIAN_POINT('',(0.026,-0.019,-0.025825));
#6245=CARTESIAN_POINT('',(0.019,-0.019,-0.126325));
#6246=CARTESIAN_POINT('',(0.0260484148239,-0.03509914123394,-0.126325000002183));
#6247=CARTESIAN_POINT('',(0.0257818308777785,-0.0346554710420707,-0.126325000003528));
#6248=CARTESIAN_POINT('',(0.0246125978750399,-0.0327095405455413,-0.126325000001455));
#6249=CARTESIAN_POINT('',(0.024612597875042,-0.03270954054554,-0.126325));
#6250=CARTESIAN_POINT('',(0.0284698507282038,-0.0303918692084422,-0.126325));
#6251=CARTESIAN_POINT('',(0.028860212780195,-0.03104154076226,-0.126325));
#6252=CARTESIAN_POINT('',(0.0296390837309707,-0.0323377997050366,-0.126325));
#6253=CARTESIAN_POINT('',(0.019,-0.019,-0.126325));
#6254=CARTESIAN_POINT('',(0.030525321858563,-0.0315799030068908,-0.126325));
#6255=CARTESIAN_POINT('',(0.03085413766406,-0.03212714440545,-0.126325));
#6256=CARTESIAN_POINT('',(0.024017217531228,-0.03395150588551,-0.126325000006549));
#6257=CARTESIAN_POINT('',(0.0246965840585546,-0.0350821618723605,-0.126325000007963));
#6258=CARTESIAN_POINT('',(0.019,-0.019,-0.126325000011089));
#6259=CARTESIAN_POINT('',(0.0101835616779941,-0.00925677684048703,-0.128891450705037));
#6260=CARTESIAN_POINT('',(0.0101836653489994,-0.00925629639222061,-0.128894547645503));
#6261=CARTESIAN_POINT('',(0.0101873314779601,-0.00923975896727592,-0.129001139550357));
#6262=CARTESIAN_POINT('',(0.0102009934882736,-0.00920770888104279,-0.12920744446727));
#6263=CARTESIAN_POINT('',(0.010239016078874,-0.00916459180834124,-0.129504493612332));
#6264=CARTESIAN_POINT('',(0.0102915645163906,-0.00912994603656477,-0.129783608468936));
#6265=CARTESIAN_POINT('',(0.0103543898233193,-0.0091064843838369,-0.130039102137065));
#6266=CARTESIAN_POINT('',(0.0104140375743165,-0.00909706199903216,-0.13023797033982));
#6267=CARTESIAN_POINT('',(0.010452023618531,-0.00909695867587034,-0.130349911320548));
#6268=CARTESIAN_POINT('',(0.0104654966256582,-0.00909767576863651,-0.130388112789651));
#6269=CARTESIAN_POINT('',(0.0101769395218759,-0.00880953965296373,-0.128809072484078));
#6270=CARTESIAN_POINT('',(0.010176992079753,-0.00880905964878581,-0.128812171688331));
#6271=CARTESIAN_POINT('',(0.0101788998653732,-0.00879253186174539,-0.128918872031672));
#6272=CARTESIAN_POINT('',(0.0101892288158828,-0.0087601254739872,-0.129127437947083));
#6273=CARTESIAN_POINT('',(0.0102236944404715,-0.00871553037757103,-0.129433714070039));
#6274=CARTESIAN_POINT('',(0.0102751587309915,-0.00867876895451076,-0.129727708419961));
#6275=CARTESIAN_POINT('',(0.0103402750516114,-0.00865308354466278,-0.130003571617553));
#6276=CARTESIAN_POINT('',(0.010405518303389,-0.00864229428788963,-0.130225014434514));
#6277=CARTESIAN_POINT('',(0.0104491878507675,-0.00864211704718303,-0.1303538206915));
#6278=CARTESIAN_POINT('',(0.0104650093495452,-0.00864297943453526,-0.130398445497318));
#6279=CARTESIAN_POINT('',(0.0104874820181929,-0.00848474662430414,-0.128738822260047));
#6280=CARTESIAN_POINT('',(0.0104874909632696,-0.00848426694263747,-0.128741727675736));
#6281=CARTESIAN_POINT('',(0.0104878921301846,-0.00846774615500966,-0.128841780253043));
#6282=CARTESIAN_POINT('',(0.010494941579666,-0.00843508101360414,-0.129038967255167));
#6283=CARTESIAN_POINT('',(0.0105244280510359,-0.00838941254537366,-0.129333190320451));
#6284=CARTESIAN_POINT('',(0.0105717900048214,-0.00835111469195602,-0.129620362944707));
#6285=CARTESIAN_POINT('',(0.0106346033756519,-0.00832381434303556,-0.129894876775721));
#6286=CARTESIAN_POINT('',(0.0107001408405582,-0.00831203243515837,-0.130120142823668));
#6287=CARTESIAN_POINT('',(0.0107455353755093,-0.00831180151398897,-0.130254116990431));
#6288=CARTESIAN_POINT('',(0.0107622099586919,-0.00831276941731189,-0.1303009897686));
#6289=CARTESIAN_POINT('',(0.0109414596562849,-0.00846415950112353,-0.128720011800652));
#6290=CARTESIAN_POINT('',(0.0109414568944483,-0.00846367983990603,-0.128722635788507));
#6291=CARTESIAN_POINT('',(0.0109414462644886,-0.00844715949616117,-0.128813003417669));
#6292=CARTESIAN_POINT('',(0.0109471049008149,-0.00841447795356511,-0.128991537133567));
#6293=CARTESIAN_POINT('',(0.010972976046511,-0.00836874144926912,-0.129259168869546));
#6294=CARTESIAN_POINT('',(0.0110155126346406,-0.0083303462086636,-0.129521632942487));
#6295=CARTESIAN_POINT('',(0.0110727171557259,-0.00830294349624798,-0.12977383071449));
#6296=CARTESIAN_POINT('',(0.0111330822126134,-0.00829109866882444,-0.129982026756659));
#6297=CARTESIAN_POINT('',(0.0111752774397248,-0.00829086434509543,-0.13010657809741));
#6298=CARTESIAN_POINT('',(0.0111908321392505,-0.0082918389365888,-0.130150265026683));
#6299=CARTESIAN_POINT('',(0.0111813851991095,-0.00829204929513346,-0.130143319108449));
#6300=CARTESIAN_POINT('',(0.0109417097583074,-0.00829789352276035,-0.130001788383));
#6301=CARTESIAN_POINT('',(0.0106894207325633,-0.00839047718216108,-0.12982243788658));
#6302=CARTESIAN_POINT('',(0.010497930087146,-0.00856846078944864,-0.129602749356323));
#6303=CARTESIAN_POINT('',(0.0111813837728571,-0.0082920178573491,-0.130143320174881));
#6304=CARTESIAN_POINT('',(0.0104979714900645,-0.00856850183905104,-0.129602746526646));
#6305=CARTESIAN_POINT('',(0.0111813821132596,-0.00829198119248219,-0.130143321505456));
#6306=CARTESIAN_POINT('',(0.0110085421147213,-0.00830192913077022,-0.13020376752237));
#6307=CARTESIAN_POINT('',(0.0106093989186406,-0.00847664846128325,-0.1303404676864));
#6308=CARTESIAN_POINT('',(0.0104637868883785,-0.00890733576333282,-0.130383348724997));
#6309=CARTESIAN_POINT('',(0.0104626959339985,-0.00909068347255533,-0.130380239064618));
#6310=CARTESIAN_POINT('',(0.0104626937500491,-0.00909068347255381,-0.130380239830788));
#6311=CARTESIAN_POINT('',(0.0101838084012537,-0.00924859555266986,-0.128899497374958));
#6312=CARTESIAN_POINT('',(0.0101901467023893,-0.00922043508073146,-0.129081002684712));
#6313=CARTESIAN_POINT('',(0.0102117412596648,-0.00918590247986635,-0.129308188653225));
#6314=CARTESIAN_POINT('',(0.0102487624130633,-0.00915201211116573,-0.129549476406568));
#6315=CARTESIAN_POINT('',(0.0102646970937437,-0.00913919711413097,-0.129642918516873));
#6316=CARTESIAN_POINT('',(0.0103137232435266,-0.00911287997686315,-0.12987808680645));
#6317=CARTESIAN_POINT('',(0.0103755959004012,-0.00909425360208636,-0.13011523973552));
#6318=CARTESIAN_POINT('',(0.0104282220473858,-0.00908911129412476,-0.130281984663058));
#6319=CARTESIAN_POINT('',(0.0104626929956696,-0.0090906834725549,-0.130380240095437));
#6320=CARTESIAN_POINT('',(0.0101837927029823,-0.00924859555573445,-0.128899497944894));
#6321=CARTESIAN_POINT('',(0.0102057000772911,-0.00907567764062901,-0.129068193804337));
#6322=CARTESIAN_POINT('',(0.0101930693419018,-0.0091326781028768,-0.129012169535287));
#6323=CARTESIAN_POINT('',(0.0101857325956561,-0.00919063698588592,-0.128955927955008));
#6324=CARTESIAN_POINT('',(0.0101837770024263,-0.00924859555659488,-0.128899498471296));
#6325=CARTESIAN_POINT('',(0.0102057370278776,-0.00907568434040262,-0.129068192286893));
#6326=CARTESIAN_POINT('',(0.0102728039515118,-0.0088776175993979,-0.129264593528617));
#6327=CARTESIAN_POINT('',(0.0102432291382176,-0.00894123430355196,-0.129199459971084));
#6328=CARTESIAN_POINT('',(0.0102207077391463,-0.00900777382953548,-0.129133981169919));
#6329=CARTESIAN_POINT('',(0.0102057000772911,-0.00907567764062901,-0.129068193804337));
#6330=CARTESIAN_POINT('',(0.010272855109544,-0.00887763882373246,-0.129264591025683));
#6331=CARTESIAN_POINT('',(0.0103704938599036,-0.00871197444858717,-0.129438234423222));
#6332=CARTESIAN_POINT('',(0.0103324667084255,-0.00876403768387489,-0.129380651588298));
#6333=CARTESIAN_POINT('',(0.0102997100394335,-0.00881961349736416,-0.129322765808752));
#6334=CARTESIAN_POINT('',(0.0102728039515118,-0.0088776175993979,-0.129264593528617));
#6335=CARTESIAN_POINT('',(0.0103705448502491,-0.00871200935844103,-0.12943823081063));
#6336=CARTESIAN_POINT('',(0.010497930087146,-0.00856846078944864,-0.129602749356323));
#6337=CARTESIAN_POINT('',(0.0104507938164357,-0.00861224040041138,-0.129548211056082));
#6338=CARTESIAN_POINT('',(0.0104080637299162,-0.0086603860791756,-0.129493371103884));
#6339=CARTESIAN_POINT('',(0.0103704938599036,-0.00871197444858717,-0.129438234423222));
#6340=CARTESIAN_POINT('',(0.019,-0.019,-0.121425));
#6341=CARTESIAN_POINT('',(0.00370771527265001,-0.019,-0.121425));
#6342=CARTESIAN_POINT('',(0.00370771527265001,-0.00990000000000131,-0.121425));
#6343=CARTESIAN_POINT('',(0.00370771527265128,-0.0112437868928539,-0.121425));
#6344=CARTESIAN_POINT('',(0.019,-0.00990000000000164,-0.121425));
#6345=CARTESIAN_POINT('',(0.00446718148651286,-0.00990000000000148,-0.121425));
#6346=CARTESIAN_POINT('',(0.019,-0.019,-0.121425));
#6347=CARTESIAN_POINT('',(0.00446718148651293,-0.0280999999999986,-0.121425));
#6348=CARTESIAN_POINT('',(0.019,-0.0281,-0.121425));
#6349=CARTESIAN_POINT('',(0.00370771527265096,-0.0281,-0.121425));
#6350=CARTESIAN_POINT('',(0.00370771527265144,-0.019,-0.121425));
#6351=CARTESIAN_POINT('',(0.00370771527265192,-0.0267562131071487,-0.121425));
#6352=CARTESIAN_POINT('',(0.019,-0.019,-0.121425));
#6353=CARTESIAN_POINT('',(0.00185319814234283,-0.0190000000000004,-0.121425));
#6354=CARTESIAN_POINT('',(0.019,-0.019,-0.121425));
#6355=CARTESIAN_POINT('',(0.011531464976133,0.00812712224080002,-0.12737614070462));
#6356=CARTESIAN_POINT('',(0.0114947583337909,-0.034321825972799,-0.126324999997348));
#6357=CARTESIAN_POINT('',(0.0115471450617282,-0.0343180923038934,-0.127825159607223));
#6358=CARTESIAN_POINT('',(0.0115995317896655,-0.0343143586349879,-0.129325319217099));
#6359=CARTESIAN_POINT('',(0.0116519185176028,-0.0343106249660823,-0.130825478826974));
#6360=CARTESIAN_POINT('',(0.011494758333833,-0.0343218259728365,-0.126324999996087));
#6361=CARTESIAN_POINT('',(0.0114947583338639,-0.019,-0.126325));
#6362=CARTESIAN_POINT('',(0.019,-0.019,-0.130816275834342));
#6363=CARTESIAN_POINT('',(0.0116517482468959,-0.0343105437424991,-0.130825322021526));
#6364=CARTESIAN_POINT('',(0.0136598877602729,-0.0352743445681151,-0.130825322021526));
#6365=CARTESIAN_POINT('',(0.0180595116774405,-0.0364010254515758,-0.130825322021526));
#6366=CARTESIAN_POINT('',(0.0225549410128234,-0.03575510323006,-0.130825322021526));
#6367=CARTESIAN_POINT('',(0.0246552617662126,-0.0350133559216546,-0.130825322021526));
#6368=CARTESIAN_POINT('',(0.0246552831334256,-0.0350134162952794,-0.130825338216178));
#6369=CARTESIAN_POINT('',(0.0240172175312296,-0.0339515058855126,-0.13201612100088));
#6370=CARTESIAN_POINT('',(0.0242299075810998,-0.0343054815716117,-0.131619179898566));
#6371=CARTESIAN_POINT('',(0.0244425976309701,-0.0346594572577109,-0.131222238796252));
#6372=CARTESIAN_POINT('',(0.0246552876808403,-0.03501343294381,-0.130825297693938));
#6373=CARTESIAN_POINT('',(0.024017217531228,-0.03395150588551,-0.126325));
#6374=CARTESIAN_POINT('',(0.0246552944161996,-0.0350134441533302,-0.130825302318641));
#6375=CARTESIAN_POINT('',(0.0246690576749982,-0.0350363500625591,-0.129325201549457));
#6376=CARTESIAN_POINT('',(0.0246828209337968,-0.0350592559717879,-0.127825100780273));
#6377=CARTESIAN_POINT('',(0.0246965841925954,-0.0350821618810167,-0.126325000011089));
#6378=CARTESIAN_POINT('',(0.03085413766406,-0.03212714440545,-0.126325));
#6379=CARTESIAN_POINT('',(0.030525321858564,-0.0315799030068906,-0.126325));
#6380=CARTESIAN_POINT('',(0.0305115587847639,-0.0315569974055509,-0.127825076365927));
#6381=CARTESIAN_POINT('',(0.0304977957109637,-0.0315340918042111,-0.129325152731853));
#6382=CARTESIAN_POINT('',(0.0304840326371635,-0.0315111862028714,-0.13082522909778));
#6383=CARTESIAN_POINT('',(0.0304840326237239,-0.0315111860060455,-0.13082522902213));
#6384=CARTESIAN_POINT('',(0.0304840324110171,-0.0315111858265007,-0.130825228908655));
#6385=CARTESIAN_POINT('',(0.0302713405130765,-0.031157207064696,-0.13122219198222));
#6386=CARTESIAN_POINT('',(0.0300586486151359,-0.0308032283028912,-0.131619155055785));
#6387=CARTESIAN_POINT('',(0.0298459567171953,-0.0304492495410865,-0.13201611812935));
#6388=CARTESIAN_POINT('',(0.019,-0.019,-0.130825227538695));
#6389=CARTESIAN_POINT('',(0.019,-0.019,-0.13082522909778));
#6390=CARTESIAN_POINT('',(0.0133447047113495,-0.00298655463166248,-0.130825227723461));
#6391=CARTESIAN_POINT('',(0.013982782468766,-0.00404849411447997,-0.132016120795898));
#6392=CARTESIAN_POINT('',(0.0137700898779132,-0.00369451419947566,-0.13161915632828));
#6393=CARTESIAN_POINT('',(0.0135573972870603,-0.00334053428447134,-0.131222191860661));
#6394=CARTESIAN_POINT('',(0.0133447046962075,-0.00298655436946702,-0.130825227393043));
#6395=CARTESIAN_POINT('',(0.013982782468772,-0.00404849411448998,-0.126325));
#6396=CARTESIAN_POINT('',(0.0133447049302683,-0.00298655475900961,-0.130825227232312));
#6397=CARTESIAN_POINT('',(0.0133309418880577,-0.00296364921024391,-0.129325151491584));
#6398=CARTESIAN_POINT('',(0.0133171788458472,-0.00294074366147821,-0.127825075750856));
#6399=CARTESIAN_POINT('',(0.0133034158036367,-0.00291783811271251,-0.126325000010128));
#6400=CARTESIAN_POINT('',(0.0133034159444687,-0.00291783812183715,-0.126325000006077));
#6401=CARTESIAN_POINT('',(0.0139827824687654,-0.00404849411448035,-0.126325));
#6402=CARTESIAN_POINT('',(0.019,-0.019,-0.125425));
#6403=CARTESIAN_POINT('',(0.00913978721980501,-0.00695845923773999,-0.125425));
#6404=CARTESIAN_POINT('',(0.00835275402516702,-0.00564861603997273,-0.125425));
#6405=CARTESIAN_POINT('',(0.019,-0.019,-0.125425));
#6406=CARTESIAN_POINT('',(0.00454962628522305,-0.00990000000000097,-0.125425));
#6407=CARTESIAN_POINT('',(0.00370771527265001,-0.0099,-0.125425));
#6408=CARTESIAN_POINT('',(0.019,-0.019,-0.125425));
#6409=CARTESIAN_POINT('',(0.019,-0.019,-0.125425));
#6410=CARTESIAN_POINT('',(0.00370771527265287,-0.0266006136801158,-0.125425));
#6411=CARTESIAN_POINT('',(0.00192301840205509,-0.019,-0.125425));
#6412=CARTESIAN_POINT('',(0.00370771527265001,-0.0281,-0.125425));
#6413=CARTESIAN_POINT('',(0.0037077152726526,-0.0113993863198855,-0.125425));
#6414=CARTESIAN_POINT('',(0.019,-0.019,-0.125425));
#6415=CARTESIAN_POINT('',(0.019,-0.019,-0.121425));
#6416=CARTESIAN_POINT('',(0.00370771527265001,-0.0112437868928535,-0.121425));
#6417=CARTESIAN_POINT('',(0.00370771527265001,-0.0112956533685305,-0.122758333333333));
#6418=CARTESIAN_POINT('',(0.00370771527265001,-0.0113475198442074,-0.124091666666667));
#6419=CARTESIAN_POINT('',(0.00370771527265001,-0.0113993863198844,-0.125425));
#6420=CARTESIAN_POINT('',(0.00370771527265001,-0.0266006136801168,-0.125425));
#6421=CARTESIAN_POINT('',(0.00370771527265001,-0.0266524801557943,-0.124091666666667));
#6422=CARTESIAN_POINT('',(0.00370771527265001,-0.0267043466314718,-0.122758333333333));
#6423=CARTESIAN_POINT('',(0.00370771527265001,-0.0267562131071493,-0.121425));
#6424=CARTESIAN_POINT('',(0.019,-0.019,-0.125425));
#6425=CARTESIAN_POINT('',(0.00970771527264601,-0.0281,-0.125425));
#6426=CARTESIAN_POINT('',(0.004549626285223,-0.028099999999999,-0.125425));
#6427=CARTESIAN_POINT('',(0.019,-0.019,-0.125425));
#6428=CARTESIAN_POINT('',(0.019,-0.019,-0.126325));
#6429=CARTESIAN_POINT('',(0.019,-0.019,-0.126325000010128));
#6430=CARTESIAN_POINT('',(0.0122181691222235,-0.00334452895794017,-0.126325000003896));
#6431=CARTESIAN_POINT('',(0.0119515851761,-0.00290085876605998,-0.126325000002729));
#6432=CARTESIAN_POINT('',(0.0133874021249598,-0.0052904594544589,-0.126325000001819));
#6433=CARTESIAN_POINT('',(0.013387402124958,-0.00529045945445998,-0.126325));
#6434=CARTESIAN_POINT('',(0.00953014927179689,-0.00760813079155825,-0.126325));
#6435=CARTESIAN_POINT('',(0.00913978721980501,-0.00695845923773999,-0.126325));
#6436=CARTESIAN_POINT('',(0.00970771527264601,-0.0099,-0.126325));
#6437=CARTESIAN_POINT('',(0.019,-0.019,-0.126324999985741));
#6438=CARTESIAN_POINT('',(0.011187772003359,-0.00925277776243098,-0.128995545023998));
#6439=CARTESIAN_POINT('',(0.0101323178200683,-0.00919843596023039,-0.127425000050467));
#6440=CARTESIAN_POINT('',(0.0101494813471284,-0.00921515582568522,-0.127916499158586));
#6441=CARTESIAN_POINT('',(0.0101666448741884,-0.00923187569114005,-0.128407998266706));
#6442=CARTESIAN_POINT('',(0.0101838084012485,-0.00924859555659489,-0.128899497374825));
#6443=CARTESIAN_POINT('',(0.010132302380616,-0.00919843670674178,-0.127425000539201));
#6444=CARTESIAN_POINT('',(0.011113156273537,-0.0081991954209568,-0.127425));
#6445=CARTESIAN_POINT('',(0.0108545887504289,-0.0082039901916548,-0.127425));
#6446=CARTESIAN_POINT('',(0.0103425693694727,-0.00842558730963065,-0.127425));
#6447=CARTESIAN_POINT('',(0.0101322857011419,-0.0089397541219535,-0.127425));
#6448=CARTESIAN_POINT('',(0.0101323010549198,-0.0091984385384908,-0.127425));
#6449=CARTESIAN_POINT('',(0.011113156290583,-0.00819919631918126,-0.127424999410268));
#6450=CARTESIAN_POINT('',(0.0111131560940617,-0.00819918576194714,-0.127424999350948));
#6451=CARTESIAN_POINT('',(0.0111358958679034,-0.00823002161747962,-0.12833111006697));
#6452=CARTESIAN_POINT('',(0.0111586378472229,-0.00826097616350579,-0.129237216688486));
#6453=CARTESIAN_POINT('',(0.0111813851991095,-0.00829204929513346,-0.130143319108449));
#6454=CARTESIAN_POINT('',(0.0104626787256337,-0.00909728725992981,-0.13038011926745));
#6455=CARTESIAN_POINT('',(0.0104968442530454,-0.00910569117091343,-0.130477341841721));
#6456=CARTESIAN_POINT('',(0.0105967236491903,-0.00912788212422135,-0.130735109512863));
#6457=CARTESIAN_POINT('',(0.0108067642506846,-0.00916082391440402,-0.131163759515378));
#6458=CARTESIAN_POINT('',(0.0111359546479981,-0.00918054336630509,-0.131674123093024));
#6459=CARTESIAN_POINT('',(0.0115841057128649,-0.00915173999952113,-0.132198403121133));
#6460=CARTESIAN_POINT('',(0.012138832105519,-0.0090252495651356,-0.132681163674628));
#6461=CARTESIAN_POINT('',(0.0127243717979565,-0.00876829577437112,-0.133058547146203));
#6462=CARTESIAN_POINT('',(0.0132446655032519,-0.00840709338626158,-0.133311250893012));
#6463=CARTESIAN_POINT('',(0.0136545060304702,-0.00799676466201749,-0.133465278529181));
#6464=CARTESIAN_POINT('',(0.0139557722597771,-0.00757781202981516,-0.133555330685724));
#6465=CARTESIAN_POINT('',(0.0141652986963795,-0.00717617393719295,-0.13360683902779));
#6466=CARTESIAN_POINT('',(0.0143034069170704,-0.00680484651276297,-0.133635875547274));
#6467=CARTESIAN_POINT('',(0.0143885181179368,-0.00646675602698645,-0.133651833923845));
#6468=CARTESIAN_POINT('',(0.0144348278600443,-0.00615987111877595,-0.133659901343906));
#6469=CARTESIAN_POINT('',(0.0144504388349603,-0.00591202458454023,-0.133662522400849));
#6470=CARTESIAN_POINT('',(0.0144501400542243,-0.00576612994419437,-0.133662474640627));
#6471=CARTESIAN_POINT('',(0.01444877036347,-0.00571294231735844,-0.133662243630275));
#6472=CARTESIAN_POINT('',(0.0104618411659752,-0.00864146157696596,-0.130389098809818));
#6473=CARTESIAN_POINT('',(0.0104919094050213,-0.00864986484943982,-0.130485915486908));
#6474=CARTESIAN_POINT('',(0.0105798598546512,-0.00867220602031156,-0.130742604523704));
#6475=CARTESIAN_POINT('',(0.0107651183077649,-0.00870647214529818,-0.131169440479077));
#6476=CARTESIAN_POINT('',(0.0110561907493485,-0.00873093350980132,-0.131677584406941));
#6477=CARTESIAN_POINT('',(0.0114535956799465,-0.00871354910534398,-0.132199484353992));
#6478=CARTESIAN_POINT('',(0.01194686930175,-0.00860963431184308,-0.132679958736821));
#6479=CARTESIAN_POINT('',(0.0124681792371486,-0.00838867983289721,-0.133055567193884));
#6480=CARTESIAN_POINT('',(0.0129308086774727,-0.00807384200024655,-0.133307189562026));
#6481=CARTESIAN_POINT('',(0.0132941095176573,-0.00771494621330773,-0.133460663331766));
#6482=CARTESIAN_POINT('',(0.0135601752590979,-0.00734860180451906,-0.133550458034735));
#6483=CARTESIAN_POINT('',(0.0137445759602556,-0.00699791318806411,-0.133601852515518));
#6484=CARTESIAN_POINT('',(0.013865781462622,-0.00667420275170023,-0.133630839421079));
#6485=CARTESIAN_POINT('',(0.013940326074137,-0.00637984083126044,-0.133646776116506));
#6486=CARTESIAN_POINT('',(0.0139808355037157,-0.00611287249578708,-0.133654834318329));
#6487=CARTESIAN_POINT('',(0.0139944828448072,-0.00589735588635194,-0.133657452653044));
#6488=CARTESIAN_POINT('',(0.0139942217523192,-0.00577050089416577,-0.133657404941013));
#6489=CARTESIAN_POINT('',(0.0139930242754694,-0.00572425304063428,-0.133657174172349));
#6490=CARTESIAN_POINT('',(0.0107601421014332,-0.00831116080495452,-0.130290739690557));
#6491=CARTESIAN_POINT('',(0.0107850943518068,-0.00831685345486188,-0.130381141848262));
#6492=CARTESIAN_POINT('',(0.0108580305209488,-0.00833161907355002,-0.130620784891084));
#6493=CARTESIAN_POINT('',(0.0110112944961857,-0.00835214415155437,-0.131018952895159));
#6494=CARTESIAN_POINT('',(0.0112510066100768,-0.00836063711779595,-0.131492019007158));
#6495=CARTESIAN_POINT('',(0.0115762978678499,-0.00833180629635523,-0.131976305792962));
#6496=CARTESIAN_POINT('',(0.0119775523851682,-0.00823104212206857,-0.132420651109806));
#6497=CARTESIAN_POINT('',(0.0124007664476617,-0.00803623169791506,-0.132768208460339));
#6498=CARTESIAN_POINT('',(0.0127783923745389,-0.00776635975946945,-0.133002741465059));
#6499=CARTESIAN_POINT('',(0.0130781457382035,-0.00746017539476213,-0.133147462311482));
#6500=CARTESIAN_POINT('',(0.0133004151470135,-0.00714638850965121,-0.133233188395521));
#6501=CARTESIAN_POINT('',(0.0134562248486646,-0.00684408953068812,-0.133282783490974));
#6502=CARTESIAN_POINT('',(0.0135595661089673,-0.00656337862753055,-0.133310986332303));
#6503=CARTESIAN_POINT('',(0.0136235309923941,-0.00630695843407768,-0.133326580393791));
#6504=CARTESIAN_POINT('',(0.0136584292553477,-0.00607372002993304,-0.13333449291697));
#6505=CARTESIAN_POINT('',(0.0136702088683174,-0.00588515438803952,-0.13333706823147));
#6506=CARTESIAN_POINT('',(0.0136699832333134,-0.00577413697453627,-0.133337021280988));
#6507=CARTESIAN_POINT('',(0.0136689498356773,-0.00573366714415346,-0.1333367943318));
#6508=CARTESIAN_POINT('',(0.0111898571663229,-0.00829155487457166,-0.130140356282605));
#6509=CARTESIAN_POINT('',(0.0112115463497107,-0.00829335099790335,-0.13022194145503));
#6510=CARTESIAN_POINT('',(0.0112748105860896,-0.00829707492171717,-0.130438154172238));
#6511=CARTESIAN_POINT('',(0.0114068273717038,-0.00829652122886259,-0.130796917056556));
#6512=CARTESIAN_POINT('',(0.0116107691243079,-0.00827731959113144,-0.131221767461749));
#6513=CARTESIAN_POINT('',(0.011883065213168,-0.00822062653311908,-0.131654353618243));
#6514=CARTESIAN_POINT('',(0.0122133995897216,-0.00810184351053349,-0.132049038247544));
#6515=CARTESIAN_POINT('',(0.0125597303737207,-0.00790866516822669,-0.132358038353424));
#6516=CARTESIAN_POINT('',(0.0128727387696005,-0.00765713334626442,-0.132569081419673));
#6517=CARTESIAN_POINT('',(0.0131276114968244,-0.00737536282208821,-0.13270177106135));
#6518=CARTESIAN_POINT('',(0.013322071610444,-0.00708459463276165,-0.132781904683814));
#6519=CARTESIAN_POINT('',(0.0134618706074234,-0.00680097878369617,-0.132829026460069));
#6520=CARTESIAN_POINT('',(0.0135564102546994,-0.00653452995248018,-0.132856151577183));
#6521=CARTESIAN_POINT('',(0.0136157182025435,-0.00628898379953373,-0.132871274676141));
#6522=CARTESIAN_POINT('',(0.0136483424477207,-0.00606437140710835,-0.132878986958833));
#6523=CARTESIAN_POINT('',(0.0136593980403929,-0.00588226296984133,-0.132881503140513));
#6524=CARTESIAN_POINT('',(0.0136591857408275,-0.00577499898756368,-0.132881457236801));
#6525=CARTESIAN_POINT('',(0.0136582162383435,-0.00573590497429648,-0.132881235537616));
#6526=CARTESIAN_POINT('',(0.0108296881804754,-0.00908608999959372,-0.131188361913457));
#6527=CARTESIAN_POINT('',(0.0110343756863638,-0.00907288257357213,-0.131549904630241));
#6528=CARTESIAN_POINT('',(0.0112621795401014,-0.0090405233249358,-0.131848090270558));
#6529=CARTESIAN_POINT('',(0.0114844980403615,-0.00898901225368474,-0.132092139549778));
#6530=CARTESIAN_POINT('',(0.0108296885830436,-0.00908608999959246,-0.131188361685538));
#6531=CARTESIAN_POINT('',(0.0114844960896126,-0.0089890122537995,-0.132092141326819));
#6532=CARTESIAN_POINT('',(0.0107350252526817,-0.00909096553093941,-0.131013104012256));
#6533=CARTESIAN_POINT('',(0.0107654116608001,-0.00908934035382418,-0.131072144155047));
#6534=CARTESIAN_POINT('',(0.0107969743177992,-0.00908771517670895,-0.131130578910351));
#6535=CARTESIAN_POINT('',(0.0108296881804754,-0.00908608999959372,-0.131188361913457));
#6536=CARTESIAN_POINT('',(0.0107350251092985,-0.00909096553093384,-0.131013104086051));
#6537=CARTESIAN_POINT('',(0.0104626929956696,-0.0090906834725549,-0.130380240095437));
#6538=CARTESIAN_POINT('',(0.0105471182595299,-0.00909453907835876,-0.130620884499412));
#6539=CARTESIAN_POINT('',(0.0106413712313089,-0.00909463309782026,-0.130831136246496));
#6540=CARTESIAN_POINT('',(0.0107350252526817,-0.00909096553093941,-0.131013104012256));
#6541=CARTESIAN_POINT('',(0.01365927693008,-0.00579962356918997,-0.132890609334254));
#6542=CARTESIAN_POINT('',(0.0136593335270518,-0.00606097745603573,-0.132892230059474));
#6543=CARTESIAN_POINT('',(0.0135771550303863,-0.00654894283759476,-0.132875143729569));
#6544=CARTESIAN_POINT('',(0.0133298730851796,-0.00710219826588092,-0.132798549599846));
#6545=CARTESIAN_POINT('',(0.0130373309083915,-0.00748700338284107,-0.132667203863943));
#6546=CARTESIAN_POINT('',(0.0128307066801087,-0.00768566510875914,-0.132547454216901));
#6547=CARTESIAN_POINT('',(0.0127060042293569,-0.00778884276721587,-0.13246461054401));
#6548=CARTESIAN_POINT('',(0.0126318358241319,-0.00784620613349985,-0.132412498377674));
#6549=CARTESIAN_POINT('',(0.012488213718364,-0.00794425573942561,-0.132300064603712));
#6550=CARTESIAN_POINT('',(0.0123227283719067,-0.00804086508959343,-0.132154889584586));
#6551=CARTESIAN_POINT('',(0.0120922364491476,-0.00814713457947191,-0.131916088956633));
#6552=CARTESIAN_POINT('',(0.0119111055316001,-0.00820721703570932,-0.13169048315095));
#6553=CARTESIAN_POINT('',(0.0116713285062249,-0.00826943908845477,-0.131348000900505));
#6554=CARTESIAN_POINT('',(0.011401250470957,-0.0083017954694332,-0.130837411680211));
#6555=CARTESIAN_POINT('',(0.0112455563698444,-0.00829751292913099,-0.130384509515885));
#6556=CARTESIAN_POINT('',(0.0111813825365644,-0.00829199053913439,-0.130143321177286));
#6557=CARTESIAN_POINT('',(0.0136592769024458,-0.00579962297603947,-0.132890609335221));
#6558=CARTESIAN_POINT('',(0.013659061093885,-0.00576688194385356,-0.132890353221285));
#6559=CARTESIAN_POINT('',(0.0136592019988347,-0.00577779500257144,-0.132890438590728));
#6560=CARTESIAN_POINT('',(0.0136592739462528,-0.00578870897047567,-0.132890523960171));
#6561=CARTESIAN_POINT('',(0.0136592769299179,-0.00579962297607581,-0.132890609329615));
#6562=CARTESIAN_POINT('',(0.0136590588451239,-0.00576688192062728,-0.132890353299701));
#6563=CARTESIAN_POINT('',(0.0136590609232642,-0.00576688194600835,-0.132890353227261));
#6564=CARTESIAN_POINT('',(0.0136647614296495,-0.00576644677971569,-0.133053737786399));
#6565=CARTESIAN_POINT('',(0.0137925443962917,-0.00576399419893536,-0.133426612629347));
#6566=CARTESIAN_POINT('',(0.014150880337522,-0.00575900651419561,-0.133620826966831));
#6567=CARTESIAN_POINT('',(0.014320925024364,-0.00575677834176765,-0.133650513730675));
#6568=CARTESIAN_POINT('',(0.0143209255510659,-0.00575677593583201,-0.133650510532989));
#6569=CARTESIAN_POINT('',(0.0141500210590094,-0.00677335100865886,-0.133617603805652));
#6570=CARTESIAN_POINT('',(0.0142687916904381,-0.00644325780543503,-0.133642625618457));
#6571=CARTESIAN_POINT('',(0.014326188237829,-0.00610439944782122,-0.133651431904189));
#6572=CARTESIAN_POINT('',(0.0143209250990091,-0.00575677593581744,-0.133650513128074));
#6573=CARTESIAN_POINT('',(0.0141500210266057,-0.00677335100865774,-0.133617603959466));
#6574=CARTESIAN_POINT('',(0.013837178731147,-0.00740281006373218,-0.133541096193829));
#6575=CARTESIAN_POINT('',(0.0139658665278587,-0.00720384383802896,-0.133576997229256));
#6576=CARTESIAN_POINT('',(0.014070620791328,-0.00699402415300452,-0.133600876281257));
#6577=CARTESIAN_POINT('',(0.0141500210590094,-0.00677335100865886,-0.133617603805652));
#6578=CARTESIAN_POINT('',(0.0138371785338381,-0.00740281006374439,-0.133541096901078));
#6579=CARTESIAN_POINT('',(0.0114844980403615,-0.00898901225368474,-0.132092139549778));
#6580=CARTESIAN_POINT('',(0.0119090935746308,-0.00889063370714574,-0.132558237665666));
#6581=CARTESIAN_POINT('',(0.0127947263990275,-0.0085472405011726,-0.133193920646333));
#6582=CARTESIAN_POINT('',(0.0135597307482965,-0.00783177675227028,-0.133463694372396));
#6583=CARTESIAN_POINT('',(0.013837178731147,-0.00740281006373218,-0.133541096193829));
#6584=CARTESIAN_POINT('',(0.026,-0.019,-0.025825));
#6585=CARTESIAN_POINT('',(0.026,-0.019,-0.025825));
#6586=CARTESIAN_POINT('',(0.026,-0.013,-0.025825));
#6587=CARTESIAN_POINT('',(0.026,-0.025,-0.025825));
#6588=CARTESIAN_POINT('',(0.026,-0.019,-0.025825));
#6589=CARTESIAN_POINT('',(-0.0218414213562373,-0.019,-0.036025));
#6590=CARTESIAN_POINT('',(0.019,-0.0345,-0.036025));
#6591=CARTESIAN_POINT('',(0.019,-0.03575,-0.036025));
#6592=CARTESIAN_POINT('',(0.019,-0.03325,-0.036025));
#6593=CARTESIAN_POINT('',(0.019,-0.0345,-0.036025));
#6594=CARTESIAN_POINT('',(-0.00142071067811858,-0.0543697084211659,-0.036025));
#6595=CARTESIAN_POINT('',(0.0324233937586588,-0.02675,-0.036025));
#6596=CARTESIAN_POINT('',(0.0324233937586588,-0.028,-0.036025));
#6597=CARTESIAN_POINT('',(0.0324233937586588,-0.0255,-0.036025));
#6598=CARTESIAN_POINT('',(0.0324233937586588,-0.02675,-0.036025));
#6599=CARTESIAN_POINT('',(0.0394207106781188,-0.0543697084211657,-0.036025));
#6600=CARTESIAN_POINT('',(0.0324233937586588,-0.01125,-0.036025));
#6601=CARTESIAN_POINT('',(0.0324233937586588,-0.0125,-0.036025));
#6602=CARTESIAN_POINT('',(0.0324233937586588,-0.01,-0.036025));
#6603=CARTESIAN_POINT('',(0.0324233937586588,-0.01125,-0.036025));
#6604=CARTESIAN_POINT('',(0.0598414213562373,-0.019,-0.036025));
#6605=CARTESIAN_POINT('',(0.019,-0.0035,-0.036025));
#6606=CARTESIAN_POINT('',(0.019,-0.00475,-0.036025));
#6607=CARTESIAN_POINT('',(0.019,-0.00225,-0.036025));
#6608=CARTESIAN_POINT('',(0.019,-0.0035,-0.036025));
#6609=CARTESIAN_POINT('',(0.0394207106781183,0.016369708421166,-0.036025));
#6610=CARTESIAN_POINT('',(0.00557660624134113,-0.01125,-0.036025));
#6611=CARTESIAN_POINT('',(0.00557660624134113,-0.0125,-0.036025));
#6612=CARTESIAN_POINT('',(0.00557660624134113,-0.01,-0.036025));
#6613=CARTESIAN_POINT('',(0.00557660624134113,-0.01125,-0.036025));
#6614=CARTESIAN_POINT('',(-0.00142071067811907,0.0163697084211656,-0.036025));
#6615=CARTESIAN_POINT('',(0.00557660624134129,-0.02675,-0.036025));
#6616=CARTESIAN_POINT('',(0.00557660624134129,-0.028,-0.036025));
#6617=CARTESIAN_POINT('',(0.00557660624134129,-0.0255,-0.036025));
#6618=CARTESIAN_POINT('',(0.00557660624134129,-0.02675,-0.036025));
#6619=CARTESIAN_POINT('',(0.0225,-0.019,-0.033225));
#6620=CARTESIAN_POINT('',(0.026,-0.019,-0.033225));
#6621=CARTESIAN_POINT('',(0.026,-0.0103,-0.033225));
#6622=CARTESIAN_POINT('',(0.026,-0.0277,-0.033225));
#6623=CARTESIAN_POINT('',(0.026,-0.019,-0.033225));
#6624=CARTESIAN_POINT('',(0.0268143034054341,-0.0103381924540025,-0.033225));
#6625=CARTESIAN_POINT('',(0.019,-0.019,-0.033225));
#6626=CARTESIAN_POINT('',(0.00733422751481594,-0.019,-0.033225));
#6627=CARTESIAN_POINT('',(0.019,-0.019,-0.033225));
#6628=CARTESIAN_POINT('',(0.0268143034054342,-0.0276618075459974,-0.033225));
#6629=CARTESIAN_POINT('',(0.026,-0.019,-0.033225));
#6630=CARTESIAN_POINT('',(0.027794594572121,-0.03829651296536,-0.127425));
#6631=CARTESIAN_POINT('',(0.0247303393903891,-0.0335230183099155,-0.132237260648886));
#6632=CARTESIAN_POINT('',(0.0251289945331975,-0.034153411575852,-0.13174936708881));
#6633=CARTESIAN_POINT('',(0.0254490124003827,-0.0346372957268585,-0.131030880923044));
#6634=CARTESIAN_POINT('',(0.0256348308786767,-0.0348914541530021,-0.130218291242184));
#6635=CARTESIAN_POINT('',(0.02473034199248,-0.0335230159478549,-0.132237261217636));
#6636=CARTESIAN_POINT('',(0.0256348330408941,-0.0348914528529678,-0.130218291332123));
#6637=CARTESIAN_POINT('',(0.0247303393903606,-0.0335230183099316,-0.132237260648594));
#6638=CARTESIAN_POINT('',(0.0247783545461961,-0.0334941681543049,-0.130633173712653));
#6639=CARTESIAN_POINT('',(0.0248263696949642,-0.033465317986917,-0.12902908677674));
#6640=CARTESIAN_POINT('',(0.0248743848366657,-0.0334364678077675,-0.127424999840798));
#6641=CARTESIAN_POINT('',(0.0248743848404031,-0.0334364678055219,-0.127424999842652));
#6642=CARTESIAN_POINT('',(0.0257542024891972,-0.0349007302540994,-0.127425));
#6643=CARTESIAN_POINT('',(0.0257541973468241,-0.0349007333439334,-0.127424999441776));
#6644=CARTESIAN_POINT('',(0.0257542024841178,-0.0349007302536869,-0.127424999651057));
#6645=CARTESIAN_POINT('',(0.0257144119490366,-0.0348976382202351,-0.128356096848102));
#6646=CARTESIAN_POINT('',(0.0256746214139555,-0.0348945461867834,-0.129287194045148));
#6647=CARTESIAN_POINT('',(0.0256348308788744,-0.0348914541533316,-0.130218291242193));
#6648=CARTESIAN_POINT('',(0.028860212780195,-0.03104154076226,-0.118625));
#6649=CARTESIAN_POINT('',(0.0284698507282027,-0.0303918692084411,-0.127424999838302));
#6650=CARTESIAN_POINT('',(0.0288562777275906,-0.0310349917349484,-0.127424999838302));
#6651=CARTESIAN_POINT('',(0.0292427047269784,-0.0316781142614558,-0.127424999838302));
#6652=CARTESIAN_POINT('',(0.0296291317263662,-0.0323212367879632,-0.127424999838302));
#6653=CARTESIAN_POINT('',(0.029629035416868,-0.0323212837264987,-0.127424999713422));
#6654=CARTESIAN_POINT('',(0.0284698507282034,-0.0303918692084413,-0.127424999959576));
#6655=CARTESIAN_POINT('',(0.0296291221580124,-0.0323212208635482,-0.12742499951116));
#6656=CARTESIAN_POINT('',(0.029632442682332,-0.032326747144044,-0.12705833300744));
#6657=CARTESIAN_POINT('',(0.0296357632066516,-0.0323322734245398,-0.12669166650372));
#6658=CARTESIAN_POINT('',(0.0296390837309712,-0.0323377997050355,-0.126325));
#6659=CARTESIAN_POINT('',(0.0284698507282044,-0.0303918692084428,-0.133725));
#6660=CARTESIAN_POINT('',(0.024612597875042,-0.03270954054554,-0.133725));
#6661=CARTESIAN_POINT('',(0.0246125978750399,-0.0327095405455413,-0.118625));
#6662=CARTESIAN_POINT('',(0.0246125978750404,-0.0327095405455408,-0.127425));
#6663=CARTESIAN_POINT('',(0.0284698507282032,-0.0303918692084408,-0.127425));
#6664=CARTESIAN_POINT('',(0.0260484148239,-0.03509914123394,-0.118625));
#6665=CARTESIAN_POINT('',(0.0257818308777877,-0.0346554710421013,-0.126325000002183));
#6666=CARTESIAN_POINT('',(0.0257785103718263,-0.0346499447921588,-0.126691666505803));
#6667=CARTESIAN_POINT('',(0.025775189865865,-0.0346444185422163,-0.127058333009423));
#6668=CARTESIAN_POINT('',(0.0257718693599036,-0.0346388922922738,-0.127424999513042));
#6669=CARTESIAN_POINT('',(0.0257719683111214,-0.0346388487537373,-0.127424999753459));
#6670=CARTESIAN_POINT('',(0.0257718835930732,-0.0346389159802458,-0.127425));
#6671=CARTESIAN_POINT('',(0.0253854550203954,-0.0339957908353443,-0.127425));
#6672=CARTESIAN_POINT('',(0.0249990264477176,-0.0333526656904428,-0.127425));
#6673=CARTESIAN_POINT('',(0.0246125978750399,-0.0327095405455413,-0.127425));
#6674=CARTESIAN_POINT('',(0.01518076254014,-0.00539420680217998,-0.128725));
#6675=CARTESIAN_POINT('',(0.0143209252304772,-0.00575677562211319,-0.133650513151024));
#6676=CARTESIAN_POINT('',(0.0145761937044209,-0.00586779209469848,-0.133695074875082));
#6677=CARTESIAN_POINT('',(0.0148638028931545,-0.00599425245818074,-0.133725));
#6678=CARTESIAN_POINT('',(0.01518076254014,-0.00613615671255998,-0.133725));
#6679=CARTESIAN_POINT('',(0.0151807625420797,-0.00613615671198388,-0.133725));
#6680=CARTESIAN_POINT('',(0.0151807625401393,-0.04529098505821,-0.133725));
#6681=CARTESIAN_POINT('',(0.0151807625401394,-0.03186384328744,-0.133725));
#6682=CARTESIAN_POINT('',(0.01518076254014,-0.03186384328744,-0.133725));
#6683=CARTESIAN_POINT('',(0.01478769857416,-0.0320982904589628,-0.133725));
#6684=CARTESIAN_POINT('',(0.0144273357870265,-0.0323069415819451,-0.133678857968319));
#6685=CARTESIAN_POINT('',(0.0141058509572038,-0.0324897966563869,-0.133608089707231));
#6686=CARTESIAN_POINT('',(0.0141058521250362,-0.0324897964773888,-0.133608085908799));
#6687=CARTESIAN_POINT('',(0.0141058509572038,-0.0324897966563869,-0.133608089707231));
#6688=CARTESIAN_POINT('',(0.0137791231325812,-0.0326759826979457,-0.133536167308871));
#6689=CARTESIAN_POINT('',(0.0134737333203375,-0.0328462111318171,-0.133434543221057));
#6690=CARTESIAN_POINT('',(0.0131927944320023,-0.033000481958001,-0.133312808060613));
#6691=CARTESIAN_POINT('',(0.013192793803215,-0.0330004819580219,-0.133312809511758));
#6692=CARTESIAN_POINT('',(0.0131927944320023,-0.033000481958001,-0.133312808060613));
#6693=CARTESIAN_POINT('',(0.012750208310992,-0.0332432507574581,-0.133121028657018));
#6694=CARTESIAN_POINT('',(0.0121483944103691,-0.0335634503918515,-0.132744487301004));
#6695=CARTESIAN_POINT('',(0.0115836342466054,-0.0338574312979386,-0.132210528221148));
#6696=CARTESIAN_POINT('',(0.0112951057225676,-0.0340057292581509,-0.131876529558693));
#6697=CARTESIAN_POINT('',(0.0111123736264452,-0.0340987264346285,-0.131638500099707));
#6698=CARTESIAN_POINT('',(0.0108959339474326,-0.0342077821186626,-0.131311676814759));
#6699=CARTESIAN_POINT('',(0.0106603137810127,-0.0343258719951331,-0.130885251715243));
#6700=CARTESIAN_POINT('',(0.0103268209814883,-0.0344920881148645,-0.130090204936831));
#6701=CARTESIAN_POINT('',(0.0102003889140816,-0.0345554855556324,-0.129374300833348));
#6702=CARTESIAN_POINT('',(0.0101838084089734,-0.0345636895976024,-0.128899497596022));
#6703=CARTESIAN_POINT('',(0.0101838722247867,-0.0345636896149143,-0.128899494631878));
#6704=CARTESIAN_POINT('',(0.0101838084089728,0.00812712224080002,-0.128899497596022));
#6705=CARTESIAN_POINT('',(0.026931586353615,-0.03220037643081,-0.132925));
#6706=CARTESIAN_POINT('',(0.026931586353615,-0.03220037643081,-0.132952919479465));
#6707=CARTESIAN_POINT('',(0.027731242378158,-0.0297337190376825,-0.132952919505379));
#6708=CARTESIAN_POINT('',(0.0243782422144676,-0.0317484036247351,-0.132952919523856));
#6709=CARTESIAN_POINT('',(0.0243782413510112,-0.0317484012098835,-0.132952919479478));
#6710=CARTESIAN_POINT('',(0.0243712038363844,-0.0317471557962122,-0.133157579756758));
#6711=CARTESIAN_POINT('',(0.0241944639626615,-0.0317158711887726,-0.133559652724602));
#6712=CARTESIAN_POINT('',(0.0237926191905579,-0.0316447404114646,-0.133724999550245));
#6713=CARTESIAN_POINT('',(0.0235909689132543,-0.0316090462603082,-0.133724999999998));
#6714=CARTESIAN_POINT('',(0.0235909688724532,-0.0316090464601378,-0.133724996426827));
#6715=CARTESIAN_POINT('',(0.0235909689131702,-0.0316090462606008,-0.133725));
#6716=CARTESIAN_POINT('',(0.0236722562739353,-0.0311498273850645,-0.133725));
#6717=CARTESIAN_POINT('',(0.0239888020318618,-0.0303163879356457,-0.133725));
#6718=CARTESIAN_POINT('',(0.0251167801050641,-0.0291800898017868,-0.133725));
#6719=CARTESIAN_POINT('',(0.026649843171606,-0.0287176131242079,-0.133725));
#6720=CARTESIAN_POINT('',(0.0275338198704285,-0.0288292425278525,-0.133725));
#6721=CARTESIAN_POINT('',(0.0279777995139655,-0.02897317421493,-0.133725));
#6722=CARTESIAN_POINT('',(0.027977800363721,-0.0289731744883053,-0.133724997874847));
#6723=CARTESIAN_POINT('',(0.0279778023810944,-0.0289731751444263,-0.133724999999998));
#6724=CARTESIAN_POINT('',(0.0279146491777149,-0.0291679790928355,-0.133724999545174));
#6725=CARTESIAN_POINT('',(0.0277887988076619,-0.0295561806952089,-0.13355965271502));
#6726=CARTESIAN_POINT('',(0.0277334469900487,-0.0297269199227493,-0.133157579753438));
#6727=CARTESIAN_POINT('',(0.0277312427660427,-0.0297337183830231,-0.132952919479453));
#6728=CARTESIAN_POINT('',(0.0144296005858667,-0.00575863456468935,-0.133661905283445));
#6729=CARTESIAN_POINT('',(0.0144282648770197,-0.00565021902567688,-0.133661803497499));
#6730=CARTESIAN_POINT('',(0.0144177641942401,-0.00546908206057635,-0.133648470230958));
#6731=CARTESIAN_POINT('',(0.0143946371634567,-0.00529681734451538,-0.133616691490232));
#6732=CARTESIAN_POINT('',(0.0143832999536993,-0.00522794233129709,-0.133601012997377));
#6733=CARTESIAN_POINT('',(0.013984358946768,-0.0057640054746508,-0.133645797309589));
#6734=CARTESIAN_POINT('',(0.0139831554644827,-0.00566643089144621,-0.133645696844425));
#6735=CARTESIAN_POINT('',(0.0139735430835443,-0.00550365121495453,-0.133632547332257));
#6736=CARTESIAN_POINT('',(0.0139523853114707,-0.00534929728848296,-0.133601159206695));
#6737=CARTESIAN_POINT('',(0.0139420210487757,-0.00528765832083845,-0.133585665996653));
#6738=CARTESIAN_POINT('',(0.0136708028558017,-0.00576802973483434,-0.133329262027929));
#6739=CARTESIAN_POINT('',(0.0136698752242732,-0.00569258667915658,-0.133329175225881));
#6740=CARTESIAN_POINT('',(0.0136627926207136,-0.00556595064931724,-0.133317926600089));
#6741=CARTESIAN_POINT('',(0.0136471131351433,-0.00544447872276474,-0.133290579276628));
#6742=CARTESIAN_POINT('',(0.0136394050380123,-0.00539574478698703,-0.133277002764276));
#6743=CARTESIAN_POINT('',(0.0136588766461238,-0.00576852623794227,-0.132883855495128));
#6744=CARTESIAN_POINT('',(0.0136582189829117,-0.00571451035116693,-0.132883787293368));
#6745=CARTESIAN_POINT('',(0.0136539365362068,-0.00562221504902661,-0.132875126441381));
#6746=CARTESIAN_POINT('',(0.0136442752270542,-0.00553077480768426,-0.132853280068392));
#6747=CARTESIAN_POINT('',(0.0136394669174158,-0.00549362056503395,-0.132842312854585));
#6748=CARTESIAN_POINT('',(0.0136397065904948,-0.0054938095861772,-0.132849133451657));
#6749=CARTESIAN_POINT('',(0.0136516949485671,-0.00558656528640154,-0.132876333979853));
#6750=CARTESIAN_POINT('',(0.0136579258068909,-0.00567782536491736,-0.132890073903062));
#6751=CARTESIAN_POINT('',(0.013659061093885,-0.00576688194385356,-0.132890353221285));
#6752=CARTESIAN_POINT('',(0.0136397045931253,-0.00549380976624603,-0.132849133717917));
#6753=CARTESIAN_POINT('',(0.0136397023926767,-0.00549381004093205,-0.13284913379824));
#6754=CARTESIAN_POINT('',(0.0136411883567794,-0.00545409239504148,-0.133025666202658));
#6755=CARTESIAN_POINT('',(0.0137901086162018,-0.00534401758977851,-0.133432914388978));
#6756=CARTESIAN_POINT('',(0.0141982264112498,-0.00525624977248175,-0.13359377398223));
#6757=CARTESIAN_POINT('',(0.0143773531915534,-0.00523181997048045,-0.133601445203867));
#6758=CARTESIAN_POINT('',(0.0143773535058123,-0.00523182090631045,-0.133601440847286));
#6759=CARTESIAN_POINT('',(0.0143773531915534,-0.00523181997048045,-0.133601445203867));
#6760=CARTESIAN_POINT('',(0.0143665160180369,-0.00540970318783112,-0.133638881559851));
#6761=CARTESIAN_POINT('',(0.014347000635666,-0.0055869579831472,-0.133655038231011));
#6762=CARTESIAN_POINT('',(0.0143209261946497,-0.00575677556293663,-0.133650506818465));
#6763=CARTESIAN_POINT('',(0.028128730434749,-0.02953290909908,-0.127425));
#6764=CARTESIAN_POINT('',(0.0299164665686444,-0.0323188097434117,-0.130218296165323));
#6765=CARTESIAN_POINT('',(0.0297772086676399,-0.0320311174392044,-0.131043168349959));
#6766=CARTESIAN_POINT('',(0.0294966800455081,-0.0315158561765187,-0.131756761073421));
#6767=CARTESIAN_POINT('',(0.029132835604251,-0.0308777382114463,-0.132237262819313));
#6768=CARTESIAN_POINT('',(0.0299164645831238,-0.0323188109355767,-0.130218296248183));
#6769=CARTESIAN_POINT('',(0.0291328326523123,-0.0308777399852267,-0.132237262939676));
#6770=CARTESIAN_POINT('',(0.0299164665686968,-0.0323188097434987,-0.130218296165326));
#6771=CARTESIAN_POINT('',(0.029900512882181,-0.0323553889985815,-0.129287197337902));
#6772=CARTESIAN_POINT('',(0.0298845591956651,-0.0323919682536642,-0.128356098510477));
#6773=CARTESIAN_POINT('',(0.0298686055091492,-0.032428547508747,-0.127424999683053));
#6774=CARTESIAN_POINT('',(0.0298686108854353,-0.032428544278967,-0.127424999464049));
#6775=CARTESIAN_POINT('',(0.0298686055145918,-0.0324285474963154,-0.127424999999998));
#6776=CARTESIAN_POINT('',(0.0295753336468789,-0.0319404611441303,-0.127424999999998));
#6777=CARTESIAN_POINT('',(0.029282061779166,-0.0314523747919451,-0.127424999999998));
#6778=CARTESIAN_POINT('',(0.0289887899114532,-0.03096428843976,-0.127424999999998));
#6779=CARTESIAN_POINT('',(0.0289887887807804,-0.0309642865601696,-0.127424999968083));
#6780=CARTESIAN_POINT('',(0.0289887884993358,-0.0309642860895368,-0.127424999999675));
#6781=CARTESIAN_POINT('',(0.02903680400105,-0.0309354364640784,-0.129029087606265));
#6782=CARTESIAN_POINT('',(0.0290848195326162,-0.0309065868882969,-0.130633175212856));
#6783=CARTESIAN_POINT('',(0.0291328350940289,-0.0308777373621955,-0.132237262819444));
#6784=CARTESIAN_POINT('',(0.026931586353615,-0.03220037643081,-0.132986702324445));
#6785=CARTESIAN_POINT('',(0.026931586353615,-0.03220037643081,-0.1274249998404));
#6786=CARTESIAN_POINT('',(0.0247303390575379,-0.0335230177917479,-0.132237261176976));
#6787=CARTESIAN_POINT('',(0.0244212644612305,-0.0330418716554426,-0.132727523416948));
#6788=CARTESIAN_POINT('',(0.0242579036383078,-0.0324282412425035,-0.132952861729145));
#6789=CARTESIAN_POINT('',(0.0243782408657249,-0.0317484039514525,-0.13295291947947));
#6790=CARTESIAN_POINT('',(0.0277312427660411,-0.0297337183830279,-0.132952919479454));
#6791=CARTESIAN_POINT('',(0.0277552868967034,-0.0297415080993578,-0.132953057267005));
#6792=CARTESIAN_POINT('',(0.0278095846262095,-0.0297603691966419,-0.132951883926496));
#6793=CARTESIAN_POINT('',(0.0278702376185434,-0.0297822615739066,-0.13294958804654));
#6794=CARTESIAN_POINT('',(0.0280272100497821,-0.0298487021118364,-0.13293532366446));
#6795=CARTESIAN_POINT('',(0.0282010270659544,-0.0299384269715162,-0.132904384494329));
#6796=CARTESIAN_POINT('',(0.0283563853096982,-0.030033880493596,-0.132862190317134));
#6797=CARTESIAN_POINT('',(0.0286123819187207,-0.030223091821164,-0.132760620573498));
#6798=CARTESIAN_POINT('',(0.0288888971141615,-0.0304990285240415,-0.132577698568981));
#6799=CARTESIAN_POINT('',(0.0290596115383686,-0.0307473085007662,-0.132363570518021));
#6800=CARTESIAN_POINT('',(0.0291328351134331,-0.0308777373506445,-0.132237263467561));
#6801=CARTESIAN_POINT('',(0.013387402124958,-0.00529045945445998,-0.133725));
#6802=CARTESIAN_POINT('',(0.0133874021249601,-0.00529045945445872,-0.118625));
#6803=CARTESIAN_POINT('',(0.0133874021249596,-0.00529045945445928,-0.127425));
#6804=CARTESIAN_POINT('',(0.00953014927179678,-0.00760813079155922,-0.127425));
#6805=CARTESIAN_POINT('',(0.00953014927179703,-0.00760813079155907,-0.127424999999598));
#6806=CARTESIAN_POINT('',(0.00953014927179729,-0.00760813079155891,-0.118625));
#6807=CARTESIAN_POINT('',(0.0119515851761,-0.00290085876605999,-0.118625));
#6808=CARTESIAN_POINT('',(0.0122181691222084,-0.00334452895791185,-0.126325000002729));
#6809=CARTESIAN_POINT('',(0.0122214953959667,-0.00335006294434958,-0.126691666668486));
#6810=CARTESIAN_POINT('',(0.0122248208148323,-0.00335559737074436,-0.127058333334243));
#6811=CARTESIAN_POINT('',(0.0122281453787109,-0.00336113223690206,-0.127425));
#6812=CARTESIAN_POINT('',(0.0122281453787107,-0.00336113223690149,-0.127425));
#6813=CARTESIAN_POINT('',(0.0133874021249594,-0.00529045945445956,-0.127425));
#6814=CARTESIAN_POINT('',(0.019,-0.019,-0.121425));
#6815=CARTESIAN_POINT('',(0.019,-0.019,-0.127424999513042));
#6816=CARTESIAN_POINT('',(0.00446718148651205,-0.0281,-0.121425));
#6817=CARTESIAN_POINT('',(0.00449466308608202,-0.0281,-0.122758333333333));
#6818=CARTESIAN_POINT('',(0.004522144685652,-0.0281,-0.124091666666667));
#6819=CARTESIAN_POINT('',(0.00454962628522197,-0.0281,-0.125425));
#6820=CARTESIAN_POINT('',(0.00454962628522235,-0.0099,-0.125425));
#6821=CARTESIAN_POINT('',(0.00452214468565225,-0.0099,-0.124091666666667));
#6822=CARTESIAN_POINT('',(0.00449466308608215,-0.0099,-0.122758333333333));
#6823=CARTESIAN_POINT('',(0.00446718148651206,-0.0099,-0.121425));
#6824=CARTESIAN_POINT('',(0.00837083986195876,-0.00567871592706896,-0.127424999999196));
#6825=CARTESIAN_POINT('',(0.0083648112496944,-0.00566868263137034,-0.126758333332798));
#6826=CARTESIAN_POINT('',(0.00835878263743004,-0.00565864933567172,-0.126091666666399));
#6827=CARTESIAN_POINT('',(0.00835275402516568,-0.00564861603997311,-0.125425));
#6828=CARTESIAN_POINT('',(0.00837101841799493,-0.00567863827512374,-0.127424999701466));
#6829=CARTESIAN_POINT('',(0.019,-0.019,-0.127425));
#6830=CARTESIAN_POINT('',(0.00913978721980501,-0.00695845923773999,-0.118625));
#6831=CARTESIAN_POINT('',(0.00953014927179729,-0.00760813079155892,-0.127424999999196));
#6832=CARTESIAN_POINT('',(0.00914371280185111,-0.0069649925033956,-0.127424999999196));
#6833=CARTESIAN_POINT('',(0.00875727633190493,-0.00632185421523228,-0.127424999999196));
#6834=CARTESIAN_POINT('',(0.00837083986195876,-0.00567871592706896,-0.127424999999196));
#6835=CARTESIAN_POINT('',(0.00370771527265001,-0.0099,-0.127425));
#6836=CARTESIAN_POINT('',(0.00370771527265001,-0.00990000000000065,-0.127425));
#6837=CARTESIAN_POINT('',(0.00370771527265001,-0.00990000000000015,-0.127425));
#6838=CARTESIAN_POINT('',(0.019,-0.0099,-0.127425));
#6839=CARTESIAN_POINT('',(0.00970771527264589,-0.0099,-0.127425));
#6840=CARTESIAN_POINT('',(0.00970771527264601,-0.0099,-0.127425));
#6841=CARTESIAN_POINT('',(0.00370771527265001,-0.0281,-0.127425));
#6842=CARTESIAN_POINT('',(0.00370771527265001,-0.0281,-0.127425));
#6843=CARTESIAN_POINT('',(0.00370771527265001,-0.0281,-0.127425));
#6844=CARTESIAN_POINT('',(0.00370771527265001,-0.019,-0.127425));
#6845=CARTESIAN_POINT('',(0.00970771527264601,-0.0281,-0.127425));
#6846=CARTESIAN_POINT('',(0.00970771527264601,-0.0281,-0.127425));
#6847=CARTESIAN_POINT('',(0.00970771527264601,-0.0281,-0.127425));
#6848=CARTESIAN_POINT('',(0.019,-0.0281,-0.127425));
#6849=CARTESIAN_POINT('',(0.00970771527264601,-0.0099,-0.127425));
#6850=CARTESIAN_POINT('',(0.00970771527264601,-0.019,-0.127425));
#6851=CARTESIAN_POINT('',(0.011068413646385,-0.00579962356918998,-0.132925848786158));
#6852=CARTESIAN_POINT('',(0.011068413646385,-0.00579962356918998,-0.127425000229948));
#6853=CARTESIAN_POINT('',(0.0134684169407613,-0.00579962356662935,-0.127425000049827));
#6854=CARTESIAN_POINT('',(0.011068413646385,-0.00579962356918998,-0.1274249998404));
#6855=CARTESIAN_POINT('',(0.0131256151596,-0.00456353219447625,-0.127424999781064));
#6856=CARTESIAN_POINT('',(0.0131256151680644,-0.00456353218939037,-0.127425));
#6857=CARTESIAN_POINT('',(0.0132696582888627,-0.00447698232626957,-0.132237264931592));
#6858=CARTESIAN_POINT('',(0.013269660383667,-0.0044769810267079,-0.132237264886872));
#6859=CARTESIAN_POINT('',(0.0134683931742652,-0.00478660352408908,-0.132548823504353));
#6860=CARTESIAN_POINT('',(0.0135949105239671,-0.00514642009234716,-0.132750186167235));
#6861=CARTESIAN_POINT('',(0.0136397065904866,-0.00549380958611309,-0.132849133451641));
#6862=CARTESIAN_POINT('',(0.010132317818306,0.00812712224080002,-0.127425));
#6863=CARTESIAN_POINT('',(0.0101323178170245,-0.0345670062902254,-0.127424999963303));
#6864=CARTESIAN_POINT('',(0.0101323178170245,-0.0261108170396472,-0.127424999963303));
#6865=CARTESIAN_POINT('',(0.0101323178170245,-0.017654627789069,-0.127424999963303));
#6866=CARTESIAN_POINT('',(0.0101323178170245,-0.00919843853849079,-0.127424999963303));
#6867=CARTESIAN_POINT('',(0.0101323178362616,-0.0345670062897642,-0.127425000114867));
#6868=CARTESIAN_POINT('',(0.0101838083833115,-0.0345636896086491,-0.128899496861178));
#6869=CARTESIAN_POINT('',(0.0101829960585988,-0.0345640392988342,-0.128876234924958));
#6870=CARTESIAN_POINT('',(0.0101821837338862,-0.0345643889890193,-0.128852972988738));
#6871=CARTESIAN_POINT('',(0.0101813714091735,-0.0345647386792045,-0.128829711052518));
#6872=CARTESIAN_POINT('',(0.0101811677652302,-0.0345647389677979,-0.128829718167769));
#6873=CARTESIAN_POINT('',(0.0101643536996636,-0.0345654496954039,-0.128342387612696));
#6874=CARTESIAN_POINT('',(0.0101643536997305,-0.0345654496954009,-0.128342387614615));
#6875=CARTESIAN_POINT('',(0.0101323178235056,-0.0345670062899105,-0.127425000148895));
#6876=CARTESIAN_POINT('',(0.026,-0.019,-0.025825));
#6877=CARTESIAN_POINT('',(0.026,-0.019,-0.032525));
#6878=CARTESIAN_POINT('',(0.026,-0.025,-0.032525));
#6879=CARTESIAN_POINT('',(0.026,-0.013,-0.032525));
#6880=CARTESIAN_POINT('',(0.026,-0.019,-0.032525));
#6881=CARTESIAN_POINT('',(0.019,-0.0345,-0.036025));
#6882=CARTESIAN_POINT('',(0.019,-0.0345,-0.032525));
#6883=CARTESIAN_POINT('',(0.019,-0.03575,-0.032525));
#6884=CARTESIAN_POINT('',(0.019,-0.03325,-0.032525));
#6885=CARTESIAN_POINT('',(0.019,-0.0345,-0.032525));
#6886=CARTESIAN_POINT('',(0.0324233937586588,-0.02675,-0.036025));
#6887=CARTESIAN_POINT('',(0.0324233937586588,-0.02675,-0.032525));
#6888=CARTESIAN_POINT('',(0.0324233937586588,-0.028,-0.032525));
#6889=CARTESIAN_POINT('',(0.0324233937586588,-0.0255,-0.032525));
#6890=CARTESIAN_POINT('',(0.0324233937586588,-0.02675,-0.032525));
#6891=CARTESIAN_POINT('',(0.0324233937586588,-0.01125,-0.036025));
#6892=CARTESIAN_POINT('',(0.0324233937586588,-0.01125,-0.032525));
#6893=CARTESIAN_POINT('',(0.0324233937586588,-0.0125,-0.032525));
#6894=CARTESIAN_POINT('',(0.0324233937586588,-0.01,-0.032525));
#6895=CARTESIAN_POINT('',(0.0324233937586588,-0.01125,-0.032525));
#6896=CARTESIAN_POINT('',(0.019,-0.0035,-0.036025));
#6897=CARTESIAN_POINT('',(0.019,-0.0035,-0.032525));
#6898=CARTESIAN_POINT('',(0.019,-0.00475,-0.032525));
#6899=CARTESIAN_POINT('',(0.019,-0.00225,-0.032525));
#6900=CARTESIAN_POINT('',(0.019,-0.0035,-0.032525));
#6901=CARTESIAN_POINT('',(0.00557660624134113,-0.01125,-0.036025));
#6902=CARTESIAN_POINT('',(0.00557660624134112,-0.01125,-0.032525));
#6903=CARTESIAN_POINT('',(0.00557660624134113,-0.0125,-0.032525));
#6904=CARTESIAN_POINT('',(0.00557660624134113,-0.01,-0.032525));
#6905=CARTESIAN_POINT('',(0.00557660624134112,-0.01125,-0.032525));
#6906=CARTESIAN_POINT('',(0.00557660624134129,-0.02675,-0.036025));
#6907=CARTESIAN_POINT('',(0.00557660624134128,-0.02675,-0.032525));
#6908=CARTESIAN_POINT('',(0.00557660624134129,-0.028,-0.032525));
#6909=CARTESIAN_POINT('',(0.00557660624134129,-0.0255,-0.032525));
#6910=CARTESIAN_POINT('',(0.00557660624134128,-0.02675,-0.032525));
#6911=CARTESIAN_POINT('',(0.019,-0.019,-0.032525));
#6912=CARTESIAN_POINT('',(0.0268143034054341,-0.0103381924540025,-0.033225));
#6913=CARTESIAN_POINT('',(0.0277305690569894,-0.0107093473827898,-0.032941235135338));
#6914=CARTESIAN_POINT('',(0.0284910160126537,-0.0111718098854713,-0.0327079018020046));
#6915=CARTESIAN_POINT('',(0.0290892857142857,-0.0116205478675236,-0.032525));
#6916=CARTESIAN_POINT('',(0.0290892857142857,-0.0116205478675236,-0.032525));
#6917=CARTESIAN_POINT('',(0.019,-0.019,-0.032525));
#6918=CARTESIAN_POINT('',(0.0065,-0.019,-0.032525));
#6919=CARTESIAN_POINT('',(0.019,-0.019,-0.032525));
#6920=CARTESIAN_POINT('',(0.0290892857142857,-0.0263794521324764,-0.032525));
#6921=CARTESIAN_POINT('',(0.0290892857142857,-0.0263794521324764,-0.032525));
#6922=CARTESIAN_POINT('',(0.0284910160126537,-0.0268281901145286,-0.0327079018020046));
#6923=CARTESIAN_POINT('',(0.0277305690569896,-0.0272906526172101,-0.0329412351353379));
#6924=CARTESIAN_POINT('',(0.0268143034054342,-0.0276618075459974,-0.033225));
#6925=CARTESIAN_POINT('',(0.026,-0.019,-0.033225));
#6926=CARTESIAN_POINT('',(0.026,-0.019,-0.032525));
#6927=CARTESIAN_POINT('',(0.026,-0.027,-0.032525));
#6928=CARTESIAN_POINT('',(0.026,-0.019,-0.032525));
#6929=CARTESIAN_POINT('',(0.026,-0.011,-0.032525));
#6930=CARTESIAN_POINT('',(0.026,-0.019,-0.032525));
#6931=CARTESIAN_POINT('',(0.0111816991031628,-0.0345638864740936,-0.128808497745651));
#6932=CARTESIAN_POINT('',(0.0107343596899229,-0.0354573521440424,-0.128899509500465));
#6933=CARTESIAN_POINT('',(0.0107335441806972,-0.0354575556560563,-0.128870427088385));
#6934=CARTESIAN_POINT('',(0.0107327288230051,-0.035457758867487,-0.128841344669953));
#6935=CARTESIAN_POINT('',(0.0107319136164199,-0.0354579617781194,-0.128812262245186));
#6936=CARTESIAN_POINT('',(0.0107319171682071,-0.0354579547022909,-0.128812262099845));
#6937=CARTESIAN_POINT('',(0.0107346557432938,-0.0354567648785572,-0.128899497030189));
#6938=CARTESIAN_POINT('',(0.0107319136165162,-0.0354579617780674,-0.128812262249949));
#6939=CARTESIAN_POINT('',(0.0103340302742186,-0.0352577999996766,-0.128825749187756));
#6940=CARTESIAN_POINT('',(0.0101812384913945,-0.0348557316308914,-0.128830291815493));
#6941=CARTESIAN_POINT('',(0.0101809641354596,-0.0345647390566475,-0.128829726592763));
#6942=CARTESIAN_POINT('',(0.0101839360649442,-0.0345636896225333,-0.128899492248879));
#6943=CARTESIAN_POINT('',(0.0101839424703397,-0.0345727982345226,-0.128899688246823));
#6944=CARTESIAN_POINT('',(0.0101853322769951,-0.0346323243996823,-0.128900911700297));
#6945=CARTESIAN_POINT('',(0.0101930995097611,-0.0347053143811208,-0.128902159317863));
#6946=CARTESIAN_POINT('',(0.0102185577991279,-0.0348451929582086,-0.128904129840296));
#6947=CARTESIAN_POINT('',(0.0102815962403667,-0.0350085008642059,-0.128905177270547));
#6948=CARTESIAN_POINT('',(0.0103788319709684,-0.0351648089386697,-0.128904965819955));
#6949=CARTESIAN_POINT('',(0.0105148864654144,-0.035317310430355,-0.128903514292677));
#6950=CARTESIAN_POINT('',(0.0106637077967572,-0.0354224839369149,-0.128900993875629));
#6951=CARTESIAN_POINT('',(0.0107226474929172,-0.0354514416886363,-0.128899791440247));
#6952=CARTESIAN_POINT('',(0.0107343596823251,-0.0354573521402158,-0.12889950950029));
#6953=CARTESIAN_POINT('',(0.0152182196905321,-0.0318322064964561,-0.133724853354519));
#6954=CARTESIAN_POINT('',(0.015204141949775,-0.0318406262039827,-0.13372495008062));
#6955=CARTESIAN_POINT('',(0.0148836448144611,-0.0320321245308071,-0.133725821731679));
#6956=CARTESIAN_POINT('',(0.014263188839215,-0.0323946720919395,-0.133668767492205));
#6957=CARTESIAN_POINT('',(0.0133822359543022,-0.032889837231152,-0.133419820664017));
#6958=CARTESIAN_POINT('',(0.0125736263123495,-0.0333292325855318,-0.13302227080569));
#6959=CARTESIAN_POINT('',(0.0118633816760693,-0.0337043775731661,-0.132499618553319));
#6960=CARTESIAN_POINT('',(0.0112667264623704,-0.0340123068398674,-0.13187501943082));
#6961=CARTESIAN_POINT('',(0.0107939421467601,-0.0342519179139302,-0.131172287048247));
#6962=CARTESIAN_POINT('',(0.010451663019188,-0.0344230788362945,-0.130415967995417));
#6963=CARTESIAN_POINT('',(0.0102474200030472,-0.0345243147993971,-0.129651972187902));
#6964=CARTESIAN_POINT('',(0.0101922827583051,-0.0345515338793232,-0.129140543477396));
#6965=CARTESIAN_POINT('',(0.0101838411377212,-0.0345557008461149,-0.128899324386742));
#6966=CARTESIAN_POINT('',(0.0154540285616413,-0.0321476018640487,-0.133726006798435));
#6967=CARTESIAN_POINT('',(0.0154398520313539,-0.0321560913453531,-0.133726768363292));
#6968=CARTESIAN_POINT('',(0.015117006481628,-0.0323492078614728,-0.133742757166419));
#6969=CARTESIAN_POINT('',(0.0144875975320965,-0.0327161146644931,-0.133714108243968));
#6970=CARTESIAN_POINT('',(0.0135821614714013,-0.0332203092487477,-0.133500609780634));
#6971=CARTESIAN_POINT('',(0.0127404635326302,-0.0336706692094962,-0.133128399154615));
#6972=CARTESIAN_POINT('',(0.0119920484469888,-0.0340578262473468,-0.132618652389049));
#6973=CARTESIAN_POINT('',(0.0113559553173679,-0.034377885301287,-0.131993436091149));
#6974=CARTESIAN_POINT('',(0.0108465242470403,-0.0346286799354295,-0.131276729823714));
#6975=CARTESIAN_POINT('',(0.0104743675820179,-0.0348089564650866,-0.130494689298891));
#6976=CARTESIAN_POINT('',(0.0102508144109845,-0.0349160988845798,-0.129697299011308));
#6977=CARTESIAN_POINT('',(0.0101902640662706,-0.0349449755382599,-0.129160975572991));
#6978=CARTESIAN_POINT('',(0.0101809941924529,-0.0349493967823296,-0.128907903437358));
#6979=CARTESIAN_POINT('',(0.0156531526136638,-0.0324162925431111,-0.133518007183452));
#6980=CARTESIAN_POINT('',(0.0156394804207519,-0.0324248414658812,-0.13351933052919));
#6981=CARTESIAN_POINT('',(0.0153280321807828,-0.0326193365449751,-0.133548148641962));
#6982=CARTESIAN_POINT('',(0.0147169371274497,-0.0329899570603329,-0.133546059333343));
#6983=CARTESIAN_POINT('',(0.0138274858014718,-0.0335018439824226,-0.133373135231747));
#6984=CARTESIAN_POINT('',(0.0129914252786444,-0.0339615448778701,-0.133039106628465));
#6985=CARTESIAN_POINT('',(0.0122402109360073,-0.034358935185637,-0.13256218887278));
#6986=CARTESIAN_POINT('',(0.0115954920959138,-0.034689327811683,-0.131962553985852));
#6987=CARTESIAN_POINT('',(0.0110746332949266,-0.0349496499109081,-0.13126332741885));
#6988=CARTESIAN_POINT('',(0.0106913551834323,-0.0351376921814849,-0.130491008372756));
#6989=CARTESIAN_POINT('',(0.0104599045779689,-0.0352498664116514,-0.129697130172089));
#6990=CARTESIAN_POINT('',(0.0103970519085475,-0.0352801551806224,-0.129160996029581));
#6991=CARTESIAN_POINT('',(0.0103874299723905,-0.0352847930478197,-0.128907918482836));
#6992=CARTESIAN_POINT('',(0.0157548469007962,-0.032556312891126,-0.133164187103588));
#6993=CARTESIAN_POINT('',(0.015742128655932,-0.032564892790091,-0.133165797795209));
#6994=CARTESIAN_POINT('',(0.0154523542568038,-0.0327601062672647,-0.133201243692247));
#6995=CARTESIAN_POINT('',(0.0148812679681836,-0.033132662076007,-0.133215767473732));
#6996=CARTESIAN_POINT('',(0.0140434140112929,-0.0336485576366748,-0.133076172189958));
#6997=CARTESIAN_POINT('',(0.0132500161343033,-0.0341131262890955,-0.132781530194303));
#6998=CARTESIAN_POINT('',(0.0125322445634347,-0.0345158493684407,-0.132347362714231));
#6999=CARTESIAN_POINT('',(0.0119123577476107,-0.0348516270356256,-0.131791718919858));
#7000=CARTESIAN_POINT('',(0.0114087875949518,-0.0351169140967239,-0.131136110071678));
#7001=CARTESIAN_POINT('',(0.0110365449426626,-0.0353090032577633,-0.130406007858302));
#7002=CARTESIAN_POINT('',(0.0108110236470738,-0.0354237996700029,-0.129651495111848));
#7003=CARTESIAN_POINT('',(0.0107496830793378,-0.0354548243218666,-0.129140588715953));
#7004=CARTESIAN_POINT('',(0.0107402928715138,-0.0354595750759163,-0.128899360784173));
#7005=CARTESIAN_POINT('',(0.0143443349256402,-0.0326122380660617,-0.133630489665487));
#7006=CARTESIAN_POINT('',(0.014619569885559,-0.0323728210442814,-0.133692739447259));
#7007=CARTESIAN_POINT('',(0.0149000428893179,-0.0321220759136469,-0.133724999999999));
#7008=CARTESIAN_POINT('',(0.0151807625401395,-0.0318638432874402,-0.133724999999999));
#7009=CARTESIAN_POINT('',(0.0143443349921233,-0.0326122378719393,-0.133630488624798));
#7010=CARTESIAN_POINT('',(0.0134470908196216,-0.0333712971991187,-0.133312814961018));
#7011=CARTESIAN_POINT('',(0.0137324033887942,-0.0331361739613351,-0.133452407480053));
#7012=CARTESIAN_POINT('',(0.0140339784425953,-0.0328822060416568,-0.133560296462697));
#7013=CARTESIAN_POINT('',(0.0143443349256402,-0.0326122380660617,-0.133630489665487));
#7014=CARTESIAN_POINT('',(0.0134470905970535,-0.0333712977751481,-0.133312816386153));
#7015=CARTESIAN_POINT('',(0.0110850022802407,-0.0352024204850362,-0.130652551361316));
#7016=CARTESIAN_POINT('',(0.0111913181586722,-0.0351246333311302,-0.130931530374655));
#7017=CARTESIAN_POINT('',(0.0113831993595422,-0.0349834814176166,-0.131331371446594));
#7018=CARTESIAN_POINT('',(0.0117061084571854,-0.034741818526206,-0.131825432611738));
#7019=CARTESIAN_POINT('',(0.011958989254948,-0.0345505989917643,-0.132152172300587));
#7020=CARTESIAN_POINT('',(0.0123016644617284,-0.0342876279745212,-0.132518449886736));
#7021=CARTESIAN_POINT('',(0.0127762579670184,-0.0339164057746258,-0.132928563368662));
#7022=CARTESIAN_POINT('',(0.0131731374661671,-0.0335970594206908,-0.133178780071441));
#7023=CARTESIAN_POINT('',(0.0134470908196215,-0.0333712971991188,-0.133312814961018));
#7024=CARTESIAN_POINT('',(0.0110850061265992,-0.0352024126120656,-0.130652547700668));
#7025=CARTESIAN_POINT('',(0.0107346541008202,-0.0354567681545131,-0.128899497276582));
#7026=CARTESIAN_POINT('',(0.0107539487490518,-0.0354429170381888,-0.129501932332406));
#7027=CARTESIAN_POINT('',(0.0108740070005914,-0.0353567974458961,-0.130098887547267));
#7028=CARTESIAN_POINT('',(0.0110850022802407,-0.0352024204850362,-0.130652551361316));
#7029=CARTESIAN_POINT('',(0.0234856123009774,-0.0315903967550826,-0.133717805059972));
#7030=CARTESIAN_POINT('',(0.0234609723688838,-0.0317296597844627,-0.133717793683886));
#7031=CARTESIAN_POINT('',(0.02342111717144,-0.0320749829020535,-0.133707001597276));
#7032=CARTESIAN_POINT('',(0.0234414847718255,-0.0326545560689115,-0.133636333695885));
#7033=CARTESIAN_POINT('',(0.0235886867630269,-0.0333094680626328,-0.133466811425756));
#7034=CARTESIAN_POINT('',(0.0238519691720498,-0.0339012620008618,-0.13320322858469));
#7035=CARTESIAN_POINT('',(0.0240782793346746,-0.0342321945459316,-0.132977500391287));
#7036=CARTESIAN_POINT('',(0.0241912635284624,-0.0343731977936581,-0.13286254582876));
#7037=CARTESIAN_POINT('',(0.0239842079550135,-0.0316786548485022,-0.133786141487297));
#7038=CARTESIAN_POINT('',(0.0239625120849713,-0.0318012816472196,-0.133786129866121));
#7039=CARTESIAN_POINT('',(0.023927728544499,-0.0321062310328766,-0.133775252961909));
#7040=CARTESIAN_POINT('',(0.0239485106168715,-0.0326203273942505,-0.133703902127861));
#7041=CARTESIAN_POINT('',(0.0240856663510363,-0.0332013655741949,-0.133532604391524));
#7042=CARTESIAN_POINT('',(0.0243285365169679,-0.0337233332560069,-0.13326633409836));
#7043=CARTESIAN_POINT('',(0.0245358253445549,-0.0340121257479619,-0.133038506372271));
#7044=CARTESIAN_POINT('',(0.0246389883192345,-0.0341344508230076,-0.132922534021595));
#7045=CARTESIAN_POINT('',(0.0243666711271407,-0.0317463547217617,-0.133454373961465));
#7046=CARTESIAN_POINT('',(0.024348671963202,-0.0318480838122158,-0.133454364011165));
#7047=CARTESIAN_POINT('',(0.0243194972246949,-0.0320998735485663,-0.133444065342255));
#7048=CARTESIAN_POINT('',(0.024333519819843,-0.0325211485473399,-0.133377370331487));
#7049=CARTESIAN_POINT('',(0.0244385287078941,-0.0329966780754479,-0.133218176653792));
#7050=CARTESIAN_POINT('',(0.0246270976326127,-0.0334271401256369,-0.132970227789413));
#7051=CARTESIAN_POINT('',(0.0247897315488995,-0.0336686862708656,-0.132756713411894));
#7052=CARTESIAN_POINT('',(0.0248710423949612,-0.0337717700381906,-0.132647679727483));
#7053=CARTESIAN_POINT('',(0.0243785062909214,-0.031748448078814,-0.132943824251806));
#7054=CARTESIAN_POINT('',(0.0243624945495162,-0.0318389354200704,-0.132943816773823));
#7055=CARTESIAN_POINT('',(0.0243357310910806,-0.032060184978759,-0.132934373691256));
#7056=CARTESIAN_POINT('',(0.0243403284071899,-0.0324231205499577,-0.132874567673386));
#7057=CARTESIAN_POINT('',(0.0244125163600808,-0.0328317844529463,-0.132733283776392));
#7058=CARTESIAN_POINT('',(0.0245490840347843,-0.0332100057077669,-0.13251244422977));
#7059=CARTESIAN_POINT('',(0.0246711871711937,-0.0334306592309027,-0.132320108610696));
#7060=CARTESIAN_POINT('',(0.0247331765051602,-0.0335267491083593,-0.132221341729752));
#7061=CARTESIAN_POINT('',(0.0241879181590828,-0.0343578147274652,-0.132872776932873));
#7062=CARTESIAN_POINT('',(0.0243818221974631,-0.0342537484143404,-0.132897357188106));
#7063=CARTESIAN_POINT('',(0.0247329710735009,-0.0339437869746382,-0.132784319208236));
#7064=CARTESIAN_POINT('',(0.0247870775074815,-0.0336301754391033,-0.13242254656908));
#7065=CARTESIAN_POINT('',(0.0247303393729265,-0.0335230183188306,-0.1322372606456));
#7066=CARTESIAN_POINT('',(0.0241879739130246,-0.0343579775482756,-0.132873026393836));
#7067=CARTESIAN_POINT('',(0.023590968892365,-0.0316090464621967,-0.133724999999999));
#7068=CARTESIAN_POINT('',(0.0235655142601708,-0.0318552451521264,-0.133724999984805));
#7069=CARTESIAN_POINT('',(0.0235585707719162,-0.0322389159800578,-0.133700513925565));
#7070=CARTESIAN_POINT('',(0.0236091562479087,-0.0327188344676628,-0.133618234546444));
#7071=CARTESIAN_POINT('',(0.023686601248893,-0.0331219067523913,-0.133511958000006));
#7072=CARTESIAN_POINT('',(0.0237700488016242,-0.0334210185026918,-0.133405067337893));
#7073=CARTESIAN_POINT('',(0.0239222884910344,-0.0338556500590938,-0.133212193108627));
#7074=CARTESIAN_POINT('',(0.0240694811676629,-0.0341568528149157,-0.133026801641444));
#7075=CARTESIAN_POINT('',(0.024187975353331,-0.0343579816950608,-0.132873032927715));
#7076=CARTESIAN_POINT('',(0.0229586998638526,-0.0318859860820882,-0.128656880479102));
#7077=CARTESIAN_POINT('',(0.0256348308659739,-0.0348914541651688,-0.130218291247454));
#7078=CARTESIAN_POINT('',(0.0257436990719085,-0.0350781370794038,-0.130301853475318));
#7079=CARTESIAN_POINT('',(0.0257762428270277,-0.035559773392688,-0.130460399125562));
#7080=CARTESIAN_POINT('',(0.0254203455367465,-0.0359210585966716,-0.130491696632616));
#7081=CARTESIAN_POINT('',(0.0252066293663518,-0.0360077914191389,-0.130469599606754));
#7082=CARTESIAN_POINT('',(0.0252065375104112,-0.0360075392337052,-0.130469498144934));
#7083=CARTESIAN_POINT('',(0.0252066300672153,-0.0360077915114812,-0.130469598733197));
#7084=CARTESIAN_POINT('',(0.0249898493167744,-0.0356887948258237,-0.131469030002785));
#7085=CARTESIAN_POINT('',(0.0246270848170004,-0.0351036109376634,-0.132304954962164));
#7086=CARTESIAN_POINT('',(0.0241879200445459,-0.0343578176418571,-0.132872774677703));
#7087=CARTESIAN_POINT('',(0.0252046697558665,-0.0360048335014946,-0.130478028890265));
#7088=CARTESIAN_POINT('',(0.0252155225110759,-0.0360204247244648,-0.130428958249316));
#7089=CARTESIAN_POINT('',(0.0252382199428514,-0.0360602763578646,-0.130302313813925));
#7090=CARTESIAN_POINT('',(0.025259618165573,-0.0361263714046847,-0.130079282649665));
#7091=CARTESIAN_POINT('',(0.0252648014283304,-0.0361992083406614,-0.129801661810225));
#7092=CARTESIAN_POINT('',(0.0252510680809285,-0.0362665150930913,-0.129492416375344));
#7093=CARTESIAN_POINT('',(0.025219565114666,-0.0363211878650866,-0.129158759491545));
#7094=CARTESIAN_POINT('',(0.0251889807667521,-0.0363451036900844,-0.128925983165042));
#7095=CARTESIAN_POINT('',(0.0251716664232278,-0.0363533935550984,-0.128805247541785));
#7096=CARTESIAN_POINT('',(0.02517116206646,-0.036353631005417,-0.128801738913724));
#7097=CARTESIAN_POINT('',(0.025699790326351,-0.0358031098516919,-0.130530897103344));
#7098=CARTESIAN_POINT('',(0.0257140572348342,-0.0358234454814746,-0.130468103311833));
#7099=CARTESIAN_POINT('',(0.0257423037238053,-0.0358732074945696,-0.130311934606544));
#7100=CARTESIAN_POINT('',(0.0257666901591826,-0.0359496915796745,-0.130052768406573));
#7101=CARTESIAN_POINT('',(0.0257712832747498,-0.036028629893683,-0.129744831898303));
#7102=CARTESIAN_POINT('',(0.0257550049243006,-0.0360974805746204,-0.129413678568427));
#7103=CARTESIAN_POINT('',(0.0257204487825168,-0.0361500652973598,-0.129066636618774));
#7104=CARTESIAN_POINT('',(0.0256882362648231,-0.0361710282550192,-0.128830797954686));
#7105=CARTESIAN_POINT('',(0.0256703463314884,-0.0361776638936718,-0.128710065263321));
#7106=CARTESIAN_POINT('',(0.0256698254786049,-0.0361778531740749,-0.12870655805041));
#7107=CARTESIAN_POINT('',(0.0258847769320185,-0.0353115304909645,-0.130420367892055));
#7108=CARTESIAN_POINT('',(0.0259006154371961,-0.0353335198168405,-0.130352824403178));
#7109=CARTESIAN_POINT('',(0.0259309846464119,-0.035386188388317,-0.130188172896416));
#7110=CARTESIAN_POINT('',(0.0259553734542745,-0.0354639385377544,-0.129924228214351));
#7111=CARTESIAN_POINT('',(0.0259580183860224,-0.0355412035242864,-0.129619738005918));
#7112=CARTESIAN_POINT('',(0.0259392073150897,-0.0356062382358126,-0.129300022353482));
#7113=CARTESIAN_POINT('',(0.0259025657860115,-0.0356539645916549,-0.128971889013175));
#7114=CARTESIAN_POINT('',(0.0258697474245859,-0.035671810076677,-0.128753262537352));
#7115=CARTESIAN_POINT('',(0.0258518354328437,-0.0356770870428299,-0.128642476865364));
#7116=CARTESIAN_POINT('',(0.0258513141867401,-0.0356772370597789,-0.128639259569056));
#7117=CARTESIAN_POINT('',(0.0256289108192441,-0.0348822166783582,-0.130226033004395));
#7118=CARTESIAN_POINT('',(0.0256433644333694,-0.0349016017810305,-0.130166065282306));
#7119=CARTESIAN_POINT('',(0.0256709294639276,-0.0349481282920919,-0.130019937628764));
#7120=CARTESIAN_POINT('',(0.0256923458476589,-0.035017156743723,-0.129785848093509));
#7121=CARTESIAN_POINT('',(0.0256930809476281,-0.0350862012682954,-0.129515962194755));
#7122=CARTESIAN_POINT('',(0.0256735572187865,-0.035144806780362,-0.129232723438366));
#7123=CARTESIAN_POINT('',(0.0256372824923665,-0.0351883841265664,-0.128942157834006));
#7124=CARTESIAN_POINT('',(0.0256053086978541,-0.0352051734588903,-0.128748645684696));
#7125=CARTESIAN_POINT('',(0.0255879415629376,-0.0352103558534695,-0.128650608609803));
#7126=CARTESIAN_POINT('',(0.0255874362384947,-0.0352105035013225,-0.128647761561074));
#7127=CARTESIAN_POINT('',(0.0256676008459963,-0.0359241665226774,-0.129442050998435));
#7128=CARTESIAN_POINT('',(0.0257038406832492,-0.0358590954746695,-0.129507662312652));
#7129=CARTESIAN_POINT('',(0.0257322639429538,-0.0357904778751166,-0.129570549564858));
#7130=CARTESIAN_POINT('',(0.0257527074141583,-0.0357202975091541,-0.129630712351026));
#7131=CARTESIAN_POINT('',(0.0256676344394878,-0.0359241867464381,-0.129442052501608));
#7132=CARTESIAN_POINT('',(0.0257527349345203,-0.0357203065586532,-0.129630713558242));
#7133=CARTESIAN_POINT('',(0.0255380163777838,-0.0361045660831456,-0.129240216534181));
#7134=CARTESIAN_POINT('',(0.0255878114998007,-0.0360499184363399,-0.129307794884651));
#7135=CARTESIAN_POINT('',(0.0256314022091993,-0.0359892695304241,-0.129375088247545));
#7136=CARTESIAN_POINT('',(0.0256676008459963,-0.0359241665226774,-0.129442050998435));
#7137=CARTESIAN_POINT('',(0.0255380495495524,-0.0361045981927699,-0.129240218059005));
#7138=CARTESIAN_POINT('',(0.0251726378919318,-0.0363528046650805,-0.128812260133147));
#7139=CARTESIAN_POINT('',(0.0253224431773558,-0.0362965930764479,-0.128970012755273));
#7140=CARTESIAN_POINT('',(0.025445621668212,-0.0362060655617448,-0.129112698327567));
#7141=CARTESIAN_POINT('',(0.0255380163777838,-0.0361045660831456,-0.129240216534181));
#7142=CARTESIAN_POINT('',(0.0251726561504113,-0.0363528559913102,-0.12881226108577));
#7143=CARTESIAN_POINT('',(0.0252329622088495,-0.0362960288753848,-0.129307009487619));
#7144=CARTESIAN_POINT('',(0.025222622581452,-0.0363132166899809,-0.129198949503378));
#7145=CARTESIAN_POINT('',(0.0252044321490324,-0.0363375000379293,-0.129034138934118));
#7146=CARTESIAN_POINT('',(0.0251726744100151,-0.036352907317007,-0.12881226204567));
#7147=CARTESIAN_POINT('',(0.0252329591549109,-0.0362960279164245,-0.129307009627314));
#7148=CARTESIAN_POINT('',(0.0252065360078198,-0.0360075450813863,-0.130469499676232));
#7149=CARTESIAN_POINT('',(0.0252229551376036,-0.0360316519057073,-0.130393552517448));
#7150=CARTESIAN_POINT('',(0.0252494180632593,-0.0360827840240576,-0.130231839823879));
#7151=CARTESIAN_POINT('',(0.0252655361097023,-0.0361749648824035,-0.129899168241327));
#7152=CARTESIAN_POINT('',(0.0252593673243167,-0.0362332703373514,-0.129651732210604));
#7153=CARTESIAN_POINT('',(0.0252443059565421,-0.0362771676282282,-0.129425597699847));
#7154=CARTESIAN_POINT('',(0.0252329589936057,-0.0362960299739665,-0.129307009970005));
#7155=CARTESIAN_POINT('',(0.0257814961578563,-0.0352878489438749,-0.129960188555726));
#7156=CARTESIAN_POINT('',(0.0257591473850821,-0.0351381638606457,-0.13006312177188));
#7157=CARTESIAN_POINT('',(0.0257049593557044,-0.0350034821143099,-0.130148921104773));
#7158=CARTESIAN_POINT('',(0.0256348200886933,-0.0348914606367265,-0.130218290802604));
#7159=CARTESIAN_POINT('',(0.0257815129466192,-0.0352878469256329,-0.129960189265144));
#7160=CARTESIAN_POINT('',(0.0257922408352608,-0.0354073645289456,-0.129875827806885));
#7161=CARTESIAN_POINT('',(0.0257910351121128,-0.0353674312267178,-0.129904049261322));
#7162=CARTESIAN_POINT('',(0.0257874479089211,-0.035327498049709,-0.129932168956309));
#7163=CARTESIAN_POINT('',(0.0257814961578563,-0.0352878489438749,-0.129960188555726));
#7164=CARTESIAN_POINT('',(0.0257922557589395,-0.0354073653887665,-0.129875826937087));
#7165=CARTESIAN_POINT('',(0.0257527074141583,-0.0357202975091541,-0.129630712351026));
#7166=CARTESIAN_POINT('',(0.0257819275595829,-0.0356199877098991,-0.129716703878224));
#7167=CARTESIAN_POINT('',(0.0257955476918644,-0.0355139532073161,-0.129798421719102));
#7168=CARTESIAN_POINT('',(0.0257922408993814,-0.035407366652678,-0.129875826306012));
#7169=CARTESIAN_POINT('',(0.019,-0.019,-0.127425));
#7170=CARTESIAN_POINT('',(0.029868611161088,-0.0324285441165384,-0.127425));
#7171=CARTESIAN_POINT('',(0.0299891810510797,-0.0326292370569067,-0.127425));
#7172=CARTESIAN_POINT('',(0.0301792947161909,-0.0327845530855122,-0.127425));
#7173=CARTESIAN_POINT('',(0.0304063832378701,-0.0328610104939929,-0.127425));
#7174=CARTESIAN_POINT('',(0.030406385483234,-0.0328610038234101,-0.12742499928427));
#7175=CARTESIAN_POINT('',(0.0304063832378701,-0.0328610104939929,-0.127425));
#7176=CARTESIAN_POINT('',(0.0290436295228494,-0.0339824591177141,-0.127425));
#7177=CARTESIAN_POINT('',(0.027514183999847,-0.0349015799927208,-0.127425));
#7178=CARTESIAN_POINT('',(0.0258835635663378,-0.0355786319045024,-0.127425));
#7179=CARTESIAN_POINT('',(0.0258835578604002,-0.0355786309600122,-0.127424999505775));
#7180=CARTESIAN_POINT('',(0.0258835635663378,-0.0355786319045024,-0.127425));
#7181=CARTESIAN_POINT('',(0.0258924972730931,-0.0355245899190671,-0.127425));
#7182=CARTESIAN_POINT('',(0.0258969641619311,-0.035470204934632,-0.127425));
#7183=CARTESIAN_POINT('',(0.0258969642328518,-0.0354154769511971,-0.127425));
#7184=CARTESIAN_POINT('',(0.0258969640778913,-0.0354154794451381,-0.127424998356876));
#7185=CARTESIAN_POINT('',(0.0258969642328518,-0.0354154769511971,-0.127425));
#7186=CARTESIAN_POINT('',(0.025896963797505,-0.035230740384474,-0.127425));
#7187=CARTESIAN_POINT('',(0.0258493744975912,-0.0350591593850915,-0.127425));
#7188=CARTESIAN_POINT('',(0.0257541963331105,-0.0349007339530494,-0.127425));
#7189=CARTESIAN_POINT('',(-0.00339518551242999,-0.04529098505821,-0.133725));
#7190=CARTESIAN_POINT('',(0.0190623939108177,-0.0324186925367354,-0.133725));
#7191=CARTESIAN_POINT('',(0.0206069050052469,-0.0324115048310467,-0.133725));
#7192=CARTESIAN_POINT('',(0.0221389614529291,-0.0321377237549937,-0.133725));
#7193=CARTESIAN_POINT('',(0.0235909689131702,-0.0316090462606008,-0.133725));
#7194=CARTESIAN_POINT('',(0.0190623938962152,-0.0324186894907362,-0.133725));
#7195=CARTESIAN_POINT('',(0.0151807625401393,-0.03186384328744,-0.133725));
#7196=CARTESIAN_POINT('',(0.016447318167609,-0.0322398799499943,-0.133725));
#7197=CARTESIAN_POINT('',(0.0177411952911685,-0.0324248296997595,-0.133725));
#7198=CARTESIAN_POINT('',(0.0190623939108177,-0.0324186925367354,-0.133725));
#7199=CARTESIAN_POINT('',(0.0190000853447954,-0.00558114362491,-0.133725));
#7200=CARTESIAN_POINT('',(0.0177094933500561,-0.00558114370519707,-0.133725));
#7201=CARTESIAN_POINT('',(0.0164186713556644,-0.00576861655369773,-0.133725));
#7202=CARTESIAN_POINT('',(0.0151807625401393,-0.00613615671256,-0.133725));
#7203=CARTESIAN_POINT('',(0.0190000853447954,-0.00558114362490998,-0.133724999999969));
#7204=CARTESIAN_POINT('',(0.03241877027095,-0.0189994520719015,-0.133725));
#7205=CARTESIAN_POINT('',(0.0324187057372106,-0.017243353591247,-0.133725));
#7206=CARTESIAN_POINT('',(0.0317199075545075,-0.0137307451797896,-0.133725));
#7207=CARTESIAN_POINT('',(0.0287354529373131,-0.00926430593929739,-0.133725));
#7208=CARTESIAN_POINT('',(0.0242685027975109,-0.00627984637838685,-0.133725));
#7209=CARTESIAN_POINT('',(0.0207569182879523,-0.00558116197439334,-0.133725));
#7210=CARTESIAN_POINT('',(0.0190000853447954,-0.00558114362491,-0.133725));
#7211=CARTESIAN_POINT('',(0.03241877027095,-0.0189994520719015,-0.133724999999813));
#7212=CARTESIAN_POINT('',(0.0279777995139655,-0.02897317421493,-0.133725));
#7213=CARTESIAN_POINT('',(0.0293754109013588,-0.0277150344797996,-0.133725));
#7214=CARTESIAN_POINT('',(0.0316198272916287,-0.0246189012636105,-0.133725));
#7215=CARTESIAN_POINT('',(0.0324188574201263,-0.0208806693321442,-0.133725));
#7216=CARTESIAN_POINT('',(0.03241877027095,-0.0189994520719015,-0.133725));
#7217=CARTESIAN_POINT('',(0.0140678284771239,-0.00565043639069101,-0.13359954878796));
#7218=CARTESIAN_POINT('',(0.0141417142622663,-0.00568230868151986,-0.133616422161992));
#7219=CARTESIAN_POINT('',(0.0145091972449476,-0.00584139491584451,-0.133691591943576));
#7220=CARTESIAN_POINT('',(0.0148833498992636,-0.0060063114355593,-0.133724967575066));
#7221=CARTESIAN_POINT('',(0.0151833528487518,-0.00614064097334495,-0.133724999522794));
#7222=CARTESIAN_POINT('',(0.0151855778176744,-0.00614163734209726,-0.133724998294158));
#7223=CARTESIAN_POINT('',(0.0141657255553261,-0.00550710756058136,-0.133622142519078));
#7224=CARTESIAN_POINT('',(0.0142403376477613,-0.00553925574264905,-0.133637619346979));
#7225=CARTESIAN_POINT('',(0.0146111591145751,-0.00569964028879797,-0.133705729368203));
#7226=CARTESIAN_POINT('',(0.014987328779389,-0.00586552369226793,-0.133731428579213));
#7227=CARTESIAN_POINT('',(0.0152880433841305,-0.00600036476094487,-0.133725178465723));
#7228=CARTESIAN_POINT('',(0.015290273581487,-0.00600136490877054,-0.133725130639345));
#7229=CARTESIAN_POINT('',(0.01426788248157,-0.00536497585771263,-0.133622271853946));
#7230=CARTESIAN_POINT('',(0.0143428771409397,-0.00539739762668079,-0.133636286811959));
#7231=CARTESIAN_POINT('',(0.0147153297533744,-0.00555906964075295,-0.133697053129017));
#7232=CARTESIAN_POINT('',(0.0150917897582806,-0.00572591185226404,-0.133714988151271));
#7233=CARTESIAN_POINT('',(0.0153918391775772,-0.00586126017936514,-0.133702508810228));
#7234=CARTESIAN_POINT('',(0.0153940643924601,-0.00586226407470013,-0.133702414784703));
#7235=CARTESIAN_POINT('',(0.0143725512748578,-0.00522647326751027,-0.133599934559754));
#7236=CARTESIAN_POINT('',(0.014447578214483,-0.00525916163776967,-0.133612447337802));
#7237=CARTESIAN_POINT('',(0.014819926722349,-0.00542208824626492,-0.133665711663129));
#7238=CARTESIAN_POINT('',(0.0151949454274738,-0.00558986478413836,-0.133675927579617));
#7239=CARTESIAN_POINT('',(0.0154929642012558,-0.00572570741760614,-0.13365737843168));
#7240=CARTESIAN_POINT('',(0.0154951743080025,-0.00572671496476359,-0.133657239396109));
#7241=CARTESIAN_POINT('',(0.0151807625401393,-0.00613615671256,-0.133725));
#7242=CARTESIAN_POINT('',(0.0149108715072911,-0.00582257871567733,-0.133725));
#7243=CARTESIAN_POINT('',(0.0146409585704249,-0.00551896627949862,-0.13368211765272));
#7244=CARTESIAN_POINT('',(0.0143773530465091,-0.00523181953815952,-0.133601447220195));
#7245=CARTESIAN_POINT('',(0.0145206766860865,-0.00522650160047778,-0.133597505934623));
#7246=CARTESIAN_POINT('',(0.0145139543941715,-0.0051859315215144,-0.133588718954417));
#7247=CARTESIAN_POINT('',(0.0144715962968709,-0.00495556552463541,-0.133535691311899));
#7248=CARTESIAN_POINT('',(0.0143479198136723,-0.00453154052504388,-0.133402736383513));
#7249=CARTESIAN_POINT('',(0.0141062751312203,-0.00403548014480515,-0.133161868669085));
#7250=CARTESIAN_POINT('',(0.0139087352641672,-0.00375203429157682,-0.132964262348172));
#7251=CARTESIAN_POINT('',(0.0138124087091448,-0.0036314009074324,-0.132866292045627));
#7252=CARTESIAN_POINT('',(0.0140169455351702,-0.00527408967970689,-0.13366458653581));
#7253=CARTESIAN_POINT('',(0.0140106433188008,-0.0052380966145135,-0.133655709331566));
#7254=CARTESIAN_POINT('',(0.0139710270876748,-0.00503373821526373,-0.13360213538333));
#7255=CARTESIAN_POINT('',(0.0138562709168,-0.004658020166664,-0.133467792279112));
#7256=CARTESIAN_POINT('',(0.0136336762276883,-0.0042211994799922,-0.133224512753305));
#7257=CARTESIAN_POINT('',(0.0134528016394838,-0.00397397642675752,-0.133025083478333));
#7258=CARTESIAN_POINT('',(0.0133648346831787,-0.00386929214891486,-0.132926246042561));
#7259=CARTESIAN_POINT('',(0.0136400523258332,-0.00539234124719126,-0.133341460084352));
#7260=CARTESIAN_POINT('',(0.0136352650105367,-0.005362861853052,-0.13333319759047));
#7261=CARTESIAN_POINT('',(0.0136050725310888,-0.00519547932558445,-0.133283345707887));
#7262=CARTESIAN_POINT('',(0.0135166597703475,-0.00488737311356919,-0.133158460461177));
#7263=CARTESIAN_POINT('',(0.0133433864199741,-0.00452620936522541,-0.132931612980672));
#7264=CARTESIAN_POINT('',(0.0132013359458558,-0.00431921979080313,-0.132744603774678));
#7265=CARTESIAN_POINT('',(0.0131319846115296,-0.00423100430787802,-0.132651674252217));
#7266=CARTESIAN_POINT('',(0.0136405654079847,-0.00550257528234638,-0.132843239941702));
#7267=CARTESIAN_POINT('',(0.0136373797394945,-0.00547721335542871,-0.132835887886292));
#7268=CARTESIAN_POINT('',(0.0136170220058192,-0.00533317882538152,-0.132791548700339));
#7269=CARTESIAN_POINT('',(0.0135548466648461,-0.00506701474745519,-0.132680671347158));
#7270=CARTESIAN_POINT('',(0.0134283486048847,-0.00474760210741782,-0.132478161127022));
#7271=CARTESIAN_POINT('',(0.0133214492937924,-0.00455809821385557,-0.132309547102343));
#7272=CARTESIAN_POINT('',(0.0132685838377211,-0.00447591880384603,-0.1322253677033));
#7273=CARTESIAN_POINT('',(0.0138120812309204,-0.0036421842988788,-0.132872776182025));
#7274=CARTESIAN_POINT('',(0.013618177973541,-0.00374625065056083,-0.132897356630723));
#7275=CARTESIAN_POINT('',(0.013267030441094,-0.00405621159355804,-0.132784320074069));
#7276=CARTESIAN_POINT('',(0.0132129230183878,-0.00436982313367564,-0.132422549761474));
#7277=CARTESIAN_POINT('',(0.0132696602225511,-0.00447698073671809,-0.132237264602525));
#7278=CARTESIAN_POINT('',(0.0138120251467818,-0.0036420202944552,-0.132873028054834));
#7279=CARTESIAN_POINT('',(0.014377353046257,-0.00523181953724397,-0.133601447219981));
#7280=CARTESIAN_POINT('',(0.0142922928032987,-0.00468765234908361,-0.133478455548121));
#7281=CARTESIAN_POINT('',(0.0141103068033559,-0.00414829532648595,-0.133260098625768));
#7282=CARTESIAN_POINT('',(0.0138120241959069,-0.00364201756442249,-0.132873032358449));
#7283=CARTESIAN_POINT('',(0.0150413001265332,-0.0061140139010245,-0.128656880492473));
#7284=CARTESIAN_POINT('',(0.013269660203947,-0.00447698074670856,-0.132237264605061));
#7285=CARTESIAN_POINT('',(0.0128710048615762,-0.00384658716520618,-0.131749370800719));
#7286=CARTESIAN_POINT('',(0.0125509873676735,-0.00336270395589416,-0.131030879908744));
#7287=CARTESIAN_POINT('',(0.012365169121323,-0.0031085458469975,-0.130218291242184));
#7288=CARTESIAN_POINT('',(0.012365166959102,-0.003108547147034,-0.130218291332123));
#7289=CARTESIAN_POINT('',(0.0123651691340259,-0.00310854583483081,-0.130218291247454));
#7290=CARTESIAN_POINT('',(0.0122563009281545,-0.00292186292055571,-0.13030185347515));
#7291=CARTESIAN_POINT('',(0.0122237571731081,-0.00244022660732447,-0.130460399125088));
#7292=CARTESIAN_POINT('',(0.0125796544633348,-0.00207894140351331,-0.130491696632312));
#7293=CARTESIAN_POINT('',(0.0127933706337145,-0.00199220858111159,-0.130469599606657));
#7294=CARTESIAN_POINT('',(0.0127934624895676,-0.00199246076630538,-0.130469498144933));
#7295=CARTESIAN_POINT('',(0.0127933699328611,-0.00199220848876513,-0.130469598733099));
#7296=CARTESIAN_POINT('',(0.0130101506129437,-0.00231120507037901,-0.131469029680296));
#7297=CARTESIAN_POINT('',(0.0133729142233398,-0.00289638748436926,-0.132304953498805));
#7298=CARTESIAN_POINT('',(0.0138120795045571,-0.00364218161743426,-0.132872774108908));
#7299=CARTESIAN_POINT('',(0.03147571751547,-0.03254618815662,-0.128782822893947));
#7300=CARTESIAN_POINT('',(0.03147400553097,-0.03254754146578,-0.128796591467498));
#7301=CARTESIAN_POINT('',(0.0314573464371201,-0.03256003183825,-0.128927590288803));
#7302=CARTESIAN_POINT('',(0.03142008950451,-0.03257613167276,-0.12917000894267));
#7303=CARTESIAN_POINT('',(0.03135699653729,-0.03257783330865,-0.12950180668221));
#7304=CARTESIAN_POINT('',(0.03129146583807,-0.03255819139187,-0.1298081459204));
#7305=CARTESIAN_POINT('',(0.03123032343454,-0.03251973994657,-0.13008182784893));
#7306=CARTESIAN_POINT('',(0.0311807754524201,-0.03246847432416,-0.13031052393746));
#7307=CARTESIAN_POINT('',(0.0311555792854,-0.032427334411,-0.13044225011253));
#7308=CARTESIAN_POINT('',(0.0311462065911,-0.03240743689388,-0.13049771797585));
#7309=CARTESIAN_POINT('',(0.0310734706494401,-0.0329838663018,-0.128676736095469));
#7310=CARTESIAN_POINT('',(0.0310719111798001,-0.03298538179094,-0.128690603805365));
#7311=CARTESIAN_POINT('',(0.03105666905541,-0.03299944086932,-0.128822761876419));
#7312=CARTESIAN_POINT('',(0.03102140137992,-0.03301881744003,-0.12907121847954));
#7313=CARTESIAN_POINT('',(0.0309583935444401,-0.0330244192926801,-0.12942138317249));
#7314=CARTESIAN_POINT('',(0.03088952874947,-0.03300610741556,-0.12975538830152));
#7315=CARTESIAN_POINT('',(0.0308215275664901,-0.03296453927671,-0.13006583262916));
#7316=CARTESIAN_POINT('',(0.03076236984875,-0.03290391635847,-0.13033927190091));
#7317=CARTESIAN_POINT('',(0.03072930316988,-0.0328503850435,-0.13050874742596));
#7318=CARTESIAN_POINT('',(0.03071628538567,-0.03282255009456,-0.13058412553626));
#7319=CARTESIAN_POINT('',(0.03047956172934,-0.03290313605985,-0.128603437236868));
#7320=CARTESIAN_POINT('',(0.0304781529280801,-0.03290472689865,-0.128616009112322));
#7321=CARTESIAN_POINT('',(0.03046435800323,-0.03291955797807,-0.128735975822996));
#7322=CARTESIAN_POINT('',(0.03043199080256,-0.03294129530378,-0.12896435200195));
#7323=CARTESIAN_POINT('',(0.03037269229453,-0.03295154362217,-0.12929346953659));
#7324=CARTESIAN_POINT('',(0.03030624541623,-0.03293775357979,-0.12961486500924));
#7325=CARTESIAN_POINT('',(0.03023882438358,-0.03289896955687,-0.12992171875063));
#7326=CARTESIAN_POINT('',(0.03017828591041,-0.03283757816495,-0.13020109250076));
#7327=CARTESIAN_POINT('',(0.03014318132612,-0.03277977277245,-0.13038161769697));
#7328=CARTESIAN_POINT('',(0.03012912682832,-0.03274852027908,-0.13046420647988));
#7329=CARTESIAN_POINT('',(0.0301933272158,-0.03237187240608,-0.128624553263611));
#7330=CARTESIAN_POINT('',(0.03019194056014,-0.03237338841302,-0.128635523823082));
#7331=CARTESIAN_POINT('',(0.0301784063135,-0.03238754571895,-0.128740198604165));
#7332=CARTESIAN_POINT('',(0.03014741219436,-0.03240874298372,-0.12893925885696));
#7333=CARTESIAN_POINT('',(0.03009232854536,-0.0324204774418,-0.12922561078699));
#7334=CARTESIAN_POINT('',(0.03003201870203,-0.03241059923932,-0.12950472278463));
#7335=CARTESIAN_POINT('',(0.02997212898076,-0.03237815936102,-0.12977065178536));
#7336=CARTESIAN_POINT('',(0.02991959961996,-0.03232523442157,-0.13001216182103));
#7337=CARTESIAN_POINT('',(0.02989000313153,-0.03227486576073,-0.13016774685835));
#7338=CARTESIAN_POINT('',(0.02987839192656,-0.03224758895417,-0.13023878427501));
#7339=CARTESIAN_POINT('',(0.0299164774353233,-0.0323188032141708,-0.130218295722622));
#7340=CARTESIAN_POINT('',(0.0300545844562475,-0.03255848862657,-0.130073269112657));
#7341=CARTESIAN_POINT('',(0.0303023394977895,-0.0327513645353721,-0.129878145527992));
#7342=CARTESIAN_POINT('',(0.0305929416045382,-0.0328119908565197,-0.129630713353078));
#7343=CARTESIAN_POINT('',(0.0305929366814039,-0.0328120193653496,-0.129630714558658));
#7344=CARTESIAN_POINT('',(0.0311031558769378,-0.0324648093480036,-0.130469595574334));
#7345=CARTESIAN_POINT('',(0.0309262430901318,-0.0326127886310821,-0.130491694401304));
#7346=CARTESIAN_POINT('',(0.0304401694603572,-0.0327574133368524,-0.130460400826384));
#7347=CARTESIAN_POINT('',(0.0300301894969123,-0.0325025728394455,-0.130301857897737));
#7348=CARTESIAN_POINT('',(0.0299164665786679,-0.0323188097419396,-0.130218296170854));
#7349=CARTESIAN_POINT('',(0.0311029755058833,-0.0324646087836936,-0.13046949463896));
#7350=CARTESIAN_POINT('',(0.0314238117095986,-0.0325968453862667,-0.128812261845185));
#7351=CARTESIAN_POINT('',(0.0313985916468738,-0.0326152494262372,-0.129008513153738));
#7352=CARTESIAN_POINT('',(0.0313565824273943,-0.0326259149740683,-0.129258742275363));
#7353=CARTESIAN_POINT('',(0.0313015290739232,-0.0326208010181252,-0.129533972925481));
#7354=CARTESIAN_POINT('',(0.0312771674729368,-0.032616390300317,-0.129650073152255));
#7355=CARTESIAN_POINT('',(0.0312181712812221,-0.0325910812672283,-0.129922591216464));
#7356=CARTESIAN_POINT('',(0.0311586732707013,-0.0325458624831134,-0.130189970465457));
#7357=CARTESIAN_POINT('',(0.0311209832810539,-0.0324988477582895,-0.130368765098853));
#7358=CARTESIAN_POINT('',(0.0311029761710408,-0.0324646095236686,-0.130469495009502));
#7359=CARTESIAN_POINT('',(0.0314237757582076,-0.0325968045152315,-0.128812261050713));
#7360=CARTESIAN_POINT('',(0.0310330222713185,-0.0328028333952523,-0.129240217320035));
#7361=CARTESIAN_POINT('',(0.0311656799038264,-0.0327689910655912,-0.129113023232595));
#7362=CARTESIAN_POINT('',(0.0313035194644589,-0.0327028730934307,-0.128970341610606));
#7363=CARTESIAN_POINT('',(0.0314237391298859,-0.0325967642579313,-0.128812260115005));
#7364=CARTESIAN_POINT('',(0.0310330350355384,-0.0328028777112733,-0.129240218843228));
#7365=CARTESIAN_POINT('',(0.0308129026894396,-0.0328325571307701,-0.129442051136589));
#7366=CARTESIAN_POINT('',(0.0308873794598605,-0.0328311596732079,-0.129375088601605));
#7367=CARTESIAN_POINT('',(0.0309613938642051,-0.0328211443299993,-0.129307795454625));
#7368=CARTESIAN_POINT('',(0.0310330222713185,-0.0328028333952523,-0.129240217320035));
#7369=CARTESIAN_POINT('',(0.0308129047721098,-0.0328325962369452,-0.12944205263786));
#7370=CARTESIAN_POINT('',(0.0307604370344052,-0.0328321732790983,-0.129487839430975));
#7371=CARTESIAN_POINT('',(0.0307779339394655,-0.0328327736542935,-0.129472595081225));
#7372=CARTESIAN_POINT('',(0.0307954308829598,-0.0328329013877975,-0.1294573321641));
#7373=CARTESIAN_POINT('',(0.0308129026894396,-0.0328325571307701,-0.129442051136589));
#7374=CARTESIAN_POINT('',(0.0307604369539114,-0.0328322111623157,-0.129487840902197));
#7375=CARTESIAN_POINT('',(0.0305929416045382,-0.0328119908565197,-0.129630713353078));
#7376=CARTESIAN_POINT('',(0.0306482213679778,-0.0328235386158717,-0.129583287596186));
#7377=CARTESIAN_POINT('',(0.0307043284663301,-0.0328302898500448,-0.129535659240678));
#7378=CARTESIAN_POINT('',(0.0307604367916137,-0.0328321732707674,-0.129487839642509));
#7379=CARTESIAN_POINT('',(0.0285191069128338,-0.028544856529498,-0.128656802350291));
#7380=CARTESIAN_POINT('',(0.0291328368400904,-0.0308777403418754,-0.132237261204717));
#7381=CARTESIAN_POINT('',(0.0292008152704654,-0.0309781445394931,-0.1324225458637));
#7382=CARTESIAN_POINT('',(0.0295031204475554,-0.0310776034781985,-0.132784315396259));
#7383=CARTESIAN_POINT('',(0.0299416531629495,-0.0309130755936374,-0.132897352540555));
#7384=CARTESIAN_POINT('',(0.0301245698698162,-0.0307907244155713,-0.132872772731414));
#7385=CARTESIAN_POINT('',(0.0301246863561825,-0.0307908478842537,-0.132873024992617));
#7386=CARTESIAN_POINT('',(0.0301245701083388,-0.0307907248048485,-0.1328727724319));
#7387=CARTESIAN_POINT('',(0.0305768277097366,-0.0315285024266652,-0.132305027217064));
#7388=CARTESIAN_POINT('',(0.0309232109857365,-0.032123536436485,-0.131469324703154));
#7389=CARTESIAN_POINT('',(0.0311031558776608,-0.0324648093499345,-0.130469595569205));
#7390=CARTESIAN_POINT('',(0.0301305575171452,-0.0307868845353735,-0.132872208167721));
#7391=CARTESIAN_POINT('',(0.0300778037805027,-0.0306658348608071,-0.132955673389795));
#7392=CARTESIAN_POINT('',(0.0299320049919899,-0.0303766889244241,-0.133142991557492));
#7393=CARTESIAN_POINT('',(0.0296271631976348,-0.029941778790595,-0.133382550365704));
#7394=CARTESIAN_POINT('',(0.0292139706960391,-0.0295272295632094,-0.133565222270745));
#7395=CARTESIAN_POINT('',(0.0287706765523835,-0.0292079307375589,-0.133669693512093));
#7396=CARTESIAN_POINT('',(0.0283594662445536,-0.0289962532641667,-0.133712032945341));
#7397=CARTESIAN_POINT('',(0.0281007544483899,-0.0288999379919855,-0.133718079433562));
#7398=CARTESIAN_POINT('',(0.0279932621690971,-0.0288657126604689,-0.133717778104283));
#7399=CARTESIAN_POINT('',(0.0297071807721263,-0.0310739002016541,-0.132932791627491));
#7400=CARTESIAN_POINT('',(0.0296632187511035,-0.0309656604459967,-0.133017004000458));
#7401=CARTESIAN_POINT('',(0.029540144648522,-0.0307066730514462,-0.133206057823828));
#7402=CARTESIAN_POINT('',(0.0292769285499642,-0.0303157635156603,-0.133448021907627));
#7403=CARTESIAN_POINT('',(0.0289147400900272,-0.0299426460308799,-0.133632617585988));
#7404=CARTESIAN_POINT('',(0.0285235922792891,-0.0296559566382377,-0.133738168528022));
#7405=CARTESIAN_POINT('',(0.0281604202875715,-0.0294671423377198,-0.133780905312098));
#7406=CARTESIAN_POINT('',(0.027932494410074,-0.0293820383470568,-0.133786998980904));
#7407=CARTESIAN_POINT('',(0.0278379652248129,-0.029351953916817,-0.133786695336146));
#7408=CARTESIAN_POINT('',(0.029276591134297,-0.0311090823236498,-0.132653414163661));
#7409=CARTESIAN_POINT('',(0.0292376522432973,-0.0310216786977365,-0.132732507282143));
#7410=CARTESIAN_POINT('',(0.0291304123633655,-0.0308130447529173,-0.132909668911807));
#7411=CARTESIAN_POINT('',(0.0289077306981085,-0.0304997362183399,-0.133135152766486));
#7412=CARTESIAN_POINT('',(0.0286073989539264,-0.0302012997366297,-0.133306567325317));
#7413=CARTESIAN_POINT('',(0.028285767569278,-0.029971129513978,-0.133404720481132));
#7414=CARTESIAN_POINT('',(0.0279871905287126,-0.0298179983535925,-0.133444734736098));
#7415=CARTESIAN_POINT('',(0.027798917970939,-0.0297479804223935,-0.133450505137645));
#7416=CARTESIAN_POINT('',(0.0277205871157157,-0.0297230356989093,-0.133450217357877));
#7417=CARTESIAN_POINT('',(0.0291278970854528,-0.0308701385956123,-0.132223423039931));
#7418=CARTESIAN_POINT('',(0.029086860383036,-0.0307975669742696,-0.132294998146181));
#7419=CARTESIAN_POINT('',(0.0289779704739506,-0.0306255708925584,-0.132454695190314));
#7420=CARTESIAN_POINT('',(0.0287675254894809,-0.0303711903716315,-0.132655976582578));
#7421=CARTESIAN_POINT('',(0.0284983192974289,-0.0301303729135942,-0.132808033670866));
#7422=CARTESIAN_POINT('',(0.028216814016567,-0.029942562260355,-0.132895322618319));
#7423=CARTESIAN_POINT('',(0.0279559363973485,-0.0298139112784918,-0.132931338633471));
#7424=CARTESIAN_POINT('',(0.0277895171288,-0.0297527059509132,-0.132936634292603));
#7425=CARTESIAN_POINT('',(0.0277197282674569,-0.0297304440056279,-0.132936369811768));
#7426=CARTESIAN_POINT('',(0.0290888362694565,-0.0296244781486955,-0.133570691054418));
#7427=CARTESIAN_POINT('',(0.0287386722298373,-0.0293459474405032,-0.133683400699814));
#7428=CARTESIAN_POINT('',(0.0283621153287466,-0.0291291888590059,-0.133724999863395));
#7429=CARTESIAN_POINT('',(0.0279777995138936,-0.0289731742149105,-0.133725));
#7430=CARTESIAN_POINT('',(0.0290888362447837,-0.0296244781227131,-0.133570690913567));
#7431=CARTESIAN_POINT('',(0.0301246883287166,-0.0307908498238991,-0.132873030022124));
#7432=CARTESIAN_POINT('',(0.0298500873005043,-0.0303444224737532,-0.13321840132447));
#7433=CARTESIAN_POINT('',(0.0294868920236822,-0.0299492114764763,-0.133441070591903));
#7434=CARTESIAN_POINT('',(0.0290888362694565,-0.0296244781486955,-0.133570691054418));
#7435=CARTESIAN_POINT('',(0.010205405427879,0.000296512965360016,-0.127425));
#7436=CARTESIAN_POINT('',(0.0131256151540695,-0.00456353219779933,-0.12742499953246));
#7437=CARTESIAN_POINT('',(0.012832342606314,-0.00407544471383324,-0.12742499953246));
#7438=CARTESIAN_POINT('',(0.0125390700585585,-0.00358735722986715,-0.12742499953246));
#7439=CARTESIAN_POINT('',(0.0122457975108031,-0.00309926974590106,-0.12742499953246));
#7440=CARTESIAN_POINT('',(0.0122458027160411,-0.0030992666182962,-0.127424999360671));
#7441=CARTESIAN_POINT('',(0.0122457975108142,-0.00309926974591968,-0.127424999532459));
#7442=CARTESIAN_POINT('',(0.0122855880475846,-0.00310236177950243,-0.128356096769037));
#7443=CARTESIAN_POINT('',(0.012325378584355,-0.00310545381308517,-0.129287194005615));
#7444=CARTESIAN_POINT('',(0.0123651691211254,-0.00310854584666792,-0.130218291242193));
#7445=CARTESIAN_POINT('',(0.0127953302440782,-0.00199516649852775,-0.130478028890271));
#7446=CARTESIAN_POINT('',(0.0127844774888685,-0.00197957527555709,-0.13042895824932));
#7447=CARTESIAN_POINT('',(0.0127617800570923,-0.00193972364215615,-0.130302313813926));
#7448=CARTESIAN_POINT('',(0.0127403818343704,-0.00187362859533498,-0.130079282649662));
#7449=CARTESIAN_POINT('',(0.0127351985716131,-0.00180079165935758,-0.129801661810219));
#7450=CARTESIAN_POINT('',(0.0127489319190153,-0.00173348490692753,-0.129492416375335));
#7451=CARTESIAN_POINT('',(0.0127804348852781,-0.00167881213493248,-0.129158759491534));
#7452=CARTESIAN_POINT('',(0.0128110192331913,-0.00165489630993498,-0.12892598316504));
#7453=CARTESIAN_POINT('',(0.0128283335767137,-0.00164660644492884,-0.128805247541791));
#7454=CARTESIAN_POINT('',(0.0128288379334802,-0.00164636899461088,-0.128801738913739));
#7455=CARTESIAN_POINT('',(0.0123002096736313,-0.00219689014835589,-0.130530897103333));
#7456=CARTESIAN_POINT('',(0.0122859427651481,-0.00217655451857306,-0.130468103311821));
#7457=CARTESIAN_POINT('',(0.0122576962761767,-0.00212679250547779,-0.130311934606532));
#7458=CARTESIAN_POINT('',(0.0122333098407994,-0.0020503084203728,-0.130052768406561));
#7459=CARTESIAN_POINT('',(0.0122287167252315,-0.00197137010636451,-0.129744831898291));
#7460=CARTESIAN_POINT('',(0.0122449950756818,-0.00190251942542746,-0.129413678568416));
#7461=CARTESIAN_POINT('',(0.0122795512174659,-0.00184993470268853,-0.129066636618765));
#7462=CARTESIAN_POINT('',(0.0123117637351586,-0.00182897174502943,-0.128830797954687));
#7463=CARTESIAN_POINT('',(0.0123296536684909,-0.00182233610637744,-0.128710065263332));
#7464=CARTESIAN_POINT('',(0.0123301745213731,-0.00182214682597499,-0.128706558050429));
#7465=CARTESIAN_POINT('',(0.0121152230679981,-0.00268846950906229,-0.130420367892042));
#7466=CARTESIAN_POINT('',(0.0120993845628207,-0.00266648018318646,-0.130352824403166));
#7467=CARTESIAN_POINT('',(0.0120690153536051,-0.0026138116117104,-0.130188172896405));
#7468=CARTESIAN_POINT('',(0.0120446265457426,-0.00253606146227357,-0.129924228214342));
#7469=CARTESIAN_POINT('',(0.0120419816139947,-0.00245879647574216,-0.129619738005911));
#7470=CARTESIAN_POINT('',(0.0120607926849276,-0.00239376176421634,-0.129300022353478));
#7471=CARTESIAN_POINT('',(0.0120974342140058,-0.00234603540837432,-0.128971889013173));
#7472=CARTESIAN_POINT('',(0.0121302525754304,-0.00232818992335228,-0.12875326253736));
#7473=CARTESIAN_POINT('',(0.0121481645671714,-0.00232291295719941,-0.12864247686538));
#7474=CARTESIAN_POINT('',(0.0121486858132737,-0.00232276294025081,-0.12863925956908));
#7475=CARTESIAN_POINT('',(0.0123710891807554,-0.003117783321641,-0.130226033004395));
#7476=CARTESIAN_POINT('',(0.0123566355666302,-0.00309839821896876,-0.130166065282306));
#7477=CARTESIAN_POINT('',(0.012329070536072,-0.00305187170790739,-0.130019937628764));
#7478=CARTESIAN_POINT('',(0.0123076541523407,-0.00298284325627632,-0.129785848093509));
#7479=CARTESIAN_POINT('',(0.0123069190523715,-0.00291379873170391,-0.129515962194755));
#7480=CARTESIAN_POINT('',(0.0123264427812132,-0.00285519321963729,-0.129232723438366));
#7481=CARTESIAN_POINT('',(0.0123627175076331,-0.00281161587343293,-0.128942157834006));
#7482=CARTESIAN_POINT('',(0.0123946913021446,-0.00279482654110901,-0.128748645684703));
#7483=CARTESIAN_POINT('',(0.01241205843706,-0.00278964414652984,-0.128650608609816));
#7484=CARTESIAN_POINT('',(0.0124125637615017,-0.00278949649867721,-0.128647761561094));
#7485=CARTESIAN_POINT('',(0.0123323991540012,-0.00207583347733344,-0.129442050998436));
#7486=CARTESIAN_POINT('',(0.0122961593167377,-0.00214090452536174,-0.129507662312688));
#7487=CARTESIAN_POINT('',(0.0122677360570398,-0.00220952212491368,-0.129570549564893));
#7488=CARTESIAN_POINT('',(0.0122472925858427,-0.00227970249084655,-0.129630712351026));
#7489=CARTESIAN_POINT('',(0.0123323655605082,-0.00207581325357186,-0.129442052501609));
#7490=CARTESIAN_POINT('',(0.0122472650654801,-0.00227969344134721,-0.129630713558242));
#7491=CARTESIAN_POINT('',(0.0124619836222314,-0.00189543391684643,-0.129240216534182));
#7492=CARTESIAN_POINT('',(0.0124121885002071,-0.0019500815636571,-0.129307794884652));
#7493=CARTESIAN_POINT('',(0.0123685977908025,-0.00201073046957934,-0.129375088247546));
#7494=CARTESIAN_POINT('',(0.0123323991540012,-0.00207583347733344,-0.129442050998436));
#7495=CARTESIAN_POINT('',(0.0124619504504609,-0.00189540180722035,-0.129240218059005));
#7496=CARTESIAN_POINT('',(0.0128273621079318,-0.00164719533497654,-0.128812260133147));
#7497=CARTESIAN_POINT('',(0.0126775568194585,-0.00170340692477876,-0.128970012758488));
#7498=CARTESIAN_POINT('',(0.0125543783295064,-0.0017939344407754,-0.129112698330742));
#7499=CARTESIAN_POINT('',(0.0124619836222314,-0.00189543391684643,-0.129240216534182));
#7500=CARTESIAN_POINT('',(0.0128273438494515,-0.00164714400874477,-0.128812261085807));
#7501=CARTESIAN_POINT('',(0.0127670377910168,-0.0017039711246599,-0.129307009487593));
#7502=CARTESIAN_POINT('',(0.0127773774183894,-0.00168678331010604,-0.129198949503615));
#7503=CARTESIAN_POINT('',(0.0127955678507985,-0.00166249996213564,-0.129034138934365));
#7504=CARTESIAN_POINT('',(0.0128273255898457,-0.00164709268304243,-0.128812262045672));
#7505=CARTESIAN_POINT('',(0.0127670408450141,-0.00170397208360017,-0.129307009627296));
#7506=CARTESIAN_POINT('',(0.012793463992124,-0.00199245491863481,-0.130469499676235));
#7507=CARTESIAN_POINT('',(0.0127770448623348,-0.00196834809430565,-0.130393552517426));
#7508=CARTESIAN_POINT('',(0.0127505819366737,-0.00191721597594566,-0.130231839823813));
#7509=CARTESIAN_POINT('',(0.0127344638902418,-0.00182503511762479,-0.129899168241362));
#7510=CARTESIAN_POINT('',(0.0127406326756337,-0.00176672966264029,-0.129651732210483));
#7511=CARTESIAN_POINT('',(0.0127556940434066,-0.00172283237178229,-0.129425597699788));
#7512=CARTESIAN_POINT('',(0.0127670410063389,-0.00170397002605152,-0.129307009969991));
#7513=CARTESIAN_POINT('',(0.0122185038421406,-0.0027121510561252,-0.129960188555726));
#7514=CARTESIAN_POINT('',(0.0122408526149111,-0.00286183613933973,-0.13006312177187));
#7515=CARTESIAN_POINT('',(0.0122950406442818,-0.00299651788567863,-0.130148921104764));
#7516=CARTESIAN_POINT('',(0.0123651799113009,-0.00310853936327638,-0.130218290802604));
#7517=CARTESIAN_POINT('',(0.0122184870533793,-0.00271215307436702,-0.129960189265144));
#7518=CARTESIAN_POINT('',(0.0122472925858427,-0.00227970249084655,-0.129630712351026));
#7519=CARTESIAN_POINT('',(0.0122035105751294,-0.00243000169874675,-0.129759557774603));
#7520=CARTESIAN_POINT('',(0.0121979262543288,-0.00257432881443991,-0.129865413005228));
#7521=CARTESIAN_POINT('',(0.0122185038421406,-0.0027121510561252,-0.129960188555726));
#7522=CARTESIAN_POINT('',(0.019,-0.019,-0.127425));
#7523=CARTESIAN_POINT('',(0.0101323178481552,-0.0345670062894188,-0.127425));
#7524=CARTESIAN_POINT('',(0.0101325976197486,-0.0345807294602828,-0.127425));
#7525=CARTESIAN_POINT('',(0.0101328773913421,-0.0345944526311467,-0.127425));
#7526=CARTESIAN_POINT('',(0.0101331571629356,-0.0346081758020107,-0.127425));
#7527=CARTESIAN_POINT('',(0.0101331561536862,-0.0346081759825712,-0.127424999967509));
#7528=CARTESIAN_POINT('',(0.019,-0.019,-0.12742499999993));
#7529=CARTESIAN_POINT('',(0.0121164540052658,-0.00242132495941,-0.127424999999908));
#7530=CARTESIAN_POINT('',(0.0131039359808162,-0.00258466444279002,-0.127425));
#7531=CARTESIAN_POINT('',(0.019,-0.019,-0.032525));
#7532=CARTESIAN_POINT('',(0.019,-0.019,-0.032525));
#7533=CARTESIAN_POINT('',(0.019,-0.0005,-0.032525));
#7534=CARTESIAN_POINT('',(0.011147962209967,-0.03456632427974,-0.127855541697061));
#7535=CARTESIAN_POINT('',(0.0101331566968791,-0.0346081759602939,-0.127425000492479));
#7536=CARTESIAN_POINT('',(0.0101412986179388,-0.034806709003166,-0.127425000865785));
#7537=CARTESIAN_POINT('',(0.0102677596446486,-0.0351665610138099,-0.127266393048982));
#7538=CARTESIAN_POINT('',(0.010527545386427,-0.0353889192914758,-0.127055303294018));
#7539=CARTESIAN_POINT('',(0.0106634027343897,-0.0354601123755902,-0.12693375088334));
#7540=CARTESIAN_POINT('',(0.0106634050704547,-0.0354601144278886,-0.126933726179493));
#7541=CARTESIAN_POINT('',(0.0107319207241427,-0.035457947629389,-0.128812261951999));
#7542=CARTESIAN_POINT('',(0.0107090816847242,-0.0354586708680078,-0.12818608338005));
#7543=CARTESIAN_POINT('',(0.0106862434418594,-0.035459392521053,-0.127559904777216));
#7544=CARTESIAN_POINT('',(0.0106634060007152,-0.0354601125911344,-0.126933726143322));
#7545=CARTESIAN_POINT('',(0.019,-0.0189999999999996,-0.128725));
#7546=CARTESIAN_POINT('',(0.019,-0.019,-0.12881226203219));
#7547=CARTESIAN_POINT('',(0.024861318616902,-0.03541264257448,-0.128238144568555));
#7548=CARTESIAN_POINT('',(0.0258835521544709,-0.0355786300155424,-0.127424999012572));
#7549=CARTESIAN_POINT('',(0.0258572102095224,-0.0357377682768239,-0.12742500906558));
#7550=CARTESIAN_POINT('',(0.0257884702555093,-0.0359226711265807,-0.127366414098425));
#7551=CARTESIAN_POINT('',(0.0256474675090409,-0.0360851342036998,-0.127247778354822));
#7552=CARTESIAN_POINT('',(0.0256474704509587,-0.0360851392659738,-0.127247781790879));
#7553=CARTESIAN_POINT('',(0.0256474675090409,-0.0360851342036998,-0.127247778354822));
#7554=CARTESIAN_POINT('',(0.0256160682491601,-0.0361213121228447,-0.127221364713553));
#7555=CARTESIAN_POINT('',(0.0255649616813868,-0.0361711730503981,-0.127179725726011));
#7556=CARTESIAN_POINT('',(0.025503235756843,-0.0362221237789676,-0.127129941084087));
#7557=CARTESIAN_POINT('',(0.0254370428482149,-0.0362677821027468,-0.12707617933397));
#7558=CARTESIAN_POINT('',(0.0254460988696649,-0.0362614191278656,-0.127083276237808));
#7559=CARTESIAN_POINT('',(0.025393256466277,-0.0362951445036282,-0.127039560335689));
#7560=CARTESIAN_POINT('',(0.0253242177078772,-0.0363323792797052,-0.126984590456294));
#7561=CARTESIAN_POINT('',(0.025256848327419,-0.0363576146615094,-0.126933726540078));
#7562=CARTESIAN_POINT('',(0.0252568444398568,-0.036357603876581,-0.126933726339396));
#7563=CARTESIAN_POINT('',(0.025256848327419,-0.0363576146615094,-0.126933726540078));
#7564=CARTESIAN_POINT('',(0.0252287791672742,-0.0363560140740689,-0.127559904455614));
#7565=CARTESIAN_POINT('',(0.0252007090182868,-0.0363544107432986,-0.128186082319811));
#7566=CARTESIAN_POINT('',(0.0251726378919318,-0.0363528046650805,-0.128812260133147));
#7567=CARTESIAN_POINT('',(0.019,-0.019,-0.126924999999998));
#7568=CARTESIAN_POINT('',(0.0311942158993347,-0.0328062459723873,-0.127097035496321));
#7569=CARTESIAN_POINT('',(0.0311135783653398,-0.0328479107257517,-0.127157490693971));
#7570=CARTESIAN_POINT('',(0.031035228350955,-0.0328741029685642,-0.12720775997476));
#7571=CARTESIAN_POINT('',(0.0309641270853935,-0.0328904315717156,-0.127247978654504));
#7572=CARTESIAN_POINT('',(0.0311942166143091,-0.0328062470058495,-0.127097035737736));
#7573=CARTESIAN_POINT('',(0.030964129942008,-0.0328904376569292,-0.12724798123432));
#7574=CARTESIAN_POINT('',(0.0313884516216881,-0.0326733758693397,-0.126933726694958));
#7575=CARTESIAN_POINT('',(0.0313296325185711,-0.0327253708597726,-0.126988364083241));
#7576=CARTESIAN_POINT('',(0.0312642475489405,-0.0327701123447901,-0.127042829047164));
#7577=CARTESIAN_POINT('',(0.0311942158993347,-0.0328062459723873,-0.127097035496321));
#7578=CARTESIAN_POINT('',(0.0313884453438104,-0.0326733685973477,-0.126933726622865));
#7579=CARTESIAN_POINT('',(0.019,-0.019,-0.126933726205131));
#7580=CARTESIAN_POINT('',(0.0307068553346242,-0.0329153388121003,-0.12736692288938));
#7581=CARTESIAN_POINT('',(0.0305970510884533,-0.0329118995482691,-0.12740572574308));
#7582=CARTESIAN_POINT('',(0.0304957345861155,-0.0328910723599352,-0.127424997606503));
#7583=CARTESIAN_POINT('',(0.0304063877286407,-0.0328609971528771,-0.127424998571838));
#7584=CARTESIAN_POINT('',(0.0307068561806476,-0.0329153445082655,-0.127366925788332));
#7585=CARTESIAN_POINT('',(0.0307240721523123,-0.032915733244739,-0.127360704057141));
#7586=CARTESIAN_POINT('',(0.0307183329243742,-0.0329156517353778,-0.127362778969062));
#7587=CARTESIAN_POINT('',(0.0307125936964524,-0.0329155202551386,-0.127364851917982));
#7588=CARTESIAN_POINT('',(0.0307068553346242,-0.0329153388121003,-0.12736692288938));
#7589=CARTESIAN_POINT('',(0.0307240738772621,-0.0329157386546877,-0.12736070704383));
#7590=CARTESIAN_POINT('',(0.0309641270853935,-0.0328904315717156,-0.127247978654504));
#7591=CARTESIAN_POINT('',(0.0308802278601041,-0.0329096994962333,-0.127295429850443));
#7592=CARTESIAN_POINT('',(0.0307992332930902,-0.0329168227096119,-0.127332970209296));
#7593=CARTESIAN_POINT('',(0.0307240723047044,-0.0329157332469033,-0.127360704002047));
#7594=CARTESIAN_POINT('',(0.03073981957737,-0.03188041773079,-0.128240399026888));
#7595=CARTESIAN_POINT('',(0.0314237391298859,-0.0325967642579313,-0.128812260115005));
#7596=CARTESIAN_POINT('',(0.0314119786491166,-0.0326223035617898,-0.128186082474552));
#7597=CARTESIAN_POINT('',(0.0314002162014585,-0.0326478407129631,-0.12755990478324));
#7598=CARTESIAN_POINT('',(0.0313884517959337,-0.0326733757032535,-0.126933727040593));
#7599=CARTESIAN_POINT('',(0.019,-0.019,-0.128725));
#7600=CARTESIAN_POINT('',(0.019,-0.019,-0.128812262032557));
#7601=CARTESIAN_POINT('',(0.01313868138313,-0.00258735742552998,-0.128238144569297));
#7602=CARTESIAN_POINT('',(0.0123009191435322,-0.00197958684549992,-0.12729125571204));
#7603=CARTESIAN_POINT('',(0.0122112016611131,-0.00210218353026464,-0.127366737046693));
#7604=CARTESIAN_POINT('',(0.0121443172204254,-0.00225304995931124,-0.127425003739818));
#7605=CARTESIAN_POINT('',(0.0121164552867772,-0.00242132529371968,-0.127424999999833));
#7606=CARTESIAN_POINT('',(0.0123009079342164,-0.00197958811658194,-0.127291240325222));
#7607=CARTESIAN_POINT('',(0.0123009122476768,-0.00197959467732692,-0.127291234796494));
#7608=CARTESIAN_POINT('',(0.0123460273701286,-0.0019179447568181,-0.127253278898119));
#7609=CARTESIAN_POINT('',(0.0124331397667711,-0.0018267345217604,-0.127181954426237));
#7610=CARTESIAN_POINT('',(0.0125482507595702,-0.00173770587555769,-0.127085247198541));
#7611=CARTESIAN_POINT('',(0.0126691165317107,-0.0016701175998055,-0.12698962307751));
#7612=CARTESIAN_POINT('',(0.0127431516312115,-0.0016423853534114,-0.126933726540078));
#7613=CARTESIAN_POINT('',(0.0127431555187724,-0.00164239613833526,-0.126933726339396));
#7614=CARTESIAN_POINT('',(0.0127431516312115,-0.0016423853534114,-0.126933726540078));
#7615=CARTESIAN_POINT('',(0.01277122080508,-0.00164398593583991,-0.127559904455615));
#7616=CARTESIAN_POINT('',(0.0127992909678118,-0.00164558926165561,-0.128186082319812));
#7617=CARTESIAN_POINT('',(0.0128273621079318,-0.00164719533497654,-0.128812260133147));
#7618=CARTESIAN_POINT('',(0.019,-0.019,-0.126925));
#7619=CARTESIAN_POINT('',(0.019,-0.019,-0.126933726205131));
#7620=CARTESIAN_POINT('',(0.019,-0.019,-0.032525));
#7621=CARTESIAN_POINT('',(0.019,-0.019,-0.058525));
#7622=CARTESIAN_POINT('',(0.019,-0.0005,-0.058525));
#7623=CARTESIAN_POINT('',(0.019,-0.019,-0.115525));
#7624=CARTESIAN_POINT('',(0.019,-0.019,-0.115525));
#7625=CARTESIAN_POINT('',(0.037649999999995,-0.019,-0.115525));
#7626=CARTESIAN_POINT('',(0.019,-0.019,-0.058525));
#7627=CARTESIAN_POINT('',(0.019,-0.019,-0.058525));
#7628=CARTESIAN_POINT('',(0.019,-0.037,-0.058525));
#7629=CARTESIAN_POINT('',(0.019,-0.019,-0.115525));
#7630=CARTESIAN_POINT('',(0.019,-0.019,-0.115525));
#7631=CARTESIAN_POINT('',(0.019,-0.037,-0.115525));
#7632=CARTESIAN_POINT('',(0.019,-0.019,-0.115525));
#7633=CARTESIAN_POINT('',(0.019,-0.019,-0.061525));
#7634=CARTESIAN_POINT('',(0.019,-0.037,-0.061525));
#7635=CARTESIAN_POINT('',(0.019,-0.019,-0.115525));
#7636=CARTESIAN_POINT('',(0.019,-0.019,-0.095525));
#7637=CARTESIAN_POINT('',(0.019,-0.037,-0.095525));
#7638=CARTESIAN_POINT('',(-0.0332835569799683,-0.019,-0.061525));
#7639=CARTESIAN_POINT('',(0.019,-0.019,-0.061525));
#7640=CARTESIAN_POINT('',(0.019,0.,-0.061525));
#7641=CARTESIAN_POINT('',(-0.0332835569799683,-0.019,-0.095525));
#7642=CARTESIAN_POINT('',(0.019,-0.019,-0.095525));
#7643=CARTESIAN_POINT('',(0.019,0.,-0.095525));
#7644=CARTESIAN_POINT('',(0.019,-0.019,-0.061525));
#7645=MECHANICAL_DESIGN_GEOMETRIC_PRESENTATION_REPRESENTATION('',(#3792,
#301,#302,#303,#304,#305,#306,#307,#308,#309,#310,#311,#312,#313,#314,#315,
#316,#317,#318,#319,#320,#321,#322,#323,#324,#325,#326),#7647);
#7646=MECHANICAL_DESIGN_GEOMETRIC_PRESENTATION_REPRESENTATION('',(#3793,
#327,#328,#329,#330,#331,#332,#333,#334,#335,#336,#337,#338,#339,#340,#341,
#342,#343,#344,#345,#346,#347,#348,#349,#350,#351,#352,#353,#354,#355,#356,
#357,#358,#359,#360,#361,#362,#363,#364,#365,#366,#367,#368,#369,#370,#371,
#372,#373,#374,#375,#376,#377,#378,#379,#380,#381,#382,#383,#384,#385,#386,
#387,#388,#389,#390,#391,#392,#393,#394,#395,#396,#397,#398,#399,#400,#401,
#402,#403,#404),#7648);
#7647=(
GEOMETRIC_REPRESENTATION_CONTEXT(3)
GLOBAL_UNCERTAINTY_ASSIGNED_CONTEXT((#7649))
GLOBAL_UNIT_ASSIGNED_CONTEXT((#7655,#7653,#7651))
REPRESENTATION_CONTEXT('JST 4-pin receptacle PCB-1-solid1',
'TOP_LEVEL_ASSEMBLY_PART')
);
#7648=(
GEOMETRIC_REPRESENTATION_CONTEXT(3)
GLOBAL_UNCERTAINTY_ASSIGNED_CONTEXT((#7650))
GLOBAL_UNIT_ASSIGNED_CONTEXT((#7656,#7654,#7652))
REPRESENTATION_CONTEXT('Boss-Extrude1','TOP_LEVEL_ASSEMBLY_PART')
);
#7649=UNCERTAINTY_MEASURE_WITH_UNIT(LENGTH_MEASURE(1.E-8),#7655,
'DISTANCE_ACCURACY_VALUE','Maximum Tolerance applied to model');
#7650=UNCERTAINTY_MEASURE_WITH_UNIT(LENGTH_MEASURE(2.E-5),#7656,
'DISTANCE_ACCURACY_VALUE','Maximum Tolerance applied to model');
#7651=(
NAMED_UNIT(*)
SI_UNIT($,.STERADIAN.)
SOLID_ANGLE_UNIT()
);
#7652=(
NAMED_UNIT(*)
SI_UNIT($,.STERADIAN.)
SOLID_ANGLE_UNIT()
);
#7653=(
NAMED_UNIT(*)
PLANE_ANGLE_UNIT()
SI_UNIT($,.RADIAN.)
);
#7654=(
NAMED_UNIT(*)
PLANE_ANGLE_UNIT()
SI_UNIT($,.RADIAN.)
);
#7655=(
LENGTH_UNIT()
NAMED_UNIT(*)
SI_UNIT($,.METRE.)
);
#7656=(
LENGTH_UNIT()
NAMED_UNIT(*)
SI_UNIT($,.METRE.)
);
#7657=PRODUCT_DEFINITION_SHAPE('','',#7659);
#7658=PRODUCT_DEFINITION_SHAPE('','',#7660);
#7659=PRODUCT_DEFINITION('','',#7663,#7661);
#7660=PRODUCT_DEFINITION('','',#7664,#7662);
#7661=PRODUCT_DEFINITION_CONTEXT('',#7675,'design');
#7662=PRODUCT_DEFINITION_CONTEXT('',#7676,'design');
#7663=PRODUCT_DEFINITION_FORMATION_WITH_SPECIFIED_SOURCE('','',#7667,
 .NOT_KNOWN.);
#7664=PRODUCT_DEFINITION_FORMATION_WITH_SPECIFIED_SOURCE('','',#7668,
 .NOT_KNOWN.);
#7665=PRODUCT_RELATED_PRODUCT_CATEGORY('','',(#7667));
#7666=PRODUCT_RELATED_PRODUCT_CATEGORY('','',(#7668));
#7667=PRODUCT('JST 4-pin receptacle PCB-1-solid1',
'JST 4-pin receptacle PCB-1-solid1','JST 4-pin receptacle PCB-1-solid1',
(#7671));
#7668=PRODUCT('Boss-Extrude1','Boss-Extrude1','Boss-Extrude1',(#7672));
#7669=PRODUCT_CATEGORY('','');
#7670=PRODUCT_CATEGORY('','');
#7671=PRODUCT_CONTEXT('',#7675,'mechanical');
#7672=PRODUCT_CONTEXT('',#7676,'mechanical');
#7673=APPLICATION_PROTOCOL_DEFINITION('international standard',
'ap242_managed_model_based_3d_engineering',2020,#7675);
#7674=APPLICATION_PROTOCOL_DEFINITION('international standard',
'ap242_managed_model_based_3d_engineering',2020,#7676);
#7675=APPLICATION_CONTEXT('managed model based 3d engineering');
#7676=APPLICATION_CONTEXT('managed model based 3d engineering');
ENDSEC;
END-ISO-10303-21;
