Timestamp,Epoch_Time_ms,MAG,D,P1,P2,P3,Instruction,Tag
2026-06-19 17:11:45.630,1781907105630,605.9059,2.7,0,1,0,BUSCANDO SEÑAL...,
2026-06-19 17:11:45.732,1781907105732,605.9059,1.1,0,1,0,BUSCANDO SEÑAL...,
2026-06-19 17:11:45.796,1781907105796,605.9059,5.5,0,1,0,BUSCANDO SEÑAL...,
2026-06-19 17:11:45.858,1781907105858,599.5007,4.7,0,0,0,BUSCANDO SEÑAL...,
2026-06-19 17:11:45.914,1781907105914,599.5007,5.2,0,0,0,BUSCANDO SEÑAL...,
2026-06-19 17:11:45.944,1781907105944,599.5007,1.0,0,0,0,BUSCANDO SEÑAL...,
2026-06-19 17:11:45.945,1781907105945,599.5007,1.4,0,0,0,BUSCANDO SEÑAL...,
2026-06-19 17:11:45.945,1781907105945,599.5007,1.3,0,0,0,BUSCANDO SEÑAL...,
2026-06-19 17:11:45.945,1781907105945,599.5007,3.0,0,1,0,BUSCANDO SEÑAL...,
2026-06-19 17:11:45.945,1781907105945,672.7951,4.6,0,0,0,BUSCANDO SEÑAL...,
2026-06-19 17:11:45.966,1781907105966,672.7951,4.6,0,0,0,BUSCANDO SEÑAL...,
2026-06-19 17:11:46.006,1781907106006,672.7951,4.3,0,1,0,BUSCANDO SEÑAL...,
2026-06-19 17:11:46.046,1781907106046,672.7951,3.8,0,0,0,BUSCANDO SEÑAL...,
2026-06-19 17:11:46.086,1781907106086,672.7951,1.2,0,0,0,BUSCANDO SEÑAL...,
2026-06-19 17:11:46.126,1781907106126,672.7951,4.3,0,0,0,BUSCANDO SEÑAL...,
2026-06-19 17:11:46.166,1781907106166,672.7951,5.1,0,1,0,BUSCANDO SEÑAL...,
2026-06-19 17:11:46.206,1781907106206,584.1553,3.8,0,1,0,BUSCANDO SEÑAL...,
2026-06-19 17:11:46.246,1781907106246,584.1553,4.3,0,1,0,BUSCANDO SEÑAL...,
2026-06-19 17:11:46.286,1781907106286,584.1553,4.2,0,1,0,BUSCANDO SEÑAL...,
2026-06-19 17:11:46.326,1781907106326,584.1553,2.1,0,1,0,BUSCANDO SEÑAL...,
2026-06-19 17:11:46.366,1781907106366,584.1553,4.6,0,1,0,BUSCANDO SEÑAL...,
2026-06-19 17:11:46.406,1781907106406,584.1553,5.1,0,1,0,BUSCANDO SEÑAL...,
2026-06-19 17:11:46.446,1781907106446,639.6594,3.9,0,1,0,BUSCANDO SEÑAL...,
2026-06-19 17:11:46.486,1781907106486,639.6594,0.9,0,1,0,BUSCANDO SEÑAL...,
2026-06-19 17:11:46.526,1781907106526,639.6594,5.2,0,0,0,BUSCANDO SEÑAL...,
2026-06-19 17:11:46.566,1781907106566,639.6594,5.5,0,1,0,BUSCANDO SEÑAL...,
2026-06-19 17:11:46.606,1781907106606,639.6594,3.8,0,1,0,BUSCANDO SEÑAL...,
2026-06-19 17:11:46.646,1781907106646,639.6594,1.5,0,1,0,BUSCANDO SEÑAL...,
2026-06-19 17:11:46.686,1781907106686,639.6594,4.3,0,0,0,BUSCANDO SEÑAL...,
2026-06-19 17:11:46.726,1781907106726,630.4302,4.7,0,1,0,BUSCANDO SEÑAL...,
2026-06-19 17:11:46.766,1781907106766,630.4302,5.6,0,1,0,BUSCANDO SEÑAL...,
2026-06-19 17:11:46.806,1781907106806,630.4302,2.0,0,1,0,BUSCANDO SEÑAL...,
2026-06-19 17:11:46.846,1781907106846,630.4302,5.1,0,1,0,BUSCANDO SEÑAL...,
2026-06-19 17:11:46.886,1781907106886,630.4302,5.1,0,0,0,BUSCANDO SEÑAL...,
2026-06-19 17:11:46.926,1781907106926,630.4302,1.1,0,0,0,BUSCANDO SEÑAL...,
2026-06-19 17:11:46.966,1781907106966,653.4455,3.8,0,1,0,BUSCANDO SEÑAL...,
2026-06-19 17:11:47.006,1781907107006,653.4455,1.7,0,0,0,BUSCANDO SEÑAL...,
2026-06-19 17:11:47.046,1781907107046,653.4455,3.8,0,0,0,BUSCANDO SEÑAL...,
2026-06-19 17:11:47.086,1781907107086,653.4455,4.6,0,0,0,BUSCANDO SEÑAL...,
2026-06-19 17:11:47.126,1781907107126,653.4455,3.8,0,1,0,BUSCANDO SEÑAL...,
2026-06-19 17:11:47.166,1781907107166,653.4455,4.3,0,0,0,BUSCANDO SEÑAL...,
2026-06-19 17:11:47.206,1781907107206,653.4455,1.0,0,1,0,BUSCANDO SEÑAL...,
2026-06-19 17:11:47.246,1781907107246,658.2281,1.2,0,1,0,BUSCANDO SEÑAL...,
2026-06-19 17:11:47.286,1781907107286,658.2281,3.7,0,1,0,BUSCANDO SEÑAL...,
2026-06-19 17:11:47.326,1781907107326,658.2281,3.7,0,1,0,BUSCANDO SEÑAL...,
2026-06-19 17:11:47.366,1781907107366,658.2281,4.7,0,1,0,BUSCANDO SEÑAL...,
2026-06-19 17:11:47.406,1781907107406,658.2281,4.4,0,1,0,BUSCANDO SEÑAL...,
2026-06-19 17:11:47.446,1781907107446,658.2281,5.2,0,0,0,BUSCANDO SEÑAL...,
2026-06-19 17:11:47.486,1781907107486,614.3714,1.0,0,0,0,BUSCANDO SEÑAL...,
2026-06-19 17:11:47.526,1781907107526,614.3714,1.2,0,0,0,BUSCANDO SEÑAL...,
2026-06-19 17:11:47.566,1781907107566,614.3714,5.3,0,0,0,BUSCANDO SEÑAL...,
2026-06-19 17:11:47.606,1781907107606,614.3714,5.3,0,1,0,BUSCANDO SEÑAL...,
2026-06-19 17:11:47.646,1781907107646,614.3714,1.3,0,0,0,BUSCANDO SEÑAL...,
2026-06-19 17:11:47.686,1781907107686,614.3714,5.3,0,0,0,BUSCANDO SEÑAL...,
2026-06-19 17:11:47.726,1781907107726,614.3714,4.4,0,1,0,BUSCANDO SEÑAL...,
2026-06-19 17:11:47.766,1781907107766,692.3735,3.7,0,1,0,BUSCANDO SEÑAL...,
2026-06-19 17:11:47.806,1781907107806,692.3735,4.8,0,1,0,BUSCANDO SEÑAL...,
2026-06-19 17:11:47.846,1781907107846,692.3735,5.8,0,1,0,BUSCANDO SEÑAL...,
2026-06-19 17:11:47.886,1781907107886,692.3735,5.0,0,1,0,BUSCANDO SEÑAL...,
2026-06-19 17:11:47.926,1781907107926,692.3735,3.7,0,1,0,BUSCANDO SEÑAL...,
2026-06-19 17:11:47.966,1781907107966,692.3735,4.5,0,1,0,BUSCANDO SEÑAL...,
2026-06-19 17:11:48.006,1781907108006,667.1835,1.6,0,1,0,BUSCANDO SEÑAL...,
2026-06-19 17:11:48.046,1781907108046,667.1835,3.7,0,0,0,BUSCANDO SEÑAL...,
2026-06-19 17:11:48.086,1781907108086,667.1835,3.9,0,1,0,BUSCANDO SEÑAL...,
2026-06-19 17:11:48.126,1781907108126,667.1835,5.3,0,1,0,BUSCANDO SEÑAL...,
2026-06-19 17:11:48.166,1781907108166,667.1835,4.0,0,0,0,BUSCANDO SEÑAL...,
2026-06-19 17:11:48.206,1781907108206,667.1835,4.5,0,1,0,BUSCANDO SEÑAL...,
2026-06-19 17:11:48.246,1781907108246,667.1835,2.4,0,1,0,BUSCANDO SEÑAL...,
2026-06-19 17:11:48.286,1781907108286,673.699,2.7,0,1,0,BUSCANDO SEÑAL...,
2026-06-19 17:11:48.326,1781907108326,673.699,5.4,0,1,0,BUSCANDO SEÑAL...,
2026-06-19 17:11:48.366,1781907108366,673.699,1.0,0,0,0,BUSCANDO SEÑAL...,
2026-06-19 17:11:48.406,1781907108406,673.699,1.6,0,1,0,BUSCANDO SEÑAL...,
2026-06-19 17:11:48.446,1781907108446,673.699,5.0,0,0,0,BUSCANDO SEÑAL...,
2026-06-19 17:11:48.486,1781907108486,673.699,2.0,0,1,0,BUSCANDO SEÑAL...,
2026-06-19 17:11:48.526,1781907108526,642.5375,5.3,0,0,0,BUSCANDO SEÑAL...,
2026-06-19 17:11:48.566,1781907108566,642.5375,3.6,0,1,0,BUSCANDO SEÑAL...,
2026-06-19 17:11:48.606,1781907108606,642.5375,4.2,0,1,0,BUSCANDO SEÑAL...,
2026-06-19 17:11:48.646,1781907108646,642.5375,4.5,0,1,0,BUSCANDO SEÑAL...,
2026-06-19 17:11:48.686,1781907108686,642.5375,5.0,0,1,0,BUSCANDO SEÑAL...,
2026-06-19 17:11:48.726,1781907108726,642.5375,4.4,0,1,0,BUSCANDO SEÑAL...,
2026-06-19 17:11:48.766,1781907108766,642.5375,5.0,0,1,0,BUSCANDO SEÑAL...,
2026-06-19 17:11:48.806,1781907108806,709.1234,2.0,0,1,0,BUSCANDO SEÑAL...,
2026-06-19 17:11:48.846,1781907108846,709.1234,5.0,0,1,0,BUSCANDO SEÑAL...,
2026-06-19 17:11:48.886,1781907108886,709.1234,2.2,0,1,0,BUSCANDO SEÑAL...,
2026-06-19 17:11:48.926,1781907108926,709.1234,5.0,0,1,0,BUSCANDO SEÑAL...,
2026-06-19 17:11:48.966,1781907108966,709.1234,5.7,0,1,0,BUSCANDO SEÑAL...,
2026-06-19 17:11:49.006,1781907109006,709.1234,5.3,0,1,0,BUSCANDO SEÑAL...,
2026-06-19 17:11:49.046,1781907109046,693.4762,2.5,0,1,0,BUSCANDO SEÑAL...,
2026-06-19 17:11:49.086,1781907109086,693.4762,5.3,0,1,0,BUSCANDO SEÑAL...,
2026-06-19 17:11:49.126,1781907109126,693.4762,4.6,0,0,0,BUSCANDO SEÑAL...,
2026-06-19 17:11:49.166,1781907109166,693.4762,1.7,0,1,0,BUSCANDO SEÑAL...,
2026-06-19 17:11:49.206,1781907109206,693.4762,5.9,0,1,0,BUSCANDO SEÑAL...,
2026-06-19 17:11:49.246,1781907109246,693.4762,2.6,0,0,0,BUSCANDO SEÑAL...,
2026-06-19 17:11:49.286,1781907109286,693.4762,3.5,0,1,0,BUSCANDO SEÑAL...,
2026-06-19 17:11:49.326,1781907109326,684.2029,3.6,0,1,0,BUSCANDO SEÑAL...,
2026-06-19 17:11:49.366,1781907109366,684.2029,4.4,0,1,0,BUSCANDO SEÑAL...,
2026-06-19 17:11:49.406,1781907109406,684.2029,5.2,0,1,0,BUSCANDO SEÑAL...,
2026-06-19 17:11:49.446,1781907109446,684.2029,4.6,0,0,0,BUSCANDO SEÑAL...,
2026-06-19 17:11:49.486,1781907109486,684.2029,4.6,0,1,0,BUSCANDO SEÑAL...,
2026-06-19 17:11:49.526,1781907109526,684.2029,3.9,0,0,0,BUSCANDO SEÑAL...,
2026-06-19 17:11:49.566,1781907109566,840.5825,3.9,0,0,0,BUSCANDO SEÑAL...,
2026-06-19 17:11:49.606,1781907109606,840.5825,3.8,0,1,0,BUSCANDO SEÑAL...,
2026-06-19 17:11:49.646,1781907109646,840.5825,1.3,0,1,0,BUSCANDO SEÑAL...,
2026-06-19 17:11:49.686,1781907109686,840.5825,4.2,0,0,0,BUSCANDO SEÑAL...,
2026-06-19 17:11:49.726,1781907109726,840.5825,4.8,0,0,0,BUSCANDO SEÑAL...,
2026-06-19 17:11:49.766,1781907109766,840.5825,4.3,0,1,0,BUSCANDO SEÑAL...,
2026-06-19 17:11:49.806,1781907109806,840.5825,5.2,0,1,0,BUSCANDO SEÑAL...,
2026-06-19 17:11:49.847,1781907109847,1090.4543,4.3,0,1,0,BUSCANDO SEÑAL...,
2026-06-19 17:11:49.886,1781907109886,1090.4543,4.8,0,0,0,BUSCANDO SEÑAL...,
2026-06-19 17:11:49.926,1781907109926,1090.4543,5.2,0,0,0,BUSCANDO SEÑAL...,
2026-06-19 17:11:49.966,1781907109966,1090.4543,5.2,0,1,0,BUSCANDO SEÑAL...,
2026-06-19 17:11:50.006,1781907110006,1090.4543,1.3,0,0,0,BUSCANDO SEÑAL...,
2026-06-19 17:11:50.046,1781907110046,1090.4543,4.3,0,0,0,BUSCANDO SEÑAL...,
2026-06-19 17:11:50.086,1781907110086,1036.5581,4.8,0,0,0,BUSCANDO SEÑAL...,
2026-06-19 17:11:50.126,1781907110126,1036.5581,5.2,0,0,0,BUSCANDO SEÑAL...,
2026-06-19 17:11:50.166,1781907110166,1036.5581,4.4,0,0,0,BUSCANDO SEÑAL...,
2026-06-19 17:11:50.207,1781907110207,1036.5581,5.3,0,0,0,BUSCANDO SEÑAL...,
2026-06-19 17:11:50.246,1781907110246,1036.5581,4.4,0,0,0,BUSCANDO SEÑAL...,
2026-06-19 17:11:50.287,1781907110287,1036.5581,5.3,0,1,0,BUSCANDO SEÑAL...,
2026-06-19 17:11:50.326,1781907110326,1036.5581,5.3,0,0,0,BUSCANDO SEÑAL...,
2026-06-19 17:11:50.366,1781907110366,1062.8986,4.4,0,0,0,BUSCANDO SEÑAL...,
2026-06-19 17:11:50.407,1781907110407,1062.8986,2.1,0,0,0,BUSCANDO SEÑAL...,
2026-06-19 17:11:50.447,1781907110447,1062.8986,5.2,0,0,0,BUSCANDO SEÑAL...,
2026-06-19 17:11:50.486,1781907110486,1062.8986,4.2,0,0,0,BUSCANDO SEÑAL...,
2026-06-19 17:11:50.526,1781907110526,1062.8986,4.8,0,1,0,BUSCANDO SEÑAL...,
2026-06-19 17:11:50.566,1781907110566,1062.8986,4.8,0,0,0,BUSCANDO SEÑAL...,
2026-06-19 17:11:50.606,1781907110606,2164.7144,5.2,0,1,0,¡ADELANTE! ➡️ (La señal está subiendo),
2026-06-19 17:11:50.647,1781907110647,2164.7144,5.3,0,0,0,¡ADELANTE! ➡️ (La señal está subiendo),
2026-06-19 17:11:50.686,1781907110686,2164.7144,5.2,0,0,0,¡ADELANTE! ➡️ (La señal está subiendo),
2026-06-19 17:11:50.726,1781907110726,2164.7144,5.2,0,0,0,¡ADELANTE! ➡️ (La señal está subiendo),
2026-06-19 17:11:50.766,1781907110766,2164.7144,5.2,0,0,0,¡ADELANTE! ➡️ (La señal está subiendo),
2026-06-19 17:11:50.806,1781907110806,2164.7144,5.2,0,1,0,¡ADELANTE! ➡️ (La señal está subiendo),
2026-06-19 17:11:50.846,1781907110846,2164.7144,4.7,0,0,0,¡ADELANTE! ➡️ (La señal está subiendo),
2026-06-19 17:11:50.886,1781907110886,2628.3486,4.8,0,0,0,¡ADELANTE! ➡️ (La señal está subiendo),
2026-06-19 17:11:50.926,1781907110926,2628.3486,4.7,0,0,0,¡ADELANTE! ➡️ (La señal está subiendo),
2026-06-19 17:11:50.966,1781907110966,2628.3486,4.8,0,0,0,¡ADELANTE! ➡️ (La señal está subiendo),
2026-06-19 17:11:51.006,1781907111006,2628.3486,1.2,0,0,0,🎯 ¡FUGA DETECTADA AQUÍ! 🎯,FUGA
2026-06-19 17:11:51.047,1781907111047,2628.3486,4.8,0,0,0,¡ADELANTE! ➡️ (La señal está subiendo),
2026-06-19 17:11:51.087,1781907111087,2628.3486,5.2,0,0,0,¡ADELANTE! ➡️ (La señal está subiendo),
2026-06-19 17:11:51.126,1781907111126,3649.6372,5.1,0,0,0,¡ADELANTE! ➡️ (La señal está subiendo),
2026-06-19 17:11:51.166,1781907111166,3649.6372,4.8,0,0,0,¡ADELANTE! ➡️ (La señal está subiendo),
2026-06-19 17:11:51.206,1781907111206,3649.6372,4.8,0,0,0,¡ADELANTE! ➡️ (La señal está subiendo),
2026-06-19 17:11:51.247,1781907111247,3649.6372,5.2,0,0,0,¡ADELANTE! ➡️ (La señal está subiendo),
2026-06-19 17:11:51.286,1781907111286,3649.6372,5.7,0,0,0,¡ADELANTE! ➡️ (La señal está subiendo),
2026-06-19 17:11:51.327,1781907111327,3649.6372,4.8,0,0,0,¡ADELANTE! ➡️ (La señal está subiendo),
2026-06-19 17:11:51.366,1781907111366,3649.6372,5.2,0,1,0,¡ADELANTE! ➡️ (La señal está subiendo),
2026-06-19 17:11:51.406,1781907111406,3782.1733,5.2,0,0,0,¡ADELANTE! ➡️ (La señal está subiendo),
2026-06-19 17:11:51.446,1781907111446,3782.1733,4.6,0,0,0,¡ADELANTE! ➡️ (La señal está subiendo),
2026-06-19 17:11:51.487,1781907111487,3782.1733,5.2,0,0,0,¡ADELANTE! ➡️ (La señal está subiendo),
2026-06-19 17:11:51.527,1781907111527,3782.1733,5.2,0,0,0,¡ADELANTE! ➡️ (La señal está subiendo),
2026-06-19 17:11:51.566,1781907111567,3782.1733,5.2,0,0,0,¡ADELANTE! ➡️ (La señal está subiendo),
2026-06-19 17:11:51.606,1781907111606,3782.1733,4.8,0,1,0,¡ADELANTE! ➡️ (La señal está subiendo),
2026-06-19 17:11:51.647,1781907111647,3680.2563,5.2,0,0,0,¡ADELANTE! ➡️ (La señal está subiendo),
2026-06-19 17:11:51.687,1781907111687,3680.2563,5.3,0,0,0,ALINEANDO... ⚠️ (Señal estable),
2026-06-19 17:11:51.726,1781907111726,3680.2563,4.9,0,0,0,ALINEANDO... ⚠️ (Señal estable),
2026-06-19 17:11:51.766,1781907111766,3680.2563,4.8,0,0,0,ALINEANDO... ⚠️ (Señal estable),
2026-06-19 17:11:51.806,1781907111806,3680.2563,5.2,0,0,0,ALINEANDO... ⚠️ (Señal estable),
2026-06-19 17:11:51.846,1781907111846,3680.2563,5.2,0,0,0,ALINEANDO... ⚠️ (Señal estable),
2026-06-19 17:11:51.886,1781907111886,3680.2563,5.2,0,1,0,ALINEANDO... ⚠️ (Señal estable),
2026-06-19 17:11:51.926,1781907111926,3719.7776,5.2,0,0,0,ALINEANDO... ⚠️ (Señal estable),
2026-06-19 17:11:51.966,1781907111966,3719.7776,5.2,0,0,0,ALINEANDO... ⚠️ (Señal estable),
2026-06-19 17:11:52.007,1781907112007,3719.7776,4.9,0,0,0,ALINEANDO... ⚠️ (Señal estable),
2026-06-19 17:11:52.046,1781907112046,3719.7776,5.3,0,0,0,ALINEANDO... ⚠️ (Señal estable),
2026-06-19 17:11:52.086,1781907112086,3719.7776,2.5,0,0,0,ALINEANDO... ⚠️ (Señal estable),
2026-06-19 17:11:52.126,1781907112126,3719.7776,5.2,0,0,0,ALINEANDO... ⚠️ (Señal estable),
2026-06-19 17:11:52.166,1781907112166,3843.1104,4.9,0,0,0,ALINEANDO... ⚠️ (Señal estable),
2026-06-19 17:11:52.206,1781907112206,3843.1104,2.4,0,0,0,ALINEANDO... ⚠️ (Señal estable),
2026-06-19 17:11:52.246,1781907112246,3843.1104,5.3,0,0,0,ALINEANDO... ⚠️ (Señal estable),
2026-06-19 17:11:52.286,1781907112286,3843.1104,5.3,0,0,0,ALINEANDO... ⚠️ (Señal estable),
2026-06-19 17:11:52.326,1781907112326,3843.1104,5.0,0,0,0,¡ADELANTE! ➡️ (La señal está subiendo),
2026-06-19 17:11:52.367,1781907112367,3843.1104,5.3,0,0,0,ALINEANDO... ⚠️ (Señal estable),
2026-06-19 17:11:52.407,1781907112407,3843.1104,5.4,0,0,0,ALINEANDO... ⚠️ (Señal estable),
2026-06-19 17:11:52.447,1781907112447,3811.0374,5.3,0,0,0,ALINEANDO... ⚠️ (Señal estable),
2026-06-19 17:11:52.486,1781907112486,3811.0374,4.0,0,0,0,ALINEANDO... ⚠️ (Señal estable),
2026-06-19 17:11:52.526,1781907112526,3811.0374,5.3,0,0,0,ALINEANDO... ⚠️ (Señal estable),
2026-06-19 17:11:52.566,1781907112566,3811.0374,4.8,0,0,0,ALINEANDO... ⚠️ (Señal estable),
2026-06-19 17:11:52.607,1781907112607,3811.0374,3.7,0,0,0,ALINEANDO... ⚠️ (Señal estable),
2026-06-19 17:11:52.646,1781907112646,3811.0374,5.0,0,0,0,ALINEANDO... ⚠️ (Señal estable),
2026-06-19 17:11:52.686,1781907112686,3896.2065,5.3,0,0,0,ALINEANDO... ⚠️ (Señal estable),
2026-06-19 17:11:52.726,1781907112726,3896.2065,4.5,0,0,0,ALINEANDO... ⚠️ (Señal estable),
2026-06-19 17:11:52.767,1781907112767,3896.2065,4.9,0,0,0,ALINEANDO... ⚠️ (Señal estable),
2026-06-19 17:11:52.806,1781907112806,3896.2065,4.8,0,0,0,ALINEANDO... ⚠️ (Señal estable),
2026-06-19 17:11:52.847,1781907112847,3896.2065,5.2,0,0,0,ALINEANDO... ⚠️ (Señal estable),
2026-06-19 17:11:52.886,1781907112886,3896.2065,5.2,0,0,0,ALINEANDO... ⚠️ (Señal estable),
2026-06-19 17:11:52.927,1781907112927,3896.2065,4.9,0,0,0,ALINEANDO... ⚠️ (Señal estable),
2026-06-19 17:11:52.967,1781907112967,2489.9263,4.9,0,0,0,¡ATRÁS! ⬅️ (Te alejaste o te pasaste),
2026-06-19 17:11:53.007,1781907113007,2489.9263,4.7,0,0,0,¡ATRÁS! ⬅️ (Te alejaste o te pasaste),
2026-06-19 17:11:53.046,1781907113046,2489.9263,5.0,0,0,0,¡ATRÁS! ⬅️ (Te alejaste o te pasaste),
2026-06-19 17:11:53.086,1781907113086,2489.9263,5.2,0,0,0,¡ATRÁS! ⬅️ (Te alejaste o te pasaste),
2026-06-19 17:11:53.126,1781907113126,2489.9263,5.3,0,1,0,¡ATRÁS! ⬅️ (Te alejaste o te pasaste),
2026-06-19 17:11:53.166,1781907113166,2489.9263,5.3,0,0,0,¡ATRÁS! ⬅️ (Te alejaste o te pasaste),
2026-06-19 17:11:53.206,1781907113206,2124.2844,5.3,0,0,0,¡ATRÁS! ⬅️ (Te alejaste o te pasaste),
2026-06-19 17:11:53.246,1781907113247,2124.2844,5.3,0,1,0,¡ATRÁS! ⬅️ (Te alejaste o te pasaste),
2026-06-19 17:11:53.287,1781907113287,2124.2844,4.8,0,0,0,¡ATRÁS! ⬅️ (Te alejaste o te pasaste),
2026-06-19 17:11:53.326,1781907113327,2124.2844,4.9,0,0,0,¡ATRÁS! ⬅️ (Te alejaste o te pasaste),
2026-06-19 17:11:53.366,1781907113366,2124.2844,5.4,0,1,0,¡ATRÁS! ⬅️ (Te alejaste o te pasaste),
2026-06-19 17:11:53.407,1781907113407,2124.2844,5.3,0,0,0,¡ATRÁS! ⬅️ (Te alejaste o te pasaste),
2026-06-19 17:11:53.447,1781907113447,2124.2844,4.5,0,0,0,¡ATRÁS! ⬅️ (Te alejaste o te pasaste),
2026-06-19 17:11:53.486,1781907113486,2090.4648,4.9,0,0,0,¡ATRÁS! ⬅️ (Te alejaste o te pasaste),
2026-06-19 17:11:53.526,1781907113526,2090.4648,4.4,0,0,0,¡ATRÁS! ⬅️ (Te alejaste o te pasaste),
2026-06-19 17:11:53.566,1781907113566,2090.4648,5.0,0,1,0,¡ATRÁS! ⬅️ (Te alejaste o te pasaste),
2026-06-19 17:11:53.607,1781907113607,2090.4648,5.0,0,0,0,¡ATRÁS! ⬅️ (Te alejaste o te pasaste),
2026-06-19 17:11:53.646,1781907113646,2090.4648,5.1,0,0,0,¡ATRÁS! ⬅️ (Te alejaste o te pasaste),
2026-06-19 17:11:53.686,1781907113687,2090.4648,4.6,0,0,0,¡ATRÁS! ⬅️ (Te alejaste o te pasaste),
2026-06-19 17:11:53.727,1781907113727,2120.5337,5.5,0,0,0,ALINEANDO... ⚠️ (Señal estable),
2026-06-19 17:11:53.766,1781907113766,2120.5337,5.1,0,0,0,ALINEANDO... ⚠️ (Señal estable),
2026-06-19 17:11:53.806,1781907113806,2120.5337,5.0,0,0,0,ALINEANDO... ⚠️ (Señal estable),
2026-06-19 17:11:53.847,1781907113847,2120.5337,4.1,0,0,0,ALINEANDO... ⚠️ (Señal estable),
2026-06-19 17:11:53.887,1781907113887,2120.5337,5.0,0,0,0,ALINEANDO... ⚠️ (Señal estable),
2026-06-19 17:11:53.926,1781907113926,2120.5337,4.9,0,0,0,ALINEANDO... ⚠️ (Señal estable),
2026-06-19 17:11:53.966,1781907113966,2120.5337,4.9,0,0,0,ALINEANDO... ⚠️ (Señal estable),
2026-06-19 17:11:54.007,1781907114007,2034.8297,5.0,0,0,0,ALINEANDO... ⚠️ (Señal estable),
2026-06-19 17:11:54.046,1781907114047,2034.8297,4.6,0,0,0,ALINEANDO... ⚠️ (Señal estable),
2026-06-19 17:11:54.086,1781907114086,2034.8297,4.2,0,0,0,ALINEANDO... ⚠️ (Señal estable),
2026-06-19 17:11:54.127,1781907114127,2034.8297,5.2,0,0,0,ALINEANDO... ⚠️ (Señal estable),
2026-06-19 17:11:54.167,1781907114167,2034.8297,5.2,0,0,0,ALINEANDO... ⚠️ (Señal estable),
2026-06-19 17:11:54.206,1781907114207,2034.8297,4.8,0,0,0,ALINEANDO... ⚠️ (Señal estable),
2026-06-19 17:11:54.247,1781907114247,2187.7793,4.7,0,0,0,ALINEANDO... ⚠️ (Señal estable),
2026-06-19 17:11:54.287,1781907114287,2187.7793,5.3,0,0,0,ALINEANDO... ⚠️ (Señal estable),
2026-06-19 17:11:54.326,1781907114326,2187.7793,4.5,0,0,0,ALINEANDO... ⚠️ (Señal estable),
2026-06-19 17:11:54.366,1781907114366,2187.7793,4.2,0,0,0,ALINEANDO... ⚠️ (Señal estable),
2026-06-19 17:11:54.407,1781907114407,2187.7793,4.6,0,0,0,ALINEANDO... ⚠️ (Señal estable),
2026-06-19 17:11:54.447,1781907114447,2187.7793,5.0,0,0,0,ALINEANDO... ⚠️ (Señal estable),
2026-06-19 17:11:54.486,1781907114487,2187.7793,4.6,0,0,0,ALINEANDO... ⚠️ (Señal estable),
2026-06-19 17:11:54.527,1781907114527,3725.2852,4.6,0,0,0,¡ADELANTE! ➡️ (La señal está subiendo),
2026-06-19 17:11:54.567,1781907114567,3725.2852,4.6,0,0,0,🎯 ¡FUGA DETECTADA AQUÍ! 🎯,FUGA
2026-06-19 17:11:54.607,1781907114607,3725.2852,5.4,0,0,0,¡ADELANTE! ➡️ (La señal está subiendo),
2026-06-19 17:11:54.646,1781907114646,3725.2852,4.5,0,0,0,¡ADELANTE! ➡️ (La señal está subiendo),
2026-06-19 17:11:54.687,1781907114687,3725.2852,5.3,0,0,0,¡ADELANTE! ➡️ (La señal está subiendo),
2026-06-19 17:11:54.727,1781907114727,3725.2852,5.3,0,0,0,¡ADELANTE! ➡️ (La señal está subiendo),
2026-06-19 17:11:54.766,1781907114766,2828.2527,5.3,0,0,0,¡ADELANTE! ➡️ (La señal está subiendo),
2026-06-19 17:11:54.806,1781907114807,2828.2527,2.1,0,0,0,¡ADELANTE! ➡️ (La señal está subiendo),
2026-06-19 17:11:54.847,1781907114847,2828.2527,4.9,0,0,0,¡ADELANTE! ➡️ (La señal está subiendo),
2026-06-19 17:11:54.886,1781907114887,2828.2527,4.4,0,0,0,¡ADELANTE! ➡️ (La señal está subiendo),
2026-06-19 17:11:54.927,1781907114927,2828.2527,4.8,0,0,0,¡ADELANTE! ➡️ (La señal está subiendo),
2026-06-19 17:11:54.967,1781907114967,2828.2527,4.9,0,0,0,ALINEANDO... ⚠️ (Señal estable),
2026-06-19 17:11:55.007,1781907115007,2828.2527,5.3,0,0,0,¡ATRÁS! ⬅️ (Te alejaste o te pasaste),
2026-06-19 17:11:55.047,1781907115047,2873.6865,4.8,0,0,0,¡ATRÁS! ⬅️ (Te alejaste o te pasaste),
2026-06-19 17:11:55.087,1781907115087,2873.6865,4.4,0,0,0,¡ATRÁS! ⬅️ (Te alejaste o te pasaste),
2026-06-19 17:11:55.127,1781907115127,2873.6865,5.8,0,0,0,¡ATRÁS! ⬅️ (Te alejaste o te pasaste),
2026-06-19 17:11:55.166,1781907115166,2873.6865,5.2,0,0,0,¡ATRÁS! ⬅️ (Te alejaste o te pasaste),
2026-06-19 17:11:55.207,1781907115207,2873.6865,5.3,0,0,0,¡ATRÁS! ⬅️ (Te alejaste o te pasaste),
2026-06-19 17:11:55.247,1781907115247,2873.6865,4.9,0,0,0,¡ATRÁS! ⬅️ (Te alejaste o te pasaste),
2026-06-19 17:11:55.287,1781907115287,2856.4727,4.3,0,0,0,ALINEANDO... ⚠️ (Señal estable),
2026-06-19 17:11:55.327,1781907115327,2856.4727,5.1,0,0,0,ALINEANDO... ⚠️ (Señal estable),
2026-06-19 17:11:55.366,1781907115366,2856.4727,5.2,0,0,0,ALINEANDO... ⚠️ (Señal estable),
2026-06-19 17:11:55.407,1781907115407,2856.4727,5.2,0,0,0,ALINEANDO... ⚠️ (Señal estable),
2026-06-19 17:11:55.447,1781907115447,2856.4727,4.3,0,0,0,ALINEANDO... ⚠️ (Señal estable),
2026-06-19 17:11:55.487,1781907115487,2856.4727,4.4,0,0,0,ALINEANDO... ⚠️ (Señal estable),
2026-06-19 17:11:55.526,1781907115527,2856.4727,5.1,0,0,0,ALINEANDO... ⚠️ (Señal estable),
2026-06-19 17:11:55.567,1781907115567,2786.606,5.2,0,0,0,ALINEANDO... ⚠️ (Señal estable),
2026-06-19 17:11:55.607,1781907115607,2786.606,4.4,0,0,0,ALINEANDO... ⚠️ (Señal estable),
2026-06-19 17:11:55.647,1781907115647,2786.606,4.8,0,0,0,ALINEANDO... ⚠️ (Señal estable),
2026-06-19 17:11:55.687,1781907115687,2786.606,5.2,0,0,0,ALINEANDO... ⚠️ (Señal estable),
2026-06-19 17:11:55.727,1781907115727,2786.606,4.9,0,0,0,ALINEANDO... ⚠️ (Señal estable),
2026-06-19 17:11:55.767,1781907115767,2786.606,4.7,0,0,0,ALINEANDO... ⚠️ (Señal estable),
2026-06-19 17:11:55.807,1781907115807,3038.5444,4.7,0,0,0,ALINEANDO... ⚠️ (Señal estable),
2026-06-19 17:11:55.847,1781907115847,3038.5444,5.5,0,0,0,ALINEANDO... ⚠️ (Señal estable),
2026-06-19 17:11:55.886,1781907115886,3038.5444,1.1,0,0,0,ALINEANDO... ⚠️ (Señal estable),
2026-06-19 17:11:55.926,1781907115926,3038.5444,4.3,0,0,0,ALINEANDO... ⚠️ (Señal estable),
2026-06-19 17:11:55.967,1781907115967,3038.5444,4.8,0,0,0,¡ADELANTE! ➡️ (La señal está subiendo),
2026-06-19 17:11:56.007,1781907116007,3038.5444,4.8,0,1,0,¡ADELANTE! ➡️ (La señal está subiendo),
2026-06-19 17:11:56.047,1781907116047,3038.5444,4.7,0,1,0,¡ADELANTE! ➡️ (La señal está subiendo),
2026-06-19 17:11:56.087,1781907116087,2975.4546,4.7,0,0,0,¡ADELANTE! ➡️ (La señal está subiendo),
2026-06-19 17:11:56.126,1781907116126,2975.4546,4.6,0,0,0,¡ADELANTE! ➡️ (La señal está subiendo),
2026-06-19 17:11:56.167,1781907116167,2975.4546,4.3,0,1,0,¡ADELANTE! ➡️ (La señal está subiendo),
2026-06-19 17:11:56.207,1781907116207,2975.4546,2.9,0,0,0,¡ADELANTE! ➡️ (La señal está subiendo),
2026-06-19 17:11:56.247,1781907116247,2975.4546,4.8,0,0,0,ALINEANDO... ⚠️ (Señal estable),
2026-06-19 17:11:56.286,1781907116287,2975.4546,4.7,0,0,0,ALINEANDO... ⚠️ (Señal estable),
2026-06-19 17:11:56.327,1781907116327,1855.5826,5.2,0,0,0,¡ATRÁS! ⬅️ (Te alejaste o te pasaste),
2026-06-19 17:11:56.367,1781907116367,1855.5826,5.6,0,0,0,¡ATRÁS! ⬅️ (Te alejaste o te pasaste),
2026-06-19 17:11:56.407,1781907116407,1855.5826,5.3,0,0,0,¡ATRÁS! ⬅️ (Te alejaste o te pasaste),
2026-06-19 17:11:56.447,1781907116447,1855.5826,4.8,0,1,0,¡ATRÁS! ⬅️ (Te alejaste o te pasaste),
2026-06-19 17:11:56.487,1781907116487,1855.5826,4.3,0,0,0,¡ATRÁS! ⬅️ (Te alejaste o te pasaste),
2026-06-19 17:11:56.527,1781907116527,1855.5826,5.2,0,0,0,¡ATRÁS! ⬅️ (Te alejaste o te pasaste),
2026-06-19 17:11:56.566,1781907116567,1855.5826,2.9,0,0,0,¡ATRÁS! ⬅️ (Te alejaste o te pasaste),
2026-06-19 17:11:56.607,1781907116607,1313.9338,1.2,0,0,0,BUSCANDO SEÑAL...,
2026-06-19 17:11:56.647,1781907116647,1313.9338,2.1,0,0,0,BUSCANDO SEÑAL...,
2026-06-19 17:11:56.686,1781907116686,1313.9338,4.8,0,0,0,BUSCANDO SEÑAL...,
2026-06-19 17:11:56.727,1781907116727,1313.9338,4.8,0,0,0,BUSCANDO SEÑAL...,
2026-06-19 17:11:56.767,1781907116767,1313.9338,4.3,0,0,0,BUSCANDO SEÑAL...,
2026-06-19 17:11:56.807,1781907116807,1313.9338,5.2,0,0,0,BUSCANDO SEÑAL...,
2026-06-19 17:11:56.847,1781907116847,1307.5054,3.4,0,0,0,BUSCANDO SEÑAL...,
2026-06-19 17:11:56.887,1781907116887,1307.5054,4.3,0,1,0,BUSCANDO SEÑAL...,
2026-06-19 17:11:56.927,1781907116927,1307.5054,4.7,0,0,0,BUSCANDO SEÑAL...,
2026-06-19 17:11:56.966,1781907116967,1307.5054,2.5,0,1,0,BUSCANDO SEÑAL...,
2026-06-19 17:11:57.006,1781907117006,1307.5054,4.7,0,0,0,BUSCANDO SEÑAL...,
2026-06-19 17:11:57.047,1781907117047,1307.5054,4.3,0,0,0,BUSCANDO SEÑAL...,
2026-06-19 17:11:57.087,1781907117087,1307.5054,5.2,0,0,0,BUSCANDO SEÑAL...,
2026-06-19 17:11:57.127,1781907117127,1291.3843,5.2,0,0,0,BUSCANDO SEÑAL...,
2026-06-19 17:11:57.167,1781907117167,1291.3843,4.8,0,0,0,BUSCANDO SEÑAL...,
2026-06-19 17:11:57.207,1781907117207,1291.3843,4.3,0,0,0,BUSCANDO SEÑAL...,
2026-06-19 17:11:57.247,1781907117247,1291.3843,4.3,0,0,0,BUSCANDO SEÑAL...,
2026-06-19 17:11:57.287,1781907117287,1291.3843,4.8,0,0,0,BUSCANDO SEÑAL...,
2026-06-19 17:11:57.327,1781907117327,1291.3843,4.9,0,1,0,BUSCANDO SEÑAL...,
2026-06-19 17:11:57.367,1781907117367,1329.24,5.1,0,0,0,BUSCANDO SEÑAL...,
2026-06-19 17:11:57.407,1781907117407,1329.24,4.2,0,0,0,BUSCANDO SEÑAL...,
2026-06-19 17:11:57.447,1781907117447,1329.24,4.7,0,0,0,BUSCANDO SEÑAL...,
2026-06-19 17:11:57.487,1781907117487,1329.24,5.3,0,1,0,BUSCANDO SEÑAL...,
2026-06-19 17:11:57.527,1781907117527,1329.24,4.3,0,1,0,BUSCANDO SEÑAL...,
2026-06-19 17:11:57.567,1781907117567,1329.24,5.1,0,0,0,BUSCANDO SEÑAL...,
2026-06-19 17:11:57.607,1781907117607,1329.24,1.5,0,1,0,BUSCANDO SEÑAL...,
2026-06-19 17:11:57.647,1781907117647,1360.2234,5.6,0,0,0,BUSCANDO SEÑAL...,
2026-06-19 17:11:57.687,1781907117687,1360.2234,5.2,0,0,0,BUSCANDO SEÑAL...,
2026-06-19 17:11:57.727,1781907117727,1360.2234,5.1,0,0,0,BUSCANDO SEÑAL...,
2026-06-19 17:11:57.767,1781907117767,1360.2234,5.1,0,1,0,BUSCANDO SEÑAL...,
2026-06-19 17:11:57.807,1781907117807,1360.2234,2.3,0,0,0,BUSCANDO SEÑAL...,
2026-06-19 17:11:57.847,1781907117847,1360.2234,5.2,0,0,0,BUSCANDO SEÑAL...,
2026-06-19 17:11:57.887,1781907117887,1273.5643,3.8,0,0,0,BUSCANDO SEÑAL...,
2026-06-19 17:11:57.927,1781907117927,1273.5643,3.8,0,0,0,BUSCANDO SEÑAL...,
2026-06-19 17:11:57.967,1781907117967,1273.5643,4.1,0,1,0,BUSCANDO SEÑAL...,
2026-06-19 17:11:58.007,1781907118007,1273.5643,4.6,0,1,0,BUSCANDO SEÑAL...,
2026-06-19 17:11:58.047,1781907118047,1273.5643,4.3,0,1,0,BUSCANDO SEÑAL...,
2026-06-19 17:11:58.087,1781907118087,1273.5643,4.1,0,0,0,BUSCANDO SEÑAL...,
2026-06-19 17:11:58.127,1781907118127,1273.5643,4.2,0,0,0,BUSCANDO SEÑAL...,
2026-06-19 17:11:58.167,1781907118167,1463.1877,4.1,0,0,0,BUSCANDO SEÑAL...,
2026-06-19 17:11:58.207,1781907118207,1463.1877,3.9,0,0,0,BUSCANDO SEÑAL...,
2026-06-19 17:11:58.247,1781907118247,1463.1877,3.7,0,0,0,BUSCANDO SEÑAL...,
2026-06-19 17:11:58.287,1781907118287,1463.1877,4.7,0,1,0,BUSCANDO SEÑAL...,
2026-06-19 17:11:58.327,1781907118327,1463.1877,4.3,0,1,0,BUSCANDO SEÑAL...,
2026-06-19 17:11:58.367,1781907118367,1463.1877,4.6,0,0,0,BUSCANDO SEÑAL...,
2026-06-19 17:11:58.407,1781907118407,1539.5308,4.2,0,0,0,¡ADELANTE! ➡️ (La señal está subiendo),
2026-06-19 17:11:58.447,1781907118447,1539.5308,3.8,0,0,0,¡ADELANTE! ➡️ (La señal está subiendo),
2026-06-19 17:11:58.487,1781907118487,1539.5308,3.7,0,1,0,¡ADELANTE! ➡️ (La señal está subiendo),
2026-06-19 17:11:58.527,1781907118527,1539.5308,4.6,0,1,0,¡ADELANTE! ➡️ (La señal está subiendo),
2026-06-19 17:11:58.567,1781907118567,1539.5308,5.0,0,1,0,¡ADELANTE! ➡️ (La señal está subiendo),
2026-06-19 17:11:58.607,1781907118607,1539.5308,4.5,0,1,0,¡ADELANTE! ➡️ (La señal está subiendo),
2026-06-19 17:11:58.647,1781907118647,1539.5308,4.5,0,0,0,¡ADELANTE! ➡️ (La señal está subiendo),
2026-06-19 17:11:58.687,1781907118687,3645.4648,4.5,0,0,0,¡ADELANTE! ➡️ (La señal está subiendo),
2026-06-19 17:11:58.727,1781907118727,3645.4648,4.2,0,1,0,¡ADELANTE! ➡️ (La señal está subiendo),
2026-06-19 17:11:58.767,1781907118767,3645.4648,4.6,0,0,0,🎯 ¡FUGA DETECTADA AQUÍ! 🎯,FUGA
2026-06-19 17:11:58.807,1781907118807,3645.4648,3.8,0,0,0,¡ADELANTE! ➡️ (La señal está subiendo),
2026-06-19 17:11:58.847,1781907118847,3645.4648,3.4,0,0,0,¡ADELANTE! ➡️ (La señal está subiendo),
2026-06-19 17:11:58.887,1781907118887,3645.4648,4.6,0,0,0,¡ADELANTE! ➡️ (La señal está subiendo),
2026-06-19 17:11:58.927,1781907118927,3683.9858,4.2,0,0,0,¡ADELANTE! ➡️ (La señal está subiendo),
2026-06-19 17:11:58.967,1781907118967,3683.9858,4.1,0,0,0,¡ADELANTE! ➡️ (La señal está subiendo),
2026-06-19 17:11:59.007,1781907119007,3683.9858,4.6,0,0,0,¡ADELANTE! ➡️ (La señal está subiendo),
2026-06-19 17:11:59.047,1781907119047,3683.9858,4.3,0,0,0,¡ADELANTE! ➡️ (La señal está subiendo),
2026-06-19 17:11:59.087,1781907119087,3683.9858,3.8,0,0,0,¡ADELANTE! ➡️ (La señal está subiendo),
2026-06-19 17:11:59.127,1781907119127,3683.9858,4.3,0,0,0,¡ADELANTE! ➡️ (La señal está subiendo),
2026-06-19 17:11:59.167,1781907119167,3683.9858,4.6,0,0,0,¡ADELANTE! ➡️ (La señal está subiendo),
2026-06-19 17:11:59.207,1781907119207,3629.2822,4.2,0,0,0,¡ADELANTE! ➡️ (La señal está subiendo),
2026-06-19 17:11:59.247,1781907119247,3629.2822,4.2,0,0,0,ALINEANDO... ⚠️ (Señal estable),
2026-06-19 17:11:59.287,1781907119287,3629.2822,4.7,0,0,0,ALINEANDO... ⚠️ (Señal estable),
2026-06-19 17:11:59.327,1781907119327,3629.2822,3.8,0,0,0,ALINEANDO... ⚠️ (Señal estable),
2026-06-19 17:11:59.367,1781907119367,3629.2822,5.2,0,1,0,ALINEANDO... ⚠️ (Señal estable),
2026-06-19 17:11:59.407,1781907119407,3629.2822,5.2,0,1,0,ALINEANDO... ⚠️ (Señal estable),
2026-06-19 17:11:59.447,1781907119447,3449.0012,4.7,0,0,0,ALINEANDO... ⚠️ (Señal estable),
2026-06-19 17:11:59.487,1781907119487,3449.0012,4.7,0,0,0,ALINEANDO... ⚠️ (Señal estable),
2026-06-19 17:11:59.527,1781907119527,3449.0012,5.0,0,0,0,¡ATRÁS! ⬅️ (Te alejaste o te pasaste),
2026-06-19 17:11:59.567,1781907119567,3449.0012,4.2,0,0,0,¡ATRÁS! ⬅️ (Te alejaste o te pasaste),
2026-06-19 17:11:59.607,1781907119607,3449.0012,4.8,0,0,0,¡ATRÁS! ⬅️ (Te alejaste o te pasaste),
2026-06-19 17:11:59.647,1781907119647,3449.0012,5.1,0,0,0,¡ATRÁS! ⬅️ (Te alejaste o te pasaste),
2026-06-19 17:11:59.687,1781907119687,3449.0012,4.7,0,1,0,¡ATRÁS! ⬅️ (Te alejaste o te pasaste),
2026-06-19 17:11:59.727,1781907119727,3573.562,4.7,0,0,0,¡ATRÁS! ⬅️ (Te alejaste o te pasaste),
2026-06-19 17:11:59.767,1781907119767,3573.562,5.6,0,0,0,ALINEANDO... ⚠️ (Señal estable),
2026-06-19 17:11:59.807,1781907119807,3573.562,4.3,0,0,0,ALINEANDO... ⚠️ (Señal estable),
2026-06-19 17:11:59.847,1781907119847,3573.562,5.2,0,0,0,ALINEANDO... ⚠️ (Señal estable),
2026-06-19 17:11:59.887,1781907119887,3573.562,4.8,0,0,0,ALINEANDO... ⚠️ (Señal estable),
2026-06-19 17:11:59.927,1781907119927,3573.562,5.1,0,0,0,ALINEANDO... ⚠️ (Señal estable),
2026-06-19 17:11:59.967,1781907119967,2999.3689,4.3,0,0,0,ALINEANDO... ⚠️ (Señal estable),
2026-06-19 17:12:00.007,1781907120007,2999.3689,4.3,0,1,0,ALINEANDO... ⚠️ (Señal estable),
2026-06-19 17:12:00.047,1781907120047,2999.3689,4.6,0,0,0,¡ATRÁS! ⬅️ (Te alejaste o te pasaste),
2026-06-19 17:12:00.087,1781907120087,2999.3689,4.6,0,0,0,¡ATRÁS! ⬅️ (Te alejaste o te pasaste),
2026-06-19 17:12:00.127,1781907120127,2999.3689,4.6,0,1,0,¡ATRÁS! ⬅️ (Te alejaste o te pasaste),
2026-06-19 17:12:00.167,1781907120167,2999.3689,4.8,0,0,0,¡ATRÁS! ⬅️ (Te alejaste o te pasaste),
2026-06-19 17:12:00.207,1781907120207,2999.3689,4.7,0,0,0,¡ATRÁS! ⬅️ (Te alejaste o te pasaste),
2026-06-19 17:12:00.247,1781907120247,2442.335,5.1,0,0,0,¡ATRÁS! ⬅️ (Te alejaste o te pasaste),
2026-06-19 17:12:00.287,1781907120287,2442.335,5.2,0,1,0,¡ATRÁS! ⬅️ (Te alejaste o te pasaste),
2026-06-19 17:12:00.327,1781907120327,2442.335,4.6,0,0,0,¡ATRÁS! ⬅️ (Te alejaste o te pasaste),
2026-06-19 17:12:00.367,1781907120367,2442.335,4.8,0,0,0,¡ATRÁS! ⬅️ (Te alejaste o te pasaste),
2026-06-19 17:12:00.407,1781907120407,2442.335,4.3,0,1,0,¡ATRÁS! ⬅️ (Te alejaste o te pasaste),
2026-06-19 17:12:00.447,1781907120447,2442.335,4.3,0,0,0,¡ATRÁS! ⬅️ (Te alejaste o te pasaste),
2026-06-19 17:12:00.487,1781907120487,2444.9092,4.3,0,0,0,¡ATRÁS! ⬅️ (Te alejaste o te pasaste),
2026-06-19 17:12:00.527,1781907120527,2444.9092,4.1,0,1,0,¡ATRÁS! ⬅️ (Te alejaste o te pasaste),
2026-06-19 17:12:00.567,1781907120567,2444.9092,4.3,0,0,0,¡ATRÁS! ⬅️ (Te alejaste o te pasaste),
2026-06-19 17:12:00.607,1781907120607,2444.9092,4.8,0,0,0,¡ATRÁS! ⬅️ (Te alejaste o te pasaste),
2026-06-19 17:12:00.647,1781907120647,2444.9092,4.6,0,0,0,¡ATRÁS! ⬅️ (Te alejaste o te pasaste),
2026-06-19 17:12:00.687,1781907120687,2444.9092,4.7,0,1,0,¡ATRÁS! ⬅️ (Te alejaste o te pasaste),
2026-06-19 17:12:00.727,1781907120727,2444.9092,4.3,0,0,0,¡ATRÁS! ⬅️ (Te alejaste o te pasaste),
2026-06-19 17:12:00.767,1781907120767,2542.8237,4.6,0,1,0,ALINEANDO... ⚠️ (Señal estable),
2026-06-19 17:12:00.807,1781907120807,2542.8237,4.8,0,0,0,🎯 ¡FUGA DETECTADA AQUÍ! 🎯,FUGA
2026-06-19 17:12:00.847,1781907120847,2542.8237,4.2,0,0,0,ALINEANDO... ⚠️ (Señal estable),
2026-06-19 17:12:00.887,1781907120887,2542.8237,4.7,0,1,0,ALINEANDO... ⚠️ (Señal estable),
2026-06-19 17:12:00.927,1781907120927,2542.8237,4.1,0,0,0,ALINEANDO... ⚠️ (Señal estable),
2026-06-19 17:12:00.967,1781907120967,2542.8237,4.2,0,0,0,ALINEANDO... ⚠️ (Señal estable),
2026-06-19 17:12:01.007,1781907121007,2490.0288,4.6,0,1,0,ALINEANDO... ⚠️ (Señal estable),
2026-06-19 17:12:01.047,1781907121047,2490.0288,4.5,0,0,0,ALINEANDO... ⚠️ (Señal estable),
2026-06-19 17:12:01.087,1781907121087,2490.0288,4.5,0,1,0,ALINEANDO... ⚠️ (Señal estable),
2026-06-19 17:12:01.127,1781907121127,2490.0288,4.6,0,0,0,ALINEANDO... ⚠️ (Señal estable),
2026-06-19 17:12:01.167,1781907121167,2490.0288,4.7,0,0,0,ALINEANDO... ⚠️ (Señal estable),
2026-06-19 17:12:01.207,1781907121207,2490.0288,4.2,0,0,0,ALINEANDO... ⚠️ (Señal estable),
2026-06-19 17:12:01.247,1781907121247,2490.0288,4.6,0,1,0,ALINEANDO... ⚠️ (Señal estable),
2026-06-19 17:12:01.287,1781907121287,2522.5681,4.6,0,1,0,ALINEANDO... ⚠️ (Señal estable),
2026-06-19 17:12:01.327,1781907121327,2522.5681,4.6,0,1,0,ALINEANDO... ⚠️ (Señal estable),
2026-06-19 17:12:01.367,1781907121367,2522.5681,4.5,0,1,0,ALINEANDO... ⚠️ (Señal estable),
2026-06-19 17:12:01.407,1781907121407,2522.5681,4.9,0,0,0,ALINEANDO... ⚠️ (Señal estable),
2026-06-19 17:12:01.447,1781907121447,2522.5681,5.3,0,1,0,ALINEANDO... ⚠️ (Señal estable),
2026-06-19 17:12:01.487,1781907121487,2522.5681,4.4,0,1,0,ALINEANDO... ⚠️ (Señal estable),
2026-06-19 17:12:01.529,1781907121529,2706.5049,4.9,0,0,0,ALINEANDO... ⚠️ (Señal estable),
2026-06-19 17:12:01.567,1781907121567,2706.5049,4.5,0,0,0,ALINEANDO... ⚠️ (Señal estable),
2026-06-19 17:12:01.607,1781907121607,2706.5049,4.2,0,1,0,ALINEANDO... ⚠️ (Señal estable),
2026-06-19 17:12:01.647,1781907121647,2706.5049,4.7,0,0,0,¡ADELANTE! ➡️ (La señal está subiendo),
2026-06-19 17:12:01.687,1781907121687,2706.5049,4.2,0,0,0,¡ADELANTE! ➡️ (La señal está subiendo),
2026-06-19 17:12:01.727,1781907121727,2706.5049,4.6,0,0,0,¡ADELANTE! ➡️ (La señal está subiendo),
2026-06-19 17:12:01.767,1781907121767,2706.5049,4.6,0,0,0,¡ADELANTE! ➡️ (La señal está subiendo),
2026-06-19 17:12:01.807,1781907121807,2949.2903,4.5,0,0,0,¡ADELANTE! ➡️ (La señal está subiendo),
2026-06-19 17:12:01.847,1781907121847,2949.2903,4.1,0,0,0,¡ADELANTE! ➡️ (La señal está subiendo),
2026-06-19 17:12:01.887,1781907121887,2949.2903,4.3,0,0,0,¡ADELANTE! ➡️ (La señal está subiendo),
2026-06-19 17:12:01.927,1781907121927,2949.2903,4.6,0,0,0,¡ADELANTE! ➡️ (La señal está subiendo),
2026-06-19 17:12:01.967,1781907121967,2949.2903,4.2,0,0,0,¡ADELANTE! ➡️ (La señal está subiendo),
2026-06-19 17:12:02.007,1781907122007,2949.2903,4.6,0,0,0,¡ADELANTE! ➡️ (La señal está subiendo),
2026-06-19 17:12:02.047,1781907122047,3700.3948,4.6,0,0,0,¡ADELANTE! ➡️ (La señal está subiendo),
2026-06-19 17:12:02.087,1781907122087,3700.3948,4.6,0,0,0,¡ADELANTE! ➡️ (La señal está subiendo),
2026-06-19 17:12:02.127,1781907122127,3700.3948,4.6,0,0,0,¡ADELANTE! ➡️ (La señal está subiendo),
2026-06-19 17:12:02.167,1781907122167,3700.3948,4.2,0,1,0,¡ADELANTE! ➡️ (La señal está subiendo),
2026-06-19 17:12:02.207,1781907122207,3700.3948,4.2,0,1,0,¡ADELANTE! ➡️ (La señal está subiendo),
2026-06-19 17:12:02.247,1781907122247,3700.3948,4.5,0,0,0,¡ADELANTE! ➡️ (La señal está subiendo),
2026-06-19 17:12:02.287,1781907122287,3700.3948,4.2,0,1,0,¡ADELANTE! ➡️ (La señal está subiendo),
2026-06-19 17:12:02.327,1781907122327,3442.8938,4.1,0,0,0,¡ADELANTE! ➡️ (La señal está subiendo),
2026-06-19 17:12:02.367,1781907122367,3442.8938,4.5,0,0,0,¡ADELANTE! ➡️ (La señal está subiendo),
2026-06-19 17:12:02.407,1781907122407,3442.8938,3.7,0,0,0,¡ADELANTE! ➡️ (La señal está subiendo),
2026-06-19 17:12:02.447,1781907122447,3442.8938,3.8,0,0,0,¡ADELANTE! ➡️ (La señal está subiendo),
2026-06-19 17:12:02.487,1781907122487,3442.8938,4.6,0,1,0,¡ADELANTE! ➡️ (La señal está subiendo),
2026-06-19 17:12:02.527,1781907122527,3442.8938,4.1,0,1,0,ALINEANDO... ⚠️ (Señal estable),
2026-06-19 17:12:02.567,1781907122567,3425.9988,4.1,0,0,0,ALINEANDO... ⚠️ (Señal estable),
2026-06-19 17:12:02.607,1781907122607,3425.9988,3.7,0,0,0,¡ATRÁS! ⬅️ (Te alejaste o te pasaste),
2026-06-19 17:12:02.647,1781907122647,3425.9988,5.1,0,0,0,¡ATRÁS! ⬅️ (Te alejaste o te pasaste),
2026-06-19 17:12:02.687,1781907122687,3425.9988,4.7,0,0,0,¡ATRÁS! ⬅️ (Te alejaste o te pasaste),
2026-06-19 17:12:02.727,1781907122727,3425.9988,4.6,0,0,0,¡ATRÁS! ⬅️ (Te alejaste o te pasaste),
2026-06-19 17:12:02.767,1781907122767,3425.9988,5.1,0,1,0,¡ATRÁS! ⬅️ (Te alejaste o te pasaste),
2026-06-19 17:12:02.807,1781907122807,3425.9988,4.1,0,0,0,ALINEANDO... ⚠️ (Señal estable),
2026-06-19 17:12:02.847,1781907122847,3599.7881,5.0,0,0,0,ALINEANDO... ⚠️ (Señal estable),
2026-06-19 17:12:02.887,1781907122887,3599.7881,4.3,0,0,0,ALINEANDO... ⚠️ (Señal estable),
2026-06-19 17:12:02.927,1781907122927,3599.7881,4.6,0,0,0,ALINEANDO... ⚠️ (Señal estable),
2026-06-19 17:12:02.967,1781907122967,3599.7881,4.2,0,0,0,ALINEANDO... ⚠️ (Señal estable),
2026-06-19 17:12:03.007,1781907123007,3599.7881,4.2,0,0,0,¡ADELANTE! ➡️ (La señal está subiendo),
2026-06-19 17:12:03.047,1781907123047,3599.7881,4.2,0,0,0,¡ADELANTE! ➡️ (La señal está subiendo),
2026-06-19 17:12:03.087,1781907123087,3665.895,4.2,0,0,0,¡ADELANTE! ➡️ (La señal está subiendo),
2026-06-19 17:12:03.127,1781907123127,3665.895,4.3,0,1,0,¡ADELANTE! ➡️ (La señal está subiendo),
2026-06-19 17:12:03.167,1781907123167,3665.895,4.1,0,0,0,¡ADELANTE! ➡️ (La señal está subiendo),
2026-06-19 17:12:03.207,1781907123207,3665.895,4.2,0,1,0,¡ADELANTE! ➡️ (La señal está subiendo),
2026-06-19 17:12:03.247,1781907123247,3665.895,4.6,0,0,0,¡ADELANTE! ➡️ (La señal está subiendo),
2026-06-19 17:12:03.287,1781907123287,3665.895,3.7,0,0,0,¡ADELANTE! ➡️ (La señal está subiendo),
2026-06-19 17:12:03.327,1781907123327,3665.895,4.6,0,0,0,ALINEANDO... ⚠️ (Señal estable),
2026-06-19 17:12:03.367,1781907123367,3687.792,4.6,0,0,0,ALINEANDO... ⚠️ (Señal estable),
2026-06-19 17:12:03.407,1781907123407,3687.792,4.6,0,0,0,ALINEANDO... ⚠️ (Señal estable),
2026-06-19 17:12:03.447,1781907123447,3687.792,4.3,0,0,0,ALINEANDO... ⚠️ (Señal estable),
2026-06-19 17:12:03.487,1781907123487,3687.792,4.5,0,0,0,ALINEANDO... ⚠️ (Señal estable),
2026-06-19 17:12:03.527,1781907123527,3687.792,4.3,0,0,0,ALINEANDO... ⚠️ (Señal estable),
2026-06-19 17:12:03.567,1781907123567,3687.792,4.2,0,1,0,ALINEANDO... ⚠️ (Señal estable),
2026-06-19 17:12:03.607,1781907123607,3135.3826,4.2,0,0,0,ALINEANDO... ⚠️ (Señal estable),
2026-06-19 17:12:03.647,1781907123647,3135.3826,3.4,0,0,0,¡ATRÁS! ⬅️ (Te alejaste o te pasaste),
2026-06-19 17:12:03.687,1781907123687,3135.3826,4.1,0,0,0,¡ATRÁS! ⬅️ (Te alejaste o te pasaste),
2026-06-19 17:12:03.727,1781907123727,3135.3826,4.7,0,0,0,¡ATRÁS! ⬅️ (Te alejaste o te pasaste),
2026-06-19 17:12:03.767,1781907123767,3135.3826,4.7,0,0,0,¡ATRÁS! ⬅️ (Te alejaste o te pasaste),
2026-06-19 17:12:03.807,1781907123807,3135.3826,4.7,0,0,0,¡ATRÁS! ⬅️ (Te alejaste o te pasaste),
2026-06-19 17:12:03.847,1781907123847,3135.3826,4.7,0,0,0,¡ATRÁS! ⬅️ (Te alejaste o te pasaste),
2026-06-19 17:12:03.887,1781907123887,2511.572,3.7,0,0,0,¡ATRÁS! ⬅️ (Te alejaste o te pasaste),
2026-06-19 17:12:03.927,1781907123927,2511.572,4.2,0,1,0,¡ATRÁS! ⬅️ (Te alejaste o te pasaste),
2026-06-19 17:12:03.967,1781907123967,2511.572,4.5,0,0,0,¡ATRÁS! ⬅️ (Te alejaste o te pasaste),
2026-06-19 17:12:04.007,1781907124007,2511.572,4.5,0,0,0,¡ATRÁS! ⬅️ (Te alejaste o te pasaste),
2026-06-19 17:12:04.047,1781907124047,2511.572,4.2,0,0,0,¡ATRÁS! ⬅️ (Te alejaste o te pasaste),
2026-06-19 17:12:04.087,1781907124087,2511.572,3.4,0,1,0,¡ATRÁS! ⬅️ (Te alejaste o te pasaste),
2026-06-19 17:12:04.127,1781907124127,2803.4661,3.7,0,0,0,¡ATRÁS! ⬅️ (Te alejaste o te pasaste),
2026-06-19 17:12:04.167,1781907124167,2803.4661,4.2,0,1,0,¡ATRÁS! ⬅️ (Te alejaste o te pasaste),
2026-06-19 17:12:04.207,1781907124207,2803.4661,4.2,0,0,0,¡ATRÁS! ⬅️ (Te alejaste o te pasaste),
2026-06-19 17:12:04.247,1781907124247,2803.4661,5.0,0,0,0,¡ATRÁS! ⬅️ (Te alejaste o te pasaste),
2026-06-19 17:12:04.287,1781907124287,2803.4661,4.8,0,0,0,¡ATRÁS! ⬅️ (Te alejaste o te pasaste),
2026-06-19 17:12:04.327,1781907124327,2803.4661,4.4,0,0,0,ALINEANDO... ⚠️ (Señal estable),
2026-06-19 17:12:04.367,1781907124367,2803.4661,4.4,0,0,0,ALINEANDO... ⚠️ (Señal estable),
2026-06-19 17:12:04.407,1781907124407,3738.4973,4.0,0,0,0,¡ADELANTE! ➡️ (La señal está subiendo),
2026-06-19 17:12:04.447,1781907124447,3738.4973,4.5,0,0,0,🎯 ¡FUGA DETECTADA AQUÍ! 🎯,FUGA
2026-06-19 17:12:04.487,1781907124487,3738.4973,4.3,0,1,0,¡ADELANTE! ➡️ (La señal está subiendo),
2026-06-19 17:12:04.527,1781907124527,3738.4973,4.2,0,0,0,¡ADELANTE! ➡️ (La señal está subiendo),
2026-06-19 17:12:04.567,1781907124567,3738.4973,4.6,0,0,0,¡ADELANTE! ➡️ (La señal está subiendo),
2026-06-19 17:12:04.607,1781907124607,3738.4973,4.6,0,0,0,¡ADELANTE! ➡️ (La señal está subiendo),
2026-06-19 17:12:04.647,1781907124647,3296.1201,4.2,0,0,0,¡ADELANTE! ➡️ (La señal está subiendo),
2026-06-19 17:12:04.687,1781907124687,3296.1201,4.6,0,0,0,¡ADELANTE! ➡️ (La señal está subiendo),
2026-06-19 17:12:04.727,1781907124727,3296.1201,4.3,0,0,0,¡ADELANTE! ➡️ (La señal está subiendo),
2026-06-19 17:12:04.767,1781907124767,3296.1201,4.6,0,0,0,¡ADELANTE! ➡️ (La señal está subiendo),
2026-06-19 17:12:04.807,1781907124807,3296.1201,4.2,0,0,0,¡ADELANTE! ➡️ (La señal está subiendo),
2026-06-19 17:12:04.847,1781907124847,3296.1201,4.6,0,0,0,ALINEANDO... ⚠️ (Señal estable),
2026-06-19 17:12:04.887,1781907124887,3296.1201,4.6,0,0,0,ALINEANDO... ⚠️ (Señal estable),
2026-06-19 17:12:04.927,1781907124927,3160.2756,4.6,0,0,0,¡ATRÁS! ⬅️ (Te alejaste o te pasaste),
2026-06-19 17:12:04.967,1781907124967,3160.2756,4.1,0,0,0,¡ATRÁS! ⬅️ (Te alejaste o te pasaste),
2026-06-19 17:12:05.007,1781907125007,3160.2756,4.5,0,1,0,¡ATRÁS! ⬅️ (Te alejaste o te pasaste),
2026-06-19 17:12:05.047,1781907125047,3160.2756,4.5,0,0,0,¡ATRÁS! ⬅️ (Te alejaste o te pasaste),
2026-06-19 17:12:05.087,1781907125087,3160.2756,4.5,0,0,0,¡ATRÁS! ⬅️ (Te alejaste o te pasaste),
2026-06-19 17:12:05.127,1781907125127,3160.2756,4.5,0,0,0,¡ATRÁS! ⬅️ (Te alejaste o te pasaste),
2026-06-19 17:12:05.167,1781907125167,2651.2036,4.6,0,0,0,¡ATRÁS! ⬅️ (Te alejaste o te pasaste),
2026-06-19 17:12:05.207,1781907125207,2651.2036,4.6,0,0,0,¡ATRÁS! ⬅️ (Te alejaste o te pasaste),
2026-06-19 17:12:05.247,1781907125247,2651.2036,4.5,0,0,0,¡ATRÁS! ⬅️ (Te alejaste o te pasaste),
2026-06-19 17:12:05.287,1781907125287,2651.2036,5.0,0,1,0,¡ATRÁS! ⬅️ (Te alejaste o te pasaste),
2026-06-19 17:12:05.327,1781907125327,2651.2036,4.6,0,0,0,¡ATRÁS! ⬅️ (Te alejaste o te pasaste),
2026-06-19 17:12:05.367,1781907125367,2651.2036,4.5,0,1,0,¡ATRÁS! ⬅️ (Te alejaste o te pasaste),
2026-06-19 17:12:05.407,1781907125407,2651.2036,4.9,0,1,0,¡ATRÁS! ⬅️ (Te alejaste o te pasaste),
2026-06-19 17:12:05.447,1781907125447,2706.4434,4.4,0,1,0,¡ATRÁS! ⬅️ (Te alejaste o te pasaste),
2026-06-19 17:12:05.487,1781907125487,2706.4434,4.8,0,1,0,¡ATRÁS! ⬅️ (Te alejaste o te pasaste),
2026-06-19 17:12:05.527,1781907125527,2706.4434,4.4,0,1,0,¡ATRÁS! ⬅️ (Te alejaste o te pasaste),
2026-06-19 17:12:05.567,1781907125567,2706.4434,4.4,0,1,0,¡ATRÁS! ⬅️ (Te alejaste o te pasaste),
2026-06-19 17:12:05.607,1781907125607,2706.4434,4.3,0,0,0,¡ATRÁS! ⬅️ (Te alejaste o te pasaste),
2026-06-19 17:12:05.647,1781907125647,2706.4434,4.8,0,1,0,ALINEANDO... ⚠️ (Señal estable),
2026-06-19 17:12:05.687,1781907125687,2735.0601,4.8,0,1,0,ALINEANDO... ⚠️ (Señal estable),
2026-06-19 17:12:05.727,1781907125727,2735.0601,4.3,0,1,0,ALINEANDO... ⚠️ (Señal estable),
2026-06-19 17:12:05.767,1781907125767,2735.0601,4.3,0,0,0,ALINEANDO... ⚠️ (Señal estable),
2026-06-19 17:12:05.807,1781907125807,2735.0601,4.7,0,1,0,ALINEANDO... ⚠️ (Señal estable),
2026-06-19 17:12:05.847,1781907125847,2735.0601,4.3,0,1,0,ALINEANDO... ⚠️ (Señal estable),
2026-06-19 17:12:05.887,1781907125887,2735.0601,4.3,0,0,0,ALINEANDO... ⚠️ (Señal estable),
2026-06-19 17:12:05.927,1781907125927,2735.0601,4.3,0,1,0,ALINEANDO... ⚠️ (Señal estable),
2026-06-19 17:12:05.967,1781907125967,2746.406,4.3,0,0,0,ALINEANDO... ⚠️ (Señal estable),
2026-06-19 17:12:06.007,1781907126007,2746.406,4.3,0,1,0,ALINEANDO... ⚠️ (Señal estable),
2026-06-19 17:12:06.047,1781907126047,2746.406,4.1,0,1,0,ALINEANDO... ⚠️ (Señal estable),
2026-06-19 17:12:06.087,1781907126087,2746.406,4.3,0,0,0,ALINEANDO... ⚠️ (Señal estable),
2026-06-19 17:12:06.127,1781907126127,2746.406,4.7,0,0,0,ALINEANDO... ⚠️ (Señal estable),
2026-06-19 17:12:06.167,1781907126167,2746.406,3.8,0,1,0,ALINEANDO... ⚠️ (Señal estable),
2026-06-19 17:12:06.207,1781907126207,2794.1821,4.7,0,1,0,ALINEANDO... ⚠️ (Señal estable),
2026-06-19 17:12:06.247,1781907126247,2794.1821,4.2,0,1,0,ALINEANDO... ⚠️ (Señal estable),
2026-06-19 17:12:06.287,1781907126287,2794.1821,4.3,0,1,0,ALINEANDO... ⚠️ (Señal estable),
2026-06-19 17:12:06.327,1781907126327,2794.1821,4.3,0,0,0,ALINEANDO... ⚠️ (Señal estable),
2026-06-19 17:12:06.367,1781907126367,2794.1821,3.8,0,1,0,ALINEANDO... ⚠️ (Señal estable),
2026-06-19 17:12:06.407,1781907126407,2794.1821,4.3,0,1,0,ALINEANDO... ⚠️ (Señal estable),
2026-06-19 17:12:06.447,1781907126447,2794.1821,4.3,0,0,0,ALINEANDO... ⚠️ (Señal estable),
2026-06-19 17:12:06.487,1781907126487,3057.707,4.3,0,1,0,ALINEANDO... ⚠️ (Señal estable),
2026-06-19 17:12:06.527,1781907126527,3057.707,4.3,0,1,0,¡ADELANTE! ➡️ (La señal está subiendo),
2026-06-19 17:12:06.567,1781907126567,3057.707,4.3,0,1,0,¡ADELANTE! ➡️ (La señal está subiendo),
2026-06-19 17:12:06.607,1781907126607,3057.707,4.3,0,0,0,¡ADELANTE! ➡️ (La señal está subiendo),
2026-06-19 17:12:06.647,1781907126647,3057.707,3.9,0,1,0,¡ADELANTE! ➡️ (La señal está subiendo),
2026-06-19 17:12:06.687,1781907126687,3057.707,4.3,0,1,0,¡ADELANTE! ➡️ (La señal está subiendo),
2026-06-19 17:12:06.727,1781907126727,3191.1987,4.8,0,0,0,¡ADELANTE! ➡️ (La señal está subiendo),
2026-06-19 17:12:06.767,1781907126767,3191.1987,4.9,0,0,0,¡ADELANTE! ➡️ (La señal está subiendo),
2026-06-19 17:12:06.807,1781907126807,3191.1987,4.3,0,0,0,¡ADELANTE! ➡️ (La señal está subiendo),
2026-06-19 17:12:06.847,1781907126847,3191.1987,4.7,0,0,0,¡ADELANTE! ➡️ (La señal está subiendo),
2026-06-19 17:12:06.887,1781907126887,3191.1987,4.3,0,0,0,¡ADELANTE! ➡️ (La señal está subiendo),
2026-06-19 17:12:06.927,1781907126927,3191.1987,4.3,0,1,0,¡ADELANTE! ➡️ (La señal está subiendo),
2026-06-19 17:12:06.967,1781907126967,3191.1987,4.7,0,1,0,¡ADELANTE! ➡️ (La señal está subiendo),
2026-06-19 17:12:07.007,1781907127007,3493.8052,4.3,0,1,0,¡ADELANTE! ➡️ (La señal está subiendo),
2026-06-19 17:12:07.047,1781907127047,3493.8052,4.7,0,0,0,¡ADELANTE! ➡️ (La señal está subiendo),
2026-06-19 17:12:07.087,1781907127087,3493.8052,4.4,0,0,0,¡ADELANTE! ➡️ (La señal está subiendo),
2026-06-19 17:12:07.127,1781907127127,3493.8052,4.3,0,1,0,¡ADELANTE! ➡️ (La señal está subiendo),
2026-06-19 17:12:07.167,1781907127167,3493.8052,4.8,0,0,0,¡ADELANTE! ➡️ (La señal está subiendo),
2026-06-19 17:12:07.207,1781907127207,3493.8052,4.8,0,0,0,¡ADELANTE! ➡️ (La señal está subiendo),
2026-06-19 17:12:07.247,1781907127247,3322.1082,4.3,0,1,0,¡ADELANTE! ➡️ (La señal está subiendo),
2026-06-19 17:12:07.287,1781907127287,3322.1082,4.7,0,0,0,¡ADELANTE! ➡️ (La señal está subiendo),
2026-06-19 17:12:07.327,1781907127327,3322.1082,4.9,0,0,0,¡ADELANTE! ➡️ (La señal está subiendo),
2026-06-19 17:12:07.367,1781907127367,3322.1082,5.2,0,1,0,¡ADELANTE! ➡️ (La señal está subiendo),
2026-06-19 17:12:07.407,1781907127407,3322.1082,4.9,0,0,0,ALINEANDO... ⚠️ (Señal estable),
2026-06-19 17:12:07.447,1781907127447,3322.1082,4.4,0,0,0,ALINEANDO... ⚠️ (Señal estable),
2026-06-19 17:12:07.487,1781907127487,3322.1082,4.4,0,1,0,ALINEANDO... ⚠️ (Señal estable),
2026-06-19 17:12:07.527,1781907127527,3416.8928,4.8,0,0,0,ALINEANDO... ⚠️ (Señal estable),
2026-06-19 17:12:07.567,1781907127567,3416.8928,4.7,0,1,0,ALINEANDO... ⚠️ (Señal estable),
2026-06-19 17:12:07.607,1781907127607,3416.8928,4.3,0,1,0,ALINEANDO... ⚠️ (Señal estable),
2026-06-19 17:12:07.647,1781907127647,3416.8928,5.0,0,0,0,ALINEANDO... ⚠️ (Señal estable),
2026-06-19 17:12:07.687,1781907127687,3416.8928,4.7,0,0,0,ALINEANDO... ⚠️ (Señal estable),
2026-06-19 17:12:07.727,1781907127727,3416.8928,4.2,0,0,0,ALINEANDO... ⚠️ (Señal estable),
2026-06-19 17:12:07.767,1781907127767,3830.0977,4.7,0,0,0,ALINEANDO... ⚠️ (Señal estable),
2026-06-19 17:12:07.807,1781907127807,3830.0977,4.8,0,1,0,¡ADELANTE! ➡️ (La señal está subiendo),
2026-06-19 17:12:07.847,1781907127847,3830.0977,4.3,0,0,0,¡ADELANTE! ➡️ (La señal está subiendo),
2026-06-19 17:12:07.887,1781907127887,3830.0977,4.4,0,0,0,¡ADELANTE! ➡️ (La señal está subiendo),
2026-06-19 17:12:07.927,1781907127927,3830.0977,4.8,0,0,0,¡ADELANTE! ➡️ (La señal está subiendo),
2026-06-19 17:12:07.967,1781907127967,3830.0977,4.3,0,0,0,¡ADELANTE! ➡️ (La señal está subiendo),
2026-06-19 17:12:08.007,1781907128007,3830.0977,4.9,0,0,0,¡ADELANTE! ➡️ (La señal está subiendo),
2026-06-19 17:12:08.047,1781907128047,3770.8301,4.8,0,1,0,¡ADELANTE! ➡️ (La señal está subiendo),
2026-06-19 17:12:08.087,1781907128087,3770.8301,4.7,0,0,0,🎯 ¡FUGA DETECTADA AQUÍ! 🎯,FUGA
2026-06-19 17:12:08.127,1781907128127,3770.8301,4.9,0,1,0,¡ADELANTE! ➡️ (La señal está subiendo),
2026-06-19 17:12:08.167,1781907128167,3770.8301,4.8,0,0,0,¡ADELANTE! ➡️ (La señal está subiendo),
2026-06-19 17:12:08.207,1781907128207,3770.8301,4.9,0,0,0,¡ADELANTE! ➡️ (La señal está subiendo),
2026-06-19 17:12:08.253,1781907128253,3770.8301,4.9,0,0,0,ALINEANDO... ⚠️ (Señal estable),
2026-06-19 17:12:08.287,1781907128287,3641.3853,4.9,0,0,0,ALINEANDO... ⚠️ (Señal estable),
2026-06-19 17:12:08.327,1781907128327,3641.3853,4.4,0,1,0,ALINEANDO... ⚠️ (Señal estable),
2026-06-19 17:12:08.367,1781907128367,3641.3853,5.0,0,0,0,ALINEANDO... ⚠️ (Señal estable),
2026-06-19 17:12:08.407,1781907128407,3641.3853,5.0,0,0,0,¡ATRÁS! ⬅️ (Te alejaste o te pasaste),
2026-06-19 17:12:08.447,1781907128447,3641.3853,4.9,0,0,0,¡ATRÁS! ⬅️ (Te alejaste o te pasaste),
2026-06-19 17:12:08.487,1781907128487,3641.3853,4.9,0,1,0,¡ATRÁS! ⬅️ (Te alejaste o te pasaste),
2026-06-19 17:12:08.527,1781907128527,3641.3853,4.4,0,1,0,¡ATRÁS! ⬅️ (Te alejaste o te pasaste),
2026-06-19 17:12:08.567,1781907128567,3767.4482,4.4,0,0,0,ALINEANDO... ⚠️ (Señal estable),
2026-06-19 17:12:08.607,1781907128607,3767.4482,4.5,0,1,0,ALINEANDO... ⚠️ (Señal estable),
2026-06-19 17:12:08.647,1781907128647,3767.4482,4.4,0,0,0,ALINEANDO... ⚠️ (Señal estable),
2026-06-19 17:12:08.687,1781907128687,3767.4482,4.8,0,0,0,ALINEANDO... ⚠️ (Señal estable),
2026-06-19 17:12:08.727,1781907128727,3767.4482,5.0,0,0,0,ALINEANDO... ⚠️ (Señal estable),
2026-06-19 17:12:08.767,1781907128767,3767.4482,4.5,0,1,0,ALINEANDO... ⚠️ (Señal estable),
2026-06-19 17:12:08.807,1781907128807,4518.457,4.9,0,1,0,¡ADELANTE! ➡️ (La señal está subiendo),
2026-06-19 17:12:08.847,1781907128847,4518.457,4.5,0,0,0,¡ADELANTE! ➡️ (La señal está subiendo),
2026-06-19 17:12:08.887,1781907128887,4518.457,4.9,0,0,0,¡ADELANTE! ➡️ (La señal está subiendo),
2026-06-19 17:12:08.927,1781907128927,4518.457,4.5,0,0,0,¡ADELANTE! ➡️ (La señal está subiendo),
2026-06-19 17:12:08.967,1781907128967,4518.457,4.4,0,0,0,¡ADELANTE! ➡️ (La señal está subiendo),
2026-06-19 17:12:09.007,1781907129007,4518.457,4.4,0,0,0,¡ADELANTE! ➡️ (La señal está subiendo),
2026-06-19 17:12:09.047,1781907129047,4518.457,4.4,0,1,0,¡ADELANTE! ➡️ (La señal está subiendo),
2026-06-19 17:12:09.087,1781907129087,4553.7852,4.9,0,0,0,¡ADELANTE! ➡️ (La señal está subiendo),
2026-06-19 17:12:09.127,1781907129127,4553.7852,4.5,0,0,0,¡ADELANTE! ➡️ (La señal está subiendo),
2026-06-19 17:12:09.167,1781907129167,4553.7852,4.5,0,1,0,¡ADELANTE! ➡️ (La señal está subiendo),
2026-06-19 17:12:09.207,1781907129207,4553.7852,4.5,0,0,0,¡ADELANTE! ➡️ (La señal está subiendo),
2026-06-19 17:12:09.247,1781907129247,4553.7852,4.1,0,0,0,¡ADELANTE! ➡️ (La señal está subiendo),
2026-06-19 17:12:09.287,1781907129287,4553.7852,4.5,0,0,0,¡ADELANTE! ➡️ (La señal está subiendo),
2026-06-19 17:12:09.327,1781907129327,4653.7432,4.5,0,0,0,¡ADELANTE! ➡️ (La señal está subiendo),
2026-06-19 17:12:09.367,1781907129367,4653.7432,4.9,0,0,0,ALINEANDO... ⚠️ (Señal estable),
2026-06-19 17:12:09.407,1781907129407,4653.7432,4.8,0,0,0,ALINEANDO... ⚠️ (Señal estable),
2026-06-19 17:12:09.447,1781907129447,4653.7432,4.9,0,0,0,ALINEANDO... ⚠️ (Señal estable),
2026-06-19 17:12:09.487,1781907129487,4653.7432,4.5,0,0,0,ALINEANDO... ⚠️ (Señal estable),
2026-06-19 17:12:09.530,1781907129530,4653.7432,5.0,0,0,0,ALINEANDO... ⚠️ (Señal estable),
2026-06-19 17:12:09.567,1781907129567,4653.7432,5.0,0,0,0,ALINEANDO... ⚠️ (Señal estable),
2026-06-19 17:12:09.607,1781907129607,4626.4497,4.9,0,1,0,ALINEANDO... ⚠️ (Señal estable),
2026-06-19 17:12:09.647,1781907129647,4626.4497,5.0,0,1,0,ALINEANDO... ⚠️ (Señal estable),
2026-06-19 17:12:09.687,1781907129687,4626.4497,4.9,0,0,0,ALINEANDO... ⚠️ (Señal estable),
2026-06-19 17:12:09.727,1781907129727,4626.4497,5.3,0,0,0,ALINEANDO... ⚠️ (Señal estable),
2026-06-19 17:12:09.770,1781907129770,4626.4497,4.1,0,0,0,ALINEANDO... ⚠️ (Señal estable),
2026-06-19 17:12:09.807,1781907129807,4626.4497,5.3,0,1,0,ALINEANDO... ⚠️ (Señal estable),
2026-06-19 17:12:09.847,1781907129847,4451.1177,4.9,0,0,0,ALINEANDO... ⚠️ (Señal estable),
2026-06-19 17:12:09.887,1781907129887,4451.1177,3.9,0,1,0,ALINEANDO... ⚠️ (Señal estable),
2026-06-19 17:12:09.927,1781907129927,4451.1177,3.5,0,1,0,ALINEANDO... ⚠️ (Señal estable),
2026-06-19 17:12:09.967,1781907129967,4451.1177,5.3,0,0,0,¡ATRÁS! ⬅️ (Te alejaste o te pasaste),
2026-06-19 17:12:10.007,1781907130007,4451.1177,4.5,0,1,0,¡ATRÁS! ⬅️ (Te alejaste o te pasaste),
2026-06-19 17:12:10.047,1781907130047,4451.1177,4.9,0,1,0,¡ATRÁS! ⬅️ (Te alejaste o te pasaste),
2026-06-19 17:12:10.087,1781907130087,4451.1177,5.0,0,0,0,¡ATRÁS! ⬅️ (Te alejaste o te pasaste),
2026-06-19 17:12:10.127,1781907130127,2948.1396,4.4,0,1,0,¡ATRÁS! ⬅️ (Te alejaste o te pasaste),
2026-06-19 17:12:10.167,1781907130167,2948.1396,4.4,0,0,0,¡ATRÁS! ⬅️ (Te alejaste o te pasaste),
2026-06-19 17:12:10.207,1781907130207,2948.1396,4.8,0,0,0,¡ATRÁS! ⬅️ (Te alejaste o te pasaste),
2026-06-19 17:12:10.247,1781907130247,2948.1396,5.0,0,0,0,¡ATRÁS! ⬅️ (Te alejaste o te pasaste),
2026-06-19 17:12:10.287,1781907130287,2948.1396,4.4,0,0,0,¡ATRÁS! ⬅️ (Te alejaste o te pasaste),
2026-06-19 17:12:10.327,1781907130327,2948.1396,4.4,0,1,0,¡ATRÁS! ⬅️ (Te alejaste o te pasaste),
2026-06-19 17:12:10.367,1781907130367,2929.6143,4.4,0,0,0,¡ATRÁS! ⬅️ (Te alejaste o te pasaste),
2026-06-19 17:12:10.407,1781907130407,2929.6143,4.8,0,0,0,¡ATRÁS! ⬅️ (Te alejaste o te pasaste),
2026-06-19 17:12:10.447,1781907130447,2929.6143,5.3,0,0,0,¡ATRÁS! ⬅️ (Te alejaste o te pasaste),
2026-06-19 17:12:10.487,1781907130487,2929.6143,3.8,0,0,0,¡ATRÁS! ⬅️ (Te alejaste o te pasaste),
2026-06-19 17:12:10.527,1781907130527,2929.6143,4.4,0,0,0,¡ATRÁS! ⬅️ (Te alejaste o te pasaste),
2026-06-19 17:12:10.567,1781907130567,2929.6143,4.4,0,1,0,¡ATRÁS! ⬅️ (Te alejaste o te pasaste),
2026-06-19 17:12:10.607,1781907130607,2929.6143,4.9,0,0,0,¡ATRÁS! ⬅️ (Te alejaste o te pasaste),
2026-06-19 17:12:10.647,1781907130647,3041.78,4.9,0,1,0,¡ATRÁS! ⬅️ (Te alejaste o te pasaste),
2026-06-19 17:12:10.687,1781907130687,3041.78,4.9,0,0,0,ALINEANDO... ⚠️ (Señal estable),
2026-06-19 17:12:10.727,1781907130727,3041.78,4.4,0,1,0,ALINEANDO... ⚠️ (Señal estable),
2026-06-19 17:12:10.767,1781907130767,3041.78,4.9,0,0,0,ALINEANDO... ⚠️ (Señal estable),
2026-06-19 17:12:10.807,1781907130807,3041.78,4.9,0,0,0,ALINEANDO... ⚠️ (Señal estable),
2026-06-19 17:12:10.847,1781907130847,3041.78,4.9,0,1,0,ALINEANDO... ⚠️ (Señal estable),
2026-06-19 17:12:10.887,1781907130887,3009.2651,5.3,0,1,0,ALINEANDO... ⚠️ (Señal estable),
2026-06-19 17:12:10.927,1781907130927,3009.2651,5.0,0,0,0,🎯 ¡FUGA DETECTADA AQUÍ! 🎯,FUGA
2026-06-19 17:12:10.967,1781907130967,3009.2651,5.0,0,0,0,ALINEANDO... ⚠️ (Señal estable),
2026-06-19 17:12:11.007,1781907131007,3009.2651,4.8,0,1,0,ALINEANDO... ⚠️ (Señal estable),
2026-06-19 17:12:11.047,1781907131047,3009.2651,4.0,0,1,0,ALINEANDO... ⚠️ (Señal estable),
2026-06-19 17:12:11.087,1781907131087,3009.2651,4.9,0,0,0,ALINEANDO... ⚠️ (Señal estable),
2026-06-19 17:12:11.127,1781907131127,3009.2651,4.4,0,0,0,ALINEANDO... ⚠️ (Señal estable),
2026-06-19 17:12:11.167,1781907131167,3053.5933,2.8,0,1,0,ALINEANDO... ⚠️ (Señal estable),
2026-06-19 17:12:11.207,1781907131207,3053.5933,4.4,0,0,0,ALINEANDO... ⚠️ (Señal estable),
2026-06-19 17:12:11.247,1781907131247,3053.5933,5.0,0,0,0,ALINEANDO... ⚠️ (Señal estable),
2026-06-19 17:12:11.287,1781907131287,3053.5933,4.6,0,0,0,ALINEANDO... ⚠️ (Señal estable),
2026-06-19 17:12:11.327,1781907131327,3053.5933,3.8,0,0,0,ALINEANDO... ⚠️ (Señal estable),
2026-06-19 17:12:11.367,1781907131367,3053.5933,4.2,0,0,0,ALINEANDO... ⚠️ (Señal estable),
2026-06-19 17:12:11.407,1781907131407,3176.2297,4.3,0,0,0,ALINEANDO... ⚠️ (Señal estable),
2026-06-19 17:12:11.447,1781907131447,3176.2297,5.2,0,0,0,ALINEANDO... ⚠️ (Señal estable),
2026-06-19 17:12:11.487,1781907131487,3176.2297,5.7,0,1,0,ALINEANDO... ⚠️ (Señal estable),
2026-06-19 17:12:11.527,1781907131527,3176.2297,4.2,0,0,0,ALINEANDO... ⚠️ (Señal estable),
2026-06-19 17:12:11.567,1781907131567,3176.2297,4.6,0,0,0,¡ADELANTE! ➡️ (La señal está subiendo),
2026-06-19 17:12:11.607,1781907131607,3176.2297,4.6,0,0,0,ALINEANDO... ⚠️ (Señal estable),
2026-06-19 17:12:11.647,1781907131647,3176.2297,4.8,0,0,0,ALINEANDO... ⚠️ (Señal estable),
2026-06-19 17:12:11.687,1781907131687,3649.7498,4.7,0,0,0,¡ADELANTE! ➡️ (La señal está subiendo),
2026-06-19 17:12:11.727,1781907131728,3649.7498,4.3,0,0,0,¡ADELANTE! ➡️ (La señal está subiendo),
2026-06-19 17:12:11.767,1781907131767,3649.7498,4.7,0,0,0,¡ADELANTE! ➡️ (La señal está subiendo),
2026-06-19 17:12:11.807,1781907131807,3649.7498,4.8,0,0,0,¡ADELANTE! ➡️ (La señal está subiendo),
2026-06-19 17:12:11.847,1781907131847,3649.7498,4.7,0,0,0,¡ADELANTE! ➡️ (La señal está subiendo),
2026-06-19 17:12:11.887,1781907131887,3649.7498,4.3,0,0,0,¡ADELANTE! ➡️ (La señal está subiendo),
2026-06-19 17:12:11.927,1781907131927,4119.1484,4.3,0,0,0,¡ADELANTE! ➡️ (La señal está subiendo),
2026-06-19 17:12:11.967,1781907131967,4119.1484,4.5,0,0,0,¡ADELANTE! ➡️ (La señal está subiendo),
2026-06-19 17:12:12.007,1781907132007,4119.1484,4.8,0,0,0,¡ADELANTE! ➡️ (La señal está subiendo),
2026-06-19 17:12:12.047,1781907132047,4119.1484,4.6,0,0,0,¡ADELANTE! ➡️ (La señal está subiendo),
2026-06-19 17:12:12.087,1781907132087,4119.1484,4.9,0,0,0,¡ADELANTE! ➡️ (La señal está subiendo),
2026-06-19 17:12:12.127,1781907132127,4119.1484,5.5,0,0,0,¡ADELANTE! ➡️ (La señal está subiendo),
2026-06-19 17:12:12.167,1781907132167,4119.1484,4.7,0,0,0,¡ADELANTE! ➡️ (La señal está subiendo),
2026-06-19 17:12:12.207,1781907132207,3549.3291,5.1,0,0,0,¡ADELANTE! ➡️ (La señal está subiendo),
2026-06-19 17:12:12.247,1781907132247,3549.3291,4.8,0,0,0,¡ADELANTE! ➡️ (La señal está subiendo),
2026-06-19 17:12:12.287,1781907132287,3549.3291,4.6,0,0,0,ALINEANDO... ⚠️ (Señal estable),
2026-06-19 17:12:12.327,1781907132327,3549.3291,4.8,0,0,0,ALINEANDO... ⚠️ (Señal estable),
2026-06-19 17:12:12.367,1781907132367,3549.3291,5.2,0,0,0,¡ATRÁS! ⬅️ (Te alejaste o te pasaste),
2026-06-19 17:12:12.407,1781907132407,3549.3291,5.3,0,0,0,¡ATRÁS! ⬅️ (Te alejaste o te pasaste),
2026-06-19 17:12:12.447,1781907132447,3438.7283,5.3,0,0,0,¡ATRÁS! ⬅️ (Te alejaste o te pasaste),
2026-06-19 17:12:12.487,1781907132487,3438.7283,5.3,0,0,0,¡ATRÁS! ⬅️ (Te alejaste o te pasaste),
2026-06-19 17:12:12.527,1781907132527,3438.7283,5.2,0,0,0,¡ATRÁS! ⬅️ (Te alejaste o te pasaste),
2026-06-19 17:12:12.567,1781907132567,3438.7283,5.3,0,0,0,¡ATRÁS! ⬅️ (Te alejaste o te pasaste),
2026-06-19 17:12:12.607,1781907132607,3438.7283,5.2,0,0,0,¡ATRÁS! ⬅️ (Te alejaste o te pasaste),
2026-06-19 17:12:12.647,1781907132647,3438.7283,5.3,0,0,0,¡ATRÁS! ⬅️ (Te alejaste o te pasaste),
2026-06-19 17:12:12.687,1781907132687,3438.7283,5.3,0,0,0,¡ATRÁS! ⬅️ (Te alejaste o te pasaste),
2026-06-19 17:12:12.727,1781907132727,3458.2129,4.8,0,0,0,¡ATRÁS! ⬅️ (Te alejaste o te pasaste),
2026-06-19 17:12:12.767,1781907132767,3458.2129,5.3,0,0,0,ALINEANDO... ⚠️ (Señal estable),
2026-06-19 17:12:12.807,1781907132807,3458.2129,5.4,0,0,0,ALINEANDO... ⚠️ (Señal estable),
2026-06-19 17:12:12.847,1781907132847,3458.2129,5.0,0,0,0,ALINEANDO... ⚠️ (Señal estable),
2026-06-19 17:12:12.887,1781907132887,3458.2129,5.3,0,0,0,ALINEANDO... ⚠️ (Señal estable),
2026-06-19 17:12:12.927,1781907132927,3458.2129,4.2,0,0,0,ALINEANDO... ⚠️ (Señal estable),
2026-06-19 17:12:12.967,1781907132967,3613.7783,5.3,0,0,0,ALINEANDO... ⚠️ (Señal estable),
2026-06-19 17:12:13.007,1781907133007,3613.7783,5.3,0,0,0,🎯 ¡FUGA DETECTADA AQUÍ! 🎯,FUGA
2026-06-19 17:12:13.048,1781907133048,3613.7783,5.3,0,0,0,ALINEANDO... ⚠️ (Señal estable),
2026-06-19 17:12:13.087,1781907133087,3613.7783,5.3,0,0,0,ALINEANDO... ⚠️ (Señal estable),
2026-06-19 17:12:13.127,1781907133127,3613.7783,5.3,0,0,0,¡ADELANTE! ➡️ (La señal está subiendo),
2026-06-19 17:12:13.167,1781907133167,3613.7783,5.2,0,0,0,¡ADELANTE! ➡️ (La señal está subiendo),
2026-06-19 17:12:13.208,1781907133208,3613.7783,5.2,0,0,0,¡ADELANTE! ➡️ (La señal está subiendo),
2026-06-19 17:12:13.247,1781907133247,2650.1409,4.8,0,0,0,ALINEANDO... ⚠️ (Señal estable),
2026-06-19 17:12:13.287,1781907133287,2650.1409,4.8,0,0,0,¡ATRÁS! ⬅️ (Te alejaste o te pasaste),
2026-06-19 17:12:13.327,1781907133327,2650.1409,5.1,0,0,0,¡ATRÁS! ⬅️ (Te alejaste o te pasaste),
2026-06-19 17:12:13.367,1781907133367,2650.1409,4.7,0,1,0,¡ATRÁS! ⬅️ (Te alejaste o te pasaste),
2026-06-19 17:12:13.407,1781907133407,2650.1409,4.7,0,0,0,¡ATRÁS! ⬅️ (Te alejaste o te pasaste),
2026-06-19 17:12:13.447,1781907133447,2650.1409,4.2,0,0,0,¡ATRÁS! ⬅️ (Te alejaste o te pasaste),
2026-06-19 17:12:13.487,1781907133487,2538.1353,4.7,0,0,0,¡ATRÁS! ⬅️ (Te alejaste o te pasaste),
2026-06-19 17:12:13.531,1781907133531,2538.1353,4.6,0,0,0,¡ATRÁS! ⬅️ (Te alejaste o te pasaste),
2026-06-19 17:12:13.567,1781907133567,2538.1353,4.1,0,0,0,¡ATRÁS! ⬅️ (Te alejaste o te pasaste),
2026-06-19 17:12:13.607,1781907133607,2538.1353,4.8,0,0,0,¡ATRÁS! ⬅️ (Te alejaste o te pasaste),
2026-06-19 17:12:13.647,1781907133647,2538.1353,4.3,0,1,0,¡ATRÁS! ⬅️ (Te alejaste o te pasaste),
2026-06-19 17:12:13.687,1781907133687,2538.1353,4.7,0,0,0,¡ATRÁS! ⬅️ (Te alejaste o te pasaste),
2026-06-19 17:12:13.727,1781907133727,2538.1353,5.2,0,0,0,¡ATRÁS! ⬅️ (Te alejaste o te pasaste),
2026-06-19 17:12:13.768,1781907133768,2709.8594,5.1,0,0,0,¡ATRÁS! ⬅️ (Te alejaste o te pasaste),
2026-06-19 17:12:13.807,1781907133807,2709.8594,4.2,0,0,0,ALINEANDO... ⚠️ (Señal estable),
2026-06-19 17:12:13.847,1781907133847,2709.8594,4.6,0,0,0,ALINEANDO... ⚠️ (Señal estable),
2026-06-19 17:12:13.887,1781907133887,2709.8594,4.6,0,0,0,ALINEANDO... ⚠️ (Señal estable),
2026-06-19 17:12:13.927,1781907133927,2709.8594,4.7,0,0,0,ALINEANDO... ⚠️ (Señal estable),
2026-06-19 17:12:13.967,1781907133967,2709.8594,4.2,0,0,0,ALINEANDO... ⚠️ (Señal estable),
2026-06-19 17:12:14.007,1781907134007,2674.3022,4.6,0,0,0,ALINEANDO... ⚠️ (Señal estable),
2026-06-19 17:12:14.047,1781907134047,2674.3022,4.2,0,0,0,¡ADELANTE! ➡️ (La señal está subiendo),
2026-06-19 17:12:14.087,1781907134087,2674.3022,4.2,0,1,0,¡ADELANTE! ➡️ (La señal está subiendo),
2026-06-19 17:12:14.127,1781907134127,2674.3022,4.3,0,1,0,ALINEANDO... ⚠️ (Señal estable),
2026-06-19 17:12:14.167,1781907134167,2674.3022,4.6,0,1,0,ALINEANDO... ⚠️ (Señal estable),
2026-06-19 17:12:14.207,1781907134207,2674.3022,4.1,0,1,0,ALINEANDO... ⚠️ (Señal estable),
2026-06-19 17:12:14.247,1781907134247,2674.3022,4.6,0,0,0,ALINEANDO... ⚠️ (Señal estable),
2026-06-19 17:12:14.287,1781907134287,3327.7292,4.6,0,1,0,ALINEANDO... ⚠️ (Señal estable),
2026-06-19 17:12:14.327,1781907134327,3327.7292,4.6,0,1,0,¡ADELANTE! ➡️ (La señal está subiendo),
2026-06-19 17:12:14.367,1781907134367,3327.7292,4.5,0,0,0,¡ADELANTE! ➡️ (La señal está subiendo),
2026-06-19 17:12:14.407,1781907134407,3327.7292,4.5,0,0,0,¡ADELANTE! ➡️ (La señal está subiendo),
2026-06-19 17:12:14.447,1781907134447,3327.7292,5.0,0,1,0,¡ADELANTE! ➡️ (La señal está subiendo),
2026-06-19 17:12:14.487,1781907134487,3327.7292,3.8,0,0,0,¡ADELANTE! ➡️ (La señal está subiendo),
2026-06-19 17:12:14.527,1781907134527,3825.8215,4.6,0,1,0,¡ADELANTE! ➡️ (La señal está subiendo),
2026-06-19 17:12:14.567,1781907134567,3825.8215,4.6,0,1,0,¡ADELANTE! ➡️ (La señal está subiendo),
2026-06-19 17:12:14.607,1781907134607,3825.8215,4.3,0,1,0,¡ADELANTE! ➡️ (La señal está subiendo),
2026-06-19 17:12:14.647,1781907134647,3825.8215,4.5,0,0,0,¡ADELANTE! ➡️ (La señal está subiendo),
2026-06-19 17:12:14.687,1781907134687,3825.8215,4.5,0,1,0,¡ADELANTE! ➡️ (La señal está subiendo),
2026-06-19 17:12:14.729,1781907134729,3825.8215,4.6,0,1,0,¡ADELANTE! ➡️ (La señal está subiendo),
2026-06-19 17:12:14.767,1781907134767,3825.8215,4.2,0,1,0,¡ADELANTE! ➡️ (La señal está subiendo),
2026-06-19 17:12:14.807,1781907134807,3442.0322,4.1,0,1,0,¡ADELANTE! ➡️ (La señal está subiendo),
2026-06-19 17:12:14.847,1781907134847,3442.0322,4.6,0,1,0,¡ADELANTE! ➡️ (La señal está subiendo),
2026-06-19 17:12:14.887,1781907134887,3442.0322,4.3,0,1,0,¡ADELANTE! ➡️ (La señal está subiendo),
2026-06-19 17:12:14.927,1781907134927,3442.0322,4.3,0,1,0,ALINEANDO... ⚠️ (Señal estable),
2026-06-19 17:12:14.967,1781907134967,3442.0322,4.3,0,1,0,ALINEANDO... ⚠️ (Señal estable),
2026-06-19 17:12:15.007,1781907135007,3442.0322,4.2,0,1,0,🎯 ¡FUGA DETECTADA AQUÍ! 🎯,FUGA
2026-06-19 17:12:15.049,1781907135049,3309.8755,4.2,0,1,0,¡ATRÁS! ⬅️ (Te alejaste o te pasaste),
2026-06-19 17:12:15.087,1781907135087,3309.8755,4.7,0,1,0,¡ATRÁS! ⬅️ (Te alejaste o te pasaste),
2026-06-19 17:12:15.131,1781907135131,3309.8755,4.7,0,1,0,¡ATRÁS! ⬅️ (Te alejaste o te pasaste),
2026-06-19 17:12:15.167,1781907135167,3309.8755,5.2,0,1,0,¡ATRÁS! ⬅️ (Te alejaste o te pasaste),
2026-06-19 17:12:15.209,1781907135209,3309.8755,5.1,0,0,0,¡ATRÁS! ⬅️ (Te alejaste o te pasaste),
2026-06-19 17:12:15.247,1781907135247,3309.8755,5.2,0,1,0,¡ATRÁS! ⬅️ (Te alejaste o te pasaste),
2026-06-19 17:12:15.288,1781907135288,3309.8755,5.2,0,1,0,¡ATRÁS! ⬅️ (Te alejaste o te pasaste),
2026-06-19 17:12:15.327,1781907135327,3138.9175,5.2,0,1,0,¡ATRÁS! ⬅️ (Te alejaste o te pasaste),
2026-06-19 17:12:15.369,1781907135369,3138.9175,5.2,0,1,0,¡ATRÁS! ⬅️ (Te alejaste o te pasaste),
2026-06-19 17:12:15.407,1781907135407,3138.9175,5.3,0,1,0,¡ATRÁS! ⬅️ (Te alejaste o te pasaste),
2026-06-19 17:12:15.448,1781907135448,3138.9175,4.9,0,1,0,¡ATRÁS! ⬅️ (Te alejaste o te pasaste),
2026-06-19 17:12:15.487,1781907135487,3138.9175,5.3,0,1,0,¡ATRÁS! ⬅️ (Te alejaste o te pasaste),
2026-06-19 17:12:15.531,1781907135531,3138.9175,5.2,0,1,0,¡ATRÁS! ⬅️ (Te alejaste o te pasaste),
2026-06-19 17:12:15.567,1781907135567,3497.075,5.3,0,1,0,ALINEANDO... ⚠️ (Señal estable),
2026-06-19 17:12:15.609,1781907135609,3497.075,5.3,0,1,0,ALINEANDO... ⚠️ (Señal estable),
2026-06-19 17:12:15.647,1781907135647,3497.075,5.3,0,1,0,ALINEANDO... ⚠️ (Señal estable),
2026-06-19 17:12:15.688,1781907135688,3497.075,4.8,0,1,0,ALINEANDO... ⚠️ (Señal estable),
2026-06-19 17:12:15.727,1781907135727,3497.075,4.5,0,1,0,¡ADELANTE! ➡️ (La señal está subiendo),
2026-06-19 17:12:15.769,1781907135769,3497.075,4.9,0,1,0,¡ADELANTE! ➡️ (La señal está subiendo),
2026-06-19 17:12:15.807,1781907135807,3497.075,5.0,0,1,0,¡ADELANTE! ➡️ (La señal está subiendo),
2026-06-19 17:12:15.849,1781907135849,3977.7642,5.0,0,1,0,¡ADELANTE! ➡️ (La señal está subiendo),
2026-06-19 17:12:15.887,1781907135887,3977.7642,5.1,0,1,0,¡ADELANTE! ➡️ (La señal está subiendo),
2026-06-19 17:12:15.930,1781907135930,3977.7642,5.0,0,0,0,¡ADELANTE! ➡️ (La señal está subiendo),
2026-06-19 17:12:15.967,1781907135967,3977.7642,5.4,0,1,0,¡ADELANTE! ➡️ (La señal está subiendo),
2026-06-19 17:12:16.008,1781907136008,3977.7642,5.0,0,0,0,¡ADELANTE! ➡️ (La señal está subiendo),
2026-06-19 17:12:16.047,1781907136047,3977.7642,5.0,0,1,0,¡ADELANTE! ➡️ (La señal está subiendo),
2026-06-19 17:12:16.088,1781907136088,3431.2412,5.0,0,1,0,¡ADELANTE! ➡️ (La señal está subiendo),
2026-06-19 17:12:16.127,1781907136127,3431.2412,4.9,0,1,0,¡ADELANTE! ➡️ (La señal está subiendo),
2026-06-19 17:12:16.168,1781907136168,3431.2412,4.6,0,1,0,¡ADELANTE! ➡️ (La señal está subiendo),
2026-06-19 17:12:16.207,1781907136207,3431.2412,5.0,0,1,0,ALINEANDO... ⚠️ (Señal estable),
2026-06-19 17:12:16.248,1781907136248,3431.2412,5.1,0,1,0,¡ATRÁS! ⬅️ (Te alejaste o te pasaste),
2026-06-19 17:12:16.287,1781907136287,3431.2412,5.3,0,0,0,¡ATRÁS! ⬅️ (Te alejaste o te pasaste),
2026-06-19 17:12:16.329,1781907136329,3431.2412,4.9,0,1,0,¡ATRÁS! ⬅️ (Te alejaste o te pasaste),
2026-06-19 17:12:16.367,1781907136367,2571.4116,5.0,0,1,0,¡ATRÁS! ⬅️ (Te alejaste o te pasaste),
2026-06-19 17:12:16.408,1781907136408,2571.4116,5.1,0,0,0,¡ATRÁS! ⬅️ (Te alejaste o te pasaste),
2026-06-19 17:12:16.447,1781907136447,2571.4116,4.6,0,1,0,¡ATRÁS! ⬅️ (Te alejaste o te pasaste),
2026-06-19 17:12:16.488,1781907136488,2571.4116,4.5,0,0,0,¡ATRÁS! ⬅️ (Te alejaste o te pasaste),
2026-06-19 17:12:16.527,1781907136527,2571.4116,4.6,0,0,0,¡ATRÁS! ⬅️ (Te alejaste o te pasaste),
2026-06-19 17:12:16.568,1781907136568,2571.4116,4.6,0,1,0,¡ATRÁS! ⬅️ (Te alejaste o te pasaste),
2026-06-19 17:12:16.607,1781907136607,2322.1074,5.5,0,1,0,¡ATRÁS! ⬅️ (Te alejaste o te pasaste),
2026-06-19 17:12:16.649,1781907136649,2322.1074,4.9,0,1,0,¡ATRÁS! ⬅️ (Te alejaste o te pasaste),
2026-06-19 17:12:16.687,1781907136687,2322.1074,5.0,0,1,0,¡ATRÁS! ⬅️ (Te alejaste o te pasaste),
2026-06-19 17:12:16.728,1781907136728,2322.1074,4.6,0,1,0,¡ATRÁS! ⬅️ (Te alejaste o te pasaste),
2026-06-19 17:12:16.767,1781907136767,2322.1074,4.6,0,1,0,¡ATRÁS! ⬅️ (Te alejaste o te pasaste),
2026-06-19 17:12:16.809,1781907136809,2322.1074,4.6,0,1,0,¡ATRÁS! ⬅️ (Te alejaste o te pasaste),
2026-06-19 17:12:16.847,1781907136847,2322.1074,5.1,0,0,0,¡ATRÁS! ⬅️ (Te alejaste o te pasaste),
2026-06-19 17:12:16.887,1781907136887,2092.792,4.6,0,1,0,¡ATRÁS! ⬅️ (Te alejaste o te pasaste),
2026-06-19 17:12:16.927,1781907136927,2092.792,4.7,0,1,0,¡ATRÁS! ⬅️ (Te alejaste o te pasaste),
2026-06-19 17:12:16.969,1781907136969,2092.792,4.6,0,0,0,¡ATRÁS! ⬅️ (Te alejaste o te pasaste),
2026-06-19 17:12:17.007,1781907137007,2092.792,4.8,0,1,0,¡ATRÁS! ⬅️ (Te alejaste o te pasaste),
2026-06-19 17:12:17.050,1781907137050,2092.792,5.2,0,1,0,¡ATRÁS! ⬅️ (Te alejaste o te pasaste),
2026-06-19 17:12:17.087,1781907137087,2092.792,4.5,0,1,0,¡ATRÁS! ⬅️ (Te alejaste o te pasaste),
2026-06-19 17:12:17.129,1781907137129,1917.8571,5.1,0,1,0,¡ATRÁS! ⬅️ (Te alejaste o te pasaste),
2026-06-19 17:12:17.167,1781907137167,1917.8571,4.6,0,1,0,¡ATRÁS! ⬅️ (Te alejaste o te pasaste),
2026-06-19 17:12:17.209,1781907137209,1917.8571,5.1,0,1,0,¡ATRÁS! ⬅️ (Te alejaste o te pasaste),
2026-06-19 17:12:17.247,1781907137247,1917.8571,5.2,0,1,0,¡ATRÁS! ⬅️ (Te alejaste o te pasaste),
2026-06-19 17:12:17.291,1781907137291,1917.8571,5.7,0,1,0,¡ATRÁS! ⬅️ (Te alejaste o te pasaste),
2026-06-19 17:12:17.327,1781907137327,1917.8571,5.5,0,0,0,¡ATRÁS! ⬅️ (Te alejaste o te pasaste),
2026-06-19 17:12:17.370,1781907137370,1917.8571,5.2,0,1,0,¡ATRÁS! ⬅️ (Te alejaste o te pasaste),
2026-06-19 17:12:17.407,1781907137408,1835.0967,5.6,0,0,0,¡ATRÁS! ⬅️ (Te alejaste o te pasaste),
2026-06-19 17:12:17.450,1781907137450,1835.0967,5.6,0,1,0,¡ATRÁS! ⬅️ (Te alejaste o te pasaste),
2026-06-19 17:12:17.487,1781907137487,1835.0967,5.7,0,1,0,¡ATRÁS! ⬅️ (Te alejaste o te pasaste),
2026-06-19 17:12:17.530,1781907137530,1835.0967,5.8,0,1,0,¡ATRÁS! ⬅️ (Te alejaste o te pasaste),
2026-06-19 17:12:17.567,1781907137567,1835.0967,5.7,0,1,0,¡ATRÁS! ⬅️ (Te alejaste o te pasaste),
2026-06-19 17:12:17.609,1781907137609,1835.0967,5.8,0,0,0,¡ATRÁS! ⬅️ (Te alejaste o te pasaste),
2026-06-19 17:12:17.648,1781907137648,2025.9644,5.2,0,0,0,ALINEANDO... ⚠️ (Señal estable),
2026-06-19 17:12:17.689,1781907137689,2025.9644,5.6,0,1,0,ALINEANDO... ⚠️ (Señal estable),
2026-06-19 17:12:17.728,1781907137728,2025.9644,5.7,0,1,0,ALINEANDO... ⚠️ (Señal estable),
2026-06-19 17:12:17.769,1781907137769,2025.9644,6.1,0,1,0,ALINEANDO... ⚠️ (Señal estable),
2026-06-19 17:12:17.807,1781907137807,2025.9644,5.6,0,1,0,ALINEANDO... ⚠️ (Señal estable),
2026-06-19 17:12:17.850,1781907137850,2025.9644,5.3,0,1,0,ALINEANDO... ⚠️ (Señal estable),
2026-06-19 17:12:17.887,1781907137887,2025.9644,6.1,0,1,0,¡ADELANTE! ➡️ (La señal está subiendo),
2026-06-19 17:12:17.929,1781907137929,3282.1716,5.7,0,1,0,¡ADELANTE! ➡️ (La señal está subiendo),
2026-06-19 17:12:17.967,1781907137967,3282.1716,5.8,0,0,0,🎯 ¡FUGA DETECTADA AQUÍ! 🎯,FUGA
2026-06-19 17:12:18.012,1781907138012,3282.1716,5.8,0,1,0,¡ADELANTE! ➡️ (La señal está subiendo),
2026-06-19 17:12:18.047,1781907138047,3282.1716,5.3,0,1,0,¡ADELANTE! ➡️ (La señal está subiendo),
2026-06-19 17:12:18.091,1781907138091,3282.1716,5.3,0,1,0,¡ADELANTE! ➡️ (La señal está subiendo),
2026-06-19 17:12:18.127,1781907138127,3282.1716,5.4,0,1,0,¡ADELANTE! ➡️ (La señal está subiendo),
2026-06-19 17:12:18.171,1781907138171,3269.4348,5.8,0,1,0,¡ADELANTE! ➡️ (La señal está subiendo),
2026-06-19 17:12:18.207,1781907138207,3269.4348,5.8,0,1,0,¡ADELANTE! ➡️ (La señal está subiendo),
2026-06-19 17:12:18.251,1781907138251,3269.4348,5.4,0,0,0,¡ADELANTE! ➡️ (La señal está subiendo),
2026-06-19 17:12:18.288,1781907138288,3269.4348,5.0,0,0,0,¡ADELANTE! ➡️ (La señal está subiendo),
2026-06-19 17:12:18.332,1781907138332,3269.4348,5.8,0,0,0,¡ADELANTE! ➡️ (La señal está subiendo),
2026-06-19 17:12:18.367,1781907138367,3269.4348,5.0,0,0,0,¡ADELANTE! ➡️ (La señal está subiendo),
2026-06-19 17:12:18.411,1781907138411,3269.4348,5.4,0,0,0,¡ADELANTE! ➡️ (La señal está subiendo),
2026-06-19 17:12:18.447,1781907138447,2751.7043,4.6,0,0,0,ALINEANDO... ⚠️ (Señal estable),
2026-06-19 17:12:18.494,1781907138494,2751.7043,5.1,0,0,0,¡ATRÁS! ⬅️ (Te alejaste o te pasaste),
2026-06-19 17:12:18.527,1781907138527,2751.7043,5.1,0,1,0,¡ATRÁS! ⬅️ (Te alejaste o te pasaste),
2026-06-19 17:12:18.571,1781907138571,2751.7043,5.0,0,0,0,¡ATRÁS! ⬅️ (Te alejaste o te pasaste),
2026-06-19 17:12:18.607,1781907138607,2751.7043,5.4,0,0,0,¡ATRÁS! ⬅️ (Te alejaste o te pasaste),
2026-06-19 17:12:18.651,1781907138651,2751.7043,4.7,0,1,0,¡ATRÁS! ⬅️ (Te alejaste o te pasaste),
2026-06-19 17:12:18.688,1781907138688,1354.9941,4.6,0,0,0,BUSCANDO SEÑAL...,
2026-06-19 17:12:18.732,1781907138732,1354.9941,5.0,0,0,0,BUSCANDO SEÑAL...,
2026-06-19 17:12:18.767,1781907138767,1354.9941,5.9,0,0,0,BUSCANDO SEÑAL...,
2026-06-19 17:12:18.811,1781907138811,1354.9941,6.0,0,0,0,BUSCANDO SEÑAL...,
2026-06-19 17:12:18.847,1781907138847,1354.9941,4.7,0,0,0,BUSCANDO SEÑAL...,
2026-06-19 17:12:18.890,1781907138890,1354.9941,5.4,0,0,0,BUSCANDO SEÑAL...,
2026-06-19 17:12:18.927,1781907138927,1354.9941,5.1,0,1,0,BUSCANDO SEÑAL...,
2026-06-19 17:12:18.971,1781907138971,1371.761,5.0,0,0,0,BUSCANDO SEÑAL...,
2026-06-19 17:12:19.008,1781907139008,1371.761,5.1,0,1,0,BUSCANDO SEÑAL...,
2026-06-19 17:12:19.050,1781907139051,1371.761,5.5,0,1,0,BUSCANDO SEÑAL...,
2026-06-19 17:12:19.087,1781907139087,1371.761,5.6,0,1,0,BUSCANDO SEÑAL...,
2026-06-19 17:12:19.132,1781907139132,1371.761,5.9,0,1,0,BUSCANDO SEÑAL...,
2026-06-19 17:12:19.167,1781907139167,1371.761,5.1,0,0,0,BUSCANDO SEÑAL...,
2026-06-19 17:12:19.212,1781907139212,1205.0787,5.1,0,1,0,BUSCANDO SEÑAL...,
2026-06-19 17:12:19.247,1781907139247,1205.0787,5.5,0,1,0,BUSCANDO SEÑAL...,
2026-06-19 17:12:19.292,1781907139292,1205.0787,6.0,0,0,0,BUSCANDO SEÑAL...,
2026-06-19 17:12:19.327,1781907139327,1205.0787,5.5,0,0,0,BUSCANDO SEÑAL...,
2026-06-19 17:12:19.373,1781907139373,1205.0787,6.0,0,0,0,BUSCANDO SEÑAL...,
2026-06-19 17:12:19.408,1781907139408,1205.0787,5.6,0,0,0,BUSCANDO SEÑAL...,
2026-06-19 17:12:19.451,1781907139451,1205.0787,4.3,0,0,0,BUSCANDO SEÑAL...,
2026-06-19 17:12:19.487,1781907139487,894.9639,5.5,0,1,0,BUSCANDO SEÑAL...,
2026-06-19 17:12:19.530,1781907139530,894.9639,6.0,0,0,0,BUSCANDO SEÑAL...,
2026-06-19 17:12:19.567,1781907139567,894.9639,5.6,0,0,0,BUSCANDO SEÑAL...,
2026-06-19 17:12:19.610,1781907139610,894.9639,6.0,0,1,0,BUSCANDO SEÑAL...,
2026-06-19 17:12:19.647,1781907139647,894.9639,5.6,0,0,0,BUSCANDO SEÑAL...,
2026-06-19 17:12:19.689,1781907139689,894.9639,5.5,0,0,0,BUSCANDO SEÑAL...,
2026-06-19 17:12:19.727,1781907139727,807.6364,5.6,0,1,0,BUSCANDO SEÑAL...,
2026-06-19 17:12:19.769,1781907139769,807.6364,5.6,0,1,0,BUSCANDO SEÑAL...,
2026-06-19 17:12:19.807,1781907139807,807.6364,5.5,0,0,0,BUSCANDO SEÑAL...,
2026-06-19 17:12:19.848,1781907139848,807.6364,5.5,0,0,0,BUSCANDO SEÑAL...,
2026-06-19 17:12:19.888,1781907139888,807.6364,5.6,0,1,0,BUSCANDO SEÑAL...,
2026-06-19 17:12:19.929,1781907139929,807.6364,6.1,0,0,0,BUSCANDO SEÑAL...,
2026-06-19 17:12:19.967,1781907139967,807.6364,5.6,0,0,0,BUSCANDO SEÑAL...,
2026-06-19 17:12:20.008,1781907140009,823.6435,6.1,0,0,0,BUSCANDO SEÑAL...,
2026-06-19 17:12:20.047,1781907140047,823.6435,6.1,0,0,0,BUSCANDO SEÑAL...,
2026-06-19 17:12:20.089,1781907140089,823.6435,5.7,0,1,0,BUSCANDO SEÑAL...,
2026-06-19 17:12:20.128,1781907140128,823.6435,6.1,0,0,0,BUSCANDO SEÑAL...,
2026-06-19 17:12:20.169,1781907140169,823.6435,5.7,0,0,0,BUSCANDO SEÑAL...,
2026-06-19 17:12:20.207,1781907140207,823.6435,6.1,0,0,0,BUSCANDO SEÑAL...,
2026-06-19 17:12:20.249,1781907140249,821.7622,6.1,0,1,0,BUSCANDO SEÑAL...,
2026-06-19 17:12:20.287,1781907140287,821.7622,6.1,0,1,0,BUSCANDO SEÑAL...,
2026-06-19 17:12:20.330,1781907140330,821.7622,5.7,0,0,0,BUSCANDO SEÑAL...,
2026-06-19 17:12:20.367,1781907140367,821.7622,6.5,0,0,0,BUSCANDO SEÑAL...,
2026-06-19 17:12:20.410,1781907140410,821.7622,5.6,0,1,0,BUSCANDO SEÑAL...,
2026-06-19 17:12:20.448,1781907140448,821.7622,6.0,0,1,0,BUSCANDO SEÑAL...,
2026-06-19 17:12:20.489,1781907140489,821.7622,6.1,0,1,0,BUSCANDO SEÑAL...,
2026-06-19 17:12:20.527,1781907140527,792.0343,6.5,0,0,0,BUSCANDO SEÑAL...,
2026-06-19 17:12:20.573,1781907140573,792.0343,6.1,0,0,0,BUSCANDO SEÑAL...,
2026-06-19 17:12:20.607,1781907140607,792.0343,5.8,0,0,0,BUSCANDO SEÑAL...,
2026-06-19 17:12:20.648,1781907140648,792.0343,6.1,0,1,0,BUSCANDO SEÑAL...,
2026-06-19 17:12:20.687,1781907140687,792.0343,6.1,0,0,0,BUSCANDO SEÑAL...,
2026-06-19 17:12:20.730,1781907140730,792.0343,6.1,0,0,0,BUSCANDO SEÑAL...,
2026-06-19 17:12:20.767,1781907140767,882.9169,6.1,0,0,0,BUSCANDO SEÑAL...,
2026-06-19 17:12:20.809,1781907140809,882.9169,6.2,0,0,0,BUSCANDO SEÑAL...,
2026-06-19 17:12:20.847,1781907140847,882.9169,6.2,0,1,0,BUSCANDO SEÑAL...,
2026-06-19 17:12:20.892,1781907140892,882.9169,6.1,0,1,0,BUSCANDO SEÑAL...,
2026-06-19 17:12:20.927,1781907140927,882.9169,6.1,0,0,0,BUSCANDO SEÑAL...,
2026-06-19 17:12:20.969,1781907140969,882.9169,6.1,0,0,0,BUSCANDO SEÑAL...,
2026-06-19 17:12:21.007,1781907141007,882.9169,6.1,0,0,0,BUSCANDO SEÑAL...,
2026-06-19 17:12:21.049,1781907141049,921.9795,6.1,0,0,0,BUSCANDO SEÑAL...,
2026-06-19 17:12:21.088,1781907141088,921.9795,6.2,0,0,0,BUSCANDO SEÑAL...,
2026-06-19 17:12:21.130,1781907141130,921.9795,5.8,0,0,0,BUSCANDO SEÑAL...,
2026-06-19 17:12:21.167,1781907141167,921.9795,5.8,0,1,0,BUSCANDO SEÑAL...,
2026-06-19 17:12:21.210,1781907141210,921.9795,6.2,0,1,0,BUSCANDO SEÑAL...,
2026-06-19 17:12:21.247,1781907141247,921.9795,6.2,0,0,0,BUSCANDO SEÑAL...,
2026-06-19 17:12:21.289,1781907141289,934.9734,6.6,0,1,0,BUSCANDO SEÑAL...,
2026-06-19 17:12:21.328,1781907141328,934.9734,6.2,0,1,0,BUSCANDO SEÑAL...,
2026-06-19 17:12:21.371,1781907141371,934.9734,6.1,0,1,0,BUSCANDO SEÑAL...,
2026-06-19 17:12:21.407,1781907141407,934.9734,5.7,0,0,0,BUSCANDO SEÑAL...,
2026-06-19 17:12:21.450,1781907141450,934.9734,6.2,0,0,0,BUSCANDO SEÑAL...,
2026-06-19 17:12:21.487,1781907141487,934.9734,6.2,0,1,0,BUSCANDO SEÑAL...,
2026-06-19 17:12:21.530,1781907141530,934.9734,5.8,0,1,0,BUSCANDO SEÑAL...,
2026-06-19 17:12:21.567,1781907141567,944.5304,6.2,0,1,0,BUSCANDO SEÑAL...,
2026-06-19 17:12:21.615,1781907141615,944.5304,6.2,0,0,0,BUSCANDO SEÑAL...,
2026-06-19 17:12:21.648,1781907141648,944.5304,6.2,0,0,0,BUSCANDO SEÑAL...,
2026-06-19 17:12:21.689,1781907141689,944.5304,5.9,0,0,0,BUSCANDO SEÑAL...,
2026-06-19 17:12:21.728,1781907141728,944.5304,5.7,0,1,0,BUSCANDO SEÑAL...,
2026-06-19 17:12:21.769,1781907141769,944.5304,6.2,0,0,0,BUSCANDO SEÑAL...,
2026-06-19 17:12:21.808,1781907141808,1290.0468,6.2,0,0,0,BUSCANDO SEÑAL...,
2026-06-19 17:12:21.853,1781907141853,1290.0468,6.2,0,0,0,BUSCANDO SEÑAL...,
2026-06-19 17:12:21.887,1781907141887,1290.0468,6.6,0,0,0,BUSCANDO SEÑAL...,
2026-06-19 17:12:21.933,1781907141934,1290.0468,6.2,0,0,0,BUSCANDO SEÑAL...,
2026-06-19 17:12:21.968,1781907141968,1290.0468,6.2,0,1,0,BUSCANDO SEÑAL...,
2026-06-19 17:12:22.013,1781907142013,1290.0468,6.2,0,0,0,BUSCANDO SEÑAL...,
2026-06-19 17:12:22.048,1781907142048,1290.0468,6.2,0,1,0,BUSCANDO SEÑAL...,
2026-06-19 17:12:22.092,1781907142092,2011.2236,6.2,0,1,0,¡ADELANTE! ➡️ (La señal está subiendo),
2026-06-19 17:12:22.127,1781907142127,2011.2236,6.2,0,1,0,¡ADELANTE! ➡️ (La señal está subiendo),
2026-06-19 17:12:22.172,1781907142172,2011.2236,6.2,0,0,0,¡ADELANTE! ➡️ (La señal está subiendo),
2026-06-19 17:12:22.207,1781907142208,2011.2236,6.2,0,0,0,¡ADELANTE! ➡️ (La señal está subiendo),
2026-06-19 17:12:22.253,1781907142253,2011.2236,6.2,0,0,0,¡ADELANTE! ➡️ (La señal está subiendo),
2026-06-19 17:12:22.288,1781907142288,2011.2236,5.8,0,1,0,¡ADELANTE! ➡️ (La señal está subiendo),
2026-06-19 17:12:22.336,1781907142336,2109.3054,5.4,0,0,0,¡ADELANTE! ➡️ (La señal está subiendo),
2026-06-19 17:12:22.368,1781907142368,2109.3054,5.8,0,0,0,¡ADELANTE! ➡️ (La señal está subiendo),
2026-06-19 17:12:22.414,1781907142414,2109.3054,6.3,0,0,0,¡ADELANTE! ➡️ (La señal está subiendo),
2026-06-19 17:12:22.447,1781907142448,2109.3054,6.2,0,1,0,¡ADELANTE! ➡️ (La señal está subiendo),
2026-06-19 17:12:22.492,1781907142492,2109.3054,6.2,0,1,0,¡ADELANTE! ➡️ (La señal está subiendo),
2026-06-19 17:12:22.527,1781907142527,2109.3054,5.8,0,0,0,¡ADELANTE! ➡️ (La señal está subiendo),
2026-06-19 17:12:22.572,1781907142572,2109.3054,5.9,0,0,0,¡ADELANTE! ➡️ (La señal está subiendo),
2026-06-19 17:12:22.608,1781907142608,2055.0957,5.4,0,0,0,¡ADELANTE! ➡️ (La señal está subiendo),
2026-06-19 17:12:22.653,1781907142653,2055.0957,6.2,0,0,0,ALINEANDO... ⚠️ (Señal estable),
2026-06-19 17:12:22.688,1781907142688,2055.0957,5.8,0,1,0,ALINEANDO... ⚠️ (Señal estable),
2026-06-19 17:12:22.733,1781907142733,2055.0957,5.9,0,0,0,ALINEANDO... ⚠️ (Señal estable),
2026-06-19 17:12:22.768,1781907142768,2055.0957,6.2,0,0,0,ALINEANDO... ⚠️ (Señal estable),
2026-06-19 17:12:22.814,1781907142814,2055.0957,5.7,0,0,0,ALINEANDO... ⚠️ (Señal estable),
2026-06-19 17:12:22.848,1781907142848,2043.6288,6.2,0,0,0,ALINEANDO... ⚠️ (Señal estable),
2026-06-19 17:12:22.893,1781907142893,2043.6288,5.9,0,0,0,ALINEANDO... ⚠️ (Señal estable),
2026-06-19 17:12:22.928,1781907142928,2043.6288,5.3,0,0,0,ALINEANDO... ⚠️ (Señal estable),
2026-06-19 17:12:22.974,1781907142974,2043.6288,5.8,0,1,0,ALINEANDO... ⚠️ (Señal estable),
2026-06-19 17:12:23.008,1781907143008,2043.6288,5.4,0,0,0,ALINEANDO... ⚠️ (Señal estable),
2026-06-19 17:12:23.053,1781907143053,2043.6288,5.4,0,1,0,ALINEANDO... ⚠️ (Señal estable),
2026-06-19 17:12:23.088,1781907143088,2043.6288,5.9,0,1,0,ALINEANDO... ⚠️ (Señal estable),
2026-06-19 17:12:23.133,1781907143133,2103.2783,5.4,0,1,0,ALINEANDO... ⚠️ (Señal estable),
2026-06-19 17:12:23.167,1781907143167,2103.2783,5.1,0,0,0,ALINEANDO... ⚠️ (Señal estable),
2026-06-19 17:12:23.213,1781907143213,2103.2783,5.8,0,1,0,ALINEANDO... ⚠️ (Señal estable),
2026-06-19 17:12:23.248,1781907143248,2103.2783,6.0,0,1,0,ALINEANDO... ⚠️ (Señal estable),
2026-06-19 17:12:23.293,1781907143293,2103.2783,5.9,0,1,0,ALINEANDO... ⚠️ (Señal estable),
2026-06-19 17:12:23.328,1781907143328,2103.2783,6.3,0,0,0,ALINEANDO... ⚠️ (Señal estable),
2026-06-19 17:12:23.373,1781907143373,2234.3499,6.3,0,0,0,ALINEANDO... ⚠️ (Señal estable),
2026-06-19 17:12:23.408,1781907143408,2234.3499,5.8,0,1,0,ALINEANDO... ⚠️ (Señal estable),
2026-06-19 17:12:23.454,1781907143454,2234.3499,5.5,0,1,0,ALINEANDO... ⚠️ (Señal estable),
2026-06-19 17:12:23.488,1781907143488,2234.3499,5.8,0,0,0,¡ADELANTE! ➡️ (La señal está subiendo),
2026-06-19 17:12:23.534,1781907143534,2234.3499,5.9,0,0,0,¡ADELANTE! ➡️ (La señal está subiendo),
2026-06-19 17:12:23.568,1781907143568,2234.3499,5.5,0,1,0,¡ADELANTE! ➡️ (La señal está subiendo),
2026-06-19 17:12:23.615,1781907143615,2234.3499,5.4,0,0,0,¡ADELANTE! ➡️ (La señal está subiendo),
2026-06-19 17:12:23.648,1781907143648,2276.6423,5.9,0,1,0,¡ADELANTE! ➡️ (La señal está subiendo),
2026-06-19 17:12:23.692,1781907143692,2276.6423,5.8,0,1,0,ALINEANDO... ⚠️ (Señal estable),
2026-06-19 17:12:23.727,1781907143727,2276.6423,5.9,0,1,0,¡ADELANTE! ➡️ (La señal está subiendo),
2026-06-19 17:12:23.773,1781907143773,2276.6423,5.5,0,1,0,ALINEANDO... ⚠️ (Señal estable),
2026-06-19 17:12:23.808,1781907143808,2276.6423,6.0,0,0,0,ALINEANDO... ⚠️ (Señal estable),
2026-06-19 17:12:23.853,1781907143853,2276.6423,5.5,0,0,0,ALINEANDO... ⚠️ (Señal estable),
2026-06-19 17:12:23.888,1781907143888,2352.2925,5.9,0,1,0,ALINEANDO... ⚠️ (Señal estable),
2026-06-19 17:12:23.934,1781907143934,2352.2925,6.0,0,0,0,ALINEANDO... ⚠️ (Señal estable),
2026-06-19 17:12:23.968,1781907143968,2352.2925,5.9,0,0,0,ALINEANDO... ⚠️ (Señal estable),
2026-06-19 17:12:24.013,1781907144013,2352.2925,5.4,0,1,0,ALINEANDO... ⚠️ (Señal estable),
2026-06-19 17:12:24.048,1781907144048,2352.2925,5.4,0,0,0,ALINEANDO... ⚠️ (Señal estable),
2026-06-19 17:12:24.092,1781907144092,2352.2925,5.5,0,0,0,ALINEANDO... ⚠️ (Señal estable),
2026-06-19 17:12:24.127,1781907144127,2352.2925,6.0,0,1,0,ALINEANDO... ⚠️ (Señal estable),
2026-06-19 17:12:24.173,1781907144173,2213.6646,5.5,0,1,0,ALINEANDO... ⚠️ (Señal estable),
2026-06-19 17:12:24.208,1781907144208,2213.6646,5.5,0,1,0,ALINEANDO... ⚠️ (Señal estable),
2026-06-19 17:12:24.254,1781907144254,2213.6646,5.4,0,0,0,ALINEANDO... ⚠️ (Señal estable),
2026-06-19 17:12:24.288,1781907144288,2213.6646,5.5,0,0,0,ALINEANDO... ⚠️ (Señal estable),
2026-06-19 17:12:24.333,1781907144333,2213.6646,5.5,0,0,0,ALINEANDO... ⚠️ (Señal estable),
2026-06-19 17:12:24.368,1781907144368,2213.6646,5.5,0,0,0,ALINEANDO... ⚠️ (Señal estable),
2026-06-19 17:12:24.413,1781907144413,2194.4194,5.5,0,1,0,ALINEANDO... ⚠️ (Señal estable),
2026-06-19 17:12:24.448,1781907144448,2194.4194,5.9,0,0,0,ALINEANDO... ⚠️ (Señal estable),
2026-06-19 17:12:24.492,1781907144492,2194.4194,5.0,0,1,0,¡ATRÁS! ⬅️ (Te alejaste o te pasaste),
2026-06-19 17:12:24.528,1781907144528,2194.4194,5.1,0,0,0,¡ATRÁS! ⬅️ (Te alejaste o te pasaste),
2026-06-19 17:12:24.572,1781907144572,2194.4194,5.4,0,0,0,ALINEANDO... ⚠️ (Señal estable),
2026-06-19 17:12:24.608,1781907144608,2194.4194,6.0,0,0,0,ALINEANDO... ⚠️ (Señal estable),
2026-06-19 17:12:24.655,1781907144655,2194.4194,5.9,0,1,0,ALINEANDO... ⚠️ (Señal estable),
2026-06-19 17:12:24.688,1781907144688,2223.9055,5.9,0,1,0,ALINEANDO... ⚠️ (Señal estable),
2026-06-19 17:12:24.735,1781907144735,2223.9055,6.0,0,0,0,ALINEANDO... ⚠️ (Señal estable),
2026-06-19 17:12:24.768,1781907144768,2223.9055,5.6,0,0,0,ALINEANDO... ⚠️ (Señal estable),
2026-06-19 17:12:24.818,1781907144818,2223.9055,6.0,0,0,0,ALINEANDO... ⚠️ (Señal estable),
2026-06-19 17:12:24.863,1781907144863,2223.9055,5.5,0,1,0,ALINEANDO... ⚠️ (Señal estable),
2026-06-19 17:12:24.888,1781907144888,2223.9055,5.5,0,0,0,ALINEANDO... ⚠️ (Señal estable),
2026-06-19 17:12:24.932,1781907144932,3035.0017,5.9,0,0,0,¡ADELANTE! ➡️ (La señal está subiendo),
2026-06-19 17:12:24.968,1781907144968,3035.0017,5.9,0,0,0,🎯 ¡FUGA DETECTADA AQUÍ! 🎯,FUGA
2026-06-19 17:12:25.016,1781907145016,3035.0017,6.0,0,0,0,¡ADELANTE! ➡️ (La señal está subiendo),
2026-06-19 17:12:25.048,1781907145048,3035.0017,5.9,0,0,0,¡ADELANTE! ➡️ (La señal está subiendo),
2026-06-19 17:12:25.095,1781907145095,3035.0017,5.5,0,0,0,¡ADELANTE! ➡️ (La señal está subiendo),
2026-06-19 17:12:25.127,1781907145127,3035.0017,5.5,0,1,0,¡ADELANTE! ➡️ (La señal está subiendo),
2026-06-19 17:12:25.175,1781907145175,3035.0017,6.4,0,1,0,¡ADELANTE! ➡️ (La señal está subiendo),
2026-06-19 17:12:25.208,1781907145208,3172.5239,6.0,0,1,0,¡ADELANTE! ➡️ (La señal está subiendo),
2026-06-19 17:12:25.256,1781907145256,3172.5239,5.5,0,1,0,¡ADELANTE! ➡️ (La señal está subiendo),
2026-06-19 17:12:25.288,1781907145288,3172.5239,5.1,0,1,0,¡ADELANTE! ➡️ (La señal está subiendo),
2026-06-19 17:12:25.335,1781907145335,3172.5239,5.9,0,1,0,¡ADELANTE! ➡️ (La señal está subiendo),
2026-06-19 17:12:25.368,1781907145368,3172.5239,6.3,0,0,0,¡ADELANTE! ➡️ (La señal está subiendo),
2026-06-19 17:12:25.415,1781907145415,3172.5239,5.8,0,0,0,¡ADELANTE! ➡️ (La señal está subiendo),
2026-06-19 17:12:25.448,1781907145448,4495.6665,5.5,0,0,0,¡ADELANTE! ➡️ (La señal está subiendo),
2026-06-19 17:12:25.495,1781907145495,4495.6665,5.8,0,0,0,¡ADELANTE! ➡️ (La señal está subiendo),
2026-06-19 17:12:25.528,1781907145528,4495.6665,6.0,0,0,0,¡ADELANTE! ➡️ (La señal está subiendo),
2026-06-19 17:12:25.578,1781907145578,4495.6665,5.6,0,0,0,¡ADELANTE! ➡️ (La señal está subiendo),
2026-06-19 17:12:25.625,1781907145625,4495.6665,5.5,0,0,0,¡ADELANTE! ➡️ (La señal está subiendo),
2026-06-19 17:12:25.648,1781907145648,4495.6665,5.9,0,1,0,¡ADELANTE! ➡️ (La señal está subiendo),
2026-06-19 17:12:25.695,1781907145695,4495.6665,5.6,0,0,0,¡ADELANTE! ➡️ (La señal está subiendo),
2026-06-19 17:12:25.728,1781907145728,4438.2285,5.9,0,1,0,¡ADELANTE! ➡️ (La señal está subiendo),
2026-06-19 17:12:25.777,1781907145777,4438.2285,5.5,0,0,0,¡ADELANTE! ➡️ (La señal está subiendo),
2026-06-19 17:12:25.808,1781907145808,4438.2285,6.1,0,0,0,¡ADELANTE! ➡️ (La señal está subiendo),
2026-06-19 17:12:25.856,1781907145856,4438.2285,6.4,0,0,0,¡ADELANTE! ➡️ (La señal está subiendo),
2026-06-19 17:12:25.888,1781907145888,4438.2285,6.0,0,0,0,¡ADELANTE! ➡️ (La señal está subiendo),
2026-06-19 17:12:25.935,1781907145935,4438.2285,4.6,0,1,0,¡ADELANTE! ➡️ (La señal está subiendo),
2026-06-19 17:12:25.967,1781907145968,4668.2158,6.4,0,0,0,¡ADELANTE! ➡️ (La señal está subiendo),
2026-06-19 17:12:26.012,1781907146012,4668.2158,5.8,0,0,0,ALINEANDO... ⚠️ (Señal estable),
2026-06-19 17:12:26.048,1781907146048,4668.2158,5.9,0,0,0,ALINEANDO... ⚠️ (Señal estable),
2026-06-19 17:12:26.092,1781907146092,4668.2158,5.9,0,1,0,ALINEANDO... ⚠️ (Señal estable),
2026-06-19 17:12:26.128,1781907146128,4668.2158,6.0,0,1,0,¡ADELANTE! ➡️ (La señal está subiendo),
2026-06-19 17:12:26.173,1781907146173,4668.2158,6.4,0,0,0,¡ADELANTE! ➡️ (La señal está subiendo),
2026-06-19 17:12:26.208,1781907146208,4668.2158,6.0,0,0,0,¡ADELANTE! ➡️ (La señal está subiendo),
2026-06-19 17:12:26.253,1781907146253,5298.3447,6.4,0,0,0,¡ADELANTE! ➡️ (La señal está subiendo),
2026-06-19 17:12:26.288,1781907146288,5298.3447,6.0,0,1,0,¡ADELANTE! ➡️ (La señal está subiendo),
2026-06-19 17:12:26.332,1781907146332,5298.3447,6.0,0,0,0,¡ADELANTE! ➡️ (La señal está subiendo),
2026-06-19 17:12:26.368,1781907146368,5298.3447,6.4,0,1,0,¡ADELANTE! ➡️ (La señal está subiendo),
2026-06-19 17:12:26.412,1781907146412,5298.3447,6.4,0,0,0,¡ADELANTE! ➡️ (La señal está subiendo),
2026-06-19 17:12:26.448,1781907146448,5298.3447,6.0,0,0,0,¡ADELANTE! ➡️ (La señal está subiendo),
2026-06-19 17:12:26.494,1781907146494,5803.1533,6.4,0,0,0,¡ADELANTE! ➡️ (La señal está subiendo),
2026-06-19 17:12:26.528,1781907146528,5803.1533,6.4,0,1,0,¡ADELANTE! ➡️ (La señal está subiendo),
2026-06-19 17:12:26.574,1781907146574,5803.1533,6.5,0,1,0,¡ADELANTE! ➡️ (La señal está subiendo),
2026-06-19 17:12:26.608,1781907146608,5803.1533,6.1,0,0,0,¡ADELANTE! ➡️ (La señal está subiendo),
2026-06-19 17:12:26.653,1781907146653,5803.1533,7.0,0,1,0,¡ADELANTE! ➡️ (La señal está subiendo),
2026-06-19 17:12:26.688,1781907146688,5803.1533,6.5,0,0,0,¡ADELANTE! ➡️ (La señal está subiendo),
2026-06-19 17:12:26.733,1781907146733,5803.1533,6.6,0,1,0,¡ADELANTE! ➡️ (La señal está subiendo),
2026-06-19 17:12:26.768,1781907146768,5731.9927,6.1,0,1,0,¡ADELANTE! ➡️ (La señal está subiendo),
2026-06-19 17:12:26.813,1781907146813,5731.9927,6.1,0,0,0,¡ADELANTE! ➡️ (La señal está subiendo),
2026-06-19 17:12:26.848,1781907146848,5731.9927,6.5,0,0,0,¡ADELANTE! ➡️ (La señal está subiendo),
2026-06-19 17:12:26.895,1781907146895,5731.9927,6.5,0,0,0,¡ADELANTE! ➡️ (La señal está subiendo),
2026-06-19 17:12:26.928,1781907146928,5731.9927,7.0,0,1,0,¡ADELANTE! ➡️ (La señal está subiendo),
2026-06-19 17:12:26.974,1781907146974,5731.9927,6.4,0,0,0,ALINEANDO... ⚠️ (Señal estable),
2026-06-19 17:12:27.008,1781907147008,3396.4753,6.5,0,0,0,¡ATRÁS! ⬅️ (Te alejaste o te pasaste),
2026-06-19 17:12:27.053,1781907147053,3396.4753,6.6,0,0,0,¡ATRÁS! ⬅️ (Te alejaste o te pasaste),
2026-06-19 17:12:27.088,1781907147088,3396.4753,6.5,0,1,0,¡ATRÁS! ⬅️ (Te alejaste o te pasaste),
2026-06-19 17:12:27.133,1781907147133,3396.4753,7.0,0,1,0,¡ATRÁS! ⬅️ (Te alejaste o te pasaste),
2026-06-19 17:12:27.168,1781907147168,3396.4753,7.0,0,0,0,¡ATRÁS! ⬅️ (Te alejaste o te pasaste),
2026-06-19 17:12:27.214,1781907147214,3396.4753,7.0,0,1,0,¡ATRÁS! ⬅️ (Te alejaste o te pasaste),
2026-06-19 17:12:27.248,1781907147248,3396.4753,6.7,0,0,0,¡ATRÁS! ⬅️ (Te alejaste o te pasaste),
2026-06-19 17:12:27.296,1781907147296,2864.978,6.6,0,1,0,¡ATRÁS! ⬅️ (Te alejaste o te pasaste),
2026-06-19 17:12:27.328,1781907147328,2864.978,6.7,0,0,0,¡ATRÁS! ⬅️ (Te alejaste o te pasaste),
2026-06-19 17:12:27.374,1781907147374,2864.978,7.0,0,0,0,¡ATRÁS! ⬅️ (Te alejaste o te pasaste),
2026-06-19 17:12:27.408,1781907147408,2864.978,7.0,0,0,0,¡ATRÁS! ⬅️ (Te alejaste o te pasaste),
2026-06-19 17:12:27.453,1781907147453,2864.978,7.0,0,0,0,¡ATRÁS! ⬅️ (Te alejaste o te pasaste),
2026-06-19 17:12:27.488,1781907147488,2864.978,7.0,0,1,0,¡ATRÁS! ⬅️ (Te alejaste o te pasaste),
2026-06-19 17:12:27.535,1781907147535,2872.7007,6.6,0,1,0,¡ATRÁS! ⬅️ (Te alejaste o te pasaste),
2026-06-19 17:12:27.568,1781907147568,2872.7007,6.4,0,0,0,¡ATRÁS! ⬅️ (Te alejaste o te pasaste),
2026-06-19 17:12:27.613,1781907147613,2872.7007,6.9,0,1,0,¡ATRÁS! ⬅️ (Te alejaste o te pasaste),
2026-06-19 17:12:27.648,1781907147648,2872.7007,7.0,0,1,0,¡ATRÁS! ⬅️ (Te alejaste o te pasaste),
2026-06-19 17:12:27.692,1781907147692,2872.7007,6.6,0,1,0,¡ATRÁS! ⬅️ (Te alejaste o te pasaste),
2026-06-19 17:12:27.728,1781907147728,2872.7007,6.6,0,0,0,¡ATRÁS! ⬅️ (Te alejaste o te pasaste),
2026-06-19 17:12:27.773,1781907147773,2872.7007,6.6,0,1,0,¡ATRÁS! ⬅️ (Te alejaste o te pasaste),
2026-06-19 17:12:27.808,1781907147808,3394.0349,6.5,0,0,0,ALINEANDO... ⚠️ (Señal estable),
2026-06-19 17:12:27.852,1781907147852,3394.0349,6.0,0,1,0,🎯 ¡FUGA DETECTADA AQUÍ! 🎯,FUGA
2026-06-19 17:12:27.888,1781907147888,3394.0349,6.6,0,1,0,¡ADELANTE! ➡️ (La señal está subiendo),
2026-06-19 17:12:27.935,1781907147935,3394.0349,6.1,0,0,0,¡ADELANTE! ➡️ (La señal está subiendo),
2026-06-19 17:12:27.968,1781907147968,3394.0349,6.6,0,0,0,¡ADELANTE! ➡️ (La señal está subiendo),
2026-06-19 17:12:28.016,1781907148016,3394.0349,6.5,0,0,0,¡ADELANTE! ➡️ (La señal está subiendo),
2026-06-19 17:12:28.048,1781907148048,5264.6938,6.4,0,1,0,¡ADELANTE! ➡️ (La señal está subiendo),
2026-06-19 17:12:28.097,1781907148097,5264.6938,6.4,0,0,0,¡ADELANTE! ➡️ (La señal está subiendo),
2026-06-19 17:12:28.128,1781907148128,5264.6938,6.4,0,1,0,¡ADELANTE! ➡️ (La señal está subiendo),
2026-06-19 17:12:28.176,1781907148176,5264.6938,6.0,0,1,0,¡ADELANTE! ➡️ (La señal está subiendo),
2026-06-19 17:12:28.208,1781907148208,5264.6938,6.5,0,0,0,¡ADELANTE! ➡️ (La señal está subiendo),
2026-06-19 17:12:28.255,1781907148255,5264.6938,6.6,0,1,0,¡ADELANTE! ➡️ (La señal está subiendo),
2026-06-19 17:12:28.288,1781907148288,5264.6938,6.9,0,1,0,¡ADELANTE! ➡️ (La señal está subiendo),
2026-06-19 17:12:28.335,1781907148335,5764.5322,6.1,0,1,0,¡ADELANTE! ➡️ (La señal está subiendo),
2026-06-19 17:12:28.368,1781907148368,5764.5322,6.5,0,1,0,¡ADELANTE! ➡️ (La señal está subiendo),
2026-06-19 17:12:28.415,1781907148415,5764.5322,6.5,0,0,0,¡ADELANTE! ➡️ (La señal está subiendo),
2026-06-19 17:12:28.448,1781907148448,5764.5322,6.5,0,1,0,¡ADELANTE! ➡️ (La señal está subiendo),
2026-06-19 17:12:28.495,1781907148495,5764.5322,6.5,0,1,0,¡ADELANTE! ➡️ (La señal está subiendo),
2026-06-19 17:12:28.528,1781907148528,5764.5322,6.5,0,0,0,¡ADELANTE! ➡️ (La señal está subiendo),
2026-06-19 17:12:28.574,1781907148574,5692.1064,6.0,0,1,0,¡ADELANTE! ➡️ (La señal está subiendo),
2026-06-19 17:12:28.608,1781907148608,5692.1064,6.4,0,0,0,¡ADELANTE! ➡️ (La señal está subiendo),
2026-06-19 17:12:28.655,1781907148655,5692.1064,6.4,0,0,0,¡ADELANTE! ➡️ (La señal está subiendo),
2026-06-19 17:12:28.688,1781907148688,5692.1064,6.0,0,0,0,¡ADELANTE! ➡️ (La señal está subiendo),
2026-06-19 17:12:28.735,1781907148735,5692.1064,6.0,0,0,0,¡ADELANTE! ➡️ (La señal está subiendo),
2026-06-19 17:12:28.768,1781907148768,5692.1064,5.6,0,0,0,¡ADELANTE! ➡️ (La señal está subiendo),
2026-06-19 17:12:28.816,1781907148816,5692.1064,6.5,0,1,0,ALINEANDO... ⚠️ (Señal estable),
2026-06-19 17:12:28.848,1781907148848,5992.4971,6.4,0,0,0,ALINEANDO... ⚠️ (Señal estable),
2026-06-19 17:12:28.896,1781907148896,5992.4971,6.4,0,1,0,ALINEANDO... ⚠️ (Señal estable),
2026-06-19 17:12:28.928,1781907148928,5992.4971,6.5,0,0,0,ALINEANDO... ⚠️ (Señal estable),
2026-06-19 17:12:28.975,1781907148975,5992.4971,6.6,0,0,0,¡ADELANTE! ➡️ (La señal está subiendo),
2026-06-19 17:12:29.008,1781907149008,5992.4971,6.1,0,0,0,¡ADELANTE! ➡️ (La señal está subiendo),
2026-06-19 17:12:29.055,1781907149055,5992.4971,6.5,0,1,0,¡ADELANTE! ➡️ (La señal está subiendo),
2026-06-19 17:12:29.088,1781907149088,5948.3545,6.0,0,1,0,¡ADELANTE! ➡️ (La señal está subiendo),
2026-06-19 17:12:29.136,1781907149136,5948.3545,6.5,0,1,0,¡ADELANTE! ➡️ (La señal está subiendo),
2026-06-19 17:12:29.168,1781907149168,5948.3545,6.4,0,1,0,¡ADELANTE! ➡️ (La señal está subiendo),
2026-06-19 17:12:29.220,1781907149220,5948.3545,6.0,0,1,0,¡ADELANTE! ➡️ (La señal está subiendo),
2026-06-19 17:12:29.268,1781907149268,5948.3545,6.4,0,0,0,¡ADELANTE! ➡️ (La señal está subiendo),
2026-06-19 17:12:29.288,1781907149288,5948.3545,6.0,0,1,0,ALINEANDO... ⚠️ (Señal estable),
2026-06-19 17:12:29.336,1781907149336,5948.3545,6.1,0,1,0,ALINEANDO... ⚠️ (Señal estable),
2026-06-19 17:12:29.368,1781907149368,5841.75,6.0,0,1,0,ALINEANDO... ⚠️ (Señal estable),
2026-06-19 17:12:29.416,1781907149416,5841.75,6.9,0,1,0,ALINEANDO... ⚠️ (Señal estable),
2026-06-19 17:12:29.448,1781907149448,5841.75,6.1,0,1,0,ALINEANDO... ⚠️ (Señal estable),
2026-06-19 17:12:29.496,1781907149496,5841.75,6.5,0,0,0,ALINEANDO... ⚠️ (Señal estable),
2026-06-19 17:12:29.528,1781907149528,5841.75,6.5,0,1,0,ALINEANDO... ⚠️ (Señal estable),
2026-06-19 17:12:29.575,1781907149575,5841.75,6.5,0,0,0,ALINEANDO... ⚠️ (Señal estable),
2026-06-19 17:12:29.608,1781907149608,5692.5,6.5,0,1,0,ALINEANDO... ⚠️ (Señal estable),
2026-06-19 17:12:29.655,1781907149655,5692.5,6.6,0,1,0,¡ATRÁS! ⬅️ (Te alejaste o te pasaste),
2026-06-19 17:12:29.688,1781907149688,5692.5,6.1,0,1,0,¡ATRÁS! ⬅️ (Te alejaste o te pasaste),
2026-06-19 17:12:29.736,1781907149736,5692.5,6.4,0,0,0,¡ATRÁS! ⬅️ (Te alejaste o te pasaste),
2026-06-19 17:12:29.768,1781907149768,5692.5,6.5,0,1,0,¡ATRÁS! ⬅️ (Te alejaste o te pasaste),
2026-06-19 17:12:29.817,1781907149817,5692.5,6.0,0,0,0,¡ATRÁS! ⬅️ (Te alejaste o te pasaste),
2026-06-19 17:12:29.848,1781907149848,5692.5,6.6,0,0,0,¡ATRÁS! ⬅️ (Te alejaste o te pasaste),
2026-06-19 17:12:29.896,1781907149896,5582.7573,6.5,0,0,0,¡ATRÁS! ⬅️ (Te alejaste o te pasaste),
2026-06-19 17:12:29.928,1781907149928,5582.7573,6.5,0,1,0,¡ATRÁS! ⬅️ (Te alejaste o te pasaste),
2026-06-19 17:12:29.975,1781907149975,5582.7573,6.1,0,0,0,¡ATRÁS! ⬅️ (Te alejaste o te pasaste),
2026-06-19 17:12:30.008,1781907150008,5582.7573,6.6,0,1,0,¡ATRÁS! ⬅️ (Te alejaste o te pasaste),
2026-06-19 17:12:30.055,1781907150055,5582.7573,6.0,0,1,0,¡ATRÁS! ⬅️ (Te alejaste o te pasaste),
2026-06-19 17:12:30.088,1781907150088,5582.7573,6.5,0,1,0,¡ATRÁS! ⬅️ (Te alejaste o te pasaste),
2026-06-19 17:12:30.136,1781907150136,4395.189,6.5,0,1,0,¡ATRÁS! ⬅️ (Te alejaste o te pasaste),
2026-06-19 17:12:30.168,1781907150168,4395.189,6.0,0,1,0,¡ATRÁS! ⬅️ (Te alejaste o te pasaste),
2026-06-19 17:12:30.215,1781907150215,4395.189,6.5,0,0,0,¡ATRÁS! ⬅️ (Te alejaste o te pasaste),
2026-06-19 17:12:30.248,1781907150248,4395.189,7.0,0,0,0,¡ATRÁS! ⬅️ (Te alejaste o te pasaste),
2026-06-19 17:12:30.295,1781907150295,4395.189,7.0,0,0,0,¡ATRÁS! ⬅️ (Te alejaste o te pasaste),
2026-06-19 17:12:30.328,1781907150328,4395.189,6.6,0,0,0,¡ATRÁS! ⬅️ (Te alejaste o te pasaste),
2026-06-19 17:12:30.376,1781907150376,4395.189,6.5,0,0,0,¡ATRÁS! ⬅️ (Te alejaste o te pasaste),
2026-06-19 17:12:30.408,1781907150408,2913.1538,6.5,0,0,0,¡ATRÁS! ⬅️ (Te alejaste o te pasaste),
2026-06-19 17:12:30.455,1781907150455,2913.1538,6.1,0,0,0,¡ATRÁS! ⬅️ (Te alejaste o te pasaste),
2026-06-19 17:12:30.488,1781907150488,2913.1538,6.5,0,0,0,¡ATRÁS! ⬅️ (Te alejaste o te pasaste),
2026-06-19 17:12:30.535,1781907150535,2913.1538,6.5,0,1,0,¡ATRÁS! ⬅️ (Te alejaste o te pasaste),
2026-06-19 17:12:30.568,1781907150568,2913.1538,6.6,0,1,0,¡ATRÁS! ⬅️ (Te alejaste o te pasaste),
2026-06-19 17:12:30.616,1781907150616,2913.1538,6.6,0,0,0,¡ATRÁS! ⬅️ (Te alejaste o te pasaste),
2026-06-19 17:12:30.648,1781907150648,2862.084,6.5,0,1,0,¡ATRÁS! ⬅️ (Te alejaste o te pasaste),
2026-06-19 17:12:30.695,1781907150695,2862.084,6.0,0,1,0,¡ATRÁS! ⬅️ (Te alejaste o te pasaste),
2026-06-19 17:12:30.728,1781907150728,2862.084,6.0,0,1,0,¡ATRÁS! ⬅️ (Te alejaste o te pasaste),
2026-06-19 17:12:30.776,1781907150776,2862.084,6.4,0,0,0,¡ATRÁS! ⬅️ (Te alejaste o te pasaste),
2026-06-19 17:12:30.808,1781907150808,2862.084,6.0,0,1,0,¡ATRÁS! ⬅️ (Te alejaste o te pasaste),
2026-06-19 17:12:30.856,1781907150856,2862.084,6.4,0,0,0,¡ATRÁS! ⬅️ (Te alejaste o te pasaste),
2026-06-19 17:12:30.888,1781907150888,2862.084,6.0,0,1,0,¡ATRÁS! ⬅️ (Te alejaste o te pasaste),
2026-06-19 17:12:30.936,1781907150936,3043.2798,6.0,0,1,0,¡ATRÁS! ⬅️ (Te alejaste o te pasaste),
2026-06-19 17:12:30.968,1781907150968,3043.2798,6.0,0,0,0,ALINEANDO... ⚠️ (Señal estable),
2026-06-19 17:12:31.015,1781907151015,3043.2798,5.6,0,0,0,ALINEANDO... ⚠️ (Señal estable),
2026-06-19 17:12:31.048,1781907151048,3043.2798,6.0,0,0,0,ALINEANDO... ⚠️ (Señal estable),
2026-06-19 17:12:31.094,1781907151094,3043.2798,6.0,0,1,0,¡ADELANTE! ➡️ (La señal está subiendo),
2026-06-19 17:12:31.128,1781907151128,3043.2798,5.9,0,0,0,¡ADELANTE! ➡️ (La señal está subiendo),
2026-06-19 17:12:31.175,1781907151175,3812.6938,5.5,0,0,0,¡ADELANTE! ➡️ (La señal está subiendo),
2026-06-19 17:12:31.208,1781907151208,3812.6938,5.9,0,0,0,🎯 ¡FUGA DETECTADA AQUÍ! 🎯,FUGA
2026-06-19 17:12:31.258,1781907151258,3812.6938,5.4,0,1,0,¡ADELANTE! ➡️ (La señal está subiendo),
2026-06-19 17:12:31.288,1781907151288,3812.6938,6.0,0,1,0,¡ADELANTE! ➡️ (La señal está subiendo),
2026-06-19 17:12:31.338,1781907151338,3812.6938,5.6,0,1,0,¡ADELANTE! ➡️ (La señal está subiendo),
2026-06-19 17:12:31.368,1781907151368,3812.6938,6.0,0,0,0,¡ADELANTE! ➡️ (La señal está subiendo),
2026-06-19 17:12:31.417,1781907151417,3812.6938,5.5,0,1,0,¡ADELANTE! ➡️ (La señal está subiendo),
2026-06-19 17:12:31.448,1781907151448,4757.0806,5.5,0,1,0,¡ADELANTE! ➡️ (La señal está subiendo),
2026-06-19 17:12:31.497,1781907151497,4757.0806,6.4,0,0,0,¡ADELANTE! ➡️ (La señal está subiendo),
2026-06-19 17:12:31.528,1781907151528,4757.0806,6.0,0,0,0,¡ADELANTE! ➡️ (La señal está subiendo),
2026-06-19 17:12:31.577,1781907151577,4757.0806,5.9,0,1,0,¡ADELANTE! ➡️ (La señal está subiendo),
2026-06-19 17:12:31.608,1781907151608,4757.0806,6.0,0,1,0,¡ADELANTE! ➡️ (La señal está subiendo),
2026-06-19 17:12:31.657,1781907151657,4757.0806,6.0,0,1,0,¡ADELANTE! ➡️ (La señal está subiendo),
2026-06-19 17:12:31.688,1781907151688,4189.7266,6.0,0,1,0,¡ADELANTE! ➡️ (La señal está subiendo),
2026-06-19 17:12:31.737,1781907151737,4189.7266,6.4,0,1,0,¡ADELANTE! ➡️ (La señal está subiendo),
2026-06-19 17:12:31.768,1781907151768,4189.7266,6.4,0,0,0,¡ADELANTE! ➡️ (La señal está subiendo),
2026-06-19 17:12:31.816,1781907151816,4189.7266,6.4,0,0,0,¡ADELANTE! ➡️ (La señal está subiendo),
2026-06-19 17:12:31.848,1781907151848,4189.7266,6.4,0,0,0,¡ADELANTE! ➡️ (La señal está subiendo),
2026-06-19 17:12:31.896,1781907151896,4189.7266,6.5,0,1,0,ALINEANDO... ⚠️ (Señal estable),
2026-06-19 17:12:31.928,1781907151928,4189.7266,5.9,0,1,0,¡ATRÁS! ⬅️ (Te alejaste o te pasaste),
2026-06-19 17:12:31.976,1781907151976,4119.2524,6.0,0,1,0,¡ATRÁS! ⬅️ (Te alejaste o te pasaste),
2026-06-19 17:12:32.008,1781907152008,4119.2524,6.6,0,0,0,¡ATRÁS! ⬅️ (Te alejaste o te pasaste),
2026-06-19 17:12:32.057,1781907152057,4119.2524,6.6,0,1,0,¡ATRÁS! ⬅️ (Te alejaste o te pasaste),
2026-06-19 17:12:32.088,1781907152088,4119.2524,6.5,0,1,0,¡ATRÁS! ⬅️ (Te alejaste o te pasaste),
2026-06-19 17:12:32.138,1781907152138,4119.2524,6.9,0,1,0,¡ATRÁS! ⬅️ (Te alejaste o te pasaste),
2026-06-19 17:12:32.168,1781907152168,4119.2524,6.6,0,0,0,¡ATRÁS! ⬅️ (Te alejaste o te pasaste),
2026-06-19 17:12:32.217,1781907152217,2967.0388,6.5,0,1,0,¡ATRÁS! ⬅️ (Te alejaste o te pasaste),
2026-06-19 17:12:32.248,1781907152248,2967.0388,6.6,0,1,0,¡ATRÁS! ⬅️ (Te alejaste o te pasaste),
2026-06-19 17:12:32.297,1781907152297,2967.0388,6.1,0,1,0,¡ATRÁS! ⬅️ (Te alejaste o te pasaste),
2026-06-19 17:12:32.328,1781907152328,2967.0388,5.6,0,0,0,¡ATRÁS! ⬅️ (Te alejaste o te pasaste),
2026-06-19 17:12:32.377,1781907152377,2967.0388,6.4,0,1,0,¡ATRÁS! ⬅️ (Te alejaste o te pasaste),
2026-06-19 17:12:32.408,1781907152408,2967.0388,6.5,0,1,0,¡ATRÁS! ⬅️ (Te alejaste o te pasaste),
2026-06-19 17:12:32.457,1781907152457,2967.0388,6.5,0,0,0,¡ATRÁS! ⬅️ (Te alejaste o te pasaste),
2026-06-19 17:12:32.488,1781907152488,3100.0566,6.0,0,0,0,¡ATRÁS! ⬅️ (Te alejaste o te pasaste),
2026-06-19 17:12:32.538,1781907152538,3100.0566,6.0,0,1,0,¡ATRÁS! ⬅️ (Te alejaste o te pasaste),
2026-06-19 17:12:32.568,1781907152568,3100.0566,5.6,0,0,0,¡ATRÁS! ⬅️ (Te alejaste o te pasaste),
2026-06-19 17:12:32.617,1781907152617,3100.0566,6.0,0,1,0,¡ATRÁS! ⬅️ (Te alejaste o te pasaste),
2026-06-19 17:12:32.648,1781907152648,3100.0566,5.6,0,1,0,¡ATRÁS! ⬅️ (Te alejaste o te pasaste),
2026-06-19 17:12:32.698,1781907152698,3100.0566,6.0,0,0,0,¡ATRÁS! ⬅️ (Te alejaste o te pasaste),
2026-06-19 17:12:32.728,1781907152728,4654.8047,5.9,0,0,0,¡ADELANTE! ➡️ (La señal está subiendo),
2026-06-19 17:12:32.777,1781907152777,4654.8047,5.8,0,1,0,¡ADELANTE! ➡️ (La señal está subiendo),
2026-06-19 17:12:32.808,1781907152808,4654.8047,5.5,0,0,0,¡ADELANTE! ➡️ (La señal está subiendo),
2026-06-19 17:12:32.857,1781907152857,4654.8047,6.0,0,1,0,¡ADELANTE! ➡️ (La señal está subiendo),
2026-06-19 17:12:32.888,1781907152888,4654.8047,5.5,0,0,0,¡ADELANTE! ➡️ (La señal está subiendo),
2026-06-19 17:12:32.936,1781907152936,4654.8047,6.0,0,0,0,¡ADELANTE! ➡️ (La señal está subiendo),
2026-06-19 17:12:32.968,1781907152968,4654.8047,6.0,0,0,0,¡ADELANTE! ➡️ (La señal está subiendo),
2026-06-19 17:12:33.017,1781907153017,5764.2192,5.9,0,1,0,¡ADELANTE! ➡️ (La señal está subiendo),
2026-06-19 17:12:33.048,1781907153048,5764.2192,6.0,0,0,0,¡ADELANTE! ➡️ (La señal está subiendo),
2026-06-19 17:12:33.096,1781907153096,5764.2192,5.5,0,0,0,¡ADELANTE! ➡️ (La señal está subiendo),
2026-06-19 17:12:33.128,1781907153128,5764.2192,5.8,0,1,0,¡ADELANTE! ➡️ (La señal está subiendo),
2026-06-19 17:12:33.177,1781907153177,5764.2192,6.0,0,0,0,¡ADELANTE! ➡️ (La señal está subiendo),
2026-06-19 17:12:33.208,1781907153208,5764.2192,5.9,0,0,0,🎯 ¡FUGA DETECTADA AQUÍ! 🎯,FUGA
2026-06-19 17:12:33.261,1781907153261,5970.8154,5.9,0,0,0,¡ADELANTE! ➡️ (La señal está subiendo),
2026-06-19 17:12:33.313,1781907153313,5970.8154,6.8,0,0,0,¡ADELANTE! ➡️ (La señal está subiendo),
2026-06-19 17:12:33.364,1781907153365,5970.8154,6.5,0,1,0,¡ADELANTE! ➡️ (La señal está subiendo),
2026-06-19 17:12:33.416,1781907153416,5970.8154,6.6,0,1,0,¡ADELANTE! ➡️ (La señal está subiendo),
2026-06-19 17:12:33.468,1781907153468,5970.8154,6.6,0,0,0,¡ADELANTE! ➡️ (La señal está subiendo),
2026-06-19 17:12:33.519,1781907153519,5970.8154,6.2,0,0,0,¡ADELANTE! ➡️ (La señal está subiendo),
2026-06-19 17:12:33.571,1781907153571,5970.8154,6.7,0,0,0,¡ADELANTE! ➡️ (La señal está subiendo),
2026-06-19 17:12:33.623,1781907153623,5789.4399,6.0,0,1,0,¡ADELANTE! ➡️ (La señal está subiendo),
2026-06-19 17:12:33.674,1781907153674,5789.4399,5.5,0,0,0,ALINEANDO... ⚠️ (Señal estable),
2026-06-19 17:12:33.725,1781907153725,5789.4399,5.6,0,0,0,ALINEANDO... ⚠️ (Señal estable),
2026-06-19 17:12:33.776,1781907153776,5789.4399,5.5,0,1,0,ALINEANDO... ⚠️ (Señal estable),
2026-06-19 17:12:33.826,1781907153826,5789.4399,5.6,0,0,0,ALINEANDO... ⚠️ (Señal estable),
2026-06-19 17:12:33.827,1781907153827,5789.4399,5.8,0,1,0,ALINEANDO... ⚠️ (Señal estable),
2026-06-19 17:12:33.879,1781907153879,2955.501,6.0,0,0,0,¡ATRÁS! ⬅️ (Te alejaste o te pasaste),
2026-06-19 17:12:33.930,1781907153930,2955.501,5.5,0,1,0,¡ATRÁS! ⬅️ (Te alejaste o te pasaste),
2026-06-19 17:12:33.981,1781907153981,2955.501,5.8,0,1,0,¡ATRÁS! ⬅️ (Te alejaste o te pasaste),
2026-06-19 17:12:34.033,1781907154033,2955.501,5.1,0,0,0,¡ATRÁS! ⬅️ (Te alejaste o te pasaste),
2026-06-19 17:12:34.092,1781907154092,2955.501,5.4,0,0,0,¡ATRÁS! ⬅️ (Te alejaste o te pasaste),
2026-06-19 17:12:34.150,1781907154150,2955.501,6.0,0,1,0,¡ATRÁS! ⬅️ (Te alejaste o te pasaste),
2026-06-19 17:12:34.207,1781907154207,2955.501,5.5,0,1,0,¡ATRÁS! ⬅️ (Te alejaste o te pasaste),
2026-06-19 17:12:34.263,1781907154263,3172.4153,5.4,0,0,0,¡ATRÁS! ⬅️ (Te alejaste o te pasaste),
2026-06-19 17:12:34.321,1781907154321,3172.4153,5.8,0,0,0,¡ATRÁS! ⬅️ (Te alejaste o te pasaste),
2026-06-19 17:12:34.378,1781907154378,3172.4153,5.4,0,0,0,¡ATRÁS! ⬅️ (Te alejaste o te pasaste),
2026-06-19 17:12:34.429,1781907154429,3172.4153,6.2,0,1,0,¡ATRÁS! ⬅️ (Te alejaste o te pasaste),
2026-06-19 17:12:34.479,1781907154479,3172.4153,5.8,0,0,0,¡ATRÁS! ⬅️ (Te alejaste o te pasaste),
2026-06-19 17:12:34.530,1781907154530,3172.4153,5.9,0,0,0,¡ATRÁS! ⬅️ (Te alejaste o te pasaste),
2026-06-19 17:12:34.581,1781907154581,3428.9231,6.2,0,0,0,¡ATRÁS! ⬅️ (Te alejaste o te pasaste),
2026-06-19 17:12:34.631,1781907154631,3428.9231,5.9,0,0,0,¡ADELANTE! ➡️ (La señal está subiendo),
2026-06-19 17:12:34.631,1781907154631,3428.9231,6.2,0,0,0,¡ADELANTE! ➡️ (La señal está subiendo),
2026-06-19 17:12:34.684,1781907154684,3428.9231,5.8,0,0,0,¡ADELANTE! ➡️ (La señal está subiendo),
2026-06-19 17:12:34.735,1781907154735,3428.9231,6.2,0,0,0,¡ADELANTE! ➡️ (La señal está subiendo),
2026-06-19 17:12:34.785,1781907154785,3428.9231,5.9,0,0,0,¡ADELANTE! ➡️ (La señal está subiendo),
2026-06-19 17:12:34.835,1781907154835,3428.9231,5.8,0,0,0,¡ADELANTE! ➡️ (La señal está subiendo),
2026-06-19 17:12:34.886,1781907154886,6160.7207,6.6,0,1,0,¡ADELANTE! ➡️ (La señal está subiendo),
2026-06-19 17:12:34.936,1781907154936,6160.7207,6.2,0,0,0,¡ADELANTE! ➡️ (La señal está subiendo),
2026-06-19 17:12:34.987,1781907154987,6160.7207,6.2,0,1,0,¡ADELANTE! ➡️ (La señal está subiendo),
2026-06-19 17:12:35.038,1781907155038,6160.7207,6.2,0,0,0,¡ADELANTE! ➡️ (La señal está subiendo),
2026-06-19 17:12:35.088,1781907155088,6160.7207,6.2,0,0,0,¡ADELANTE! ➡️ (La señal está subiendo),
2026-06-19 17:12:35.139,1781907155139,6160.7207,6.2,0,0,0,¡ADELANTE! ➡️ (La señal está subiendo),
2026-06-19 17:12:35.191,1781907155191,6714.3999,5.7,0,0,0,¡ADELANTE! ➡️ (La señal está subiendo),
2026-06-19 17:12:35.243,1781907155243,6714.3999,5.9,0,0,0,¡ADELANTE! ➡️ (La señal está subiendo),
2026-06-19 17:12:35.296,1781907155296,6714.3999,5.7,0,0,0,¡ADELANTE! ➡️ (La señal está subiendo),
2026-06-19 17:12:35.347,1781907155347,6714.3999,6.2,0,0,0,¡ADELANTE! ➡️ (La señal está subiendo),
2026-06-19 17:12:35.399,1781907155399,6714.3999,6.2,0,0,0,¡ADELANTE! ➡️ (La señal está subiendo),
2026-06-19 17:12:35.451,1781907155451,6714.3999,5.8,0,1,0,¡ADELANTE! ➡️ (La señal está subiendo),
2026-06-19 17:12:35.504,1781907155504,6714.3999,5.7,0,1,0,¡ADELANTE! ➡️ (La señal está subiendo),
2026-06-19 17:12:35.556,1781907155556,7324.8257,6.2,0,0,0,¡ADELANTE! ➡️ (La señal está subiendo),
2026-06-19 17:12:35.607,1781907155607,7324.8257,6.2,0,1,0,¡ADELANTE! ➡️ (La señal está subiendo),
2026-06-19 17:12:35.660,1781907155660,7324.8257,6.1,0,0,0,¡ADELANTE! ➡️ (La señal está subiendo),
2026-06-19 17:12:35.711,1781907155711,7324.8257,6.2,0,0,0,¡ADELANTE! ➡️ (La señal está subiendo),
2026-06-19 17:12:35.764,1781907155764,7324.8257,5.8,0,0,0,¡ADELANTE! ➡️ (La señal está subiendo),
2026-06-19 17:12:35.815,1781907155815,7324.8257,5.8,0,0,0,¡ADELANTE! ➡️ (La señal está subiendo),
2026-06-19 17:12:35.867,1781907155867,7208.1182,6.2,0,0,0,¡ADELANTE! ➡️ (La señal está subiendo),
2026-06-19 17:12:35.920,1781907155920,7208.1182,5.4,0,1,0,¡ADELANTE! ➡️ (La señal está subiendo),
2026-06-19 17:12:35.971,1781907155971,7208.1182,5.8,0,0,0,¡ADELANTE! ➡️ (La señal está subiendo),
2026-06-19 17:12:36.024,1781907156024,7208.1182,6.2,0,0,0,¡ADELANTE! ➡️ (La señal está subiendo),
2026-06-19 17:12:36.077,1781907156077,7208.1182,5.9,0,0,0,¡ADELANTE! ➡️ (La señal está subiendo),
2026-06-19 17:12:36.129,1781907156129,7208.1182,6.2,0,0,0,¡ADELANTE! ➡️ (La señal está subiendo),
2026-06-19 17:12:36.180,1781907156180,7208.1182,5.8,0,0,0,ALINEANDO... ⚠️ (Señal estable),
2026-06-19 17:12:36.231,1781907156231,7206.6138,5.3,0,0,0,ALINEANDO... ⚠️ (Señal estable),
2026-06-19 17:12:36.283,1781907156283,7206.6138,5.9,0,1,0,ALINEANDO... ⚠️ (Señal estable),
2026-06-19 17:12:36.333,1781907156333,7206.6138,6.2,0,0,0,ALINEANDO... ⚠️ (Señal estable),
2026-06-19 17:12:36.383,1781907156383,7206.6138,6.2,0,0,0,ALINEANDO... ⚠️ (Señal estable),
2026-06-19 17:12:36.433,1781907156433,7206.6138,6.5,0,1,0,ALINEANDO... ⚠️ (Señal estable),
2026-06-19 17:12:36.433,1781907156433,7206.6138,6.1,0,0,0,ALINEANDO... ⚠️ (Señal estable),
2026-06-19 17:12:36.483,1781907156483,6921.4561,6.0,0,0,0,ALINEANDO... ⚠️ (Señal estable),
2026-06-19 17:12:36.484,1781907156484,6921.4561,6.1,0,0,0,ALINEANDO... ⚠️ (Señal estable),
2026-06-19 17:12:36.534,1781907156534,6921.4561,5.7,0,0,0,¡ATRÁS! ⬅️ (Te alejaste o te pasaste),
2026-06-19 17:12:36.584,1781907156584,6921.4561,6.1,0,0,0,¡ATRÁS! ⬅️ (Te alejaste o te pasaste),
2026-06-19 17:12:36.634,1781907156634,6921.4561,5.7,0,0,0,¡ATRÁS! ⬅️ (Te alejaste o te pasaste),
2026-06-19 17:12:36.685,1781907156685,6921.4561,6.2,0,0,0,¡ATRÁS! ⬅️ (Te alejaste o te pasaste),
2026-06-19 17:12:36.735,1781907156735,6921.4561,5.8,0,0,0,¡ATRÁS! ⬅️ (Te alejaste o te pasaste),
2026-06-19 17:12:36.735,1781907156735,6917.686,5.7,0,1,0,¡ATRÁS! ⬅️ (Te alejaste o te pasaste),
2026-06-19 17:12:36.787,1781907156787,6917.686,5.8,0,0,0,¡ATRÁS! ⬅️ (Te alejaste o te pasaste),
2026-06-19 17:12:36.838,1781907156838,6917.686,5.7,0,0,0,¡ATRÁS! ⬅️ (Te alejaste o te pasaste),
2026-06-19 17:12:36.891,1781907156891,6917.686,5.8,0,1,0,¡ATRÁS! ⬅️ (Te alejaste o te pasaste),
2026-06-19 17:12:36.942,1781907156942,6917.686,5.8,0,1,0,¡ATRÁS! ⬅️ (Te alejaste o te pasaste),
2026-06-19 17:12:36.992,1781907156992,6917.686,4.6,0,0,0,ALINEANDO... ⚠️ (Señal estable),
2026-06-19 17:12:37.043,1781907157043,6409.7065,5.4,0,1,0,¡ATRÁS! ⬅️ (Te alejaste o te pasaste),
2026-06-19 17:12:37.093,1781907157093,6409.7065,5.8,0,0,0,¡ATRÁS! ⬅️ (Te alejaste o te pasaste),
2026-06-19 17:12:37.144,1781907157144,6409.7065,6.7,0,0,0,¡ATRÁS! ⬅️ (Te alejaste o te pasaste),
2026-06-19 17:12:37.198,1781907157199,6409.7065,6.3,0,0,0,¡ATRÁS! ⬅️ (Te alejaste o te pasaste),
2026-06-19 17:12:37.249,1781907157249,6409.7065,4.7,0,0,0,¡ATRÁS! ⬅️ (Te alejaste o te pasaste),
2026-06-19 17:12:37.300,1781907157300,6409.7065,6.0,0,0,0,¡ATRÁS! ⬅️ (Te alejaste o te pasaste),
2026-06-19 17:12:37.351,1781907157351,6409.7065,6.3,0,0,0,¡ATRÁS! ⬅️ (Te alejaste o te pasaste),
2026-06-19 17:12:37.401,1781907157401,3710.2019,5.0,0,0,0,¡ATRÁS! ⬅️ (Te alejaste o te pasaste),
2026-06-19 17:12:37.453,1781907157453,3710.2019,5.5,0,1,0,¡ATRÁS! ⬅️ (Te alejaste o te pasaste),
2026-06-19 17:12:37.505,1781907157505,3710.2019,5.1,0,0,0,¡ATRÁS! ⬅️ (Te alejaste o te pasaste),
2026-06-19 17:12:37.557,1781907157557,3710.2019,5.1,0,0,0,¡ATRÁS! ⬅️ (Te alejaste o te pasaste),
2026-06-19 17:12:37.608,1781907157608,3710.2019,6.4,0,0,0,¡ATRÁS! ⬅️ (Te alejaste o te pasaste),
2026-06-19 17:12:37.659,1781907157659,3710.2019,5.5,0,0,0,¡ATRÁS! ⬅️ (Te alejaste o te pasaste),
2026-06-19 17:12:37.711,1781907157711,5871.7651,5.5,0,0,0,¡ATRÁS! ⬅️ (Te alejaste o te pasaste),
2026-06-19 17:12:37.760,1781907157760,5871.7651,4.6,0,0,0,¡ATRÁS! ⬅️ (Te alejaste o te pasaste),
2026-06-19 17:12:37.761,1781907157761,5871.7651,6.0,0,0,0,¡ATRÁS! ⬅️ (Te alejaste o te pasaste),
2026-06-19 17:12:37.761,1781907157761,5871.7651,6.4,0,0,0,¡ATRÁS! ⬅️ (Te alejaste o te pasaste),
2026-06-19 17:12:37.812,1781907157812,5871.7651,6.4,0,0,0,ALINEANDO... ⚠️ (Señal estable),
2026-06-19 17:12:37.861,1781907157861,5871.7651,6.6,0,0,0,¡ADELANTE! ➡️ (La señal está subiendo),
2026-06-19 17:12:37.862,1781907157862,5871.7651,5.6,0,0,0,¡ADELANTE! ➡️ (La señal está subiendo),
2026-06-19 17:12:37.862,1781907157862,5997.3252,5.1,0,0,0,¡ADELANTE! ➡️ (La señal está subiendo),
2026-06-19 17:12:37.862,1781907157862,5997.3252,5.6,0,1,0,🎯 ¡FUGA DETECTADA AQUÍ! 🎯,FUGA
2026-06-19 17:12:37.917,1781907157917,5997.3252,6.0,0,0,0,¡ADELANTE! ➡️ (La señal está subiendo),
2026-06-19 17:12:37.969,1781907157969,5997.3252,6.0,0,0,0,¡ADELANTE! ➡️ (La señal está subiendo),
2026-06-19 17:12:38.022,1781907158022,5997.3252,6.0,0,0,0,¡ADELANTE! ➡️ (La señal está subiendo),
2026-06-19 17:12:38.074,1781907158074,5997.3252,6.0,0,0,0,¡ADELANTE! ➡️ (La señal está subiendo),
2026-06-19 17:12:38.130,1781907158130,5317.0161,5.0,0,0,0,¡ADELANTE! ➡️ (La señal está subiendo),
2026-06-19 17:12:38.183,1781907158183,5317.0161,6.1,0,0,0,ALINEANDO... ⚠️ (Señal estable),
2026-06-19 17:12:38.236,1781907158236,5317.0161,6.0,0,0,0,¡ATRÁS! ⬅️ (Te alejaste o te pasaste),
2026-06-19 17:12:38.287,1781907158287,5317.0161,6.1,0,0,0,¡ATRÁS! ⬅️ (Te alejaste o te pasaste),
2026-06-19 17:12:38.339,1781907158339,5317.0161,6.5,0,0,0,¡ATRÁS! ⬅️ (Te alejaste o te pasaste),
2026-06-19 17:12:38.391,1781907158391,5317.0161,6.4,0,0,0,¡ATRÁS! ⬅️ (Te alejaste o te pasaste),
2026-06-19 17:12:38.443,1781907158443,5317.0161,6.9,0,0,0,¡ATRÁS! ⬅️ (Te alejaste o te pasaste),
2026-06-19 17:12:38.495,1781907158495,3055.219,6.9,0,0,0,¡ATRÁS! ⬅️ (Te alejaste o te pasaste),
2026-06-19 17:12:38.548,1781907158548,3055.219,2.1,0,0,0,¡ATRÁS! ⬅️ (Te alejaste o te pasaste),
2026-06-19 17:12:38.599,1781907158599,3055.219,6.7,0,0,0,¡ATRÁS! ⬅️ (Te alejaste o te pasaste),
2026-06-19 17:12:38.651,1781907158651,3055.219,6.6,0,0,0,¡ATRÁS! ⬅️ (Te alejaste o te pasaste),
2026-06-19 17:12:38.702,1781907158703,3055.219,6.2,0,0,0,¡ATRÁS! ⬅️ (Te alejaste o te pasaste),
2026-06-19 17:12:38.754,1781907158754,3055.219,3.4,0,1,0,¡ATRÁS! ⬅️ (Te alejaste o te pasaste),
2026-06-19 17:12:38.804,1781907158804,3307.2642,3.0,0,0,0,¡ATRÁS! ⬅️ (Te alejaste o te pasaste),
2026-06-19 17:12:38.856,1781907158856,3307.2642,7.1,0,0,0,¡ATRÁS! ⬅️ (Te alejaste o te pasaste),
2026-06-19 17:12:38.908,1781907158908,3307.2642,6.6,0,0,0,¡ATRÁS! ⬅️ (Te alejaste o te pasaste),
2026-06-19 17:12:38.959,1781907158959,3307.2642,3.7,0,0,0,¡ATRÁS! ⬅️ (Te alejaste o te pasaste),
2026-06-19 17:12:39.014,1781907159014,3307.2642,5.1,0,0,0,¡ATRÁS! ⬅️ (Te alejaste o te pasaste),
2026-06-19 17:12:39.068,1781907159068,3307.2642,3.8,0,0,0,¡ATRÁS! ⬅️ (Te alejaste o te pasaste),
2026-06-19 17:12:39.119,1781907159119,3307.2642,6.9,0,0,0,¡ATRÁS! ⬅️ (Te alejaste o te pasaste),
2026-06-19 17:12:39.170,1781907159170,1463.0668,6.8,0,0,0,BUSCANDO SEÑAL...,
2026-06-19 17:12:39.223,1781907159223,1463.0668,2.2,0,0,0,BUSCANDO SEÑAL...,
2026-06-19 17:12:39.278,1781907159278,1463.0668,6.5,0,0,0,BUSCANDO SEÑAL...,
2026-06-19 17:12:39.331,1781907159331,1463.0668,6.9,0,1,0,BUSCANDO SEÑAL...,
2026-06-19 17:12:39.384,1781907159384,1463.0668,6.9,0,0,0,BUSCANDO SEÑAL...,
2026-06-19 17:12:39.436,1781907159436,1463.0668,5.9,0,0,0,BUSCANDO SEÑAL...,
2026-06-19 17:12:39.487,1781907159487,881.0698,5.9,0,0,0,BUSCANDO SEÑAL...,
2026-06-19 17:12:39.540,1781907159540,881.0698,6.3,0,0,0,BUSCANDO SEÑAL...,
2026-06-19 17:12:39.593,1781907159593,881.0698,5.9,0,0,0,BUSCANDO SEÑAL...,
2026-06-19 17:12:39.645,1781907159645,881.0698,6.3,0,1,0,BUSCANDO SEÑAL...,
2026-06-19 17:12:39.697,1781907159697,881.0698,6.0,0,0,0,BUSCANDO SEÑAL...,
2026-06-19 17:12:39.749,1781907159749,881.0698,5.1,0,0,0,BUSCANDO SEÑAL...,
2026-06-19 17:12:39.803,1781907159803,881.0698,6.3,0,0,0,BUSCANDO SEÑAL...,
2026-06-19 17:12:39.856,1781907159856,820.5779,6.3,0,0,0,BUSCANDO SEÑAL...,
2026-06-19 17:12:39.909,1781907159909,820.5779,6.0,0,0,0,BUSCANDO SEÑAL...,
2026-06-19 17:12:39.963,1781907159963,820.5779,5.5,0,0,0,BUSCANDO SEÑAL...,
2026-06-19 17:12:40.017,1781907160017,820.5779,6.3,0,0,0,BUSCANDO SEÑAL...,
2026-06-19 17:12:40.070,1781907160070,820.5779,2.8,0,0,0,BUSCANDO SEÑAL...,
2026-06-19 17:12:40.123,1781907160123,820.5779,6.1,0,0,0,BUSCANDO SEÑAL...,
2026-06-19 17:12:40.176,1781907160176,984.6727,6.3,0,0,0,BUSCANDO SEÑAL...,
2026-06-19 17:12:40.228,1781907160228,984.6727,6.3,0,0,0,BUSCANDO SEÑAL...,
2026-06-19 17:12:40.281,1781907160281,984.6727,6.8,0,0,0,BUSCANDO SEÑAL...,
2026-06-19 17:12:40.334,1781907160334,984.6727,6.0,0,0,0,BUSCANDO SEÑAL...,
2026-06-19 17:12:40.387,1781907160387,984.6727,5.9,0,0,0,BUSCANDO SEÑAL...,
2026-06-19 17:12:40.439,1781907160439,984.6727,6.0,0,0,0,BUSCANDO SEÑAL...,
2026-06-19 17:12:40.491,1781907160491,984.6727,6.0,0,0,0,BUSCANDO SEÑAL...,
2026-06-19 17:12:40.545,1781907160545,989.6718,6.7,0,0,0,BUSCANDO SEÑAL...,
2026-06-19 17:12:40.597,1781907160598,989.6718,6.3,0,0,0,BUSCANDO SEÑAL...,
2026-06-19 17:12:40.650,1781907160650,989.6718,5.8,0,0,0,BUSCANDO SEÑAL...,
2026-06-19 17:12:40.702,1781907160702,989.6718,6.7,0,0,0,BUSCANDO SEÑAL...,
2026-06-19 17:12:40.755,1781907160755,989.6718,5.9,0,0,0,BUSCANDO SEÑAL...,
2026-06-19 17:12:40.807,1781907160807,989.6718,5.4,0,0,0,BUSCANDO SEÑAL...,
2026-06-19 17:12:40.863,1781907160863,1774.6001,6.3,0,0,0,¡ADELANTE! ➡️ (La señal está subiendo),
2026-06-19 17:12:40.917,1781907160917,1774.6001,6.3,0,0,0,¡ADELANTE! ➡️ (La señal está subiendo),
2026-06-19 17:12:40.972,1781907160972,1774.6001,6.0,0,0,0,¡ADELANTE! ➡️ (La señal está subiendo),
2026-06-19 17:12:41.027,1781907161027,1774.6001,6.0,0,0,0,¡ADELANTE! ➡️ (La señal está subiendo),
2026-06-19 17:12:41.080,1781907161080,1774.6001,5.8,0,0,0,¡ADELANTE! ➡️ (La señal está subiendo),
2026-06-19 17:12:41.134,1781907161134,1774.6001,6.3,0,0,0,¡ADELANTE! ➡️ (La señal está subiendo),
2026-06-19 17:12:41.189,1781907161189,1774.6001,6.3,0,0,0,¡ADELANTE! ➡️ (La señal está subiendo),
2026-06-19 17:12:41.243,1781907161243,1205.1425,6.3,0,0,0,BUSCANDO SEÑAL...,
2026-06-19 17:12:41.295,1781907161295,1205.1425,6.3,0,0,0,BUSCANDO SEÑAL...,
2026-06-19 17:12:41.347,1781907161347,1205.1425,6.3,0,0,0,BUSCANDO SEÑAL...,
2026-06-19 17:12:41.400,1781907161400,1205.1425,6.0,0,0,0,BUSCANDO SEÑAL...,
2026-06-19 17:12:41.452,1781907161452,1205.1425,6.3,0,0,0,BUSCANDO SEÑAL...,
2026-06-19 17:12:41.504,1781907161504,1205.1425,6.4,0,0,0,BUSCANDO SEÑAL...,
2026-06-19 17:12:41.557,1781907161557,1131.4561,6.8,0,0,0,BUSCANDO SEÑAL...,
2026-06-19 17:12:41.609,1781907161609,1131.4561,5.6,0,0,0,BUSCANDO SEÑAL...,
2026-06-19 17:12:41.663,1781907161663,1131.4561,6.0,0,0,0,BUSCANDO SEÑAL...,
2026-06-19 17:12:41.715,1781907161715,1131.4561,6.9,0,0,0,BUSCANDO SEÑAL...,
2026-06-19 17:12:41.767,1781907161767,1131.4561,7.2,0,0,0,BUSCANDO SEÑAL...,
2026-06-19 17:12:41.820,1781907161820,1131.4561,6.9,0,0,0,BUSCANDO SEÑAL...,
2026-06-19 17:12:41.872,1781907161872,1131.4561,6.9,0,0,0,BUSCANDO SEÑAL...,
2026-06-19 17:12:41.925,1781907161925,1120.6775,7.3,0,0,0,BUSCANDO SEÑAL...,
2026-06-19 17:12:41.979,1781907161979,1120.6775,6.9,0,0,0,BUSCANDO SEÑAL...,
2026-06-19 17:12:42.032,1781907162032,1120.6775,7.4,0,0,0,BUSCANDO SEÑAL...,
2026-06-19 17:12:42.085,1781907162085,1120.6775,6.6,0,0,0,BUSCANDO SEÑAL...,
2026-06-19 17:12:42.138,1781907162138,1120.6775,7.0,0,0,0,BUSCANDO SEÑAL...,
2026-06-19 17:12:42.191,1781907162191,1120.6775,7.0,0,0,0,BUSCANDO SEÑAL...,
2026-06-19 17:12:42.243,1781907162243,1211.0386,3.8,0,0,0,BUSCANDO SEÑAL...,
2026-06-19 17:12:42.296,1781907162296,1211.0386,6.6,0,0,0,BUSCANDO SEÑAL...,
2026-06-19 17:12:42.348,1781907162348,1211.0386,1.2,0,0,0,BUSCANDO SEÑAL...,
2026-06-19 17:12:42.400,1781907162400,1211.0386,7.5,0,0,0,BUSCANDO SEÑAL...,
2026-06-19 17:12:42.454,1781907162454,1211.0386,4.9,0,0,0,BUSCANDO SEÑAL...,
2026-06-19 17:12:42.506,1781907162506,1211.0386,7.5,0,0,0,BUSCANDO SEÑAL...,
2026-06-19 17:12:42.562,1781907162562,1211.0386,7.4,0,0,0,BUSCANDO SEÑAL...,
2026-06-19 17:12:42.622,1781907162622,1233.9312,7.4,0,0,0,BUSCANDO SEÑAL...,
2026-06-19 17:12:42.674,1781907162674,1233.9312,7.5,0,0,0,BUSCANDO SEÑAL...,
2026-06-19 17:12:42.727,1781907162727,1233.9312,5.0,0,0,0,BUSCANDO SEÑAL...,
2026-06-19 17:12:42.779,1781907162779,1233.9312,6.2,0,0,0,BUSCANDO SEÑAL...,
2026-06-19 17:12:42.832,1781907162832,1233.9312,6.2,0,0,0,BUSCANDO SEÑAL...,
2026-06-19 17:12:42.885,1781907162885,1233.9312,1.2,0,0,0,BUSCANDO SEÑAL...,
2026-06-19 17:12:42.938,1781907162938,1212.2493,6.8,0,0,0,BUSCANDO SEÑAL...,
2026-06-19 17:12:42.992,1781907162992,1212.2493,6.0,0,0,0,BUSCANDO SEÑAL...,
2026-06-19 17:12:43.052,1781907163052,1212.2493,4.5,0,0,0,BUSCANDO SEÑAL...,
2026-06-19 17:12:43.107,1781907163107,1212.2493,6.5,0,0,0,BUSCANDO SEÑAL...,
2026-06-19 17:12:43.160,1781907163160,1212.2493,5.4,0,0,0,BUSCANDO SEÑAL...,
2026-06-19 17:12:43.216,1781907163216,1212.2493,6.1,0,0,0,BUSCANDO SEÑAL...,
2026-06-19 17:12:43.269,1781907163269,1212.2493,6.5,0,0,0,BUSCANDO SEÑAL...,
2026-06-19 17:12:43.322,1781907163322,1515.6023,6.4,0,0,0,ALINEANDO... ⚠️ (Señal estable),
2026-06-19 17:12:43.376,1781907163376,1515.6023,6.1,0,0,0,ALINEANDO... ⚠️ (Señal estable),
2026-06-19 17:12:43.431,1781907163431,1515.6023,6.4,0,0,0,¡ADELANTE! ➡️ (La señal está subiendo),
2026-06-19 17:12:43.487,1781907163487,1515.6023,6.0,0,0,0,¡ADELANTE! ➡️ (La señal está subiendo),
2026-06-19 17:12:43.548,1781907163548,1515.6023,5.7,0,0,0,¡ADELANTE! ➡️ (La señal está subiendo),
2026-06-19 17:12:43.603,1781907163603,1515.6023,6.5,0,0,0,¡ADELANTE! ➡️ (La señal está subiendo),
2026-06-19 17:12:43.658,1781907163658,1894.8756,6.6,0,0,0,¡ADELANTE! ➡️ (La señal está subiendo),
2026-06-19 17:12:43.713,1781907163713,1894.8756,6.6,0,0,0,¡ADELANTE! ➡️ (La señal está subiendo),
2026-06-19 17:12:43.767,1781907163767,1894.8756,7.6,0,0,0,¡ADELANTE! ➡️ (La señal está subiendo),
2026-06-19 17:12:43.821,1781907163821,1894.8756,7.0,0,0,0,¡ADELANTE! ➡️ (La señal está subiendo),
2026-06-19 17:12:43.875,1781907163875,1894.8756,7.5,0,0,0,¡ADELANTE! ➡️ (La señal está subiendo),
2026-06-19 17:12:43.930,1781907163930,1894.8756,7.4,0,0,0,¡ADELANTE! ➡️ (La señal está subiendo),
2026-06-19 17:12:43.985,1781907163985,1894.8756,7.0,0,0,0,¡ADELANTE! ➡️ (La señal está subiendo),
2026-06-19 17:12:44.040,1781907164040,1997.755,6.9,0,0,0,¡ADELANTE! ➡️ (La señal está subiendo),
2026-06-19 17:12:44.094,1781907164094,1997.755,7.5,0,0,0,¡ADELANTE! ➡️ (La señal está subiendo),
2026-06-19 17:12:44.149,1781907164149,1997.755,6.7,0,0,0,¡ADELANTE! ➡️ (La señal está subiendo),
2026-06-19 17:12:44.204,1781907164204,1997.755,7.0,0,0,0,¡ADELANTE! ➡️ (La señal está subiendo),
2026-06-19 17:12:44.259,1781907164259,1997.755,6.6,0,0,0,¡ADELANTE! ➡️ (La señal está subiendo),
2026-06-19 17:12:44.315,1781907164315,1997.755,5.0,0,0,0,¡ADELANTE! ➡️ (La señal está subiendo),
2026-06-19 17:12:44.370,1781907164370,2585.3008,5.4,0,0,0,¡ADELANTE! ➡️ (La señal está subiendo),
2026-06-19 17:12:44.424,1781907164424,2585.3008,7.0,0,0,0,¡ADELANTE! ➡️ (La señal está subiendo),
2026-06-19 17:12:44.477,1781907164477,2585.3008,5.7,0,0,0,¡ADELANTE! ➡️ (La señal está subiendo),
2026-06-19 17:12:44.533,1781907164533,2585.3008,7.0,0,0,0,¡ADELANTE! ➡️ (La señal está subiendo),
2026-06-19 17:12:44.586,1781907164586,2585.3008,5.8,0,0,0,¡ADELANTE! ➡️ (La señal está subiendo),
2026-06-19 17:12:44.640,1781907164640,2585.3008,6.6,0,0,0,¡ADELANTE! ➡️ (La señal está subiendo),
2026-06-19 17:12:44.695,1781907164695,2585.3008,5.7,0,0,0,¡ADELANTE! ➡️ (La señal está subiendo),
2026-06-19 17:12:44.748,1781907164748,2801.0059,6.6,0,0,0,¡ADELANTE! ➡️ (La señal está subiendo),
2026-06-19 17:12:44.803,1781907164803,2801.0059,6.2,0,0,0,¡ADELANTE! ➡️ (La señal está subiendo),
2026-06-19 17:12:44.857,1781907164857,2801.0059,5.7,0,0,0,¡ADELANTE! ➡️ (La señal está subiendo),
2026-06-19 17:12:44.912,1781907164912,2801.0059,5.7,0,0,0,¡ADELANTE! ➡️ (La señal está subiendo),
2026-06-19 17:12:44.965,1781907164965,2801.0059,5.1,0,0,0,¡ADELANTE! ➡️ (La señal está subiendo),
2026-06-19 17:12:45.020,1781907165020,2801.0059,6.0,0,0,0,¡ADELANTE! ➡️ (La señal está subiendo),
2026-06-19 17:12:45.073,1781907165073,3089.2986,5.2,0,0,0,¡ADELANTE! ➡️ (La señal está subiendo),
2026-06-19 17:12:45.127,1781907165127,3089.2986,5.6,0,0,0,¡ADELANTE! ➡️ (La señal está subiendo),
2026-06-19 17:12:45.181,1781907165181,3089.2986,5.5,0,0,0,¡ADELANTE! ➡️ (La señal está subiendo),
2026-06-19 17:12:45.238,1781907165238,3089.2986,6.0,0,0,0,¡ADELANTE! ➡️ (La señal está subiendo),
2026-06-19 17:12:45.294,1781907165294,3089.2986,5.8,0,0,0,¡ADELANTE! ➡️ (La señal está subiendo),
2026-06-19 17:12:45.348,1781907165348,3089.2986,6.3,0,0,0,¡ADELANTE! ➡️ (La señal está subiendo),
2026-06-19 17:12:45.403,1781907165403,3089.2986,5.9,0,0,0,¡ADELANTE! ➡️ (La señal está subiendo),
2026-06-19 17:12:45.457,1781907165457,2507.8916,6.1,0,0,0,¡ADELANTE! ➡️ (La señal está subiendo),
2026-06-19 17:12:45.513,1781907165513,2507.8916,5.7,0,0,0,ALINEANDO... ⚠️ (Señal estable),
2026-06-19 17:12:45.567,1781907165567,2507.8916,5.7,0,0,0,ALINEANDO... ⚠️ (Señal estable),
2026-06-19 17:12:45.621,1781907165621,2507.8916,5.8,0,0,0,¡ATRÁS! ⬅️ (Te alejaste o te pasaste),
2026-06-19 17:12:45.675,1781907165675,2507.8916,5.2,0,0,0,¡ATRÁS! ⬅️ (Te alejaste o te pasaste),
2026-06-19 17:12:45.730,1781907165730,2507.8916,5.2,0,0,0,¡ATRÁS! ⬅️ (Te alejaste o te pasaste),
2026-06-19 17:12:45.800,1781907165800,2041.9375,5.6,0,0,0,¡ATRÁS! ⬅️ (Te alejaste o te pasaste),
2026-06-19 17:12:45.856,1781907165856,2041.9375,5.1,0,0,0,¡ATRÁS! ⬅️ (Te alejaste o te pasaste),
2026-06-19 17:12:45.913,1781907165913,2041.9375,5.6,0,0,0,¡ATRÁS! ⬅️ (Te alejaste o te pasaste),
2026-06-19 17:12:45.996,1781907165996,2041.9375,5.2,0,0,0,¡ATRÁS! ⬅️ (Te alejaste o te pasaste),
2026-06-19 17:12:46.081,1781907166081,2041.9375,5.2,0,0,0,¡ATRÁS! ⬅️ (Te alejaste o te pasaste),
2026-06-19 17:12:46.147,1781907166147,2041.9375,6.0,0,0,0,¡ATRÁS! ⬅️ (Te alejaste o te pasaste),
2026-06-19 17:12:46.202,1781907166202,2041.9375,6.0,0,0,0,¡ATRÁS! ⬅️ (Te alejaste o te pasaste),
2026-06-19 17:12:46.258,1781907166258,1961.2317,6.2,0,0,0,¡ATRÁS! ⬅️ (Te alejaste o te pasaste),
2026-06-19 17:12:46.314,1781907166314,1961.2317,6.2,0,0,0,¡ATRÁS! ⬅️ (Te alejaste o te pasaste),
2026-06-19 17:12:46.372,1781907166372,1961.2317,5.9,0,0,0,¡ATRÁS! ⬅️ (Te alejaste o te pasaste),
2026-06-19 17:12:46.436,1781907166436,1961.2317,6.3,0,0,0,¡ATRÁS! ⬅️ (Te alejaste o te pasaste),
2026-06-19 17:12:46.518,1781907166518,1961.2317,6.0,0,0,0,¡ATRÁS! ⬅️ (Te alejaste o te pasaste),
2026-06-19 17:12:46.601,1781907166601,1961.2317,5.5,0,0,0,¡ATRÁS! ⬅️ (Te alejaste o te pasaste),
2026-06-19 17:12:46.673,1781907166673,2092.4839,4.2,0,0,0,ALINEANDO... ⚠️ (Señal estable),
2026-06-19 17:12:46.746,1781907166746,2092.4839,7.7,0,0,0,ALINEANDO... ⚠️ (Señal estable),
2026-06-19 17:12:46.828,1781907166828,2092.4839,7.1,0,0,0,ALINEANDO... ⚠️ (Señal estable),
2026-06-19 17:12:46.892,1781907166892,2092.4839,18.4,0,0,0,ALINEANDO... ⚠️ (Señal estable),
2026-06-19 17:12:46.949,1781907166949,2092.4839,7.2,0,0,0,ALINEANDO... ⚠️ (Señal estable),
2026-06-19 17:12:47.009,1781907167009,2092.4839,6.4,0,0,0,ALINEANDO... ⚠️ (Señal estable),
2026-06-19 17:12:47.064,1781907167064,2092.4839,5.5,0,0,0,ALINEANDO... ⚠️ (Señal estable),
2026-06-19 17:12:47.121,1781907167121,4190.0264,5.5,0,0,0,¡ADELANTE! ➡️ (La señal está subiendo),
2026-06-19 17:12:47.200,1781907167200,4190.0264,6.0,0,0,0,🎯 ¡FUGA DETECTADA AQUÍ! 🎯,FUGA
2026-06-19 17:12:47.259,1781907167259,4190.0264,6.0,0,0,0,¡ADELANTE! ➡️ (La señal está subiendo),
2026-06-19 17:12:47.316,1781907167316,4190.0264,6.5,0,0,0,¡ADELANTE! ➡️ (La señal está subiendo),
2026-06-19 17:12:47.372,1781907167372,4190.0264,5.6,0,0,0,¡ADELANTE! ➡️ (La señal está subiendo),
2026-06-19 17:12:47.430,1781907167430,4190.0264,4.3,0,0,0,¡ADELANTE! ➡️ (La señal está subiendo),
2026-06-19 17:12:47.487,1781907167487,4057.1802,4.5,0,0,0,¡ADELANTE! ➡️ (La señal está subiendo),
2026-06-19 17:12:47.545,1781907167545,4057.1802,5.0,0,0,0,¡ADELANTE! ➡️ (La señal está subiendo),
2026-06-19 17:12:47.601,1781907167601,4057.1802,9.0,0,0,0,¡ADELANTE! ➡️ (La señal está subiendo),
2026-06-19 17:12:47.658,1781907167658,4057.1802,4.4,0,0,0,¡ADELANTE! ➡️ (La señal está subiendo),
2026-06-19 17:12:47.714,1781907167714,4057.1802,6.6,0,0,0,¡ADELANTE! ➡️ (La señal está subiendo),
2026-06-19 17:12:47.772,1781907167772,4057.1802,6.1,0,0,0,¡ADELANTE! ➡️ (La señal está subiendo),
2026-06-19 17:12:47.828,1781907167828,4057.1802,4.9,0,0,0,¡ADELANTE! ➡️ (La señal está subiendo),
2026-06-19 17:12:47.885,1781907167885,4445.7451,3.6,0,0,0,¡ADELANTE! ➡️ (La señal está subiendo),
2026-06-19 17:12:47.942,1781907167942,4445.7451,5.7,0,0,0,ALINEANDO... ⚠️ (Señal estable),
2026-06-19 17:12:47.997,1781907167997,4445.7451,5.2,0,0,0,ALINEANDO... ⚠️ (Señal estable),
2026-06-19 17:12:48.054,1781907168054,4445.7451,5.7,0,0,0,¡ADELANTE! ➡️ (La señal está subiendo),
2026-06-19 17:12:48.110,1781907168110,4445.7451,5.0,0,0,0,¡ADELANTE! ➡️ (La señal está subiendo),
2026-06-19 17:12:48.166,1781907168166,4445.7451,5.1,0,0,0,¡ADELANTE! ➡️ (La señal está subiendo),
2026-06-19 17:12:48.222,1781907168222,4327.0171,5.4,0,0,0,¡ADELANTE! ➡️ (La señal está subiendo),
2026-06-19 17:12:48.279,1781907168279,4327.0171,5.1,0,0,0,¡ADELANTE! ➡️ (La señal está subiendo),
2026-06-19 17:12:48.335,1781907168335,4327.0171,7.2,0,0,0,¡ADELANTE! ➡️ (La señal está subiendo),
2026-06-19 17:12:48.391,1781907168391,4327.0171,7.6,0,0,0,¡ADELANTE! ➡️ (La señal está subiendo),
2026-06-19 17:12:48.448,1781907168448,4327.0171,5.2,0,0,0,¡ADELANTE! ➡️ (La señal está subiendo),
2026-06-19 17:12:48.504,1781907168504,4327.0171,5.2,0,0,0,ALINEANDO... ⚠️ (Señal estable),
2026-06-19 17:12:48.561,1781907168561,4327.0171,3.9,0,0,0,ALINEANDO... ⚠️ (Señal estable),
2026-06-19 17:12:48.616,1781907168616,4654.293,4.0,0,0,0,ALINEANDO... ⚠️ (Señal estable),
2026-06-19 17:12:48.672,1781907168672,4654.293,3.7,0,0,0,ALINEANDO... ⚠️ (Señal estable),
2026-06-19 17:12:48.728,1781907168728,4654.293,3.7,0,0,0,ALINEANDO... ⚠️ (Señal estable),
2026-06-19 17:12:48.784,1781907168784,4654.293,3.7,0,0,0,¡ADELANTE! ➡️ (La señal está subiendo),
2026-06-19 17:12:48.841,1781907168841,4654.293,3.4,0,0,0,¡ADELANTE! ➡️ (La señal está subiendo),
2026-06-19 17:12:48.898,1781907168898,4654.293,3.4,0,0,0,¡ADELANTE! ➡️ (La señal está subiendo),
2026-06-19 17:12:48.955,1781907168955,3177.2166,3.4,0,0,0,ALINEANDO... ⚠️ (Señal estable),
2026-06-19 17:12:49.013,1781907169013,3177.2166,2.9,0,0,0,¡ATRÁS! ⬅️ (Te alejaste o te pasaste),
2026-06-19 17:12:49.070,1781907169070,3177.2166,2.9,0,0,0,¡ATRÁS! ⬅️ (Te alejaste o te pasaste),
2026-06-19 17:12:49.126,1781907169126,3177.2166,3.0,0,0,0,¡ATRÁS! ⬅️ (Te alejaste o te pasaste),
2026-06-19 17:12:49.183,1781907169183,3177.2166,3.4,0,0,0,¡ATRÁS! ⬅️ (Te alejaste o te pasaste),
2026-06-19 17:12:49.241,1781907169241,3177.2166,3.3,0,0,0,¡ATRÁS! ⬅️ (Te alejaste o te pasaste),
2026-06-19 17:12:49.298,1781907169298,3177.2166,3.3,0,0,0,¡ATRÁS! ⬅️ (Te alejaste o te pasaste),
2026-06-19 17:12:49.359,1781907169359,2899.1592,3.7,0,0,0,¡ATRÁS! ⬅️ (Te alejaste o te pasaste),
2026-06-19 17:12:49.421,1781907169421,2899.1592,4.1,0,0,0,¡ATRÁS! ⬅️ (Te alejaste o te pasaste),
2026-06-19 17:12:49.477,1781907169477,2899.1592,4.0,0,0,0,¡ATRÁS! ⬅️ (Te alejaste o te pasaste),
2026-06-19 17:12:49.537,1781907169537,2899.1592,4.1,0,0,0,¡ATRÁS! ⬅️ (Te alejaste o te pasaste),
2026-06-19 17:12:49.594,1781907169594,2899.1592,3.6,0,0,0,¡ATRÁS! ⬅️ (Te alejaste o te pasaste),
2026-06-19 17:12:49.651,1781907169651,2899.1592,4.2,0,0,0,¡ATRÁS! ⬅️ (Te alejaste o te pasaste),
2026-06-19 17:12:49.707,1781907169707,2295.8491,3.3,0,0,0,¡ATRÁS! ⬅️ (Te alejaste o te pasaste),
2026-06-19 17:12:49.764,1781907169764,2295.8491,3.3,0,0,0,¡ATRÁS! ⬅️ (Te alejaste o te pasaste),
2026-06-19 17:12:49.821,1781907169821,2295.8491,4.1,0,0,0,¡ATRÁS! ⬅️ (Te alejaste o te pasaste),
2026-06-19 17:12:49.877,1781907169877,2295.8491,2.7,0,0,0,¡ATRÁS! ⬅️ (Te alejaste o te pasaste),
2026-06-19 17:12:49.933,1781907169933,2295.8491,3.6,0,0,0,¡ATRÁS! ⬅️ (Te alejaste o te pasaste),
2026-06-19 17:12:49.990,1781907169990,2295.8491,3.6,0,0,0,¡ATRÁS! ⬅️ (Te alejaste o te pasaste),
2026-06-19 17:12:50.047,1781907170047,2295.8491,3.6,0,0,0,¡ATRÁS! ⬅️ (Te alejaste o te pasaste),
2026-06-19 17:12:50.103,1781907170103,2020.1281,3.2,0,0,0,¡ATRÁS! ⬅️ (Te alejaste o te pasaste),
2026-06-19 17:12:50.162,1781907170162,2020.1281,3.6,0,0,0,¡ATRÁS! ⬅️ (Te alejaste o te pasaste),
2026-06-19 17:12:50.218,1781907170218,2020.1281,3.3,0,0,0,¡ATRÁS! ⬅️ (Te alejaste o te pasaste),
2026-06-19 17:12:50.274,1781907170274,2020.1281,3.6,0,0,0,¡ATRÁS! ⬅️ (Te alejaste o te pasaste),
2026-06-19 17:12:50.331,1781907170331,2020.1281,3.6,0,0,0,¡ATRÁS! ⬅️ (Te alejaste o te pasaste),
2026-06-19 17:12:50.387,1781907170387,2020.1281,3.6,0,0,0,¡ATRÁS! ⬅️ (Te alejaste o te pasaste),
2026-06-19 17:12:50.443,1781907170443,1817.6471,3.6,0,0,0,¡ATRÁS! ⬅️ (Te alejaste o te pasaste),
2026-06-19 17:12:50.500,1781907170500,1817.6471,3.6,0,0,0,¡ATRÁS! ⬅️ (Te alejaste o te pasaste),
2026-06-19 17:12:50.558,1781907170558,1817.6471,4.0,0,0,0,¡ATRÁS! ⬅️ (Te alejaste o te pasaste),
2026-06-19 17:12:50.614,1781907170614,1817.6471,4.1,0,0,0,¡ATRÁS! ⬅️ (Te alejaste o te pasaste),
2026-06-19 17:12:50.670,1781907170670,1817.6471,3.6,0,0,0,¡ATRÁS! ⬅️ (Te alejaste o te pasaste),
2026-06-19 17:12:50.727,1781907170727,1817.6471,3.3,0,0,0,¡ATRÁS! ⬅️ (Te alejaste o te pasaste),
2026-06-19 17:12:50.786,1781907170786,1817.6471,4.1,0,0,0,¡ATRÁS! ⬅️ (Te alejaste o te pasaste),
2026-06-19 17:12:50.842,1781907170842,1854.2762,3.5,0,0,0,¡ATRÁS! ⬅️ (Te alejaste o te pasaste),
2026-06-19 17:12:50.900,1781907170900,1854.2762,3.5,0,0,0,¡ATRÁS! ⬅️ (Te alejaste o te pasaste),
2026-06-19 17:12:50.960,1781907170960,1854.2762,2.9,0,0,0,¡ATRÁS! ⬅️ (Te alejaste o te pasaste),
2026-06-19 17:12:51.016,1781907171016,1854.2762,2.9,0,0,0,ALINEANDO... ⚠️ (Señal estable),
2026-06-19 17:12:51.073,1781907171073,1854.2762,3.0,0,0,0,ALINEANDO... ⚠️ (Señal estable),
2026-06-19 17:12:51.129,1781907171129,1854.2762,3.1,0,0,0,ALINEANDO... ⚠️ (Señal estable),
2026-06-19 17:12:51.189,1781907171189,1920.886,3.6,0,0,0,ALINEANDO... ⚠️ (Señal estable),
2026-06-19 17:12:51.268,1781907171268,1920.886,3.2,0,0,0,🎯 ¡FUGA DETECTADA AQUÍ! 🎯,FUGA
2026-06-19 17:12:51.333,1781907171333,1920.886,3.7,0,0,0,ALINEANDO... ⚠️ (Señal estable),
2026-06-19 17:12:51.395,1781907171395,1920.886,2.9,0,0,0,ALINEANDO... ⚠️ (Señal estable),
2026-06-19 17:12:51.468,1781907171468,1920.886,3.7,0,0,0,ALINEANDO... ⚠️ (Señal estable),
2026-06-19 17:12:51.527,1781907171527,1920.886,2.9,0,0,0,ALINEANDO... ⚠️ (Señal estable),
2026-06-19 17:12:51.586,1781907171586,1920.886,3.0,0,0,0,ALINEANDO... ⚠️ (Señal estable),
2026-06-19 17:12:51.644,1781907171644,2076.6733,4.2,0,0,0,ALINEANDO... ⚠️ (Señal estable),
2026-06-19 17:12:51.703,1781907171703,2076.6733,3.9,0,0,0,ALINEANDO... ⚠️ (Señal estable),
2026-06-19 17:12:51.762,1781907171762,2076.6733,4.3,0,0,0,¡ADELANTE! ➡️ (La señal está subiendo),
2026-06-19 17:12:51.819,1781907171819,2076.6733,3.8,0,0,0,¡ADELANTE! ➡️ (La señal está subiendo),
2026-06-19 17:12:51.879,1781907171879,2076.6733,3.4,0,0,0,¡ADELANTE! ➡️ (La señal está subiendo),
2026-06-19 17:12:51.937,1781907171937,2076.6733,4.3,0,0,0,¡ADELANTE! ➡️ (La señal está subiendo),
2026-06-19 17:12:51.995,1781907171995,2191.4434,4.3,0,0,0,¡ADELANTE! ➡️ (La señal está subiendo),
2026-06-19 17:12:52.055,1781907172055,2191.4434,4.3,0,0,0,¡ADELANTE! ➡️ (La señal está subiendo),
2026-06-19 17:12:52.113,1781907172113,2191.4434,4.3,0,0,0,¡ADELANTE! ➡️ (La señal está subiendo),
2026-06-19 17:12:52.172,1781907172172,2191.4434,4.0,0,0,0,¡ADELANTE! ➡️ (La señal está subiendo),
2026-06-19 17:12:52.230,1781907172230,2191.4434,4.3,0,0,0,¡ADELANTE! ➡️ (La señal está subiendo),
2026-06-19 17:12:52.287,1781907172287,2191.4434,3.9,0,0,0,¡ADELANTE! ➡️ (La señal está subiendo),
2026-06-19 17:12:52.344,1781907172344,2191.4434,4.0,0,0,0,¡ADELANTE! ➡️ (La señal está subiendo),
2026-06-19 17:12:52.402,1781907172402,2381.0176,3.9,0,0,0,¡ADELANTE! ➡️ (La señal está subiendo),
2026-06-19 17:12:52.460,1781907172460,2381.0176,4.4,0,0,0,¡ADELANTE! ➡️ (La señal está subiendo),
2026-06-19 17:12:52.521,1781907172521,2381.0176,3.5,0,0,0,¡ADELANTE! ➡️ (La señal está subiendo),
2026-06-19 17:12:52.580,1781907172580,2381.0176,4.0,0,0,0,¡ADELANTE! ➡️ (La señal está subiendo),
2026-06-19 17:12:52.638,1781907172638,2381.0176,4.0,0,0,0,¡ADELANTE! ➡️ (La señal está subiendo),
2026-06-19 17:12:52.697,1781907172697,2381.0176,4.3,0,0,0,¡ADELANTE! ➡️ (La señal está subiendo),
2026-06-19 17:12:52.755,1781907172755,2454.002,3.9,0,0,0,¡ADELANTE! ➡️ (La señal está subiendo),
2026-06-19 17:12:52.816,1781907172816,2454.002,4.0,0,0,0,¡ADELANTE! ➡️ (La señal está subiendo),
2026-06-19 17:12:52.874,1781907172874,2454.002,4.0,0,0,0,¡ADELANTE! ➡️ (La señal está subiendo),
2026-06-19 17:12:52.933,1781907172933,2454.002,4.4,0,0,0,¡ADELANTE! ➡️ (La señal está subiendo),
2026-06-19 17:12:52.993,1781907172993,2454.002,4.3,0,0,0,¡ADELANTE! ➡️ (La señal está subiendo),
2026-06-19 17:12:53.052,1781907173052,2454.002,4.4,0,0,0,¡ADELANTE! ➡️ (La señal está subiendo),
2026-06-19 17:12:53.111,1781907173111,2454.002,4.8,0,0,0,ALINEANDO... ⚠️ (Señal estable),
2026-06-19 17:12:53.170,1781907173170,2630.0493,4.8,0,0,0,ALINEANDO... ⚠️ (Señal estable),
2026-06-19 17:12:53.229,1781907173229,2630.0493,4.4,0,0,0,ALINEANDO... ⚠️ (Señal estable),
2026-06-19 17:12:53.287,1781907173287,2630.0493,4.4,0,0,0,¡ADELANTE! ➡️ (La señal está subiendo),
2026-06-19 17:12:53.345,1781907173345,2630.0493,4.8,0,0,0,¡ADELANTE! ➡️ (La señal está subiendo),
2026-06-19 17:12:53.405,1781907173405,2630.0493,4.0,0,0,0,¡ADELANTE! ➡️ (La señal está subiendo),
2026-06-19 17:12:53.463,1781907173463,2630.0493,4.0,0,0,0,¡ADELANTE! ➡️ (La señal está subiendo),
2026-06-19 17:12:53.523,1781907173523,2301.7773,3.4,0,0,0,ALINEANDO... ⚠️ (Señal estable),
2026-06-19 17:12:53.582,1781907173582,2301.7773,4.7,0,0,0,ALINEANDO... ⚠️ (Señal estable),
2026-06-19 17:12:53.643,1781907173643,2301.7773,3.8,0,0,0,ALINEANDO... ⚠️ (Señal estable),
2026-06-19 17:12:53.701,1781907173701,2301.7773,4.7,0,0,0,ALINEANDO... ⚠️ (Señal estable),
2026-06-19 17:12:53.759,1781907173759,2301.7773,4.3,0,0,0,¡ATRÁS! ⬅️ (Te alejaste o te pasaste),
2026-06-19 17:12:53.818,1781907173818,2301.7773,5.1,0,0,0,¡ATRÁS! ⬅️ (Te alejaste o te pasaste),
2026-06-19 17:12:53.876,1781907173876,2301.7773,4.3,0,0,0,¡ATRÁS! ⬅️ (Te alejaste o te pasaste),
2026-06-19 17:12:53.936,1781907173936,2313.0334,3.8,0,0,0,¡ATRÁS! ⬅️ (Te alejaste o te pasaste),
2026-06-19 17:12:53.996,1781907173996,2313.0334,4.3,0,0,0,¡ATRÁS! ⬅️ (Te alejaste o te pasaste),
2026-06-19 17:12:54.054,1781907174054,2313.0334,3.4,0,0,0,¡ATRÁS! ⬅️ (Te alejaste o te pasaste),
2026-06-19 17:12:54.112,1781907174112,2313.0334,3.8,0,0,0,¡ATRÁS! ⬅️ (Te alejaste o te pasaste),
2026-06-19 17:12:54.171,1781907174171,2313.0334,4.3,0,0,0,¡ATRÁS! ⬅️ (Te alejaste o te pasaste),
2026-06-19 17:12:54.231,1781907174231,2313.0334,4.7,0,0,0,ALINEANDO... ⚠️ (Señal estable),
2026-06-19 17:12:54.287,1781907174287,2370.9492,4.3,0,0,0,ALINEANDO... ⚠️ (Señal estable),
2026-06-19 17:12:54.350,1781907174350,2370.9492,3.0,0,0,0,🎯 ¡FUGA DETECTADA AQUÍ! 🎯,FUGA
2026-06-19 17:12:54.410,1781907174410,2370.9492,4.3,0,0,0,ALINEANDO... ⚠️ (Señal estable),
2026-06-19 17:12:54.468,1781907174468,2370.9492,3.8,0,0,0,ALINEANDO... ⚠️ (Señal estable),
2026-06-19 17:12:54.530,1781907174530,2370.9492,4.2,0,0,0,ALINEANDO... ⚠️ (Señal estable),
2026-06-19 17:12:54.588,1781907174588,2370.9492,4.7,0,0,0,ALINEANDO... ⚠️ (Señal estable),
2026-06-19 17:12:54.647,1781907174647,2370.9492,3.8,0,0,0,ALINEANDO... ⚠️ (Señal estable),
2026-06-19 17:12:54.706,1781907174706,2351.1328,5.1,0,0,0,ALINEANDO... ⚠️ (Señal estable),
2026-06-19 17:12:54.765,1781907174765,2351.1328,3.8,0,0,0,ALINEANDO... ⚠️ (Señal estable),
2026-06-19 17:12:54.825,1781907174825,2351.1328,3.4,0,0,0,ALINEANDO... ⚠️ (Señal estable),
2026-06-19 17:12:54.883,1781907174883,2351.1328,3.7,0,0,0,ALINEANDO... ⚠️ (Señal estable),
2026-06-19 17:12:54.942,1781907174942,2351.1328,3.4,0,0,0,ALINEANDO... ⚠️ (Señal estable),
2026-06-19 17:12:55.000,1781907175000,2351.1328,3.4,0,0,0,ALINEANDO... ⚠️ (Señal estable),
2026-06-19 17:12:55.059,1781907175059,2091.5784,3.7,0,0,0,ALINEANDO... ⚠️ (Señal estable),
2026-06-19 17:12:55.118,1781907175118,2091.5784,3.7,0,0,0,ALINEANDO... ⚠️ (Señal estable),
2026-06-19 17:12:55.176,1781907175176,2091.5784,3.3,0,0,0,¡ATRÁS! ⬅️ (Te alejaste o te pasaste),
2026-06-19 17:12:55.235,1781907175235,2091.5784,3.7,0,0,0,¡ATRÁS! ⬅️ (Te alejaste o te pasaste),
2026-06-19 17:12:55.293,1781907175293,2091.5784,3.6,0,0,0,¡ATRÁS! ⬅️ (Te alejaste o te pasaste),
2026-06-19 17:12:55.353,1781907175353,2091.5784,3.6,0,0,0,¡ATRÁS! ⬅️ (Te alejaste o te pasaste),
2026-06-19 17:12:55.413,1781907175413,2091.5784,3.5,0,0,0,¡ATRÁS! ⬅️ (Te alejaste o te pasaste),
2026-06-19 17:12:55.472,1781907175472,1961.6039,3.4,0,0,0,¡ATRÁS! ⬅️ (Te alejaste o te pasaste),
2026-06-19 17:12:55.532,1781907175532,1961.6039,2.9,0,0,0,¡ATRÁS! ⬅️ (Te alejaste o te pasaste),
2026-06-19 17:12:55.590,1781907175590,1961.6039,3.3,0,0,0,¡ATRÁS! ⬅️ (Te alejaste o te pasaste),
2026-06-19 17:12:55.649,1781907175649,1961.6039,4.2,0,0,0,¡ATRÁS! ⬅️ (Te alejaste o te pasaste),
2026-06-19 17:12:55.707,1781907175707,1961.6039,4.0,0,0,0,¡ATRÁS! ⬅️ (Te alejaste o te pasaste),
2026-06-19 17:12:55.769,1781907175769,1961.6039,3.4,0,0,0,¡ATRÁS! ⬅️ (Te alejaste o te pasaste),
2026-06-19 17:12:55.828,1781907175828,2574.6816,3.3,0,0,0,ALINEANDO... ⚠️ (Señal estable),
2026-06-19 17:12:55.887,1781907175887,2574.6816,3.2,0,0,0,ALINEANDO... ⚠️ (Señal estable),
2026-06-19 17:12:55.945,1781907175945,2574.6816,4.3,0,0,0,¡ADELANTE! ➡️ (La señal está subiendo),
2026-06-19 17:12:56.005,1781907176005,2574.6816,4.6,0,0,0,¡ADELANTE! ➡️ (La señal está subiendo),
2026-06-19 17:12:56.064,1781907176064,2574.6816,3.9,0,0,0,¡ADELANTE! ➡️ (La señal está subiendo),
2026-06-19 17:12:56.124,1781907176124,2574.6816,4.5,0,0,0,¡ADELANTE! ➡️ (La señal está subiendo),
2026-06-19 17:12:56.184,1781907176184,2574.6816,3.3,0,0,0,¡ADELANTE! ➡️ (La señal está subiendo),
2026-06-19 17:12:56.244,1781907176244,3329.5034,4.2,0,0,0,¡ADELANTE! ➡️ (La señal está subiendo),
2026-06-19 17:12:56.303,1781907176303,3329.5034,4.3,0,0,0,¡ADELANTE! ➡️ (La señal está subiendo),
2026-06-19 17:12:56.362,1781907176362,3329.5034,4.3,0,0,0,¡ADELANTE! ➡️ (La señal está subiendo),
2026-06-19 17:12:56.421,1781907176421,3329.5034,3.3,0,0,0,¡ADELANTE! ➡️ (La señal está subiendo),
2026-06-19 17:12:56.481,1781907176481,3329.5034,4.0,0,0,0,¡ADELANTE! ➡️ (La señal está subiendo),
2026-06-19 17:12:56.540,1781907176540,3329.5034,4.8,0,0,0,¡ADELANTE! ➡️ (La señal está subiendo),
2026-06-19 17:12:56.598,1781907176598,4086.9275,5.7,0,0,0,¡ADELANTE! ➡️ (La señal está subiendo),
2026-06-19 17:12:56.657,1781907176657,4086.9275,4.5,0,0,1,¡ADELANTE! ➡️ (La señal está subiendo),
2026-06-19 17:12:56.716,1781907176716,4086.9275,3.7,0,0,1,¡ADELANTE! ➡️ (La señal está subiendo),
2026-06-19 17:12:56.775,1781907176775,4086.9275,3.7,0,0,1,¡ADELANTE! ➡️ (La señal está subiendo),
2026-06-19 17:12:56.834,1781907176834,4086.9275,5.3,0,0,0,¡ADELANTE! ➡️ (La señal está subiendo),
2026-06-19 17:12:56.892,1781907176892,4086.9275,3.8,0,0,0,¡ADELANTE! ➡️ (La señal está subiendo),
2026-06-19 17:12:56.950,1781907176950,4086.9275,4.2,0,0,0,¡ADELANTE! ➡️ (La señal está subiendo),
2026-06-19 17:12:57.008,1781907177008,5428.5659,3.3,0,0,0,¡ADELANTE! ➡️ (La señal está subiendo),
2026-06-19 17:12:57.066,1781907177066,5428.5659,3.8,0,0,0,¡ADELANTE! ➡️ (La señal está subiendo),
2026-06-19 17:12:57.125,1781907177125,5428.5659,4.3,0,0,0,¡ADELANTE! ➡️ (La señal está subiendo),
2026-06-19 17:12:57.186,1781907177186,5428.5659,3.4,0,0,0,¡ADELANTE! ➡️ (La señal está subiendo),
2026-06-19 17:12:57.247,1781907177247,5428.5659,2.9,0,0,0,¡ADELANTE! ➡️ (La señal está subiendo),
2026-06-19 17:12:57.305,1781907177305,5428.5659,3.4,0,0,0,¡ADELANTE! ➡️ (La señal está subiendo),
2026-06-19 17:12:57.364,1781907177364,6779.1675,3.3,0,0,0,¡ADELANTE! ➡️ (La señal está subiendo),
2026-06-19 17:12:57.423,1781907177423,6779.1675,3.4,0,0,0,¡ADELANTE! ➡️ (La señal está subiendo),
2026-06-19 17:12:57.486,1781907177486,6779.1675,2.9,0,0,0,¡ADELANTE! ➡️ (La señal está subiendo),
2026-06-19 17:12:57.547,1781907177547,6779.1675,3.3,0,0,0,¡ADELANTE! ➡️ (La señal está subiendo),
2026-06-19 17:12:57.607,1781907177607,6779.1675,3.7,0,0,0,¡ADELANTE! ➡️ (La señal está subiendo),
2026-06-19 17:12:57.669,1781907177669,6779.1675,6.5,0,0,0,¡ADELANTE! ➡️ (La señal está subiendo),
2026-06-19 17:12:57.729,1781907177729,6779.1675,6.6,0,0,0,¡ADELANTE! ➡️ (La señal está subiendo),
2026-06-19 17:12:57.790,1781907177790,7096.8423,5.9,0,0,1,¡ADELANTE! ➡️ (La señal está subiendo),
2026-06-19 17:12:57.852,1781907177852,7096.8423,5.1,0,0,1,¡ADELANTE! ➡️ (La señal está subiendo),
2026-06-19 17:12:57.913,1781907177913,7096.8423,4.8,0,0,1,¡ADELANTE! ➡️ (La señal está subiendo),
2026-06-19 17:12:57.974,1781907177974,7096.8423,4.3,0,0,1,¡ADELANTE! ➡️ (La señal está subiendo),
2026-06-19 17:12:58.035,1781907178035,7096.8423,3.9,0,0,1,¡ADELANTE! ➡️ (La señal está subiendo),
2026-06-19 17:12:58.097,1781907178097,7096.8423,5.4,0,0,1,¡ADELANTE! ➡️ (La señal está subiendo),
2026-06-19 17:12:58.159,1781907178159,4137.6289,8.1,0,0,0,ALINEANDO... ⚠️ (Señal estable),
2026-06-19 17:12:58.218,1781907178218,4137.6289,3.9,0,0,0,¡ATRÁS! ⬅️ (Te alejaste o te pasaste),
2026-06-19 17:12:58.280,1781907178280,4137.6289,4.0,0,0,0,¡ATRÁS! ⬅️ (Te alejaste o te pasaste),
2026-06-19 17:12:58.340,1781907178340,4137.6289,4.0,0,0,0,¡ATRÁS! ⬅️ (Te alejaste o te pasaste),
2026-06-19 17:12:58.400,1781907178401,4137.6289,4.4,0,0,0,¡ATRÁS! ⬅️ (Te alejaste o te pasaste),
2026-06-19 17:12:58.462,1781907178462,4137.6289,4.1,0,0,0,¡ATRÁS! ⬅️ (Te alejaste o te pasaste),
2026-06-19 17:12:58.523,1781907178523,4137.6289,4.1,0,0,0,¡ATRÁS! ⬅️ (Te alejaste o te pasaste),
2026-06-19 17:12:58.583,1781907178583,3082.781,4.0,0,0,0,¡ATRÁS! ⬅️ (Te alejaste o te pasaste),
2026-06-19 17:12:58.643,1781907178643,3082.781,3.2,0,0,0,¡ATRÁS! ⬅️ (Te alejaste o te pasaste),
2026-06-19 17:12:58.706,1781907178706,3082.781,4.4,0,0,0,¡ATRÁS! ⬅️ (Te alejaste o te pasaste),
2026-06-19 17:12:58.767,1781907178767,3082.781,4.4,0,0,0,¡ATRÁS! ⬅️ (Te alejaste o te pasaste),
2026-06-19 17:12:58.826,1781907178826,3082.781,3.9,0,0,0,¡ATRÁS! ⬅️ (Te alejaste o te pasaste),
2026-06-19 17:12:58.888,1781907178888,3082.781,3.4,0,0,0,¡ATRÁS! ⬅️ (Te alejaste o te pasaste),
2026-06-19 17:12:58.948,1781907178948,2794.656,4.1,0,0,0,¡ATRÁS! ⬅️ (Te alejaste o te pasaste),
2026-06-19 17:12:59.012,1781907179012,2794.656,9.7,0,0,0,¡ATRÁS! ⬅️ (Te alejaste o te pasaste),
2026-06-19 17:12:59.073,1781907179073,2794.656,5.0,0,0,0,¡ATRÁS! ⬅️ (Te alejaste o te pasaste),
2026-06-19 17:12:59.133,1781907179133,2794.656,3.1,0,0,0,¡ATRÁS! ⬅️ (Te alejaste o te pasaste),
2026-06-19 17:12:59.193,1781907179193,2794.656,3.3,0,0,0,¡ATRÁS! ⬅️ (Te alejaste o te pasaste),
2026-06-19 17:12:59.254,1781907179254,2794.656,3.3,0,0,0,¡ATRÁS! ⬅️ (Te alejaste o te pasaste),
2026-06-19 17:12:59.321,1781907179321,2794.656,2.8,0,0,0,¡ATRÁS! ⬅️ (Te alejaste o te pasaste),
2026-06-19 17:12:59.384,1781907179384,4755.6548,2.4,0,0,0,ALINEANDO... ⚠️ (Señal estable),
2026-06-19 17:12:59.445,1781907179445,4755.6548,2.4,0,0,0,¡ADELANTE! ➡️ (La señal está subiendo),
2026-06-19 17:12:59.505,1781907179505,4755.6548,2.8,0,0,0,¡ADELANTE! ➡️ (La señal está subiendo),
2026-06-19 17:12:59.567,1781907179567,4755.6548,2.9,0,0,0,¡ADELANTE! ➡️ (La señal está subiendo),
2026-06-19 17:12:59.627,1781907179627,4755.6548,2.8,0,0,0,¡ADELANTE! ➡️ (La señal está subiendo),
2026-06-19 17:12:59.688,1781907179688,4755.6548,2.4,0,0,0,¡ADELANTE! ➡️ (La señal está subiendo),
2026-06-19 17:12:59.749,1781907179749,4926.0767,2.4,0,0,0,¡ADELANTE! ➡️ (La señal está subiendo),
2026-06-19 17:12:59.813,1781907179813,4926.0767,2.5,0,0,0,🎯 ¡FUGA DETECTADA AQUÍ! 🎯,FUGA
2026-06-19 17:12:59.876,1781907179876,4926.0767,2.8,0,0,0,¡ADELANTE! ➡️ (La señal está subiendo),
2026-06-19 17:12:59.937,1781907179937,4926.0767,2.5,0,0,0,¡ADELANTE! ➡️ (La señal está subiendo),
2026-06-19 17:13:00.001,1781907180001,4926.0767,2.4,0,0,0,¡ADELANTE! ➡️ (La señal está subiendo),
2026-06-19 17:13:00.063,1781907180063,4926.0767,2.7,0,0,0,¡ADELANTE! ➡️ (La señal está subiendo),
2026-06-19 17:13:00.127,1781907180127,4926.0767,2.4,0,0,0,¡ADELANTE! ➡️ (La señal está subiendo),
2026-06-19 17:13:00.191,1781907180191,5495.7856,2.4,0,0,1,¡ADELANTE! ➡️ (La señal está subiendo),
2026-06-19 17:13:00.254,1781907180254,5495.7856,2.8,0,0,1,¡ADELANTE! ➡️ (La señal está subiendo),
2026-06-19 17:13:00.318,1781907180318,5495.7856,2.8,0,0,1,¡ADELANTE! ➡️ (La señal está subiendo),
2026-06-19 17:13:00.382,1781907180382,5495.7856,2.8,0,0,1,¡ADELANTE! ➡️ (La señal está subiendo),
2026-06-19 17:13:00.444,1781907180444,5495.7856,2.7,0,0,1,¡ADELANTE! ➡️ (La señal está subiendo),
2026-06-19 17:13:00.511,1781907180511,5495.7856,2.6,0,0,1,¡ADELANTE! ➡️ (La señal está subiendo),
2026-06-19 17:13:00.575,1781907180575,4556.0273,2.6,0,0,1,¡ADELANTE! ➡️ (La señal está subiendo),
2026-06-19 17:13:00.637,1781907180637,4556.0273,2.6,0,0,1,¡ADELANTE! ➡️ (La señal está subiendo),
2026-06-19 17:13:00.703,1781907180703,4556.0273,3.7,0,0,0,ALINEANDO... ⚠️ (Señal estable),
2026-06-19 17:13:00.765,1781907180765,4556.0273,4.2,0,0,1,¡ATRÁS! ⬅️ (Te alejaste o te pasaste),
2026-06-19 17:13:00.827,1781907180827,4556.0273,7.5,0,0,1,¡ATRÁS! ⬅️ (Te alejaste o te pasaste),
2026-06-19 17:13:00.889,1781907180889,4556.0273,3.9,0,0,1,¡ATRÁS! ⬅️ (Te alejaste o te pasaste),
2026-06-19 17:13:00.952,1781907180952,4556.0273,6.0,0,0,1,¡ATRÁS! ⬅️ (Te alejaste o te pasaste),
2026-06-19 17:13:01.015,1781907181015,4520.5283,22.4,0,0,0,¡ATRÁS! ⬅️ (Te alejaste o te pasaste),
2026-06-19 17:13:01.076,1781907181076,4520.5283,3.3,0,0,0,¡ATRÁS! ⬅️ (Te alejaste o te pasaste),
2026-06-19 17:13:01.139,1781907181139,4520.5283,2.9,0,0,0,¡ATRÁS! ⬅️ (Te alejaste o te pasaste),
2026-06-19 17:13:01.204,1781907181204,4520.5283,2.1,0,0,0,¡ATRÁS! ⬅️ (Te alejaste o te pasaste),
2026-06-19 17:13:01.267,1781907181267,4520.5283,2.1,0,0,0,¡ATRÁS! ⬅️ (Te alejaste o te pasaste),
2026-06-19 17:13:01.331,1781907181331,4520.5283,2.2,0,0,0,¡ATRÁS! ⬅️ (Te alejaste o te pasaste),
2026-06-19 17:13:01.396,1781907181396,5233.6323,2.9,0,0,0,ALINEANDO... ⚠️ (Señal estable),
2026-06-19 17:13:01.458,1781907181458,5233.6323,3.1,0,0,0,¡ADELANTE! ➡️ (La señal está subiendo),
2026-06-19 17:13:01.525,1781907181525,5233.6323,6.1,0,1,0,¡ADELANTE! ➡️ (La señal está subiendo),
2026-06-19 17:13:01.587,1781907181587,5233.6323,3.5,0,0,0,¡ADELANTE! ➡️ (La señal está subiendo),
2026-06-19 17:13:01.650,1781907181650,5233.6323,5.1,0,0,0,¡ADELANTE! ➡️ (La señal está subiendo),
2026-06-19 17:13:01.712,1781907181712,5233.6323,6.8,0,0,0,¡ADELANTE! ➡️ (La señal está subiendo),
2026-06-19 17:13:01.774,1781907181774,5233.6323,4.6,0,0,0,¡ADELANTE! ➡️ (La señal está subiendo),
2026-06-19 17:13:01.839,1781907181839,5001.6323,3.7,0,0,0,¡ADELANTE! ➡️ (La señal está subiendo),
2026-06-19 17:13:01.839,1781907181839,5001.6323,4.1,0,0,0,¡ADELANTE! ➡️ (La señal está subiendo),
2026-06-19 17:13:01.840,1781907181840,5001.6323,5.0,0,0,0,¡ADELANTE! ➡️ (La señal está subiendo),
2026-06-19 17:13:01.840,1781907181840,5001.6323,4.5,0,0,0,¡ADELANTE! ➡️ (La señal está subiendo),
2026-06-19 17:13:01.840,1781907181840,5001.6323,3.7,0,0,0,¡ADELANTE! ➡️ (La señal está subiendo),
2026-06-19 17:13:01.841,1781907181841,5001.6323,4.6,0,0,0,ALINEANDO... ⚠️ (Señal estable),
2026-06-19 17:13:01.842,1781907181842,5769.8174,5.0,0,0,0,ALINEANDO... ⚠️ (Señal estable),
2026-06-19 17:13:01.842,1781907181842,5769.8174,3.7,0,0,0,ALINEANDO... ⚠️ (Señal estable),
2026-06-19 17:13:01.842,1781907181842,5769.8174,4.5,0,0,0,¡ADELANTE! ➡️ (La señal está subiendo),
2026-06-19 17:13:01.843,1781907181843,5769.8174,6.7,0,0,0,¡ADELANTE! ➡️ (La señal está subiendo),
2026-06-19 17:13:01.843,1781907181843,5769.8174,8.3,0,0,0,¡ADELANTE! ➡️ (La señal está subiendo),
2026-06-19 17:13:01.843,1781907181843,5769.8174,7.5,0,0,0,¡ADELANTE! ➡️ (La señal está subiendo),
2026-06-19 17:13:01.844,1781907181844,5769.8174,8.3,0,0,0,¡ADELANTE! ➡️ (La señal está subiendo),
2026-06-19 17:13:01.844,1781907181844,7389.8765,7.8,0,0,0,¡ADELANTE! ➡️ (La señal está subiendo),
2026-06-19 17:13:01.844,1781907181844,7389.8765,5.5,0,0,0,¡ADELANTE! ➡️ (La señal está subiendo),
2026-06-19 17:13:01.844,1781907181844,7389.8765,4.3,0,0,0,¡ADELANTE! ➡️ (La señal está subiendo),
2026-06-19 17:13:01.845,1781907181845,7389.8765,4.2,0,0,0,¡ADELANTE! ➡️ (La señal está subiendo),
2026-06-19 17:13:01.845,1781907181845,7389.8765,2.9,0,0,0,¡ADELANTE! ➡️ (La señal está subiendo),
2026-06-19 17:13:01.845,1781907181845,7389.8765,5.0,0,0,0,¡ADELANTE! ➡️ (La señal está subiendo),
2026-06-19 17:13:01.846,1781907181846,7713.9775,3.8,0,0,0,¡ADELANTE! ➡️ (La señal está subiendo),
2026-06-19 17:13:01.846,1781907181846,7713.9775,4.3,0,0,0,¡ADELANTE! ➡️ (La señal está subiendo),
2026-06-19 17:13:01.847,1781907181847,7713.9775,4.3,0,0,0,🎯 ¡FUGA DETECTADA AQUÍ! 🎯,FUGA
2026-06-19 17:13:01.847,1781907181847,7713.9775,3.8,0,0,0,¡ADELANTE! ➡️ (La señal está subiendo),
2026-06-19 17:13:01.847,1781907181847,7713.9775,3.9,0,0,0,¡ADELANTE! ➡️ (La señal está subiendo),
2026-06-19 17:13:01.848,1781907181848,7713.9775,3.8,0,0,0,¡ADELANTE! ➡️ (La señal está subiendo),
2026-06-19 17:13:01.848,1781907181848,7713.9775,3.4,0,0,0,¡ADELANTE! ➡️ (La señal está subiendo),
2026-06-19 17:13:01.848,1781907181848,7844.2212,3.8,0,0,0,¡ADELANTE! ➡️ (La señal está subiendo),
2026-06-19 17:13:01.848,1781907181848,7844.2212,3.8,0,0,0,¡ADELANTE! ➡️ (La señal está subiendo),
2026-06-19 17:13:01.848,1781907181848,7844.2212,3.3,0,0,0,¡ADELANTE! ➡️ (La señal está subiendo),
2026-06-19 17:13:01.849,1781907181849,7844.2212,3.4,0,0,0,¡ADELANTE! ➡️ (La señal está subiendo),
2026-06-19 17:13:01.849,1781907181849,7844.2212,3.8,0,0,0,¡ADELANTE! ➡️ (La señal está subiendo),
2026-06-19 17:13:01.849,1781907181849,7844.2212,3.4,0,0,0,¡ADELANTE! ➡️ (La señal está subiendo),
2026-06-19 17:13:01.849,1781907181849,7877.501,3.8,0,0,0,¡ADELANTE! ➡️ (La señal está subiendo),
2026-06-19 17:13:01.849,1781907181849,7877.501,3.8,0,0,0,ALINEANDO... ⚠️ (Señal estable),
2026-06-19 17:13:01.850,1781907181850,7877.501,3.8,0,0,0,¡ADELANTE! ➡️ (La señal está subiendo),
2026-06-19 17:13:01.850,1781907181850,7877.501,3.8,0,0,0,¡ADELANTE! ➡️ (La señal está subiendo),
2026-06-19 17:13:01.850,1781907181850,7877.501,3.9,0,0,0,ALINEANDO... ⚠️ (Señal estable),
2026-06-19 17:13:01.850,1781907181850,7877.501,4.3,0,0,0,ALINEANDO... ⚠️ (Señal estable),
2026-06-19 17:13:01.850,1781907181850,7877.501,4.7,0,0,0,ALINEANDO... ⚠️ (Señal estable),
2026-06-19 17:13:01.851,1781907181851,7436.7607,7.6,0,0,0,ALINEANDO... ⚠️ (Señal estable),
2026-06-19 17:13:01.851,1781907181851,7436.7607,15.1,0,0,0,ALINEANDO... ⚠️ (Señal estable),
2026-06-19 17:13:01.851,1781907181851,7436.7607,10.9,0,0,0,¡ATRÁS! ⬅️ (Te alejaste o te pasaste),
2026-06-19 17:13:01.851,1781907181851,7436.7607,5.2,0,0,0,¡ATRÁS! ⬅️ (Te alejaste o te pasaste),
2026-06-19 17:13:01.851,1781907181851,7436.7607,5.3,0,0,0,¡ATRÁS! ⬅️ (Te alejaste o te pasaste),
2026-06-19 17:13:01.851,1781907181851,7436.7607,4.4,0,0,0,¡ATRÁS! ⬅️ (Te alejaste o te pasaste),
2026-06-19 17:13:01.852,1781907181852,7820.6816,4.0,0,0,0,¡ATRÁS! ⬅️ (Te alejaste o te pasaste),
2026-06-19 17:13:01.852,1781907181852,7820.6816,4.5,0,0,0,¡ATRÁS! ⬅️ (Te alejaste o te pasaste),
2026-06-19 17:13:01.852,1781907181852,7820.6816,4.5,0,0,0,¡ATRÁS! ⬅️ (Te alejaste o te pasaste),
2026-06-19 17:13:01.852,1781907181852,7820.6816,4.4,0,0,0,ALINEANDO... ⚠️ (Señal estable),
2026-06-19 17:13:01.852,1781907181852,7820.6816,3.9,0,0,0,ALINEANDO... ⚠️ (Señal estable),
2026-06-19 17:13:01.853,1781907181853,7820.6816,4.1,0,0,0,ALINEANDO... ⚠️ (Señal estable),
2026-06-19 17:13:01.853,1781907181853,7820.6816,4.5,0,0,0,¡ADELANTE! ➡️ (La señal está subiendo),
2026-06-19 17:13:01.853,1781907181853,7496.2256,3.7,0,0,0,¡ADELANTE! ➡️ (La señal está subiendo),
2026-06-19 17:13:01.853,1781907181853,7496.2256,4.2,0,0,0,¡ADELANTE! ➡️ (La señal está subiendo),
2026-06-19 17:13:01.853,1781907181853,7496.2256,4.2,0,0,0,¡ADELANTE! ➡️ (La señal está subiendo),
2026-06-19 17:13:01.853,1781907181853,7496.2256,3.7,0,0,0,ALINEANDO... ⚠️ (Señal estable),
2026-06-19 17:13:01.854,1781907181854,7496.2256,3.7,0,0,0,ALINEANDO... ⚠️ (Señal estable),
2026-06-19 17:13:01.854,1781907181854,7496.2256,3.7,0,0,0,¡ATRÁS! ⬅️ (Te alejaste o te pasaste),
2026-06-19 17:13:01.854,1781907181854,6373.5503,5.5,0,0,0,¡ATRÁS! ⬅️ (Te alejaste o te pasaste),
2026-06-19 17:13:01.854,1781907181854,6373.5503,8.0,0,0,0,¡ATRÁS! ⬅️ (Te alejaste o te pasaste),
2026-06-19 17:13:01.854,1781907181854,6373.5503,5.0,0,0,0,¡ATRÁS! ⬅️ (Te alejaste o te pasaste),
2026-06-19 17:13:01.855,1781907181855,6373.5503,3.8,0,0,0,¡ATRÁS! ⬅️ (Te alejaste o te pasaste),
2026-06-19 17:13:01.855,1781907181855,6373.5503,3.8,0,0,0,¡ATRÁS! ⬅️ (Te alejaste o te pasaste),
2026-06-19 17:13:01.855,1781907181855,6373.5503,4.8,0,0,0,¡ATRÁS! ⬅️ (Te alejaste o te pasaste),
2026-06-19 17:13:01.855,1781907181855,6373.5503,4.9,0,0,0,¡ATRÁS! ⬅️ (Te alejaste o te pasaste),
2026-06-19 17:13:01.855,1781907181855,3142.2368,5.3,0,0,0,¡ATRÁS! ⬅️ (Te alejaste o te pasaste),
2026-06-19 17:13:01.855,1781907181855,3142.2368,5.4,0,0,0,¡ATRÁS! ⬅️ (Te alejaste o te pasaste),
2026-06-19 17:13:01.856,1781907181856,3142.2368,4.2,0,0,0,¡ATRÁS! ⬅️ (Te alejaste o te pasaste),
2026-06-19 17:13:01.856,1781907181856,3142.2368,5.0,0,0,0,¡ATRÁS! ⬅️ (Te alejaste o te pasaste),
2026-06-19 17:13:01.856,1781907181856,3142.2368,5.0,0,0,0,¡ATRÁS! ⬅️ (Te alejaste o te pasaste),
2026-06-19 17:13:01.856,1781907181856,3142.2368,5.2,0,0,0,¡ATRÁS! ⬅️ (Te alejaste o te pasaste),
2026-06-19 17:13:01.856,1781907181856,1557.2687,4.7,0,0,0,¡ATRÁS! ⬅️ (Te alejaste o te pasaste),
2026-06-19 17:13:01.856,1781907181857,1557.2687,4.6,0,0,0,¡ATRÁS! ⬅️ (Te alejaste o te pasaste),
2026-06-19 17:13:01.857,1781907181857,1557.2687,4.2,0,0,0,¡ATRÁS! ⬅️ (Te alejaste o te pasaste),
2026-06-19 17:13:01.857,1781907181857,1557.2687,4.2,0,0,0,¡ATRÁS! ⬅️ (Te alejaste o te pasaste),
2026-06-19 17:13:01.857,1781907181857,1557.2687,4.2,0,0,0,¡ATRÁS! ⬅️ (Te alejaste o te pasaste),
2026-06-19 17:13:01.857,1781907181857,1557.2687,4.7,0,0,0,¡ATRÁS! ⬅️ (Te alejaste o te pasaste),
2026-06-19 17:13:01.857,1781907181857,1557.2687,4.7,0,0,0,¡ATRÁS! ⬅️ (Te alejaste o te pasaste),
2026-06-19 17:13:01.858,1781907181858,1434.1512,4.7,0,0,0,BUSCANDO SEÑAL...,
2026-06-19 17:13:01.858,1781907181858,1434.1512,4.3,0,0,0,BUSCANDO SEÑAL...,
2026-06-19 17:13:01.858,1781907181858,1434.1512,4.3,0,0,0,BUSCANDO SEÑAL...,
2026-06-19 17:13:01.858,1781907181858,1434.1512,4.5,0,0,0,BUSCANDO SEÑAL...,
2026-06-19 17:13:01.859,1781907181859,1434.1512,4.7,0,0,0,BUSCANDO SEÑAL...,
2026-06-19 17:13:01.859,1781907181859,1434.1512,4.3,0,0,0,BUSCANDO SEÑAL...,
2026-06-19 17:13:01.859,1781907181859,878.1296,4.6,0,0,0,BUSCANDO SEÑAL...,
2026-06-19 17:13:01.859,1781907181859,878.1296,4.7,0,0,0,BUSCANDO SEÑAL...,
2026-06-19 17:13:01.859,1781907181859,878.1296,4.7,0,0,0,BUSCANDO SEÑAL...,
2026-06-19 17:13:01.859,1781907181859,878.1296,4.2,0,0,0,BUSCANDO SEÑAL...,
2026-06-19 17:13:01.860,1781907181860,878.1296,4.6,0,0,0,BUSCANDO SEÑAL...,
2026-06-19 17:13:01.860,1781907181860,878.1296,4.1,0,0,0,BUSCANDO SEÑAL...,
2026-06-19 17:13:01.860,1781907181860,878.1296,4.0,0,0,0,BUSCANDO SEÑAL...,
2026-06-19 17:13:01.860,1781907181860,1343.9982,4.5,0,0,0,BUSCANDO SEÑAL...,
2026-06-19 17:13:01.860,1781907181860,1343.9982,4.5,0,0,0,BUSCANDO SEÑAL...,
2026-06-19 17:13:01.860,1781907181860,1343.9982,4.1,0,0,0,BUSCANDO SEÑAL...,
2026-06-19 17:13:01.861,1781907181861,1343.9982,4.1,0,0,0,BUSCANDO SEÑAL...,
2026-06-19 17:13:01.861,1781907181861,1343.9982,5.3,0,0,0,BUSCANDO SEÑAL...,
2026-06-19 17:13:01.861,1781907181861,1343.9982,5.1,0,0,0,BUSCANDO SEÑAL...,
2026-06-19 17:13:01.861,1781907181861,3077.626,4.4,0,0,0,¡ADELANTE! ➡️ (La señal está subiendo),
2026-06-19 17:13:01.861,1781907181861,3077.626,4.9,0,0,0,¡ADELANTE! ➡️ (La señal está subiendo),
2026-06-19 17:13:01.862,1781907181862,3077.626,4.9,0,0,0,¡ADELANTE! ➡️ (La señal está subiendo),
2026-06-19 17:13:01.862,1781907181862,3077.626,5.0,0,0,0,🎯 ¡FUGA DETECTADA AQUÍ! 🎯,FUGA
2026-06-19 17:13:01.862,1781907181862,3077.626,4.4,0,0,0,¡ADELANTE! ➡️ (La señal está subiendo),
2026-06-19 17:13:01.862,1781907181862,3077.626,4.9,0,0,0,¡ADELANTE! ➡️ (La señal está subiendo),
2026-06-19 17:13:01.862,1781907181862,3077.626,4.9,0,0,0,¡ADELANTE! ➡️ (La señal está subiendo),
2026-06-19 17:13:01.862,1781907181862,3743.4634,4.7,0,0,0,¡ADELANTE! ➡️ (La señal está subiendo),
2026-06-19 17:13:01.863,1781907181863,3743.4634,4.6,0,0,0,¡ADELANTE! ➡️ (La señal está subiendo),
2026-06-19 17:13:01.863,1781907181863,3743.4634,4.6,0,0,0,¡ADELANTE! ➡️ (La señal está subiendo),
2026-06-19 17:13:01.863,1781907181863,3743.4634,4.3,0,0,0,¡ADELANTE! ➡️ (La señal está subiendo),
2026-06-19 17:13:01.863,1781907181863,3743.4634,4.2,0,0,0,¡ADELANTE! ➡️ (La señal está subiendo),
2026-06-19 17:13:01.863,1781907181863,3743.4634,4.2,0,0,0,¡ADELANTE! ➡️ (La señal está subiendo),
2026-06-19 17:13:01.864,1781907181864,4319.0596,3.8,0,0,0,¡ADELANTE! ➡️ (La señal está subiendo),
2026-06-19 17:13:01.864,1781907181864,4319.0596,3.8,0,0,0,¡ADELANTE! ➡️ (La señal está subiendo),
2026-06-19 17:13:01.864,1781907181864,4319.0596,3.8,0,0,0,¡ADELANTE! ➡️ (La señal está subiendo),
2026-06-19 17:13:01.864,1781907181864,4319.0596,4.2,0,0,0,¡ADELANTE! ➡️ (La señal está subiendo),
2026-06-19 17:13:01.864,1781907181864,4319.0596,4.1,0,0,0,¡ADELANTE! ➡️ (La señal está subiendo),
2026-06-19 17:13:01.865,1781907181865,4319.0596,4.3,0,0,0,¡ADELANTE! ➡️ (La señal está subiendo),
2026-06-19 17:13:01.865,1781907181865,4319.0596,4.3,0,0,0,¡ADELANTE! ➡️ (La señal está subiendo),
2026-06-19 17:13:01.865,1781907181865,3428.2097,4.7,0,0,0,¡ADELANTE! ➡️ (La señal está subiendo),
2026-06-19 17:13:01.865,1781907181865,3428.2097,4.8,0,0,0,¡ADELANTE! ➡️ (La señal está subiendo),
2026-06-19 17:13:01.865,1781907181865,3428.2097,4.3,0,0,0,ALINEANDO... ⚠️ (Señal estable),
2026-06-19 17:13:01.866,1781907181866,3428.2097,4.2,0,0,0,¡ATRÁS! ⬅️ (Te alejaste o te pasaste),
2026-06-19 17:13:01.866,1781907181866,3428.2097,4.3,0,0,0,¡ATRÁS! ⬅️ (Te alejaste o te pasaste),
2026-06-19 17:13:01.866,1781907181866,3428.2097,4.3,0,0,0,¡ATRÁS! ⬅️ (Te alejaste o te pasaste),
2026-06-19 17:13:01.866,1781907181866,3473.5596,4.7,0,0,0,¡ATRÁS! ⬅️ (Te alejaste o te pasaste),
2026-06-19 17:13:01.866,1781907181866,3473.5596,5.3,0,0,0,¡ATRÁS! ⬅️ (Te alejaste o te pasaste),
2026-06-19 17:13:01.866,1781907181866,3473.5596,4.5,0,0,0,¡ATRÁS! ⬅️ (Te alejaste o te pasaste),
2026-06-19 17:13:01.867,1781907181867,3473.5596,4.5,0,0,0,¡ATRÁS! ⬅️ (Te alejaste o te pasaste),
2026-06-19 17:13:01.867,1781907181867,3473.5596,4.7,0,0,0,¡ATRÁS! ⬅️ (Te alejaste o te pasaste),
2026-06-19 17:13:01.867,1781907181867,3473.5596,4.9,0,0,0,¡ATRÁS! ⬅️ (Te alejaste o te pasaste),
2026-06-19 17:13:01.867,1781907181867,3473.5596,4.1,0,0,0,¡ATRÁS! ⬅️ (Te alejaste o te pasaste),
2026-06-19 17:13:01.867,1781907181867,2329.6072,4.6,0,0,0,¡ATRÁS! ⬅️ (Te alejaste o te pasaste),
2026-06-19 17:13:01.868,1781907181868,2329.6072,4.3,0,0,0,¡ATRÁS! ⬅️ (Te alejaste o te pasaste),
2026-06-19 17:13:01.868,1781907181868,2329.6072,5.2,0,0,0,¡ATRÁS! ⬅️ (Te alejaste o te pasaste),
2026-06-19 17:13:01.868,1781907181868,2329.6072,5.2,0,0,0,¡ATRÁS! ⬅️ (Te alejaste o te pasaste),
2026-06-19 17:13:01.868,1781907181868,2329.6072,6.2,0,0,0,¡ATRÁS! ⬅️ (Te alejaste o te pasaste),
2026-06-19 17:13:01.868,1781907181868,2329.6072,7.8,0,0,0,¡ATRÁS! ⬅️ (Te alejaste o te pasaste),
2026-06-19 17:13:01.868,1781907181868,1698.6998,5.9,0,0,0,¡ATRÁS! ⬅️ (Te alejaste o te pasaste),
2026-06-19 17:13:01.869,1781907181869,1698.6998,4.5,0,0,0,¡ATRÁS! ⬅️ (Te alejaste o te pasaste),
2026-06-19 17:13:01.869,1781907181869,1698.6998,4.5,0,0,0,¡ATRÁS! ⬅️ (Te alejaste o te pasaste),
2026-06-19 17:13:01.869,1781907181869,1698.6998,5.5,0,0,0,¡ATRÁS! ⬅️ (Te alejaste o te pasaste),
2026-06-19 17:13:01.869,1781907181869,1698.6998,7.1,0,0,0,¡ATRÁS! ⬅️ (Te alejaste o te pasaste),
2026-06-19 17:13:01.869,1781907181869,1698.6998,6.8,0,0,0,¡ATRÁS! ⬅️ (Te alejaste o te pasaste),
2026-06-19 17:13:01.870,1781907181870,1698.6998,5.1,0,0,0,¡ATRÁS! ⬅️ (Te alejaste o te pasaste),
2026-06-19 17:13:01.870,1781907181870,1756.2827,5.0,0,0,0,¡ATRÁS! ⬅️ (Te alejaste o te pasaste),
2026-06-19 17:13:01.870,1781907181870,1756.2827,5.9,0,0,0,¡ATRÁS! ⬅️ (Te alejaste o te pasaste),
2026-06-19 17:13:01.870,1781907181870,1756.2827,7.0,0,0,0,¡ATRÁS! ⬅️ (Te alejaste o te pasaste),
2026-06-19 17:13:01.870,1781907181870,1756.2827,7.3,0,0,0,¡ATRÁS! ⬅️ (Te alejaste o te pasaste),
2026-06-19 17:13:01.870,1781907181870,1756.2827,9.9,0,0,0,¡ATRÁS! ⬅️ (Te alejaste o te pasaste),
2026-06-19 17:13:01.870,1781907181870,1756.2827,6.0,0,0,0,¡ATRÁS! ⬅️ (Te alejaste o te pasaste),
2026-06-19 17:13:01.871,1781907181871,2257.9822,4.1,0,0,0,ALINEANDO... ⚠️ (Señal estable),
2026-06-19 17:13:01.871,1781907181871,2257.9822,6.1,0,0,0,🎯 ¡FUGA DETECTADA AQUÍ! 🎯,FUGA
2026-06-19 17:13:01.871,1781907181871,2257.9822,5.6,0,0,0,¡ADELANTE! ➡️ (La señal está subiendo),
2026-06-19 17:13:01.871,1781907181871,2257.9822,4.2,0,0,0,¡ADELANTE! ➡️ (La señal está subiendo),
2026-06-19 17:13:01.871,1781907181871,2257.9822,4.6,0,0,0,¡ADELANTE! ➡️ (La señal está subiendo),
2026-06-19 17:13:01.871,1781907181871,2257.9822,5.0,0,0,0,¡ADELANTE! ➡️ (La señal está subiendo),
2026-06-19 17:13:01.872,1781907181872,2257.9822,5.0,0,0,0,¡ADELANTE! ➡️ (La señal está subiendo),
2026-06-19 17:13:01.872,1781907181872,1873.9355,5.5,0,0,0,¡ADELANTE! ➡️ (La señal está subiendo),
2026-06-19 17:13:01.872,1781907181872,1873.9355,5.6,0,0,0,¡ADELANTE! ➡️ (La señal está subiendo),
2026-06-19 17:13:01.872,1781907181872,1873.9355,5.7,0,0,0,¡ADELANTE! ➡️ (La señal está subiendo),
2026-06-19 17:13:01.872,1781907181872,1873.9355,5.7,0,0,0,ALINEANDO... ⚠️ (Señal estable),
2026-06-19 17:13:01.872,1781907181872,1873.9355,5.1,0,0,0,ALINEANDO... ⚠️ (Señal estable),
2026-06-19 17:13:01.872,1781907181872,1873.9355,5.0,0,0,0,¡ATRÁS! ⬅️ (Te alejaste o te pasaste),
2026-06-19 17:13:01.873,1781907181873,1561.771,5.0,0,0,0,¡ATRÁS! ⬅️ (Te alejaste o te pasaste),
2026-06-19 17:13:01.873,1781907181873,1561.771,4.5,0,0,0,¡ATRÁS! ⬅️ (Te alejaste o te pasaste),
2026-06-19 17:13:01.873,1781907181873,1561.771,5.1,0,0,0,¡ATRÁS! ⬅️ (Te alejaste o te pasaste),
2026-06-19 17:13:01.873,1781907181873,1561.771,5.0,0,0,0,¡ATRÁS! ⬅️ (Te alejaste o te pasaste),
2026-06-19 17:13:01.873,1781907181873,1561.771,4.5,0,0,0,¡ATRÁS! ⬅️ (Te alejaste o te pasaste),
2026-06-19 17:13:01.873,1781907181873,1561.771,4.6,0,0,0,¡ATRÁS! ⬅️ (Te alejaste o te pasaste),
2026-06-19 17:13:01.873,1781907181873,1561.771,5.1,0,0,0,¡ATRÁS! ⬅️ (Te alejaste o te pasaste),
2026-06-19 17:13:01.874,1781907181874,2051.9587,5.0,0,0,0,¡ATRÁS! ⬅️ (Te alejaste o te pasaste),
2026-06-19 17:13:01.874,1781907181874,2051.9587,4.6,0,0,0,ALINEANDO... ⚠️ (Señal estable),
2026-06-19 17:13:01.874,1781907181874,2051.9587,5.0,0,0,0,ALINEANDO... ⚠️ (Señal estable),
2026-06-19 17:13:01.874,1781907181874,2051.9587,5.1,0,0,0,ALINEANDO... ⚠️ (Señal estable),
2026-06-19 17:13:01.874,1781907181874,2051.9587,5.0,0,0,0,¡ADELANTE! ➡️ (La señal está subiendo),
2026-06-19 17:13:01.874,1781907181874,2051.9587,4.2,0,0,0,¡ADELANTE! ➡️ (La señal está subiendo),
2026-06-19 17:13:01.875,1781907181875,1937.6162,5.0,0,0,0,¡ADELANTE! ➡️ (La señal está subiendo),
2026-06-19 17:13:01.875,1781907181875,1937.6162,4.9,0,0,0,¡ADELANTE! ➡️ (La señal está subiendo),
2026-06-19 17:13:01.875,1781907181875,1937.6162,5.0,0,0,0,¡ADELANTE! ➡️ (La señal está subiendo),
2026-06-19 17:13:01.875,1781907181875,1937.6162,5.0,0,0,0,¡ADELANTE! ➡️ (La señal está subiendo),
2026-06-19 17:13:01.875,1781907181875,1937.6162,4.7,0,0,0,¡ADELANTE! ➡️ (La señal está subiendo),
2026-06-19 17:13:01.875,1781907181875,1937.6162,5.0,0,0,0,¡ADELANTE! ➡️ (La señal está subiendo),
2026-06-19 17:13:01.875,1781907181875,1937.6162,4.6,0,0,0,ALINEANDO... ⚠️ (Señal estable),
2026-06-19 17:13:01.876,1781907181876,2018.5947,4.6,0,0,0,ALINEANDO... ⚠️ (Señal estable),
2026-06-19 17:13:01.876,1781907181876,2018.5947,4.2,0,0,0,ALINEANDO... ⚠️ (Señal estable),
2026-06-19 17:13:01.876,1781907181876,2018.5947,5.0,0,0,0,ALINEANDO... ⚠️ (Señal estable),
2026-06-19 17:13:01.876,1781907181876,2018.5947,4.9,0,0,0,ALINEANDO... ⚠️ (Señal estable),
2026-06-19 17:13:01.876,1781907181876,2018.5947,4.9,0,0,0,ALINEANDO... ⚠️ (Señal estable),
2026-06-19 17:13:01.876,1781907181876,2018.5947,4.6,0,0,0,ALINEANDO... ⚠️ (Señal estable),
2026-06-19 17:13:01.876,1781907181876,1890.2798,4.6,0,0,0,ALINEANDO... ⚠️ (Señal estable),
2026-06-19 17:13:01.877,1781907181877,1890.2798,4.9,0,0,0,ALINEANDO... ⚠️ (Señal estable),
2026-06-19 17:13:01.877,1781907181877,1890.2798,5.1,0,0,0,ALINEANDO... ⚠️ (Señal estable),
2026-06-19 17:13:01.877,1781907181877,1890.2798,5.0,0,0,0,ALINEANDO... ⚠️ (Señal estable),
2026-06-19 17:13:01.877,1781907181877,1890.2798,4.6,0,0,0,ALINEANDO... ⚠️ (Señal estable),
2026-06-19 17:13:01.877,1781907181877,1890.2798,4.9,0,0,0,ALINEANDO... ⚠️ (Señal estable),
2026-06-19 17:13:01.877,1781907181877,1890.2798,4.5,0,0,0,ALINEANDO... ⚠️ (Señal estable),
2026-06-19 17:13:01.877,1781907181877,2061.8318,5.0,0,0,0,ALINEANDO... ⚠️ (Señal estable),
2026-06-19 17:13:01.878,1781907181878,2061.8318,4.8,0,0,0,ALINEANDO... ⚠️ (Señal estable),
2026-06-19 17:13:01.878,1781907181878,2061.8318,4.6,0,0,0,ALINEANDO... ⚠️ (Señal estable),
2026-06-19 17:13:01.878,1781907181878,2061.8318,5.1,0,0,0,ALINEANDO... ⚠️ (Señal estable),
2026-06-19 17:13:01.878,1781907181878,2061.8318,5.0,0,0,0,ALINEANDO... ⚠️ (Señal estable),
2026-06-19 17:13:01.878,1781907181878,2061.8318,5.0,0,0,0,ALINEANDO... ⚠️ (Señal estable),
2026-06-19 17:13:01.878,1781907181878,1975.4529,5.0,0,0,0,ALINEANDO... ⚠️ (Señal estable),
2026-06-19 17:13:01.889,1781907181889,1975.4529,4.5,0,0,0,ALINEANDO... ⚠️ (Señal estable),
2026-06-19 17:13:01.929,1781907181929,1975.4529,4.9,0,0,0,ALINEANDO... ⚠️ (Señal estable),
2026-06-19 17:13:01.969,1781907181969,1975.4529,5.0,0,0,0,ALINEANDO... ⚠️ (Señal estable),
2026-06-19 17:13:02.009,1781907182009,1975.4529,4.6,0,0,0,ALINEANDO... ⚠️ (Señal estable),
2026-06-19 17:13:02.049,1781907182049,1975.4529,4.6,0,0,0,ALINEANDO... ⚠️ (Señal estable),
2026-06-19 17:13:02.089,1781907182089,1975.4529,5.0,0,0,0,ALINEANDO... ⚠️ (Señal estable),
2026-06-19 17:13:02.129,1781907182129,1960.0703,5.0,0,0,0,ALINEANDO... ⚠️ (Señal estable),
2026-06-19 17:13:02.169,1781907182169,1960.0703,5.4,0,0,0,ALINEANDO... ⚠️ (Señal estable),
2026-06-19 17:13:02.209,1781907182209,1960.0703,4.5,0,0,0,ALINEANDO... ⚠️ (Señal estable),
2026-06-19 17:13:02.249,1781907182249,1960.0703,5.0,0,0,0,ALINEANDO... ⚠️ (Señal estable),
2026-06-19 17:13:02.289,1781907182289,1960.0703,5.1,0,0,0,ALINEANDO... ⚠️ (Señal estable),
2026-06-19 17:13:02.329,1781907182329,1960.0703,5.0,0,0,0,ALINEANDO... ⚠️ (Señal estable),
2026-06-19 17:13:02.369,1781907182369,1999.6479,5.0,0,0,0,ALINEANDO... ⚠️ (Señal estable),
2026-06-19 17:13:02.409,1781907182409,1999.6479,4.9,0,0,0,ALINEANDO... ⚠️ (Señal estable),
2026-06-19 17:13:02.449,1781907182449,1999.6479,4.6,0,0,0,ALINEANDO... ⚠️ (Señal estable),
2026-06-19 17:13:02.489,1781907182489,1999.6479,5.0,0,0,0,ALINEANDO... ⚠️ (Señal estable),
2026-06-19 17:13:02.529,1781907182529,1999.6479,5.0,0,0,0,ALINEANDO... ⚠️ (Señal estable),
2026-06-19 17:13:02.569,1781907182569,1999.6479,5.0,0,0,0,ALINEANDO... ⚠️ (Señal estable),
2026-06-19 17:13:02.609,1781907182609,1999.6479,5.0,0,0,0,ALINEANDO... ⚠️ (Señal estable),
2026-06-19 17:13:02.649,1781907182649,1961.7739,5.0,0,0,0,ALINEANDO... ⚠️ (Señal estable),
2026-06-19 17:13:02.689,1781907182689,1961.7739,4.5,0,0,0,ALINEANDO... ⚠️ (Señal estable),
2026-06-19 17:13:02.729,1781907182729,1961.7739,5.0,0,0,0,ALINEANDO... ⚠️ (Señal estable),
2026-06-19 17:13:02.769,1781907182769,1961.7739,4.6,0,0,0,ALINEANDO... ⚠️ (Señal estable),
2026-06-19 17:13:02.809,1781907182809,1961.7739,4.6,0,0,0,ALINEANDO... ⚠️ (Señal estable),
2026-06-19 17:13:02.849,1781907182849,1961.7739,5.0,0,0,0,ALINEANDO... ⚠️ (Señal estable),
2026-06-19 17:13:02.889,1781907182889,1975.1583,5.0,0,0,0,ALINEANDO... ⚠️ (Señal estable),
2026-06-19 17:13:02.929,1781907182929,1975.1583,4.5,0,0,0,ALINEANDO... ⚠️ (Señal estable),
2026-06-19 17:13:02.969,1781907182969,1975.1583,4.7,0,0,0,ALINEANDO... ⚠️ (Señal estable),
2026-06-19 17:13:03.009,1781907183009,1975.1583,4.8,0,0,0,ALINEANDO... ⚠️ (Señal estable),
2026-06-19 17:13:03.049,1781907183049,1975.1583,5.0,0,0,0,ALINEANDO... ⚠️ (Señal estable),
2026-06-19 17:13:03.089,1781907183089,1975.1583,5.0,0,0,0,ALINEANDO... ⚠️ (Señal estable),
2026-06-19 17:13:03.129,1781907183129,1975.1583,4.5,0,0,0,ALINEANDO... ⚠️ (Señal estable),
2026-06-19 17:13:03.169,1781907183169,1984.1958,5.0,0,0,0,ALINEANDO... ⚠️ (Señal estable),
2026-06-19 17:13:03.210,1781907183210,1984.1958,4.6,0,0,0,ALINEANDO... ⚠️ (Señal estable),
2026-06-19 17:13:03.249,1781907183249,1984.1958,4.5,0,0,0,ALINEANDO... ⚠️ (Señal estable),
2026-06-19 17:13:03.289,1781907183289,1984.1958,5.1,0,0,0,ALINEANDO... ⚠️ (Señal estable),
2026-06-19 17:13:03.329,1781907183329,1984.1958,4.6,0,0,0,ALINEANDO... ⚠️ (Señal estable),
2026-06-19 17:13:03.369,1781907183369,1984.1958,4.9,0,0,0,ALINEANDO... ⚠️ (Señal estable),
2026-06-19 17:13:03.409,1781907183409,1988.1282,4.5,0,0,0,ALINEANDO... ⚠️ (Señal estable),
2026-06-19 17:13:03.449,1781907183449,1988.1282,4.9,0,0,0,ALINEANDO... ⚠️ (Señal estable),
2026-06-19 17:13:03.489,1781907183489,1988.1282,5.1,0,0,0,ALINEANDO... ⚠️ (Señal estable),
2026-06-19 17:13:03.529,1781907183529,1988.1282,4.9,0,0,0,ALINEANDO... ⚠️ (Señal estable),
2026-06-19 17:13:03.569,1781907183569,1988.1282,5.4,0,0,0,ALINEANDO... ⚠️ (Señal estable),
2026-06-19 17:13:03.609,1781907183609,1988.1282,5.0,0,0,0,ALINEANDO... ⚠️ (Señal estable),
2026-06-19 17:13:03.649,1781907183649,1988.1282,5.1,0,0,0,ALINEANDO... ⚠️ (Señal estable),
2026-06-19 17:13:03.689,1781907183689,1998.5403,5.0,0,0,0,ALINEANDO... ⚠️ (Señal estable),
2026-06-19 17:13:03.729,1781907183729,1998.5403,5.0,0,0,0,ALINEANDO... ⚠️ (Señal estable),
2026-06-19 17:13:03.769,1781907183769,1998.5403,5.0,0,0,0,ALINEANDO... ⚠️ (Señal estable),
2026-06-19 17:13:03.809,1781907183809,1998.5403,5.1,0,0,0,ALINEANDO... ⚠️ (Señal estable),
2026-06-19 17:13:03.849,1781907183849,1998.5403,4.6,0,0,0,ALINEANDO... ⚠️ (Señal estable),
2026-06-19 17:13:03.889,1781907183889,1998.5403,5.4,0,0,0,ALINEANDO... ⚠️ (Señal estable),
2026-06-19 17:13:03.929,1781907183929,1919.0804,5.0,0,0,0,ALINEANDO... ⚠️ (Señal estable),
2026-06-19 17:13:03.969,1781907183969,1919.0804,4.9,0,0,0,ALINEANDO... ⚠️ (Señal estable),
2026-06-19 17:13:04.009,1781907184009,1919.0804,4.4,0,0,0,ALINEANDO... ⚠️ (Señal estable),
2026-06-19 17:13:04.049,1781907184049,1919.0804,5.1,0,0,0,ALINEANDO... ⚠️ (Señal estable),
2026-06-19 17:13:04.089,1781907184089,1919.0804,4.9,0,0,0,ALINEANDO... ⚠️ (Señal estable),
2026-06-19 17:13:04.129,1781907184129,1919.0804,4.5,0,0,0,ALINEANDO... ⚠️ (Señal estable),
2026-06-19 17:13:04.169,1781907184169,1919.0804,5.0,0,0,0,ALINEANDO... ⚠️ (Señal estable),
2026-06-19 17:13:04.209,1781907184209,2031.5048,4.6,0,0,0,ALINEANDO... ⚠️ (Señal estable),
2026-06-19 17:13:04.249,1781907184249,2031.5048,5.1,0,0,0,ALINEANDO... ⚠️ (Señal estable),
2026-06-19 17:13:04.289,1781907184289,2031.5048,4.5,0,0,0,ALINEANDO... ⚠️ (Señal estable),
2026-06-19 17:13:04.329,1781907184329,2031.5048,5.0,0,0,0,ALINEANDO... ⚠️ (Señal estable),
2026-06-19 17:13:04.369,1781907184369,2031.5048,5.1,0,0,0,ALINEANDO... ⚠️ (Señal estable),
2026-06-19 17:13:04.409,1781907184409,2031.5048,5.1,0,0,0,ALINEANDO... ⚠️ (Señal estable),
2026-06-19 17:13:04.449,1781907184449,1857.6014,5.0,0,0,0,ALINEANDO... ⚠️ (Señal estable),
2026-06-19 17:13:04.489,1781907184489,1857.6014,4.9,0,0,0,ALINEANDO... ⚠️ (Señal estable),
2026-06-19 17:13:04.529,1781907184529,1857.6014,4.9,0,0,0,ALINEANDO... ⚠️ (Señal estable),
2026-06-19 17:13:04.569,1781907184569,1857.6014,4.5,0,0,0,ALINEANDO... ⚠️ (Señal estable),
2026-06-19 17:13:04.609,1781907184609,1857.6014,5.1,0,0,0,ALINEANDO... ⚠️ (Señal estable),
2026-06-19 17:13:04.649,1781907184649,1857.6014,4.5,0,0,0,ALINEANDO... ⚠️ (Señal estable),
2026-06-19 17:13:04.689,1781907184689,1857.6014,5.0,0,0,0,ALINEANDO... ⚠️ (Señal estable),
2026-06-19 17:13:04.729,1781907184729,1842.1121,5.0,0,0,0,¡ATRÁS! ⬅️ (Te alejaste o te pasaste),
2026-06-19 17:13:04.769,1781907184769,1842.1121,4.5,0,0,0,¡ATRÁS! ⬅️ (Te alejaste o te pasaste),
2026-06-19 17:13:04.809,1781907184809,1842.1121,5.1,0,0,0,¡ATRÁS! ⬅️ (Te alejaste o te pasaste),
2026-06-19 17:13:04.849,1781907184849,1842.1121,5.0,0,0,0,¡ATRÁS! ⬅️ (Te alejaste o te pasaste),
2026-06-19 17:13:04.889,1781907184889,1842.1121,5.1,0,0,0,ALINEANDO... ⚠️ (Señal estable),
2026-06-19 17:13:04.929,1781907184929,1842.1121,4.6,0,0,0,ALINEANDO... ⚠️ (Señal estable),
2026-06-19 17:13:04.969,1781907184969,1914.4424,5.0,0,0,0,ALINEANDO... ⚠️ (Señal estable),
2026-06-19 17:13:05.009,1781907185009,1914.4424,4.9,0,0,0,ALINEANDO... ⚠️ (Señal estable),
2026-06-19 17:13:05.049,1781907185049,1914.4424,4.5,0,0,0,ALINEANDO... ⚠️ (Señal estable),
2026-06-19 17:13:05.089,1781907185089,1914.4424,4.5,0,0,0,ALINEANDO... ⚠️ (Señal estable),
2026-06-19 17:13:05.129,1781907185129,1914.4424,5.1,0,0,0,ALINEANDO... ⚠️ (Señal estable),
2026-06-19 17:13:05.169,1781907185169,1914.4424,4.6,0,0,0,ALINEANDO... ⚠️ (Señal estable),
2026-06-19 17:13:05.209,1781907185209,1914.4424,4.6,0,0,0,ALINEANDO... ⚠️ (Señal estable),
2026-06-19 17:13:05.249,1781907185249,1941.3401,4.5,0,0,0,ALINEANDO... ⚠️ (Señal estable),
2026-06-19 17:13:05.289,1781907185289,1941.3401,5.0,0,0,0,ALINEANDO... ⚠️ (Señal estable),
2026-06-19 17:13:05.329,1781907185329,1941.3401,5.0,0,0,0,ALINEANDO... ⚠️ (Señal estable),
2026-06-19 17:13:05.369,1781907185369,1941.3401,5.0,0,0,0,ALINEANDO... ⚠️ (Señal estable),
2026-06-19 17:13:05.409,1781907185409,1941.3401,4.6,0,0,0,ALINEANDO... ⚠️ (Señal estable),
2026-06-19 17:13:05.449,1781907185449,1941.3401,5.0,0,0,0,ALINEANDO... ⚠️ (Señal estable),
2026-06-19 17:13:05.489,1781907185489,2212.9717,5.0,0,0,0,ALINEANDO... ⚠️ (Señal estable),
2026-06-19 17:13:05.529,1781907185529,2212.9717,4.6,0,0,0,ALINEANDO... ⚠️ (Señal estable),
2026-06-19 17:13:05.569,1781907185569,2212.9717,4.9,0,0,0,¡ADELANTE! ➡️ (La señal está subiendo),
2026-06-19 17:13:05.609,1781907185609,2212.9717,5.0,0,0,0,¡ADELANTE! ➡️ (La señal está subiendo),
2026-06-19 17:13:05.649,1781907185649,2212.9717,5.1,0,0,0,¡ADELANTE! ➡️ (La señal está subiendo),
2026-06-19 17:13:05.689,1781907185689,2212.9717,5.0,0,0,0,¡ADELANTE! ➡️ (La señal está subiendo),
2026-06-19 17:13:05.729,1781907185729,2212.9717,4.9,0,0,0,¡ADELANTE! ➡️ (La señal está subiendo),
2026-06-19 17:13:05.769,1781907185769,1954.4705,5.0,0,0,0,¡ADELANTE! ➡️ (La señal está subiendo),
2026-06-19 17:13:05.809,1781907185809,1954.4705,5.1,0,0,0,¡ADELANTE! ➡️ (La señal está subiendo),
2026-06-19 17:13:05.849,1781907185849,1954.4705,4.5,0,0,0,ALINEANDO... ⚠️ (Señal estable),
2026-06-19 17:13:05.889,1781907185889,1954.4705,5.1,0,0,0,ALINEANDO... ⚠️ (Señal estable),
2026-06-19 17:13:05.929,1781907185929,1954.4705,4.9,0,0,0,ALINEANDO... ⚠️ (Señal estable),
2026-06-19 17:13:05.969,1781907185969,1954.4705,4.5,0,0,0,ALINEANDO... ⚠️ (Señal estable),
2026-06-19 17:13:06.009,1781907186009,1957.6805,5.0,0,0,0,¡ATRÁS! ⬅️ (Te alejaste o te pasaste),
2026-06-19 17:13:06.049,1781907186049,1957.6805,5.4,0,0,0,¡ATRÁS! ⬅️ (Te alejaste o te pasaste),
2026-06-19 17:13:06.089,1781907186089,1957.6805,5.1,0,0,0,¡ATRÁS! ⬅️ (Te alejaste o te pasaste),
2026-06-19 17:13:06.129,1781907186129,1957.6805,4.5,0,0,0,¡ATRÁS! ⬅️ (Te alejaste o te pasaste),
2026-06-19 17:13:06.169,1781907186169,1957.6805,5.0,0,0,0,¡ATRÁS! ⬅️ (Te alejaste o te pasaste),
2026-06-19 17:13:06.209,1781907186209,1957.6805,5.0,0,0,0,¡ATRÁS! ⬅️ (Te alejaste o te pasaste),
2026-06-19 17:13:06.249,1781907186249,1957.6805,5.0,0,0,0,ALINEANDO... ⚠️ (Señal estable),
2026-06-19 17:13:06.289,1781907186289,2140.2302,5.0,0,0,0,ALINEANDO... ⚠️ (Señal estable),
2026-06-19 17:13:06.329,1781907186329,2140.2302,4.9,0,0,0,ALINEANDO... ⚠️ (Señal estable),
2026-06-19 17:13:06.369,1781907186369,2140.2302,5.1,0,0,0,ALINEANDO... ⚠️ (Señal estable),
2026-06-19 17:13:06.409,1781907186409,2140.2302,5.0,0,0,0,ALINEANDO... ⚠️ (Señal estable),
2026-06-19 17:13:06.449,1781907186449,2140.2302,4.9,0,0,0,¡ADELANTE! ➡️ (La señal está subiendo),
2026-06-19 17:13:06.489,1781907186489,2140.2302,4.5,0,0,0,¡ADELANTE! ➡️ (La señal está subiendo),
2026-06-19 17:13:06.529,1781907186529,2014.1249,5.0,0,0,0,¡ADELANTE! ➡️ (La señal está subiendo),
2026-06-19 17:13:06.569,1781907186569,2014.1249,4.9,0,0,0,ALINEANDO... ⚠️ (Señal estable),
2026-06-19 17:13:06.609,1781907186609,2014.1249,4.9,0,0,0,ALINEANDO... ⚠️ (Señal estable),
2026-06-19 17:13:06.649,1781907186649,2014.1249,5.1,0,0,0,ALINEANDO... ⚠️ (Señal estable),
2026-06-19 17:13:06.689,1781907186689,2014.1249,4.6,0,0,0,ALINEANDO... ⚠️ (Señal estable),
2026-06-19 17:13:06.729,1781907186729,2014.1249,5.0,0,0,0,ALINEANDO... ⚠️ (Señal estable),
2026-06-19 17:13:06.769,1781907186769,2014.1249,4.9,0,0,0,ALINEANDO... ⚠️ (Señal estable),
2026-06-19 17:13:06.809,1781907186809,1931.5326,5.0,0,0,0,ALINEANDO... ⚠️ (Señal estable),
2026-06-19 17:13:06.849,1781907186849,1931.5326,5.0,0,0,0,¡ATRÁS! ⬅️ (Te alejaste o te pasaste),
2026-06-19 17:13:06.889,1781907186889,1931.5326,4.5,0,0,0,¡ATRÁS! ⬅️ (Te alejaste o te pasaste),
2026-06-19 17:13:06.929,1781907186929,1931.5326,5.0,0,0,0,¡ATRÁS! ⬅️ (Te alejaste o te pasaste),
2026-06-19 17:13:06.969,1781907186969,1931.5326,5.0,0,0,0,¡ATRÁS! ⬅️ (Te alejaste o te pasaste),
2026-06-19 17:13:07.009,1781907187009,1931.5326,4.9,0,0,0,ALINEANDO... ⚠️ (Señal estable),
2026-06-19 17:13:07.049,1781907187049,1863.4739,5.0,0,0,0,ALINEANDO... ⚠️ (Señal estable),
2026-06-19 17:13:07.089,1781907187089,1863.4739,4.5,0,0,0,ALINEANDO... ⚠️ (Señal estable),
2026-06-19 17:13:07.129,1781907187129,1863.4739,4.9,0,0,0,ALINEANDO... ⚠️ (Señal estable),
2026-06-19 17:13:07.169,1781907187169,1863.4739,5.0,0,0,0,ALINEANDO... ⚠️ (Señal estable),
2026-06-19 17:13:07.209,1781907187209,1863.4739,5.4,0,0,0,ALINEANDO... ⚠️ (Señal estable),
2026-06-19 17:13:07.249,1781907187249,1863.4739,5.0,0,0,0,ALINEANDO... ⚠️ (Señal estable),
2026-06-19 17:13:07.289,1781907187289,1863.4739,4.5,0,0,0,ALINEANDO... ⚠️ (Señal estable),
2026-06-19 17:13:07.329,1781907187329,1804.1174,5.0,0,0,0,ALINEANDO... ⚠️ (Señal estable),
2026-06-19 17:13:07.369,1781907187369,1804.1174,5.0,0,0,0,ALINEANDO... ⚠️ (Señal estable),
2026-06-19 17:13:07.409,1781907187409,1804.1174,4.6,0,0,0,ALINEANDO... ⚠️ (Señal estable),
2026-06-19 17:13:07.449,1781907187449,1804.1174,4.6,0,0,0,ALINEANDO... ⚠️ (Señal estable),
2026-06-19 17:13:07.489,1781907187489,1804.1174,5.1,0,0,0,ALINEANDO... ⚠️ (Señal estable),
2026-06-19 17:13:07.529,1781907187529,1804.1174,5.0,0,0,0,ALINEANDO... ⚠️ (Señal estable),
2026-06-19 17:13:07.569,1781907187569,2064.6746,5.0,0,0,0,ALINEANDO... ⚠️ (Señal estable),
2026-06-19 17:13:07.609,1781907187609,2064.6746,4.9,0,0,0,ALINEANDO... ⚠️ (Señal estable),
2026-06-19 17:13:07.649,1781907187649,2064.6746,5.0,0,0,0,ALINEANDO... ⚠️ (Señal estable),
2026-06-19 17:13:07.689,1781907187689,2064.6746,4.6,0,0,0,ALINEANDO... ⚠️ (Señal estable),
2026-06-19 17:13:07.729,1781907187729,2064.6746,5.1,0,0,0,¡ADELANTE! ➡️ (La señal está subiendo),
2026-06-19 17:13:07.769,1781907187769,2064.6746,4.1,0,0,0,¡ADELANTE! ➡️ (La señal está subiendo),
2026-06-19 17:13:07.809,1781907187809,2064.6746,4.9,0,0,0,¡ADELANTE! ➡️ (La señal está subiendo),
2026-06-19 17:13:07.849,1781907187849,1907.6091,4.5,0,0,0,¡ADELANTE! ➡️ (La señal está subiendo),
2026-06-19 17:13:07.889,1781907187889,1907.6091,5.0,0,0,0,¡ADELANTE! ➡️ (La señal está subiendo),
2026-06-19 17:13:07.929,1781907187929,1907.6091,5.0,0,0,0,¡ADELANTE! ➡️ (La señal está subiendo),
2026-06-19 17:13:07.969,1781907187969,1907.6091,4.5,0,0,0,ALINEANDO... ⚠️ (Señal estable),
2026-06-19 17:13:08.009,1781907188009,1907.6091,5.0,0,0,0,ALINEANDO... ⚠️ (Señal estable),
2026-06-19 17:13:08.049,1781907188049,1907.6091,4.9,0,0,0,ALINEANDO... ⚠️ (Señal estable),
2026-06-19 17:13:08.089,1781907188089,1952.4365,5.0,0,0,0,ALINEANDO... ⚠️ (Señal estable),
2026-06-19 17:13:08.129,1781907188129,1952.4365,4.7,0,0,0,ALINEANDO... ⚠️ (Señal estable),
2026-06-19 17:13:08.169,1781907188169,1952.4365,4.9,0,0,0,ALINEANDO... ⚠️ (Señal estable),
2026-06-19 17:13:08.210,1781907188210,1952.4365,5.0,0,0,0,ALINEANDO... ⚠️ (Señal estable),
2026-06-19 17:13:08.249,1781907188249,1952.4365,5.4,0,0,0,ALINEANDO... ⚠️ (Señal estable),
2026-06-19 17:13:08.289,1781907188289,1952.4365,4.6,0,0,0,ALINEANDO... ⚠️ (Señal estable),
2026-06-19 17:13:08.329,1781907188329,1952.4365,5.1,0,0,0,ALINEANDO... ⚠️ (Señal estable),
2026-06-19 17:13:08.369,1781907188369,2060.7817,4.2,0,0,0,ALINEANDO... ⚠️ (Señal estable),
2026-06-19 17:13:08.409,1781907188409,2060.7817,5.1,0,0,0,ALINEANDO... ⚠️ (Señal estable),
2026-06-19 17:13:08.449,1781907188449,2060.7817,5.0,0,0,0,ALINEANDO... ⚠️ (Señal estable),
2026-06-19 17:13:08.489,1781907188489,2060.7817,5.0,0,0,0,ALINEANDO... ⚠️ (Señal estable),
2026-06-19 17:13:08.529,1781907188529,2060.7817,5.5,0,0,0,ALINEANDO... ⚠️ (Señal estable),
2026-06-19 17:13:08.569,1781907188569,2060.7817,4.9,0,0,0,ALINEANDO... ⚠️ (Señal estable),
2026-06-19 17:13:08.609,1781907188609,2093.0757,5.0,0,0,0,ALINEANDO... ⚠️ (Señal estable),
2026-06-19 17:13:08.649,1781907188649,2093.0757,4.9,0,0,0,ALINEANDO... ⚠️ (Señal estable),
2026-06-19 17:13:08.689,1781907188689,2093.0757,4.6,0,0,0,ALINEANDO... ⚠️ (Señal estable),
2026-06-19 17:13:08.729,1781907188729,2093.0757,5.0,0,0,0,ALINEANDO... ⚠️ (Señal estable),
2026-06-19 17:13:08.769,1781907188769,2093.0757,5.1,0,0,0,ALINEANDO... ⚠️ (Señal estable),
2026-06-19 17:13:08.809,1781907188809,2093.0757,4.5,0,0,0,ALINEANDO... ⚠️ (Señal estable),
2026-06-19 17:13:08.849,1781907188849,2093.0757,4.9,0,0,0,ALINEANDO... ⚠️ (Señal estable),
2026-06-19 17:13:08.889,1781907188889,1841.3436,5.0,0,0,0,ALINEANDO... ⚠️ (Señal estable),
2026-06-19 17:13:08.929,1781907188929,1841.3436,5.1,0,0,0,ALINEANDO... ⚠️ (Señal estable),
2026-06-19 17:13:08.969,1781907188969,1841.3436,5.1,0,0,0,ALINEANDO... ⚠️ (Señal estable),
2026-06-19 17:13:09.009,1781907189009,1841.3436,4.5,0,0,0,¡ATRÁS! ⬅️ (Te alejaste o te pasaste),
2026-06-19 17:13:09.049,1781907189049,1841.3436,5.0,0,0,0,¡ATRÁS! ⬅️ (Te alejaste o te pasaste),
2026-06-19 17:13:09.089,1781907189089,1841.3436,4.6,0,0,0,¡ATRÁS! ⬅️ (Te alejaste o te pasaste),
2026-06-19 17:13:09.129,1781907189129,1739.7795,5.0,0,0,0,¡ATRÁS! ⬅️ (Te alejaste o te pasaste),
2026-06-19 17:13:09.169,1781907189169,1739.7795,5.0,0,0,0,¡ATRÁS! ⬅️ (Te alejaste o te pasaste),
2026-06-19 17:13:09.209,1781907189209,1739.7795,5.0,0,0,0,¡ATRÁS! ⬅️ (Te alejaste o te pasaste),
2026-06-19 17:13:09.249,1781907189249,1739.7795,5.0,0,0,0,¡ATRÁS! ⬅️ (Te alejaste o te pasaste),
2026-06-19 17:13:09.289,1781907189289,1739.7795,4.9,0,0,0,¡ATRÁS! ⬅️ (Te alejaste o te pasaste),
2026-06-19 17:13:09.329,1781907189329,1739.7795,5.1,0,0,0,¡ATRÁS! ⬅️ (Te alejaste o te pasaste),
2026-06-19 17:13:09.369,1781907189369,1739.7795,5.1,0,0,0,¡ATRÁS! ⬅️ (Te alejaste o te pasaste),
2026-06-19 17:13:09.409,1781907189409,1809.9966,4.6,0,0,0,ALINEANDO... ⚠️ (Señal estable),
2026-06-19 17:13:09.449,1781907189449,1809.9966,4.6,0,0,0,ALINEANDO... ⚠️ (Señal estable),
2026-06-19 17:13:09.489,1781907189489,1809.9966,5.0,0,0,0,ALINEANDO... ⚠️ (Señal estable),
2026-06-19 17:13:09.529,1781907189529,1809.9966,5.1,0,0,0,ALINEANDO... ⚠️ (Señal estable),
2026-06-19 17:13:09.569,1781907189569,1809.9966,4.5,0,0,0,ALINEANDO... ⚠️ (Señal estable),
2026-06-19 17:13:09.609,1781907189609,1809.9966,5.0,0,0,0,ALINEANDO... ⚠️ (Señal estable),
2026-06-19 17:13:09.649,1781907189649,1817.6458,4.6,0,0,0,ALINEANDO... ⚠️ (Señal estable),
2026-06-19 17:13:09.689,1781907189689,1817.6458,5.0,0,0,0,ALINEANDO... ⚠️ (Señal estable),
2026-06-19 17:13:09.729,1781907189729,1817.6458,4.9,0,0,0,ALINEANDO... ⚠️ (Señal estable),
2026-06-19 17:13:09.769,1781907189769,1817.6458,5.0,0,0,0,ALINEANDO... ⚠️ (Señal estable),
2026-06-19 17:13:09.809,1781907189809,1817.6458,4.6,0,0,0,ALINEANDO... ⚠️ (Señal estable),
2026-06-19 17:13:09.849,1781907189849,1817.6458,5.0,0,0,0,ALINEANDO... ⚠️ (Señal estable),
2026-06-19 17:13:09.889,1781907189889,1817.6458,5.0,0,0,0,ALINEANDO... ⚠️ (Señal estable),
2026-06-19 17:13:09.929,1781907189929,1983.6812,5.0,0,0,0,ALINEANDO... ⚠️ (Señal estable),
2026-06-19 17:13:09.969,1781907189969,1983.6812,5.0,0,0,0,ALINEANDO... ⚠️ (Señal estable),
2026-06-19 17:13:10.009,1781907190009,1983.6812,4.6,0,0,0,ALINEANDO... ⚠️ (Señal estable),
2026-06-19 17:13:10.049,1781907190049,1983.6812,4.6,0,0,0,ALINEANDO... ⚠️ (Señal estable),
2026-06-19 17:13:10.089,1781907190089,1983.6812,4.5,0,0,0,¡ADELANTE! ➡️ (La señal está subiendo),
2026-06-19 17:13:10.129,1781907190129,1983.6812,5.0,0,0,0,¡ADELANTE! ➡️ (La señal está subiendo),
2026-06-19 17:13:10.169,1781907190169,2251.0449,5.0,0,0,0,¡ADELANTE! ➡️ (La señal está subiendo),
2026-06-19 17:13:10.209,1781907190209,2251.0449,5.0,0,0,0,¡ADELANTE! ➡️ (La señal está subiendo),
2026-06-19 17:13:10.249,1781907190249,2251.0449,5.0,0,0,0,¡ADELANTE! ➡️ (La señal está subiendo),
2026-06-19 17:13:10.289,1781907190289,2251.0449,5.0,0,0,0,¡ADELANTE! ➡️ (La señal está subiendo),
2026-06-19 17:13:10.329,1781907190329,2251.0449,4.6,0,0,0,¡ADELANTE! ➡️ (La señal está subiendo),
2026-06-19 17:13:10.369,1781907190369,2251.0449,5.0,0,0,0,¡ADELANTE! ➡️ (La señal está subiendo),
2026-06-19 17:13:10.409,1781907190409,2251.0449,5.0,0,0,0,¡ADELANTE! ➡️ (La señal está subiendo),
2026-06-19 17:13:10.449,1781907190449,1836.772,5.0,0,0,0,¡ADELANTE! ➡️ (La señal está subiendo),
2026-06-19 17:13:10.489,1781907190489,1836.772,5.0,0,0,0,ALINEANDO... ⚠️ (Señal estable),
2026-06-19 17:13:10.529,1781907190529,1836.772,5.0,0,0,0,ALINEANDO... ⚠️ (Señal estable),
2026-06-19 17:13:10.569,1781907190569,1836.772,4.6,0,0,0,ALINEANDO... ⚠️ (Señal estable),
