Timestamp,Epoch_Time_ms,MAG,D,P1,P2,P3,Tag
2026-06-19 17:14:21.981,1781907261981,110.1871,5.1,0,0,0,
2026-06-19 17:14:22.068,1781907262068,110.1871,5.1,0,0,0,
2026-06-19 17:14:22.109,1781907262109,124.9629,5.6,0,0,0,
2026-06-19 17:14:22.109,1781907262109,124.9629,5.2,0,0,0,
2026-06-19 17:14:22.109,1781907262109,124.9629,5.2,0,0,0,
2026-06-19 17:14:22.109,1781907262109,124.9629,5.6,0,0,0,
2026-06-19 17:14:22.109,1781907262109,124.9629,5.2,0,0,0,
2026-06-19 17:14:22.109,1781907262109,124.9629,5.1,0,0,0,
2026-06-19 17:14:22.110,1781907262110,131.4832,5.2,0,0,0,
2026-06-19 17:14:22.110,1781907262110,131.4832,5.1,0,0,0,
2026-06-19 17:14:22.110,1781907262110,131.4832,5.2,0,0,0,
2026-06-19 17:14:22.110,1781907262110,131.4832,5.2,0,0,0,
2026-06-19 17:14:22.110,1781907262110,131.4832,5.2,0,0,0,
2026-06-19 17:14:22.131,1781907262131,131.4832,5.6,0,0,0,
2026-06-19 17:14:22.186,1781907262186,131.4832,5.1,0,0,0,
2026-06-19 17:14:22.223,1781907262223,126.3642,5.2,0,0,0,
2026-06-19 17:14:22.251,1781907262251,126.3642,5.2,0,0,0,
2026-06-19 17:14:22.292,1781907262292,126.3642,5.5,0,0,0,
2026-06-19 17:14:22.331,1781907262331,126.3642,5.2,0,0,0,
2026-06-19 17:14:22.371,1781907262371,126.3642,5.2,0,0,0,
2026-06-19 17:14:22.411,1781907262411,126.3642,5.6,0,0,0,
2026-06-19 17:14:22.451,1781907262452,122.5505,5.6,0,0,0,
2026-06-19 17:14:22.492,1781907262492,122.5505,5.5,0,0,0,
2026-06-19 17:14:22.532,1781907262532,122.5505,5.6,0,0,0,
2026-06-19 17:14:22.572,1781907262572,122.5505,5.2,0,0,0,
2026-06-19 17:14:22.612,1781907262612,122.5505,5.2,0,0,0,
2026-06-19 17:14:22.652,1781907262652,122.5505,5.7,0,0,0,
2026-06-19 17:14:22.691,1781907262692,122.5505,5.7,0,0,0,
2026-06-19 17:14:22.731,1781907262731,112.0415,5.2,0,0,0,
2026-06-19 17:14:22.772,1781907262772,112.0415,5.2,0,0,0,
2026-06-19 17:14:22.812,1781907262812,112.0415,5.5,0,0,0,
2026-06-19 17:14:22.852,1781907262852,112.0415,5.7,0,0,0,
2026-06-19 17:14:22.891,1781907262891,112.0415,5.2,0,0,0,
2026-06-19 17:14:22.932,1781907262932,112.0415,5.6,0,0,0,
2026-06-19 17:14:22.972,1781907262972,119.8106,5.1,0,0,0,
2026-06-19 17:14:23.012,1781907263012,119.8106,5.2,0,0,0,
2026-06-19 17:14:23.051,1781907263051,119.8106,5.2,0,0,0,
2026-06-19 17:14:23.092,1781907263092,119.8106,5.6,0,0,0,
2026-06-19 17:14:23.132,1781907263132,119.8106,5.2,0,0,0,
2026-06-19 17:14:23.172,1781907263172,119.8106,5.6,0,0,0,
2026-06-19 17:14:23.211,1781907263211,119.8106,5.6,0,0,0,
2026-06-19 17:14:23.252,1781907263252,240.0894,5.1,0,0,0,
2026-06-19 17:14:23.292,1781907263292,240.0894,5.2,0,0,0,
2026-06-19 17:14:23.332,1781907263332,240.0894,5.2,0,0,0,
2026-06-19 17:14:23.372,1781907263372,240.0894,5.1,0,0,0,
2026-06-19 17:14:23.411,1781907263412,240.0894,5.2,0,0,0,
2026-06-19 17:14:23.452,1781907263452,240.0894,4.8,0,0,0,
2026-06-19 17:14:23.492,1781907263492,590.4758,5.1,0,0,0,
2026-06-19 17:14:23.532,1781907263532,590.4758,4.7,0,0,0,
2026-06-19 17:14:23.572,1781907263572,590.4758,5.1,0,0,0,
2026-06-19 17:14:23.612,1781907263612,590.4758,5.1,0,0,0,
2026-06-19 17:14:23.651,1781907263651,590.4758,5.1,0,0,0,
2026-06-19 17:14:23.692,1781907263692,590.4758,5.6,0,0,0,
2026-06-19 17:14:23.732,1781907263732,590.4758,5.2,0,0,0,
2026-06-19 17:14:23.772,1781907263772,823.5549,5.6,0,0,0,
2026-06-19 17:14:23.812,1781907263812,823.5549,3.4,0,0,0,
2026-06-19 17:14:23.852,1781907263852,823.5549,5.7,0,0,0,
2026-06-19 17:14:23.892,1781907263892,823.5549,2.9,0,0,0,
2026-06-19 17:14:23.932,1781907263932,823.5549,6.2,0,0,0,
2026-06-19 17:14:23.971,1781907263971,823.5549,4.5,0,1,0,
2026-06-19 17:14:24.012,1781907264012,1003.0775,3.5,0,0,0,
2026-06-19 17:14:24.052,1781907264052,1003.0775,5.1,0,0,0,
2026-06-19 17:14:24.092,1781907264092,1003.0775,1.0,0,1,0,
2026-06-19 17:14:24.132,1781907264132,1003.0775,2.6,0,0,0,
2026-06-19 17:14:24.172,1781907264172,1003.0775,5.9,0,1,0,
2026-06-19 17:14:24.212,1781907264212,1003.0775,1.8,0,0,0,
2026-06-19 17:14:24.252,1781907264252,1003.0775,5.3,0,1,0,
2026-06-19 17:14:24.292,1781907264292,1110.0458,5.8,0,1,0,
2026-06-19 17:14:24.332,1781907264332,1110.0458,6.2,0,0,0,
2026-06-19 17:14:24.372,1781907264372,1110.0458,1.6,0,0,0,
2026-06-19 17:14:24.412,1781907264412,1110.0458,5.3,0,1,0,
2026-06-19 17:14:24.452,1781907264452,1110.0458,5.0,0,1,0,
2026-06-19 17:14:24.492,1781907264492,1110.0458,3.5,0,0,0,
2026-06-19 17:14:24.532,1781907264532,1328.2354,6.2,0,0,0,
2026-06-19 17:14:24.572,1781907264572,1328.2354,6.2,0,0,0,
2026-06-19 17:14:24.612,1781907264612,1328.2354,1.5,0,0,0,
2026-06-19 17:14:24.652,1781907264652,1328.2354,5.3,0,0,0,
2026-06-19 17:14:24.692,1781907264692,1328.2354,5.3,0,1,0,
2026-06-19 17:14:24.732,1781907264732,1328.2354,3.0,0,1,0,
2026-06-19 17:14:24.772,1781907264772,1328.2354,4.7,0,0,0,
2026-06-19 17:14:24.811,1781907264812,1305.1532,5.8,0,0,0,
2026-06-19 17:14:24.852,1781907264852,1305.1532,4.5,0,0,0,
2026-06-19 17:14:24.892,1781907264892,1305.1532,3.1,0,1,0,
2026-06-19 17:14:24.932,1781907264932,1305.1532,3.2,0,0,0,
2026-06-19 17:14:24.972,1781907264972,1305.1532,4.4,0,1,0,
2026-06-19 17:14:25.012,1781907265012,1305.1532,5.6,0,1,0,
2026-06-19 17:14:25.052,1781907265052,1523.8922,1.0,0,1,0,
2026-06-19 17:14:25.092,1781907265092,1523.8922,5.9,0,0,0,
2026-06-19 17:14:25.132,1781907265132,1523.8922,5.1,0,0,0,
2026-06-19 17:14:25.172,1781907265172,1523.8922,5.8,0,1,0,
2026-06-19 17:14:25.212,1781907265212,1523.8922,1.1,0,1,0,
2026-06-19 17:14:25.252,1781907265252,1523.8922,4.1,0,0,0,
2026-06-19 17:14:25.292,1781907265292,1523.8922,5.7,0,1,0,
2026-06-19 17:14:25.332,1781907265332,2113.3906,4.9,0,0,0,
2026-06-19 17:14:25.372,1781907265372,2113.3906,5.0,0,0,0,
2026-06-19 17:14:25.412,1781907265412,2113.3906,6.2,0,0,0,
2026-06-19 17:14:25.452,1781907265452,2113.3906,5.0,0,0,0,
2026-06-19 17:14:25.492,1781907265492,2113.3906,5.5,0,1,0,
2026-06-19 17:14:25.532,1781907265532,2113.3906,5.5,0,0,0,
2026-06-19 17:14:25.572,1781907265572,4139.6816,1.5,0,0,0,
2026-06-19 17:14:25.612,1781907265612,4139.6816,4.5,0,0,0,
2026-06-19 17:14:25.652,1781907265652,4139.6816,6.0,0,0,0,
2026-06-19 17:14:25.692,1781907265692,4139.6816,4.6,0,0,0,
2026-06-19 17:14:25.732,1781907265732,4139.6816,1.7,0,0,0,
2026-06-19 17:14:25.772,1781907265772,4139.6816,5.9,0,0,0,
2026-06-19 17:14:25.812,1781907265812,4139.6816,5.1,0,0,0,
2026-06-19 17:14:25.852,1781907265852,2798.5029,2.5,0,0,0,
2026-06-19 17:14:25.892,1781907265892,2798.5029,5.5,0,0,0,
2026-06-19 17:14:25.932,1781907265932,2798.5029,6.0,0,0,0,
2026-06-19 17:14:25.972,1781907265972,2798.5029,1.7,0,0,0,
2026-06-19 17:14:26.012,1781907266012,2798.5029,5.5,0,0,0,
2026-06-19 17:14:26.052,1781907266052,2798.5029,3.8,0,0,0,
2026-06-19 17:14:26.092,1781907266092,2626.6333,6.0,0,0,0,
2026-06-19 17:14:26.132,1781907266132,2626.6333,6.0,0,0,0,
2026-06-19 17:14:26.172,1781907266172,2626.6333,6.1,0,1,0,
2026-06-19 17:14:26.212,1781907266212,2626.6333,7.0,0,0,0,
2026-06-19 17:14:26.252,1781907266252,2626.6333,6.2,0,0,0,
2026-06-19 17:14:26.292,1781907266292,2626.6333,5.9,0,0,0,
2026-06-19 17:14:26.332,1781907266332,2626.6333,5.3,0,1,0,
2026-06-19 17:14:26.372,1781907266372,2643.6082,6.6,0,0,0,
2026-06-19 17:14:26.412,1781907266412,2643.6082,5.0,0,0,0,
2026-06-19 17:14:26.452,1781907266452,2643.6082,4.5,0,0,0,
2026-06-19 17:14:26.492,1781907266492,2643.6082,6.2,0,0,0,
2026-06-19 17:14:26.532,1781907266532,2643.6082,3.9,0,0,0,
2026-06-19 17:14:26.572,1781907266572,2643.6082,5.8,0,1,0,
2026-06-19 17:14:26.612,1781907266612,3143.5244,3.2,0,0,0,
2026-06-19 17:14:26.652,1781907266652,3143.5244,4.6,0,0,0,
2026-06-19 17:14:26.692,1781907266692,3143.5244,3.0,0,1,0,
2026-06-19 17:14:26.732,1781907266732,3143.5244,6.2,0,0,0,
2026-06-19 17:14:26.772,1781907266772,3143.5244,6.2,0,1,0,
2026-06-19 17:14:26.812,1781907266812,3143.5244,1.3,0,0,0,
2026-06-19 17:14:26.852,1781907266852,3143.5244,6.7,0,1,0,
2026-06-19 17:14:26.892,1781907266892,3808.7029,6.2,0,0,0,
2026-06-19 17:14:26.932,1781907266932,3808.7029,2.4,0,0,0,
2026-06-19 17:14:26.972,1781907266972,3808.7029,6.2,0,1,0,
2026-06-19 17:14:27.012,1781907267012,3808.7029,5.3,0,0,0,
2026-06-19 17:14:27.052,1781907267052,3808.7029,6.2,0,0,0,
2026-06-19 17:14:27.092,1781907267092,3808.7029,6.1,0,0,0,
2026-06-19 17:14:27.132,1781907267132,4037.9888,6.5,0,1,0,
2026-06-19 17:14:27.172,1781907267172,4037.9888,5.6,0,1,0,
2026-06-19 17:14:27.212,1781907267212,4037.9888,2.4,0,1,0,
2026-06-19 17:14:27.252,1781907267252,4037.9888,3.8,0,1,0,
2026-06-19 17:14:27.292,1781907267292,4037.9888,5.6,0,0,0,
2026-06-19 17:14:27.332,1781907267332,4037.9888,5.5,0,1,0,
2026-06-19 17:14:27.372,1781907267372,4037.9888,5.6,0,1,0,
2026-06-19 17:14:27.412,1781907267412,4131.6875,4.1,0,0,0,
2026-06-19 17:14:27.452,1781907267452,4131.6875,6.8,0,1,0,
2026-06-19 17:14:27.492,1781907267492,4131.6875,5.3,0,1,0,
2026-06-19 17:14:27.532,1781907267532,4131.6875,6.6,0,1,0,
2026-06-19 17:14:27.572,1781907267572,4131.6875,5.9,0,0,0,
2026-06-19 17:14:27.612,1781907267612,4131.6875,1.3,0,1,0,
2026-06-19 17:14:27.652,1781907267652,3992.3162,6.2,0,1,0,
2026-06-19 17:14:27.692,1781907267692,3992.3162,6.7,0,0,0,
2026-06-19 17:14:27.732,1781907267732,3992.3162,5.3,0,1,0,
2026-06-19 17:14:27.772,1781907267772,3992.3162,6.2,0,0,0,
2026-06-19 17:14:27.812,1781907267812,3992.3162,6.7,0,0,0,
2026-06-19 17:14:27.852,1781907267852,3992.3162,6.2,0,1,0,
2026-06-19 17:14:27.892,1781907267892,3992.3162,3.1,0,0,0,
2026-06-19 17:14:27.932,1781907267932,3990.6260,3.2,0,1,0,
2026-06-19 17:14:27.972,1781907267972,3990.6260,5.3,0,1,0,
2026-06-19 17:14:28.012,1781907268012,3990.6260,4.7,0,1,0,
2026-06-19 17:14:28.052,1781907268052,3990.6260,2.5,0,1,0,
2026-06-19 17:14:28.092,1781907268092,3990.6260,1.9,0,0,0,
2026-06-19 17:14:28.132,1781907268132,3990.6260,6.7,0,0,0,
2026-06-19 17:14:28.172,1781907268172,3976.7361,5.0,0,1,0,
2026-06-19 17:14:28.212,1781907268212,3976.7361,4.5,0,1,0,
2026-06-19 17:14:28.252,1781907268252,3976.7361,3.0,0,0,0,
2026-06-19 17:14:28.292,1781907268292,3976.7361,3.2,0,1,0,
2026-06-19 17:14:28.332,1781907268332,3976.7361,5.9,0,0,0,
2026-06-19 17:14:28.372,1781907268372,3976.7361,1.6,0,1,0,
2026-06-19 17:14:28.412,1781907268412,3976.7361,5.9,0,1,0,
2026-06-19 17:14:28.452,1781907268452,4060.2227,3.3,0,1,0,
2026-06-19 17:14:28.492,1781907268492,4060.2227,1.0,0,1,0,
2026-06-19 17:14:28.532,1781907268532,4060.2227,3.9,0,1,0,
2026-06-19 17:14:28.572,1781907268572,4060.2227,5.8,0,1,0,
2026-06-19 17:14:28.612,1781907268612,4060.2227,5.8,0,1,0,
2026-06-19 17:14:28.652,1781907268652,4060.2227,4.9,0,1,0,
2026-06-19 17:14:28.692,1781907268692,4346.6255,5.0,0,1,0,
2026-06-19 17:14:28.732,1781907268732,4346.6255,3.4,0,1,0,
2026-06-19 17:14:28.772,1781907268772,4346.6255,6.6,0,1,0,
2026-06-19 17:14:28.812,1781907268812,4346.6255,5.9,0,1,0,
2026-06-19 17:14:28.852,1781907268852,4346.6255,6.4,0,0,0,
2026-06-19 17:14:28.892,1781907268892,4346.6255,4.1,0,1,0,
2026-06-19 17:14:28.932,1781907268932,4346.6255,5.4,0,1,0,
2026-06-19 17:14:28.972,1781907268972,4083.8726,5.9,0,0,0,
2026-06-19 17:14:29.012,1781907269012,4083.8726,4.6,0,1,0,
2026-06-19 17:14:29.052,1781907269052,4083.8726,5.4,0,1,0,
2026-06-19 17:14:29.092,1781907269092,4083.8726,6.2,0,1,0,
2026-06-19 17:14:29.132,1781907269132,4083.8726,1.0,0,0,0,
2026-06-19 17:14:29.172,1781907269172,4083.8726,6.5,0,1,0,
2026-06-19 17:14:29.212,1781907269212,4461.4336,1.2,0,0,0,
2026-06-19 17:14:29.252,1781907269252,4461.4336,7.2,0,1,0,
2026-06-19 17:14:29.292,1781907269292,4461.4336,4.2,0,1,0,
2026-06-19 17:14:29.332,1781907269332,4461.4336,1.3,0,1,0,
2026-06-19 17:14:29.372,1781907269372,4461.4336,6.0,0,1,0,
2026-06-19 17:14:29.412,1781907269412,4461.4336,5.7,0,0,0,
2026-06-19 17:14:29.452,1781907269452,4461.4336,5.5,0,1,0,
2026-06-19 17:14:29.492,1781907269492,4477.7891,6.5,0,1,0,
2026-06-19 17:14:29.532,1781907269532,4477.7891,6.0,0,1,0,
2026-06-19 17:14:29.572,1781907269572,4477.7891,3.5,0,0,0,
2026-06-19 17:14:29.612,1781907269612,4477.7891,5.6,0,1,0,
2026-06-19 17:14:29.652,1781907269652,4477.7891,1.1,0,1,0,
2026-06-19 17:14:29.692,1781907269692,4477.7891,5.6,0,1,0,
2026-06-19 17:14:29.732,1781907269732,4598.7690,1.0,0,0,0,
2026-06-19 17:14:29.772,1781907269772,4598.7690,6.4,0,0,0,
2026-06-19 17:14:29.812,1781907269812,4598.7690,4.7,0,1,0,
2026-06-19 17:14:29.852,1781907269852,4598.7690,6.1,0,0,0,
2026-06-19 17:14:29.892,1781907269892,4598.7690,5.2,0,1,0,
2026-06-19 17:14:29.932,1781907269932,4598.7690,1.9,0,0,0,
2026-06-19 17:14:29.972,1781907269972,4598.7690,5.6,0,1,0,
2026-06-19 17:14:30.012,1781907270012,4668.1338,5.6,0,1,0,
2026-06-19 17:14:30.052,1781907270052,4668.1338,5.6,0,1,0,
2026-06-19 17:14:30.092,1781907270092,4668.1338,4.4,0,1,0,
2026-06-19 17:14:30.132,1781907270132,4668.1338,1.2,0,1,0,
2026-06-19 17:14:30.172,1781907270172,4668.1338,3.6,0,1,0,
2026-06-19 17:14:30.212,1781907270212,4668.1338,6.9,0,1,0,
2026-06-19 17:14:30.252,1781907270252,4846.0879,5.6,0,1,0,
2026-06-19 17:14:30.292,1781907270292,4846.0879,4.6,0,1,0,
2026-06-19 17:14:30.332,1781907270332,4846.0879,5.5,0,1,0,
2026-06-19 17:14:30.372,1781907270372,4846.0879,3.2,0,1,0,
2026-06-19 17:14:30.412,1781907270412,4846.0879,1.6,0,1,0,
2026-06-19 17:14:30.452,1781907270452,4846.0879,1.6,0,0,0,
2026-06-19 17:14:30.492,1781907270492,4846.0879,2.6,0,1,0,
2026-06-19 17:14:30.532,1781907270532,4810.3726,6.0,0,1,0,
2026-06-19 17:14:30.572,1781907270572,4810.3726,6.1,0,1,0,
2026-06-19 17:14:30.612,1781907270612,4810.3726,1.4,0,1,0,FUGA
2026-06-19 17:14:30.652,1781907270652,4810.3726,5.2,0,1,0,
2026-06-19 17:14:30.692,1781907270692,4810.3726,3.3,0,1,0,
2026-06-19 17:14:30.732,1781907270732,4810.3726,4.8,0,1,0,
2026-06-19 17:14:30.772,1781907270772,4824.4590,2.8,0,1,0,
2026-06-19 17:14:30.812,1781907270812,4824.4590,3.7,0,1,0,
2026-06-19 17:14:30.852,1781907270852,4824.4590,6.4,0,1,0,
2026-06-19 17:14:30.892,1781907270892,4824.4590,1.4,0,1,0,
2026-06-19 17:14:30.932,1781907270932,4824.4590,5.2,0,1,0,
2026-06-19 17:14:30.972,1781907270972,4824.4590,5.2,0,1,0,
2026-06-19 17:14:31.012,1781907271012,4824.4590,1.0,0,1,0,
2026-06-19 17:14:31.052,1781907271052,4743.2183,1.6,0,1,0,
2026-06-19 17:14:31.092,1781907271092,4743.2183,6.2,0,0,0,
2026-06-19 17:14:31.132,1781907271132,4743.2183,4.2,0,1,0,
2026-06-19 17:14:31.172,1781907271172,4743.2183,6.2,0,0,0,
2026-06-19 17:14:31.212,1781907271212,4743.2183,5.3,0,1,0,
2026-06-19 17:14:31.252,1781907271252,4743.2183,6.8,0,1,0,
2026-06-19 17:14:31.292,1781907271292,4691.8701,2.0,0,1,0,
2026-06-19 17:14:31.332,1781907271332,4691.8701,5.5,0,1,0,
2026-06-19 17:14:31.372,1781907271372,4691.8701,5.8,0,1,0,
2026-06-19 17:14:31.412,1781907271412,4691.8701,3.4,0,1,0,
2026-06-19 17:14:31.452,1781907271452,4691.8701,4.2,0,1,0,
2026-06-19 17:14:31.492,1781907271492,4691.8701,2.9,0,1,0,
2026-06-19 17:14:31.532,1781907271532,4691.8701,6.3,0,1,0,
2026-06-19 17:14:31.572,1781907271572,3988.7246,1.5,0,1,0,
2026-06-19 17:14:31.612,1781907271612,3988.7246,1.7,0,1,0,
2026-06-19 17:14:31.652,1781907271652,3988.7246,5.5,0,1,0,
2026-06-19 17:14:31.692,1781907271692,3988.7246,5.4,0,1,0,
2026-06-19 17:14:31.732,1781907271732,3988.7246,3.6,0,1,0,
2026-06-19 17:14:31.772,1781907271772,3988.7246,5.9,0,1,0,
2026-06-19 17:14:31.812,1781907271812,4244.1396,1.3,0,1,0,
2026-06-19 17:14:31.852,1781907271852,4244.1396,0.9,0,1,0,
2026-06-19 17:14:31.892,1781907271892,4244.1396,1.1,0,1,0,
2026-06-19 17:14:31.932,1781907271932,4244.1396,1.6,0,1,0,
2026-06-19 17:14:31.972,1781907271972,4244.1396,6.9,0,1,0,
2026-06-19 17:14:32.012,1781907272012,4244.1396,1.0,0,1,0,
2026-06-19 17:14:32.052,1781907272052,4244.1396,4.2,0,1,0,
2026-06-19 17:14:32.092,1781907272092,3971.5576,4.6,0,1,0,
2026-06-19 17:14:32.132,1781907272132,3971.5576,4.3,0,1,0,
2026-06-19 17:14:32.172,1781907272172,3971.5576,5.2,0,1,0,
2026-06-19 17:14:32.212,1781907272212,3971.5576,2.2,0,1,0,
2026-06-19 17:14:32.252,1781907272252,3971.5576,5.3,0,1,0,
2026-06-19 17:14:32.292,1781907272292,3971.5576,1.7,0,1,0,
2026-06-19 17:14:32.332,1781907272332,3785.6438,6.2,0,1,0,
2026-06-19 17:14:32.372,1781907272372,3785.6438,3.2,0,1,0,
2026-06-19 17:14:32.412,1781907272412,3785.6438,3.9,0,1,0,
2026-06-19 17:14:32.452,1781907272452,3785.6438,4.5,0,1,0,
2026-06-19 17:14:32.492,1781907272492,3785.6438,6.8,0,1,0,
2026-06-19 17:14:32.532,1781907272532,3785.6438,1.1,0,1,0,
2026-06-19 17:14:32.572,1781907272572,3785.6438,2.1,0,1,0,
2026-06-19 17:14:32.612,1781907272612,3300.4395,3.5,0,1,0,
2026-06-19 17:14:32.652,1781907272652,3300.4395,4.6,0,1,0,
2026-06-19 17:14:32.692,1781907272692,3300.4395,3.3,0,1,0,
2026-06-19 17:14:32.732,1781907272732,3300.4395,1.3,0,1,0,
2026-06-19 17:14:32.772,1781907272772,3300.4395,3.4,0,1,0,
2026-06-19 17:14:32.812,1781907272812,3300.4395,3.8,0,1,0,
2026-06-19 17:14:32.852,1781907272852,2466.8164,1.9,0,1,0,
2026-06-19 17:14:32.892,1781907272892,2466.8164,0.9,0,1,0,
2026-06-19 17:14:32.932,1781907272932,2466.8164,1.0,0,1,0,
2026-06-19 17:14:32.972,1781907272972,2466.8164,4.6,0,1,0,
2026-06-19 17:14:33.012,1781907273012,2466.8164,2.6,0,1,0,
2026-06-19 17:14:33.052,1781907273052,2466.8164,5.2,0,1,0,
2026-06-19 17:14:33.092,1781907273092,2466.8164,5.3,0,1,0,
2026-06-19 17:14:33.132,1781907273132,2083.8838,3.7,0,1,0,
2026-06-19 17:14:33.172,1781907273172,2083.8838,7.6,0,1,0,
2026-06-19 17:14:33.212,1781907273212,2083.8838,1.4,0,1,0,
2026-06-19 17:14:33.252,1781907273252,2083.8838,5.1,0,1,0,
2026-06-19 17:14:33.292,1781907273292,2083.8838,2.9,0,1,0,
2026-06-19 17:14:33.332,1781907273332,2083.8838,5.0,0,1,0,
2026-06-19 17:14:33.372,1781907273372,2789.9087,4.2,0,1,0,
2026-06-19 17:14:33.412,1781907273412,2789.9087,5.1,0,1,0,
2026-06-19 17:14:33.452,1781907273452,2789.9087,4.2,0,1,0,
2026-06-19 17:14:33.492,1781907273492,2789.9087,6.3,0,1,0,
2026-06-19 17:14:33.532,1781907273532,2789.9087,5.9,0,1,0,
2026-06-19 17:14:33.572,1781907273572,2789.9087,4.3,0,1,0,
2026-06-19 17:14:33.612,1781907273612,2789.9087,7.3,0,1,0,
2026-06-19 17:14:33.652,1781907273652,3007.7676,3.7,0,1,0,
2026-06-19 17:14:33.692,1781907273692,3007.7676,6.3,0,1,0,
2026-06-19 17:14:33.732,1781907273732,3007.7676,2.3,0,1,0,
2026-06-19 17:14:33.772,1781907273772,3007.7676,2.6,0,1,0,
2026-06-19 17:14:33.812,1781907273812,3007.7676,6.8,0,1,0,
2026-06-19 17:14:33.852,1781907273852,3007.7676,5.1,0,1,0,
2026-06-19 17:14:33.892,1781907273892,1903.1823,6.7,0,1,0,
2026-06-19 17:14:33.932,1781907273932,1903.1823,6.8,0,1,0,
2026-06-19 17:14:33.972,1781907273972,1903.1823,4.5,0,1,0,
2026-06-19 17:14:34.012,1781907274012,1903.1823,7.3,0,1,0,
2026-06-19 17:14:34.052,1781907274052,1903.1823,6.8,0,1,0,
2026-06-19 17:14:34.092,1781907274092,1903.1823,3.8,0,1,0,
2026-06-19 17:14:34.132,1781907274132,1903.1823,5.1,0,1,0,
2026-06-19 17:14:34.172,1781907274172,1285.5558,5.0,0,1,1,
2026-06-19 17:14:34.212,1781907274212,1285.5558,8.0,0,0,0,
2026-06-19 17:14:34.252,1781907274252,1285.5558,6.9,0,0,0,
2026-06-19 17:14:34.292,1781907274292,1285.5558,6.9,0,1,0,
2026-06-19 17:14:34.332,1781907274332,1285.5558,7.7,0,1,0,
2026-06-19 17:14:34.372,1781907274372,1285.5558,5.2,0,1,0,
2026-06-19 17:14:34.412,1781907274412,1192.8546,6.3,0,1,0,
2026-06-19 17:14:34.452,1781907274452,1192.8546,3.4,0,1,0,
2026-06-19 17:14:34.492,1781907274492,1192.8546,6.0,0,1,0,
2026-06-19 17:14:34.532,1781907274532,1192.8546,6.4,0,1,0,
2026-06-19 17:14:34.572,1781907274572,1192.8546,6.3,0,1,0,
2026-06-19 17:14:34.612,1781907274612,1192.8546,6.3,0,1,0,
2026-06-19 17:14:34.652,1781907274652,1192.8546,5.9,0,1,0,
2026-06-19 17:14:34.692,1781907274692,1137.4561,6.4,0,1,0,
2026-06-19 17:14:34.732,1781907274732,1137.4561,6.9,0,1,0,
2026-06-19 17:14:34.772,1781907274772,1137.4561,7.3,0,1,0,
2026-06-19 17:14:34.812,1781907274812,1137.4561,5.2,0,1,0,
2026-06-19 17:14:34.852,1781907274852,1137.4561,6.3,0,1,0,
2026-06-19 17:14:34.892,1781907274892,1137.4561,6.6,0,1,0,
2026-06-19 17:14:34.932,1781907274932,1184.2743,7.0,0,1,0,
2026-06-19 17:14:34.972,1781907274972,1184.2743,7.4,0,1,0,
2026-06-19 17:14:35.012,1781907275012,1184.2743,5.2,0,1,0,
2026-06-19 17:14:35.052,1781907275052,1184.2743,6.0,0,1,0,
2026-06-19 17:14:35.092,1781907275092,1184.2743,5.8,0,0,0,
2026-06-19 17:14:35.132,1781907275132,1184.2743,6.0,0,1,0,
2026-06-19 17:14:35.172,1781907275172,1184.2743,7.0,0,1,0,
2026-06-19 17:14:35.212,1781907275212,1177.8872,6.6,0,1,0,
2026-06-19 17:14:35.252,1781907275252,1177.8872,6.2,0,1,0,
2026-06-19 17:14:35.292,1781907275292,1177.8872,6.9,0,0,0,
2026-06-19 17:14:35.332,1781907275332,1177.8872,6.6,0,1,0,
2026-06-19 17:14:35.372,1781907275372,1177.8872,6.6,0,1,0,
2026-06-19 17:14:35.412,1781907275412,1177.8872,6.6,0,1,0,
2026-06-19 17:14:35.452,1781907275452,1176.8560,6.9,0,0,0,
2026-06-19 17:14:35.492,1781907275492,1176.8560,6.5,0,1,0,
2026-06-19 17:14:35.532,1781907275532,1176.8560,6.4,0,1,0,
2026-06-19 17:14:35.572,1781907275572,1176.8560,6.5,0,1,0,
2026-06-19 17:14:35.612,1781907275612,1176.8560,5.2,0,1,0,
2026-06-19 17:14:35.652,1781907275652,1176.8560,6.5,0,1,0,
2026-06-19 17:14:35.692,1781907275692,1176.8560,6.0,0,1,0,
2026-06-19 17:14:35.732,1781907275732,2007.2039,6.1,0,0,0,
2026-06-19 17:14:35.772,1781907275772,2007.2039,6.5,0,1,0,
2026-06-19 17:14:35.812,1781907275812,2007.2039,6.4,0,1,0,
2026-06-19 17:14:35.852,1781907275852,2007.2039,5.6,0,0,0,
2026-06-19 17:14:35.892,1781907275892,2007.2039,6.4,0,1,0,
2026-06-19 17:14:35.932,1781907275932,2007.2039,6.4,0,1,0,
2026-06-19 17:14:35.972,1781907275972,2675.9331,6.0,0,0,0,
2026-06-19 17:14:36.012,1781907276012,2675.9331,2.9,0,0,0,
2026-06-19 17:14:36.052,1781907276052,2675.9331,5.5,0,0,0,
2026-06-19 17:14:36.092,1781907276092,2675.9331,6.4,0,1,0,
2026-06-19 17:14:36.132,1781907276132,2675.9331,6.4,0,0,0,
2026-06-19 17:14:36.172,1781907276172,2675.9331,5.9,0,1,0,
2026-06-19 17:14:36.212,1781907276212,2675.9331,6.0,0,1,0,
2026-06-19 17:14:36.252,1781907276252,2700.3535,6.4,0,1,0,
2026-06-19 17:14:36.292,1781907276292,2700.3535,6.5,0,1,0,
2026-06-19 17:14:36.332,1781907276332,2700.3535,5.9,0,1,0,
2026-06-19 17:14:36.372,1781907276372,2700.3535,6.0,0,1,0,
2026-06-19 17:14:36.412,1781907276412,2700.3535,5.6,0,1,0,
2026-06-19 17:14:36.452,1781907276452,2700.3535,4.6,0,1,0,
2026-06-19 17:14:36.492,1781907276492,3170.1938,4.6,0,1,0,
2026-06-19 17:14:36.532,1781907276532,3170.1938,6.4,0,1,0,
2026-06-19 17:14:36.572,1781907276572,3170.1938,5.5,0,1,0,
2026-06-19 17:14:36.612,1781907276612,3170.1938,4.6,0,1,0,
2026-06-19 17:14:36.652,1781907276652,3170.1938,5.1,0,1,0,
2026-06-19 17:14:36.692,1781907276692,3170.1938,5.9,0,1,0,
2026-06-19 17:14:36.732,1781907276732,3170.1938,5.9,0,1,0,
2026-06-19 17:14:36.772,1781907276772,3803.3708,6.3,0,1,0,
2026-06-19 17:14:36.812,1781907276812,3803.3708,5.5,0,1,0,
2026-06-19 17:14:36.852,1781907276852,3803.3708,5.9,0,0,0,
2026-06-19 17:14:36.892,1781907276892,3803.3708,4.7,0,1,0,
2026-06-19 17:14:36.932,1781907276932,3803.3708,5.4,0,1,0,
2026-06-19 17:14:36.972,1781907276972,3803.3708,5.8,0,0,0,
2026-06-19 17:14:37.012,1781907277012,6412.6387,3.7,0,1,0,
2026-06-19 17:14:37.052,1781907277052,6412.6387,6.3,0,1,0,
2026-06-19 17:14:37.092,1781907277092,6412.6387,5.8,0,1,0,
2026-06-19 17:14:37.132,1781907277132,6412.6387,5.4,0,1,0,
2026-06-19 17:14:37.172,1781907277172,6412.6387,5.4,0,1,0,
2026-06-19 17:14:37.212,1781907277212,6412.6387,5.8,0,1,0,
2026-06-19 17:14:37.252,1781907277252,6412.6387,5.4,0,1,0,
2026-06-19 17:14:37.292,1781907277292,7336.8374,5.9,0,1,0,
2026-06-19 17:14:37.332,1781907277332,7336.8374,5.8,0,1,0,
2026-06-19 17:14:37.372,1781907277372,7336.8374,4.2,0,1,0,
2026-06-19 17:14:37.412,1781907277412,7336.8374,5.1,0,1,0,
2026-06-19 17:14:37.452,1781907277452,7336.8374,2.6,0,0,0,
2026-06-19 17:14:37.492,1781907277492,7336.8374,5.7,0,1,0,
2026-06-19 17:14:37.532,1781907277532,7065.6714,5.5,0,1,0,
2026-06-19 17:14:37.572,1781907277572,7065.6714,5.8,0,1,0,
2026-06-19 17:14:37.612,1781907277612,7065.6714,3.9,0,1,0,
2026-06-19 17:14:37.652,1781907277652,7065.6714,5.9,0,1,0,
2026-06-19 17:14:37.692,1781907277692,7065.6714,6.0,0,0,0,
2026-06-19 17:14:37.732,1781907277732,7065.6714,5.5,0,1,0,
2026-06-19 17:14:37.772,1781907277772,7065.6714,6.0,0,1,0,
2026-06-19 17:14:37.812,1781907277812,4174.3213,5.9,0,1,0,
2026-06-19 17:14:37.852,1781907277852,4174.3213,5.5,0,1,0,
2026-06-19 17:14:37.892,1781907277892,4174.3213,3.4,0,0,0,
2026-06-19 17:14:37.932,1781907277932,4174.3213,4.2,0,1,0,
2026-06-19 17:14:37.972,1781907277972,4174.3213,5.1,0,0,0,
2026-06-19 17:14:38.012,1781907278012,4174.3213,6.3,0,1,0,
2026-06-19 17:14:38.052,1781907278052,3966.9761,5.5,0,1,0,
2026-06-19 17:14:38.092,1781907278092,3966.9761,5.4,0,1,0,
2026-06-19 17:14:38.132,1781907278132,3966.9761,6.3,0,1,0,
2026-06-19 17:14:38.172,1781907278172,3966.9761,5.1,0,1,0,
2026-06-19 17:14:38.212,1781907278212,3966.9761,5.4,0,1,0,
2026-06-19 17:14:38.252,1781907278252,3966.9761,5.1,0,1,0,
2026-06-19 17:14:38.292,1781907278292,3966.9761,5.9,0,1,0,
2026-06-19 17:14:38.332,1781907278332,3837.2178,5.9,0,1,0,
2026-06-19 17:14:38.372,1781907278372,3837.2178,4.6,0,1,0,
2026-06-19 17:14:38.412,1781907278412,3837.2178,5.5,0,0,0,
2026-06-19 17:14:38.452,1781907278452,3837.2178,5.5,0,1,0,
2026-06-19 17:14:38.492,1781907278492,3837.2178,3.9,0,1,0,
2026-06-19 17:14:38.532,1781907278532,3837.2178,6.0,0,1,0,
2026-06-19 17:14:38.572,1781907278572,4307.6494,5.9,0,1,0,
2026-06-19 17:14:38.612,1781907278612,4307.6494,5.4,0,1,0,
2026-06-19 17:14:38.652,1781907278652,4307.6494,1.3,0,1,0,
2026-06-19 17:14:38.692,1781907278692,4307.6494,5.9,0,1,0,
2026-06-19 17:14:38.732,1781907278732,4307.6494,1.2,0,1,0,
2026-06-19 17:14:38.772,1781907278772,4307.6494,4.8,0,1,0,
2026-06-19 17:14:38.812,1781907278812,4307.6494,4.5,0,1,0,
2026-06-19 17:14:38.852,1781907278852,4241.6719,1.3,0,1,0,
2026-06-19 17:14:38.892,1781907278892,4241.6719,5.4,0,1,0,
2026-06-19 17:14:38.932,1781907278932,4241.6719,6.3,0,1,0,
2026-06-19 17:14:38.972,1781907278972,4241.6719,3.6,0,1,0,
2026-06-19 17:14:39.012,1781907279012,4241.6719,5.8,0,0,0,
2026-06-19 17:14:39.052,1781907279052,4241.6719,4.3,0,1,0,
2026-06-19 17:14:39.092,1781907279092,4242.3848,5.7,0,0,0,
2026-06-19 17:14:39.132,1781907279132,4242.3848,3.5,0,1,0,
2026-06-19 17:14:39.172,1781907279172,4242.3848,5.7,0,1,0,
2026-06-19 17:14:39.212,1781907279212,4242.3848,4.7,0,1,0,
2026-06-19 17:14:39.252,1781907279252,4242.3848,6.5,0,1,0,
2026-06-19 17:14:39.292,1781907279292,4242.3848,6.7,0,1,0,
2026-06-19 17:14:39.332,1781907279332,4242.3848,6.7,0,1,0,
2026-06-19 17:14:39.372,1781907279372,3972.9775,6.5,0,1,0,
2026-06-19 17:14:39.412,1781907279412,3972.9775,5.6,0,0,0,
2026-06-19 17:14:39.452,1781907279452,3972.9775,5.6,0,0,0,
2026-06-19 17:14:39.492,1781907279492,3972.9775,6.0,0,0,0,
2026-06-19 17:14:39.532,1781907279532,3972.9775,6.0,0,0,0,
2026-06-19 17:14:39.572,1781907279572,3972.9775,5.6,0,1,0,
2026-06-19 17:14:39.612,1781907279612,6957.8643,5.5,0,1,0,
2026-06-19 17:14:39.652,1781907279652,6957.8643,5.0,0,1,0,
2026-06-19 17:14:39.692,1781907279692,6957.8643,5.1,0,0,0,
2026-06-19 17:14:39.732,1781907279732,6957.8643,5.5,0,1,0,
2026-06-19 17:14:39.772,1781907279772,6957.8643,5.2,0,1,0,
2026-06-19 17:14:39.812,1781907279812,6957.8643,5.9,0,0,0,
2026-06-19 17:14:39.852,1781907279852,6957.8643,5.1,0,1,0,
2026-06-19 17:14:39.892,1781907279892,8130.5430,5.5,0,1,0,
2026-06-19 17:14:39.932,1781907279932,8130.5430,5.9,0,0,0,
2026-06-19 17:14:39.972,1781907279972,8130.5430,5.1,0,0,0,
2026-06-19 17:14:40.012,1781907280012,8130.5430,6.1,0,1,0,
2026-06-19 17:14:40.052,1781907280052,8130.5430,6.1,0,1,0,
2026-06-19 17:14:40.092,1781907280092,8130.5430,6.9,0,1,0,
2026-06-19 17:14:40.132,1781907280132,8334.9463,6.6,0,1,0,
2026-06-19 17:14:40.172,1781907280172,8334.9463,4.1,0,0,0,
2026-06-19 17:14:40.212,1781907280212,8334.9463,6.2,0,1,0,
2026-06-19 17:14:40.252,1781907280252,8334.9463,6.1,0,1,0,
2026-06-19 17:14:40.292,1781907280292,8334.9463,6.7,0,1,0,
2026-06-19 17:14:40.332,1781907280332,8334.9463,4.9,0,0,0,
2026-06-19 17:14:40.372,1781907280372,8334.9463,6.1,0,1,0,
2026-06-19 17:14:40.412,1781907280412,8036.8184,6.1,0,1,0,
2026-06-19 17:14:40.452,1781907280452,8036.8184,5.6,0,1,0,
2026-06-19 17:14:40.492,1781907280492,8036.8184,6.5,0,1,0,
2026-06-19 17:14:40.532,1781907280532,8036.8184,5.7,0,1,0,
2026-06-19 17:14:40.572,1781907280572,8036.8184,5.8,0,1,0,
2026-06-19 17:14:40.612,1781907280612,8036.8184,6.1,0,1,0,
2026-06-19 17:14:40.652,1781907280652,7762.7939,6.5,0,1,0,
2026-06-19 17:14:40.692,1781907280692,7762.7939,6.1,0,1,0,
2026-06-19 17:14:40.732,1781907280732,7762.7939,5.7,0,1,0,
2026-06-19 17:14:40.772,1781907280772,7762.7939,6.1,0,1,0,
2026-06-19 17:14:40.812,1781907280812,7762.7939,6.1,0,1,0,
2026-06-19 17:14:40.852,1781907280852,7762.7939,6.1,0,1,0,
2026-06-19 17:14:40.892,1781907280892,7762.7939,6.2,0,0,0,
2026-06-19 17:14:40.932,1781907280932,7435.8623,6.6,0,1,0,
2026-06-19 17:14:40.972,1781907280972,7435.8623,6.1,0,0,0,
2026-06-19 17:14:41.012,1781907281012,7435.8623,6.1,0,1,0,
2026-06-19 17:14:41.052,1781907281052,7435.8623,6.6,0,0,0,
2026-06-19 17:14:41.092,1781907281092,7435.8623,5.7,0,1,0,
2026-06-19 17:14:41.132,1781907281132,7435.8623,6.6,0,1,0,
2026-06-19 17:14:41.172,1781907281172,7928.6436,6.1,0,0,0,
2026-06-19 17:14:41.212,1781907281212,7928.6436,6.4,0,0,0,
2026-06-19 17:14:41.252,1781907281252,7928.6436,5.8,0,1,0,
2026-06-19 17:14:41.292,1781907281292,7928.6436,6.1,0,1,0,
2026-06-19 17:14:41.332,1781907281332,7928.6436,5.8,0,1,0,
2026-06-19 17:14:41.372,1781907281372,7928.6436,6.1,0,1,0,
2026-06-19 17:14:41.412,1781907281412,7928.6436,6.2,0,1,0,
2026-06-19 17:14:41.452,1781907281452,8197.6279,6.1,0,1,0,
2026-06-19 17:14:41.492,1781907281492,8197.6279,6.5,0,1,0,
2026-06-19 17:14:41.532,1781907281533,8197.6279,6.6,0,1,0,
2026-06-19 17:14:41.572,1781907281572,8197.6279,6.2,0,0,0,
2026-06-19 17:14:41.612,1781907281612,8197.6279,6.6,0,1,0,
2026-06-19 17:14:41.652,1781907281652,8197.6279,6.2,0,0,0,
2026-06-19 17:14:41.692,1781907281692,7663.5244,5.7,0,1,0,
2026-06-19 17:14:41.732,1781907281732,7663.5244,6.0,0,1,0,FUGA
2026-06-19 17:14:41.773,1781907281773,7663.5244,5.7,0,0,0,
2026-06-19 17:14:41.812,1781907281812,7663.5244,6.1,0,1,0,
2026-06-19 17:14:41.852,1781907281852,7663.5244,6.6,0,1,0,
2026-06-19 17:14:41.892,1781907281892,7663.5244,5.7,0,1,0,
2026-06-19 17:14:41.932,1781907281932,7663.5244,5.8,0,1,0,
2026-06-19 17:14:41.972,1781907281972,7749.0068,6.2,0,1,0,
2026-06-19 17:14:42.012,1781907282012,7749.0068,6.2,0,1,0,
2026-06-19 17:14:42.052,1781907282052,7749.0068,5.8,0,1,0,
2026-06-19 17:14:42.093,1781907282093,7749.0068,5.8,0,1,0,
2026-06-19 17:14:42.132,1781907282132,7749.0068,6.1,0,1,0,
2026-06-19 17:14:42.172,1781907282172,7749.0068,6.6,0,1,0,
2026-06-19 17:14:42.212,1781907282212,7898.9810,6.1,0,0,0,
2026-06-19 17:14:42.252,1781907282252,7898.9810,6.4,0,1,0,
2026-06-19 17:14:42.293,1781907282293,7898.9810,6.7,0,1,0,
2026-06-19 17:14:42.332,1781907282332,7898.9810,6.2,0,1,0,
2026-06-19 17:14:42.372,1781907282372,7898.9810,4.2,0,1,0,
2026-06-19 17:14:42.412,1781907282412,7898.9810,5.8,0,1,0,
2026-06-19 17:14:42.452,1781907282452,7898.9810,5.3,0,1,0,
2026-06-19 17:14:42.492,1781907282492,7637.6006,3.7,0,0,0,
2026-06-19 17:14:42.532,1781907282532,7637.6006,5.4,0,1,0,
2026-06-19 17:14:42.572,1781907282572,7637.6006,6.1,0,1,0,
2026-06-19 17:14:42.612,1781907282612,7637.6006,1.0,0,1,0,
2026-06-19 17:14:42.652,1781907282652,7637.6006,5.3,0,1,0,
2026-06-19 17:14:42.692,1781907282692,7637.6006,6.7,0,1,0,
2026-06-19 17:14:42.732,1781907282732,4425.2417,4.1,0,1,0,
2026-06-19 17:14:42.772,1781907282772,4425.2417,6.2,0,1,0,
2026-06-19 17:14:42.813,1781907282813,4425.2417,5.7,0,1,0,
2026-06-19 17:14:42.852,1781907282852,4425.2417,5.9,0,0,0,
2026-06-19 17:14:42.892,1781907282892,4425.2417,3.0,0,0,0,
2026-06-19 17:14:42.932,1781907282932,4425.2417,5.1,0,1,0,
2026-06-19 17:14:42.973,1781907282973,4425.2417,6.2,0,1,0,
2026-06-19 17:14:43.013,1781907283013,4336.8711,6.3,0,1,0,
2026-06-19 17:14:43.052,1781907283052,4336.8711,5.9,0,1,0,
2026-06-19 17:14:43.092,1781907283092,4336.8711,4.3,0,0,0,
2026-06-19 17:14:43.132,1781907283132,4336.8711,5.9,0,1,0,
2026-06-19 17:14:43.172,1781907283172,4336.8711,6.3,0,1,0,
2026-06-19 17:14:43.212,1781907283212,4336.8711,2.4,0,1,0,
2026-06-19 17:14:43.252,1781907283252,4614.6592,6.8,0,1,0,
2026-06-19 17:14:43.292,1781907283292,4614.6592,6.9,0,1,0,
2026-06-19 17:14:43.332,1781907283332,4614.6592,6.6,0,1,0,
2026-06-19 17:14:43.373,1781907283373,4614.6592,5.8,0,1,0,
2026-06-19 17:14:43.412,1781907283412,4614.6592,7.4,0,0,0,
2026-06-19 17:14:43.452,1781907283452,4614.6592,6.5,0,0,0,
2026-06-19 17:14:43.492,1781907283492,4614.6592,6.4,0,0,0,
2026-06-19 17:14:43.532,1781907283532,4464.8975,1.0,0,0,0,
2026-06-19 17:14:43.572,1781907283572,4464.8975,3.4,0,1,0,
2026-06-19 17:14:43.612,1781907283612,4464.8975,6.7,0,0,0,
2026-06-19 17:14:43.653,1781907283653,4464.8975,6.1,0,1,0,
2026-06-19 17:14:43.692,1781907283692,4464.8975,6.1,0,0,0,
2026-06-19 17:14:43.732,1781907283732,4464.8975,2.5,0,0,0,
2026-06-19 17:14:43.772,1781907283772,4918.0352,5.3,0,0,0,
2026-06-19 17:14:43.812,1781907283813,4918.0352,1.1,0,0,0,
2026-06-19 17:14:43.852,1781907283852,4918.0352,6.0,0,1,0,
2026-06-19 17:14:43.892,1781907283892,4918.0352,5.4,0,1,0,
2026-06-19 17:14:43.933,1781907283933,4918.0352,2.4,0,0,0,
2026-06-19 17:14:43.972,1781907283972,4918.0352,2.5,0,1,0,
2026-06-19 17:14:44.012,1781907284012,4918.0352,4.5,0,0,0,
2026-06-19 17:14:44.052,1781907284052,5081.0156,6.2,0,1,0,
2026-06-19 17:14:44.092,1781907284092,5081.0156,1.7,0,0,0,
2026-06-19 17:14:44.132,1781907284132,5081.0156,0.9,0,1,0,
2026-06-19 17:14:44.172,1781907284172,5081.0156,7.0,0,0,0,
2026-06-19 17:14:44.212,1781907284212,5081.0156,6.1,0,0,0,
2026-06-19 17:14:44.252,1781907284252,5081.0156,5.7,0,0,0,
2026-06-19 17:14:44.292,1781907284292,3993.7627,4.1,0,1,0,
2026-06-19 17:14:44.333,1781907284333,3993.7627,1.4,0,0,0,
2026-06-19 17:14:44.372,1781907284372,3993.7627,0.9,0,1,0,
2026-06-19 17:14:44.412,1781907284412,3993.7627,4.8,0,0,0,
2026-06-19 17:14:44.452,1781907284452,3993.7627,1.4,0,0,0,
2026-06-19 17:14:44.492,1781907284493,3993.7627,1.1,0,0,0,
2026-06-19 17:14:44.533,1781907284533,3993.7627,5.5,0,0,0,
2026-06-19 17:14:44.573,1781907284573,3897.8076,6.3,0,0,0,
2026-06-19 17:14:44.612,1781907284612,3897.8076,0.9,0,1,0,
2026-06-19 17:14:44.652,1781907284653,3897.8076,2.9,0,0,0,
2026-06-19 17:14:44.692,1781907284692,3897.8076,1.1,0,1,0,
2026-06-19 17:14:44.732,1781907284732,3897.8076,4.7,0,0,0,
2026-06-19 17:14:44.772,1781907284772,3897.8076,4.3,0,0,0,
2026-06-19 17:14:44.813,1781907284813,6818.4897,4.9,0,0,0,
2026-06-19 17:14:44.852,1781907284852,6818.4897,1.0,0,0,0,
2026-06-19 17:14:44.892,1781907284892,6818.4897,7.0,0,0,0,
2026-06-19 17:14:44.933,1781907284933,6818.4897,6.1,0,0,0,
2026-06-19 17:14:44.972,1781907284972,6818.4897,2.2,0,0,0,
2026-06-19 17:14:45.012,1781907285012,6818.4897,5.7,0,1,0,
2026-06-19 17:14:45.052,1781907285052,6818.4897,2.3,0,0,0,
2026-06-19 17:14:45.093,1781907285093,7825.2534,1.8,0,1,0,
2026-06-19 17:14:45.132,1781907285132,7825.2534,1.6,0,0,0,
2026-06-19 17:14:45.172,1781907285172,7825.2534,1.2,0,1,0,
2026-06-19 17:14:45.213,1781907285213,7825.2534,2.5,0,0,0,
2026-06-19 17:14:45.252,1781907285252,7825.2534,4.1,0,0,0,
2026-06-19 17:14:45.292,1781907285293,7825.2534,5.9,0,0,0,
2026-06-19 17:14:45.332,1781907285332,4989.1851,4.2,0,0,0,
2026-06-19 17:14:45.372,1781907285372,4989.1851,6.3,0,0,0,
2026-06-19 17:14:45.412,1781907285412,4989.1851,5.4,0,0,0,
2026-06-19 17:14:45.452,1781907285452,4989.1851,5.8,0,0,0,
2026-06-19 17:14:45.492,1781907285493,4989.1851,5.8,0,0,0,
2026-06-19 17:14:45.532,1781907285532,4989.1851,6.8,0,0,0,
2026-06-19 17:14:45.573,1781907285573,4989.1851,1.3,0,0,0,
2026-06-19 17:14:45.613,1781907285613,4811.5078,1.3,0,0,0,
2026-06-19 17:14:45.652,1781907285652,4811.5078,4.0,0,1,0,
2026-06-19 17:14:45.692,1781907285693,4811.5078,2.0,0,0,0,
2026-06-19 17:14:45.732,1781907285732,4811.5078,1.1,0,0,0,
2026-06-19 17:14:45.773,1781907285773,4811.5078,6.4,0,0,0,
2026-06-19 17:14:45.813,1781907285813,4811.5078,5.4,0,0,0,
2026-06-19 17:14:45.853,1781907285853,4644.5527,5.8,0,0,0,
2026-06-19 17:14:45.892,1781907285892,4644.5527,5.0,0,0,0,
2026-06-19 17:14:45.932,1781907285932,4644.5527,1.0,0,0,0,
2026-06-19 17:14:45.972,1781907285972,4644.5527,1.3,0,0,0,
2026-06-19 17:14:46.012,1781907286012,4644.5527,4.4,0,0,0,
2026-06-19 17:14:46.053,1781907286053,4644.5527,6.7,0,0,0,
2026-06-19 17:14:46.093,1781907286093,4644.5527,3.3,0,0,0,
2026-06-19 17:14:46.133,1781907286133,4976.3154,2.1,0,0,0,
2026-06-19 17:14:46.173,1781907286173,4976.3154,3.3,0,0,0,
2026-06-19 17:14:46.212,1781907286212,4976.3154,1.0,0,0,0,
2026-06-19 17:14:46.252,1781907286252,4976.3154,6.2,0,0,0,
2026-06-19 17:14:46.292,1781907286292,4976.3154,3.8,0,0,0,
2026-06-19 17:14:46.333,1781907286333,4976.3154,4.2,0,0,0,
2026-06-19 17:14:46.372,1781907286372,5586.8965,5.0,0,1,0,
2026-06-19 17:14:46.413,1781907286413,5586.8965,3.3,0,0,0,
2026-06-19 17:14:46.453,1781907286453,5586.8965,1.4,0,0,0,
2026-06-19 17:14:46.493,1781907286493,5586.8965,1.3,0,0,0,
2026-06-19 17:14:46.532,1781907286532,5586.8965,1.4,0,0,0,
2026-06-19 17:14:46.572,1781907286572,5586.8965,3.6,0,0,0,
2026-06-19 17:14:46.612,1781907286612,5586.8965,3.9,0,0,0,
2026-06-19 17:14:46.652,1781907286652,4074.9128,1.3,0,0,0,
2026-06-19 17:14:46.692,1781907286692,4074.9128,1.0,0,1,0,
2026-06-19 17:14:46.732,1781907286732,4074.9128,5.1,0,1,0,
2026-06-19 17:14:46.772,1781907286773,4074.9128,5.1,0,0,0,
2026-06-19 17:14:46.812,1781907286812,4074.9128,5.9,0,0,0,
2026-06-19 17:14:46.852,1781907286852,4074.9128,1.1,0,1,0,
2026-06-19 17:14:46.892,1781907286893,1705.0109,1.0,0,1,0,
2026-06-19 17:14:46.932,1781907286932,1705.0109,6.1,0,1,0,
2026-06-19 17:14:46.973,1781907286973,1705.0109,6.2,0,1,0,
2026-06-19 17:14:47.013,1781907287013,1705.0109,7.3,0,0,0,
2026-06-19 17:14:47.053,1781907287053,1705.0109,6.5,0,0,0,
2026-06-19 17:14:47.092,1781907287092,1705.0109,3.7,0,0,0,
2026-06-19 17:14:47.133,1781907287133,1705.0109,6.6,0,0,0,
2026-06-19 17:14:47.172,1781907287173,1378.2482,1.6,0,0,0,
2026-06-19 17:14:47.213,1781907287213,1378.2482,4.2,0,1,0,
2026-06-19 17:14:47.252,1781907287252,1378.2482,4.7,0,0,0,
2026-06-19 17:14:47.292,1781907287292,1378.2482,1.6,0,0,0,
2026-06-19 17:14:47.332,1781907287332,1378.2482,7.0,0,0,0,
2026-06-19 17:14:47.372,1781907287372,1378.2482,4.5,0,0,0,
2026-06-19 17:14:47.413,1781907287413,1163.9014,1.2,0,0,0,
2026-06-19 17:14:47.453,1781907287453,1163.9014,6.2,0,0,0,
2026-06-19 17:14:47.493,1781907287493,1163.9014,3.0,0,0,0,
2026-06-19 17:14:47.533,1781907287533,1163.9014,4.7,0,0,0,
2026-06-19 17:14:47.572,1781907287572,1163.9014,1.5,0,0,0,
2026-06-19 17:14:47.612,1781907287612,1163.9014,6.1,0,0,0,
2026-06-19 17:14:47.652,1781907287652,1163.9014,6.7,0,0,0,
2026-06-19 17:14:47.693,1781907287693,1209.0226,6.7,0,0,0,
2026-06-19 17:14:47.733,1781907287733,1209.0226,1.1,0,1,0,
2026-06-19 17:14:47.773,1781907287773,1209.0226,3.1,0,1,0,
2026-06-19 17:14:47.812,1781907287813,1209.0226,6.6,0,1,0,
2026-06-19 17:14:47.852,1781907287852,1209.0226,6.6,0,1,0,
2026-06-19 17:14:47.892,1781907287893,1209.0226,6.1,0,1,0,
2026-06-19 17:14:47.933,1781907287933,1316.2192,6.5,0,1,0,
2026-06-19 17:14:47.973,1781907287973,1316.2192,7.0,0,1,0,
2026-06-19 17:14:48.012,1781907288012,1316.2192,6.1,0,1,0,
2026-06-19 17:14:48.052,1781907288052,1316.2192,6.1,0,0,0,
2026-06-19 17:14:48.092,1781907288092,1316.2192,6.0,0,0,0,
2026-06-19 17:14:48.133,1781907288133,1316.2192,6.4,0,0,0,
2026-06-19 17:14:48.173,1781907288173,1316.2192,5.1,0,1,0,
2026-06-19 17:14:48.213,1781907288213,1609.8306,5.5,0,1,0,
2026-06-19 17:14:48.252,1781907288252,1609.8306,6.3,0,0,0,
2026-06-19 17:14:48.292,1781907288292,1609.8306,6.2,0,1,0,
2026-06-19 17:14:48.333,1781907288333,1609.8306,5.8,0,0,0,
2026-06-19 17:14:48.373,1781907288373,1609.8306,6.4,0,0,0,
2026-06-19 17:14:48.413,1781907288413,1609.8306,5.5,0,0,0,
2026-06-19 17:14:48.453,1781907288453,2281.5305,5.0,0,0,0,
2026-06-19 17:14:48.493,1781907288493,2281.5305,3.7,0,0,0,
2026-06-19 17:14:48.533,1781907288533,2281.5305,5.1,0,0,0,
2026-06-19 17:14:48.573,1781907288573,2281.5305,5.8,0,0,0,
2026-06-19 17:14:48.613,1781907288613,2281.5305,5.3,0,0,0,
2026-06-19 17:14:48.653,1781907288653,2281.5305,5.3,0,0,0,
2026-06-19 17:14:48.693,1781907288693,2281.5305,5.4,0,0,0,
2026-06-19 17:14:48.733,1781907288733,1794.2494,4.9,0,0,0,
2026-06-19 17:14:48.772,1781907288772,1794.2494,5.9,0,0,0,
2026-06-19 17:14:48.813,1781907288813,1794.2494,4.5,0,0,0,
2026-06-19 17:14:48.853,1781907288853,1794.2494,4.7,0,0,0,
2026-06-19 17:14:48.893,1781907288893,1794.2494,4.6,0,0,0,
2026-06-19 17:14:48.933,1781907288933,1794.2494,5.6,0,0,0,
2026-06-19 17:14:48.973,1781907288973,1658.8088,5.0,0,0,0,
2026-06-19 17:14:49.012,1781907289012,1658.8088,5.4,0,0,0,
2026-06-19 17:14:49.053,1781907289053,1658.8088,5.1,0,0,0,
2026-06-19 17:14:49.092,1781907289092,1658.8088,6.4,0,0,0,
2026-06-19 17:14:49.133,1781907289133,1658.8088,3.9,0,0,0,
2026-06-19 17:14:49.173,1781907289173,1658.8088,5.1,0,0,0,
2026-06-19 17:14:49.213,1781907289213,1658.8088,6.0,0,0,0,
2026-06-19 17:14:49.252,1781907289252,1717.2258,6.0,0,0,0,
2026-06-19 17:14:49.292,1781907289292,1717.2258,5.6,0,0,0,
2026-06-19 17:14:49.333,1781907289333,1717.2258,5.3,0,0,0,
2026-06-19 17:14:49.373,1781907289373,1717.2258,5.3,0,0,0,
2026-06-19 17:14:49.413,1781907289413,1717.2258,6.1,0,0,0,
2026-06-19 17:14:49.452,1781907289452,1717.2258,6.2,0,0,0,
2026-06-19 17:14:49.493,1781907289493,1550.1846,5.3,0,0,0,
2026-06-19 17:14:49.533,1781907289533,1550.1846,5.3,0,0,0,
2026-06-19 17:14:49.573,1781907289573,1550.1846,4.1,0,0,0,
2026-06-19 17:14:49.613,1781907289613,1550.1846,1.1,0,0,0,
2026-06-19 17:14:49.653,1781907289653,1550.1846,5.4,0,0,0,
2026-06-19 17:14:49.693,1781907289693,1550.1846,5.4,0,0,0,
2026-06-19 17:14:49.732,1781907289732,1550.1846,3.7,0,0,0,
2026-06-19 17:14:49.773,1781907289773,1911.5934,3.8,0,0,0,
2026-06-19 17:14:49.812,1781907289812,1911.5934,2.8,0,1,0,
2026-06-19 17:14:49.853,1781907289853,1911.5934,5.9,0,1,0,
2026-06-19 17:14:49.893,1781907289893,1911.5934,5.6,0,1,0,
2026-06-19 17:14:49.933,1781907289933,1911.5934,6.5,0,1,0,
2026-06-19 17:14:49.972,1781907289972,1911.5934,3.2,0,1,0,
2026-06-19 17:14:50.012,1781907290012,1843.4800,1.2,0,1,0,
2026-06-19 17:14:50.053,1781907290053,1843.4800,5.1,0,1,0,
2026-06-19 17:14:50.092,1781907290093,1843.4800,6.1,0,0,0,
2026-06-19 17:14:50.133,1781907290133,1843.4800,1.1,0,1,0,
2026-06-19 17:14:50.173,1781907290173,1843.4800,2.8,0,0,0,
2026-06-19 17:14:50.213,1781907290213,1843.4800,6.3,0,0,0,
2026-06-19 17:14:50.253,1781907290253,1843.4800,3.8,0,0,0,
2026-06-19 17:14:50.293,1781907290293,1906.6976,5.5,0,0,0,
2026-06-19 17:14:50.333,1781907290333,1906.6976,1.0,0,0,0,
2026-06-19 17:14:50.373,1781907290373,1906.6976,3.7,0,0,0,
2026-06-19 17:14:50.413,1781907290413,1906.6976,5.9,0,0,0,
2026-06-19 17:14:50.453,1781907290453,1906.6976,6.2,0,0,0,
2026-06-19 17:14:50.492,1781907290492,1906.6976,5.4,0,0,0,
2026-06-19 17:14:50.533,1781907290533,2201.6519,5.7,0,0,0,
2026-06-19 17:14:50.573,1781907290573,2201.6519,4.8,0,0,0,
2026-06-19 17:14:50.613,1781907290613,2201.6519,2.1,0,0,0,
2026-06-19 17:14:50.653,1781907290653,2201.6519,6.9,0,0,0,
2026-06-19 17:14:50.693,1781907290693,2201.6519,3.3,0,0,0,
2026-06-19 17:14:50.733,1781907290733,2201.6519,1.2,0,0,0,
2026-06-19 17:14:50.773,1781907290773,2201.6519,6.1,0,0,0,
2026-06-19 17:14:50.813,1781907290813,2043.0424,7.4,0,0,0,
2026-06-19 17:14:50.853,1781907290853,2043.0424,2.8,0,0,0,
2026-06-19 17:14:50.893,1781907290893,2043.0424,6.6,0,0,0,
2026-06-19 17:14:50.933,1781907290933,2043.0424,6.2,0,0,0,
2026-06-19 17:14:50.973,1781907290973,2043.0424,5.9,0,0,0,
2026-06-19 17:14:51.013,1781907291013,2043.0424,6.9,0,0,0,
2026-06-19 17:14:51.053,1781907291053,2218.2686,7.2,0,0,0,
2026-06-19 17:14:51.093,1781907291093,2218.2686,6.8,0,0,0,
2026-06-19 17:14:51.133,1781907291133,2218.2686,5.1,0,0,0,
2026-06-19 17:14:51.173,1781907291173,2218.2686,5.5,0,0,0,
2026-06-19 17:14:51.213,1781907291213,2218.2686,4.1,0,1,0,
2026-06-19 17:14:51.253,1781907291253,2218.2686,2.5,0,0,0,
2026-06-19 17:14:51.293,1781907291293,2218.2686,1.7,0,0,0,
2026-06-19 17:14:51.333,1781907291333,2433.6360,5.8,0,0,0,
2026-06-19 17:14:51.373,1781907291373,2433.6360,2.8,0,0,0,
2026-06-19 17:14:51.412,1781907291412,2433.6360,5.1,0,0,0,
2026-06-19 17:14:51.453,1781907291453,2433.6360,5.6,0,0,0,
2026-06-19 17:14:51.492,1781907291493,2433.6360,5.0,0,0,0,
2026-06-19 17:14:51.533,1781907291533,2433.6360,1.1,0,0,0,
2026-06-19 17:14:51.573,1781907291573,1940.9111,5.8,0,0,0,
2026-06-19 17:14:51.613,1781907291613,1940.9111,5.8,0,0,0,
2026-06-19 17:14:51.653,1781907291653,1940.9111,5.5,0,0,0,
2026-06-19 17:14:51.692,1781907291692,1940.9111,5.2,0,0,0,
2026-06-19 17:14:51.732,1781907291733,1940.9111,6.1,0,0,0,
2026-06-19 17:14:51.773,1781907291773,1940.9111,5.5,0,0,0,
2026-06-19 17:14:51.813,1781907291813,1940.9111,5.5,0,0,0,
2026-06-19 17:14:51.853,1781907291853,2084.9224,5.6,0,0,0,
2026-06-19 17:14:51.893,1781907291893,2084.9224,5.1,0,0,0,
2026-06-19 17:14:51.933,1781907291933,2084.9224,5.4,0,0,0,
2026-06-19 17:14:51.973,1781907291973,2084.9224,5.0,0,0,0,
2026-06-19 17:14:52.013,1781907292013,2084.9224,5.8,0,0,0,
2026-06-19 17:14:52.053,1781907292053,2084.9224,5.7,0,0,0,
2026-06-19 17:14:52.093,1781907292093,2282.9028,4.6,0,0,0,
2026-06-19 17:14:52.133,1781907292133,2282.9028,5.2,0,0,0,
2026-06-19 17:14:52.173,1781907292173,2282.9028,4.6,0,0,0,
2026-06-19 17:14:52.213,1781907292213,2282.9028,4.6,0,0,0,
2026-06-19 17:14:52.253,1781907292253,2282.9028,4.9,0,0,0,
2026-06-19 17:14:52.293,1781907292293,2282.9028,4.2,0,0,0,
2026-06-19 17:14:52.333,1781907292333,2282.9028,5.1,0,0,0,
2026-06-19 17:14:52.373,1781907292373,2356.5022,4.2,0,0,0,
2026-06-19 17:14:52.413,1781907292413,2356.5022,5.5,0,0,0,
2026-06-19 17:14:52.453,1781907292453,2356.5022,5.9,0,0,0,
2026-06-19 17:14:52.493,1781907292493,2356.5022,5.6,0,0,0,
2026-06-19 17:14:52.533,1781907292533,2356.5022,2.6,0,0,0,
2026-06-19 17:14:52.573,1781907292573,2356.5022,2.5,0,0,0,
2026-06-19 17:14:52.613,1781907292613,2261.3779,5.8,0,0,0,
2026-06-19 17:14:52.653,1781907292653,2261.3779,5.8,0,0,0,
2026-06-19 17:14:52.693,1781907292693,2261.3779,5.0,0,0,0,
2026-06-19 17:14:52.733,1781907292733,2261.3779,5.3,0,0,0,
2026-06-19 17:14:52.773,1781907292773,2261.3779,5.7,0,0,0,
2026-06-19 17:14:52.813,1781907292813,2261.3779,5.2,0,0,0,
2026-06-19 17:14:52.853,1781907292853,2261.3779,5.7,0,0,0,
2026-06-19 17:14:52.893,1781907292893,3320.7002,4.7,0,0,0,
2026-06-19 17:14:52.933,1781907292933,3320.7002,4.8,0,0,0,
2026-06-19 17:14:52.973,1781907292973,3320.7002,4.5,0,0,0,
2026-06-19 17:14:53.013,1781907293013,3320.7002,4.3,0,0,0,
2026-06-19 17:14:53.053,1781907293053,3320.7002,4.1,0,0,0,
2026-06-19 17:14:53.093,1781907293093,3320.7002,4.0,0,0,0,
2026-06-19 17:14:53.133,1781907293133,5201.1143,3.7,0,0,0,
2026-06-19 17:14:53.173,1781907293173,5201.1143,5.0,0,0,0,
2026-06-19 17:14:53.213,1781907293213,5201.1143,4.9,0,0,0,
2026-06-19 17:14:53.253,1781907293253,5201.1143,4.9,0,0,0,
2026-06-19 17:14:53.293,1781907293293,5201.1143,4.5,0,0,0,
2026-06-19 17:14:53.333,1781907293333,5201.1143,4.4,0,0,0,
2026-06-19 17:14:53.373,1781907293373,5201.1143,4.8,0,0,0,
2026-06-19 17:14:53.413,1781907293413,5487.8818,4.4,0,0,0,
2026-06-19 17:14:53.453,1781907293453,5487.8818,5.0,0,0,0,
2026-06-19 17:14:53.492,1781907293493,5487.8818,4.2,0,0,0,
2026-06-19 17:14:53.533,1781907293533,5487.8818,4.2,0,0,0,
2026-06-19 17:14:53.573,1781907293573,5487.8818,4.8,0,0,0,
2026-06-19 17:14:53.613,1781907293613,5487.8818,5.1,0,0,0,
2026-06-19 17:14:53.653,1781907293653,6710.0645,5.2,0,0,0,
2026-06-19 17:14:53.693,1781907293693,6710.0645,4.6,0,0,0,
2026-06-19 17:14:53.733,1781907293733,6710.0645,5.6,0,0,0,
2026-06-19 17:14:53.773,1781907293773,6710.0645,5.1,0,0,0,
2026-06-19 17:14:53.813,1781907293813,6710.0645,5.2,0,0,0,
2026-06-19 17:14:53.853,1781907293853,6710.0645,4.8,0,0,0,
2026-06-19 17:14:53.893,1781907293893,6710.0645,4.6,0,0,0,
2026-06-19 17:14:53.933,1781907293933,3339.1851,5.5,0,0,0,
2026-06-19 17:14:53.973,1781907293973,3339.1851,4.8,0,0,0,
2026-06-19 17:14:54.013,1781907294013,3339.1851,5.5,0,0,0,
2026-06-19 17:14:54.053,1781907294053,3339.1851,5.1,0,0,0,
2026-06-19 17:14:54.093,1781907294093,3339.1851,4.6,0,0,0,
2026-06-19 17:14:54.133,1781907294133,3339.1851,5.5,0,0,0,
2026-06-19 17:14:54.173,1781907294173,3414.4771,4.7,0,0,0,
2026-06-19 17:14:54.213,1781907294213,3414.4771,5.2,0,0,0,
2026-06-19 17:14:54.253,1781907294253,3414.4771,5.2,0,0,0,
2026-06-19 17:14:54.293,1781907294293,3414.4771,5.1,0,0,0,
2026-06-19 17:14:54.333,1781907294333,3414.4771,5.0,0,0,0,
2026-06-19 17:14:54.373,1781907294373,3414.4771,4.6,0,0,0,
2026-06-19 17:14:54.413,1781907294413,3414.4771,5.1,0,0,0,
2026-06-19 17:14:54.453,1781907294453,3394.2063,5.1,0,0,0,
2026-06-19 17:14:54.493,1781907294493,3394.2063,5.6,0,0,0,
2026-06-19 17:14:54.533,1781907294533,3394.2063,5.0,0,0,0,
2026-06-19 17:14:54.573,1781907294573,3394.2063,5.5,0,0,0,
2026-06-19 17:14:54.613,1781907294613,3394.2063,5.5,0,0,0,
2026-06-19 17:14:54.653,1781907294653,3394.2063,5.1,0,0,0,
2026-06-19 17:14:54.693,1781907294693,3533.3071,5.1,0,0,0,
2026-06-19 17:14:54.733,1781907294733,3533.3071,5.1,0,0,0,
2026-06-19 17:14:54.773,1781907294773,3533.3071,4.7,0,0,0,
2026-06-19 17:14:54.813,1781907294813,3533.3071,4.7,0,0,0,
2026-06-19 17:14:54.853,1781907294853,3533.3071,4.6,0,0,0,
2026-06-19 17:14:54.893,1781907294893,3533.3071,5.1,0,0,0,
2026-06-19 17:14:54.933,1781907294933,3533.3071,4.6,0,0,0,
2026-06-19 17:14:54.973,1781907294973,3198.2329,4.6,0,0,0,
2026-06-19 17:14:55.013,1781907295013,3198.2329,4.7,0,0,0,
2026-06-19 17:14:55.053,1781907295053,3198.2329,4.7,0,0,0,
2026-06-19 17:14:55.093,1781907295093,3198.2329,4.2,0,0,0,
2026-06-19 17:14:55.133,1781907295133,3198.2329,4.7,0,0,0,
2026-06-19 17:14:55.173,1781907295173,3198.2329,5.1,0,0,0,
2026-06-19 17:14:55.213,1781907295213,3101.8086,5.1,0,0,0,
2026-06-19 17:14:55.253,1781907295253,3101.8086,5.2,0,0,0,
2026-06-19 17:14:55.293,1781907295293,3101.8086,5.8,0,0,0,
2026-06-19 17:14:55.333,1781907295333,3101.8086,5.7,0,0,0,
2026-06-19 17:14:55.373,1781907295373,3101.8086,5.2,0,0,0,
2026-06-19 17:14:55.413,1781907295413,3101.8086,5.2,0,0,0,
2026-06-19 17:14:55.453,1781907295453,3101.8086,5.1,0,0,0,
2026-06-19 17:14:55.493,1781907295493,2870.9055,5.2,0,0,0,
2026-06-19 17:14:55.533,1781907295533,2870.9055,5.6,0,0,0,
2026-06-19 17:14:55.573,1781907295573,2870.9055,5.6,0,0,0,
2026-06-19 17:14:55.613,1781907295613,2870.9055,5.1,0,0,0,
2026-06-19 17:14:55.653,1781907295653,2870.9055,5.6,0,0,0,
2026-06-19 17:14:55.693,1781907295693,2870.9055,5.1,0,0,0,
2026-06-19 17:14:55.733,1781907295733,2738.2646,4.7,0,0,0,
2026-06-19 17:14:55.773,1781907295773,2738.2646,4.7,0,0,0,
2026-06-19 17:14:55.813,1781907295813,2738.2646,5.1,0,0,0,
2026-06-19 17:14:55.853,1781907295853,2738.2646,4.7,0,0,0,
2026-06-19 17:14:55.893,1781907295893,2738.2646,4.6,0,0,0,
2026-06-19 17:14:55.933,1781907295933,2738.2646,5.1,0,0,0,
2026-06-19 17:14:55.973,1781907295973,2738.2646,5.1,0,0,0,
2026-06-19 17:14:56.013,1781907296013,2101.9536,4.2,0,0,0,
2026-06-19 17:14:56.053,1781907296053,2101.9536,4.6,0,0,0,
2026-06-19 17:14:56.093,1781907296093,2101.9536,4.7,0,0,0,
2026-06-19 17:14:56.133,1781907296133,2101.9536,5.1,0,0,0,
2026-06-19 17:14:56.173,1781907296173,2101.9536,4.6,0,0,0,
2026-06-19 17:14:56.213,1781907296213,2101.9536,4.5,0,0,0,
2026-06-19 17:14:56.253,1781907296253,2113.6743,5.0,0,0,0,
2026-06-19 17:14:56.293,1781907296293,2113.6743,5.0,0,0,0,
2026-06-19 17:14:56.333,1781907296333,2113.6743,4.6,0,0,0,
2026-06-19 17:14:56.373,1781907296373,2113.6743,5.2,0,0,0,
2026-06-19 17:14:56.413,1781907296413,2113.6743,5.1,0,0,0,
2026-06-19 17:14:56.453,1781907296453,2113.6743,4.6,0,0,0,
2026-06-19 17:14:56.493,1781907296493,2113.6743,4.7,0,0,0,
2026-06-19 17:14:56.533,1781907296533,2041.1835,4.6,0,0,0,
2026-06-19 17:14:56.573,1781907296573,2041.1835,4.6,0,0,0,
2026-06-19 17:14:56.613,1781907296613,2041.1835,4.6,0,0,0,
2026-06-19 17:14:56.653,1781907296653,2041.1835,4.2,0,0,0,
2026-06-19 17:14:56.693,1781907296693,2041.1835,5.1,0,0,0,
2026-06-19 17:14:56.733,1781907296733,2041.1835,4.6,0,0,0,
2026-06-19 17:14:56.773,1781907296773,2015.0198,4.6,0,0,0,
2026-06-19 17:14:56.813,1781907296813,2015.0198,5.1,0,0,0,
2026-06-19 17:14:56.853,1781907296853,2015.0198,4.5,0,0,0,
2026-06-19 17:14:56.893,1781907296893,2015.0198,5.0,0,0,0,
2026-06-19 17:14:56.933,1781907296933,2015.0198,4.6,0,0,0,
2026-06-19 17:14:56.973,1781907296973,2015.0198,4.7,0,0,0,
2026-06-19 17:14:57.013,1781907297013,2015.0198,4.6,0,0,0,
2026-06-19 17:14:57.053,1781907297053,1994.8787,4.6,0,0,0,
2026-06-19 17:14:57.093,1781907297093,1994.8787,4.6,0,0,0,
2026-06-19 17:14:57.133,1781907297133,1994.8787,4.6,0,0,0,
2026-06-19 17:14:57.173,1781907297173,1994.8787,5.2,0,0,0,
2026-06-19 17:14:57.213,1781907297213,1994.8787,5.5,0,0,0,
2026-06-19 17:14:57.253,1781907297253,1994.8787,5.7,0,0,0,
2026-06-19 17:14:57.293,1781907297293,2128.9714,5.6,0,0,0,
2026-06-19 17:14:57.333,1781907297333,2128.9714,5.2,0,0,0,
2026-06-19 17:14:57.373,1781907297373,2128.9714,5.2,0,0,0,
2026-06-19 17:14:57.413,1781907297413,2128.9714,5.8,0,0,0,
2026-06-19 17:14:57.453,1781907297453,2128.9714,5.8,0,0,0,
2026-06-19 17:14:57.493,1781907297493,2128.9714,5.7,0,0,0,
2026-06-19 17:14:57.533,1781907297533,2128.9714,5.3,0,0,0,
2026-06-19 17:14:57.573,1781907297573,2082.6736,5.7,0,0,0,
2026-06-19 17:14:57.613,1781907297613,2082.6736,5.8,0,0,0,
2026-06-19 17:14:57.653,1781907297653,2082.6736,5.2,0,0,0,
2026-06-19 17:14:57.693,1781907297693,2082.6736,5.7,0,0,0,
2026-06-19 17:14:57.733,1781907297733,2082.6736,5.8,0,0,0,
2026-06-19 17:14:57.773,1781907297773,2082.6736,5.2,0,0,0,
2026-06-19 17:14:57.813,1781907297813,1961.8159,5.7,0,0,0,
2026-06-19 17:14:57.853,1781907297853,1961.8159,5.7,0,0,0,
2026-06-19 17:14:57.894,1781907297894,1961.8159,5.8,0,0,0,
2026-06-19 17:14:57.933,1781907297933,1961.8159,5.8,0,0,0,
2026-06-19 17:14:57.973,1781907297973,1961.8159,5.7,0,0,0,
2026-06-19 17:14:58.013,1781907298013,1961.8159,5.8,0,0,0,
2026-06-19 17:14:58.053,1781907298053,1961.8159,5.3,0,0,0,
2026-06-19 17:14:58.093,1781907298093,2016.3145,5.3,0,0,0,
2026-06-19 17:14:58.133,1781907298133,2016.3145,5.8,0,0,0,
2026-06-19 17:14:58.173,1781907298173,2016.3145,5.8,0,0,0,
2026-06-19 17:14:58.213,1781907298213,2016.3145,5.7,0,0,0,
2026-06-19 17:14:58.253,1781907298253,2016.3145,5.2,0,0,0,
2026-06-19 17:14:58.293,1781907298293,2016.3145,4.6,0,0,0,
2026-06-19 17:14:58.333,1781907298333,2563.7178,4.6,0,0,0,
2026-06-19 17:14:58.373,1781907298373,2563.7178,4.3,0,0,0,
2026-06-19 17:14:58.413,1781907298413,2563.7178,4.3,0,0,0,
2026-06-19 17:14:58.453,1781907298453,2563.7178,4.2,0,0,0,
2026-06-19 17:14:58.493,1781907298493,2563.7178,5.1,0,0,0,
2026-06-19 17:14:58.533,1781907298533,2563.7178,4.6,0,0,0,
2026-06-19 17:14:58.573,1781907298573,2563.7178,4.6,0,0,0,
2026-06-19 17:14:58.613,1781907298613,3055.4871,5.0,0,0,0,
2026-06-19 17:14:58.653,1781907298653,3055.4871,5.1,0,0,0,
2026-06-19 17:14:58.693,1781907298693,3055.4871,4.7,0,0,0,
2026-06-19 17:14:58.733,1781907298733,3055.4871,4.9,0,0,0,
2026-06-19 17:14:58.773,1781907298773,3055.4871,4.3,0,0,0,
2026-06-19 17:14:58.813,1781907298813,3055.4871,5.1,0,0,0,
2026-06-19 17:14:58.853,1781907298853,2957.2017,4.6,0,0,0,
2026-06-19 17:14:58.893,1781907298893,2957.2017,5.2,0,0,0,
2026-06-19 17:14:58.933,1781907298933,2957.2017,5.1,0,0,0,
2026-06-19 17:14:58.973,1781907298973,2957.2017,5.1,0,0,0,
2026-06-19 17:14:59.013,1781907299013,2957.2017,4.7,0,0,0,
2026-06-19 17:14:59.053,1781907299053,2957.2017,4.7,0,0,0,
2026-06-19 17:14:59.093,1781907299093,2957.2017,4.7,0,0,0,
2026-06-19 17:14:59.133,1781907299133,2925.7859,5.0,0,0,0,
2026-06-19 17:14:59.173,1781907299173,2925.7859,4.6,0,0,0,
2026-06-19 17:14:59.213,1781907299213,2925.7859,4.6,0,0,0,
2026-06-19 17:14:59.253,1781907299253,2925.7859,4.1,0,0,0,
2026-06-19 17:14:59.293,1781907299293,2925.7859,5.2,0,0,0,
2026-06-19 17:14:59.333,1781907299333,2925.7859,4.5,0,0,0,
2026-06-19 17:14:59.373,1781907299373,2836.8669,4.6,0,0,0,
2026-06-19 17:14:59.413,1781907299413,2836.8669,3.8,0,0,0,
2026-06-19 17:14:59.453,1781907299453,2836.8669,4.7,0,0,0,
2026-06-19 17:14:59.493,1781907299493,2836.8669,5.1,0,0,0,
2026-06-19 17:14:59.533,1781907299533,2836.8669,4.6,0,0,0,
2026-06-19 17:14:59.573,1781907299573,2836.8669,4.2,0,0,0,
2026-06-19 17:14:59.613,1781907299613,2836.8669,4.8,0,0,0,
2026-06-19 17:14:59.653,1781907299653,2683.2727,4.6,0,0,0,
2026-06-19 17:14:59.693,1781907299693,2683.2727,5.5,0,0,0,
2026-06-19 17:14:59.733,1781907299733,2683.2727,4.6,0,0,0,
2026-06-19 17:14:59.773,1781907299773,2683.2727,4.2,0,0,0,
2026-06-19 17:14:59.813,1781907299813,2683.2727,4.6,0,0,0,
2026-06-19 17:14:59.853,1781907299853,2683.2727,5.5,0,0,0,
2026-06-19 17:14:59.893,1781907299893,2729.2766,5.0,0,0,0,
2026-06-19 17:14:59.933,1781907299933,2729.2766,5.1,0,0,0,
2026-06-19 17:14:59.973,1781907299973,2729.2766,4.2,0,0,0,
2026-06-19 17:15:00.013,1781907300013,2729.2766,5.6,0,0,0,
2026-06-19 17:15:00.053,1781907300053,2729.2766,4.6,0,0,0,
2026-06-19 17:15:00.093,1781907300093,2729.2766,4.8,0,0,0,
2026-06-19 17:15:00.133,1781907300133,2729.2766,5.1,0,0,0,
2026-06-19 17:15:00.173,1781907300173,2980.4575,5.0,0,0,0,
2026-06-19 17:15:00.213,1781907300213,2980.4575,5.1,0,0,0,
2026-06-19 17:15:00.253,1781907300253,2980.4575,4.6,0,0,0,
2026-06-19 17:15:00.293,1781907300293,2980.4575,4.7,0,0,0,
2026-06-19 17:15:00.333,1781907300333,2980.4575,4.7,0,0,0,
2026-06-19 17:15:00.373,1781907300373,2980.4575,5.2,0,0,0,
2026-06-19 17:15:00.413,1781907300413,2778.7566,5.0,0,0,0,
2026-06-19 17:15:00.453,1781907300453,2778.7566,4.6,0,0,0,
2026-06-19 17:15:00.493,1781907300493,2778.7566,5.1,0,0,0,
2026-06-19 17:15:00.533,1781907300533,2778.7566,5.1,0,0,0,
2026-06-19 17:15:00.573,1781907300573,2778.7566,4.6,0,0,0,
2026-06-19 17:15:00.613,1781907300613,2778.7566,5.1,0,0,0,
2026-06-19 17:15:00.653,1781907300653,2778.7566,4.3,0,0,0,
2026-06-19 17:15:00.693,1781907300693,2703.6338,4.6,0,0,0,
2026-06-19 17:15:00.733,1781907300733,2703.6338,4.6,0,0,0,
2026-06-19 17:15:00.773,1781907300773,2703.6338,5.1,0,0,0,
2026-06-19 17:15:00.813,1781907300813,2703.6338,3.9,0,0,0,
2026-06-19 17:15:00.853,1781907300853,2703.6338,5.1,0,0,0,
2026-06-19 17:15:00.893,1781907300893,2703.6338,5.0,0,0,0,
2026-06-19 17:15:00.933,1781907300933,2968.8999,5.5,0,0,0,
2026-06-19 17:15:00.973,1781907300973,2968.8999,5.1,0,0,0,
2026-06-19 17:15:01.013,1781907301013,2968.8999,5.1,0,0,0,
2026-06-19 17:15:01.053,1781907301053,2968.8999,5.5,0,0,0,
2026-06-19 17:15:01.093,1781907301093,2968.8999,4.9,0,0,0,
2026-06-19 17:15:01.133,1781907301133,2968.8999,5.0,0,0,0,
2026-06-19 17:15:01.173,1781907301173,2968.8999,4.2,0,0,0,
2026-06-19 17:15:01.213,1781907301213,2919.6851,5.0,0,0,0,
2026-06-19 17:15:01.253,1781907301253,2919.6851,4.2,0,0,0,
2026-06-19 17:15:01.293,1781907301293,2919.6851,5.1,0,0,0,
2026-06-19 17:15:01.333,1781907301333,2919.6851,5.1,0,0,0,
2026-06-19 17:15:01.373,1781907301373,2919.6851,4.6,0,0,0,
2026-06-19 17:15:01.413,1781907301413,2919.6851,3.4,0,0,0,
2026-06-19 17:15:01.453,1781907301453,3060.1448,4.2,0,0,0,
2026-06-19 17:15:01.493,1781907301493,3060.1448,4.7,0,0,0,
2026-06-19 17:15:01.533,1781907301533,3060.1448,4.3,0,0,0,
2026-06-19 17:15:01.573,1781907301573,3060.1448,4.6,0,0,0,
2026-06-19 17:15:01.613,1781907301613,3060.1448,5.5,0,0,0,
2026-06-19 17:15:01.653,1781907301653,3060.1448,5.5,0,0,0,
2026-06-19 17:15:01.693,1781907301693,3060.1448,4.2,0,0,0,
2026-06-19 17:15:01.733,1781907301733,2698.3938,4.6,0,0,0,
2026-06-19 17:15:01.773,1781907301773,2698.3938,4.6,0,0,0,
2026-06-19 17:15:01.813,1781907301813,2698.3938,4.6,0,0,0,
2026-06-19 17:15:01.853,1781907301853,2698.3938,5.1,0,0,0,
2026-06-19 17:15:01.893,1781907301893,2698.3938,4.6,0,0,0,FUGA
2026-06-19 17:15:01.933,1781907301933,2698.3938,4.6,0,0,0,
2026-06-19 17:15:01.973,1781907301973,2828.4639,4.6,0,0,0,
2026-06-19 17:15:02.013,1781907302013,2828.4639,5.1,0,0,0,
2026-06-19 17:15:02.053,1781907302053,2828.4639,4.6,0,0,0,
2026-06-19 17:15:02.093,1781907302093,2828.4639,4.7,0,0,0,
2026-06-19 17:15:02.133,1781907302133,2828.4639,4.1,0,0,0,
2026-06-19 17:15:02.173,1781907302173,2828.4639,5.2,0,0,0,
2026-06-19 17:15:02.213,1781907302213,2828.4639,5.1,0,0,0,
2026-06-19 17:15:02.253,1781907302253,2908.9075,4.6,0,0,0,
2026-06-19 17:15:02.293,1781907302293,2908.9075,4.6,0,0,0,
2026-06-19 17:15:02.333,1781907302333,2908.9075,5.1,0,0,0,
2026-06-19 17:15:02.373,1781907302373,2908.9075,5.2,0,0,0,
2026-06-19 17:15:02.413,1781907302413,2908.9075,2.5,0,0,0,
2026-06-19 17:15:02.453,1781907302453,2908.9075,5.2,0,0,0,
2026-06-19 17:15:02.493,1781907302493,2814.4141,5.1,0,0,0,
2026-06-19 17:15:02.533,1781907302533,2814.4141,5.7,0,0,0,
2026-06-19 17:15:02.573,1781907302573,2814.4141,5.7,0,0,0,
2026-06-19 17:15:02.613,1781907302613,2814.4141,5.7,0,0,0,
2026-06-19 17:15:02.653,1781907302653,2814.4141,5.7,0,0,0,
2026-06-19 17:15:02.693,1781907302693,2814.4141,4.7,0,0,0,
2026-06-19 17:15:02.733,1781907302733,2814.4141,5.5,0,0,0,
2026-06-19 17:15:02.773,1781907302773,2589.7920,4.6,0,0,0,
2026-06-19 17:15:02.813,1781907302813,2589.7920,4.7,0,0,0,
2026-06-19 17:15:02.853,1781907302853,2589.7920,4.7,0,0,0,
2026-06-19 17:15:02.893,1781907302893,2589.7920,4.8,0,0,0,
2026-06-19 17:15:02.933,1781907302933,2589.7920,5.1,0,0,0,
2026-06-19 17:15:02.973,1781907302973,2589.7920,5.1,0,0,0,
2026-06-19 17:15:03.013,1781907303013,2995.0532,4.2,0,0,0,
2026-06-19 17:15:03.053,1781907303053,2995.0532,5.5,0,0,0,
2026-06-19 17:15:03.093,1781907303093,2995.0532,6.1,0,0,0,
2026-06-19 17:15:03.133,1781907303133,2995.0532,5.7,0,0,0,
2026-06-19 17:15:03.173,1781907303173,2995.0532,4.3,0,0,0,
2026-06-19 17:15:03.213,1781907303213,2995.0532,4.9,0,0,0,
2026-06-19 17:15:03.253,1781907303253,2995.0532,5.5,0,0,0,
2026-06-19 17:15:03.293,1781907303293,4211.6792,5.1,0,0,0,
2026-06-19 17:15:03.333,1781907303333,4211.6792,8.4,0,0,0,
2026-06-19 17:15:03.373,1781907303373,4211.6792,4.5,0,0,0,
2026-06-19 17:15:03.413,1781907303413,4211.6792,4.2,0,0,0,
2026-06-19 17:15:03.453,1781907303453,4211.6792,5.3,0,0,0,
2026-06-19 17:15:03.493,1781907303493,4211.6792,5.7,0,0,0,
2026-06-19 17:15:03.533,1781907303533,5988.6084,5.6,0,0,0,
2026-06-19 17:15:03.573,1781907303573,5988.6084,4.1,0,0,0,
2026-06-19 17:15:03.613,1781907303613,5988.6084,4.9,0,0,0,
2026-06-19 17:15:03.653,1781907303653,5988.6084,4.8,0,0,0,
2026-06-19 17:15:03.693,1781907303693,5988.6084,3.5,0,0,0,
2026-06-19 17:15:03.733,1781907303733,5988.6084,5.1,0,0,0,
2026-06-19 17:15:03.773,1781907303773,5988.6084,5.5,0,0,0,
2026-06-19 17:15:03.813,1781907303813,6086.2681,5.6,0,0,0,
2026-06-19 17:15:03.853,1781907303853,6086.2681,4.2,0,0,0,
2026-06-19 17:15:03.893,1781907303893,6086.2681,3.5,0,0,0,
2026-06-19 17:15:03.933,1781907303933,6086.2681,3.2,0,0,0,
2026-06-19 17:15:03.973,1781907303973,6086.2681,3.5,0,0,0,
2026-06-19 17:15:04.013,1781907304013,6086.2681,3.5,0,0,0,
2026-06-19 17:15:04.053,1781907304053,4755.6812,2.6,0,0,0,
2026-06-19 17:15:04.093,1781907304093,4755.6812,3.0,0,0,0,
2026-06-19 17:15:04.133,1781907304133,4755.6812,3.1,0,0,0,
2026-06-19 17:15:04.173,1781907304173,4755.6812,3.1,0,0,0,
2026-06-19 17:15:04.213,1781907304213,4755.6812,3.0,0,0,0,
2026-06-19 17:15:04.253,1781907304253,4755.6812,2.6,0,0,0,
2026-06-19 17:15:04.293,1781907304293,4755.6812,3.1,0,0,0,
2026-06-19 17:15:04.333,1781907304333,4542.1934,3.0,0,0,0,
2026-06-19 17:15:04.373,1781907304373,4542.1934,2.5,0,0,0,
2026-06-19 17:15:04.413,1781907304413,4542.1934,3.4,0,0,0,
2026-06-19 17:15:04.453,1781907304453,4542.1934,3.1,0,0,0,
2026-06-19 17:15:04.493,1781907304493,4542.1934,3.1,0,0,0,
2026-06-19 17:15:04.533,1781907304533,4542.1934,3.5,0,0,0,
2026-06-19 17:15:04.574,1781907304574,4193.3027,3.0,0,0,0,
2026-06-19 17:15:04.613,1781907304613,4193.3027,3.0,0,0,0,
2026-06-19 17:15:04.653,1781907304653,4193.3027,3.5,0,0,0,
2026-06-19 17:15:04.693,1781907304693,4193.3027,3.1,0,0,0,
2026-06-19 17:15:04.733,1781907304733,4193.3027,3.1,0,0,0,
2026-06-19 17:15:04.773,1781907304773,4193.3027,3.1,0,0,0,
2026-06-19 17:15:04.813,1781907304813,4193.3027,3.0,0,0,0,
2026-06-19 17:15:04.853,1781907304853,4526.5620,3.1,0,0,0,
2026-06-19 17:15:04.893,1781907304893,4526.5620,3.5,0,0,0,
2026-06-19 17:15:04.933,1781907304933,4526.5620,3.2,0,0,0,
2026-06-19 17:15:04.973,1781907304973,4526.5620,3.1,0,0,0,
2026-06-19 17:15:05.013,1781907305013,4526.5620,3.2,0,0,0,
2026-06-19 17:15:05.053,1781907305053,4526.5620,4.0,0,0,0,
2026-06-19 17:15:05.093,1781907305093,4666.4043,4.4,0,0,0,
2026-06-19 17:15:05.133,1781907305133,4666.4043,4.0,0,0,0,
2026-06-19 17:15:05.173,1781907305173,4666.4043,4.0,0,0,1,
2026-06-19 17:15:05.213,1781907305213,4666.4043,4.0,0,0,0,
2026-06-19 17:15:05.253,1781907305253,4666.4043,4.0,0,0,0,
2026-06-19 17:15:05.293,1781907305293,4666.4043,4.1,0,0,0,
2026-06-19 17:15:05.333,1781907305333,4666.4043,5.3,0,0,0,
2026-06-19 17:15:05.373,1781907305373,4464.6899,3.7,0,0,0,
2026-06-19 17:15:05.413,1781907305413,4464.6899,3.7,0,0,0,
2026-06-19 17:15:05.453,1781907305453,4464.6899,3.7,0,0,0,
2026-06-19 17:15:05.493,1781907305493,4464.6899,3.8,0,0,0,
2026-06-19 17:15:05.533,1781907305533,4464.6899,4.0,0,0,0,
2026-06-19 17:15:05.573,1781907305573,4464.6899,4.9,0,0,0,
2026-06-19 17:15:05.613,1781907305613,4602.5034,5.3,0,0,0,
2026-06-19 17:15:05.653,1781907305653,4602.5034,6.0,0,0,0,
2026-06-19 17:15:05.693,1781907305693,4602.5034,6.6,0,0,0,
2026-06-19 17:15:05.733,1781907305733,4602.5034,5.0,0,0,0,
2026-06-19 17:15:05.773,1781907305773,4602.5034,4.8,0,0,0,
2026-06-19 17:15:05.813,1781907305813,4602.5034,5.2,0,0,0,
2026-06-19 17:15:05.853,1781907305853,4602.5034,5.6,0,0,0,
2026-06-19 17:15:05.893,1781907305893,4288.4985,5.9,0,0,0,
2026-06-19 17:15:05.933,1781907305933,4288.4985,6.1,0,0,0,
2026-06-19 17:15:05.973,1781907305973,4288.4985,5.7,0,0,0,
2026-06-19 17:15:06.013,1781907306013,4288.4985,6.0,0,0,0,
2026-06-19 17:15:06.053,1781907306053,4288.4985,5.5,0,0,0,
2026-06-19 17:15:06.093,1781907306093,4288.4985,5.6,0,0,0,
2026-06-19 17:15:06.133,1781907306133,4199.5664,5.6,0,0,0,
2026-06-19 17:15:06.173,1781907306173,4199.5664,5.6,0,0,0,
2026-06-19 17:15:06.213,1781907306213,4199.5664,6.0,0,0,0,
2026-06-19 17:15:06.253,1781907306253,4199.5664,6.4,0,0,0,
2026-06-19 17:15:06.293,1781907306293,4199.5664,6.0,0,0,0,
2026-06-19 17:15:06.333,1781907306333,4199.5664,6.0,0,0,0,
2026-06-19 17:15:06.373,1781907306373,4199.5664,6.1,0,0,0,
2026-06-19 17:15:06.413,1781907306413,4373.0493,6.0,0,0,0,
2026-06-19 17:15:06.453,1781907306453,4373.0493,5.2,0,0,0,
2026-06-19 17:15:06.493,1781907306493,4373.0493,5.9,0,0,0,
2026-06-19 17:15:06.533,1781907306533,4373.0493,5.7,0,0,0,
2026-06-19 17:15:06.573,1781907306573,4373.0493,5.6,0,0,0,
2026-06-19 17:15:06.613,1781907306613,4373.0493,6.1,0,0,0,
2026-06-19 17:15:06.653,1781907306653,4396.4580,6.0,0,0,0,
2026-06-19 17:15:06.693,1781907306693,4396.4580,6.0,0,0,0,
2026-06-19 17:15:06.733,1781907306733,4396.4580,5.6,0,0,0,
2026-06-19 17:15:06.773,1781907306773,4396.4580,6.0,0,0,0,
2026-06-19 17:15:06.813,1781907306813,4396.4580,5.7,0,0,0,
2026-06-19 17:15:06.853,1781907306853,4396.4580,5.1,0,0,0,
2026-06-19 17:15:06.893,1781907306893,4396.4580,5.2,0,0,0,
2026-06-19 17:15:06.933,1781907306933,4116.3584,5.1,0,0,0,
2026-06-19 17:15:06.973,1781907306973,4116.3584,7.2,0,0,0,
2026-06-19 17:15:07.013,1781907307013,4116.3584,5.8,0,0,0,
2026-06-19 17:15:07.053,1781907307053,4116.3584,6.5,0,0,0,
2026-06-19 17:15:07.093,1781907307093,4116.3584,7.3,0,0,0,
2026-06-19 17:15:07.133,1781907307133,4116.3584,6.6,0,0,0,
2026-06-19 17:15:07.173,1781907307173,4300.4233,5.3,0,0,0,
2026-06-19 17:15:07.213,1781907307213,4300.4233,5.8,0,0,0,
2026-06-19 17:15:07.253,1781907307253,4300.4233,6.1,0,0,0,
2026-06-19 17:15:07.293,1781907307293,4300.4233,6.0,0,0,0,
2026-06-19 17:15:07.333,1781907307333,4300.4233,4.2,0,0,0,
2026-06-19 17:15:07.373,1781907307373,4300.4233,3.6,0,0,0,
2026-06-19 17:15:07.413,1781907307413,4300.4233,3.5,0,0,0,
2026-06-19 17:15:07.453,1781907307453,4142.8003,3.5,0,0,0,
2026-06-19 17:15:07.493,1781907307493,4142.8003,4.2,0,0,0,
2026-06-19 17:15:07.533,1781907307533,4142.8003,3.8,0,0,0,
2026-06-19 17:15:07.573,1781907307573,4142.8003,4.0,0,0,0,
2026-06-19 17:15:07.613,1781907307613,4142.8003,8.3,0,0,0,
2026-06-19 17:15:07.653,1781907307653,4142.8003,4.9,0,0,0,
2026-06-19 17:15:07.693,1781907307693,3567.1025,2.0,0,0,0,
2026-06-19 17:15:07.733,1781907307733,3567.1025,7.5,0,0,0,
2026-06-19 17:15:07.773,1781907307773,3567.1025,4.0,0,0,0,
2026-06-19 17:15:07.813,1781907307813,3567.1025,5.0,0,0,0,
2026-06-19 17:15:07.853,1781907307853,3567.1025,3.4,0,0,0,
2026-06-19 17:15:07.893,1781907307893,3567.1025,3.8,0,0,0,
2026-06-19 17:15:07.933,1781907307933,3567.1025,3.9,0,0,0,
2026-06-19 17:15:07.973,1781907307973,1779.8322,1.3,0,0,0,
2026-06-19 17:15:08.013,1781907308013,1779.8322,2.8,0,0,0,
2026-06-19 17:15:08.053,1781907308053,1779.8322,4.2,0,0,0,
2026-06-19 17:15:08.093,1781907308093,1779.8322,2.9,0,0,0,
2026-06-19 17:15:08.133,1781907308133,1779.8322,6.4,0,0,0,
2026-06-19 17:15:08.173,1781907308173,1779.8322,4.2,0,0,0,
2026-06-19 17:15:08.213,1781907308213,2972.0430,3.6,0,0,0,
2026-06-19 17:15:08.253,1781907308253,2972.0430,3.6,0,1,0,
2026-06-19 17:15:08.293,1781907308293,2972.0430,5.5,0,1,0,
2026-06-19 17:15:08.333,1781907308333,2972.0430,2.8,0,0,0,
2026-06-19 17:15:08.373,1781907308373,2972.0430,2.6,0,0,0,
2026-06-19 17:15:08.413,1781907308413,2972.0430,9.6,0,1,1,
2026-06-19 17:15:08.453,1781907308453,2972.0430,4.1,0,1,1,
2026-06-19 17:15:08.493,1781907308493,3269.2500,3.5,0,1,1,
2026-06-19 17:15:08.533,1781907308533,3269.2500,4.6,0,1,1,
2026-06-19 17:15:08.573,1781907308573,3269.2500,7.6,0,0,1,
2026-06-19 17:15:08.613,1781907308613,3269.2500,5.4,0,0,1,
2026-06-19 17:15:08.653,1781907308653,3269.2500,4.3,0,0,1,
2026-06-19 17:15:08.693,1781907308693,3269.2500,5.7,0,0,1,
2026-06-19 17:15:08.733,1781907308733,3348.9207,4.7,0,1,1,
2026-06-19 17:15:08.773,1781907308773,3348.9207,4.8,0,1,1,
2026-06-19 17:15:08.813,1781907308813,3348.9207,5.2,0,0,1,
2026-06-19 17:15:08.853,1781907308853,3348.9207,6.3,0,0,1,
2026-06-19 17:15:08.893,1781907308893,3348.9207,5.2,0,0,1,
2026-06-19 17:15:08.933,1781907308933,3348.9207,5.7,0,0,1,
2026-06-19 17:15:08.973,1781907308973,3348.9207,5.2,0,0,1,
2026-06-19 17:15:09.013,1781907309013,4104.9434,5.6,0,0,1,
2026-06-19 17:15:09.053,1781907309053,4104.9434,6.0,0,0,1,
2026-06-19 17:15:09.093,1781907309093,4104.9434,6.1,0,0,1,
2026-06-19 17:15:09.133,1781907309133,4104.9434,6.0,0,0,1,
2026-06-19 17:15:09.173,1781907309173,4104.9434,2.4,0,0,1,
2026-06-19 17:15:09.213,1781907309213,4104.9434,5.6,0,0,1,
2026-06-19 17:15:09.253,1781907309253,3104.0110,4.7,0,0,1,
2026-06-19 17:15:09.293,1781907309293,3104.0110,5.6,0,0,1,
2026-06-19 17:15:09.333,1781907309333,3104.0110,5.5,0,0,1,
2026-06-19 17:15:09.373,1781907309373,3104.0110,6.4,0,0,1,
2026-06-19 17:15:09.413,1781907309413,3104.0110,6.8,0,0,1,
2026-06-19 17:15:09.453,1781907309453,3104.0110,6.0,0,0,1,
2026-06-19 17:15:09.493,1781907309493,3104.0110,5.5,0,0,1,
2026-06-19 17:15:09.534,1781907309534,2998.0100,6.0,0,0,1,
2026-06-19 17:15:09.573,1781907309573,2998.0100,6.5,0,0,1,
2026-06-19 17:15:09.613,1781907309613,2998.0100,6.5,0,0,1,
2026-06-19 17:15:09.653,1781907309653,2998.0100,8.6,0,0,1,
2026-06-19 17:15:09.693,1781907309693,2998.0100,6.3,0,0,1,
2026-06-19 17:15:09.733,1781907309733,2998.0100,6.4,0,0,1,
2026-06-19 17:15:09.773,1781907309773,3099.4370,5.9,0,0,1,
2026-06-19 17:15:09.813,1781907309813,3099.4370,8.0,0,0,1,
2026-06-19 17:15:09.853,1781907309853,3099.4370,6.4,0,0,1,
2026-06-19 17:15:09.893,1781907309893,3099.4370,6.5,0,0,1,
2026-06-19 17:15:09.933,1781907309933,3099.4370,6.4,0,0,1,
2026-06-19 17:15:09.973,1781907309973,3099.4370,7.4,0,0,1,
2026-06-19 17:15:10.013,1781907310013,3099.4370,6.9,0,0,1,
2026-06-19 17:15:10.053,1781907310053,2819.1025,7.7,0,0,1,
2026-06-19 17:15:10.093,1781907310093,2819.1025,6.4,0,0,1,
2026-06-19 17:15:10.133,1781907310133,2819.1025,6.9,0,0,1,
2026-06-19 17:15:10.174,1781907310174,2819.1025,6.5,0,0,1,
2026-06-19 17:15:10.213,1781907310213,2819.1025,6.0,0,0,1,
2026-06-19 17:15:10.253,1781907310253,2819.1025,6.0,0,0,1,
2026-06-19 17:15:10.293,1781907310293,3290.2861,6.0,0,1,1,
2026-06-19 17:15:10.333,1781907310333,3290.2861,5.5,0,0,1,
2026-06-19 17:15:10.373,1781907310373,3290.2861,5.1,0,0,1,
2026-06-19 17:15:10.413,1781907310413,3290.2861,6.0,0,0,1,
2026-06-19 17:15:10.453,1781907310453,3290.2861,5.6,0,0,1,
2026-06-19 17:15:10.493,1781907310493,3290.2861,6.3,0,0,1,
2026-06-19 17:15:10.533,1781907310533,3290.2861,5.1,0,0,1,
2026-06-19 17:15:10.573,1781907310573,3490.2859,5.5,0,0,1,
2026-06-19 17:15:10.613,1781907310613,3490.2859,5.1,0,0,1,
2026-06-19 17:15:10.653,1781907310653,3490.2859,5.5,0,0,1,
2026-06-19 17:15:10.693,1781907310694,3490.2859,5.5,0,0,1,
2026-06-19 17:15:10.733,1781907310733,3490.2859,5.6,0,0,1,
2026-06-19 17:15:10.773,1781907310773,3490.2859,5.1,0,0,1,
2026-06-19 17:15:10.813,1781907310813,2282.5691,5.1,0,0,1,
2026-06-19 17:15:10.853,1781907310853,2282.5691,5.2,0,0,1,
2026-06-19 17:15:10.893,1781907310893,2282.5691,5.7,0,0,1,
2026-06-19 17:15:10.933,1781907310933,2282.5691,5.0,0,0,1,
2026-06-19 17:15:10.973,1781907310973,2282.5691,5.1,0,0,1,
2026-06-19 17:15:11.013,1781907311013,2282.5691,5.0,0,0,1,
2026-06-19 17:15:11.053,1781907311053,2282.5691,5.1,0,0,1,
2026-06-19 17:15:11.093,1781907311093,1342.3677,5.1,0,0,1,
2026-06-19 17:15:11.133,1781907311133,1342.3677,5.2,0,0,1,
2026-06-19 17:15:11.173,1781907311173,1342.3677,5.2,0,0,1,
2026-06-19 17:15:11.214,1781907311214,1342.3677,5.2,0,0,1,
2026-06-19 17:15:11.253,1781907311253,1342.3677,5.1,0,0,1,
2026-06-19 17:15:11.293,1781907311293,1342.3677,5.2,0,0,1,
2026-06-19 17:15:11.333,1781907311333,638.7865,5.6,0,0,1,
2026-06-19 17:15:11.373,1781907311373,638.7865,5.2,0,0,1,
2026-06-19 17:15:11.413,1781907311413,638.7865,5.2,0,0,1,
2026-06-19 17:15:11.453,1781907311453,638.7865,5.1,0,0,1,
2026-06-19 17:15:11.493,1781907311493,638.7865,5.2,0,0,1,
2026-06-19 17:15:11.533,1781907311533,638.7865,5.2,0,0,1,
2026-06-19 17:15:11.573,1781907311573,638.7865,4.8,0,0,1,
2026-06-19 17:15:11.613,1781907311613,1450.3042,3.8,0,0,1,
2026-06-19 17:15:11.654,1781907311654,1450.3042,4.7,0,0,1,
2026-06-19 17:15:11.693,1781907311693,1450.3042,5.1,0,0,1,
2026-06-19 17:15:11.733,1781907311733,1450.3042,5.2,0,0,1,
2026-06-19 17:15:11.773,1781907311773,1450.3042,5.6,0,0,1,
2026-06-19 17:15:11.813,1781907311813,1450.3042,5.2,0,0,1,
2026-06-19 17:15:11.853,1781907311853,2630.5559,5.1,0,0,1,
2026-06-19 17:15:11.893,1781907311894,2630.5559,5.2,0,0,1,
2026-06-19 17:15:11.934,1781907311934,2630.5559,4.7,0,0,1,
2026-06-19 17:15:11.973,1781907311973,2630.5559,5.1,0,0,1,
2026-06-19 17:15:12.013,1781907312013,2630.5559,5.1,0,0,1,
2026-06-19 17:15:12.053,1781907312053,2630.5559,5.1,0,0,1,
2026-06-19 17:15:12.093,1781907312093,2630.5559,5.6,0,0,1,
2026-06-19 17:15:12.133,1781907312133,2727.6277,4.3,0,0,1,
2026-06-19 17:15:12.173,1781907312173,2727.6277,5.2,0,0,1,
2026-06-19 17:15:12.213,1781907312214,2727.6277,5.7,0,0,1,
2026-06-19 17:15:12.253,1781907312253,2727.6277,5.6,0,0,1,
2026-06-19 17:15:12.293,1781907312293,2727.6277,5.1,0,0,1,
2026-06-19 17:15:12.333,1781907312333,2727.6277,5.1,0,0,1,
2026-06-19 17:15:12.373,1781907312373,2736.8784,5.1,0,0,1,
2026-06-19 17:15:12.413,1781907312413,2736.8784,5.1,0,0,1,
2026-06-19 17:15:12.453,1781907312453,2736.8784,4.8,0,0,1,
2026-06-19 17:15:12.494,1781907312494,2736.8784,5.6,0,0,1,
2026-06-19 17:15:12.533,1781907312533,2736.8784,5.6,0,0,1,
2026-06-19 17:15:12.573,1781907312573,2736.8784,5.6,0,0,1,
2026-06-19 17:15:12.613,1781907312613,2736.8784,5.1,0,0,1,
2026-06-19 17:15:12.653,1781907312653,2623.3384,5.6,0,0,1,
2026-06-19 17:15:12.693,1781907312693,2623.3384,4.8,0,0,1,
2026-06-19 17:15:12.733,1781907312733,2623.3384,5.7,0,0,1,
2026-06-19 17:15:12.774,1781907312774,2623.3384,5.1,0,0,1,
2026-06-19 17:15:12.813,1781907312813,2623.3384,5.2,0,0,1,
2026-06-19 17:15:12.853,1781907312853,2623.3384,5.1,0,0,1,
2026-06-19 17:15:12.893,1781907312893,2909.1338,5.6,0,0,1,
2026-06-19 17:15:12.933,1781907312933,2909.1338,5.6,0,0,1,
2026-06-19 17:15:12.973,1781907312973,2909.1338,6.1,0,0,1,
2026-06-19 17:15:13.013,1781907313014,2909.1338,5.6,0,0,1,
2026-06-19 17:15:13.053,1781907313053,2909.1338,5.1,0,0,1,
2026-06-19 17:15:13.093,1781907313093,2909.1338,5.6,0,0,1,
2026-06-19 17:15:13.133,1781907313133,2909.1338,4.8,0,0,1,
2026-06-19 17:15:13.174,1781907313174,2437.6479,4.7,0,0,1,
2026-06-19 17:15:13.213,1781907313213,2437.6479,5.6,0,0,1,
2026-06-19 17:15:13.253,1781907313253,2437.6479,5.1,0,0,1,
2026-06-19 17:15:13.293,1781907313293,2437.6479,5.7,0,0,1,
2026-06-19 17:15:13.333,1781907313333,2437.6479,5.7,0,0,1,
2026-06-19 17:15:13.373,1781907313373,2437.6479,5.6,0,0,1,
2026-06-19 17:15:13.413,1781907313413,6046.4521,5.6,0,0,1,
2026-06-19 17:15:13.453,1781907313453,6046.4521,4.1,0,0,1,
2026-06-19 17:15:13.493,1781907313493,6046.4521,5.1,0,0,1,
2026-06-19 17:15:13.533,1781907313533,6046.4521,3.8,0,0,1,
2026-06-19 17:15:13.573,1781907313574,6046.4521,5.1,0,0,1,
2026-06-19 17:15:13.613,1781907313613,6046.4521,5.5,0,0,1,
2026-06-19 17:15:13.654,1781907313654,6046.4521,5.6,0,0,1,
2026-06-19 17:15:13.694,1781907313694,2315.8354,5.1,0,0,1,
2026-06-19 17:15:13.734,1781907313734,2315.8354,4.6,0,0,1,
2026-06-19 17:15:13.773,1781907313773,2315.8354,4.7,0,0,1,
2026-06-19 17:15:13.813,1781907313813,2315.8354,5.2,0,0,1,
2026-06-19 17:15:13.853,1781907313853,2315.8354,5.2,0,0,1,
2026-06-19 17:15:13.893,1781907313893,2315.8354,5.1,0,0,1,
2026-06-19 17:15:13.933,1781907313933,3666.8738,5.1,0,0,1,
2026-06-19 17:15:13.973,1781907313973,3666.8738,5.6,0,0,1,
2026-06-19 17:15:14.014,1781907314014,3666.8738,5.6,0,0,1,
2026-06-19 17:15:14.053,1781907314053,3666.8738,5.0,0,0,1,
2026-06-19 17:15:14.094,1781907314094,3666.8738,5.1,0,0,1,
2026-06-19 17:15:14.133,1781907314133,3666.8738,5.2,0,0,1,
2026-06-19 17:15:14.173,1781907314173,3666.8738,5.6,0,0,1,
2026-06-19 17:15:14.213,1781907314214,4229.6289,5.2,0,0,1,
2026-06-19 17:15:14.253,1781907314254,4229.6289,5.2,0,0,1,
2026-06-19 17:15:14.293,1781907314293,4229.6289,5.2,0,0,1,
2026-06-19 17:15:14.334,1781907314334,4229.6289,5.2,0,0,1,
2026-06-19 17:15:14.373,1781907314373,4229.6289,5.2,0,0,1,
2026-06-19 17:15:14.413,1781907314413,4229.6289,5.2,0,0,1,
2026-06-19 17:15:14.453,1781907314453,3553.0061,4.7,0,0,1,
2026-06-19 17:15:14.493,1781907314493,3553.0061,5.7,0,0,1,
2026-06-19 17:15:14.533,1781907314533,3553.0061,5.7,0,0,1,
2026-06-19 17:15:14.574,1781907314574,3553.0061,5.1,0,0,1,
2026-06-19 17:15:14.614,1781907314614,3553.0061,5.2,0,0,1,
2026-06-19 17:15:14.654,1781907314654,3553.0061,5.7,0,0,1,
2026-06-19 17:15:14.693,1781907314693,3553.0061,5.2,0,0,1,
2026-06-19 17:15:14.733,1781907314733,3903.7935,5.1,0,0,1,
2026-06-19 17:15:14.773,1781907314773,3903.7935,4.8,0,0,1,
2026-06-19 17:15:14.814,1781907314814,3903.7935,4.8,0,0,1,
2026-06-19 17:15:14.854,1781907314854,3903.7935,5.1,0,0,1,
2026-06-19 17:15:14.894,1781907314894,3903.7935,5.1,0,0,1,
2026-06-19 17:15:14.934,1781907314934,3903.7935,5.0,0,0,1,
2026-06-19 17:15:14.974,1781907314974,3792.8230,5.1,0,0,1,
2026-06-19 17:15:15.014,1781907315014,3792.8230,5.1,0,0,1,
2026-06-19 17:15:15.053,1781907315053,3792.8230,5.1,0,0,1,
2026-06-19 17:15:15.093,1781907315093,3792.8230,5.1,0,1,1,
2026-06-19 17:15:15.133,1781907315133,3792.8230,5.1,0,0,1,
2026-06-19 17:15:15.174,1781907315174,3792.8230,5.6,0,0,1,
2026-06-19 17:15:15.214,1781907315214,3792.8230,5.1,0,0,1,
2026-06-19 17:15:15.254,1781907315254,4606.4502,5.6,0,0,1,
2026-06-19 17:15:15.293,1781907315293,4606.4502,6.0,0,1,1,
2026-06-19 17:15:15.333,1781907315333,4606.4502,6.0,0,0,1,
2026-06-19 17:15:15.374,1781907315374,4606.4502,5.6,0,0,1,
2026-06-19 17:15:15.414,1781907315414,4606.4502,5.7,0,1,0,
2026-06-19 17:15:15.453,1781907315453,4606.4502,5.6,0,1,0,
2026-06-19 17:15:15.493,1781907315493,4832.3696,5.2,0,1,0,
2026-06-19 17:15:15.534,1781907315534,4832.3696,5.2,0,0,0,
2026-06-19 17:15:15.574,1781907315574,4832.3696,4.8,0,1,0,
2026-06-19 17:15:15.613,1781907315613,4832.3696,4.8,0,0,0,
2026-06-19 17:15:15.653,1781907315653,4832.3696,4.2,0,1,0,
2026-06-19 17:15:15.693,1781907315693,4832.3696,5.2,0,1,0,
2026-06-19 17:15:15.733,1781907315733,4832.3696,3.3,0,1,0,
2026-06-19 17:15:15.774,1781907315774,4033.3225,3.2,0,1,0,
2026-06-19 17:15:15.814,1781907315814,4033.3225,2.8,0,1,0,
2026-06-19 17:15:15.854,1781907315854,4033.3225,3.0,0,1,0,
2026-06-19 17:15:15.894,1781907315894,4033.3225,3.9,0,1,0,
2026-06-19 17:15:15.934,1781907315934,4033.3225,3.9,0,1,0,
2026-06-19 17:15:15.973,1781907315973,4033.3225,3.3,0,0,0,
2026-06-19 17:15:16.014,1781907316014,3892.8594,4.3,0,1,0,
2026-06-19 17:15:16.054,1781907316054,3892.8594,3.5,0,1,0,
2026-06-19 17:15:16.094,1781907316094,3892.8594,4.3,0,0,0,
2026-06-19 17:15:16.134,1781907316134,3892.8594,4.1,0,0,0,
2026-06-19 17:15:16.173,1781907316173,3892.8594,4.1,0,0,0,
2026-06-19 17:15:16.213,1781907316213,3892.8594,3.9,0,1,0,
2026-06-19 17:15:16.254,1781907316254,3892.8594,4.8,0,1,0,
2026-06-19 17:15:16.294,1781907316294,3752.9778,4.4,0,1,0,
2026-06-19 17:15:16.334,1781907316334,3752.9778,4.1,0,1,0,
2026-06-19 17:15:16.373,1781907316373,3752.9778,4.2,0,1,0,
2026-06-19 17:15:16.413,1781907316414,3752.9778,4.4,0,1,0,
2026-06-19 17:15:16.454,1781907316454,3752.9778,4.0,0,1,0,
2026-06-19 17:15:16.494,1781907316494,3752.9778,4.0,0,1,0,
2026-06-19 17:15:16.534,1781907316534,5239.8208,4.0,0,1,0,
2026-06-19 17:15:16.573,1781907316573,5239.8208,4.1,0,1,0,
2026-06-19 17:15:16.614,1781907316614,5239.8208,4.1,0,1,0,
2026-06-19 17:15:16.654,1781907316654,5239.8208,4.4,0,1,0,
2026-06-19 17:15:16.694,1781907316694,5239.8208,4.0,0,1,0,
2026-06-19 17:15:16.733,1781907316734,5239.8208,3.9,0,1,0,
2026-06-19 17:15:16.774,1781907316774,5239.8208,3.3,0,1,0,
2026-06-19 17:15:16.814,1781907316814,5055.0537,3.2,0,1,0,
2026-06-19 17:15:16.854,1781907316854,5055.0537,3.1,0,1,0,
2026-06-19 17:15:16.893,1781907316893,5055.0537,3.1,0,1,0,
2026-06-19 17:15:16.934,1781907316934,5055.0537,3.0,0,1,0,
2026-06-19 17:15:16.973,1781907316974,5055.0537,3.2,0,1,0,
2026-06-19 17:15:17.014,1781907317014,5055.0537,3.2,0,1,0,
2026-06-19 17:15:17.054,1781907317054,7473.5322,2.6,0,1,0,
2026-06-19 17:15:17.094,1781907317094,7473.5322,2.9,0,1,0,
2026-06-19 17:15:17.133,1781907317133,7473.5322,2.6,0,1,0,
2026-06-19 17:15:17.173,1781907317174,7473.5322,2.6,0,1,0,
2026-06-19 17:15:17.214,1781907317214,7473.5322,3.1,0,1,0,
2026-06-19 17:15:17.254,1781907317254,7473.5322,3.1,0,1,0,
2026-06-19 17:15:17.294,1781907317294,7473.5322,2.8,0,1,0,
2026-06-19 17:15:17.334,1781907317334,7467.6123,2.5,0,1,0,
2026-06-19 17:15:17.374,1781907317374,7467.6123,3.6,0,1,0,
2026-06-19 17:15:17.414,1781907317414,7467.6123,2.9,0,1,0,
2026-06-19 17:15:17.454,1781907317454,7467.6123,3.9,0,1,0,
2026-06-19 17:15:17.494,1781907317494,7467.6123,3.8,0,1,0,
2026-06-19 17:15:17.534,1781907317534,7467.6123,3.9,0,1,0,
2026-06-19 17:15:17.574,1781907317574,6485.8667,3.8,0,1,0,
2026-06-19 17:15:17.614,1781907317614,6485.8667,2.9,0,1,0,
2026-06-19 17:15:17.654,1781907317654,6485.8667,3.7,0,1,0,
2026-06-19 17:15:17.694,1781907317694,6485.8667,3.9,0,1,0,
2026-06-19 17:15:17.733,1781907317734,6485.8667,3.9,0,1,0,
2026-06-19 17:15:17.774,1781907317774,6485.8667,3.8,0,1,0,
2026-06-19 17:15:17.814,1781907317814,6485.8667,3.4,0,1,0,
2026-06-19 17:15:17.854,1781907317854,6345.7715,3.4,0,1,0,
2026-06-19 17:15:17.894,1781907317894,6345.7715,4.0,0,1,0,
2026-06-19 17:15:17.934,1781907317934,6345.7715,3.9,0,1,0,
2026-06-19 17:15:17.974,1781907317974,6345.7715,4.4,0,1,0,
2026-06-19 17:15:18.014,1781907318014,6345.7715,4.4,0,1,0,
2026-06-19 17:15:18.054,1781907318054,6345.7715,4.4,0,1,0,
2026-06-19 17:15:18.094,1781907318094,5963.8018,4.3,0,1,0,
2026-06-19 17:15:18.134,1781907318134,5963.8018,3.9,0,1,0,
2026-06-19 17:15:18.174,1781907318174,5963.8018,4.3,0,1,0,
2026-06-19 17:15:18.214,1781907318214,5963.8018,4.0,0,1,0,
2026-06-19 17:15:18.254,1781907318254,5963.8018,3.7,0,1,0,
2026-06-19 17:15:18.294,1781907318294,5963.8018,3.3,0,1,0,
2026-06-19 17:15:18.334,1781907318334,5963.8018,3.9,0,1,0,
2026-06-19 17:15:18.373,1781907318374,5687.2344,3.4,0,1,0,
2026-06-19 17:15:18.414,1781907318414,5687.2344,3.8,0,1,0,
2026-06-19 17:15:18.453,1781907318454,5687.2344,4.0,0,1,0,
2026-06-19 17:15:18.493,1781907318494,5687.2344,4.3,0,1,0,
2026-06-19 17:15:18.533,1781907318533,5687.2344,4.0,0,1,0,
2026-06-19 17:15:18.573,1781907318574,5687.2344,3.9,0,1,0,
2026-06-19 17:15:18.614,1781907318614,5788.1255,3.8,0,1,0,
2026-06-19 17:15:18.654,1781907318654,5788.1255,4.4,0,1,0,
2026-06-19 17:15:18.694,1781907318694,5788.1255,4.3,0,1,0,
2026-06-19 17:15:18.733,1781907318734,5788.1255,5.3,0,1,0,
2026-06-19 17:15:18.774,1781907318774,5788.1255,4.6,0,1,0,
2026-06-19 17:15:18.814,1781907318814,5788.1255,4.5,0,1,0,
2026-06-19 17:15:18.854,1781907318854,5788.1255,5.0,0,0,0,
2026-06-19 17:15:18.894,1781907318894,4169.9282,4.9,0,0,0,
2026-06-19 17:15:18.934,1781907318934,4169.9282,4.8,0,0,0,
2026-06-19 17:15:18.973,1781907318974,4169.9282,5.2,0,0,0,
2026-06-19 17:15:19.013,1781907319013,4169.9282,5.3,0,0,0,
2026-06-19 17:15:19.054,1781907319054,4169.9282,5.2,0,0,0,
2026-06-19 17:15:19.094,1781907319094,4169.9282,5.2,0,0,0,
2026-06-19 17:15:19.134,1781907319134,4845.9688,4.8,0,0,0,
2026-06-19 17:15:19.173,1781907319173,4845.9688,4.3,0,0,0,
2026-06-19 17:15:19.214,1781907319214,4845.9688,3.3,0,1,0,
2026-06-19 17:15:19.254,1781907319254,4845.9688,3.3,0,1,0,
2026-06-19 17:15:19.294,1781907319294,4845.9688,3.8,0,1,0,
2026-06-19 17:15:19.334,1781907319334,4845.9688,3.8,0,1,0,
2026-06-19 17:15:19.374,1781907319374,4845.9688,4.2,0,1,0,
2026-06-19 17:15:19.413,1781907319414,6443.4878,4.2,0,1,0,
2026-06-19 17:15:19.454,1781907319454,6443.4878,3.8,0,1,0,
2026-06-19 17:15:19.494,1781907319494,6443.4878,4.2,0,1,0,FUGA
2026-06-19 17:15:19.534,1781907319534,6443.4878,4.2,0,1,0,
2026-06-19 17:15:19.574,1781907319574,6443.4878,4.3,0,1,0,
2026-06-19 17:15:19.614,1781907319614,6443.4878,3.7,0,1,0,
2026-06-19 17:15:19.654,1781907319654,5957.2368,3.7,0,1,0,
2026-06-19 17:15:19.694,1781907319694,5957.2368,3.7,0,1,0,
2026-06-19 17:15:19.734,1781907319734,5957.2368,4.2,0,1,0,
2026-06-19 17:15:19.774,1781907319774,5957.2368,3.8,0,1,0,
2026-06-19 17:15:19.814,1781907319814,5957.2368,3.7,0,1,0,
2026-06-19 17:15:19.854,1781907319854,5957.2368,3.8,0,1,0,
2026-06-19 17:15:19.894,1781907319894,5957.2368,4.2,0,1,0,
2026-06-19 17:15:19.934,1781907319934,5948.6064,3.7,0,1,0,
2026-06-19 17:15:19.974,1781907319974,5948.6064,3.7,0,1,0,
2026-06-19 17:15:20.014,1781907320014,5948.6064,3.7,0,1,0,
2026-06-19 17:15:20.054,1781907320054,5948.6064,4.3,0,1,0,
2026-06-19 17:15:20.094,1781907320094,5948.6064,4.3,0,1,0,
2026-06-19 17:15:20.134,1781907320134,5948.6064,4.6,0,1,0,
2026-06-19 17:15:20.174,1781907320174,5842.0322,4.6,0,1,0,
2026-06-19 17:15:20.214,1781907320214,5842.0322,4.1,0,1,0,
2026-06-19 17:15:20.254,1781907320254,5842.0322,4.3,0,1,0,
2026-06-19 17:15:20.294,1781907320294,5842.0322,4.6,0,1,0,
2026-06-19 17:15:20.334,1781907320334,5842.0322,4.6,0,1,0,
2026-06-19 17:15:20.374,1781907320374,5842.0322,4.3,0,1,0,
2026-06-19 17:15:20.414,1781907320414,5842.0322,4.6,0,1,0,
2026-06-19 17:15:20.454,1781907320454,5650.6992,4.2,0,1,0,
2026-06-19 17:15:20.494,1781907320494,5650.6992,3.7,0,1,0,
2026-06-19 17:15:20.534,1781907320534,5650.6992,3.4,0,1,0,
2026-06-19 17:15:20.574,1781907320574,5650.6992,3.8,0,1,0,
2026-06-19 17:15:20.614,1781907320614,5650.6992,3.7,0,1,0,
2026-06-19 17:15:20.654,1781907320654,5650.6992,3.8,0,1,0,
2026-06-19 17:15:20.694,1781907320694,5365.0005,3.7,0,1,0,
2026-06-19 17:15:20.734,1781907320734,5365.0005,3.7,0,1,0,
2026-06-19 17:15:20.774,1781907320774,5365.0005,3.4,0,1,0,
2026-06-19 17:15:20.814,1781907320814,5365.0005,4.3,0,1,0,
2026-06-19 17:15:20.854,1781907320854,5365.0005,4.3,0,1,0,
2026-06-19 17:15:20.894,1781907320894,5365.0005,3.9,0,1,0,
2026-06-19 17:15:20.934,1781907320934,5365.0005,4.4,0,1,0,
2026-06-19 17:15:20.974,1781907320974,5075.6113,5.3,0,1,0,
2026-06-19 17:15:21.014,1781907321014,5075.6113,4.4,0,1,0,
2026-06-19 17:15:21.054,1781907321054,5075.6113,4.9,0,1,0,
2026-06-19 17:15:21.094,1781907321094,5075.6113,4.9,0,1,0,
2026-06-19 17:15:21.134,1781907321134,5075.6113,4.6,0,1,0,
2026-06-19 17:15:21.174,1781907321174,5075.6113,4.6,0,1,0,
2026-06-19 17:15:21.214,1781907321214,5026.1616,4.1,0,1,0,
2026-06-19 17:15:21.254,1781907321254,5026.1616,4.3,0,1,0,
2026-06-19 17:15:21.294,1781907321294,5026.1616,4.3,0,1,0,
2026-06-19 17:15:21.334,1781907321334,5026.1616,4.6,0,1,0,
2026-06-19 17:15:21.374,1781907321374,5026.1616,5.2,0,1,0,
2026-06-19 17:15:21.414,1781907321414,5026.1616,5.2,0,1,0,
2026-06-19 17:15:21.454,1781907321454,5026.1616,5.3,0,1,0,
2026-06-19 17:15:21.494,1781907321494,3252.3779,4.5,0,1,0,
2026-06-19 17:15:21.534,1781907321534,3252.3779,4.6,0,1,0,
2026-06-19 17:15:21.574,1781907321574,3252.3779,4.5,0,1,0,
2026-06-19 17:15:21.614,1781907321614,3252.3779,5.3,0,1,0,
2026-06-19 17:15:21.654,1781907321654,3252.3779,5.6,0,1,0,
2026-06-19 17:15:21.694,1781907321694,3252.3779,6.0,0,1,0,
2026-06-19 17:15:21.734,1781907321734,3010.4819,6.8,0,1,0,
2026-06-19 17:15:21.774,1781907321774,3010.4819,7.2,0,1,0,
2026-06-19 17:15:21.814,1781907321814,3010.4819,5.6,0,1,0,
2026-06-19 17:15:21.854,1781907321854,3010.4819,6.8,0,1,0,
2026-06-19 17:15:21.894,1781907321894,3010.4819,4.3,0,1,0,
2026-06-19 17:15:21.934,1781907321934,3010.4819,5.1,0,1,0,
2026-06-19 17:15:21.974,1781907321974,3010.4819,5.0,0,0,0,
2026-06-19 17:15:22.014,1781907322014,3218.0120,6.3,0,0,0,
2026-06-19 17:15:22.054,1781907322054,3218.0120,4.2,0,0,0,
2026-06-19 17:15:22.094,1781907322094,3218.0120,4.5,0,0,0,
2026-06-19 17:15:22.134,1781907322134,3218.0120,3.9,0,0,0,
2026-06-19 17:15:22.174,1781907322174,3218.0120,6.8,0,0,0,
2026-06-19 17:15:22.214,1781907322214,3218.0120,4.4,0,0,0,
2026-06-19 17:15:22.254,1781907322254,3521.9719,9.7,0,0,0,
2026-06-19 17:15:22.296,1781907322296,3521.9719,3.4,0,0,0,
2026-06-19 17:15:22.334,1781907322334,3521.9719,5.0,0,0,0,
2026-06-19 17:15:22.374,1781907322374,3521.9719,3.5,0,0,0,
2026-06-19 17:15:22.414,1781907322414,3521.9719,3.4,0,0,0,
2026-06-19 17:15:22.454,1781907322454,3521.9719,2.9,0,0,0,
2026-06-19 17:15:22.494,1781907322494,3521.9719,3.4,0,0,0,
2026-06-19 17:15:22.534,1781907322534,1247.9515,2.9,0,0,0,
2026-06-19 17:15:22.574,1781907322574,1247.9515,3.0,0,0,0,
2026-06-19 17:15:22.614,1781907322614,1247.9515,3.0,0,0,0,
2026-06-19 17:15:22.654,1781907322654,1247.9515,3.4,0,0,0,
2026-06-19 17:15:22.694,1781907322694,1247.9515,3.2,0,0,0,
2026-06-19 17:15:22.734,1781907322734,1247.9515,3.4,0,0,0,
2026-06-19 17:15:22.774,1781907322774,691.4457,3.3,0,0,0,
2026-06-19 17:15:22.813,1781907322813,691.4457,3.7,0,0,0,
2026-06-19 17:15:22.854,1781907322854,691.4457,3.7,0,0,0,
2026-06-19 17:15:22.894,1781907322894,691.4457,3.7,0,0,0,
2026-06-19 17:15:22.934,1781907322934,691.4457,3.6,0,0,0,
2026-06-19 17:15:22.974,1781907322974,691.4457,3.7,0,0,0,
2026-06-19 17:15:23.013,1781907323014,691.4457,3.7,0,0,0,
2026-06-19 17:15:23.054,1781907323054,647.0281,3.7,0,0,0,
2026-06-19 17:15:23.094,1781907323094,647.0281,3.7,0,0,0,
2026-06-19 17:15:23.134,1781907323134,647.0281,3.8,0,0,0,
2026-06-19 17:15:23.174,1781907323174,647.0281,3.3,0,0,0,
2026-06-19 17:15:23.214,1781907323214,647.0281,3.3,0,0,0,
2026-06-19 17:15:23.254,1781907323254,647.0281,3.3,0,0,0,
2026-06-19 17:15:23.294,1781907323294,639.4608,4.6,0,0,0,
2026-06-19 17:15:23.334,1781907323334,639.4608,4.3,0,0,0,
2026-06-19 17:15:23.374,1781907323374,639.4608,5.1,0,0,0,
2026-06-19 17:15:23.414,1781907323414,639.4608,4.4,0,1,0,
2026-06-19 17:15:23.454,1781907323454,639.4608,6.4,0,1,0,
2026-06-19 17:15:23.494,1781907323494,639.4608,4.2,0,0,0,
2026-06-19 17:15:23.534,1781907323534,639.4608,4.6,0,1,0,
2026-06-19 17:15:23.574,1781907323574,636.8976,2.8,0,0,0,
2026-06-19 17:15:23.614,1781907323614,636.8976,2.9,0,1,0,
2026-06-19 17:15:23.654,1781907323654,636.8976,2.5,0,1,0,
2026-06-19 17:15:23.694,1781907323694,636.8976,3.0,0,1,0,
2026-06-19 17:15:23.734,1781907323734,636.8976,3.1,0,1,0,
2026-06-19 17:15:23.774,1781907323774,636.8976,2.9,0,1,0,
2026-06-19 17:15:23.814,1781907323814,651.4193,2.9,0,1,0,
2026-06-19 17:15:23.854,1781907323854,651.4193,2.8,0,1,0,
2026-06-19 17:15:23.894,1781907323894,651.4193,2.9,0,1,0,
2026-06-19 17:15:23.934,1781907323934,651.4193,3.9,0,1,0,
2026-06-19 17:15:23.974,1781907323974,651.4193,6.1,0,1,0,
2026-06-19 17:15:24.014,1781907324014,651.4193,5.8,0,1,0,
2026-06-19 17:15:24.054,1781907324054,651.4193,4.4,0,1,0,
2026-06-19 17:15:24.094,1781907324094,611.5649,3.7,0,1,0,
2026-06-19 17:15:24.134,1781907324134,611.5649,3.4,0,1,0,
2026-06-19 17:15:24.174,1781907324174,611.5649,2.9,0,1,0,
2026-06-19 17:15:24.214,1781907324214,611.5649,2.9,0,0,0,
2026-06-19 17:15:24.254,1781907324254,611.5649,2.9,0,0,0,
2026-06-19 17:15:24.294,1781907324294,611.5649,3.3,0,0,0,
2026-06-19 17:15:24.334,1781907324334,695.8169,3.3,0,0,0,
2026-06-19 17:15:24.374,1781907324374,695.8169,2.9,0,0,0,
2026-06-19 17:15:24.414,1781907324414,695.8169,3.3,0,0,0,
2026-06-19 17:15:24.454,1781907324454,695.8169,3.3,0,0,0,
2026-06-19 17:15:24.494,1781907324494,695.8169,3.7,0,0,0,
2026-06-19 17:15:24.534,1781907324534,695.8169,3.2,0,0,0,
2026-06-19 17:15:24.574,1781907324574,695.8169,3.2,0,1,0,
2026-06-19 17:15:24.614,1781907324614,645.1545,2.8,0,1,0,
2026-06-19 17:15:24.654,1781907324654,645.1545,3.3,0,1,0,
2026-06-19 17:15:24.694,1781907324694,645.1545,2.8,0,1,0,
2026-06-19 17:15:24.734,1781907324734,645.1545,3.4,0,1,0,
2026-06-19 17:15:24.774,1781907324774,645.1545,3.3,0,1,0,
2026-06-19 17:15:24.814,1781907324814,645.1545,3.3,0,1,0,
2026-06-19 17:15:24.854,1781907324854,661.4702,4.1,0,1,0,
2026-06-19 17:15:24.894,1781907324894,661.4702,4.5,0,1,0,
2026-06-19 17:15:24.934,1781907324934,661.4702,3.6,0,1,0,
2026-06-19 17:15:24.974,1781907324974,661.4702,3.2,0,1,0,
2026-06-19 17:15:25.014,1781907325014,661.4702,3.1,0,1,0,
2026-06-19 17:15:25.054,1781907325054,661.4702,3.1,0,1,0,
2026-06-19 17:15:25.094,1781907325094,661.4702,3.1,0,1,0,
2026-06-19 17:15:25.134,1781907325134,778.4384,3.2,0,1,0,
2026-06-19 17:15:25.174,1781907325174,778.4384,3.3,0,1,0,
2026-06-19 17:15:25.214,1781907325214,778.4384,2.8,0,1,0,
2026-06-19 17:15:25.254,1781907325254,778.4384,3.4,0,1,0,
2026-06-19 17:15:25.294,1781907325294,778.4384,4.6,0,0,0,
2026-06-19 17:15:25.334,1781907325334,778.4384,7.7,0,0,0,
2026-06-19 17:15:25.374,1781907325374,1362.5388,4.3,0,0,0,
2026-06-19 17:15:25.414,1781907325414,1362.5388,4.3,0,0,0,
2026-06-19 17:15:25.454,1781907325454,1362.5388,3.5,0,0,0,
2026-06-19 17:15:25.494,1781907325494,1362.5388,4.4,0,0,0,
2026-06-19 17:15:25.534,1781907325534,1362.5388,4.0,0,0,0,
2026-06-19 17:15:25.574,1781907325574,1362.5388,3.9,0,0,0,
2026-06-19 17:15:25.614,1781907325614,1362.5388,4.0,0,0,0,
2026-06-19 17:15:25.654,1781907325654,3588.5388,4.3,0,0,0,
2026-06-19 17:15:25.694,1781907325694,3588.5388,4.3,0,0,0,
2026-06-19 17:15:25.734,1781907325734,3588.5388,4.3,0,0,0,
2026-06-19 17:15:25.774,1781907325774,3588.5388,3.9,0,0,0,
2026-06-19 17:15:25.814,1781907325814,3588.5388,4.4,0,0,0,
2026-06-19 17:15:25.854,1781907325854,3588.5388,4.0,0,0,0,
2026-06-19 17:15:25.894,1781907325894,3381.4148,3.9,0,0,0,
2026-06-19 17:15:25.934,1781907325934,3381.4148,3.8,0,0,0,
2026-06-19 17:15:25.974,1781907325974,3381.4148,4.0,0,0,0,
2026-06-19 17:15:26.014,1781907326014,3381.4148,4.3,0,0,0,
2026-06-19 17:15:26.054,1781907326054,3381.4148,4.4,0,0,0,
2026-06-19 17:15:26.094,1781907326094,3381.4148,4.0,0,0,0,
2026-06-19 17:15:26.134,1781907326134,3381.4148,4.4,0,0,0,
2026-06-19 17:15:26.174,1781907326174,3359.0513,4.4,0,0,0,
2026-06-19 17:15:26.214,1781907326214,3359.0513,4.0,0,0,0,
2026-06-19 17:15:26.254,1781907326254,3359.0513,4.0,0,0,0,
2026-06-19 17:15:26.294,1781907326294,3359.0513,4.0,0,0,0,
2026-06-19 17:15:26.334,1781907326334,3359.0513,4.0,0,0,0,
2026-06-19 17:15:26.374,1781907326374,3359.0513,3.9,0,0,0,
2026-06-19 17:15:26.414,1781907326414,3567.0483,3.9,0,0,0,
2026-06-19 17:15:26.454,1781907326454,3567.0483,3.9,0,0,0,
2026-06-19 17:15:26.494,1781907326494,3567.0483,4.0,0,0,0,
2026-06-19 17:15:26.534,1781907326534,3567.0483,4.0,0,0,0,
2026-06-19 17:15:26.574,1781907326574,3567.0483,4.1,0,0,0,
2026-06-19 17:15:26.614,1781907326614,3567.0483,4.5,0,0,0,
2026-06-19 17:15:26.654,1781907326654,3567.0483,4.2,0,0,0,
2026-06-19 17:15:26.694,1781907326694,3406.3135,4.2,0,0,0,
2026-06-19 17:15:26.734,1781907326734,3406.3135,5.9,0,0,0,
2026-06-19 17:15:26.774,1781907326774,3406.3135,3.3,0,1,0,
2026-06-19 17:15:26.814,1781907326814,3406.3135,3.9,0,1,0,
2026-06-19 17:15:26.855,1781907326855,3406.3135,3.9,0,1,0,
2026-06-19 17:15:26.894,1781907326894,3406.3135,3.7,0,1,0,
2026-06-19 17:15:26.934,1781907326934,2825.9868,3.3,0,1,0,
2026-06-19 17:15:26.974,1781907326974,2825.9868,3.7,0,1,0,
2026-06-19 17:15:27.014,1781907327014,2825.9868,4.0,0,1,0,
2026-06-19 17:15:27.054,1781907327054,2825.9868,3.9,0,1,0,
2026-06-19 17:15:27.094,1781907327094,2825.9868,3.3,0,1,0,
2026-06-19 17:15:27.134,1781907327134,2825.9868,3.6,0,1,0,
2026-06-19 17:15:27.174,1781907327174,2825.9868,8.1,0,1,0,
2026-06-19 17:15:27.214,1781907327214,1118.6980,3.7,0,1,0,
2026-06-19 17:15:27.254,1781907327254,1118.6980,3.3,0,1,0,
2026-06-19 17:15:27.294,1781907327294,1118.6980,3.8,0,1,0,
2026-06-19 17:15:27.334,1781907327334,1118.6980,3.4,0,0,0,
2026-06-19 17:15:27.374,1781907327374,1118.6980,3.3,0,0,0,
2026-06-19 17:15:27.414,1781907327414,1118.6980,3.3,0,0,0,
2026-06-19 17:15:27.454,1781907327454,2015.2434,4.1,0,0,0,
2026-06-19 17:15:27.494,1781907327494,2015.2434,5.3,0,0,0,
2026-06-19 17:15:27.534,1781907327534,2015.2434,5.2,0,0,0,
2026-06-19 17:15:27.574,1781907327574,2015.2434,3.9,0,0,0,
2026-06-19 17:15:27.614,1781907327614,2015.2434,3.9,0,0,0,
2026-06-19 17:15:27.654,1781907327654,2015.2434,4.4,0,0,0,
2026-06-19 17:15:27.694,1781907327694,2015.2434,5.2,0,0,0,
2026-06-19 17:15:27.734,1781907327734,3355.4509,5.2,0,0,0,
2026-06-19 17:15:27.774,1781907327774,3355.4509,5.2,0,0,0,
2026-06-19 17:15:27.814,1781907327814,3355.4509,5.2,0,0,0,
2026-06-19 17:15:27.854,1781907327854,3355.4509,4.7,0,0,0,
2026-06-19 17:15:27.894,1781907327894,3355.4509,4.6,0,1,0,
2026-06-19 17:15:27.934,1781907327934,3355.4509,4.2,0,0,0,
2026-06-19 17:15:27.974,1781907327974,4244.7251,4.1,0,0,0,
2026-06-19 17:15:28.014,1781907328014,4244.7251,3.7,0,0,0,
2026-06-19 17:15:28.054,1781907328054,4244.7251,4.2,0,0,0,
2026-06-19 17:15:28.094,1781907328094,4244.7251,4.2,0,0,0,
2026-06-19 17:15:28.134,1781907328134,4244.7251,3.7,0,0,0,
2026-06-19 17:15:28.174,1781907328174,4244.7251,4.9,0,0,0,
2026-06-19 17:15:28.214,1781907328214,4244.7251,4.3,0,1,0,
2026-06-19 17:15:28.254,1781907328254,4621.5625,5.2,0,1,0,
2026-06-19 17:15:28.294,1781907328294,4621.5625,26.9,0,0,0,
2026-06-19 17:15:28.334,1781907328334,4621.5625,4.6,0,0,0,
2026-06-19 17:15:28.374,1781907328374,4621.5625,6.0,0,0,0,
2026-06-19 17:15:28.414,1781907328414,4621.5625,5.9,0,0,0,
2026-06-19 17:15:28.454,1781907328454,4621.5625,5.3,0,0,0,
2026-06-19 17:15:28.494,1781907328494,3395.2605,4.6,0,0,0,
2026-06-19 17:15:28.534,1781907328534,3395.2605,5.3,0,0,0,
2026-06-19 17:15:28.574,1781907328574,3395.2605,4.6,0,0,0,
2026-06-19 17:15:28.614,1781907328614,3395.2605,4.6,0,0,0,
2026-06-19 17:15:28.654,1781907328654,3395.2605,4.3,0,0,0,
2026-06-19 17:15:28.694,1781907328694,3395.2605,4.5,0,0,0,
2026-06-19 17:15:28.734,1781907328734,3395.2605,4.9,0,0,0,
2026-06-19 17:15:28.774,1781907328774,1453.8411,2.7,0,0,0,
2026-06-19 17:15:28.814,1781907328814,1453.8411,4.5,0,0,0,
2026-06-19 17:15:28.854,1781907328854,1453.8411,4.6,0,1,0,
2026-06-19 17:15:28.894,1781907328894,1453.8411,4.5,0,0,0,
2026-06-19 17:15:28.934,1781907328934,1453.8411,4.5,0,0,0,
2026-06-19 17:15:28.974,1781907328974,1453.8411,4.5,0,0,0,
2026-06-19 17:15:29.014,1781907329014,2801.4915,4.6,0,0,0,
2026-06-19 17:15:29.054,1781907329054,2801.4915,4.3,0,0,0,
2026-06-19 17:15:29.094,1781907329094,2801.4915,4.7,0,0,0,
2026-06-19 17:15:29.134,1781907329134,2801.4915,4.8,0,0,0,
2026-06-19 17:15:29.174,1781907329174,2801.4915,5.0,0,0,0,
2026-06-19 17:15:29.214,1781907329214,2801.4915,5.2,0,0,0,
2026-06-19 17:15:29.254,1781907329254,2801.4915,6.1,0,0,0,
2026-06-19 17:15:29.294,1781907329294,1962.8064,5.9,0,0,0,
2026-06-19 17:15:29.334,1781907329334,1962.8064,6.1,0,0,0,
2026-06-19 17:15:29.374,1781907329374,1962.8064,6.0,0,0,0,
2026-06-19 17:15:29.414,1781907329414,1962.8064,5.6,0,0,0,
2026-06-19 17:15:29.454,1781907329454,1962.8064,6.5,0,0,0,
2026-06-19 17:15:29.494,1781907329494,1962.8064,6.8,0,0,0,
2026-06-19 17:15:29.534,1781907329534,1617.5876,5.4,0,0,0,
2026-06-19 17:15:29.574,1781907329574,1617.5876,6.6,0,0,0,
2026-06-19 17:15:29.614,1781907329614,1617.5876,6.2,0,0,0,
2026-06-19 17:15:29.654,1781907329654,1617.5876,6.2,0,0,0,
2026-06-19 17:15:29.694,1781907329694,1617.5876,4.1,0,0,0,
2026-06-19 17:15:29.734,1781907329734,1617.5876,6.6,0,0,0,
2026-06-19 17:15:29.774,1781907329774,1617.5876,6.7,0,0,0,
2026-06-19 17:15:29.814,1781907329814,1985.1152,6.6,0,0,0,
2026-06-19 17:15:29.854,1781907329854,1985.1152,7.0,0,1,0,
2026-06-19 17:15:29.894,1781907329894,1985.1152,6.4,0,0,0,
2026-06-19 17:15:29.934,1781907329934,1985.1152,5.9,0,0,0,
2026-06-19 17:15:29.974,1781907329974,1985.1152,5.4,0,0,0,
2026-06-19 17:15:30.014,1781907330014,1985.1152,6.2,0,0,0,
2026-06-19 17:15:30.054,1781907330054,1094.1815,6.1,0,0,0,
2026-06-19 17:15:30.094,1781907330094,1094.1815,6.6,0,0,0,
2026-06-19 17:15:30.134,1781907330134,1094.1815,5.7,0,0,0,
2026-06-19 17:15:30.174,1781907330174,1094.1815,6.2,0,0,0,
2026-06-19 17:15:30.214,1781907330214,1094.1815,6.1,0,0,0,
2026-06-19 17:15:30.254,1781907330254,1094.1815,6.5,0,0,0,
2026-06-19 17:15:30.294,1781907330294,1094.1815,6.5,0,0,0,
2026-06-19 17:15:30.334,1781907330334,1449.7749,6.5,0,0,0,
2026-06-19 17:15:30.374,1781907330374,1449.7749,6.1,0,0,0,
2026-06-19 17:15:30.414,1781907330414,1449.7749,6.1,0,0,0,
2026-06-19 17:15:30.454,1781907330454,1449.7749,6.1,0,0,0,
2026-06-19 17:15:30.494,1781907330494,1449.7749,6.2,0,0,0,
2026-06-19 17:15:30.534,1781907330534,1449.7749,6.1,0,0,0,
2026-06-19 17:15:30.574,1781907330574,1511.4619,5.7,0,0,0,
2026-06-19 17:15:30.614,1781907330614,1511.4619,6.5,0,0,0,
2026-06-19 17:15:30.654,1781907330654,1511.4619,6.7,0,0,0,
2026-06-19 17:15:30.694,1781907330694,1511.4619,6.6,0,0,0,
2026-06-19 17:15:30.734,1781907330734,1511.4619,6.1,0,0,0,
2026-06-19 17:15:30.774,1781907330774,1511.4619,6.1,0,0,0,
2026-06-19 17:15:30.814,1781907330814,1511.4619,6.1,0,0,0,
2026-06-19 17:15:30.854,1781907330854,1433.1792,5.3,0,0,0,
2026-06-19 17:15:30.894,1781907330894,1433.1792,6.1,0,0,0,
2026-06-19 17:15:30.934,1781907330934,1433.1792,6.1,0,0,0,
2026-06-19 17:15:30.974,1781907330974,1433.1792,6.1,0,0,0,
2026-06-19 17:15:31.014,1781907331014,1433.1792,6.1,0,0,0,
2026-06-19 17:15:31.054,1781907331054,1433.1792,6.1,0,0,0,
2026-06-19 17:15:31.094,1781907331094,1374.9449,6.5,0,0,0,
2026-06-19 17:15:31.134,1781907331134,1374.9449,6.1,0,0,0,
