Timestamp,Epoch_Time_ms,MAG,D,P1,P2,P3
2026-06-19 16:48:35.998,1781905715998,167.8125,5.7,0,0,0
2026-06-19 16:48:36.038,1781905716038,167.8125,5.7,0,0,0
2026-06-19 16:48:36.078,1781905716078,167.8125,5.6,0,0,0
2026-06-19 16:48:36.118,1781905716118,167.8125,5.6,0,0,0
2026-06-19 16:48:36.158,1781905716158,167.8125,5.7,0,0,0
2026-06-19 16:48:36.198,1781905716198,159.5938,5.6,0,0,0
2026-06-19 16:48:36.238,1781905716238,159.5938,5.5,0,0,0
2026-06-19 16:48:36.278,1781905716278,159.5938,5.7,0,0,0
2026-06-19 16:48:36.318,1781905716318,159.5938,5.6,0,0,0
2026-06-19 16:48:36.358,1781905716358,159.5938,5.7,0,0,0
2026-06-19 16:48:36.398,1781905716398,159.5938,5.5,0,0,0
2026-06-19 16:48:36.438,1781905716438,162.4766,5.6,0,0,0
2026-06-19 16:48:36.478,1781905716478,162.4766,5.6,0,0,0
2026-06-19 16:48:36.518,1781905716518,162.4766,5.6,0,0,0
2026-06-19 16:48:36.559,1781905716559,162.4766,5.6,0,0,0
2026-06-19 16:48:36.598,1781905716598,162.4766,5.6,0,0,0
2026-06-19 16:48:36.638,1781905716638,162.4766,5.6,0,0,0
2026-06-19 16:48:36.678,1781905716678,162.4766,5.7,0,0,0
2026-06-19 16:48:36.718,1781905716718,156.9321,5.6,0,0,0
2026-06-19 16:48:36.758,1781905716758,156.9321,5.6,0,0,0
2026-06-19 16:48:36.798,1781905716798,156.9321,5.7,0,0,0
2026-06-19 16:48:36.838,1781905716838,156.9321,5.5,0,0,0
2026-06-19 16:48:36.878,1781905716878,156.9321,5.6,0,0,0
2026-06-19 16:48:36.918,1781905716918,156.9321,5.6,0,0,0
2026-06-19 16:48:36.958,1781905716958,163.2015,5.6,0,0,0
2026-06-19 16:48:36.998,1781905716998,163.2015,5.5,0,0,0
2026-06-19 16:48:37.038,1781905717038,163.2015,5.6,0,0,0
2026-06-19 16:48:37.078,1781905717078,163.2015,5.7,0,0,0
2026-06-19 16:48:37.118,1781905717118,163.2015,5.6,0,0,0
2026-06-19 16:48:37.158,1781905717158,163.2015,5.6,0,0,0
2026-06-19 16:48:37.198,1781905717198,163.2015,5.6,0,0,0
2026-06-19 16:48:37.238,1781905717238,163.6101,5.6,0,0,0
2026-06-19 16:48:37.278,1781905717278,163.6101,5.6,0,0,0
2026-06-19 16:48:37.318,1781905717318,163.6101,5.6,0,0,0
2026-06-19 16:48:37.358,1781905717358,163.6101,5.6,0,0,0
2026-06-19 16:48:37.398,1781905717398,163.6101,5.6,0,0,0
2026-06-19 16:48:37.438,1781905717439,163.6101,5.6,0,0,0
2026-06-19 16:48:37.478,1781905717478,203.0689,5.6,0,0,0
2026-06-19 16:48:37.519,1781905717519,203.0689,5.6,0,0,0
2026-06-19 16:48:37.558,1781905717558,203.0689,5.7,0,0,0
2026-06-19 16:48:37.598,1781905717598,203.0689,5.7,0,0,0
2026-06-19 16:48:37.638,1781905717638,203.0689,5.6,0,0,0
2026-06-19 16:48:37.678,1781905717678,203.0689,5.7,0,0,0
2026-06-19 16:48:37.718,1781905717718,203.0689,5.6,0,0,0
2026-06-19 16:48:37.758,1781905717758,160.9213,5.6,0,0,0
2026-06-19 16:48:37.798,1781905717798,160.9213,5.6,0,0,0
2026-06-19 16:48:37.838,1781905717838,160.9213,5.6,0,0,0
2026-06-19 16:48:37.878,1781905717878,160.9213,5.6,0,0,0
2026-06-19 16:48:37.918,1781905717918,160.9213,5.6,0,0,0
2026-06-19 16:48:37.958,1781905717958,160.9213,5.7,0,0,0
2026-06-19 16:48:37.999,1781905717999,184.6888,5.6,0,0,0
2026-06-19 16:48:38.039,1781905718039,184.6888,5.6,0,0,0
2026-06-19 16:48:38.078,1781905718078,184.6888,5.6,0,0,0
2026-06-19 16:48:38.119,1781905718119,184.6888,5.6,0,0,0
2026-06-19 16:48:38.159,1781905718159,184.6888,5.6,0,0,0
2026-06-19 16:48:38.199,1781905718199,184.6888,5.6,0,0,0
2026-06-19 16:48:38.238,1781905718238,184.6888,5.6,0,0,0
2026-06-19 16:48:38.278,1781905718278,175.7117,5.6,0,0,0
2026-06-19 16:48:38.318,1781905718318,175.7117,5.7,0,0,0
2026-06-19 16:48:38.358,1781905718358,175.7117,5.7,0,0,0
2026-06-19 16:48:38.399,1781905718399,175.7117,5.6,0,0,0
2026-06-19 16:48:38.438,1781905718438,175.7117,5.7,0,0,0
2026-06-19 16:48:38.478,1781905718478,175.7117,5.6,0,0,0
2026-06-19 16:48:38.519,1781905718519,183.6269,5.6,0,0,0
2026-06-19 16:48:38.558,1781905718558,183.6269,5.6,0,0,0
2026-06-19 16:48:38.598,1781905718598,183.6269,5.7,0,0,0
2026-06-19 16:48:38.639,1781905718639,183.6269,5.7,0,0,0
2026-06-19 16:48:38.678,1781905718679,183.6269,5.6,0,0,0
2026-06-19 16:48:38.718,1781905718718,183.6269,5.7,0,0,0
2026-06-19 16:48:38.758,1781905718759,183.6269,5.7,0,0,0
2026-06-19 16:48:38.799,1781905718799,175.3250,5.6,0,0,0
2026-06-19 16:48:38.838,1781905718838,175.3250,5.7,0,0,0
2026-06-19 16:48:38.878,1781905718878,175.3250,5.7,0,0,0
2026-06-19 16:48:38.918,1781905718918,175.3250,5.7,0,0,0
2026-06-19 16:48:38.958,1781905718958,175.3250,5.6,0,0,0
2026-06-19 16:48:38.998,1781905718998,175.3250,5.6,0,0,0
2026-06-19 16:48:39.038,1781905719039,245.6771,5.6,0,0,0
2026-06-19 16:48:39.078,1781905719079,245.6771,5.6,0,0,0
2026-06-19 16:48:39.118,1781905719118,245.6771,5.6,0,0,0
2026-06-19 16:48:39.158,1781905719158,245.6771,5.6,0,0,0
2026-06-19 16:48:39.198,1781905719199,245.6771,5.6,0,0,0
2026-06-19 16:48:39.238,1781905719238,245.6771,5.7,0,0,0
2026-06-19 16:48:39.278,1781905719278,245.6771,5.6,0,0,0
2026-06-19 16:48:39.319,1781905719319,144.9013,5.6,0,0,0
2026-06-19 16:48:39.359,1781905719359,144.9013,5.6,0,0,0
2026-06-19 16:48:39.398,1781905719398,144.9013,5.6,0,0,0
2026-06-19 16:48:39.438,1781905719438,144.9013,5.6,0,0,0
2026-06-19 16:48:39.478,1781905719478,144.9013,5.7,0,0,0
2026-06-19 16:48:39.518,1781905719518,144.9013,5.6,0,0,0
2026-06-19 16:48:39.558,1781905719559,150.9233,5.6,0,0,0
2026-06-19 16:48:39.599,1781905719599,150.9233,5.7,0,0,0
2026-06-19 16:48:39.638,1781905719638,150.9233,5.6,0,0,0
2026-06-19 16:48:39.679,1781905719679,150.9233,5.7,0,0,0
2026-06-19 16:48:39.718,1781905719718,150.9233,5.6,0,0,0
2026-06-19 16:48:39.758,1781905719758,150.9233,5.6,0,0,0
2026-06-19 16:48:39.798,1781905719798,150.9233,5.6,0,0,0
2026-06-19 16:48:39.838,1781905719838,141.1300,5.6,0,0,0
2026-06-19 16:48:39.878,1781905719878,141.1300,5.6,0,0,0
2026-06-19 16:48:39.919,1781905719919,141.1300,5.7,0,0,0
2026-06-19 16:48:39.959,1781905719959,141.1300,5.6,0,0,0
2026-06-19 16:48:39.999,1781905719999,141.1300,5.7,0,0,0
2026-06-19 16:48:40.039,1781905720039,141.1300,5.6,0,0,0
2026-06-19 16:48:40.079,1781905720079,124.7470,5.6,0,0,0
2026-06-19 16:48:40.118,1781905720119,124.7470,5.7,0,0,0
2026-06-19 16:48:40.159,1781905720159,124.7470,5.7,0,0,0
2026-06-19 16:48:40.199,1781905720199,124.7470,5.5,0,0,0
2026-06-19 16:48:40.239,1781905720239,124.7470,5.7,0,0,0
2026-06-19 16:48:40.278,1781905720278,124.7470,5.6,0,0,0
2026-06-19 16:48:40.318,1781905720318,124.7470,5.7,0,0,0
2026-06-19 16:48:40.359,1781905720359,122.5560,5.6,0,0,0
2026-06-19 16:48:40.399,1781905720399,122.5560,5.6,0,0,0
2026-06-19 16:48:40.438,1781905720438,122.5560,5.7,0,0,0
2026-06-19 16:48:40.479,1781905720479,122.5560,5.7,0,0,0
2026-06-19 16:48:40.519,1781905720519,122.5560,5.7,0,0,0
2026-06-19 16:48:40.558,1781905720558,122.5560,5.6,0,0,0
2026-06-19 16:48:40.598,1781905720599,138.8478,5.6,0,0,0
2026-06-19 16:48:40.639,1781905720639,138.8478,5.7,0,0,0
2026-06-19 16:48:40.679,1781905720679,138.8478,5.5,0,0,0
2026-06-19 16:48:40.718,1781905720718,138.8478,5.6,0,0,0
2026-06-19 16:48:40.759,1781905720759,138.8478,5.7,0,0,0
2026-06-19 16:48:40.799,1781905720799,138.8478,5.7,0,0,0
2026-06-19 16:48:40.839,1781905720839,138.8478,5.7,0,0,0
2026-06-19 16:48:40.879,1781905720879,136.2860,5.6,0,0,0
2026-06-19 16:48:40.918,1781905720918,136.2860,5.6,0,0,0
2026-06-19 16:48:40.958,1781905720958,136.2860,5.6,0,0,0
2026-06-19 16:48:40.998,1781905720998,136.2860,5.7,0,0,0
2026-06-19 16:48:41.039,1781905721039,136.2860,5.7,0,0,0
2026-06-19 16:48:41.078,1781905721078,136.2860,5.6,0,0,0
2026-06-19 16:48:41.119,1781905721119,159.2430,5.6,0,0,0
2026-06-19 16:48:41.159,1781905721159,159.2430,5.6,0,0,0
2026-06-19 16:48:41.199,1781905721199,159.2430,5.5,0,0,0
2026-06-19 16:48:41.239,1781905721239,159.2430,5.6,0,0,0
2026-06-19 16:48:41.279,1781905721279,159.2430,5.7,0,0,0
2026-06-19 16:48:41.319,1781905721319,159.2430,5.7,0,0,0
2026-06-19 16:48:41.358,1781905721358,159.2430,5.7,0,0,0
2026-06-19 16:48:41.399,1781905721399,134.2150,5.6,0,0,0
2026-06-19 16:48:41.439,1781905721439,134.2150,5.6,0,0,0
2026-06-19 16:48:41.478,1781905721478,134.2150,5.6,0,0,0
2026-06-19 16:48:41.519,1781905721519,134.2150,5.7,0,0,0
2026-06-19 16:48:41.559,1781905721559,134.2150,5.7,0,0,0
2026-06-19 16:48:41.599,1781905721599,134.2150,5.6,0,0,0
2026-06-19 16:48:41.639,1781905721639,221.2998,5.6,0,0,0
2026-06-19 16:48:41.679,1781905721679,221.2998,5.6,0,0,0
2026-06-19 16:48:41.719,1781905721719,221.2998,5.6,0,0,0
2026-06-19 16:48:41.758,1781905721758,221.2998,5.6,0,0,0
2026-06-19 16:48:41.799,1781905721799,221.2998,5.6,0,0,0
2026-06-19 16:48:41.839,1781905721839,221.2998,5.6,0,0,0
2026-06-19 16:48:41.879,1781905721879,221.2998,5.6,0,0,0
2026-06-19 16:48:41.919,1781905721919,127.6165,5.6,0,0,0
2026-06-19 16:48:41.959,1781905721959,127.6165,5.7,0,0,0
2026-06-19 16:48:41.999,1781905721999,127.6165,5.7,0,0,0
2026-06-19 16:48:42.039,1781905722039,127.6165,5.7,0,0,0
2026-06-19 16:48:42.079,1781905722079,127.6165,5.7,0,0,0
2026-06-19 16:48:42.118,1781905722118,127.6165,5.6,0,0,0
2026-06-19 16:48:42.159,1781905722159,125.3282,5.6,0,0,0
2026-06-19 16:48:42.198,1781905722198,125.3282,5.6,0,0,0
2026-06-19 16:48:42.239,1781905722239,125.3282,5.6,0,0,0
2026-06-19 16:48:42.279,1781905722279,125.3282,5.6,0,0,0
2026-06-19 16:48:42.319,1781905722319,125.3282,5.6,0,0,0
2026-06-19 16:48:42.359,1781905722359,125.3282,5.6,0,0,0
2026-06-19 16:48:42.399,1781905722399,125.3282,5.6,0,0,0
2026-06-19 16:48:42.439,1781905722439,126.0031,5.6,0,0,0
2026-06-19 16:48:42.478,1781905722479,126.0031,5.6,0,0,0
2026-06-19 16:48:42.518,1781905722518,126.0031,5.6,0,0,0
2026-06-19 16:48:42.558,1781905722558,126.0031,5.6,0,0,0
2026-06-19 16:48:42.598,1781905722598,126.0031,5.7,0,0,0
2026-06-19 16:48:42.639,1781905722639,126.0031,5.6,0,0,0
2026-06-19 16:48:42.679,1781905722679,159.2402,5.6,0,0,0
2026-06-19 16:48:42.719,1781905722719,159.2402,5.6,0,0,0
2026-06-19 16:48:42.759,1781905722759,159.2402,5.6,0,0,0
2026-06-19 16:48:42.799,1781905722799,159.2402,5.6,0,0,0
2026-06-19 16:48:42.839,1781905722839,159.2402,5.6,0,0,0
2026-06-19 16:48:42.879,1781905722879,159.2402,5.6,0,0,0
2026-06-19 16:48:42.919,1781905722919,159.2402,5.6,0,0,0
2026-06-19 16:48:42.959,1781905722959,126.3914,5.6,0,0,0
2026-06-19 16:48:42.999,1781905722999,126.3914,5.6,0,0,0
2026-06-19 16:48:43.039,1781905723039,126.3914,5.5,0,0,0
2026-06-19 16:48:43.079,1781905723079,126.3914,5.7,0,0,0
2026-06-19 16:48:43.118,1781905723118,126.3914,5.6,0,0,0
2026-06-19 16:48:43.158,1781905723158,126.3914,5.6,0,0,0
2026-06-19 16:48:43.199,1781905723199,123.1950,5.6,0,0,0
2026-06-19 16:48:43.239,1781905723239,123.1950,5.7,0,0,0
2026-06-19 16:48:43.278,1781905723278,123.1950,5.7,0,0,0
2026-06-19 16:48:43.319,1781905723319,123.1950,5.7,0,0,0
2026-06-19 16:48:43.359,1781905723359,123.1950,5.5,0,0,0
2026-06-19 16:48:43.399,1781905723399,123.1950,5.6,0,0,0
2026-06-19 16:48:43.438,1781905723438,123.1950,5.6,0,0,0
2026-06-19 16:48:43.479,1781905723479,116.6940,5.6,0,0,0
2026-06-19 16:48:43.519,1781905723519,116.6940,5.7,0,0,0
2026-06-19 16:48:43.559,1781905723559,116.6940,5.5,0,0,0
2026-06-19 16:48:43.598,1781905723598,116.6940,5.7,0,0,0
2026-06-19 16:48:43.639,1781905723639,116.6940,5.7,0,0,0
2026-06-19 16:48:43.678,1781905723678,116.6940,5.6,0,0,0
2026-06-19 16:48:43.718,1781905723719,116.3652,5.6,0,0,0
2026-06-19 16:48:43.759,1781905723759,116.3652,5.6,0,0,0
2026-06-19 16:48:43.799,1781905723799,116.3652,5.6,0,0,0
2026-06-19 16:48:43.839,1781905723839,116.3652,5.6,0,0,0
2026-06-19 16:48:43.878,1781905723879,116.3652,5.7,0,0,0
2026-06-19 16:48:43.918,1781905723919,116.3652,5.7,0,0,0
2026-06-19 16:48:43.959,1781905723959,116.3652,5.6,0,0,0
2026-06-19 16:48:43.999,1781905723999,124.9408,5.6,0,0,0
2026-06-19 16:48:44.038,1781905724039,124.9408,5.6,0,0,0
2026-06-19 16:48:44.079,1781905724079,124.9408,5.6,0,0,0
2026-06-19 16:48:44.119,1781905724119,124.9408,5.7,0,0,0
2026-06-19 16:48:44.159,1781905724159,124.9408,5.7,0,0,0
2026-06-19 16:48:44.199,1781905724199,124.9408,5.7,0,0,0
2026-06-19 16:48:44.239,1781905724239,119.9952,5.6,0,0,0
2026-06-19 16:48:44.279,1781905724279,119.9952,5.6,0,0,0
2026-06-19 16:48:44.319,1781905724319,119.9952,5.5,0,0,0
2026-06-19 16:48:44.359,1781905724359,119.9952,5.6,0,0,0
2026-06-19 16:48:44.399,1781905724399,119.9952,5.7,0,0,0
2026-06-19 16:48:44.439,1781905724439,119.9952,5.6,0,0,0
2026-06-19 16:48:44.479,1781905724479,119.9952,5.6,0,0,0
2026-06-19 16:48:44.519,1781905724519,112.8764,5.6,0,0,0
2026-06-19 16:48:44.559,1781905724559,112.8764,5.7,0,0,0
2026-06-19 16:48:44.599,1781905724599,112.8764,5.7,0,0,0
2026-06-19 16:48:44.639,1781905724639,112.8764,5.6,0,0,0
2026-06-19 16:48:44.679,1781905724679,112.8764,5.7,0,0,0
2026-06-19 16:48:44.719,1781905724719,112.8764,5.6,0,0,0
2026-06-19 16:48:44.759,1781905724759,116.7669,5.6,0,0,0
2026-06-19 16:48:44.799,1781905724799,116.7669,5.5,0,0,0
2026-06-19 16:48:44.838,1781905724838,116.7669,5.6,0,0,0
2026-06-19 16:48:44.879,1781905724879,116.7669,5.7,0,0,0
2026-06-19 16:48:44.919,1781905724919,116.7669,5.7,0,0,0
2026-06-19 16:48:44.959,1781905724959,116.7669,5.6,0,0,0
2026-06-19 16:48:44.999,1781905724999,116.7669,5.7,0,0,0
2026-06-19 16:48:45.039,1781905725039,119.7479,5.6,0,0,0
2026-06-19 16:48:45.079,1781905725079,119.7479,5.6,0,0,0
2026-06-19 16:48:45.119,1781905725119,119.7479,5.6,0,0,0
2026-06-19 16:48:45.159,1781905725159,119.7479,5.8,0,0,0
2026-06-19 16:48:45.199,1781905725199,119.7479,5.6,0,0,0
2026-06-19 16:48:45.239,1781905725239,119.7479,5.6,0,0,0
2026-06-19 16:48:45.278,1781905725278,117.0317,5.6,0,0,0
2026-06-19 16:48:45.318,1781905725318,117.0317,5.7,0,0,0
2026-06-19 16:48:45.359,1781905725359,117.0317,5.7,0,0,0
2026-06-19 16:48:45.399,1781905725399,117.0317,5.5,0,0,0
2026-06-19 16:48:45.439,1781905725439,117.0317,5.6,0,0,0
2026-06-19 16:48:45.478,1781905725478,117.0317,5.6,0,0,0
2026-06-19 16:48:45.519,1781905725519,117.0317,5.7,0,0,0
2026-06-19 16:48:45.559,1781905725559,170.3647,5.6,0,0,0
2026-06-19 16:48:45.599,1781905725599,170.3647,5.6,0,0,0
2026-06-19 16:48:45.639,1781905725639,170.3647,5.7,0,0,0
2026-06-19 16:48:45.679,1781905725679,170.3647,5.6,0,0,0
2026-06-19 16:48:45.719,1781905725719,170.3647,5.6,0,0,0
2026-06-19 16:48:45.759,1781905725759,170.3647,5.6,0,0,0
2026-06-19 16:48:45.799,1781905725799,135.9473,5.6,0,0,0
2026-06-19 16:48:45.839,1781905725839,135.9473,5.5,0,0,0
2026-06-19 16:48:45.879,1781905725879,135.9473,5.6,0,0,0
2026-06-19 16:48:45.919,1781905725919,135.9473,5.6,0,0,0
2026-06-19 16:48:45.959,1781905725959,135.9473,5.7,0,0,0
2026-06-19 16:48:45.999,1781905725999,135.9473,5.6,0,0,0
2026-06-19 16:48:46.039,1781905726039,135.9473,5.6,0,0,0
2026-06-19 16:48:46.079,1781905726079,149.5634,5.6,0,0,0
2026-06-19 16:48:46.119,1781905726119,149.5634,5.6,0,0,0
2026-06-19 16:48:46.159,1781905726159,149.5634,5.6,0,0,0
2026-06-19 16:48:46.199,1781905726199,149.5634,5.6,0,0,0
2026-06-19 16:48:46.239,1781905726239,149.5634,5.7,0,0,0
2026-06-19 16:48:46.278,1781905726278,149.5634,5.6,0,0,0
2026-06-19 16:48:46.319,1781905726319,164.3960,5.6,0,0,0
2026-06-19 16:48:46.359,1781905726359,164.3960,5.6,0,0,0
2026-06-19 16:48:46.399,1781905726399,164.3960,5.7,0,0,0
2026-06-19 16:48:46.438,1781905726439,164.3960,5.6,0,0,0
2026-06-19 16:48:46.479,1781905726479,164.3960,5.7,0,0,0
2026-06-19 16:48:46.518,1781905726518,164.3960,5.6,0,0,0
2026-06-19 16:48:46.559,1781905726559,164.3960,5.7,0,0,0
2026-06-19 16:48:46.599,1781905726599,160.6684,5.6,0,0,0
2026-06-19 16:48:46.639,1781905726639,160.6684,5.6,0,0,0
2026-06-19 16:48:46.679,1781905726679,160.6684,5.6,0,0,0
2026-06-19 16:48:46.719,1781905726719,160.6684,5.6,0,0,0
2026-06-19 16:48:46.759,1781905726759,160.6684,5.6,0,0,0
2026-06-19 16:48:46.799,1781905726799,160.6684,5.5,0,0,0
2026-06-19 16:48:46.839,1781905726839,152.8716,5.6,0,0,0
2026-06-19 16:48:46.879,1781905726879,152.8716,5.6,0,0,0
2026-06-19 16:48:46.919,1781905726919,152.8716,5.6,0,0,0
2026-06-19 16:48:46.959,1781905726959,152.8716,5.6,0,0,0
2026-06-19 16:48:46.999,1781905726999,152.8716,5.7,0,0,0
2026-06-19 16:48:47.039,1781905727039,152.8716,5.6,0,0,0
2026-06-19 16:48:47.079,1781905727079,152.8716,5.7,0,0,0
2026-06-19 16:48:47.119,1781905727119,148.9234,5.6,0,0,0
2026-06-19 16:48:47.159,1781905727159,148.9234,5.7,0,0,0
2026-06-19 16:48:47.199,1781905727199,148.9234,5.7,0,0,0
2026-06-19 16:48:47.239,1781905727239,148.9234,5.7,0,0,0
2026-06-19 16:48:47.279,1781905727279,148.9234,5.7,0,0,0
2026-06-19 16:48:47.319,1781905727319,148.9234,5.6,0,0,0
2026-06-19 16:48:47.359,1781905727359,122.9611,5.6,0,0,0
2026-06-19 16:48:47.399,1781905727399,122.9611,5.6,0,0,0
2026-06-19 16:48:47.439,1781905727439,122.9611,5.6,0,0,0
2026-06-19 16:48:47.479,1781905727479,122.9611,5.7,0,0,0
2026-06-19 16:48:47.519,1781905727519,122.9611,5.6,0,0,0
2026-06-19 16:48:47.559,1781905727559,122.9611,5.7,0,0,0
2026-06-19 16:48:47.599,1781905727599,122.9611,5.7,0,0,0
2026-06-19 16:48:47.639,1781905727639,143.6022,5.6,0,0,0
2026-06-19 16:48:47.679,1781905727679,143.6022,5.7,0,0,0
2026-06-19 16:48:47.719,1781905727719,143.6022,5.5,0,0,0
2026-06-19 16:48:47.759,1781905727759,143.6022,5.6,0,0,0
2026-06-19 16:48:47.798,1781905727799,143.6022,5.7,0,0,0
2026-06-19 16:48:47.839,1781905727839,143.6022,5.7,0,0,0
2026-06-19 16:48:47.879,1781905727879,142.0453,5.6,0,0,0
2026-06-19 16:48:47.919,1781905727919,142.0453,5.6,0,0,0
2026-06-19 16:48:47.959,1781905727959,142.0453,5.6,0,0,0
2026-06-19 16:48:47.999,1781905727999,142.0453,5.6,0,0,0
2026-06-19 16:48:48.039,1781905728039,142.0453,5.7,0,0,0
2026-06-19 16:48:48.079,1781905728079,142.0453,5.6,0,0,0
2026-06-19 16:48:48.119,1781905728119,142.0453,5.5,0,0,0
2026-06-19 16:48:48.159,1781905728159,125.6415,5.6,0,0,0
2026-06-19 16:48:48.199,1781905728199,125.6415,5.6,0,0,0
2026-06-19 16:48:48.239,1781905728239,125.6415,5.8,0,0,0
2026-06-19 16:48:48.279,1781905728279,125.6415,5.7,0,0,0
2026-06-19 16:48:48.319,1781905728319,125.6415,5.8,0,0,0
2026-06-19 16:48:48.359,1781905728359,125.6415,5.6,0,0,0
2026-06-19 16:48:48.399,1781905728399,158.2044,5.6,0,0,0
2026-06-19 16:48:48.439,1781905728439,158.2044,5.6,0,0,0
2026-06-19 16:48:48.479,1781905728479,158.2044,5.7,0,0,0
2026-06-19 16:48:48.519,1781905728519,158.2044,5.6,0,0,0
2026-06-19 16:48:48.559,1781905728559,158.2044,5.5,0,0,0
2026-06-19 16:48:48.599,1781905728599,158.2044,5.7,0,0,0
2026-06-19 16:48:48.639,1781905728639,158.2044,5.7,0,0,0
2026-06-19 16:48:48.679,1781905728679,143.0402,5.6,0,0,0
2026-06-19 16:48:48.719,1781905728719,143.0402,5.6,0,0,0
2026-06-19 16:48:48.759,1781905728759,143.0402,5.6,0,0,0
2026-06-19 16:48:48.799,1781905728799,143.0402,5.6,0,0,0
2026-06-19 16:48:48.839,1781905728839,143.0402,5.6,0,0,0
2026-06-19 16:48:48.879,1781905728879,143.0402,5.8,0,0,0
2026-06-19 16:48:48.919,1781905728919,145.3772,5.6,0,0,0
2026-06-19 16:48:48.959,1781905728959,145.3772,5.6,0,0,0
2026-06-19 16:48:48.999,1781905728999,145.3772,5.6,0,0,0
2026-06-19 16:48:49.039,1781905729039,145.3772,5.6,0,0,0
2026-06-19 16:48:49.079,1781905729079,145.3772,5.7,0,0,0
2026-06-19 16:48:49.119,1781905729119,145.3772,5.6,0,0,0
2026-06-19 16:48:49.159,1781905729159,145.3772,5.7,0,0,0
2026-06-19 16:48:49.199,1781905729199,144.7699,5.6,0,0,0
2026-06-19 16:48:49.239,1781905729239,144.7699,5.6,0,0,0
2026-06-19 16:48:49.279,1781905729279,144.7699,5.6,0,0,0
2026-06-19 16:48:49.319,1781905729319,144.7699,5.6,0,0,0
2026-06-19 16:48:49.359,1781905729359,144.7699,5.6,0,0,0
2026-06-19 16:48:49.399,1781905729399,144.7699,5.7,0,0,0
2026-06-19 16:48:49.439,1781905729439,146.5909,5.6,0,0,0
2026-06-19 16:48:49.479,1781905729479,146.5909,5.6,0,0,0
2026-06-19 16:48:49.519,1781905729519,146.5909,5.6,0,0,0
2026-06-19 16:48:49.559,1781905729559,146.5909,5.7,0,0,0
2026-06-19 16:48:49.599,1781905729599,146.5909,5.7,0,0,0
2026-06-19 16:48:49.639,1781905729639,146.5909,5.7,0,0,0
2026-06-19 16:48:49.679,1781905729679,146.5909,5.7,0,0,0
2026-06-19 16:48:49.719,1781905729719,144.1339,5.6,0,0,0
2026-06-19 16:48:49.759,1781905729759,144.1339,5.6,0,0,0
2026-06-19 16:48:49.799,1781905729799,144.1339,5.7,0,0,0
2026-06-19 16:48:49.839,1781905729839,144.1339,5.6,0,0,0
2026-06-19 16:48:49.879,1781905729879,144.1339,5.6,0,0,0
2026-06-19 16:48:49.919,1781905729919,144.1339,5.6,0,0,0
2026-06-19 16:48:49.959,1781905729959,151.4488,5.6,0,0,0
2026-06-19 16:48:49.999,1781905729999,151.4488,5.6,0,0,0
2026-06-19 16:48:50.039,1781905730039,151.4488,5.6,0,0,0
2026-06-19 16:48:50.079,1781905730079,151.4488,5.7,0,0,0
2026-06-19 16:48:50.119,1781905730119,151.4488,5.7,0,0,0
2026-06-19 16:48:50.159,1781905730159,151.4488,5.6,0,0,0
2026-06-19 16:48:50.199,1781905730199,151.4488,5.6,0,0,0
2026-06-19 16:48:50.239,1781905730239,141.7651,5.6,0,0,0
2026-06-19 16:48:50.279,1781905730279,141.7651,5.6,0,0,0
2026-06-19 16:48:50.319,1781905730319,141.7651,5.6,0,0,0
2026-06-19 16:48:50.359,1781905730359,141.7651,5.6,0,0,0
2026-06-19 16:48:50.399,1781905730399,141.7651,5.6,0,0,0
2026-06-19 16:48:50.439,1781905730439,141.7651,5.7,0,0,0
2026-06-19 16:48:50.479,1781905730479,158.8754,5.6,0,0,0
2026-06-19 16:48:50.519,1781905730519,158.8754,5.6,0,0,0
2026-06-19 16:48:50.559,1781905730559,158.8754,5.6,0,0,0
2026-06-19 16:48:50.599,1781905730599,158.8754,5.6,0,0,0
2026-06-19 16:48:50.639,1781905730639,158.8754,5.6,0,0,0
2026-06-19 16:48:50.679,1781905730679,158.8754,5.7,0,0,0
2026-06-19 16:48:50.719,1781905730719,158.8754,5.8,0,0,0
2026-06-19 16:48:50.759,1781905730759,254.5306,5.7,0,0,0
2026-06-19 16:48:50.799,1781905730799,254.5306,5.6,0,0,0
2026-06-19 16:48:50.839,1781905730839,254.5306,5.7,0,0,0
2026-06-19 16:48:50.879,1781905730879,254.5306,5.7,0,0,0
2026-06-19 16:48:50.919,1781905730919,254.5306,5.7,0,0,0
2026-06-19 16:48:50.959,1781905730959,254.5306,5.6,0,0,0
2026-06-19 16:48:50.999,1781905730999,530.6544,5.7,0,0,0
2026-06-19 16:48:51.039,1781905731039,530.6544,5.6,0,0,0
2026-06-19 16:48:51.079,1781905731079,530.6544,5.8,0,0,0
2026-06-19 16:48:51.119,1781905731119,530.6544,5.7,0,0,0
2026-06-19 16:48:51.159,1781905731159,530.6544,5.7,0,0,0
2026-06-19 16:48:51.199,1781905731199,530.6544,5.7,0,0,0
2026-06-19 16:48:51.239,1781905731239,530.6544,5.7,0,0,0
2026-06-19 16:48:51.279,1781905731279,805.3110,5.7,0,0,0
2026-06-19 16:48:51.319,1781905731319,805.3110,5.7,0,0,0
2026-06-19 16:48:51.359,1781905731359,805.3110,5.7,0,0,0
2026-06-19 16:48:51.399,1781905731399,805.3110,5.6,0,0,0
2026-06-19 16:48:51.439,1781905731439,805.3110,5.7,0,0,0
2026-06-19 16:48:51.479,1781905731479,805.3110,5.6,0,0,0
2026-06-19 16:48:51.519,1781905731519,1043.5133,5.7,0,0,0
2026-06-19 16:48:51.559,1781905731559,1043.5133,5.7,0,0,0
2026-06-19 16:48:51.599,1781905731599,1043.5133,5.8,0,0,0
2026-06-19 16:48:51.639,1781905731639,1043.5133,5.8,0,0,0
2026-06-19 16:48:51.679,1781905731679,1043.5133,5.6,0,0,0
2026-06-19 16:48:51.719,1781905731719,1043.5133,5.8,0,0,0
2026-06-19 16:48:51.759,1781905731759,1043.5133,5.7,0,0,0
2026-06-19 16:48:51.799,1781905731799,1250.6605,5.7,0,0,0
2026-06-19 16:48:51.839,1781905731839,1250.6605,5.7,0,0,0
2026-06-19 16:48:51.879,1781905731879,1250.6605,5.6,0,0,0
2026-06-19 16:48:51.919,1781905731919,1250.6605,5.8,0,0,0
2026-06-19 16:48:51.959,1781905731959,1250.6605,5.7,0,0,0
2026-06-19 16:48:51.999,1781905731999,1250.6605,5.8,0,0,0
2026-06-19 16:48:52.039,1781905732040,1360.2850,5.7,0,0,0
2026-06-19 16:48:52.079,1781905732079,1360.2850,5.7,0,0,0
2026-06-19 16:48:52.119,1781905732119,1360.2850,5.8,0,0,0
2026-06-19 16:48:52.159,1781905732159,1360.2850,5.8,0,0,0
2026-06-19 16:48:52.199,1781905732199,1360.2850,5.7,0,0,0
2026-06-19 16:48:52.239,1781905732239,1360.2850,5.3,0,0,0
2026-06-19 16:48:52.279,1781905732279,1360.2850,5.3,0,0,0
2026-06-19 16:48:52.319,1781905732319,1504.7582,5.7,0,0,0
2026-06-19 16:48:52.359,1781905732359,1504.7582,5.6,0,0,0
2026-06-19 16:48:52.399,1781905732399,1504.7582,5.6,0,0,0
2026-06-19 16:48:52.439,1781905732439,1504.7582,5.7,0,0,0
2026-06-19 16:48:52.479,1781905732479,1504.7582,5.8,0,0,0
2026-06-19 16:48:52.519,1781905732519,1504.7582,5.7,0,0,0
2026-06-19 16:48:52.559,1781905732559,1574.9229,5.7,0,0,0
2026-06-19 16:48:52.599,1781905732599,1574.9229,5.8,0,0,0
2026-06-19 16:48:52.639,1781905732639,1574.9229,5.7,0,0,0
2026-06-19 16:48:52.679,1781905732679,1574.9229,5.7,0,0,0
2026-06-19 16:48:52.719,1781905732719,1574.9229,5.8,0,0,0
2026-06-19 16:48:52.759,1781905732759,1574.9229,5.8,0,0,0
2026-06-19 16:48:52.799,1781905732799,1574.9229,5.8,0,0,0
2026-06-19 16:48:52.839,1781905732839,1659.4697,5.7,0,0,0
2026-06-19 16:48:52.879,1781905732879,1659.4697,5.6,0,0,0
2026-06-19 16:48:52.919,1781905732919,1659.4697,5.3,0,0,0
2026-06-19 16:48:52.959,1781905732959,1659.4697,5.8,0,0,0
2026-06-19 16:48:52.999,1781905732999,1659.4697,5.7,0,0,0
2026-06-19 16:48:53.039,1781905733039,1659.4697,5.8,0,0,0
2026-06-19 16:48:53.079,1781905733079,1666.7877,5.7,0,0,0
2026-06-19 16:48:53.119,1781905733119,1666.7877,5.6,0,0,0
2026-06-19 16:48:53.159,1781905733159,1666.7877,5.6,0,0,0
2026-06-19 16:48:53.199,1781905733199,1666.7877,5.7,0,0,0
2026-06-19 16:48:53.239,1781905733239,1666.7877,5.8,0,0,0
2026-06-19 16:48:53.279,1781905733279,1666.7877,5.8,0,0,0
2026-06-19 16:48:53.319,1781905733319,1666.7877,5.8,0,0,0
2026-06-19 16:48:53.359,1781905733359,1713.4683,5.7,0,0,0
2026-06-19 16:48:53.399,1781905733399,1713.4683,5.8,0,0,0
2026-06-19 16:48:53.439,1781905733439,1713.4683,5.8,0,0,0
2026-06-19 16:48:53.479,1781905733479,1713.4683,5.7,0,0,0
2026-06-19 16:48:53.519,1781905733519,1713.4683,6.2,0,0,0
2026-06-19 16:48:53.559,1781905733559,1713.4683,5.8,0,0,0
2026-06-19 16:48:53.599,1781905733599,1574.3007,5.7,0,0,0
2026-06-19 16:48:53.639,1781905733639,1574.3007,5.7,0,0,0
2026-06-19 16:48:53.679,1781905733679,1574.3007,5.8,0,0,0
2026-06-19 16:48:53.719,1781905733719,1574.3007,5.7,0,0,0
2026-06-19 16:48:53.759,1781905733759,1574.3007,5.8,0,0,0
2026-06-19 16:48:53.799,1781905733799,1574.3007,5.7,0,0,0
2026-06-19 16:48:53.840,1781905733840,1574.3007,5.6,0,0,0
2026-06-19 16:48:53.879,1781905733879,1792.2725,5.7,0,0,0
2026-06-19 16:48:53.919,1781905733919,1792.2725,5.8,0,0,0
2026-06-19 16:48:53.959,1781905733959,1792.2725,5.8,0,0,0
2026-06-19 16:48:53.999,1781905733999,1792.2725,5.7,0,0,0
2026-06-19 16:48:54.039,1781905734039,1792.2725,5.7,0,0,0
2026-06-19 16:48:54.079,1781905734079,1792.2725,5.6,0,0,0
2026-06-19 16:48:54.119,1781905734119,1765.9858,5.7,0,0,0
2026-06-19 16:48:54.159,1781905734159,1765.9858,5.8,0,0,0
2026-06-19 16:48:54.199,1781905734199,1765.9858,5.3,0,0,0
2026-06-19 16:48:54.239,1781905734239,1765.9858,5.6,0,0,0
2026-06-19 16:48:54.279,1781905734279,1765.9858,5.7,0,0,0
2026-06-19 16:48:54.319,1781905734319,1765.9858,5.7,0,0,0
2026-06-19 16:48:54.359,1781905734359,1765.9858,5.7,0,0,0
2026-06-19 16:48:54.399,1781905734399,1708.8536,6.2,0,0,0
2026-06-19 16:48:54.439,1781905734439,1708.8536,5.8,0,0,0
2026-06-19 16:48:54.479,1781905734479,1708.8536,5.7,0,0,0
2026-06-19 16:48:54.519,1781905734519,1708.8536,5.7,0,0,0
2026-06-19 16:48:54.559,1781905734559,1708.8536,5.8,0,0,0
2026-06-19 16:48:54.599,1781905734599,1708.8536,5.8,0,0,0
2026-06-19 16:48:54.639,1781905734639,1828.1685,5.7,0,0,0
2026-06-19 16:48:54.679,1781905734679,1828.1685,5.6,0,0,0
2026-06-19 16:48:54.719,1781905734719,1828.1685,5.6,0,0,0
2026-06-19 16:48:54.759,1781905734759,1828.1685,5.7,0,0,0
2026-06-19 16:48:54.799,1781905734799,1828.1685,5.6,0,0,0
2026-06-19 16:48:54.839,1781905734839,1828.1685,5.7,0,0,0
2026-06-19 16:48:54.879,1781905734879,1828.1685,5.7,0,0,0
2026-06-19 16:48:54.919,1781905734919,1812.5018,5.7,0,0,0
2026-06-19 16:48:54.959,1781905734959,1812.5018,5.6,0,0,0
2026-06-19 16:48:54.999,1781905734999,1812.5018,5.8,0,0,0
2026-06-19 16:48:55.039,1781905735039,1812.5018,5.6,0,0,0
2026-06-19 16:48:55.079,1781905735079,1812.5018,5.8,0,0,0
2026-06-19 16:48:55.119,1781905735119,1812.5018,5.4,0,0,0
2026-06-19 16:48:55.159,1781905735159,1780.8033,5.7,0,0,0
2026-06-19 16:48:55.199,1781905735199,1780.8033,5.6,0,0,0
2026-06-19 16:48:55.239,1781905735239,1780.8033,5.8,0,0,0
2026-06-19 16:48:55.279,1781905735279,1780.8033,5.8,0,0,0
2026-06-19 16:48:55.319,1781905735319,1780.8033,5.3,0,0,0
2026-06-19 16:48:55.359,1781905735359,1780.8033,5.8,0,0,0
2026-06-19 16:48:55.399,1781905735399,1780.8033,5.7,0,0,0
2026-06-19 16:48:55.439,1781905735439,1834.0334,5.7,0,0,0
2026-06-19 16:48:55.479,1781905735479,1834.0334,5.7,0,0,0
2026-06-19 16:48:55.519,1781905735519,1834.0334,5.7,0,0,0
2026-06-19 16:48:55.559,1781905735559,1834.0334,5.6,0,0,0
2026-06-19 16:48:55.599,1781905735599,1834.0334,5.6,0,0,0
2026-06-19 16:48:55.639,1781905735639,1834.0334,5.6,0,0,0
2026-06-19 16:48:55.679,1781905735679,1208.5566,5.6,0,0,0
2026-06-19 16:48:55.719,1781905735719,1208.5566,5.2,0,0,0
2026-06-19 16:48:55.759,1781905735759,1208.5566,4.8,0,0,0
2026-06-19 16:48:55.799,1781905735800,1208.5566,5.1,0,0,0
2026-06-19 16:48:55.839,1781905735839,1208.5566,5.2,0,0,0
2026-06-19 16:48:55.879,1781905735879,1208.5566,5.2,0,0,0
2026-06-19 16:48:55.919,1781905735919,1208.5566,5.1,0,0,0
2026-06-19 16:48:55.959,1781905735959,1151.2216,5.1,0,0,0
2026-06-19 16:48:55.999,1781905735999,1151.2216,5.1,0,0,0
2026-06-19 16:48:56.039,1781905736039,1151.2216,5.2,0,0,0
2026-06-19 16:48:56.079,1781905736079,1151.2216,5.2,0,0,0
2026-06-19 16:48:56.119,1781905736119,1151.2216,4.6,0,0,0
2026-06-19 16:48:56.159,1781905736159,1151.2216,5.1,0,0,0
2026-06-19 16:48:56.199,1781905736199,1174.3145,5.0,0,0,0
2026-06-19 16:48:56.239,1781905736239,1174.3145,5.1,0,0,0
2026-06-19 16:48:56.279,1781905736279,1174.3145,4.6,0,0,0
2026-06-19 16:48:56.319,1781905736319,1174.3145,4.6,0,0,0
2026-06-19 16:48:56.359,1781905736359,1174.3145,5.1,0,0,0
2026-06-19 16:48:56.399,1781905736399,1174.3145,5.1,0,0,0
2026-06-19 16:48:56.439,1781905736439,1174.3145,5.1,0,0,0
2026-06-19 16:48:56.479,1781905736479,2153.7671,4.6,0,0,0
2026-06-19 16:48:56.519,1781905736519,2153.7671,4.5,0,0,0
2026-06-19 16:48:56.559,1781905736559,2153.7671,4.6,0,0,0
2026-06-19 16:48:56.599,1781905736599,2153.7671,4.6,0,0,0
2026-06-19 16:48:56.639,1781905736639,2153.7671,5.1,0,0,0
2026-06-19 16:48:56.679,1781905736679,2153.7671,5.2,0,0,0
2026-06-19 16:48:56.719,1781905736719,2484.1873,5.6,0,0,0
2026-06-19 16:48:56.759,1781905736759,2484.1873,5.7,0,0,0
2026-06-19 16:48:56.799,1781905736799,2484.1873,5.8,0,0,0
2026-06-19 16:48:56.839,1781905736839,2484.1873,5.6,0,0,0
2026-06-19 16:48:56.879,1781905736879,2484.1873,5.7,0,0,0
2026-06-19 16:48:56.919,1781905736919,2484.1873,5.7,0,0,0
2026-06-19 16:48:56.959,1781905736959,2484.1873,5.7,0,0,0
2026-06-19 16:48:56.999,1781905736999,1280.7343,5.7,0,0,0
2026-06-19 16:48:57.039,1781905737039,1280.7343,5.9,0,0,0
2026-06-19 16:48:57.079,1781905737079,1280.7343,5.3,0,0,0
2026-06-19 16:48:57.119,1781905737119,1280.7343,5.3,0,0,0
2026-06-19 16:48:57.159,1781905737159,1280.7343,5.8,0,0,0
2026-06-19 16:48:57.199,1781905737199,1280.7343,5.7,0,1,0
2026-06-19 16:48:57.239,1781905737239,1254.1270,5.3,0,0,0
2026-06-19 16:48:57.279,1781905737279,1254.1270,5.6,0,0,0
2026-06-19 16:48:57.319,1781905737319,1254.1270,5.8,0,0,0
2026-06-19 16:48:57.359,1781905737359,1254.1270,5.8,0,0,0
2026-06-19 16:48:57.399,1781905737399,1254.1270,5.7,0,0,0
2026-06-19 16:48:57.439,1781905737439,1254.1270,5.8,0,0,0
2026-06-19 16:48:57.479,1781905737479,1254.1270,5.9,0,1,0
2026-06-19 16:48:57.519,1781905737519,1631.5823,5.7,0,0,0
2026-06-19 16:48:57.559,1781905737559,1631.5823,5.7,0,0,0
2026-06-19 16:48:57.599,1781905737599,1631.5823,5.7,0,0,0
2026-06-19 16:48:57.639,1781905737639,1631.5823,5.7,0,0,0
2026-06-19 16:48:57.679,1781905737679,1631.5823,5.3,0,0,0
2026-06-19 16:48:57.719,1781905737719,1631.5823,5.9,0,0,0
2026-06-19 16:48:57.759,1781905737759,1505.0957,5.4,0,0,0
2026-06-19 16:48:57.799,1781905737799,1505.0957,5.7,0,0,0
2026-06-19 16:48:57.839,1781905737839,1505.0957,5.3,0,0,0
2026-06-19 16:48:57.879,1781905737879,1505.0957,5.8,0,0,0
2026-06-19 16:48:57.919,1781905737919,1505.0957,5.3,0,0,0
2026-06-19 16:48:57.960,1781905737960,1505.0957,5.8,0,0,0
2026-06-19 16:48:57.999,1781905737999,1505.0957,5.8,0,0,0
2026-06-19 16:48:58.040,1781905738040,1570.0115,5.8,0,0,0
2026-06-19 16:48:58.079,1781905738079,1570.0115,5.7,0,0,0
2026-06-19 16:48:58.119,1781905738119,1570.0115,5.8,0,0,0
2026-06-19 16:48:58.159,1781905738159,1570.0115,5.8,0,0,0
2026-06-19 16:48:58.199,1781905738199,1570.0115,5.8,0,0,0
2026-06-19 16:48:58.239,1781905738239,1570.0115,5.7,0,0,0
2026-06-19 16:48:58.280,1781905738280,1683.8738,5.2,0,0,0
2026-06-19 16:48:58.319,1781905738319,1683.8738,5.2,0,0,0
2026-06-19 16:48:58.360,1781905738360,1683.8738,5.1,0,0,0
2026-06-19 16:48:58.400,1781905738400,1683.8738,5.1,0,0,0
2026-06-19 16:48:58.440,1781905738440,1683.8738,5.1,0,0,0
2026-06-19 16:48:58.479,1781905738479,1683.8738,5.1,0,0,0
2026-06-19 16:48:58.519,1781905738520,1683.8738,5.1,0,0,0
2026-06-19 16:48:58.559,1781905738559,1209.6384,4.7,0,0,0
2026-06-19 16:48:58.599,1781905738599,1209.6384,5.1,0,0,0
2026-06-19 16:48:58.639,1781905738639,1209.6384,5.2,0,0,0
2026-06-19 16:48:58.679,1781905738679,1209.6384,4.6,0,0,0
2026-06-19 16:48:58.720,1781905738720,1209.6384,4.6,0,0,0
2026-06-19 16:48:58.759,1781905738759,1209.6384,5.2,0,0,0
2026-06-19 16:48:58.799,1781905738799,1683.4231,5.1,0,0,0
2026-06-19 16:48:58.839,1781905738839,1683.4231,5.1,0,0,0
2026-06-19 16:48:58.879,1781905738879,1683.4231,5.1,0,0,0
2026-06-19 16:48:58.919,1781905738919,1683.4231,4.6,0,0,0
2026-06-19 16:48:58.959,1781905738959,1683.4231,5.1,0,0,0
2026-06-19 16:48:58.999,1781905738999,1683.4231,5.1,0,0,0
2026-06-19 16:48:59.039,1781905739039,1683.4231,5.1,0,0,0
2026-06-19 16:48:59.079,1781905739079,2084.8435,5.1,0,0,0
2026-06-19 16:48:59.119,1781905739119,2084.8435,5.2,0,0,0
2026-06-19 16:48:59.160,1781905739160,2084.8435,5.1,0,0,0
2026-06-19 16:48:59.199,1781905739199,2084.8435,5.1,0,0,0
2026-06-19 16:48:59.239,1781905739239,2084.8435,5.1,0,0,0
2026-06-19 16:48:59.279,1781905739279,2084.8435,4.6,0,0,0
2026-06-19 16:48:59.319,1781905739319,2117.7000,5.1,0,0,0
2026-06-19 16:48:59.359,1781905739359,2117.7000,5.0,0,0,0
2026-06-19 16:48:59.399,1781905739399,2117.7000,5.1,0,0,0
2026-06-19 16:48:59.439,1781905739439,2117.7000,5.5,0,0,0
2026-06-19 16:48:59.479,1781905739479,2117.7000,5.1,0,0,0
2026-06-19 16:48:59.519,1781905739519,2117.7000,5.2,0,0,0
2026-06-19 16:48:59.559,1781905739559,2117.7000,5.1,0,0,0
2026-06-19 16:48:59.599,1781905739599,2357.9922,5.2,0,0,0
2026-06-19 16:48:59.639,1781905739639,2357.9922,5.6,0,0,0
2026-06-19 16:48:59.679,1781905739679,2357.9922,5.2,0,0,0
2026-06-19 16:48:59.719,1781905739719,2357.9922,5.2,0,0,0
2026-06-19 16:48:59.759,1781905739759,2357.9922,5.2,0,0,0
2026-06-19 16:48:59.799,1781905739799,2357.9922,5.5,0,0,0
2026-06-19 16:48:59.839,1781905739839,2431.2454,5.1,0,0,0
2026-06-19 16:48:59.879,1781905739879,2431.2454,5.2,0,0,0
2026-06-19 16:48:59.919,1781905739919,2431.2454,5.1,0,0,0
2026-06-19 16:48:59.959,1781905739959,2431.2454,5.7,0,0,0
2026-06-19 16:48:59.999,1781905739999,2431.2454,5.2,0,0,0
2026-06-19 16:49:00.039,1781905740039,2431.2454,5.2,0,0,0
2026-06-19 16:49:00.079,1781905740079,2431.2454,5.2,0,0,0
2026-06-19 16:49:00.119,1781905740119,1801.0972,5.6,0,0,0
2026-06-19 16:49:00.159,1781905740159,1801.0972,4.6,0,0,0
2026-06-19 16:49:00.199,1781905740199,1801.0972,5.2,0,0,0
2026-06-19 16:49:00.239,1781905740240,1801.0972,4.6,0,0,0
2026-06-19 16:49:00.279,1781905740279,1801.0972,5.2,0,0,0
2026-06-19 16:49:00.319,1781905740319,1801.0972,5.1,0,0,0
2026-06-19 16:49:00.359,1781905740359,1479.8311,5.6,0,0,0
2026-06-19 16:49:00.399,1781905740399,1479.8311,5.1,0,0,0
2026-06-19 16:49:00.440,1781905740440,1479.8311,5.2,0,0,0
2026-06-19 16:49:00.479,1781905740480,1479.8311,5.2,0,0,0
2026-06-19 16:49:00.519,1781905740519,1479.8311,5.2,0,0,0
2026-06-19 16:49:00.559,1781905740559,1479.8311,5.2,0,0,0
2026-06-19 16:49:00.599,1781905740599,1479.8311,5.5,0,0,0
2026-06-19 16:49:00.639,1781905740639,1502.6765,5.6,0,0,0
2026-06-19 16:49:00.679,1781905740679,1502.6765,5.6,0,0,0
2026-06-19 16:49:00.719,1781905740719,1502.6765,5.6,0,0,0
2026-06-19 16:49:00.759,1781905740759,1502.6765,5.7,0,0,0
2026-06-19 16:49:00.799,1781905740799,1502.6765,5.3,0,0,0
2026-06-19 16:49:00.839,1781905740839,1502.6765,6.1,0,0,0
2026-06-19 16:49:00.879,1781905740879,1430.1233,5.7,0,0,0
2026-06-19 16:49:00.919,1781905740919,1430.1233,5.5,0,0,0
2026-06-19 16:49:00.959,1781905740959,1430.1233,5.4,0,0,0
2026-06-19 16:49:00.999,1781905740999,1430.1233,5.0,0,0,0
2026-06-19 16:49:01.039,1781905741039,1430.1233,5.4,0,0,0
2026-06-19 16:49:01.079,1781905741079,1430.1233,5.4,0,0,0
2026-06-19 16:49:01.119,1781905741119,1430.1233,5.4,0,0,0
2026-06-19 16:49:01.159,1781905741159,1896.3457,5.0,0,0,0
2026-06-19 16:49:01.199,1781905741200,1896.3457,5.0,0,0,0
2026-06-19 16:49:01.239,1781905741239,1896.3457,5.1,0,0,0
2026-06-19 16:49:01.279,1781905741279,1896.3457,5.2,0,0,0
2026-06-19 16:49:01.319,1781905741319,1896.3457,6.0,0,0,0
2026-06-19 16:49:01.359,1781905741359,1896.3457,5.7,0,0,0
2026-06-19 16:49:01.399,1781905741399,1111.5807,5.6,0,0,0
2026-06-19 16:49:01.440,1781905741440,1111.5807,5.9,0,0,0
2026-06-19 16:49:01.479,1781905741479,1111.5807,5.6,0,0,0
2026-06-19 16:49:01.519,1781905741520,1111.5807,5.6,0,0,0
2026-06-19 16:49:01.559,1781905741559,1111.5807,6.1,0,0,0
2026-06-19 16:49:01.599,1781905741599,1111.5807,5.5,0,0,0
2026-06-19 16:49:01.639,1781905741639,1111.5807,5.6,0,0,0
2026-06-19 16:49:01.679,1781905741679,1087.8459,6.0,0,0,0
2026-06-19 16:49:01.719,1781905741719,1087.8459,6.0,0,0,0
2026-06-19 16:49:01.759,1781905741759,1087.8459,5.5,0,0,0
2026-06-19 16:49:01.799,1781905741799,1087.8459,5.6,0,0,0
2026-06-19 16:49:01.839,1781905741839,1087.8459,5.6,0,0,0
2026-06-19 16:49:01.881,1781905741881,1087.8459,6.1,0,0,0
2026-06-19 16:49:01.919,1781905741919,1074.6727,6.0,0,0,0
2026-06-19 16:49:01.959,1781905741959,1074.6727,6.1,0,0,0
2026-06-19 16:49:01.999,1781905741999,1074.6727,6.5,0,0,0
2026-06-19 16:49:02.040,1781905742040,1074.6727,6.1,0,0,0
2026-06-19 16:49:02.080,1781905742080,1074.6727,6.1,0,0,0
2026-06-19 16:49:02.120,1781905742120,1074.6727,6.1,0,0,0
2026-06-19 16:49:02.159,1781905742160,1074.6727,6.0,0,0,0
2026-06-19 16:49:02.199,1781905742200,998.5661,5.6,0,0,0
2026-06-19 16:49:02.240,1781905742240,998.5661,5.5,0,0,0
2026-06-19 16:49:02.279,1781905742279,998.5661,6.1,0,0,0
2026-06-19 16:49:02.320,1781905742320,998.5661,6.1,0,0,0
2026-06-19 16:49:02.359,1781905742359,998.5661,6.0,0,0,0
2026-06-19 16:49:02.399,1781905742399,998.5661,5.5,0,0,0
2026-06-19 16:49:02.439,1781905742439,1114.4473,5.1,0,0,0
2026-06-19 16:49:02.479,1781905742480,1114.4473,5.0,0,0,0
2026-06-19 16:49:02.520,1781905742520,1114.4473,5.4,0,0,0
2026-06-19 16:49:02.559,1781905742559,1114.4473,5.4,0,0,0
2026-06-19 16:49:02.599,1781905742599,1114.4473,5.2,0,0,0
2026-06-19 16:49:02.639,1781905742639,1114.4473,5.1,0,0,0
2026-06-19 16:49:02.679,1781905742679,1114.4473,5.1,0,0,0
2026-06-19 16:49:02.719,1781905742719,1120.6754,5.0,0,0,0
2026-06-19 16:49:02.759,1781905742759,1120.6754,5.1,0,0,0
2026-06-19 16:49:02.799,1781905742799,1120.6754,5.1,0,0,0
2026-06-19 16:49:02.839,1781905742839,1120.6754,5.4,0,0,0
2026-06-19 16:49:02.880,1781905742880,1120.6754,5.4,0,0,0
2026-06-19 16:49:02.919,1781905742919,1120.6754,5.5,0,0,0
2026-06-19 16:49:02.959,1781905742959,1126.2157,5.4,0,0,0
2026-06-19 16:49:02.999,1781905742999,1126.2157,5.4,0,0,0
2026-06-19 16:49:03.039,1781905743039,1126.2157,5.4,0,0,0
2026-06-19 16:49:03.079,1781905743079,1126.2157,5.4,0,0,0
2026-06-19 16:49:03.119,1781905743119,1126.2157,5.4,0,0,0
2026-06-19 16:49:03.159,1781905743159,1126.2157,5.4,0,0,0
2026-06-19 16:49:03.199,1781905743199,1126.2157,5.4,0,0,0
2026-06-19 16:49:03.239,1781905743239,1072.0131,5.4,0,0,0
2026-06-19 16:49:03.279,1781905743279,1072.0131,5.4,0,0,0
2026-06-19 16:49:03.319,1781905743319,1072.0131,5.4,0,0,0
2026-06-19 16:49:03.359,1781905743359,1072.0131,5.8,0,0,0
2026-06-19 16:49:03.399,1781905743399,1072.0131,5.4,0,0,0
2026-06-19 16:49:03.439,1781905743439,1072.0131,5.4,0,0,0
2026-06-19 16:49:03.479,1781905743479,1108.8652,5.4,0,0,0
2026-06-19 16:49:03.519,1781905743519,1108.8652,4.9,0,0,0
2026-06-19 16:49:03.559,1781905743559,1108.8652,5.4,0,0,0
2026-06-19 16:49:03.599,1781905743599,1108.8652,5.4,0,0,0
2026-06-19 16:49:03.640,1781905743640,1108.8652,5.4,0,0,0
2026-06-19 16:49:03.680,1781905743680,1108.8652,5.4,0,0,0
2026-06-19 16:49:03.719,1781905743719,1108.8652,5.1,0,0,0
2026-06-19 16:49:03.759,1781905743759,1168.9172,5.4,0,0,0
2026-06-19 16:49:03.800,1781905743800,1168.9172,5.4,0,0,0
2026-06-19 16:49:03.839,1781905743839,1168.9172,5.4,0,0,0
2026-06-19 16:49:03.879,1781905743879,1168.9172,5.4,0,0,0
2026-06-19 16:49:03.919,1781905743919,1168.9172,5.4,0,0,0
2026-06-19 16:49:03.959,1781905743960,1168.9172,5.4,0,0,0
2026-06-19 16:49:03.999,1781905743999,1105.8208,5.4,0,0,0
2026-06-19 16:49:04.039,1781905744039,1105.8208,5.4,0,0,0
2026-06-19 16:49:04.080,1781905744080,1105.8208,5.4,0,0,0
2026-06-19 16:49:04.119,1781905744119,1105.8208,5.4,0,0,0
2026-06-19 16:49:04.160,1781905744160,1105.8208,5.4,0,0,0
2026-06-19 16:49:04.199,1781905744199,1105.8208,5.0,0,0,0
2026-06-19 16:49:04.240,1781905744240,1105.8208,5.0,0,0,0
2026-06-19 16:49:04.280,1781905744280,1099.5541,5.0,0,0,0
2026-06-19 16:49:04.320,1781905744320,1099.5541,5.0,0,0,0
2026-06-19 16:49:04.360,1781905744360,1099.5541,5.1,0,0,0
2026-06-19 16:49:04.400,1781905744400,1099.5541,5.4,0,0,0
2026-06-19 16:49:04.440,1781905744440,1099.5541,5.4,0,0,0
2026-06-19 16:49:04.480,1781905744480,1099.5541,5.0,0,0,0
2026-06-19 16:49:04.520,1781905744520,1234.9438,5.4,0,0,0
2026-06-19 16:49:04.560,1781905744560,1234.9438,5.0,0,0,0
2026-06-19 16:49:04.599,1781905744600,1234.9438,5.0,0,0,0
2026-06-19 16:49:04.640,1781905744640,1234.9438,5.0,0,0,0
2026-06-19 16:49:04.680,1781905744680,1234.9438,5.5,0,0,0
2026-06-19 16:49:04.719,1781905744719,1234.9438,5.1,0,0,0
2026-06-19 16:49:04.760,1781905744760,1234.9438,5.1,0,0,0
2026-06-19 16:49:04.799,1781905744799,1758.1616,5.5,0,0,0
2026-06-19 16:49:04.839,1781905744839,1758.1616,5.1,0,0,0
2026-06-19 16:49:04.879,1781905744879,1758.1616,5.1,0,0,0
2026-06-19 16:49:04.919,1781905744919,1758.1616,5.0,0,0,0
2026-06-19 16:49:04.959,1781905744959,1758.1616,5.5,0,0,0
2026-06-19 16:49:04.999,1781905744999,1758.1616,5.4,0,0,0
2026-06-19 16:49:05.039,1781905745039,2184.2090,5.5,0,0,0
2026-06-19 16:49:05.079,1781905745079,2184.2090,5.5,0,0,0
2026-06-19 16:49:05.119,1781905745119,2184.2090,5.5,0,0,0
2026-06-19 16:49:05.159,1781905745159,2184.2090,5.5,0,0,0
2026-06-19 16:49:05.200,1781905745200,2184.2090,5.1,0,0,0
2026-06-19 16:49:05.240,1781905745240,2184.2090,5.4,0,0,0
2026-06-19 16:49:05.279,1781905745279,2184.2090,5.5,0,0,0
2026-06-19 16:49:05.319,1781905745319,2152.8579,5.0,0,0,0
2026-06-19 16:49:05.359,1781905745359,2152.8579,5.5,0,0,0
2026-06-19 16:49:05.399,1781905745399,2152.8579,5.1,0,0,0
2026-06-19 16:49:05.439,1781905745439,2152.8579,5.4,0,0,0
2026-06-19 16:49:05.479,1781905745479,2152.8579,5.1,0,0,0
2026-06-19 16:49:05.519,1781905745519,2152.8579,5.1,0,0,0
2026-06-19 16:49:05.559,1781905745559,2006.5022,5.0,0,0,0
2026-06-19 16:49:05.599,1781905745599,2006.5022,5.0,0,0,0
2026-06-19 16:49:05.639,1781905745639,2006.5022,5.4,0,0,0
2026-06-19 16:49:05.679,1781905745679,2006.5022,5.4,0,0,0
2026-06-19 16:49:05.719,1781905745719,2006.5022,5.5,0,0,0
2026-06-19 16:49:05.759,1781905745759,2006.5022,5.2,0,0,0
2026-06-19 16:49:05.799,1781905745799,2006.5022,5.0,0,0,0
2026-06-19 16:49:05.839,1781905745839,1785.2123,5.1,0,0,0
2026-06-19 16:49:05.879,1781905745879,1785.2123,5.5,0,0,0
2026-06-19 16:49:05.919,1781905745919,1785.2123,5.5,0,0,0
2026-06-19 16:49:05.959,1781905745959,1785.2123,5.5,0,0,0
2026-06-19 16:49:05.999,1781905745999,1785.2123,5.5,0,0,0
2026-06-19 16:49:06.039,1781905746039,1785.2123,5.1,0,0,0
2026-06-19 16:49:06.079,1781905746080,1299.4026,5.0,0,0,0
2026-06-19 16:49:06.119,1781905746119,1299.4026,5.5,0,0,0
2026-06-19 16:49:06.159,1781905746159,1299.4026,4.6,0,0,0
2026-06-19 16:49:06.199,1781905746199,1299.4026,5.0,0,0,0
2026-06-19 16:49:06.240,1781905746240,1299.4026,4.6,0,0,0
2026-06-19 16:49:06.280,1781905746280,1299.4026,5.1,0,0,0
2026-06-19 16:49:06.320,1781905746320,1299.4026,5.4,0,0,0
2026-06-19 16:49:06.359,1781905746359,1337.4285,5.5,0,0,0
2026-06-19 16:49:06.400,1781905746400,1337.4285,5.4,0,0,0
2026-06-19 16:49:06.440,1781905746440,1337.4285,5.1,0,0,0
2026-06-19 16:49:06.480,1781905746480,1337.4285,5.1,0,0,0
2026-06-19 16:49:06.520,1781905746520,1337.4285,5.5,0,0,0
2026-06-19 16:49:06.560,1781905746560,1337.4285,6.0,0,0,0
2026-06-19 16:49:06.600,1781905746600,1428.1633,5.5,0,0,0
2026-06-19 16:49:06.639,1781905746639,1428.1633,5.5,0,0,0
2026-06-19 16:49:06.679,1781905746679,1428.1633,5.5,0,0,0
2026-06-19 16:49:06.719,1781905746719,1428.1633,5.5,0,0,0
2026-06-19 16:49:06.760,1781905746760,1428.1633,5.7,0,0,0
2026-06-19 16:49:06.800,1781905746800,1428.1633,6.1,0,0,0
2026-06-19 16:49:06.840,1781905746840,1428.1633,6.1,0,0,0
2026-06-19 16:49:06.880,1781905746880,1799.6111,5.6,0,0,0
2026-06-19 16:49:06.920,1781905746920,1799.6111,6.0,0,0,0
2026-06-19 16:49:06.959,1781905746959,1799.6111,5.6,0,0,0
2026-06-19 16:49:06.999,1781905747000,1799.6111,5.5,0,0,0
2026-06-19 16:49:07.040,1781905747040,1799.6111,5.1,0,0,0
2026-06-19 16:49:07.079,1781905747079,1799.6111,6.0,0,0,0
2026-06-19 16:49:07.119,1781905747119,2010.7152,5.6,0,0,0
2026-06-19 16:49:07.160,1781905747160,2010.7152,5.6,0,0,0
2026-06-19 16:49:07.200,1781905747200,2010.7152,5.6,0,0,0
2026-06-19 16:49:07.240,1781905747240,2010.7152,5.6,0,0,0
2026-06-19 16:49:07.280,1781905747280,2010.7152,5.5,0,0,0
2026-06-19 16:49:07.320,1781905747320,2010.7152,6.1,0,0,0
2026-06-19 16:49:07.359,1781905747359,2010.7152,6.1,0,0,0
2026-06-19 16:49:07.400,1781905747400,1958.0211,5.6,0,0,0
2026-06-19 16:49:07.439,1781905747439,1958.0211,6.0,0,0,0
2026-06-19 16:49:07.479,1781905747479,1958.0211,5.5,0,0,0
2026-06-19 16:49:07.519,1781905747520,1958.0211,5.5,0,0,0
2026-06-19 16:49:07.560,1781905747560,1958.0211,5.5,0,0,0
2026-06-19 16:49:07.599,1781905747599,1958.0211,6.1,0,0,0
2026-06-19 16:49:07.639,1781905747639,2068.1125,5.5,0,0,0
2026-06-19 16:49:07.679,1781905747679,2068.1125,5.5,0,0,0
2026-06-19 16:49:07.720,1781905747720,2068.1125,5.0,0,0,0
2026-06-19 16:49:07.760,1781905747760,2068.1125,5.5,0,0,0
2026-06-19 16:49:07.800,1781905747800,2068.1125,5.4,0,0,0
2026-06-19 16:49:07.839,1781905747839,2068.1125,5.1,0,0,0
2026-06-19 16:49:07.879,1781905747879,2068.1125,5.2,0,0,0
2026-06-19 16:49:07.919,1781905747919,1998.1799,5.5,0,0,0
2026-06-19 16:49:07.959,1781905747959,1998.1799,5.5,0,0,0
2026-06-19 16:49:07.999,1781905747999,1998.1799,5.1,0,0,0
2026-06-19 16:49:08.039,1781905748040,1998.1799,5.1,0,0,0
2026-06-19 16:49:08.080,1781905748080,1998.1799,5.1,0,0,0
2026-06-19 16:49:08.120,1781905748120,1998.1799,5.1,0,0,0
2026-06-19 16:49:08.160,1781905748160,2092.8252,5.0,0,0,0
2026-06-19 16:49:08.200,1781905748200,2092.8252,5.0,0,0,0
2026-06-19 16:49:08.240,1781905748240,2092.8252,5.0,0,0,0
2026-06-19 16:49:08.280,1781905748280,2092.8252,5.5,0,0,0
2026-06-19 16:49:08.319,1781905748319,2092.8252,5.6,0,0,0
2026-06-19 16:49:08.360,1781905748360,2092.8252,5.0,0,0,0
2026-06-19 16:49:08.399,1781905748399,2092.8252,5.0,0,0,0
2026-06-19 16:49:08.440,1781905748440,2163.0366,5.0,0,0,0
2026-06-19 16:49:08.480,1781905748480,2163.0366,5.6,0,0,0
2026-06-19 16:49:08.520,1781905748520,2163.0366,5.0,0,0,0
2026-06-19 16:49:08.560,1781905748560,2163.0366,5.5,0,0,0
2026-06-19 16:49:08.599,1781905748599,2163.0366,5.1,0,0,0
2026-06-19 16:49:08.640,1781905748640,2163.0366,5.4,0,0,0
2026-06-19 16:49:08.679,1781905748679,2085.1584,5.4,0,0,0
2026-06-19 16:49:08.720,1781905748720,2085.1584,5.0,0,0,0
2026-06-19 16:49:08.760,1781905748760,2085.1584,5.4,0,0,0
2026-06-19 16:49:08.799,1781905748799,2085.1584,5.0,0,0,0
2026-06-19 16:49:08.840,1781905748840,2085.1584,5.0,0,0,0
2026-06-19 16:49:08.880,1781905748880,2085.1584,5.0,0,0,0
2026-06-19 16:49:08.919,1781905748919,2085.1584,5.1,0,0,0
2026-06-19 16:49:08.959,1781905748959,2103.7471,5.5,0,0,0
2026-06-19 16:49:08.999,1781905749000,2103.7471,5.5,0,0,0
2026-06-19 16:49:09.039,1781905749039,2103.7471,5.4,0,0,0
2026-06-19 16:49:09.080,1781905749080,2103.7471,5.1,0,0,0
2026-06-19 16:49:09.119,1781905749119,2103.7471,5.5,0,0,0
2026-06-19 16:49:09.159,1781905749160,2103.7471,5.0,0,0,0
2026-06-19 16:49:09.199,1781905749200,2161.1052,5.0,0,0,0
2026-06-19 16:49:09.239,1781905749239,2161.1052,5.5,0,0,0
2026-06-19 16:49:09.279,1781905749280,2161.1052,4.9,0,0,0
2026-06-19 16:49:09.319,1781905749319,2161.1052,5.5,0,0,0
2026-06-19 16:49:09.359,1781905749359,2161.1052,5.5,0,0,0
2026-06-19 16:49:09.399,1781905749399,2161.1052,5.5,0,0,0
2026-06-19 16:49:09.439,1781905749439,2161.1052,5.6,0,0,0
2026-06-19 16:49:09.479,1781905749480,2124.5706,5.0,0,0,0
2026-06-19 16:49:09.520,1781905749520,2124.5706,4.9,0,0,0
2026-06-19 16:49:09.560,1781905749560,2124.5706,5.0,0,0,0
2026-06-19 16:49:09.600,1781905749600,2124.5706,5.0,0,0,0
2026-06-19 16:49:09.640,1781905749640,2124.5706,5.0,0,0,0
2026-06-19 16:49:09.679,1781905749679,2124.5706,5.1,0,0,0
2026-06-19 16:49:09.719,1781905749719,2171.7793,5.0,0,0,0
2026-06-19 16:49:09.759,1781905749759,2171.7793,5.1,0,0,0
2026-06-19 16:49:09.800,1781905749800,2171.7793,5.1,0,0,0
2026-06-19 16:49:09.839,1781905749840,2171.7793,5.5,0,0,0
2026-06-19 16:49:09.880,1781905749880,2171.7793,5.1,0,0,0
2026-06-19 16:49:09.920,1781905749920,2171.7793,5.1,0,0,0
2026-06-19 16:49:09.959,1781905749959,2171.7793,5.5,0,0,0
2026-06-19 16:49:09.999,1781905749999,2106.3652,5.0,0,0,0
2026-06-19 16:49:10.039,1781905750039,2106.3652,5.1,0,0,0
2026-06-19 16:49:10.079,1781905750079,2106.3652,5.1,0,0,0
2026-06-19 16:49:10.119,1781905750119,2106.3652,5.1,0,0,0
2026-06-19 16:49:10.160,1781905750160,2106.3652,4.6,0,0,0
2026-06-19 16:49:10.200,1781905750200,2106.3652,5.5,0,0,0
2026-06-19 16:49:10.240,1781905750240,2091.1990,5.1,0,0,0
2026-06-19 16:49:10.280,1781905750280,2091.1990,4.9,0,0,0
2026-06-19 16:49:10.319,1781905750319,2091.1990,5.1,0,0,0
2026-06-19 16:49:10.360,1781905750360,2091.1990,5.1,0,0,0
2026-06-19 16:49:10.400,1781905750400,2091.1990,4.9,0,0,0
2026-06-19 16:49:10.440,1781905750440,2091.1990,5.1,0,0,0
2026-06-19 16:49:10.480,1781905750480,2091.1990,5.5,0,0,0
2026-06-19 16:49:10.520,1781905750520,2161.2825,5.5,0,0,0
2026-06-19 16:49:10.560,1781905750560,2161.2825,5.4,0,0,0
2026-06-19 16:49:10.600,1781905750600,2161.2825,5.1,0,0,0
2026-06-19 16:49:10.639,1781905750639,2161.2825,5.4,0,0,0
2026-06-19 16:49:10.680,1781905750680,2161.2825,4.9,0,0,0
2026-06-19 16:49:10.720,1781905750720,2161.2825,5.4,0,0,0
2026-06-19 16:49:10.760,1781905750760,2166.3413,5.0,0,0,0
2026-06-19 16:49:10.799,1781905750799,2166.3413,5.5,0,0,0
2026-06-19 16:49:10.840,1781905750840,2166.3413,5.0,0,0,0
2026-06-19 16:49:10.880,1781905750880,2166.3413,5.1,0,0,0
2026-06-19 16:49:10.920,1781905750920,2166.3413,5.1,0,0,0
2026-06-19 16:49:10.960,1781905750960,2166.3413,5.5,0,0,0
2026-06-19 16:49:11.000,1781905751000,2166.3413,5.4,0,0,0
2026-06-19 16:49:11.040,1781905751040,2255.0454,5.5,0,0,0
2026-06-19 16:49:11.080,1781905751080,2255.0454,5.6,0,0,0
2026-06-19 16:49:11.120,1781905751120,2255.0454,5.5,0,0,0
2026-06-19 16:49:11.160,1781905751160,2255.0454,5.1,0,0,0
2026-06-19 16:49:11.200,1781905751200,2255.0454,5.5,0,0,0
2026-06-19 16:49:11.240,1781905751240,2255.0454,5.1,0,0,0
2026-06-19 16:49:11.280,1781905751280,2218.9492,5.0,0,0,0
2026-06-19 16:49:11.320,1781905751320,2218.9492,5.1,0,0,0
2026-06-19 16:49:11.360,1781905751360,2218.9492,5.5,0,0,0
2026-06-19 16:49:11.400,1781905751400,2218.9492,5.5,0,0,0
2026-06-19 16:49:11.440,1781905751440,2218.9492,5.1,0,0,0
2026-06-19 16:49:11.480,1781905751480,2218.9492,5.5,0,0,0
2026-06-19 16:49:11.520,1781905751520,2218.9492,5.2,0,0,0
2026-06-19 16:49:11.560,1781905751560,2049.8237,5.5,0,0,0
2026-06-19 16:49:11.600,1781905751600,2049.8237,5.1,0,0,0
2026-06-19 16:49:11.640,1781905751640,2049.8237,5.1,0,0,0
2026-06-19 16:49:11.680,1781905751680,2049.8237,5.1,0,0,0
2026-06-19 16:49:11.720,1781905751720,2049.8237,5.1,0,0,0
2026-06-19 16:49:11.760,1781905751760,2049.8237,5.1,0,0,0
2026-06-19 16:49:11.800,1781905751800,2171.3223,5.0,0,0,0
2026-06-19 16:49:11.839,1781905751840,2171.3223,5.0,0,0,0
2026-06-19 16:49:11.880,1781905751880,2171.3223,5.0,0,0,0
2026-06-19 16:49:11.919,1781905751919,2171.3223,5.6,0,0,0
2026-06-19 16:49:11.960,1781905751960,2171.3223,5.5,0,0,0
2026-06-19 16:49:12.000,1781905752000,2171.3223,5.1,0,0,0
2026-06-19 16:49:12.040,1781905752040,2171.3223,5.1,0,0,0
2026-06-19 16:49:12.079,1781905752080,2179.0630,5.5,0,0,0
2026-06-19 16:49:12.120,1781905752120,2179.0630,5.5,0,0,0
2026-06-19 16:49:12.160,1781905752160,2179.0630,5.4,0,0,0
2026-06-19 16:49:12.200,1781905752200,2179.0630,5.4,0,0,0
2026-06-19 16:49:12.240,1781905752240,2179.0630,5.4,0,0,0
2026-06-19 16:49:12.280,1781905752280,2179.0630,5.4,0,0,0
2026-06-19 16:49:12.320,1781905752320,2312.7878,5.0,0,0,0
2026-06-19 16:49:12.360,1781905752360,2312.7878,5.5,0,0,0
2026-06-19 16:49:12.400,1781905752400,2312.7878,5.4,0,0,0
2026-06-19 16:49:12.440,1781905752440,2312.7878,5.1,0,0,0
2026-06-19 16:49:12.480,1781905752480,2312.7878,5.1,0,0,0
2026-06-19 16:49:12.520,1781905752520,2312.7878,5.5,0,0,0
2026-06-19 16:49:12.560,1781905752560,2312.7878,5.5,0,0,0
2026-06-19 16:49:12.600,1781905752600,2143.1494,5.0,0,0,0
2026-06-19 16:49:12.640,1781905752640,2143.1494,5.0,0,0,0
2026-06-19 16:49:12.680,1781905752680,2143.1494,5.1,0,0,0
2026-06-19 16:49:12.720,1781905752720,2143.1494,5.4,0,0,0
2026-06-19 16:49:12.760,1781905752760,2143.1494,5.5,0,0,0
2026-06-19 16:49:12.800,1781905752800,2143.1494,5.0,0,0,0
2026-06-19 16:49:12.840,1781905752840,2186.2681,5.5,0,0,0
2026-06-19 16:49:12.880,1781905752880,2186.2681,5.5,0,0,0
2026-06-19 16:49:12.920,1781905752920,2186.2681,6.1,0,0,0
2026-06-19 16:49:12.960,1781905752960,2186.2681,5.9,0,0,0
2026-06-19 16:49:13.000,1781905753000,2186.2681,5.5,0,0,0
2026-06-19 16:49:13.040,1781905753040,2186.2681,6.0,0,0,0
2026-06-19 16:49:13.080,1781905753080,2186.2681,6.4,0,0,0
2026-06-19 16:49:13.120,1781905753120,1883.1281,6.4,0,0,0
2026-06-19 16:49:13.160,1781905753160,1883.1281,6.7,0,0,0
2026-06-19 16:49:13.200,1781905753200,1883.1281,6.0,0,0,0
2026-06-19 16:49:13.240,1781905753240,1883.1281,6.9,0,0,0
2026-06-19 16:49:13.280,1781905753280,1883.1281,7.0,0,0,0
2026-06-19 16:49:13.320,1781905753320,1883.1281,7.1,0,0,0
2026-06-19 16:49:13.360,1781905753360,1322.1710,7.0,0,0,0
2026-06-19 16:49:13.400,1781905753400,1322.1710,7.0,0,0,0
2026-06-19 16:49:13.440,1781905753440,1322.1710,6.9,0,0,0
2026-06-19 16:49:13.480,1781905753480,1322.1710,6.8,0,0,0
2026-06-19 16:49:13.520,1781905753520,1322.1710,6.3,0,0,0
2026-06-19 16:49:13.560,1781905753560,1322.1710,6.6,0,0,0
2026-06-19 16:49:13.600,1781905753600,1322.1710,6.4,0,0,0
2026-06-19 16:49:13.640,1781905753640,1477.2102,6.4,0,0,0
2026-06-19 16:49:13.680,1781905753680,1477.2102,5.9,0,0,0
2026-06-19 16:49:13.720,1781905753720,1477.2102,5.9,0,0,0
2026-06-19 16:49:13.760,1781905753760,1477.2102,6.0,0,0,0
2026-06-19 16:49:13.800,1781905753800,1477.2102,5.5,0,0,0
2026-06-19 16:49:13.840,1781905753840,1477.2102,6.0,0,0,0
2026-06-19 16:49:13.880,1781905753880,1531.5458,5.5,0,0,0
2026-06-19 16:49:13.920,1781905753920,1531.5458,5.9,0,0,0
2026-06-19 16:49:13.960,1781905753960,1531.5458,6.0,0,0,0
2026-06-19 16:49:14.000,1781905754000,1531.5458,5.5,0,0,0
2026-06-19 16:49:14.040,1781905754040,1531.5458,6.0,0,0,0
2026-06-19 16:49:14.080,1781905754080,1531.5458,5.5,0,0,0
2026-06-19 16:49:14.120,1781905754120,1531.5458,5.8,0,0,0
2026-06-19 16:49:14.160,1781905754160,1076.4724,6.2,0,0,0
2026-06-19 16:49:14.200,1781905754200,1076.4724,6.2,0,0,0
2026-06-19 16:49:14.240,1781905754240,1076.4724,5.8,0,0,0
2026-06-19 16:49:14.280,1781905754280,1076.4724,6.2,0,0,0
2026-06-19 16:49:14.320,1781905754320,1076.4724,5.8,0,0,0
2026-06-19 16:49:14.360,1781905754360,1076.4724,6.2,0,0,0
2026-06-19 16:49:14.400,1781905754400,1830.3508,6.2,0,1,0
2026-06-19 16:49:14.440,1781905754440,1830.3508,6.3,0,0,0
2026-06-19 16:49:14.480,1781905754480,1830.3508,5.7,0,0,0
2026-06-19 16:49:14.520,1781905754520,1830.3508,5.8,0,0,0
2026-06-19 16:49:14.560,1781905754560,1830.3508,5.8,0,0,0
2026-06-19 16:49:14.600,1781905754600,1830.3508,5.9,0,0,0
2026-06-19 16:49:14.640,1781905754640,1830.3508,5.9,0,0,0
2026-06-19 16:49:14.680,1781905754680,1764.9478,5.4,0,1,0
2026-06-19 16:49:14.720,1781905754720,1764.9478,5.4,0,0,0
2026-06-19 16:49:14.760,1781905754760,1764.9478,6.0,0,0,0
2026-06-19 16:49:14.800,1781905754800,1764.9478,6.0,0,0,0
2026-06-19 16:49:14.840,1781905754840,1764.9478,5.4,0,0,0
2026-06-19 16:49:14.880,1781905754880,1764.9478,5.5,0,0,0
2026-06-19 16:49:14.920,1781905754920,1584.6187,5.9,0,0,0
2026-06-19 16:49:14.960,1781905754960,1584.6187,5.9,0,0,0
2026-06-19 16:49:15.000,1781905755000,1584.6187,5.9,0,1,0
2026-06-19 16:49:15.040,1781905755040,1584.6187,5.5,0,0,0
2026-06-19 16:49:15.080,1781905755080,1584.6187,5.9,0,0,0
2026-06-19 16:49:15.120,1781905755120,1584.6187,5.4,0,0,0
2026-06-19 16:49:15.160,1781905755160,1584.6187,6.0,0,0,0
2026-06-19 16:49:15.200,1781905755200,1559.2867,5.9,0,0,0
2026-06-19 16:49:15.240,1781905755240,1559.2867,5.4,0,0,0
2026-06-19 16:49:15.280,1781905755280,1559.2867,5.4,0,0,0
2026-06-19 16:49:15.320,1781905755320,1559.2867,5.9,0,0,0
2026-06-19 16:49:15.360,1781905755360,1559.2867,5.8,0,0,0
2026-06-19 16:49:15.400,1781905755400,1559.2867,6.2,0,0,0
2026-06-19 16:49:15.440,1781905755440,1740.4023,5.8,0,0,0
2026-06-19 16:49:15.480,1781905755480,1740.4023,6.5,0,0,0
2026-06-19 16:49:15.520,1781905755520,1740.4023,5.6,0,0,0
2026-06-19 16:49:15.560,1781905755560,1740.4023,6.1,0,0,0
2026-06-19 16:49:15.600,1781905755600,1740.4023,6.1,0,1,0
2026-06-19 16:49:15.640,1781905755640,1740.4023,6.0,0,0,0
2026-06-19 16:49:15.680,1781905755680,1740.4023,5.6,0,0,0
2026-06-19 16:49:15.720,1781905755720,2002.2053,5.5,0,0,0
2026-06-19 16:49:15.760,1781905755760,2002.2053,5.5,0,0,0
2026-06-19 16:49:15.800,1781905755800,2002.2053,5.5,0,0,0
2026-06-19 16:49:15.840,1781905755840,2002.2053,5.5,0,0,0
2026-06-19 16:49:15.880,1781905755880,2002.2053,5.6,0,0,0
2026-06-19 16:49:15.920,1781905755920,2002.2053,5.6,0,0,0
2026-06-19 16:49:15.960,1781905755960,2131.8337,5.5,0,0,0
2026-06-19 16:49:16.000,1781905756000,2131.8337,5.6,0,1,0
2026-06-19 16:49:16.040,1781905756040,2131.8337,5.4,0,0,0
2026-06-19 16:49:16.080,1781905756080,2131.8337,5.1,0,0,0
2026-06-19 16:49:16.120,1781905756120,2131.8337,5.0,0,0,0
2026-06-19 16:49:16.160,1781905756160,2131.8337,5.1,0,0,0
2026-06-19 16:49:16.200,1781905756200,2131.8337,5.2,0,0,0
2026-06-19 16:49:16.240,1781905756240,2261.9749,5.5,0,0,0
2026-06-19 16:49:16.280,1781905756280,2261.9749,5.5,0,0,0
2026-06-19 16:49:16.320,1781905756320,2261.9749,5.5,0,0,0
2026-06-19 16:49:16.360,1781905756360,2261.9749,5.2,0,0,0
2026-06-19 16:49:16.400,1781905756400,2261.9749,5.1,0,0,0
2026-06-19 16:49:16.440,1781905756440,2261.9749,5.5,0,0,0
2026-06-19 16:49:16.480,1781905756480,1918.5785,5.5,0,0,0
2026-06-19 16:49:16.520,1781905756520,1918.5785,5.5,0,0,0
2026-06-19 16:49:16.560,1781905756560,1918.5785,5.5,0,0,0
2026-06-19 16:49:16.600,1781905756600,1918.5785,5.5,0,1,0
2026-06-19 16:49:16.640,1781905756640,1918.5785,5.6,0,0,0
2026-06-19 16:49:16.680,1781905756680,1918.5785,5.6,0,1,0
2026-06-19 16:49:16.720,1781905756720,1918.5785,5.6,0,1,0
2026-06-19 16:49:16.760,1781905756760,1812.4585,5.6,0,1,0
2026-06-19 16:49:16.800,1781905756800,1812.4585,6.0,0,1,0
2026-06-19 16:49:16.840,1781905756840,1812.4585,5.1,0,1,0
2026-06-19 16:49:16.880,1781905756880,1812.4585,5.1,0,0,0
2026-06-19 16:49:16.920,1781905756920,1812.4585,5.5,0,1,0
2026-06-19 16:49:16.960,1781905756960,1812.4585,5.0,0,0,0
2026-06-19 16:49:17.000,1781905757000,1970.6090,5.5,0,0,0
2026-06-19 16:49:17.040,1781905757040,1970.6090,4.9,0,0,0
2026-06-19 16:49:17.080,1781905757080,1970.6090,5.5,0,0,0
2026-06-19 16:49:17.120,1781905757120,1970.6090,5.5,0,0,0
2026-06-19 16:49:17.160,1781905757160,1970.6090,5.5,0,0,0
2026-06-19 16:49:17.200,1781905757200,1970.6090,5.5,0,0,0
2026-06-19 16:49:17.240,1781905757240,1970.6090,5.2,0,0,0
2026-06-19 16:49:17.280,1781905757280,1979.3491,5.0,0,0,0
2026-06-19 16:49:17.320,1781905757320,1979.3491,5.1,0,0,0
2026-06-19 16:49:17.360,1781905757360,1979.3491,4.6,0,1,0
2026-06-19 16:49:17.400,1781905757400,1979.3491,5.0,0,0,0
2026-06-19 16:49:17.440,1781905757440,1979.3491,5.5,0,0,0
2026-06-19 16:49:17.480,1781905757480,1979.3491,5.4,0,0,0
2026-06-19 16:49:17.520,1781905757520,2254.1738,5.0,0,0,0
2026-06-19 16:49:17.560,1781905757560,2254.1738,5.1,0,0,0
2026-06-19 16:49:17.600,1781905757600,2254.1738,5.0,0,0,0
2026-06-19 16:49:17.640,1781905757640,2254.1738,5.5,0,0,0
2026-06-19 16:49:17.680,1781905757680,2254.1738,5.5,0,0,0
2026-06-19 16:49:17.720,1781905757720,2254.1738,5.5,0,1,0
2026-06-19 16:49:17.760,1781905757760,2254.1738,5.1,0,0,0
2026-06-19 16:49:17.800,1781905757800,2000.8685,5.0,0,0,0
2026-06-19 16:49:17.840,1781905757840,2000.8685,5.4,0,0,0
2026-06-19 16:49:17.880,1781905757880,2000.8685,4.6,0,0,0
2026-06-19 16:49:17.920,1781905757920,2000.8685,5.1,0,0,0
2026-06-19 16:49:17.960,1781905757960,2000.8685,5.5,0,0,0
2026-06-19 16:49:18.000,1781905758000,2000.8685,5.1,0,1,0
2026-06-19 16:49:18.040,1781905758040,2210.5554,5.0,0,0,0
2026-06-19 16:49:18.080,1781905758080,2210.5554,5.6,0,0,0
2026-06-19 16:49:18.120,1781905758120,2210.5554,5.0,0,0,0
2026-06-19 16:49:18.160,1781905758160,2210.5554,5.1,0,0,0
2026-06-19 16:49:18.200,1781905758200,2210.5554,5.5,0,0,0
2026-06-19 16:49:18.240,1781905758240,2210.5554,5.5,0,1,0
2026-06-19 16:49:18.280,1781905758280,2210.5554,5.1,0,0,0
2026-06-19 16:49:18.320,1781905758320,2071.8965,5.0,0,0,0
2026-06-19 16:49:18.360,1781905758360,2071.8965,5.6,0,0,0
2026-06-19 16:49:18.400,1781905758400,2071.8965,5.1,0,0,0
2026-06-19 16:49:18.440,1781905758440,2071.8965,5.5,0,1,0
2026-06-19 16:49:18.480,1781905758480,2071.8965,5.1,0,0,0
2026-06-19 16:49:18.520,1781905758520,2071.8965,5.1,0,0,0
2026-06-19 16:49:18.560,1781905758560,2170.9104,5.0,0,0,0
2026-06-19 16:49:18.600,1781905758600,2170.9104,5.1,0,1,0
2026-06-19 16:49:18.640,1781905758640,2170.9104,5.1,0,0,0
2026-06-19 16:49:18.680,1781905758680,2170.9104,5.0,0,0,0
2026-06-19 16:49:18.720,1781905758720,2170.9104,5.1,0,0,0
2026-06-19 16:49:18.760,1781905758760,2170.9104,5.1,0,0,0
2026-06-19 16:49:18.800,1781905758800,2170.9104,5.0,0,0,0
2026-06-19 16:49:18.840,1781905758840,2201.0823,5.5,0,0,0
2026-06-19 16:49:18.880,1781905758880,2201.0823,5.1,0,0,0
2026-06-19 16:49:18.920,1781905758920,2201.0823,5.4,0,0,0
2026-06-19 16:49:18.960,1781905758960,2201.0823,5.4,0,1,0
2026-06-19 16:49:19.000,1781905759000,2201.0823,5.1,0,1,0
2026-06-19 16:49:19.040,1781905759040,2201.0823,5.0,0,0,0
2026-06-19 16:49:19.080,1781905759080,2267.8093,5.5,0,0,0
2026-06-19 16:49:19.120,1781905759120,2267.8093,5.5,0,0,0
2026-06-19 16:49:19.160,1781905759160,2267.8093,5.5,0,0,0
2026-06-19 16:49:19.200,1781905759200,2267.8093,5.5,0,0,0
2026-06-19 16:49:19.240,1781905759240,2267.8093,5.1,0,0,0
2026-06-19 16:49:19.280,1781905759280,2267.8093,5.5,0,1,0
2026-06-19 16:49:19.320,1781905759320,2267.8093,5.1,0,0,0
2026-06-19 16:49:19.360,1781905759360,2151.1980,5.0,0,0,0
2026-06-19 16:49:19.400,1781905759400,2151.1980,5.1,0,0,0
2026-06-19 16:49:19.440,1781905759440,2151.1980,5.4,0,0,0
2026-06-19 16:49:19.480,1781905759480,2151.1980,5.1,0,0,0
2026-06-19 16:49:19.520,1781905759520,2151.1980,5.0,0,0,0
2026-06-19 16:49:19.560,1781905759560,2151.1980,5.4,0,0,0
2026-06-19 16:49:19.600,1781905759600,2152.1829,5.5,0,0,0
2026-06-19 16:49:19.640,1781905759640,2152.1829,5.0,0,0,0
2026-06-19 16:49:19.680,1781905759680,2152.1829,5.1,0,1,0
2026-06-19 16:49:19.720,1781905759720,2152.1829,4.6,0,0,0
2026-06-19 16:49:19.760,1781905759760,2152.1829,5.5,0,0,0
2026-06-19 16:49:19.800,1781905759800,2152.1829,5.1,0,0,0
2026-06-19 16:49:19.840,1781905759840,2152.1829,5.4,0,0,0
2026-06-19 16:49:19.880,1781905759880,2101.3484,5.0,0,0,0
2026-06-19 16:49:19.920,1781905759920,2101.3484,5.5,0,0,0
2026-06-19 16:49:19.960,1781905759960,2101.3484,5.1,0,0,0
2026-06-19 16:49:20.000,1781905760000,2101.3484,5.1,0,0,0
2026-06-19 16:49:20.040,1781905760040,2101.3484,5.1,0,0,0
2026-06-19 16:49:20.080,1781905760080,2101.3484,5.0,0,0,0
2026-06-19 16:49:20.120,1781905760120,2170.8059,5.0,0,0,0
2026-06-19 16:49:20.160,1781905760160,2170.8059,5.4,0,0,0
2026-06-19 16:49:20.200,1781905760200,2170.8059,4.9,0,0,0
2026-06-19 16:49:20.240,1781905760240,2170.8059,5.1,0,0,0
2026-06-19 16:49:20.280,1781905760280,2170.8059,5.1,0,0,0
2026-06-19 16:49:20.320,1781905760320,2170.8059,5.4,0,0,0
2026-06-19 16:49:20.360,1781905760360,2170.8059,5.5,0,0,0
2026-06-19 16:49:20.400,1781905760400,2138.5349,5.0,0,0,0
2026-06-19 16:49:20.440,1781905760440,2138.5349,5.5,0,0,0
2026-06-19 16:49:20.480,1781905760480,2138.5349,5.4,0,0,0
2026-06-19 16:49:20.520,1781905760520,2138.5349,5.1,0,0,0
2026-06-19 16:49:20.560,1781905760560,2138.5349,5.1,0,1,0
2026-06-19 16:49:20.600,1781905760600,2138.5349,6.0,0,0,0
2026-06-19 16:49:20.640,1781905760640,2110.9915,6.1,0,0,0
2026-06-19 16:49:20.680,1781905760680,2110.9915,6.1,0,0,0
2026-06-19 16:49:20.720,1781905760720,2110.9915,6.1,0,0,0
2026-06-19 16:49:20.760,1781905760760,2110.9915,5.8,0,0,0
2026-06-19 16:49:20.800,1781905760800,2110.9915,5.4,0,1,0
2026-06-19 16:49:20.840,1781905760840,2110.9915,5.5,0,0,0
2026-06-19 16:49:20.880,1781905760880,2110.9915,6.0,0,0,0
2026-06-19 16:49:20.920,1781905760920,1771.5121,5.5,0,1,0
2026-06-19 16:49:20.960,1781905760960,1771.5121,6.0,0,0,0
2026-06-19 16:49:21.000,1781905761000,1771.5121,5.5,0,1,0
2026-06-19 16:49:21.040,1781905761040,1771.5121,5.5,0,1,0
2026-06-19 16:49:21.080,1781905761080,1771.5121,5.5,0,0,0
2026-06-19 16:49:21.120,1781905761120,1771.5121,5.8,0,0,0
2026-06-19 16:49:21.160,1781905761160,1488.4305,5.9,0,0,0
2026-06-19 16:49:21.200,1781905761200,1488.4305,5.9,0,0,0
2026-06-19 16:49:21.240,1781905761240,1488.4305,6.2,0,0,0
2026-06-19 16:49:21.280,1781905761280,1488.4305,6.2,0,0,0
2026-06-19 16:49:21.320,1781905761320,1488.4305,5.8,0,1,0
2026-06-19 16:49:21.360,1781905761360,1488.4305,5.4,0,0,0
2026-06-19 16:49:21.400,1781905761400,1488.4305,5.4,0,0,0
2026-06-19 16:49:21.440,1781905761440,1721.5476,5.9,0,1,0
2026-06-19 16:49:21.480,1781905761480,1721.5476,5.9,0,0,0
2026-06-19 16:49:21.520,1781905761520,1721.5476,5.8,0,0,0
2026-06-19 16:49:21.560,1781905761560,1721.5476,6.2,0,1,0
2026-06-19 16:49:21.600,1781905761600,1721.5476,6.2,0,0,0
2026-06-19 16:49:21.640,1781905761640,1721.5476,5.8,0,0,0
2026-06-19 16:49:21.680,1781905761680,1673.8582,6.2,0,1,0
2026-06-19 16:49:21.720,1781905761720,1673.8582,5.8,0,0,0
2026-06-19 16:49:21.760,1781905761760,1673.8582,5.7,0,1,0
2026-06-19 16:49:21.800,1781905761800,1673.8582,6.2,0,0,0
2026-06-19 16:49:21.840,1781905761840,1673.8582,6.1,0,0,0
2026-06-19 16:49:21.880,1781905761880,1673.8582,6.1,0,0,0
2026-06-19 16:49:21.920,1781905761920,1673.8582,6.1,0,0,0
2026-06-19 16:49:21.960,1781905761960,1716.3364,6.1,0,0,0
2026-06-19 16:49:22.000,1781905762000,1716.3364,6.1,0,0,0
2026-06-19 16:49:22.040,1781905762040,1716.3364,6.2,0,0,0
2026-06-19 16:49:22.080,1781905762080,1716.3364,6.1,0,1,0
2026-06-19 16:49:22.120,1781905762120,1716.3364,6.1,0,1,0
2026-06-19 16:49:22.160,1781905762160,1716.3364,6.1,0,0,0
2026-06-19 16:49:22.200,1781905762200,1749.3551,5.6,0,0,0
2026-06-19 16:49:22.240,1781905762240,1749.3551,5.5,0,0,0
2026-06-19 16:49:22.280,1781905762280,1749.3551,5.5,0,0,0
2026-06-19 16:49:22.320,1781905762320,1749.3551,5.5,0,0,0
2026-06-19 16:49:22.360,1781905762360,1749.3551,5.1,0,0,0
2026-06-19 16:49:22.400,1781905762400,1749.3551,5.6,0,0,0
2026-06-19 16:49:22.440,1781905762440,1749.3551,5.5,0,0,0
2026-06-19 16:49:22.480,1781905762480,2061.2139,5.5,0,0,0
2026-06-19 16:49:22.520,1781905762520,2061.2139,5.5,0,0,0
2026-06-19 16:49:22.560,1781905762560,2061.2139,5.1,0,0,0
2026-06-19 16:49:22.600,1781905762600,2061.2139,6.0,0,0,0
2026-06-19 16:49:22.640,1781905762640,2061.2139,5.0,0,1,0
2026-06-19 16:49:22.680,1781905762680,2061.2139,5.5,0,0,0
2026-06-19 16:49:22.720,1781905762720,2125.3103,5.1,0,0,0
2026-06-19 16:49:22.761,1781905762761,2125.3103,5.6,0,1,0
2026-06-19 16:49:22.800,1781905762800,2125.3103,5.4,0,0,0
2026-06-19 16:49:22.840,1781905762840,2125.3103,5.1,0,0,0
2026-06-19 16:49:22.880,1781905762880,2125.3103,5.5,0,1,0
2026-06-19 16:49:22.920,1781905762920,2125.3103,5.1,0,0,0
2026-06-19 16:49:22.960,1781905762960,2125.3103,5.1,0,0,0
2026-06-19 16:49:23.000,1781905763000,2180.6821,5.5,0,0,0
2026-06-19 16:49:23.040,1781905763040,2180.6821,5.4,0,0,0
2026-06-19 16:49:23.080,1781905763080,2180.6821,5.5,0,0,0
2026-06-19 16:49:23.120,1781905763120,2180.6821,5.2,0,1,0
2026-06-19 16:49:23.160,1781905763160,2180.6821,5.6,0,0,0
2026-06-19 16:49:23.200,1781905763200,2180.6821,5.2,0,0,0
2026-06-19 16:49:23.240,1781905763240,2108.8022,5.5,0,0,0
2026-06-19 16:49:23.280,1781905763280,2108.8022,5.5,0,0,0
2026-06-19 16:49:23.320,1781905763320,2108.8022,5.0,0,0,0
2026-06-19 16:49:23.360,1781905763360,2108.8022,5.4,0,0,0
2026-06-19 16:49:23.400,1781905763400,2108.8022,5.8,0,0,0
2026-06-19 16:49:23.440,1781905763440,2108.8022,5.5,0,0,0
2026-06-19 16:49:23.480,1781905763480,2108.8022,5.8,0,0,0
2026-06-19 16:49:23.520,1781905763520,1258.5980,5.4,0,0,0
2026-06-19 16:49:23.560,1781905763560,1258.5980,5.4,0,0,0
2026-06-19 16:49:23.600,1781905763600,1258.5980,5.4,0,0,0
2026-06-19 16:49:23.640,1781905763640,1258.5980,5.4,0,0,0
2026-06-19 16:49:23.680,1781905763680,1258.5980,5.4,0,0,0
2026-06-19 16:49:23.720,1781905763720,1258.5980,5.1,0,0,0
2026-06-19 16:49:23.760,1781905763760,1230.3114,5.4,0,0,0
2026-06-19 16:49:23.800,1781905763800,1230.3114,5.1,0,0,0
2026-06-19 16:49:23.840,1781905763840,1230.3114,5.5,0,0,0
2026-06-19 16:49:23.880,1781905763880,1230.3114,5.1,0,0,0
2026-06-19 16:49:23.920,1781905763920,1230.3114,5.4,0,0,0
2026-06-19 16:49:23.960,1781905763960,1230.3114,5.0,0,0,0
2026-06-19 16:49:24.000,1781905764000,1230.3114,5.4,0,0,0
2026-06-19 16:49:24.040,1781905764040,1249.2684,5.0,0,0,0
2026-06-19 16:49:24.080,1781905764080,1249.2684,5.0,0,0,0
2026-06-19 16:49:24.120,1781905764120,1249.2684,5.4,0,0,0
2026-06-19 16:49:24.160,1781905764160,1249.2684,5.1,0,0,0
2026-06-19 16:49:24.200,1781905764200,1249.2684,5.1,0,0,0
2026-06-19 16:49:24.240,1781905764240,1249.2684,5.0,0,0,0
2026-06-19 16:49:24.280,1781905764280,1194.9900,5.6,0,0,0
2026-06-19 16:49:24.320,1781905764320,1194.9900,6.1,0,0,0
2026-06-19 16:49:24.360,1781905764360,1194.9900,6.1,0,0,0
2026-06-19 16:49:24.400,1781905764400,1194.9900,6.2,0,0,0
2026-06-19 16:49:24.440,1781905764440,1194.9900,6.1,0,0,0
2026-06-19 16:49:24.480,1781905764480,1194.9900,6.1,0,0,0
2026-06-19 16:49:24.520,1781905764520,1194.9900,5.5,0,0,0
2026-06-19 16:49:24.560,1781905764560,1499.4976,5.1,0,0,0
2026-06-19 16:49:24.600,1781905764600,1499.4976,5.5,0,0,0
2026-06-19 16:49:24.640,1781905764640,1499.4976,5.6,0,1,0
2026-06-19 16:49:24.680,1781905764680,1499.4976,5.5,0,0,0
2026-06-19 16:49:24.720,1781905764720,1499.4976,4.9,0,0,0
2026-06-19 16:49:24.760,1781905764760,1499.4976,5.1,0,0,0
2026-06-19 16:49:24.800,1781905764800,1949.7341,5.5,0,1,0
2026-06-19 16:49:24.840,1781905764840,1949.7341,5.0,0,0,0
2026-06-19 16:49:24.880,1781905764880,1949.7341,5.4,0,1,0
2026-06-19 16:49:24.920,1781905764920,1949.7341,5.5,0,0,0
2026-06-19 16:49:24.960,1781905764960,1949.7341,5.1,0,0,0
2026-06-19 16:49:25.000,1781905765000,1949.7341,5.6,0,0,0
2026-06-19 16:49:25.040,1781905765040,1949.7341,5.2,0,0,0
2026-06-19 16:49:25.080,1781905765080,2073.0608,5.4,0,0,0
2026-06-19 16:49:25.120,1781905765120,2073.0608,5.1,0,1,0
2026-06-19 16:49:25.160,1781905765160,2073.0608,5.1,0,0,0
2026-06-19 16:49:25.200,1781905765200,2073.0608,5.5,0,1,0
2026-06-19 16:49:25.240,1781905765240,2073.0608,5.6,0,0,0
2026-06-19 16:49:25.280,1781905765280,2073.0608,5.6,0,0,0
2026-06-19 16:49:25.320,1781905765320,1996.5206,5.0,0,0,0
2026-06-19 16:49:25.360,1781905765360,1996.5206,5.0,0,1,0
2026-06-19 16:49:25.400,1781905765400,1996.5206,5.0,0,1,0
2026-06-19 16:49:25.440,1781905765440,1996.5206,5.1,0,0,0
2026-06-19 16:49:25.480,1781905765480,1996.5206,5.1,0,1,0
2026-06-19 16:49:25.520,1781905765520,1996.5206,5.1,0,0,0
2026-06-19 16:49:25.560,1781905765560,1996.5206,5.1,0,0,0
2026-06-19 16:49:25.600,1781905765600,1918.4226,5.0,0,0,0
2026-06-19 16:49:25.640,1781905765640,1918.4226,5.0,0,1,0
2026-06-19 16:49:25.680,1781905765680,1918.4226,5.4,0,0,0
2026-06-19 16:49:25.720,1781905765720,1918.4226,5.1,0,1,0
2026-06-19 16:49:25.760,1781905765760,1918.4226,5.4,0,0,0
2026-06-19 16:49:25.800,1781905765800,1918.4226,5.4,0,0,0
2026-06-19 16:49:25.840,1781905765840,1841.8557,5.7,0,0,0
2026-06-19 16:49:25.880,1781905765880,1841.8557,5.6,0,0,0
2026-06-19 16:49:25.920,1781905765920,1841.8557,5.6,0,0,0
2026-06-19 16:49:25.960,1781905765960,1841.8557,5.3,0,0,0
2026-06-19 16:49:26.000,1781905766000,1841.8557,5.3,0,0,0
2026-06-19 16:49:26.040,1781905766040,1841.8557,5.8,0,1,0
2026-06-19 16:49:26.080,1781905766080,1841.8557,5.4,0,0,0
2026-06-19 16:49:26.120,1781905766120,1321.7827,5.0,0,0,0
2026-06-19 16:49:26.160,1781905766160,1321.7827,5.1,0,0,0
2026-06-19 16:49:26.200,1781905766200,1321.7827,5.0,0,0,0
2026-06-19 16:49:26.240,1781905766240,1321.7827,5.6,0,0,0
2026-06-19 16:49:26.280,1781905766280,1321.7827,5.5,0,0,0
2026-06-19 16:49:26.320,1781905766320,1321.7827,5.4,0,0,0
2026-06-19 16:49:26.360,1781905766360,1403.9127,5.4,0,0,0
2026-06-19 16:49:26.400,1781905766400,1403.9127,5.4,0,0,0
2026-06-19 16:49:26.440,1781905766440,1403.9127,5.8,0,0,0
2026-06-19 16:49:26.480,1781905766480,1403.9127,5.8,0,0,0
2026-06-19 16:49:26.520,1781905766520,1403.9127,5.3,0,0,0
2026-06-19 16:49:26.560,1781905766560,1403.9127,5.3,0,1,0
2026-06-19 16:49:26.600,1781905766600,1403.9127,5.3,0,0,0
2026-06-19 16:49:26.640,1781905766640,2244.4246,5.8,0,0,0
2026-06-19 16:49:26.680,1781905766680,2244.4246,5.8,0,0,0
2026-06-19 16:49:26.720,1781905766720,2244.4246,5.3,0,1,0
2026-06-19 16:49:26.760,1781905766760,2244.4246,5.3,0,0,0
2026-06-19 16:49:26.800,1781905766800,2244.4246,5.3,0,0,0
2026-06-19 16:49:26.840,1781905766840,2244.4246,5.7,0,0,0
2026-06-19 16:49:26.880,1781905766880,2352.1956,5.3,0,0,0
2026-06-19 16:49:26.920,1781905766920,2352.1956,5.3,0,0,0
2026-06-19 16:49:26.960,1781905766960,2352.1956,5.5,0,0,0
2026-06-19 16:49:27.000,1781905767000,2352.1956,5.9,0,1,0
2026-06-19 16:49:27.040,1781905767040,2352.1956,5.3,0,0,0
2026-06-19 16:49:27.080,1781905767080,2352.1956,5.7,0,0,0
2026-06-19 16:49:27.120,1781905767120,2352.1956,5.4,0,0,0
2026-06-19 16:49:27.160,1781905767160,2335.3784,5.4,0,1,0
2026-06-19 16:49:27.200,1781905767200,2335.3784,5.4,0,1,0
2026-06-19 16:49:27.240,1781905767240,2335.3784,5.4,0,0,0
2026-06-19 16:49:27.280,1781905767280,2335.3784,5.4,0,0,0
2026-06-19 16:49:27.320,1781905767320,2335.3784,5.4,0,0,0
2026-06-19 16:49:27.360,1781905767360,2335.3784,5.5,0,0,0
2026-06-19 16:49:27.400,1781905767400,2144.5442,5.0,0,0,0
2026-06-19 16:49:27.440,1781905767440,2144.5442,5.4,0,0,0
2026-06-19 16:49:27.480,1781905767480,2144.5442,5.0,0,0,0
2026-06-19 16:49:27.520,1781905767520,2144.5442,5.1,0,0,0
2026-06-19 16:49:27.560,1781905767560,2144.5442,5.1,0,0,0
2026-06-19 16:49:27.600,1781905767600,2144.5442,5.0,0,1,0
2026-06-19 16:49:27.640,1781905767640,2144.5442,5.0,0,0,0
2026-06-19 16:49:27.680,1781905767680,2219.6060,5.5,0,0,0
2026-06-19 16:49:27.720,1781905767720,2219.6060,5.3,0,0,0
2026-06-19 16:49:27.760,1781905767760,2219.6060,5.7,0,0,0
2026-06-19 16:49:27.800,1781905767800,2219.6060,5.8,0,0,0
2026-06-19 16:49:27.840,1781905767841,2219.6060,5.8,0,0,0
2026-06-19 16:49:27.880,1781905767880,2219.6060,5.8,0,0,0
2026-06-19 16:49:27.920,1781905767920,2341.0476,5.7,0,0,0
2026-06-19 16:49:27.960,1781905767960,2341.0476,5.7,0,0,0
2026-06-19 16:49:28.000,1781905768000,2341.0476,5.8,0,0,0
2026-06-19 16:49:28.040,1781905768040,2341.0476,5.9,0,0,0
2026-06-19 16:49:28.080,1781905768080,2341.0476,5.9,0,0,0
2026-06-19 16:49:28.120,1781905768120,2341.0476,5.4,0,1,0
2026-06-19 16:49:28.160,1781905768160,2341.0476,5.1,0,0,0
2026-06-19 16:49:28.200,1781905768200,2388.6748,5.5,0,0,0
2026-06-19 16:49:28.240,1781905768240,2388.6748,5.6,0,0,0
2026-06-19 16:49:28.281,1781905768281,2388.6748,6.1,0,1,0
2026-06-19 16:49:28.320,1781905768320,2388.6748,6.1,0,0,0
2026-06-19 16:49:28.360,1781905768360,2388.6748,6.2,0,0,0
2026-06-19 16:49:28.401,1781905768401,2388.6748,5.7,0,0,0
2026-06-19 16:49:28.440,1781905768440,1929.0770,6.2,0,1,0
2026-06-19 16:49:28.480,1781905768480,1929.0770,5.4,0,1,0
2026-06-19 16:49:28.520,1781905768520,1929.0770,5.4,0,0,0
2026-06-19 16:49:28.560,1781905768560,1929.0770,6.0,0,1,0
2026-06-19 16:49:28.600,1781905768600,1929.0770,6.0,0,0,0
2026-06-19 16:49:28.640,1781905768640,1929.0770,5.9,0,0,0
2026-06-19 16:49:28.680,1781905768680,1929.0770,6.0,0,0,0
2026-06-19 16:49:28.720,1781905768720,1599.0250,6.4,0,1,0
2026-06-19 16:49:28.760,1781905768760,1599.0250,5.9,0,1,0
2026-06-19 16:49:28.800,1781905768800,1599.0250,5.5,0,1,0
2026-06-19 16:49:28.840,1781905768840,1599.0250,5.8,0,1,0
2026-06-19 16:49:28.880,1781905768880,1599.0250,5.9,0,0,0
2026-06-19 16:49:28.920,1781905768920,1599.0250,5.9,0,0,0
2026-06-19 16:49:28.960,1781905768960,1678.3182,6.2,0,0,0
2026-06-19 16:49:29.000,1781905769000,1678.3182,6.1,0,0,0
2026-06-19 16:49:29.040,1781905769040,1678.3182,5.5,0,0,0
2026-06-19 16:49:29.080,1781905769080,1678.3182,5.1,0,0,0
2026-06-19 16:49:29.120,1781905769120,1678.3182,5.1,0,0,0
2026-06-19 16:49:29.160,1781905769160,1678.3182,5.4,0,0,0
2026-06-19 16:49:29.200,1781905769200,1678.3182,5.6,0,0,0
2026-06-19 16:49:29.240,1781905769240,2314.9390,5.3,0,0,0
2026-06-19 16:49:29.280,1781905769280,2314.9390,5.3,0,0,0
2026-06-19 16:49:29.320,1781905769320,2314.9390,5.8,0,0,0
2026-06-19 16:49:29.360,1781905769360,2314.9390,5.3,0,1,0
2026-06-19 16:49:29.400,1781905769400,2314.9390,5.4,0,0,0
2026-06-19 16:49:29.440,1781905769440,2314.9390,5.8,0,0,0
2026-06-19 16:49:29.481,1781905769481,2417.1099,5.7,0,0,0
2026-06-19 16:49:29.520,1781905769520,2417.1099,5.7,0,0,0
2026-06-19 16:49:29.560,1781905769560,2417.1099,5.3,0,0,0
2026-06-19 16:49:29.600,1781905769600,2417.1099,5.8,0,0,0
2026-06-19 16:49:29.640,1781905769640,2417.1099,5.8,0,0,0
2026-06-19 16:49:29.680,1781905769680,2417.1099,5.8,0,1,0
2026-06-19 16:49:29.720,1781905769720,2417.1099,5.8,0,0,0
2026-06-19 16:49:29.760,1781905769760,2368.2158,5.3,0,0,0
2026-06-19 16:49:29.800,1781905769800,2368.2158,5.3,0,0,0
2026-06-19 16:49:29.840,1781905769840,2368.2158,5.4,0,0,0
2026-06-19 16:49:29.880,1781905769880,2368.2158,5.8,0,0,0
2026-06-19 16:49:29.920,1781905769920,2368.2158,5.6,0,0,0
2026-06-19 16:49:29.960,1781905769960,2368.2158,5.8,0,0,0
2026-06-19 16:49:30.000,1781905770000,2398.7366,5.7,0,1,0
2026-06-19 16:49:30.040,1781905770040,2398.7366,5.3,0,0,0
2026-06-19 16:49:30.080,1781905770080,2398.7366,5.3,0,0,0
2026-06-19 16:49:30.120,1781905770120,2398.7366,5.8,0,0,0
2026-06-19 16:49:30.160,1781905770160,2398.7366,5.6,0,0,0
2026-06-19 16:49:30.200,1781905770200,2398.7366,5.3,0,0,0
2026-06-19 16:49:30.240,1781905770240,2398.7366,5.3,0,0,0
2026-06-19 16:49:30.280,1781905770280,2352.5588,5.3,0,0,0
2026-06-19 16:49:30.320,1781905770320,2352.5588,5.9,0,0,0
2026-06-19 16:49:30.360,1781905770360,2352.5588,5.4,0,0,0
2026-06-19 16:49:30.400,1781905770400,2352.5588,5.8,0,1,0
2026-06-19 16:49:30.440,1781905770440,2352.5588,5.3,0,0,0
2026-06-19 16:49:30.480,1781905770480,2352.5588,5.3,0,0,0
2026-06-19 16:49:30.520,1781905770520,2416.7402,5.3,0,0,0
2026-06-19 16:49:30.560,1781905770560,2416.7402,5.8,0,1,0
2026-06-19 16:49:30.600,1781905770600,2416.7402,5.4,0,0,0
2026-06-19 16:49:30.640,1781905770640,2416.7402,5.8,0,0,0
2026-06-19 16:49:30.680,1781905770680,2416.7402,5.3,0,0,0
2026-06-19 16:49:30.720,1781905770720,2416.7402,5.8,0,0,0
2026-06-19 16:49:30.760,1781905770760,2416.7402,5.8,0,0,0
2026-06-19 16:49:30.800,1781905770800,2243.3352,5.3,0,0,0
2026-06-19 16:49:30.840,1781905770840,2243.3352,5.8,0,0,0
2026-06-19 16:49:30.880,1781905770880,2243.3352,5.7,0,0,0
2026-06-19 16:49:30.920,1781905770920,2243.3352,5.8,0,0,0
2026-06-19 16:49:30.960,1781905770960,2243.3352,5.7,0,0,0
2026-06-19 16:49:31.000,1781905771000,2243.3352,5.3,0,0,0
2026-06-19 16:49:31.040,1781905771040,2478.5767,5.7,0,0,0
2026-06-19 16:49:31.080,1781905771080,2478.5767,5.3,0,0,0
2026-06-19 16:49:31.120,1781905771120,2478.5767,5.7,0,0,0
2026-06-19 16:49:31.161,1781905771161,2478.5767,5.3,0,0,0
2026-06-19 16:49:31.200,1781905771200,2478.5767,5.8,0,0,0
2026-06-19 16:49:31.241,1781905771241,2478.5767,5.7,0,1,0
2026-06-19 16:49:31.280,1781905771280,2478.5767,5.8,0,0,0
2026-06-19 16:49:31.320,1781905771320,2395.2349,5.7,0,0,0
2026-06-19 16:49:31.360,1781905771360,2395.2349,5.3,0,0,0
2026-06-19 16:49:31.400,1781905771400,2395.2349,5.4,0,0,0
2026-06-19 16:49:31.440,1781905771440,2395.2349,5.3,0,0,0
2026-06-19 16:49:31.480,1781905771480,2395.2349,5.8,0,0,0
2026-06-19 16:49:31.520,1781905771521,2395.2349,5.9,0,0,0
2026-06-19 16:49:31.560,1781905771560,2374.3250,5.7,0,0,0
2026-06-19 16:49:31.600,1781905771600,2374.3250,5.3,0,1,0
2026-06-19 16:49:31.640,1781905771640,2374.3250,5.8,0,1,0
2026-06-19 16:49:31.680,1781905771680,2374.3250,5.3,0,0,0
2026-06-19 16:49:31.720,1781905771720,2374.3250,5.8,0,0,0
2026-06-19 16:49:31.760,1781905771760,2374.3250,5.3,0,0,0
2026-06-19 16:49:31.800,1781905771800,2374.3250,5.3,0,1,0
2026-06-19 16:49:31.840,1781905771840,2529.9980,5.4,0,0,0
2026-06-19 16:49:31.880,1781905771880,2529.9980,5.1,0,1,0
2026-06-19 16:49:31.921,1781905771921,2529.9980,5.1,0,1,0
2026-06-19 16:49:31.960,1781905771961,2529.9980,5.5,0,0,0
2026-06-19 16:49:32.000,1781905772000,2529.9980,6.1,0,1,0
2026-06-19 16:49:32.040,1781905772040,2529.9980,6.0,0,1,0
2026-06-19 16:49:32.080,1781905772080,1685.3613,5.1,0,0,0
2026-06-19 16:49:32.120,1781905772120,1685.3613,5.5,0,0,0
2026-06-19 16:49:32.160,1781905772160,1685.3613,5.1,0,0,0
2026-06-19 16:49:32.200,1781905772200,1685.3613,5.4,0,0,0
2026-06-19 16:49:32.240,1781905772240,1685.3613,5.0,0,0,0
2026-06-19 16:49:32.280,1781905772280,1685.3613,5.5,0,0,0
2026-06-19 16:49:32.320,1781905772320,1685.3613,5.1,0,0,0
2026-06-19 16:49:32.360,1781905772360,2020.4595,5.5,0,0,0
2026-06-19 16:49:32.400,1781905772400,2020.4595,5.5,0,0,0
2026-06-19 16:49:32.440,1781905772440,2020.4595,5.5,0,0,0
2026-06-19 16:49:32.480,1781905772480,2020.4595,5.5,0,0,0
2026-06-19 16:49:32.520,1781905772520,2020.4595,6.1,0,0,0
2026-06-19 16:49:32.560,1781905772560,2020.4595,5.6,0,0,0
2026-06-19 16:49:32.600,1781905772600,2113.4644,5.6,0,0,0
2026-06-19 16:49:32.640,1781905772640,2113.4644,6.0,0,0,0
2026-06-19 16:49:32.680,1781905772680,2113.4644,6.1,0,0,0
2026-06-19 16:49:32.720,1781905772720,2113.4644,6.1,0,0,0
2026-06-19 16:49:32.760,1781905772760,2113.4644,6.1,0,0,0
2026-06-19 16:49:32.800,1781905772800,2113.4644,6.2,0,0,0
2026-06-19 16:49:32.840,1781905772840,2113.4644,6.2,0,0,0
2026-06-19 16:49:32.880,1781905772880,516.4062,6.2,0,0,0
2026-06-19 16:49:32.920,1781905772920,516.4062,6.2,0,0,0
2026-06-19 16:49:32.960,1781905772960,516.4062,5.8,0,0,0
2026-06-19 16:49:33.000,1781905773000,516.4062,5.8,0,0,0
2026-06-19 16:49:33.040,1781905773040,516.4062,5.9,0,0,0
2026-06-19 16:49:33.080,1781905773080,516.4062,5.9,0,0,0
2026-06-19 16:49:33.120,1781905773120,743.1387,5.9,0,0,0
2026-06-19 16:49:33.160,1781905773160,743.1387,5.9,0,0,0
2026-06-19 16:49:33.200,1781905773200,743.1387,6.0,0,0,0
2026-06-19 16:49:33.240,1781905773240,743.1387,6.0,0,0,0
2026-06-19 16:49:33.280,1781905773280,743.1387,6.3,0,0,0
2026-06-19 16:49:33.320,1781905773321,743.1387,5.8,0,0,0
2026-06-19 16:49:33.360,1781905773360,743.1387,5.9,0,0,0
2026-06-19 16:49:33.400,1781905773400,1343.8069,6.2,0,0,0
2026-06-19 16:49:33.440,1781905773440,1343.8069,6.1,0,0,0
2026-06-19 16:49:33.480,1781905773480,1343.8069,6.2,0,0,0
2026-06-19 16:49:33.520,1781905773520,1343.8069,6.1,0,0,0
2026-06-19 16:49:33.560,1781905773560,1343.8069,6.2,0,0,0
2026-06-19 16:49:33.600,1781905773600,1343.8069,6.2,0,0,0
2026-06-19 16:49:33.640,1781905773640,1930.2550,6.2,0,0,0
2026-06-19 16:49:33.680,1781905773680,1930.2550,6.1,0,0,0
2026-06-19 16:49:33.721,1781905773721,1930.2550,6.1,0,0,0
2026-06-19 16:49:33.761,1781905773761,1930.2550,6.2,0,0,0
2026-06-19 16:49:33.800,1781905773800,1930.2550,6.2,0,0,0
2026-06-19 16:49:33.841,1781905773841,1930.2550,6.2,0,0,0
2026-06-19 16:49:33.880,1781905773881,1930.2550,6.2,0,0,0
2026-06-19 16:49:33.921,1781905773921,1664.1826,6.2,0,0,0
2026-06-19 16:49:33.961,1781905773961,1664.1826,6.2,0,0,0
2026-06-19 16:49:34.001,1781905774001,1664.1826,6.2,0,0,0
2026-06-19 16:49:34.040,1781905774040,1664.1826,6.1,0,0,0
2026-06-19 16:49:34.081,1781905774081,1664.1826,6.2,0,0,0
2026-06-19 16:49:34.121,1781905774121,1664.1826,5.9,0,0,0
2026-06-19 16:49:34.160,1781905774160,2053.3157,6.2,0,0,0
2026-06-19 16:49:34.201,1781905774201,2053.3157,6.1,0,0,0
2026-06-19 16:49:34.241,1781905774241,2053.3157,6.0,0,0,0
2026-06-19 16:49:34.280,1781905774280,2053.3157,6.1,0,0,0
2026-06-19 16:49:34.320,1781905774320,2053.3157,6.1,0,0,0
2026-06-19 16:49:34.360,1781905774360,2053.3157,6.0,0,0,0
2026-06-19 16:49:34.400,1781905774400,2053.3157,6.0,0,0,0
2026-06-19 16:49:34.440,1781905774440,2871.6719,6.1,0,1,0
2026-06-19 16:49:34.480,1781905774480,2871.6719,6.1,0,0,0
2026-06-19 16:49:34.521,1781905774521,2871.6719,6.1,0,0,0
2026-06-19 16:49:34.560,1781905774560,2871.6719,6.1,0,0,0
2026-06-19 16:49:34.600,1781905774600,2871.6719,6.1,0,0,0
2026-06-19 16:49:34.640,1781905774640,2871.6719,6.1,0,0,0
2026-06-19 16:49:34.680,1781905774680,2970.4980,6.1,0,0,0
2026-06-19 16:49:34.720,1781905774720,2970.4980,6.1,0,0,0
2026-06-19 16:49:34.760,1781905774760,2970.4980,6.1,0,0,0
2026-06-19 16:49:34.800,1781905774800,2970.4980,6.2,0,0,0
2026-06-19 16:49:34.840,1781905774840,2970.4980,6.1,0,0,0
2026-06-19 16:49:34.880,1781905774880,2970.4980,6.1,0,0,0
2026-06-19 16:49:34.920,1781905774920,2970.4980,6.1,0,0,0
2026-06-19 16:49:34.960,1781905774960,2808.3596,6.1,0,0,0
2026-06-19 16:49:35.000,1781905775000,2808.3596,6.1,0,0,0
2026-06-19 16:49:35.040,1781905775040,2808.3596,6.2,0,0,0
2026-06-19 16:49:35.080,1781905775080,2808.3596,6.1,0,0,0
2026-06-19 16:49:35.120,1781905775120,2808.3596,6.1,0,0,0
2026-06-19 16:49:35.160,1781905775160,2808.3596,6.1,0,0,0
2026-06-19 16:49:35.200,1781905775200,2741.2812,6.1,0,0,0
2026-06-19 16:49:35.240,1781905775240,2741.2812,6.1,0,0,0
2026-06-19 16:49:35.280,1781905775281,2741.2812,6.1,0,0,0
2026-06-19 16:49:35.321,1781905775321,2741.2812,6.1,0,0,0
2026-06-19 16:49:35.360,1781905775360,2741.2812,6.1,0,0,0
2026-06-19 16:49:35.400,1781905775400,2741.2812,5.8,0,0,0
2026-06-19 16:49:35.441,1781905775441,2741.2812,6.1,0,0,0
2026-06-19 16:49:35.481,1781905775481,2978.5605,6.0,0,0,0
2026-06-19 16:49:35.520,1781905775521,2978.5605,6.1,0,0,0
2026-06-19 16:49:35.561,1781905775561,2978.5605,6.0,0,0,0
2026-06-19 16:49:35.600,1781905775600,2978.5605,6.1,0,0,0
2026-06-19 16:49:35.641,1781905775641,2978.5605,5.5,0,0,0
2026-06-19 16:49:35.680,1781905775680,2978.5605,6.1,0,0,0
2026-06-19 16:49:35.721,1781905775721,2167.0408,5.5,0,0,0
2026-06-19 16:49:35.760,1781905775761,2167.0408,5.0,0,0,0
2026-06-19 16:49:35.800,1781905775800,2167.0408,5.2,0,0,0
2026-06-19 16:49:35.840,1781905775840,2167.0408,5.1,0,0,0
2026-06-19 16:49:35.881,1781905775881,2167.0408,5.0,0,0,0
2026-06-19 16:49:35.921,1781905775921,2167.0408,5.1,0,0,0
2026-06-19 16:49:35.960,1781905775960,2167.0408,5.1,0,0,0
2026-06-19 16:49:36.000,1781905776000,1483.3074,5.0,0,0,0
2026-06-19 16:49:36.040,1781905776040,1483.3074,5.1,0,0,0
2026-06-19 16:49:36.081,1781905776081,1483.3074,5.1,0,0,0
2026-06-19 16:49:36.120,1781905776121,1483.3074,5.1,0,0,0
2026-06-19 16:49:36.161,1781905776161,1483.3074,5.1,0,0,0
2026-06-19 16:49:36.200,1781905776200,1483.3074,5.4,0,1,0
2026-06-19 16:49:36.240,1781905776240,1503.4259,5.5,0,0,0
2026-06-19 16:49:36.281,1781905776281,1503.4259,5.0,0,0,0
2026-06-19 16:49:36.321,1781905776321,1503.4259,5.1,0,0,0
2026-06-19 16:49:36.361,1781905776361,1503.4259,5.4,0,0,0
2026-06-19 16:49:36.401,1781905776401,1503.4259,5.1,0,0,0
2026-06-19 16:49:36.440,1781905776440,1503.4259,5.0,0,0,0
2026-06-19 16:49:36.481,1781905776481,1503.4259,4.9,0,0,0
2026-06-19 16:49:36.521,1781905776521,1443.9092,5.5,0,0,0
2026-06-19 16:49:36.560,1781905776560,1443.9092,5.6,0,0,0
2026-06-19 16:49:36.600,1781905776600,1443.9092,5.5,0,0,0
2026-06-19 16:49:36.640,1781905776640,1443.9092,6.0,0,0,0
2026-06-19 16:49:36.680,1781905776680,1443.9092,5.7,0,0,0
2026-06-19 16:49:36.721,1781905776721,1443.9092,6.1,0,0,0
2026-06-19 16:49:36.760,1781905776760,1582.3589,6.1,0,0,0
2026-06-19 16:49:36.801,1781905776801,1582.3589,6.1,0,0,0
2026-06-19 16:49:36.840,1781905776840,1582.3589,6.5,0,0,0
2026-06-19 16:49:36.880,1781905776880,1582.3589,6.1,0,0,0
2026-06-19 16:49:36.920,1781905776920,1582.3589,6.5,0,0,0
2026-06-19 16:49:36.961,1781905776961,1582.3589,6.2,0,0,0
2026-06-19 16:49:37.000,1781905777001,1582.3589,6.3,0,0,0
2026-06-19 16:49:37.041,1781905777041,3015.9287,5.8,0,0,0
2026-06-19 16:49:37.080,1781905777080,3015.9287,5.4,0,0,0
2026-06-19 16:49:37.120,1781905777120,3015.9287,6.2,0,0,0
2026-06-19 16:49:37.160,1781905777160,3015.9287,5.9,0,0,0
2026-06-19 16:49:37.200,1781905777200,3015.9287,5.9,0,0,0
2026-06-19 16:49:37.240,1781905777240,3015.9287,5.8,0,0,0
2026-06-19 16:49:37.280,1781905777280,2257.2805,5.8,0,0,0
2026-06-19 16:49:37.321,1781905777321,2257.2805,5.9,0,0,0
2026-06-19 16:49:37.360,1781905777360,2257.2805,5.4,0,0,0
2026-06-19 16:49:37.400,1781905777400,2257.2805,5.8,0,0,0
2026-06-19 16:49:37.441,1781905777441,2257.2805,6.2,0,0,0
2026-06-19 16:49:37.480,1781905777480,2257.2805,5.9,0,0,0
2026-06-19 16:49:37.520,1781905777520,2257.2805,5.9,0,0,0
2026-06-19 16:49:37.560,1781905777560,2155.1230,5.8,0,0,0
2026-06-19 16:49:37.601,1781905777601,2155.1230,5.9,0,0,0
2026-06-19 16:49:37.640,1781905777640,2155.1230,5.8,0,0,0
2026-06-19 16:49:37.681,1781905777681,2155.1230,6.0,0,0,0
2026-06-19 16:49:37.720,1781905777720,2155.1230,5.8,0,0,0
2026-06-19 16:49:37.760,1781905777760,2155.1230,5.9,0,0,0
2026-06-19 16:49:37.800,1781905777800,2147.7749,5.8,0,0,0
2026-06-19 16:49:37.841,1781905777841,2147.7749,5.4,0,0,0
2026-06-19 16:49:37.881,1781905777881,2147.7749,5.8,0,0,0
2026-06-19 16:49:37.921,1781905777921,2147.7749,5.9,0,0,0
2026-06-19 16:49:37.961,1781905777961,2147.7749,6.0,0,0,0
2026-06-19 16:49:38.000,1781905778001,2147.7749,5.9,0,0,0
2026-06-19 16:49:38.040,1781905778040,2147.7749,5.9,0,0,0
2026-06-19 16:49:38.081,1781905778081,2104.7251,5.8,0,0,0
2026-06-19 16:49:38.120,1781905778120,2104.7251,5.7,0,0,0
2026-06-19 16:49:38.161,1781905778161,2104.7251,5.8,0,1,0
2026-06-19 16:49:38.201,1781905778201,2104.7251,5.4,0,0,0
2026-06-19 16:49:38.241,1781905778241,2104.7251,6.0,0,0,0
2026-06-19 16:49:38.281,1781905778281,2104.7251,5.8,0,0,0
2026-06-19 16:49:38.321,1781905778321,2142.1914,5.8,0,0,0
2026-06-19 16:49:38.360,1781905778360,2142.1914,5.8,0,0,0
2026-06-19 16:49:38.401,1781905778401,2142.1914,5.8,0,0,0
2026-06-19 16:49:38.440,1781905778440,2142.1914,5.9,0,0,0
2026-06-19 16:49:38.480,1781905778480,2142.1914,5.8,0,0,0
2026-06-19 16:49:38.520,1781905778520,2142.1914,6.2,0,0,0
2026-06-19 16:49:38.561,1781905778561,2142.1914,6.2,0,0,0
2026-06-19 16:49:38.601,1781905778601,2152.7769,6.2,0,0,0
2026-06-19 16:49:38.641,1781905778641,2152.7769,6.1,0,0,0
2026-06-19 16:49:38.681,1781905778681,2152.7769,5.8,0,0,0
2026-06-19 16:49:38.721,1781905778721,2152.7769,6.1,0,0,0
2026-06-19 16:49:38.760,1781905778760,2152.7769,6.1,0,0,0
2026-06-19 16:49:38.800,1781905778800,2152.7769,6.1,0,0,0
2026-06-19 16:49:38.840,1781905778840,3195.6902,6.1,0,0,0
2026-06-19 16:49:38.881,1781905778881,3195.6902,6.1,0,0,0
2026-06-19 16:49:38.920,1781905778921,3195.6902,6.0,0,0,0
2026-06-19 16:49:38.961,1781905778961,3195.6902,6.1,0,0,0
2026-06-19 16:49:39.001,1781905779001,3195.6902,6.1,0,0,0
2026-06-19 16:49:39.040,1781905779040,3195.6902,6.5,0,0,0
2026-06-19 16:49:39.081,1781905779081,3195.6902,6.5,0,0,0
2026-06-19 16:49:39.121,1781905779121,3190.9961,6.0,0,0,0
2026-06-19 16:49:39.161,1781905779161,3190.9961,6.1,0,0,0
2026-06-19 16:49:39.201,1781905779201,3190.9961,6.1,0,0,0
2026-06-19 16:49:39.241,1781905779241,3190.9961,5.9,0,0,0
2026-06-19 16:49:39.280,1781905779280,3190.9961,6.0,0,0,0
2026-06-19 16:49:39.320,1781905779321,3190.9961,6.0,0,0,0
2026-06-19 16:49:39.361,1781905779361,2739.9041,6.0,0,0,0
2026-06-19 16:49:39.401,1781905779401,2739.9041,6.1,0,0,0
2026-06-19 16:49:39.441,1781905779441,2739.9041,5.6,0,0,0
2026-06-19 16:49:39.481,1781905779481,2739.9041,6.1,0,0,0
2026-06-19 16:49:39.521,1781905779521,2739.9041,6.1,0,0,0
2026-06-19 16:49:39.561,1781905779561,2739.9041,6.1,0,0,0
2026-06-19 16:49:39.601,1781905779601,2739.9041,6.1,0,0,0
2026-06-19 16:49:39.640,1781905779640,2934.1956,6.1,0,0,0
2026-06-19 16:49:39.681,1781905779681,2934.1956,6.1,0,0,0
2026-06-19 16:49:39.721,1781905779721,2934.1956,6.0,0,0,0
2026-06-19 16:49:39.760,1781905779760,2934.1956,6.1,0,0,0
2026-06-19 16:49:39.801,1781905779801,2934.1956,6.1,0,0,0
2026-06-19 16:49:39.840,1781905779840,2934.1956,6.1,0,0,0
2026-06-19 16:49:39.880,1781905779880,2957.3569,6.1,0,0,0
2026-06-19 16:49:39.921,1781905779921,2957.3569,6.1,0,0,0
2026-06-19 16:49:39.961,1781905779961,2957.3569,6.1,0,0,0
2026-06-19 16:49:40.001,1781905780001,2957.3569,6.2,0,0,0
2026-06-19 16:49:40.041,1781905780041,2957.3569,5.7,0,0,0
2026-06-19 16:49:40.081,1781905780081,2957.3569,6.2,0,0,0
2026-06-19 16:49:40.121,1781905780121,2957.3569,6.2,0,0,0
2026-06-19 16:49:40.160,1781905780160,3020.9490,5.8,0,0,0
2026-06-19 16:49:40.201,1781905780201,3020.9490,5.8,0,0,0
2026-06-19 16:49:40.241,1781905780241,3020.9490,5.8,0,0,0
2026-06-19 16:49:40.281,1781905780281,3020.9490,5.9,0,0,0
2026-06-19 16:49:40.321,1781905780321,3020.9490,5.8,0,0,0
2026-06-19 16:49:40.361,1781905780361,3020.9490,5.9,0,0,0
2026-06-19 16:49:40.401,1781905780401,3345.7268,5.8,0,0,0
2026-06-19 16:49:40.440,1781905780440,3345.7268,5.5,0,0,0
2026-06-19 16:49:40.481,1781905780481,3345.7268,6.0,0,0,0
2026-06-19 16:49:40.520,1781905780521,3345.7268,5.4,0,0,0
2026-06-19 16:49:40.561,1781905780561,3345.7268,6.0,0,0,0
2026-06-19 16:49:40.601,1781905780601,3345.7268,5.4,0,0,0
2026-06-19 16:49:40.640,1781905780640,3345.7268,6.1,0,0,0
2026-06-19 16:49:40.681,1781905780681,3347.3784,6.0,0,0,0
2026-06-19 16:49:40.721,1781905780721,3347.3784,6.0,0,0,0
2026-06-19 16:49:40.761,1781905780761,3347.3784,5.6,0,0,0
2026-06-19 16:49:40.801,1781905780801,3347.3784,6.0,0,0,0
2026-06-19 16:49:40.840,1781905780840,3347.3784,5.5,0,0,0
2026-06-19 16:49:40.881,1781905780881,3347.3784,5.9,0,0,0
2026-06-19 16:49:40.921,1781905780921,3521.7527,5.9,0,0,0
2026-06-19 16:49:40.961,1781905780961,3521.7527,5.4,0,0,0
2026-06-19 16:49:41.001,1781905781001,3521.7527,6.0,0,0,0
2026-06-19 16:49:41.041,1781905781041,3521.7527,6.0,0,0,0
2026-06-19 16:49:41.081,1781905781081,3521.7527,6.3,0,0,0
2026-06-19 16:49:41.121,1781905781121,3521.7527,6.0,0,0,0
2026-06-19 16:49:41.160,1781905781160,3521.7527,6.0,0,0,0
2026-06-19 16:49:41.200,1781905781201,3785.6580,6.5,0,0,0
2026-06-19 16:49:41.241,1781905781241,3785.6580,6.4,0,0,0
2026-06-19 16:49:41.281,1781905781281,3785.6580,7.0,0,0,0
2026-06-19 16:49:41.321,1781905781321,3785.6580,6.9,0,0,0
2026-06-19 16:49:41.361,1781905781361,3785.6580,6.7,0,0,0
2026-06-19 16:49:41.401,1781905781401,3785.6580,6.2,0,0,0
2026-06-19 16:49:41.440,1781905781441,3149.8042,6.6,0,0,0
2026-06-19 16:49:41.481,1781905781481,3149.8042,6.5,0,0,0
2026-06-19 16:49:41.521,1781905781521,3149.8042,6.6,0,0,0
2026-06-19 16:49:41.561,1781905781561,3149.8042,6.5,0,0,0
2026-06-19 16:49:41.601,1781905781601,3149.8042,5.5,0,0,0
2026-06-19 16:49:41.640,1781905781640,3149.8042,5.9,0,0,0
2026-06-19 16:49:41.681,1781905781681,3149.8042,5.8,0,0,0
2026-06-19 16:49:41.720,1781905781720,3811.5488,5.8,0,0,0
2026-06-19 16:49:41.761,1781905781761,3811.5488,5.4,0,0,0
2026-06-19 16:49:41.801,1781905781801,3811.5488,5.9,0,0,0
2026-06-19 16:49:41.841,1781905781841,3811.5488,6.0,0,0,0
2026-06-19 16:49:41.881,1781905781881,3811.5488,6.2,0,0,0
2026-06-19 16:49:41.921,1781905781921,3811.5488,5.8,0,0,0
2026-06-19 16:49:41.961,1781905781961,3401.3521,5.8,0,0,0
2026-06-19 16:49:42.001,1781905782001,3401.3521,5.3,0,0,0
2026-06-19 16:49:42.041,1781905782041,3401.3521,5.9,0,0,0
2026-06-19 16:49:42.081,1781905782081,3401.3521,5.9,0,0,0
2026-06-19 16:49:42.121,1781905782121,3401.3521,5.9,0,0,0
2026-06-19 16:49:42.161,1781905782161,3401.3521,5.9,0,0,0
2026-06-19 16:49:42.201,1781905782201,3401.3521,6.2,0,0,0
2026-06-19 16:49:42.241,1781905782241,3475.9170,6.1,0,0,0
2026-06-19 16:49:42.281,1781905782281,3475.9170,6.1,0,0,0
2026-06-19 16:49:42.321,1781905782321,3475.9170,6.1,0,0,0
2026-06-19 16:49:42.361,1781905782361,3475.9170,6.1,0,0,0
2026-06-19 16:49:42.401,1781905782401,3475.9170,5.6,0,0,0
2026-06-19 16:49:42.441,1781905782441,3475.9170,6.1,0,0,0
2026-06-19 16:49:42.481,1781905782481,3080.0940,6.1,0,0,0
2026-06-19 16:49:42.521,1781905782521,3080.0940,6.1,0,0,0
2026-06-19 16:49:42.561,1781905782561,3080.0940,6.1,0,0,0
2026-06-19 16:49:42.601,1781905782601,3080.0940,6.1,0,0,0
2026-06-19 16:49:42.641,1781905782641,3080.0940,5.7,0,0,0
2026-06-19 16:49:42.681,1781905782681,3080.0940,5.8,0,0,0
2026-06-19 16:49:42.721,1781905782721,3080.0940,6.2,0,0,0
2026-06-19 16:49:42.761,1781905782761,3186.4153,6.2,0,0,0
2026-06-19 16:49:42.801,1781905782801,3186.4153,6.0,0,0,0
2026-06-19 16:49:42.841,1781905782841,3186.4153,6.1,0,0,0
2026-06-19 16:49:42.881,1781905782881,3186.4153,6.0,0,0,0
2026-06-19 16:49:42.921,1781905782921,3186.4153,6.5,0,0,0
2026-06-19 16:49:42.961,1781905782961,3186.4153,6.7,0,0,0
2026-06-19 16:49:43.001,1781905783001,3315.4988,6.6,0,0,0
2026-06-19 16:49:43.041,1781905783041,3315.4988,6.2,0,0,0
2026-06-19 16:49:43.081,1781905783081,3315.4988,6.3,0,0,0
2026-06-19 16:49:43.121,1781905783121,3315.4988,6.4,0,0,0
2026-06-19 16:49:43.161,1781905783161,3315.4988,6.8,0,0,0
2026-06-19 16:49:43.201,1781905783201,3315.4988,6.9,0,0,0
2026-06-19 16:49:43.241,1781905783241,3315.4988,7.3,0,0,0
2026-06-19 16:49:43.281,1781905783281,2046.7664,6.9,0,0,0
2026-06-19 16:49:43.321,1781905783321,2046.7664,6.6,0,0,0
2026-06-19 16:49:43.361,1781905783361,2046.7664,7.0,0,0,0
2026-06-19 16:49:43.401,1781905783401,2046.7664,7.1,0,0,0
2026-06-19 16:49:43.441,1781905783441,2046.7664,7.0,0,0,0
2026-06-19 16:49:43.481,1781905783481,2046.7664,7.4,0,0,0
2026-06-19 16:49:43.521,1781905783521,1420.6952,7.4,0,0,0
2026-06-19 16:49:43.561,1781905783561,1420.6952,7.2,0,0,0
2026-06-19 16:49:43.601,1781905783601,1420.6952,7.4,0,0,0
2026-06-19 16:49:43.641,1781905783641,1420.6952,6.3,0,0,0
2026-06-19 16:49:43.681,1781905783681,1420.6952,6.3,0,0,0
2026-06-19 16:49:43.721,1781905783721,1420.6952,6.4,0,0,0
2026-06-19 16:49:43.761,1781905783761,1420.6952,6.0,0,0,0
2026-06-19 16:49:43.801,1781905783801,635.9137,6.8,0,0,0
2026-06-19 16:49:43.841,1781905783841,635.9137,6.4,0,0,0
2026-06-19 16:49:43.881,1781905783881,635.9137,6.4,0,0,0
2026-06-19 16:49:43.921,1781905783921,635.9137,6.9,0,0,0
2026-06-19 16:49:43.961,1781905783961,635.9137,6.5,0,0,0
2026-06-19 16:49:44.000,1781905784000,635.9137,7.3,0,0,0
2026-06-19 16:49:44.041,1781905784041,680.7358,6.9,0,0,0
2026-06-19 16:49:44.080,1781905784080,680.7358,6.0,0,0,0
2026-06-19 16:49:44.121,1781905784121,680.7358,6.4,0,0,0
2026-06-19 16:49:44.161,1781905784161,680.7358,6.9,0,0,0
2026-06-19 16:49:44.201,1781905784201,680.7358,6.4,0,0,0
2026-06-19 16:49:44.241,1781905784241,680.7358,6.1,0,0,0
2026-06-19 16:49:44.281,1781905784281,680.7358,6.0,0,0,0
2026-06-19 16:49:44.321,1781905784321,645.0485,5.9,0,0,0
2026-06-19 16:49:44.361,1781905784361,645.0485,6.8,0,0,0
2026-06-19 16:49:44.401,1781905784401,645.0485,6.1,0,0,0
2026-06-19 16:49:44.441,1781905784441,645.0485,6.6,0,0,0
2026-06-19 16:49:44.481,1781905784481,645.0485,6.5,0,0,0
2026-06-19 16:49:44.521,1781905784521,645.0485,5.2,0,0,0
2026-06-19 16:49:44.561,1781905784561,703.2351,5.9,0,0,0
2026-06-19 16:49:44.601,1781905784601,703.2351,5.8,0,0,0
2026-06-19 16:49:44.641,1781905784641,703.2351,6.1,0,0,0
2026-06-19 16:49:44.681,1781905784681,703.2351,5.8,0,0,0
2026-06-19 16:49:44.721,1781905784721,703.2351,5.7,0,0,0
2026-06-19 16:49:44.761,1781905784761,703.2351,5.8,0,0,0
2026-06-19 16:49:44.801,1781905784801,703.2351,5.4,0,0,0
2026-06-19 16:49:44.841,1781905784841,840.1254,5.8,0,0,0
2026-06-19 16:49:44.881,1781905784881,840.1254,5.6,0,0,0
2026-06-19 16:49:44.921,1781905784921,840.1254,5.6,0,0,0
2026-06-19 16:49:44.961,1781905784961,840.1254,5.6,0,0,0
2026-06-19 16:49:45.001,1781905785001,840.1254,5.1,0,0,0
2026-06-19 16:49:45.041,1781905785041,840.1254,5.6,0,0,0
2026-06-19 16:49:45.081,1781905785081,835.5361,5.6,0,0,0
2026-06-19 16:49:45.120,1781905785120,835.5361,4.7,0,0,0
2026-06-19 16:49:45.161,1781905785161,835.5361,5.0,0,0,0
2026-06-19 16:49:45.201,1781905785201,835.5361,6.4,0,0,0
2026-06-19 16:49:45.241,1781905785241,835.5361,5.1,0,0,0
2026-06-19 16:49:45.281,1781905785281,835.5361,5.1,0,0,0
2026-06-19 16:49:45.321,1781905785321,835.5361,6.4,0,0,0
2026-06-19 16:49:45.361,1781905785361,807.2968,6.5,0,0,0
2026-06-19 16:49:45.401,1781905785401,807.2968,6.1,0,0,0
2026-06-19 16:49:45.441,1781905785441,807.2968,6.8,0,0,0
2026-06-19 16:49:45.481,1781905785481,807.2968,6.9,0,0,0
2026-06-19 16:49:45.521,1781905785521,807.2968,5.4,0,0,0
2026-06-19 16:49:45.560,1781905785560,807.2968,5.5,0,0,0
2026-06-19 16:49:45.601,1781905785601,769.2324,5.0,0,0,0
2026-06-19 16:49:45.641,1781905785641,769.2324,5.4,0,0,0
2026-06-19 16:49:45.681,1781905785681,769.2324,6.3,0,0,0
2026-06-19 16:49:45.721,1781905785721,769.2324,6.4,0,0,0
2026-06-19 16:49:45.761,1781905785761,769.2324,6.1,0,0,0
2026-06-19 16:49:45.801,1781905785801,769.2324,5.1,0,0,0
2026-06-19 16:49:45.841,1781905785841,769.2324,5.1,0,0,0
2026-06-19 16:49:45.881,1781905785881,1187.5402,5.0,0,0,0
2026-06-19 16:49:45.921,1781905785921,1187.5402,5.0,0,0,0
2026-06-19 16:49:45.961,1781905785961,1187.5402,5.1,0,0,0
2026-06-19 16:49:46.001,1781905786001,1187.5402,5.1,0,0,0
2026-06-19 16:49:46.041,1781905786041,1187.5402,5.4,0,0,0
2026-06-19 16:49:46.081,1781905786081,1187.5402,6.9,0,0,0
2026-06-19 16:49:46.121,1781905786121,1579.3105,6.0,0,0,0
2026-06-19 16:49:46.161,1781905786161,1579.3105,5.6,0,0,0
2026-06-19 16:49:46.201,1781905786201,1579.3105,6.4,0,0,0
2026-06-19 16:49:46.241,1781905786241,1579.3105,7.4,0,0,0
2026-06-19 16:49:46.281,1781905786281,1579.3105,6.4,0,0,0
2026-06-19 16:49:46.321,1781905786321,1579.3105,6.1,0,0,0
2026-06-19 16:49:46.361,1781905786361,1579.3105,5.5,0,0,0
2026-06-19 16:49:46.401,1781905786401,1547.4779,5.5,0,0,0
2026-06-19 16:49:46.441,1781905786441,1547.4779,5.5,0,0,0
2026-06-19 16:49:46.481,1781905786481,1547.4779,5.1,0,0,0
2026-06-19 16:49:46.521,1781905786521,1547.4779,5.1,0,0,0
2026-06-19 16:49:46.561,1781905786561,1547.4779,5.1,0,0,0
2026-06-19 16:49:46.601,1781905786601,1547.4779,5.2,0,0,0
2026-06-19 16:49:46.641,1781905786641,1768.1816,5.5,0,0,0
2026-06-19 16:49:46.681,1781905786681,1768.1816,4.6,0,0,0
2026-06-19 16:49:46.721,1781905786721,1768.1816,4.6,0,0,0
2026-06-19 16:49:46.761,1781905786761,1768.1816,5.5,0,0,0
2026-06-19 16:49:46.801,1781905786801,1768.1816,5.1,0,0,0
2026-06-19 16:49:46.841,1781905786841,1768.1816,5.2,0,0,0
2026-06-19 16:49:46.881,1781905786881,1768.1816,5.5,0,0,0
2026-06-19 16:49:46.921,1781905786921,1921.2009,5.9,0,0,0
2026-06-19 16:49:46.961,1781905786961,1921.2009,6.0,0,0,0
2026-06-19 16:49:47.001,1781905787001,1921.2009,6.0,0,0,0
2026-06-19 16:49:47.041,1781905787041,1921.2009,5.6,0,0,0
2026-06-19 16:49:47.081,1781905787081,1921.2009,6.0,0,0,0
2026-06-19 16:49:47.121,1781905787121,1921.2009,6.4,0,0,0
2026-06-19 16:49:47.161,1781905787161,3536.0852,5.5,0,0,0
2026-06-19 16:49:47.201,1781905787201,3536.0852,6.0,0,0,0
2026-06-19 16:49:47.241,1781905787241,3536.0852,7.8,0,0,0
2026-06-19 16:49:47.281,1781905787281,3536.0852,8.2,0,0,0
2026-06-19 16:49:47.321,1781905787321,3536.0852,8.7,0,0,0
2026-06-19 16:49:47.361,1781905787361,3536.0852,7.9,0,0,0
2026-06-19 16:49:47.401,1781905787401,3536.0852,7.1,0,0,0
2026-06-19 16:49:47.441,1781905787441,4737.2197,5.8,0,0,0
2026-06-19 16:49:47.481,1781905787481,4737.2197,5.9,0,0,0
2026-06-19 16:49:47.521,1781905787521,4737.2197,5.8,0,0,0
2026-06-19 16:49:47.561,1781905787561,4737.2197,4.9,0,0,0
2026-06-19 16:49:47.601,1781905787601,4737.2197,6.3,0,0,0
2026-06-19 16:49:47.641,1781905787641,4737.2197,5.8,0,0,0
2026-06-19 16:49:47.681,1781905787681,4639.8560,6.2,0,0,0
2026-06-19 16:49:47.721,1781905787721,4639.8560,6.2,0,0,0
2026-06-19 16:49:47.761,1781905787761,4639.8560,6.7,0,0,0
2026-06-19 16:49:47.801,1781905787801,4639.8560,7.1,0,0,0
2026-06-19 16:49:47.841,1781905787841,4639.8560,6.8,0,0,0
2026-06-19 16:49:47.881,1781905787881,4639.8560,6.7,0,0,0
2026-06-19 16:49:47.921,1781905787921,4639.8560,7.1,0,0,0
2026-06-19 16:49:47.961,1781905787961,5451.4668,8.4,0,0,0
2026-06-19 16:49:48.001,1781905788001,5451.4668,8.0,0,0,0
2026-06-19 16:49:48.041,1781905788041,5451.4668,7.6,0,0,0
2026-06-19 16:49:48.081,1781905788081,5451.4668,7.2,0,0,0
2026-06-19 16:49:48.121,1781905788121,5451.4668,7.3,0,0,0
2026-06-19 16:49:48.161,1781905788161,5451.4668,7.2,0,0,0
2026-06-19 16:49:48.201,1781905788201,5025.6704,7.7,0,0,0
2026-06-19 16:49:48.241,1781905788241,5025.6704,7.1,0,0,0
2026-06-19 16:49:48.281,1781905788281,5025.6704,7.2,0,0,0
2026-06-19 16:49:48.321,1781905788321,5025.6704,7.1,0,0,0
2026-06-19 16:49:48.361,1781905788361,5025.6704,5.9,0,0,0
2026-06-19 16:49:48.401,1781905788401,5025.6704,5.9,0,0,0
2026-06-19 16:49:48.441,1781905788441,5025.6704,6.0,0,0,0
2026-06-19 16:49:48.481,1781905788481,5467.0854,5.9,0,0,0
2026-06-19 16:49:48.521,1781905788521,5467.0854,5.5,0,0,0
2026-06-19 16:49:48.561,1781905788561,5467.0854,5.1,0,0,0
2026-06-19 16:49:48.601,1781905788601,5467.0854,4.6,0,0,0
2026-06-19 16:49:48.641,1781905788641,5467.0854,4.5,0,0,0
2026-06-19 16:49:48.681,1781905788681,5467.0854,4.3,0,0,0
2026-06-19 16:49:48.721,1781905788721,4425.2666,4.7,0,0,0
2026-06-19 16:49:48.761,1781905788761,4425.2666,4.3,0,0,0
2026-06-19 16:49:48.801,1781905788801,4425.2666,3.7,0,0,0
2026-06-19 16:49:48.841,1781905788841,4425.2666,3.8,0,0,0
2026-06-19 16:49:48.881,1781905788881,4425.2666,3.8,0,0,0
2026-06-19 16:49:48.921,1781905788921,4425.2666,3.7,0,0,0
2026-06-19 16:49:48.961,1781905788961,4425.2666,3.7,0,0,0
2026-06-19 16:49:49.001,1781905789001,3684.9399,3.7,0,0,0
2026-06-19 16:49:49.041,1781905789041,3684.9399,3.6,0,0,0
2026-06-19 16:49:49.081,1781905789081,3684.9399,4.0,0,0,0
2026-06-19 16:49:49.121,1781905789121,3684.9399,4.2,0,0,0
2026-06-19 16:49:49.161,1781905789161,3684.9399,5.9,0,0,0
2026-06-19 16:49:49.201,1781905789201,3684.9399,5.9,0,0,0
2026-06-19 16:49:49.241,1781905789241,3412.6504,6.8,0,0,0
2026-06-19 16:49:49.281,1781905789281,3412.6504,7.3,0,0,0
2026-06-19 16:49:49.321,1781905789321,3412.6504,6.9,0,0,0
2026-06-19 16:49:49.361,1781905789361,3412.6504,6.4,0,0,0
2026-06-19 16:49:49.401,1781905789401,3412.6504,6.9,0,0,0
2026-06-19 16:49:49.441,1781905789441,3412.6504,6.3,0,0,0
2026-06-19 16:49:49.481,1781905789481,3412.6504,6.4,0,0,0
2026-06-19 16:49:49.521,1781905789521,3257.8845,6.0,0,0,0
2026-06-19 16:49:49.561,1781905789561,3257.8845,6.9,0,0,0
2026-06-19 16:49:49.601,1781905789601,3257.8845,6.1,0,0,0
2026-06-19 16:49:49.641,1781905789641,3257.8845,6.9,0,0,0
2026-06-19 16:49:49.681,1781905789681,3257.8845,6.5,0,0,0
2026-06-19 16:49:49.721,1781905789721,3257.8845,6.3,0,0,0
2026-06-19 16:49:49.761,1781905789761,3749.5188,6.5,0,0,0
2026-06-19 16:49:49.801,1781905789801,3749.5188,6.4,0,0,0
2026-06-19 16:49:49.841,1781905789841,3749.5188,6.0,0,0,0
2026-06-19 16:49:49.881,1781905789881,3749.5188,5.6,0,0,0
2026-06-19 16:49:49.921,1781905789921,3749.5188,5.2,0,0,0
2026-06-19 16:49:49.961,1781905789961,3749.5188,5.2,0,0,0
2026-06-19 16:49:50.001,1781905790001,3749.5188,5.2,0,0,0
2026-06-19 16:49:50.041,1781905790041,3464.8450,5.2,0,0,0
2026-06-19 16:49:50.081,1781905790081,3464.8450,5.6,0,0,0
2026-06-19 16:49:50.121,1781905790121,3464.8450,5.2,0,0,0
2026-06-19 16:49:50.161,1781905790161,3464.8450,5.7,0,0,0
2026-06-19 16:49:50.201,1781905790201,3464.8450,4.8,0,0,0
2026-06-19 16:49:50.241,1781905790241,3464.8450,5.2,0,0,0
2026-06-19 16:49:50.281,1781905790281,3684.8213,5.6,0,0,0
2026-06-19 16:49:50.321,1781905790321,3684.8213,6.4,0,0,0
2026-06-19 16:49:50.361,1781905790361,3684.8213,4.6,0,0,0
2026-06-19 16:49:50.401,1781905790401,3684.8213,3.7,0,0,0
2026-06-19 16:49:50.441,1781905790441,3684.8213,3.7,0,0,0
2026-06-19 16:49:50.481,1781905790481,3684.8213,4.1,0,0,0
2026-06-19 16:49:50.521,1781905790521,3684.8213,4.5,0,0,0
2026-06-19 16:49:50.561,1781905790561,4127.9365,4.1,0,0,0
2026-06-19 16:49:50.601,1781905790601,4127.9365,4.1,0,0,0
2026-06-19 16:49:50.641,1781905790641,4127.9365,4.5,0,0,0
2026-06-19 16:49:50.681,1781905790681,4127.9365,4.5,0,0,0
2026-06-19 16:49:50.721,1781905790721,4127.9365,4.4,0,0,0
2026-06-19 16:49:50.761,1781905790761,4127.9365,4.6,0,0,0
2026-06-19 16:49:50.801,1781905790801,4169.0361,5.0,0,0,0
2026-06-19 16:49:50.841,1781905790841,4169.0361,5.5,0,0,0
2026-06-19 16:49:50.881,1781905790881,4169.0361,5.4,0,0,0
2026-06-19 16:49:50.921,1781905790921,4169.0361,5.5,0,0,0
2026-06-19 16:49:50.961,1781905790961,4169.0361,5.4,0,0,0
2026-06-19 16:49:51.001,1781905791001,4169.0361,5.0,0,0,0
2026-06-19 16:49:51.041,1781905791041,4169.0361,5.1,0,0,0
2026-06-19 16:49:51.081,1781905791081,4538.8164,5.0,0,0,0
2026-06-19 16:49:51.121,1781905791121,4538.8164,5.0,0,0,0
2026-06-19 16:49:51.161,1781905791161,4538.8164,5.1,0,0,0
2026-06-19 16:49:51.201,1781905791201,4538.8164,5.4,0,0,0
2026-06-19 16:49:51.241,1781905791241,4538.8164,5.5,0,0,0
2026-06-19 16:49:51.281,1781905791281,4538.8164,5.5,0,0,0
2026-06-19 16:49:51.321,1781905791321,4604.3960,5.0,0,0,0
2026-06-19 16:49:51.361,1781905791361,4604.3960,5.5,0,0,0
2026-06-19 16:49:51.401,1781905791401,4604.3960,5.5,0,0,0
2026-06-19 16:49:51.441,1781905791441,4604.3960,5.4,0,0,0
2026-06-19 16:49:51.481,1781905791481,4604.3960,6.0,0,0,0
2026-06-19 16:49:51.521,1781905791521,4604.3960,5.5,0,0,0
2026-06-19 16:49:51.561,1781905791561,4604.3960,5.4,0,0,0
2026-06-19 16:49:51.601,1781905791601,4429.6406,5.9,0,0,0
2026-06-19 16:49:51.641,1781905791641,4429.6406,5.9,0,0,0
2026-06-19 16:49:51.681,1781905791681,4429.6406,5.9,0,0,0
2026-06-19 16:49:51.721,1781905791721,4429.6406,5.9,0,0,0
2026-06-19 16:49:51.761,1781905791761,4429.6406,6.4,0,0,0
2026-06-19 16:49:51.801,1781905791801,4429.6406,6.3,0,0,0
2026-06-19 16:49:51.841,1781905791841,4978.6021,6.7,0,0,0
2026-06-19 16:49:51.881,1781905791881,4978.6021,6.9,0,0,0
2026-06-19 16:49:51.921,1781905791921,4978.6021,7.2,0,0,0
2026-06-19 16:49:51.961,1781905791961,4978.6021,8.6,0,0,0
2026-06-19 16:49:52.001,1781905792001,4978.6021,8.9,0,0,0
2026-06-19 16:49:52.041,1781905792041,4978.6021,19.9,0,0,0
2026-06-19 16:49:52.081,1781905792081,4978.6021,10.2,0,0,0
2026-06-19 16:49:52.121,1781905792121,4709.1543,8.9,0,0,0
2026-06-19 16:49:52.161,1781905792161,4709.1543,18.6,0,0,0
2026-06-19 16:49:52.201,1781905792201,4709.1543,14.3,0,0,0
2026-06-19 16:49:52.241,1781905792241,4709.1543,17.3,0,0,0
2026-06-19 16:49:52.281,1781905792281,4709.1543,18.2,0,0,0
2026-06-19 16:49:52.321,1781905792321,4709.1543,19.4,0,0,0
2026-06-19 16:49:52.361,1781905792361,4202.7788,19.4,0,0,0
2026-06-19 16:49:52.401,1781905792401,4202.7788,17.7,0,0,0
2026-06-19 16:49:52.441,1781905792441,4202.7788,23.7,0,0,0
2026-06-19 16:49:52.481,1781905792481,4202.7788,8.5,0,0,0
2026-06-19 16:49:52.521,1781905792521,4202.7788,10.2,0,0,0
2026-06-19 16:49:52.561,1781905792561,4202.7788,16.6,0,0,0
2026-06-19 16:49:52.601,1781905792601,4202.7788,15.7,0,0,0
2026-06-19 16:49:52.641,1781905792641,4852.4648,13.9,0,0,0
2026-06-19 16:49:52.681,1781905792681,4852.4648,13.9,0,0,0
2026-06-19 16:49:52.721,1781905792721,4852.4648,12.2,0,0,0
2026-06-19 16:49:52.761,1781905792761,4852.4648,12.6,0,0,0
2026-06-19 16:49:52.801,1781905792801,4852.4648,12.1,0,0,0
2026-06-19 16:49:52.841,1781905792841,4852.4648,11.7,0,0,0
2026-06-19 16:49:52.881,1781905792881,3916.1589,13.4,0,0,0
2026-06-19 16:49:52.921,1781905792921,3916.1589,12.6,0,0,0
2026-06-19 16:49:52.961,1781905792961,3916.1589,12.2,0,0,0
2026-06-19 16:49:53.001,1781905793001,3916.1589,10.9,0,0,0
2026-06-19 16:49:53.041,1781905793041,3916.1589,11.8,0,0,0
2026-06-19 16:49:53.081,1781905793082,3916.1589,14.0,0,0,0
2026-06-19 16:49:53.121,1781905793121,3916.1589,17.0,0,0,0
2026-06-19 16:49:53.161,1781905793161,4467.8906,6.9,0,0,0
2026-06-19 16:49:53.201,1781905793201,4467.8906,7.3,0,0,0
2026-06-19 16:49:53.241,1781905793241,4467.8906,6.0,0,0,0
2026-06-19 16:49:53.281,1781905793281,4467.8906,6.0,0,0,0
2026-06-19 16:49:53.321,1781905793321,4467.8906,6.9,0,0,0
2026-06-19 16:49:53.361,1781905793361,4467.8906,6.5,0,0,0
2026-06-19 16:49:53.401,1781905793401,4512.1787,7.0,0,0,0
2026-06-19 16:49:53.441,1781905793441,4512.1787,6.2,0,0,0
2026-06-19 16:49:53.481,1781905793481,4512.1787,6.7,0,0,0
2026-06-19 16:49:53.521,1781905793521,4512.1787,7.5,0,0,0
2026-06-19 16:49:53.561,1781905793561,4512.1787,8.3,0,0,0
2026-06-19 16:49:53.601,1781905793601,4512.1787,8.6,0,0,0
2026-06-19 16:49:53.641,1781905793641,4512.1787,5.6,0,0,0
2026-06-19 16:49:53.681,1781905793681,3248.1978,5.1,0,0,0
2026-06-19 16:49:53.721,1781905793721,3248.1978,7.3,0,0,0
2026-06-19 16:49:53.761,1781905793761,3248.1978,8.4,0,0,0
2026-06-19 16:49:53.801,1781905793801,3248.1978,7.6,0,0,0
2026-06-19 16:49:53.841,1781905793841,3248.1978,8.7,0,0,0
2026-06-19 16:49:53.881,1781905793881,3248.1978,8.6,0,0,0
2026-06-19 16:49:53.921,1781905793921,3662.3306,8.5,0,0,0
2026-06-19 16:49:53.961,1781905793961,3662.3306,12.9,0,0,0
2026-06-19 16:49:54.001,1781905794001,3662.3306,9.0,0,0,0
2026-06-19 16:49:54.041,1781905794041,3662.3306,9.1,0,0,0
2026-06-19 16:49:54.082,1781905794082,3662.3306,14.5,0,0,0
2026-06-19 16:49:54.121,1781905794121,3662.3306,6.5,0,0,0
2026-06-19 16:49:54.161,1781905794161,3662.3306,5.1,0,0,0
2026-06-19 16:49:54.201,1781905794201,3714.4578,4.6,0,0,0
2026-06-19 16:49:54.241,1781905794241,3714.4578,34.2,0,0,0
2026-06-19 16:49:54.281,1781905794281,3714.4578,13.4,0,0,0
2026-06-19 16:49:54.321,1781905794321,3714.4578,12.5,0,0,0
2026-06-19 16:49:54.361,1781905794361,3714.4578,11.3,0,0,0
2026-06-19 16:49:54.401,1781905794402,3714.4578,11.8,0,0,0
2026-06-19 16:49:54.442,1781905794442,5234.6621,10.5,0,0,0
2026-06-19 16:49:54.481,1781905794481,5234.6621,12.9,0,0,0
2026-06-19 16:49:54.521,1781905794521,5234.6621,12.9,0,0,0
2026-06-19 16:49:54.562,1781905794562,5234.6621,14.8,0,0,0
2026-06-19 16:49:54.602,1781905794602,5234.6621,25.5,0,0,0
2026-06-19 16:49:54.641,1781905794641,5234.6621,18.9,0,0,0
2026-06-19 16:49:54.681,1781905794681,5234.6621,27.3,0,0,0
2026-06-19 16:49:54.721,1781905794721,5279.1636,38.9,0,0,0
2026-06-19 16:49:54.761,1781905794761,5279.1636,13.1,0,0,0
2026-06-19 16:49:54.801,1781905794801,5279.1636,7.1,0,0,0
2026-06-19 16:49:54.841,1781905794841,5279.1636,7.2,0,0,0
2026-06-19 16:49:54.881,1781905794881,5279.1636,7.1,0,0,0
2026-06-19 16:49:54.921,1781905794921,5279.1636,6.3,0,0,0
2026-06-19 16:49:54.961,1781905794961,4793.7026,6.7,0,0,0
2026-06-19 16:49:55.001,1781905795001,4793.7026,6.6,0,0,0
2026-06-19 16:49:55.041,1781905795041,4793.7026,6.7,0,0,0
2026-06-19 16:49:55.081,1781905795081,4793.7026,6.8,0,0,0
2026-06-19 16:49:55.121,1781905795121,4793.7026,6.6,0,0,0
2026-06-19 16:49:55.161,1781905795161,4793.7026,6.7,0,0,0
2026-06-19 16:49:55.202,1781905795202,4793.7026,6.7,0,0,0
2026-06-19 16:49:55.241,1781905795242,3159.9036,6.6,0,0,0
2026-06-19 16:49:55.281,1781905795281,3159.9036,6.1,0,0,0
2026-06-19 16:49:55.321,1781905795321,3159.9036,6.2,0,0,0
2026-06-19 16:49:55.361,1781905795361,3159.9036,6.2,0,0,0
2026-06-19 16:49:55.401,1781905795401,3159.9036,6.5,0,0,0
2026-06-19 16:49:55.441,1781905795441,3159.9036,6.6,0,0,0
2026-06-19 16:49:55.481,1781905795481,1973.4982,7.0,0,0,0
2026-06-19 16:49:55.521,1781905795521,1973.4982,7.0,0,0,0
2026-06-19 16:49:55.561,1781905795561,1973.4982,7.0,0,0,0
2026-06-19 16:49:55.601,1781905795601,1973.4982,7.3,0,0,0
2026-06-19 16:49:55.641,1781905795641,1973.4982,7.0,0,0,0
2026-06-19 16:49:55.681,1781905795681,1973.4982,7.0,0,0,0
2026-06-19 16:49:55.721,1781905795721,1973.4982,7.0,0,0,0
2026-06-19 16:49:55.761,1781905795761,2099.6670,7.4,0,0,0
2026-06-19 16:49:55.802,1781905795802,2099.6670,7.3,0,0,0
2026-06-19 16:49:55.841,1781905795841,2099.6670,7.9,0,0,0
2026-06-19 16:49:55.881,1781905795881,2099.6670,7.1,0,0,0
2026-06-19 16:49:55.921,1781905795921,2099.6670,6.5,0,0,0
2026-06-19 16:49:55.961,1781905795961,2099.6670,6.7,0,0,0
2026-06-19 16:49:56.001,1781905796001,1999.4104,5.5,0,0,0
2026-06-19 16:49:56.041,1781905796041,1999.4104,8.7,0,0,0
2026-06-19 16:49:56.081,1781905796081,1999.4104,7.5,0,0,0
2026-06-19 16:49:56.121,1781905796121,1999.4104,7.0,0,0,0
2026-06-19 16:49:56.161,1781905796161,1999.4104,4.3,0,0,0
2026-06-19 16:49:56.201,1781905796201,1999.4104,4.3,0,0,0
2026-06-19 16:49:56.241,1781905796241,1999.4104,5.3,0,0,0
2026-06-19 16:49:56.281,1781905796281,1900.0981,6.1,0,0,0
2026-06-19 16:49:56.321,1781905796321,1900.0981,6.1,0,0,0
2026-06-19 16:49:56.361,1781905796361,1900.0981,6.1,0,0,0
2026-06-19 16:49:56.401,1781905796401,1900.0981,6.1,0,0,0
2026-06-19 16:49:56.441,1781905796441,1900.0981,6.1,0,0,0
2026-06-19 16:49:56.481,1781905796481,1900.0981,6.6,0,0,0
2026-06-19 16:49:56.521,1781905796521,2052.6838,6.1,0,0,0
2026-06-19 16:49:56.561,1781905796561,2052.6838,6.1,0,0,0
2026-06-19 16:49:56.601,1781905796601,2052.6838,6.1,0,0,0
2026-06-19 16:49:56.641,1781905796641,2052.6838,6.1,0,0,0
2026-06-19 16:49:56.681,1781905796681,2052.6838,6.1,0,0,0
2026-06-19 16:49:56.721,1781905796721,2052.6838,6.7,0,0,0
2026-06-19 16:49:56.761,1781905796761,2052.6838,6.1,0,0,0
2026-06-19 16:49:56.801,1781905796801,1899.6538,6.1,0,0,0
2026-06-19 16:49:56.841,1781905796841,1899.6538,6.1,0,0,0
2026-06-19 16:49:56.881,1781905796881,1899.6538,6.2,0,0,0
2026-06-19 16:49:56.921,1781905796921,1899.6538,6.2,0,0,0
2026-06-19 16:49:56.961,1781905796961,1899.6538,6.2,0,0,0
2026-06-19 16:49:57.001,1781905797001,1899.6538,6.1,0,0,0
2026-06-19 16:49:57.041,1781905797041,2136.1055,6.2,0,0,0
2026-06-19 16:49:57.081,1781905797081,2136.1055,6.2,0,0,0
2026-06-19 16:49:57.121,1781905797121,2136.1055,6.2,0,0,0
2026-06-19 16:49:57.161,1781905797161,2136.1055,6.2,0,0,0
2026-06-19 16:49:57.201,1781905797201,2136.1055,6.1,0,0,0
2026-06-19 16:49:57.241,1781905797241,2136.1055,6.2,0,0,0
2026-06-19 16:49:57.281,1781905797281,2136.1055,6.1,0,0,0
2026-06-19 16:49:57.321,1781905797321,2025.5424,6.1,0,0,0
2026-06-19 16:49:57.361,1781905797361,2025.5424,6.6,0,0,0
2026-06-19 16:49:57.402,1781905797402,2025.5424,6.2,0,0,0
2026-06-19 16:49:57.441,1781905797441,2025.5424,6.2,0,0,0
2026-06-19 16:49:57.481,1781905797481,2025.5424,6.1,0,0,0
2026-06-19 16:49:57.521,1781905797521,2025.5424,6.1,0,0,0
2026-06-19 16:49:57.561,1781905797561,1854.1813,6.1,0,0,0
2026-06-19 16:49:57.601,1781905797601,1854.1813,6.1,0,0,0
2026-06-19 16:49:57.641,1781905797641,1854.1813,6.1,0,0,0
2026-06-19 16:49:57.681,1781905797681,1854.1813,6.1,0,0,0
2026-06-19 16:49:57.721,1781905797721,1854.1813,6.1,0,0,0
2026-06-19 16:49:57.761,1781905797761,1854.1813,6.1,0,0,0
2026-06-19 16:49:57.802,1781905797802,1854.1813,6.1,0,0,0
2026-06-19 16:49:57.842,1781905797842,1982.6569,6.1,0,0,0
2026-06-19 16:49:57.882,1781905797882,1982.6569,6.1,0,0,0
2026-06-19 16:49:57.922,1781905797922,1982.6569,6.1,0,0,0
2026-06-19 16:49:57.961,1781905797961,1982.6569,6.1,0,0,0
2026-06-19 16:49:58.002,1781905798002,1982.6569,6.1,0,0,0
2026-06-19 16:49:58.042,1781905798042,1982.6569,6.1,0,0,0
2026-06-19 16:49:58.082,1781905798082,2049.6226,6.1,0,0,0
2026-06-19 16:49:58.121,1781905798121,2049.6226,6.1,0,0,0
2026-06-19 16:49:58.161,1781905798161,2049.6226,6.2,0,0,0
2026-06-19 16:49:58.202,1781905798202,2049.6226,6.1,0,0,0
2026-06-19 16:49:58.242,1781905798242,2049.6226,6.1,0,0,0
2026-06-19 16:49:58.281,1781905798281,2049.6226,6.1,0,0,0
2026-06-19 16:49:58.321,1781905798321,2049.6226,6.5,0,0,0
2026-06-19 16:49:58.361,1781905798361,2333.4424,6.6,0,0,0
2026-06-19 16:49:58.401,1781905798401,2333.4424,6.1,0,0,0
2026-06-19 16:49:58.441,1781905798441,2333.4424,6.1,0,0,0
2026-06-19 16:49:58.481,1781905798481,2333.4424,6.2,0,0,0
2026-06-19 16:49:58.521,1781905798521,2333.4424,6.1,0,0,0
2026-06-19 16:49:58.561,1781905798561,2333.4424,6.2,0,0,0
2026-06-19 16:49:58.601,1781905798601,2171.1018,6.1,0,0,0
2026-06-19 16:49:58.641,1781905798641,2171.1018,6.1,0,0,0
2026-06-19 16:49:58.681,1781905798681,2171.1018,6.1,0,0,0
2026-06-19 16:49:58.721,1781905798721,2171.1018,6.1,0,0,0
2026-06-19 16:49:58.761,1781905798761,2171.1018,6.1,0,0,1
2026-06-19 16:49:58.801,1781905798801,2171.1018,6.2,0,0,1
2026-06-19 16:49:58.841,1781905798841,2171.1018,6.2,0,0,0
2026-06-19 16:49:58.881,1781905798881,2360.3726,6.1,0,0,1
2026-06-19 16:49:58.921,1781905798921,2360.3726,6.1,0,1,0
2026-06-19 16:49:58.961,1781905798961,2360.3726,6.1,0,1,0
2026-06-19 16:49:59.001,1781905799001,2360.3726,6.1,0,0,0
2026-06-19 16:49:59.041,1781905799041,2360.3726,6.2,0,0,0
2026-06-19 16:49:59.081,1781905799081,2360.3726,6.1,0,0,0
2026-06-19 16:49:59.121,1781905799121,1914.1421,6.2,0,0,0
2026-06-19 16:49:59.161,1781905799161,1914.1421,6.1,0,0,0
2026-06-19 16:49:59.201,1781905799201,1914.1421,6.5,0,0,0
2026-06-19 16:49:59.241,1781905799241,1914.1421,6.5,0,0,0
2026-06-19 16:49:59.281,1781905799281,1914.1421,6.2,0,0,0
2026-06-19 16:49:59.321,1781905799321,1914.1421,6.1,0,0,0
2026-06-19 16:49:59.361,1781905799361,1914.1421,6.1,0,0,0
2026-06-19 16:49:59.401,1781905799401,2370.4126,6.1,0,0,0
2026-06-19 16:49:59.441,1781905799441,2370.4126,6.2,0,0,0
2026-06-19 16:49:59.481,1781905799481,2370.4126,6.2,0,0,0
2026-06-19 16:49:59.521,1781905799521,2370.4126,6.2,0,0,0
2026-06-19 16:49:59.561,1781905799561,2370.4126,6.2,0,0,0
2026-06-19 16:49:59.601,1781905799601,2370.4126,6.2,0,0,0
2026-06-19 16:49:59.641,1781905799641,1762.7249,6.2,0,0,0
2026-06-19 16:49:59.681,1781905799681,1762.7249,6.2,0,0,0
2026-06-19 16:49:59.721,1781905799721,1762.7249,6.7,0,0,0
2026-06-19 16:49:59.761,1781905799761,1762.7249,6.6,0,0,0
2026-06-19 16:49:59.801,1781905799802,1762.7249,6.7,0,0,0
2026-06-19 16:49:59.841,1781905799841,1762.7249,6.7,0,0,0
2026-06-19 16:49:59.882,1781905799882,1762.7249,6.2,0,0,0
2026-06-19 16:49:59.922,1781905799922,2077.0134,6.6,0,0,0
2026-06-19 16:49:59.962,1781905799962,2077.0134,6.7,0,0,0
2026-06-19 16:50:00.001,1781905800001,2077.0134,6.2,0,0,0
2026-06-19 16:50:00.041,1781905800041,2077.0134,6.2,0,0,0
2026-06-19 16:50:00.081,1781905800081,2077.0134,6.3,0,0,0
2026-06-19 16:50:00.122,1781905800122,2077.0134,6.3,0,0,0
2026-06-19 16:50:00.161,1781905800161,1878.3826,6.4,0,0,0
2026-06-19 16:50:00.201,1781905800201,1878.3826,6.8,0,0,0
2026-06-19 16:50:00.242,1781905800242,1878.3826,6.9,0,0,0
2026-06-19 16:50:00.281,1781905800281,1878.3826,6.8,0,0,0
2026-06-19 16:50:00.321,1781905800321,1878.3826,7.0,0,0,0
2026-06-19 16:50:00.361,1781905800361,1878.3826,6.6,0,0,0
2026-06-19 16:50:00.401,1781905800401,1878.3826,6.2,0,0,0
2026-06-19 16:50:00.442,1781905800442,1391.9957,6.2,0,0,0
2026-06-19 16:50:00.481,1781905800481,1391.9957,6.1,0,1,0
2026-06-19 16:50:00.521,1781905800521,1391.9957,6.0,0,1,0
2026-06-19 16:50:00.561,1781905800561,1391.9957,5.5,0,1,0
2026-06-19 16:50:00.601,1781905800601,1391.9957,6.4,0,1,0
2026-06-19 16:50:00.641,1781905800641,1391.9957,6.4,0,1,0
2026-06-19 16:50:00.681,1781905800681,2813.8452,6.0,0,1,0
2026-06-19 16:50:00.721,1781905800721,2813.8452,5.9,0,1,0
2026-06-19 16:50:00.761,1781905800761,2813.8452,5.5,0,1,0
2026-06-19 16:50:00.801,1781905800801,2813.8452,6.0,0,1,0
2026-06-19 16:50:00.841,1781905800841,2813.8452,6.0,0,1,0
2026-06-19 16:50:00.882,1781905800882,2813.8452,5.9,0,1,0
2026-06-19 16:50:00.921,1781905800921,2813.8452,5.9,0,1,0
2026-06-19 16:50:00.961,1781905800961,2727.6958,6.0,0,1,0
2026-06-19 16:50:01.001,1781905801001,2727.6958,5.6,0,1,0
2026-06-19 16:50:01.041,1781905801041,2727.6958,6.0,0,1,0
2026-06-19 16:50:01.082,1781905801082,2727.6958,6.0,0,0,0
2026-06-19 16:50:01.122,1781905801122,2727.6958,6.0,0,0,0
2026-06-19 16:50:01.161,1781905801161,2727.6958,6.0,0,0,0
2026-06-19 16:50:01.201,1781905801201,3546.1196,5.9,0,0,0
2026-06-19 16:50:01.242,1781905801242,3546.1196,5.5,0,0,0
2026-06-19 16:50:01.282,1781905801282,3546.1196,5.5,0,0,0
2026-06-19 16:50:01.321,1781905801321,3546.1196,6.4,0,0,0
2026-06-19 16:50:01.361,1781905801362,3546.1196,7.7,0,1,0
2026-06-19 16:50:01.402,1781905801402,3546.1196,9.9,0,1,0
2026-06-19 16:50:01.441,1781905801441,3546.1196,6.4,0,1,0
2026-06-19 16:50:01.481,1781905801481,3086.0422,5.9,0,1,0
2026-06-19 16:50:01.521,1781905801521,3086.0422,6.4,0,1,0
2026-06-19 16:50:01.561,1781905801561,3086.0422,6.3,0,1,0
2026-06-19 16:50:01.601,1781905801602,3086.0422,6.4,0,1,0
2026-06-19 16:50:01.641,1781905801642,3086.0422,6.0,0,1,0
2026-06-19 16:50:01.681,1781905801682,3086.0422,6.5,0,1,0
2026-06-19 16:50:01.722,1781905801722,2907.9048,5.9,0,1,0
2026-06-19 16:50:01.761,1781905801761,2907.9048,6.9,0,1,0
2026-06-19 16:50:01.802,1781905801802,2907.9048,7.4,0,1,0
2026-06-19 16:50:01.841,1781905801841,2907.9048,7.5,0,1,0
2026-06-19 16:50:01.882,1781905801882,2907.9048,7.9,0,1,0
2026-06-19 16:50:01.922,1781905801922,2907.9048,7.8,0,1,0
2026-06-19 16:50:01.961,1781905801961,2907.9048,7.4,0,1,0
2026-06-19 16:50:02.002,1781905802002,2464.0220,7.3,0,1,0
2026-06-19 16:50:02.042,1781905802042,2464.0220,7.3,0,1,0
2026-06-19 16:50:02.081,1781905802082,2464.0220,7.4,0,1,0
2026-06-19 16:50:02.121,1781905802121,2464.0220,8.2,0,1,0
2026-06-19 16:50:02.161,1781905802161,2464.0220,7.7,0,1,0
2026-06-19 16:50:02.201,1781905802201,2464.0220,8.1,0,1,0
2026-06-19 16:50:02.241,1781905802241,3384.6038,6.8,0,1,0
2026-06-19 16:50:02.281,1781905802281,3384.6038,6.8,0,1,0
2026-06-19 16:50:02.322,1781905802322,3384.6038,17.8,0,1,0
2026-06-19 16:50:02.361,1781905802361,3384.6038,14.8,0,1,0
2026-06-19 16:50:02.402,1781905802402,3384.6038,9.4,0,1,0
2026-06-19 16:50:02.442,1781905802442,3384.6038,9.9,0,1,0
2026-06-19 16:50:02.482,1781905802482,3384.6038,10.0,0,0,0
2026-06-19 16:50:02.521,1781905802521,3392.5159,10.3,0,1,0
2026-06-19 16:50:02.562,1781905802562,3392.5159,10.4,0,1,0
2026-06-19 16:50:02.602,1781905802602,3392.5159,9.5,0,1,0
2026-06-19 16:50:02.642,1781905802642,3392.5159,9.0,0,1,0
2026-06-19 16:50:02.681,1781905802682,3392.5159,8.2,0,1,0
2026-06-19 16:50:02.721,1781905802721,3392.5159,7.2,0,1,0
2026-06-19 16:50:02.762,1781905802762,3629.6934,9.8,0,1,0
2026-06-19 16:50:02.801,1781905802801,3629.6934,7.2,0,1,0
2026-06-19 16:50:02.841,1781905802841,3629.6934,8.5,0,1,0
2026-06-19 16:50:02.881,1781905802881,3629.6934,7.2,0,1,0
2026-06-19 16:50:02.921,1781905802921,3629.6934,12.1,0,1,0
2026-06-19 16:50:02.962,1781905802962,3629.6934,11.2,0,1,0
2026-06-19 16:50:03.002,1781905803002,3629.6934,12.4,0,1,0
2026-06-19 16:50:03.042,1781905803042,3194.2402,13.4,0,1,0
2026-06-19 16:50:03.082,1781905803082,3194.2402,14.0,0,1,0
2026-06-19 16:50:03.122,1781905803122,3194.2402,16.7,0,0,0
2026-06-19 16:50:03.162,1781905803162,3194.2402,17.2,0,0,0
2026-06-19 16:50:03.202,1781905803202,3194.2402,9.6,0,0,0
2026-06-19 16:50:03.242,1781905803242,3194.2402,10.4,0,0,0
2026-06-19 16:50:03.281,1781905803281,2686.8020,8.8,0,1,0
2026-06-19 16:50:03.321,1781905803321,2686.8020,8.8,0,1,0
2026-06-19 16:50:03.361,1781905803361,2686.8020,9.6,0,0,0
2026-06-19 16:50:03.402,1781905803402,2686.8020,13.1,0,0,0
2026-06-19 16:50:03.442,1781905803442,2686.8020,6.4,0,0,0
2026-06-19 16:50:03.481,1781905803481,2686.8020,8.8,0,1,0
2026-06-19 16:50:03.521,1781905803521,2686.8020,8.0,0,1,0
2026-06-19 16:50:03.561,1781905803561,2461.7532,8.4,0,1,0
2026-06-19 16:50:03.601,1781905803601,2461.7532,8.2,0,1,0
2026-06-19 16:50:03.641,1781905803641,2461.7532,8.4,0,1,0
2026-06-19 16:50:03.681,1781905803681,2461.7532,8.8,0,1,0
2026-06-19 16:50:03.721,1781905803721,2461.7532,8.7,0,1,0
2026-06-19 16:50:03.762,1781905803762,2461.7532,8.3,0,1,0
2026-06-19 16:50:03.801,1781905803801,3048.7214,8.7,0,1,0
2026-06-19 16:50:03.841,1781905803841,3048.7214,8.8,0,1,0
2026-06-19 16:50:03.881,1781905803882,3048.7214,8.7,0,1,0
2026-06-19 16:50:03.921,1781905803921,3048.7214,8.7,0,1,0
2026-06-19 16:50:03.962,1781905803962,3048.7214,9.1,0,1,0
2026-06-19 16:50:04.002,1781905804002,3048.7214,8.7,0,1,0
2026-06-19 16:50:04.041,1781905804041,3048.7214,8.6,0,1,0
2026-06-19 16:50:04.082,1781905804082,3155.9253,8.7,0,1,0
2026-06-19 16:50:04.122,1781905804122,3155.9253,8.7,0,1,0
2026-06-19 16:50:04.161,1781905804161,3155.9253,8.4,0,1,0
2026-06-19 16:50:04.202,1781905804202,3155.9253,8.4,0,1,0
2026-06-19 16:50:04.242,1781905804242,3155.9253,8.3,0,1,0
2026-06-19 16:50:04.282,1781905804282,3155.9253,8.7,0,1,0
2026-06-19 16:50:04.322,1781905804322,3396.5928,8.2,0,1,0
2026-06-19 16:50:04.362,1781905804362,3396.5928,8.2,0,1,0
2026-06-19 16:50:04.402,1781905804402,3396.5928,8.6,0,0,0
2026-06-19 16:50:04.441,1781905804441,3396.5928,8.4,0,1,0
2026-06-19 16:50:04.481,1781905804481,3396.5928,8.7,0,1,0
2026-06-19 16:50:04.521,1781905804521,3396.5928,8.2,0,0,0
2026-06-19 16:50:04.562,1781905804562,3396.5928,8.2,0,1,0
2026-06-19 16:50:04.602,1781905804602,3241.9868,8.7,0,1,0
2026-06-19 16:50:04.642,1781905804642,3241.9868,8.2,0,1,0
2026-06-19 16:50:04.682,1781905804682,3241.9868,8.8,0,1,0
2026-06-19 16:50:04.722,1781905804722,3241.9868,8.2,0,1,0
2026-06-19 16:50:04.761,1781905804761,3241.9868,8.7,0,1,0
2026-06-19 16:50:04.801,1781905804801,3241.9868,8.7,0,1,0
2026-06-19 16:50:04.842,1781905804842,3151.5022,8.7,0,0,0
2026-06-19 16:50:04.881,1781905804881,3151.5022,9.2,0,1,0
2026-06-19 16:50:04.921,1781905804921,3151.5022,9.5,0,1,0
2026-06-19 16:50:04.961,1781905804961,3151.5022,8.7,0,1,0
2026-06-19 16:50:05.002,1781905805002,3151.5022,9.1,0,1,0
2026-06-19 16:50:05.042,1781905805042,3151.5022,9.2,0,1,0
2026-06-19 16:50:05.082,1781905805082,3151.5022,9.1,0,1,0
2026-06-19 16:50:05.121,1781905805121,3001.7217,9.1,0,0,0
2026-06-19 16:50:05.162,1781905805162,3001.7217,9.2,0,1,0
2026-06-19 16:50:05.202,1781905805202,3001.7217,8.6,0,0,0
2026-06-19 16:50:05.242,1781905805242,3001.7217,9.1,0,1,0
2026-06-19 16:50:05.282,1781905805282,3001.7217,9.2,0,1,0
2026-06-19 16:50:05.321,1781905805321,3001.7217,9.1,0,1,0
2026-06-19 16:50:05.361,1781905805361,3052.1543,9.1,0,0,0
2026-06-19 16:50:05.402,1781905805402,3052.1543,9.5,0,1,0
2026-06-19 16:50:05.442,1781905805442,3052.1543,9.9,0,0,0
2026-06-19 16:50:05.482,1781905805482,3052.1543,10.4,0,1,0
2026-06-19 16:50:05.522,1781905805522,3052.1543,12.2,0,0,0
2026-06-19 16:50:05.562,1781905805562,3052.1543,12.2,0,1,0
2026-06-19 16:50:05.602,1781905805602,3052.1543,13.1,0,1,0
2026-06-19 16:50:05.642,1781905805642,3464.6064,13.6,0,1,0
2026-06-19 16:50:05.682,1781905805682,3464.6064,9.7,0,1,0
2026-06-19 16:50:05.722,1781905805722,3464.6064,8.1,0,1,0
2026-06-19 16:50:05.761,1781905805761,3464.6064,8.2,0,1,0
2026-06-19 16:50:05.802,1781905805802,3464.6064,8.1,0,1,0
2026-06-19 16:50:05.842,1781905805842,3464.6064,8.2,0,1,0
2026-06-19 16:50:05.882,1781905805882,2346.0898,8.2,0,1,0
2026-06-19 16:50:05.922,1781905805922,2346.0898,8.3,0,1,0
2026-06-19 16:50:05.962,1781905805962,2346.0898,8.3,0,1,0
2026-06-19 16:50:06.001,1781905806001,2346.0898,7.9,0,1,0
2026-06-19 16:50:06.042,1781905806042,2346.0898,7.8,0,1,0
2026-06-19 16:50:06.082,1781905806082,2346.0898,6.4,0,1,0
2026-06-19 16:50:06.121,1781905806121,2346.0898,6.0,0,1,0
2026-06-19 16:50:06.161,1781905806162,2323.3413,6.8,0,1,0
2026-06-19 16:50:06.202,1781905806202,2323.3413,6.9,0,1,0
2026-06-19 16:50:06.242,1781905806242,2323.3413,6.3,0,0,0
2026-06-19 16:50:06.282,1781905806282,2323.3413,6.9,0,1,0
2026-06-19 16:50:06.322,1781905806322,2323.3413,6.9,0,0,0
2026-06-19 16:50:06.361,1781905806361,2323.3413,6.9,0,1,0
2026-06-19 16:50:06.402,1781905806402,2619.3906,6.8,0,1,0
2026-06-19 16:50:06.442,1781905806442,2619.3906,6.8,0,1,0
2026-06-19 16:50:06.482,1781905806482,2619.3906,6.9,0,1,0
2026-06-19 16:50:06.521,1781905806521,2619.3906,6.8,0,1,0
2026-06-19 16:50:06.561,1781905806562,2619.3906,6.0,0,1,0
2026-06-19 16:50:06.602,1781905806602,2619.3906,6.0,0,1,0
2026-06-19 16:50:06.641,1781905806642,2619.3906,6.3,0,1,0
2026-06-19 16:50:06.682,1781905806682,2674.1099,7.6,0,1,0
2026-06-19 16:50:06.722,1781905806722,2674.1099,7.6,0,1,0
2026-06-19 16:50:06.762,1781905806762,2674.1099,7.7,0,1,0
2026-06-19 16:50:06.802,1781905806802,2674.1099,7.6,0,1,0
2026-06-19 16:50:06.842,1781905806842,2674.1099,7.7,0,1,0
2026-06-19 16:50:06.882,1781905806882,2674.1099,7.7,0,1,0
2026-06-19 16:50:06.922,1781905806922,2551.7156,7.6,0,1,0
2026-06-19 16:50:06.962,1781905806962,2551.7156,8.0,0,1,0
2026-06-19 16:50:07.002,1781905807002,2551.7156,7.6,0,1,0
2026-06-19 16:50:07.042,1781905807042,2551.7156,8.0,0,1,0
2026-06-19 16:50:07.082,1781905807082,2551.7156,7.6,0,1,0
2026-06-19 16:50:07.122,1781905807122,2551.7156,7.7,0,1,0
2026-06-19 16:50:07.162,1781905807162,2551.7156,7.1,0,1,0
2026-06-19 16:50:07.201,1781905807201,3192.9612,8.0,0,1,0
2026-06-19 16:50:07.242,1781905807242,3192.9612,6.7,0,1,0
2026-06-19 16:50:07.281,1781905807281,3192.9612,7.1,0,1,0
2026-06-19 16:50:07.322,1781905807322,3192.9612,7.1,0,1,0
2026-06-19 16:50:07.362,1781905807362,3192.9612,8.0,0,1,0
2026-06-19 16:50:07.402,1781905807402,3192.9612,7.1,0,1,0
2026-06-19 16:50:07.442,1781905807442,2699.9050,7.1,0,1,0
2026-06-19 16:50:07.482,1781905807482,2699.9050,8.0,0,1,0
2026-06-19 16:50:07.522,1781905807522,2699.9050,7.6,0,1,0
2026-06-19 16:50:07.562,1781905807562,2699.9050,7.2,0,1,0
2026-06-19 16:50:07.602,1781905807602,2699.9050,6.7,0,1,0
2026-06-19 16:50:07.642,1781905807642,2699.9050,7.1,0,1,0
2026-06-19 16:50:07.682,1781905807682,2699.9050,6.8,0,1,0
2026-06-19 16:50:07.722,1781905807722,3067.3379,7.6,0,1,0
2026-06-19 16:50:07.762,1781905807762,3067.3379,6.3,0,1,0
2026-06-19 16:50:07.802,1781905807802,3067.3379,7.6,0,1,0
2026-06-19 16:50:07.842,1781905807842,3067.3379,7.7,0,1,0
2026-06-19 16:50:07.882,1781905807882,3067.3379,6.7,0,1,0
2026-06-19 16:50:07.922,1781905807922,3067.3379,7.6,0,1,0
2026-06-19 16:50:07.962,1781905807962,2820.8567,7.6,0,1,0
2026-06-19 16:50:08.001,1781905808001,2820.8567,8.0,0,1,0
2026-06-19 16:50:08.042,1781905808042,2820.8567,7.5,0,1,0
2026-06-19 16:50:08.082,1781905808082,2820.8567,7.7,0,1,0
2026-06-19 16:50:08.121,1781905808121,2820.8567,7.6,0,1,0
2026-06-19 16:50:08.161,1781905808162,2820.8567,7.2,0,1,0
2026-06-19 16:50:08.201,1781905808201,2820.8567,8.9,0,1,0
2026-06-19 16:50:08.242,1781905808242,2827.5139,7.6,0,1,0
2026-06-19 16:50:08.282,1781905808282,2827.5139,8.0,0,1,0
2026-06-19 16:50:08.322,1781905808322,2827.5139,7.6,0,1,0
2026-06-19 16:50:08.362,1781905808362,2827.5139,8.9,0,1,0
2026-06-19 16:50:08.402,1781905808402,2827.5139,11.6,0,1,0
2026-06-19 16:50:08.442,1781905808442,2827.5139,12.5,0,1,0
2026-06-19 16:50:08.482,1781905808482,2811.2424,13.4,0,1,0
2026-06-19 16:50:08.522,1781905808522,2811.2424,13.4,0,1,0
2026-06-19 16:50:08.562,1781905808562,2811.2424,13.4,0,1,0
2026-06-19 16:50:08.602,1781905808602,2811.2424,13.0,0,1,0
2026-06-19 16:50:08.642,1781905808642,2811.2424,9.0,0,1,0
2026-06-19 16:50:08.682,1781905808682,2811.2424,8.0,0,1,0
2026-06-19 16:50:08.722,1781905808722,2811.2424,8.1,0,1,0
2026-06-19 16:50:08.762,1781905808762,2439.8640,9.0,0,1,0
2026-06-19 16:50:08.802,1781905808802,2439.8640,9.0,0,1,0
2026-06-19 16:50:08.842,1781905808842,2439.8640,9.0,0,1,0
2026-06-19 16:50:08.882,1781905808882,2439.8640,8.2,0,1,0
2026-06-19 16:50:08.922,1781905808922,2439.8640,8.1,0,1,0
2026-06-19 16:50:08.962,1781905808962,2439.8640,8.6,0,1,0
2026-06-19 16:50:09.002,1781905809002,2518.2773,8.1,0,1,0
2026-06-19 16:50:09.042,1781905809042,2518.2773,8.6,0,1,0
2026-06-19 16:50:09.082,1781905809082,2518.2773,8.7,0,1,0
2026-06-19 16:50:09.122,1781905809122,2518.2773,8.1,0,1,0
2026-06-19 16:50:09.161,1781905809161,2518.2773,8.6,0,1,0
2026-06-19 16:50:09.201,1781905809201,2518.2773,8.1,0,1,0
2026-06-19 16:50:09.242,1781905809242,2518.2773,8.0,0,1,0
2026-06-19 16:50:09.282,1781905809282,2461.9951,8.1,0,1,0
2026-06-19 16:50:09.322,1781905809322,2461.9951,7.8,0,1,0
2026-06-19 16:50:09.362,1781905809362,2461.9951,7.8,0,1,0
2026-06-19 16:50:09.402,1781905809402,2461.9951,8.1,0,1,0
2026-06-19 16:50:09.442,1781905809442,2461.9951,7.7,0,1,0
2026-06-19 16:50:09.482,1781905809482,2461.9951,7.2,0,1,0
2026-06-19 16:50:09.522,1781905809522,2748.3284,7.6,0,1,0
2026-06-19 16:50:09.562,1781905809562,2748.3284,7.3,0,1,0
2026-06-19 16:50:09.602,1781905809602,2748.3284,7.2,0,1,0
2026-06-19 16:50:09.642,1781905809642,2748.3284,7.7,0,1,0
2026-06-19 16:50:09.682,1781905809682,2748.3284,7.3,0,1,0
2026-06-19 16:50:09.721,1781905809721,2748.3284,6.3,0,1,0
2026-06-19 16:50:09.762,1781905809762,2748.3284,6.3,0,1,0
2026-06-19 16:50:09.802,1781905809802,2697.6824,6.8,0,1,0
2026-06-19 16:50:09.842,1781905809842,2697.6824,7.8,0,1,0
2026-06-19 16:50:09.882,1781905809882,2697.6824,7.8,0,1,0
2026-06-19 16:50:09.922,1781905809922,2697.6824,6.8,0,1,0
2026-06-19 16:50:09.962,1781905809962,2697.6824,6.8,0,1,0
2026-06-19 16:50:10.002,1781905810002,2697.6824,6.9,0,1,0
2026-06-19 16:50:10.042,1781905810042,2973.4502,6.8,0,1,0
2026-06-19 16:50:10.082,1781905810082,2973.4502,7.2,0,1,0
2026-06-19 16:50:10.122,1781905810122,2973.4502,7.6,0,1,0
2026-06-19 16:50:10.162,1781905810162,2973.4502,9.0,0,1,0
2026-06-19 16:50:10.202,1781905810202,2973.4502,8.0,0,1,0
2026-06-19 16:50:10.242,1781905810242,2973.4502,6.8,0,1,0
2026-06-19 16:50:10.282,1781905810282,2973.4502,6.9,0,1,0
2026-06-19 16:50:10.322,1781905810322,2564.7673,8.1,0,1,0
2026-06-19 16:50:10.362,1781905810362,2564.7673,7.8,0,1,0
2026-06-19 16:50:10.402,1781905810402,2564.7673,6.8,0,1,0
2026-06-19 16:50:10.442,1781905810442,2564.7673,6.8,0,1,0
2026-06-19 16:50:10.482,1781905810482,2564.7673,8.0,0,1,0
2026-06-19 16:50:10.522,1781905810522,2564.7673,10.4,0,1,0
2026-06-19 16:50:10.562,1781905810562,2835.8542,6.8,0,1,0
2026-06-19 16:50:10.602,1781905810602,2835.8542,10.8,0,1,0
2026-06-19 16:50:10.642,1781905810642,2835.8542,10.8,0,1,0
2026-06-19 16:50:10.682,1781905810682,2835.8542,6.8,0,1,0
2026-06-19 16:50:10.722,1781905810722,2835.8542,6.8,0,1,0
2026-06-19 16:50:10.762,1781905810762,2835.8542,6.8,0,1,0
2026-06-19 16:50:10.802,1781905810802,2835.8542,6.9,0,1,0
2026-06-19 16:50:10.842,1781905810842,2645.4111,11.2,0,1,0
2026-06-19 16:50:10.882,1781905810882,2645.4111,9.0,0,1,0
2026-06-19 16:50:10.922,1781905810922,2645.4111,6.4,0,1,0
2026-06-19 16:50:10.962,1781905810962,2645.4111,9.0,0,1,0
2026-06-19 16:50:11.002,1781905811002,2645.4111,6.7,0,1,0
2026-06-19 16:50:11.042,1781905811042,2645.4111,8.1,0,1,0
2026-06-19 16:50:11.082,1781905811082,2497.4277,6.8,0,1,0
2026-06-19 16:50:11.122,1781905811122,2497.4277,7.6,0,1,0
2026-06-19 16:50:11.162,1781905811162,2497.4277,7.7,0,1,0
2026-06-19 16:50:11.202,1781905811202,2497.4277,8.6,0,1,0
2026-06-19 16:50:11.242,1781905811242,2497.4277,6.8,0,1,0
2026-06-19 16:50:11.281,1781905811281,2497.4277,7.7,0,1,0
2026-06-19 16:50:11.322,1781905811322,2497.4277,6.8,0,1,0
2026-06-19 16:50:11.362,1781905811362,2731.9265,6.3,0,1,0
2026-06-19 16:50:11.402,1781905811402,2731.9265,6.3,0,1,0
2026-06-19 16:50:11.442,1781905811442,2731.9265,6.9,0,1,0
2026-06-19 16:50:11.482,1781905811482,2731.9265,7.7,0,1,0
2026-06-19 16:50:11.522,1781905811522,2731.9265,7.5,0,1,0
2026-06-19 16:50:11.562,1781905811562,2731.9265,7.8,0,1,0
2026-06-19 16:50:11.602,1781905811602,2394.4158,7.6,0,1,0
2026-06-19 16:50:11.642,1781905811642,2394.4158,7.7,0,1,0
2026-06-19 16:50:11.682,1781905811682,2394.4158,7.7,0,1,0
2026-06-19 16:50:11.722,1781905811722,2394.4158,7.7,0,1,0
2026-06-19 16:50:11.762,1781905811762,2394.4158,6.4,0,1,0
2026-06-19 16:50:11.802,1781905811802,2394.4158,9.1,0,1,0
2026-06-19 16:50:11.842,1781905811842,2394.4158,7.7,0,1,0
2026-06-19 16:50:11.882,1781905811882,2697.5166,9.8,0,1,0
2026-06-19 16:50:11.922,1781905811922,2697.5166,12.5,0,1,0
2026-06-19 16:50:11.962,1781905811962,2697.5166,13.1,0,1,0
2026-06-19 16:50:12.002,1781905812002,2697.5166,14.0,0,1,0
2026-06-19 16:50:12.042,1781905812042,2697.5166,15.4,0,1,0
2026-06-19 16:50:12.082,1781905812082,2697.5166,17.2,0,1,0
2026-06-19 16:50:12.122,1781905812122,2340.0588,14.5,0,1,0
2026-06-19 16:50:12.162,1781905812162,2340.0588,15.0,0,1,0
2026-06-19 16:50:12.202,1781905812202,2340.0588,12.2,0,1,0
2026-06-19 16:50:12.242,1781905812242,2340.0588,9.6,0,1,0
2026-06-19 16:50:12.282,1781905812282,2340.0588,8.4,0,1,0
2026-06-19 16:50:12.322,1781905812322,2340.0588,7.9,0,1,0
2026-06-19 16:50:12.362,1781905812362,2340.0588,6.2,0,1,0
2026-06-19 16:50:12.402,1781905812402,2180.8655,6.8,0,1,0
2026-06-19 16:50:12.442,1781905812442,2180.8655,7.1,0,1,0
2026-06-19 16:50:12.482,1781905812482,2180.8655,8.0,0,1,0
2026-06-19 16:50:12.522,1781905812522,2180.8655,7.6,0,1,0
2026-06-19 16:50:12.562,1781905812562,2180.8655,7.5,0,1,0
2026-06-19 16:50:12.602,1781905812602,2180.8655,7.5,0,1,0
2026-06-19 16:50:12.642,1781905812642,2617.5857,7.5,0,1,0
2026-06-19 16:50:12.682,1781905812682,2617.5857,7.9,0,1,0
2026-06-19 16:50:12.722,1781905812722,2617.5857,7.8,0,1,0
2026-06-19 16:50:12.762,1781905812762,2617.5857,7.9,0,1,0
2026-06-19 16:50:12.802,1781905812802,2617.5857,7.9,0,1,0
2026-06-19 16:50:12.842,1781905812842,2617.5857,7.5,0,1,0
2026-06-19 16:50:12.882,1781905812882,2617.5857,7.9,0,1,0
2026-06-19 16:50:12.922,1781905812922,2732.7690,7.9,0,1,0
2026-06-19 16:50:12.962,1781905812962,2732.7690,7.4,0,1,0
2026-06-19 16:50:13.002,1781905813002,2732.7690,7.6,0,1,0
2026-06-19 16:50:13.042,1781905813042,2732.7690,7.4,0,1,0
2026-06-19 16:50:13.082,1781905813082,2732.7690,7.9,0,1,0
2026-06-19 16:50:13.122,1781905813122,2732.7690,7.1,0,1,0
2026-06-19 16:50:13.162,1781905813162,2315.1357,7.9,0,1,0
2026-06-19 16:50:13.202,1781905813202,2315.1357,7.5,0,1,0
2026-06-19 16:50:13.242,1781905813242,2315.1357,7.1,0,1,0
2026-06-19 16:50:13.282,1781905813282,2315.1357,7.1,0,1,0
2026-06-19 16:50:13.322,1781905813322,2315.1357,7.1,0,1,0
2026-06-19 16:50:13.362,1781905813362,2315.1357,7.6,0,1,0
2026-06-19 16:50:13.402,1781905813402,2315.1357,7.5,0,1,0
2026-06-19 16:50:13.442,1781905813442,2397.3777,7.1,0,1,0
2026-06-19 16:50:13.482,1781905813482,2397.3777,7.5,0,1,0
2026-06-19 16:50:13.522,1781905813522,2397.3777,7.9,0,1,0
2026-06-19 16:50:13.562,1781905813562,2397.3777,7.6,0,1,0
2026-06-19 16:50:13.602,1781905813602,2397.3777,7.2,0,1,0
2026-06-19 16:50:13.642,1781905813642,2397.3777,6.7,0,1,0
2026-06-19 16:50:13.682,1781905813682,2441.3984,6.7,0,1,0
2026-06-19 16:50:13.722,1781905813722,2441.3984,6.8,0,1,0
2026-06-19 16:50:13.762,1781905813762,2441.3984,7.5,0,1,0
2026-06-19 16:50:13.802,1781905813802,2441.3984,7.7,0,1,0
2026-06-19 16:50:13.842,1781905813842,2441.3984,7.2,0,1,0
2026-06-19 16:50:13.882,1781905813882,2441.3984,7.2,0,1,0
2026-06-19 16:50:13.922,1781905813922,2441.3984,6.8,0,1,0
2026-06-19 16:50:13.962,1781905813962,2499.5728,7.2,0,1,0
2026-06-19 16:50:14.002,1781905814002,2499.5728,7.2,0,1,0
2026-06-19 16:50:14.042,1781905814042,2499.5728,7.1,0,1,0
2026-06-19 16:50:14.082,1781905814082,2499.5728,7.2,0,1,0
2026-06-19 16:50:14.122,1781905814122,2499.5728,7.2,0,1,0
2026-06-19 16:50:14.162,1781905814162,2499.5728,7.2,0,1,0
2026-06-19 16:50:14.202,1781905814202,2221.2710,7.2,0,1,0
2026-06-19 16:50:14.242,1781905814242,2221.2710,7.2,0,1,0
2026-06-19 16:50:14.282,1781905814282,2221.2710,7.1,0,1,0
2026-06-19 16:50:14.322,1781905814322,2221.2710,7.7,0,1,0
2026-06-19 16:50:14.362,1781905814362,2221.2710,7.3,0,1,0
2026-06-19 16:50:14.402,1781905814402,2221.2710,7.7,0,1,0
2026-06-19 16:50:14.442,1781905814442,2221.2710,7.7,0,1,0
2026-06-19 16:50:14.482,1781905814482,2272.7493,7.2,0,1,0
2026-06-19 16:50:14.522,1781905814522,2272.7493,7.1,0,1,0
2026-06-19 16:50:14.562,1781905814562,2272.7493,7.6,0,1,0
2026-06-19 16:50:14.602,1781905814602,2272.7493,6.8,0,1,0
2026-06-19 16:50:14.642,1781905814642,2272.7493,7.2,0,1,0
2026-06-19 16:50:14.682,1781905814682,2272.7493,7.6,0,1,0
2026-06-19 16:50:14.722,1781905814722,2197.2893,7.2,0,1,0
2026-06-19 16:50:14.762,1781905814762,2197.2893,7.2,0,1,0
2026-06-19 16:50:14.802,1781905814802,2197.2893,7.6,0,1,0
2026-06-19 16:50:14.842,1781905814842,2197.2893,7.2,0,1,0
2026-06-19 16:50:14.882,1781905814882,2197.2893,7.2,0,1,0
2026-06-19 16:50:14.922,1781905814922,2197.2893,7.2,0,1,0
2026-06-19 16:50:14.962,1781905814962,2197.2893,7.2,0,1,0
2026-06-19 16:50:15.002,1781905815002,2404.9258,7.1,0,1,0
2026-06-19 16:50:15.042,1781905815042,2404.9258,7.1,0,1,0
2026-06-19 16:50:15.082,1781905815082,2404.9258,7.9,0,1,0
2026-06-19 16:50:15.122,1781905815122,2404.9258,7.6,0,1,0
2026-06-19 16:50:15.162,1781905815162,2404.9258,7.9,0,1,0
2026-06-19 16:50:15.202,1781905815202,2404.9258,7.5,0,1,0
2026-06-19 16:50:15.242,1781905815242,2590.4143,7.5,0,1,0
2026-06-19 16:50:15.282,1781905815282,2590.4143,7.6,0,1,0
2026-06-19 16:50:15.322,1781905815322,2590.4143,7.6,0,1,0
2026-06-19 16:50:15.362,1781905815362,2590.4143,7.1,0,1,0
2026-06-19 16:50:15.402,1781905815402,2590.4143,7.6,0,1,0
2026-06-19 16:50:15.442,1781905815442,2590.4143,7.6,0,1,0
2026-06-19 16:50:15.482,1781905815482,2590.4143,7.6,0,1,0
2026-06-19 16:50:15.522,1781905815522,2382.1824,7.5,0,1,0
2026-06-19 16:50:15.562,1781905815562,2382.1824,7.1,0,1,0
2026-06-19 16:50:15.602,1781905815602,2382.1824,7.6,0,1,0
2026-06-19 16:50:15.642,1781905815642,2382.1824,7.1,0,1,0
2026-06-19 16:50:15.682,1781905815682,2382.1824,7.2,0,1,0
2026-06-19 16:50:15.722,1781905815722,2382.1824,6.2,0,1,0
2026-06-19 16:50:15.762,1781905815762,2468.7134,7.7,0,1,0
2026-06-19 16:50:15.802,1781905815802,2468.7134,8.8,0,1,0
2026-06-19 16:50:15.842,1781905815842,2468.7134,8.8,0,1,0
2026-06-19 16:50:15.882,1781905815882,2468.7134,10.5,0,1,0
2026-06-19 16:50:15.922,1781905815922,2468.7134,10.5,0,1,0
2026-06-19 16:50:15.962,1781905815962,2468.7134,10.4,0,1,0
2026-06-19 16:50:16.002,1781905816002,2468.7134,9.9,0,1,0
2026-06-19 16:50:16.042,1781905816042,1852.3433,9.9,0,1,0
2026-06-19 16:50:16.082,1781905816082,1852.3433,9.5,0,1,0
2026-06-19 16:50:16.122,1781905816122,1852.3433,9.5,0,1,0
2026-06-19 16:50:16.162,1781905816162,1852.3433,9.9,0,1,0
2026-06-19 16:50:16.202,1781905816202,1852.3433,10.4,0,1,0
2026-06-19 16:50:16.242,1781905816242,1852.3433,9.9,0,1,0
2026-06-19 16:50:16.282,1781905816282,2214.3594,9.9,0,1,0
2026-06-19 16:50:16.322,1781905816322,2214.3594,9.8,0,1,0
2026-06-19 16:50:16.362,1781905816362,2214.3594,10.7,0,1,0
2026-06-19 16:50:16.402,1781905816402,2214.3594,10.8,0,1,0
2026-06-19 16:50:16.442,1781905816442,2214.3594,10.4,0,1,0
2026-06-19 16:50:16.482,1781905816482,2214.3594,9.9,0,1,0
2026-06-19 16:50:16.522,1781905816522,2214.3594,10.7,0,1,0
2026-06-19 16:50:16.562,1781905816562,2223.6948,9.9,0,1,0
2026-06-19 16:50:16.602,1781905816602,2223.6948,10.3,0,1,0
2026-06-19 16:50:16.642,1781905816642,2223.6948,9.8,0,1,0
2026-06-19 16:50:16.682,1781905816682,2223.6948,10.3,0,1,0
2026-06-19 16:50:16.722,1781905816722,2223.6948,10.7,0,1,0
2026-06-19 16:50:16.762,1781905816762,2223.6948,11.2,0,1,0
2026-06-19 16:50:16.802,1781905816802,2120.5757,10.3,0,1,0
2026-06-19 16:50:16.842,1781905816842,2120.5757,9.8,0,1,0
2026-06-19 16:50:16.882,1781905816882,2120.5757,10.3,0,1,0
2026-06-19 16:50:16.922,1781905816922,2120.5757,9.8,0,1,0
2026-06-19 16:50:16.962,1781905816962,2120.5757,9.9,0,1,0
2026-06-19 16:50:17.002,1781905817002,2120.5757,9.9,0,1,0
2026-06-19 16:50:17.042,1781905817042,2120.5757,10.7,0,1,0
2026-06-19 16:50:17.082,1781905817082,2106.8030,9.1,0,1,0
2026-06-19 16:50:17.122,1781905817122,2106.8030,8.2,0,1,0
2026-06-19 16:50:17.162,1781905817162,2106.8030,8.4,0,1,0
2026-06-19 16:50:17.202,1781905817202,2106.8030,7.8,0,1,0
2026-06-19 16:50:17.242,1781905817242,2106.8030,8.3,0,1,0
2026-06-19 16:50:17.282,1781905817282,2106.8030,7.9,0,1,0
2026-06-19 16:50:17.322,1781905817322,1893.1570,8.3,0,1,0
2026-06-19 16:50:17.362,1781905817362,1893.1570,8.2,0,1,0
2026-06-19 16:50:17.402,1781905817402,1893.1570,8.2,0,1,0
2026-06-19 16:50:17.442,1781905817442,1893.1570,8.3,0,1,0
2026-06-19 16:50:17.482,1781905817482,1893.1570,8.3,0,1,0
2026-06-19 16:50:17.522,1781905817522,1893.1570,8.7,0,1,0
2026-06-19 16:50:17.562,1781905817562,1893.1570,8.7,0,1,0
2026-06-19 16:50:17.602,1781905817602,1785.4617,8.2,0,1,0
2026-06-19 16:50:17.642,1781905817642,1785.4617,8.3,0,1,0
2026-06-19 16:50:17.682,1781905817682,1785.4617,8.3,0,1,0
2026-06-19 16:50:17.722,1781905817722,1785.4617,8.4,0,1,0
2026-06-19 16:50:17.762,1781905817762,1785.4617,8.3,0,1,0
2026-06-19 16:50:17.802,1781905817802,1785.4617,8.4,0,1,0
2026-06-19 16:50:17.842,1781905817842,1900.4050,8.2,0,1,0
2026-06-19 16:50:17.882,1781905817882,1900.4050,8.2,0,1,0
2026-06-19 16:50:17.922,1781905817922,1900.4050,8.3,0,1,0
2026-06-19 16:50:17.962,1781905817962,1900.4050,8.4,0,1,0
2026-06-19 16:50:18.002,1781905818002,1900.4050,8.2,0,1,0
2026-06-19 16:50:18.042,1781905818042,1900.4050,7.9,0,1,0
2026-06-19 16:50:18.082,1781905818082,1900.4050,7.6,0,1,0
2026-06-19 16:50:18.122,1781905818122,2122.6460,9.0,0,1,0
2026-06-19 16:50:18.162,1781905818162,2122.6460,10.2,0,1,0
2026-06-19 16:50:18.202,1781905818202,2122.6460,9.4,0,1,0
2026-06-19 16:50:18.242,1781905818242,2122.6460,9.4,0,1,0
2026-06-19 16:50:18.282,1781905818282,2122.6460,8.5,0,1,0
2026-06-19 16:50:18.322,1781905818322,2122.6460,9.1,0,1,0
2026-06-19 16:50:18.362,1781905818362,1528.1732,10.5,0,1,0
2026-06-19 16:50:18.402,1781905818402,1528.1732,10.4,0,1,0
2026-06-19 16:50:18.442,1781905818442,1528.1732,9.9,0,1,0
2026-06-19 16:50:18.482,1781905818482,1528.1732,10.8,0,1,0
2026-06-19 16:50:18.522,1781905818522,1528.1732,10.4,0,1,0
2026-06-19 16:50:18.562,1781905818562,1528.1732,9.9,0,1,0
2026-06-19 16:50:18.602,1781905818602,1528.1732,10.9,0,1,0
2026-06-19 16:50:18.642,1781905818642,2229.5066,11.3,0,1,0
2026-06-19 16:50:18.682,1781905818682,2229.5066,10.4,0,1,0
2026-06-19 16:50:18.722,1781905818722,2229.5066,11.3,0,1,0
2026-06-19 16:50:18.762,1781905818762,2229.5066,11.2,0,1,0
2026-06-19 16:50:18.802,1781905818802,2229.5066,11.3,0,1,0
2026-06-19 16:50:18.842,1781905818842,2229.5066,11.6,0,1,0
2026-06-19 16:50:18.882,1781905818882,2016.4028,11.6,0,1,0
2026-06-19 16:50:18.922,1781905818922,2016.4028,7.2,0,1,0
2026-06-19 16:50:18.962,1781905818962,2016.4028,12.0,0,1,0
2026-06-19 16:50:19.002,1781905819002,2016.4028,16.8,0,1,0
2026-06-19 16:50:19.042,1781905819042,2016.4028,14.2,0,1,0
2026-06-19 16:50:19.082,1781905819082,2016.4028,8.1,0,1,0
2026-06-19 16:50:19.122,1781905819122,2016.4028,16.8,0,1,0
2026-06-19 16:50:19.162,1781905819162,2235.9019,6.3,0,1,0
2026-06-19 16:50:19.202,1781905819202,2235.9019,18.0,0,1,0
2026-06-19 16:50:19.242,1781905819242,2235.9019,18.5,0,1,0
2026-06-19 16:50:19.282,1781905819282,2235.9019,18.1,0,1,0
2026-06-19 16:50:19.322,1781905819322,2235.9019,17.7,0,1,0
2026-06-19 16:50:19.362,1781905819362,2235.9019,18.2,0,1,0
2026-06-19 16:50:19.402,1781905819402,2253.3066,6.8,0,1,0
2026-06-19 16:50:19.442,1781905819442,2253.3066,10.7,0,1,0
2026-06-19 16:50:19.482,1781905819482,2253.3066,11.6,0,1,0
2026-06-19 16:50:19.522,1781905819522,2253.3066,11.1,0,1,0
2026-06-19 16:50:19.562,1781905819562,2253.3066,9.8,0,1,0
2026-06-19 16:50:19.602,1781905819602,2253.3066,9.0,0,1,0
2026-06-19 16:50:19.642,1781905819642,2253.3066,9.8,0,1,0
2026-06-19 16:50:19.682,1781905819682,2333.7156,11.9,0,1,0
2026-06-19 16:50:19.722,1781905819722,2333.7156,8.1,0,1,0
2026-06-19 16:50:19.762,1781905819762,2333.7156,8.6,0,1,0
2026-06-19 16:50:19.802,1781905819802,2333.7156,8.1,0,1,0
2026-06-19 16:50:19.842,1781905819842,2333.7156,7.7,0,1,0
2026-06-19 16:50:19.882,1781905819882,2333.7156,7.9,0,1,0
2026-06-19 16:50:19.922,1781905819922,2131.0913,7.8,0,1,0
2026-06-19 16:50:19.962,1781905819962,2131.0913,8.3,0,1,0
2026-06-19 16:50:20.002,1781905820002,2131.0913,9.5,0,1,0
2026-06-19 16:50:20.042,1781905820042,2131.0913,11.4,0,1,0
2026-06-19 16:50:20.082,1781905820082,2131.0913,10.5,0,1,0
2026-06-19 16:50:20.122,1781905820122,2131.0913,11.2,0,0,0
2026-06-19 16:50:20.162,1781905820162,2131.0913,11.3,0,0,0
2026-06-19 16:50:20.202,1781905820202,1967.9390,10.4,0,0,0
2026-06-19 16:50:20.242,1781905820242,1967.9390,11.7,0,0,0
2026-06-19 16:50:20.285,1781905820285,1967.9390,10.4,0,0,0
2026-06-19 16:50:20.322,1781905820322,1967.9390,11.4,0,0,0
2026-06-19 16:50:20.362,1781905820362,1967.9390,11.8,0,0,0
2026-06-19 16:50:20.402,1781905820402,1967.9390,10.8,0,0,0
2026-06-19 16:50:20.442,1781905820442,1968.2471,12.1,0,0,0
2026-06-19 16:50:20.482,1781905820482,1968.2471,11.4,0,0,0
2026-06-19 16:50:20.522,1781905820522,1968.2471,10.7,0,0,0
2026-06-19 16:50:20.562,1781905820562,1968.2471,11.3,0,0,0
2026-06-19 16:50:20.602,1781905820602,1968.2471,11.7,0,0,0
2026-06-19 16:50:20.642,1781905820642,1968.2471,11.8,0,0,0
2026-06-19 16:50:20.682,1781905820682,1968.2471,11.3,0,0,0
2026-06-19 16:50:20.722,1781905820722,2076.3206,11.2,0,0,0
2026-06-19 16:50:20.762,1781905820762,2076.3206,11.8,0,0,0
2026-06-19 16:50:20.802,1781905820802,2076.3206,10.9,0,0,0
2026-06-19 16:50:20.842,1781905820842,2076.3206,10.9,0,0,0
2026-06-19 16:50:20.882,1781905820882,2076.3206,11.3,0,0,0
2026-06-19 16:50:20.922,1781905820922,2076.3206,11.3,0,0,0
2026-06-19 16:50:20.963,1781905820963,1968.5881,10.8,0,0,0
2026-06-19 16:50:21.002,1781905821002,1968.5881,11.3,0,0,0
2026-06-19 16:50:21.042,1781905821043,1968.5881,10.4,0,0,0
2026-06-19 16:50:21.082,1781905821082,1968.5881,11.2,0,0,0
2026-06-19 16:50:21.122,1781905821122,1968.5881,10.4,0,0,0
2026-06-19 16:50:21.162,1781905821162,1968.5881,11.3,0,0,0
2026-06-19 16:50:21.202,1781905821202,1968.5881,11.6,0,0,0
2026-06-19 16:50:21.243,1781905821243,2175.7986,10.4,0,0,0
2026-06-19 16:50:21.282,1781905821282,2175.7986,10.3,0,0,0
2026-06-19 16:50:21.322,1781905821322,2175.7986,11.2,0,0,0
2026-06-19 16:50:21.362,1781905821362,2175.7986,11.4,0,0,0
2026-06-19 16:50:21.402,1781905821402,2175.7986,11.3,0,0,0
2026-06-19 16:50:21.442,1781905821442,2175.7986,11.7,0,0,0
2026-06-19 16:50:21.482,1781905821482,2126.5183,11.2,0,0,0
2026-06-19 16:50:21.522,1781905821522,2126.5183,11.4,0,0,0
2026-06-19 16:50:21.562,1781905821562,2126.5183,10.8,0,0,0
2026-06-19 16:50:21.602,1781905821602,2126.5183,10.4,0,0,0
2026-06-19 16:50:21.642,1781905821642,2126.5183,11.4,0,0,0
2026-06-19 16:50:21.682,1781905821682,2126.5183,11.7,0,0,0
2026-06-19 16:50:21.722,1781905821722,2126.5183,11.3,0,0,0
2026-06-19 16:50:21.762,1781905821762,1983.8149,11.7,0,0,0
2026-06-19 16:50:21.802,1781905821802,1983.8149,11.3,0,0,0
2026-06-19 16:50:21.842,1781905821842,1983.8149,11.7,0,0,0
2026-06-19 16:50:21.882,1781905821882,1983.8149,11.4,0,0,0
2026-06-19 16:50:21.922,1781905821922,1983.8149,10.5,0,0,0
2026-06-19 16:50:21.962,1781905821962,1983.8149,10.9,0,0,0
2026-06-19 16:50:22.002,1781905822002,2186.0193,11.3,0,0,0
2026-06-19 16:50:22.042,1781905822042,2186.0193,11.4,0,0,0
2026-06-19 16:50:22.082,1781905822082,2186.0193,11.7,0,0,0
2026-06-19 16:50:22.122,1781905822122,2186.0193,11.3,0,0,0
2026-06-19 16:50:22.162,1781905822162,2186.0193,10.4,0,0,0
2026-06-19 16:50:22.202,1781905822202,2186.0193,11.3,0,0,0
2026-06-19 16:50:22.242,1781905822242,2186.0193,11.3,0,0,0
2026-06-19 16:50:22.282,1781905822282,2116.6758,11.3,0,0,0
2026-06-19 16:50:22.322,1781905822322,2116.6758,11.3,0,0,0
2026-06-19 16:50:22.362,1781905822362,2116.6758,10.4,0,0,0
2026-06-19 16:50:22.402,1781905822402,2116.6758,11.7,0,0,0
2026-06-19 16:50:22.442,1781905822442,2116.6758,11.7,0,0,0
2026-06-19 16:50:22.482,1781905822482,2116.6758,11.7,0,0,0
2026-06-19 16:50:22.522,1781905822522,2056.8777,11.3,0,0,0
2026-06-19 16:50:22.562,1781905822562,2056.8777,11.7,0,1,0
2026-06-19 16:50:22.603,1781905822603,2056.8777,10.8,0,1,0
2026-06-19 16:50:22.642,1781905822642,2056.8777,11.2,0,1,0
2026-06-19 16:50:22.682,1781905822682,2056.8777,10.8,0,1,0
2026-06-19 16:50:22.722,1781905822723,2056.8777,11.3,0,1,0
2026-06-19 16:50:22.762,1781905822762,2056.8777,11.3,0,1,0
2026-06-19 16:50:22.802,1781905822802,2294.6069,11.2,0,1,0
2026-06-19 16:50:22.842,1781905822842,2294.6069,10.8,0,1,0
2026-06-19 16:50:22.883,1781905822883,2294.6069,10.8,0,1,0
2026-06-19 16:50:22.923,1781905822923,2294.6069,11.8,0,1,0
2026-06-19 16:50:22.963,1781905822963,2294.6069,11.3,0,1,0
2026-06-19 16:50:23.003,1781905823003,2294.6069,11.3,0,1,0
2026-06-19 16:50:23.043,1781905823043,2194.7332,10.9,0,1,0
2026-06-19 16:50:23.082,1781905823082,2194.7332,11.4,0,1,0
2026-06-19 16:50:23.123,1781905823123,2194.7332,10.2,0,1,0
2026-06-19 16:50:23.163,1781905823163,2194.7332,8.8,0,1,0
2026-06-19 16:50:23.202,1781905823203,2194.7332,7.7,0,1,0
2026-06-19 16:50:23.242,1781905823242,2194.7332,8.6,0,1,0
2026-06-19 16:50:23.282,1781905823282,2194.7332,7.3,0,1,0
2026-06-19 16:50:23.322,1781905823322,2255.8511,7.6,0,1,0
2026-06-19 16:50:23.362,1781905823362,2255.8511,25.5,0,1,0
2026-06-19 16:50:23.402,1781905823402,2255.8511,11.8,0,1,0
2026-06-19 16:50:23.442,1781905823442,2255.8511,7.6,0,1,0
2026-06-19 16:50:23.482,1781905823482,2255.8511,8.1,0,1,0
2026-06-19 16:50:23.522,1781905823522,2255.8511,8.1,0,1,0
2026-06-19 16:50:23.562,1781905823562,3088.2515,8.5,0,1,0
2026-06-19 16:50:23.602,1781905823602,3088.2515,8.1,0,1,0
2026-06-19 16:50:23.642,1781905823642,3088.2515,8.0,0,1,0
2026-06-19 16:50:23.682,1781905823682,3088.2515,9.4,0,1,0
2026-06-19 16:50:23.722,1781905823722,3088.2515,10.4,0,1,0
2026-06-19 16:50:23.762,1781905823762,3088.2515,10.0,0,1,0
2026-06-19 16:50:23.802,1781905823802,3088.2515,9.6,0,1,0
2026-06-19 16:50:23.842,1781905823842,3236.3657,8.7,0,1,0
2026-06-19 16:50:23.882,1781905823882,3236.3657,7.8,0,1,0
2026-06-19 16:50:23.922,1781905823922,3236.3657,8.3,0,1,0
2026-06-19 16:50:23.962,1781905823962,3236.3657,7.8,0,1,0
2026-06-19 16:50:24.002,1781905824002,3236.3657,7.8,0,1,0
2026-06-19 16:50:24.042,1781905824042,3236.3657,7.4,0,1,0
2026-06-19 16:50:24.082,1781905824082,3615.1140,6.8,0,1,0
2026-06-19 16:50:24.122,1781905824122,3615.1140,7.3,0,1,0
2026-06-19 16:50:24.162,1781905824162,3615.1140,7.4,0,1,0
2026-06-19 16:50:24.202,1781905824202,3615.1140,7.3,0,1,0
2026-06-19 16:50:24.242,1781905824242,3615.1140,6.4,0,1,0
2026-06-19 16:50:24.282,1781905824282,3615.1140,6.8,0,1,0
2026-06-19 16:50:24.323,1781905824323,3615.1140,7.3,0,1,0
2026-06-19 16:50:24.363,1781905824363,4463.3608,6.8,0,1,0
2026-06-19 16:50:24.402,1781905824402,4463.3608,6.8,0,1,0
2026-06-19 16:50:24.442,1781905824442,4463.3608,7.4,0,1,0
2026-06-19 16:50:24.482,1781905824482,4463.3608,6.9,0,1,0
2026-06-19 16:50:24.522,1781905824522,4463.3608,7.4,0,1,0
2026-06-19 16:50:24.562,1781905824562,4463.3608,6.8,0,1,0
2026-06-19 16:50:24.602,1781905824602,3673.5027,6.8,0,1,0
2026-06-19 16:50:24.642,1781905824642,3673.5027,6.8,0,1,0
2026-06-19 16:50:24.682,1781905824682,3673.5027,6.8,0,1,0
2026-06-19 16:50:24.722,1781905824722,3673.5027,6.8,0,0,0
2026-06-19 16:50:24.762,1781905824762,3673.5027,7.3,0,1,0
2026-06-19 16:50:24.802,1781905824802,3673.5027,6.9,0,0,0
2026-06-19 16:50:24.842,1781905824842,3673.5027,7.3,0,0,0
2026-06-19 16:50:24.882,1781905824882,3543.9675,6.8,0,0,0
2026-06-19 16:50:24.922,1781905824922,3543.9675,6.9,0,0,0
2026-06-19 16:50:24.962,1781905824962,3543.9675,6.9,0,0,0
2026-06-19 16:50:25.002,1781905825002,3543.9675,6.9,0,0,0
2026-06-19 16:50:25.042,1781905825042,3543.9675,6.4,0,0,0
2026-06-19 16:50:25.082,1781905825082,3543.9675,6.4,0,0,0
2026-06-19 16:50:25.122,1781905825123,3546.0181,6.4,0,0,0
2026-06-19 16:50:25.162,1781905825162,3546.0181,6.8,0,0,0
2026-06-19 16:50:25.202,1781905825202,3546.0181,6.9,0,0,0
2026-06-19 16:50:25.242,1781905825242,3546.0181,6.4,0,0,0
2026-06-19 16:50:25.282,1781905825282,3546.0181,6.4,0,0,0
2026-06-19 16:50:25.322,1781905825322,3546.0181,6.5,0,0,0
2026-06-19 16:50:25.362,1781905825362,3546.0181,6.4,0,0,0
2026-06-19 16:50:25.402,1781905825402,3758.0730,6.4,0,0,0
2026-06-19 16:50:25.442,1781905825442,3758.0730,6.5,0,0,0
2026-06-19 16:50:25.482,1781905825482,3758.0730,6.5,0,0,0
2026-06-19 16:50:25.522,1781905825522,3758.0730,6.4,0,0,0
2026-06-19 16:50:25.562,1781905825562,3758.0730,6.4,0,0,0
2026-06-19 16:50:25.603,1781905825603,3758.0730,6.9,0,0,0
2026-06-19 16:50:25.643,1781905825643,3969.1624,6.9,0,0,0
2026-06-19 16:50:25.682,1781905825682,3969.1624,6.4,0,0,0
2026-06-19 16:50:25.723,1781905825723,3969.1624,6.5,0,0,0
2026-06-19 16:50:25.762,1781905825762,3969.1624,7.0,0,0,0
2026-06-19 16:50:25.802,1781905825802,3969.1624,6.4,0,0,0
2026-06-19 16:50:25.842,1781905825842,3969.1624,6.5,0,0,0
2026-06-19 16:50:25.882,1781905825882,3969.1624,6.9,0,0,0
2026-06-19 16:50:25.923,1781905825923,3494.1167,6.4,0,0,0
2026-06-19 16:50:25.962,1781905825962,3494.1167,6.4,0,0,0
2026-06-19 16:50:26.002,1781905826002,3494.1167,6.4,0,0,0
2026-06-19 16:50:26.042,1781905826042,3494.1167,6.3,0,0,0
2026-06-19 16:50:26.082,1781905826082,3494.1167,7.0,0,0,0
2026-06-19 16:50:26.123,1781905826123,3494.1167,6.5,0,0,0
2026-06-19 16:50:26.162,1781905826162,3574.1428,6.4,0,0,0
2026-06-19 16:50:26.202,1781905826202,3574.1428,6.3,0,0,0
2026-06-19 16:50:26.242,1781905826242,3574.1428,6.4,0,0,0
2026-06-19 16:50:26.282,1781905826282,3574.1428,6.3,0,0,0
2026-06-19 16:50:26.322,1781905826322,3574.1428,7.0,0,0,0
2026-06-19 16:50:26.362,1781905826362,3574.1428,6.4,0,0,0
2026-06-19 16:50:26.402,1781905826402,3574.1428,6.4,0,0,0
2026-06-19 16:50:26.442,1781905826442,3902.9529,6.4,0,0,0
2026-06-19 16:50:26.482,1781905826482,3902.9529,6.4,0,0,0
2026-06-19 16:50:26.522,1781905826522,3902.9529,6.4,0,0,0
2026-06-19 16:50:26.562,1781905826562,3902.9529,6.4,0,0,0
2026-06-19 16:50:26.602,1781905826602,3902.9529,6.4,0,0,0
2026-06-19 16:50:26.642,1781905826642,3902.9529,6.9,0,0,0
2026-06-19 16:50:26.682,1781905826682,3928.2966,6.9,0,0,0
2026-06-19 16:50:26.722,1781905826722,3928.2966,6.9,0,0,0
2026-06-19 16:50:26.762,1781905826762,3928.2966,7.4,0,0,0
2026-06-19 16:50:26.802,1781905826802,3928.2966,7.0,0,0,0
2026-06-19 16:50:26.842,1781905826842,3928.2966,7.0,0,0,0
2026-06-19 16:50:26.882,1781905826882,3928.2966,7.3,0,0,0
2026-06-19 16:50:26.922,1781905826922,3928.2966,7.4,0,0,0
2026-06-19 16:50:26.962,1781905826962,2580.2280,7.4,0,0,0
2026-06-19 16:50:27.002,1781905827002,2580.2280,7.3,0,0,0
2026-06-19 16:50:27.042,1781905827042,2580.2280,7.0,0,0,0
2026-06-19 16:50:27.082,1781905827082,2580.2280,7.5,0,0,0
2026-06-19 16:50:27.122,1781905827122,2580.2280,7.0,0,0,0
2026-06-19 16:50:27.162,1781905827162,2580.2280,6.7,0,0,0
2026-06-19 16:50:27.202,1781905827202,2837.3989,6.3,0,0,0
2026-06-19 16:50:27.242,1781905827242,2837.3989,6.3,0,0,0
2026-06-19 16:50:27.282,1781905827282,2837.3989,6.9,0,0,0
2026-06-19 16:50:27.322,1781905827322,2837.3989,7.3,0,0,0
2026-06-19 16:50:27.362,1781905827362,2837.3989,7.3,0,0,0
2026-06-19 16:50:27.402,1781905827402,2837.3989,6.8,0,0,0
2026-06-19 16:50:27.442,1781905827442,2837.3989,6.8,0,0,0
2026-06-19 16:50:27.482,1781905827482,1969.7832,6.8,0,0,0
2026-06-19 16:50:27.522,1781905827522,1969.7832,6.9,0,0,0
2026-06-19 16:50:27.562,1781905827562,1969.7832,6.9,0,0,0
2026-06-19 16:50:27.602,1781905827602,1969.7832,7.3,0,0,0
2026-06-19 16:50:27.642,1781905827642,1969.7832,7.9,0,0,0
2026-06-19 16:50:27.682,1781905827682,1969.7832,7.5,0,0,0
2026-06-19 16:50:27.722,1781905827722,1869.1432,7.5,0,0,0
2026-06-19 16:50:27.762,1781905827762,1869.1432,7.1,0,0,0
2026-06-19 16:50:27.802,1781905827802,1869.1432,7.6,0,0,0
2026-06-19 16:50:27.842,1781905827842,1869.1432,7.1,0,0,0
2026-06-19 16:50:27.882,1781905827882,1869.1432,7.1,0,0,0
2026-06-19 16:50:27.922,1781905827922,1869.1432,6.6,0,0,0
2026-06-19 16:50:27.962,1781905827962,1869.1432,7.3,0,0,0
2026-06-19 16:50:28.002,1781905828002,1457.6416,8.3,0,0,0
2026-06-19 16:50:28.042,1781905828042,1457.6416,8.3,0,0,0
2026-06-19 16:50:28.082,1781905828082,1457.6416,7.9,0,0,0
2026-06-19 16:50:28.122,1781905828123,1457.6416,8.4,0,0,0
2026-06-19 16:50:28.162,1781905828162,1457.6416,8.4,0,0,0
2026-06-19 16:50:28.203,1781905828203,1457.6416,8.4,0,0,0
2026-06-19 16:50:28.242,1781905828242,1112.3489,7.8,0,0,0
2026-06-19 16:50:28.282,1781905828282,1112.3489,7.9,0,0,0
2026-06-19 16:50:28.322,1781905828322,1112.3489,7.9,0,0,0
2026-06-19 16:50:28.362,1781905828362,1112.3489,7.9,0,0,0
2026-06-19 16:50:28.402,1781905828402,1112.3489,8.4,0,0,0
2026-06-19 16:50:28.443,1781905828443,1112.3489,8.4,0,0,0
2026-06-19 16:50:28.483,1781905828483,1112.3489,8.4,0,0,0
2026-06-19 16:50:28.522,1781905828522,1233.2659,8.2,0,0,0
2026-06-19 16:50:28.562,1781905828563,1233.2659,7.2,0,0,0
2026-06-19 16:50:28.602,1781905828602,1233.2659,7.5,0,0,0
2026-06-19 16:50:28.643,1781905828643,1233.2659,6.9,0,0,0
2026-06-19 16:50:28.682,1781905828682,1233.2659,6.3,0,0,0
2026-06-19 16:50:28.722,1781905828722,1233.2659,7.1,0,0,0
2026-06-19 16:50:28.762,1781905828762,1618.3329,7.4,0,0,0
2026-06-19 16:50:28.803,1781905828803,1618.3329,6.9,0,0,0
2026-06-19 16:50:28.842,1781905828842,1618.3329,7.0,0,0,0
2026-06-19 16:50:28.882,1781905828882,1618.3329,6.4,0,0,0
2026-06-19 16:50:28.922,1781905828922,1618.3329,6.9,0,0,0
2026-06-19 16:50:28.962,1781905828962,1618.3329,6.4,0,0,0
2026-06-19 16:50:29.002,1781905829002,1618.3329,6.4,0,0,0
2026-06-19 16:50:29.042,1781905829042,4324.6362,6.4,0,0,0
2026-06-19 16:50:29.082,1781905829082,4324.6362,6.3,0,0,0
2026-06-19 16:50:29.122,1781905829122,4324.6362,6.4,0,0,0
2026-06-19 16:50:29.162,1781905829162,4324.6362,6.4,0,0,0
2026-06-19 16:50:29.202,1781905829202,4324.6362,6.4,0,0,0
2026-06-19 16:50:29.242,1781905829242,4324.6362,6.5,0,0,0
2026-06-19 16:50:29.282,1781905829283,3532.6877,6.4,0,0,0
2026-06-19 16:50:29.322,1781905829322,3532.6877,6.5,0,0,0
2026-06-19 16:50:29.362,1781905829362,3532.6877,5.9,0,0,0
2026-06-19 16:50:29.402,1781905829402,3532.6877,5.9,0,0,0
2026-06-19 16:50:29.442,1781905829443,3532.6877,7.0,0,0,0
2026-06-19 16:50:29.482,1781905829482,3532.6877,6.1,0,0,0
2026-06-19 16:50:29.522,1781905829522,3532.6877,5.9,0,0,0
2026-06-19 16:50:29.562,1781905829562,4938.9385,5.9,0,0,0
2026-06-19 16:50:29.602,1781905829602,4938.9385,6.2,0,0,0
2026-06-19 16:50:29.642,1781905829642,4938.9385,7.0,0,0,0
2026-06-19 16:50:29.682,1781905829682,4938.9385,7.0,0,0,0
2026-06-19 16:50:29.722,1781905829722,4938.9385,6.0,0,0,0
2026-06-19 16:50:29.762,1781905829762,4938.9385,5.5,0,0,0
2026-06-19 16:50:29.802,1781905829802,6841.8760,5.5,0,0,0
2026-06-19 16:50:29.842,1781905829842,6841.8760,5.5,0,0,0
2026-06-19 16:50:29.882,1781905829882,6841.8760,5.6,0,0,0
2026-06-19 16:50:29.922,1781905829922,6841.8760,5.6,0,0,0
2026-06-19 16:50:29.962,1781905829962,6841.8760,5.5,0,0,0
2026-06-19 16:50:30.002,1781905830002,6841.8760,6.0,0,0,0
2026-06-19 16:50:30.042,1781905830042,6841.8760,6.0,0,0,0
2026-06-19 16:50:30.082,1781905830082,6974.9390,6.5,0,0,0
2026-06-19 16:50:30.122,1781905830123,6974.9390,6.4,0,0,0
2026-06-19 16:50:30.162,1781905830162,6974.9390,6.5,0,0,0
2026-06-19 16:50:30.202,1781905830202,6974.9390,6.0,0,0,0
2026-06-19 16:50:30.242,1781905830242,6974.9390,6.5,0,0,0
2026-06-19 16:50:30.282,1781905830283,6974.9390,6.4,0,0,0
2026-06-19 16:50:30.322,1781905830322,6699.6660,6.5,0,0,0
2026-06-19 16:50:30.363,1781905830363,6699.6660,6.5,0,0,0
2026-06-19 16:50:30.402,1781905830403,6699.6660,6.0,0,0,0
2026-06-19 16:50:30.443,1781905830443,6699.6660,5.5,0,0,0
2026-06-19 16:50:30.483,1781905830483,6699.6660,5.6,0,0,0
2026-06-19 16:50:30.522,1781905830522,6699.6660,5.5,0,0,0
2026-06-19 16:50:30.562,1781905830562,6699.6660,5.5,0,0,0
2026-06-19 16:50:30.603,1781905830603,6471.8994,6.0,0,0,0
2026-06-19 16:50:30.642,1781905830643,6471.8994,5.6,0,0,0
2026-06-19 16:50:30.682,1781905830682,6471.8994,5.6,0,0,0
2026-06-19 16:50:30.723,1781905830723,6471.8994,5.5,0,0,0
2026-06-19 16:50:30.763,1781905830763,6471.8994,5.5,0,0,0
2026-06-19 16:50:30.802,1781905830802,6471.8994,5.5,0,0,0
2026-06-19 16:50:30.842,1781905830842,6685.8584,5.1,0,0,0
2026-06-19 16:50:30.882,1781905830883,6685.8584,5.5,0,0,0
2026-06-19 16:50:30.922,1781905830922,6685.8584,5.2,0,0,0
2026-06-19 16:50:30.962,1781905830962,6685.8584,5.1,0,0,0
2026-06-19 16:50:31.002,1781905831002,6685.8584,5.6,0,0,0
2026-06-19 16:50:31.042,1781905831042,6685.8584,5.5,0,0,0
2026-06-19 16:50:31.083,1781905831083,6685.8584,5.5,0,0,0
2026-06-19 16:50:31.122,1781905831122,6855.0527,6.0,0,0,0
2026-06-19 16:50:31.163,1781905831163,6855.0527,5.5,0,0,0
2026-06-19 16:50:31.202,1781905831202,6855.0527,5.5,0,0,0
2026-06-19 16:50:31.242,1781905831242,6855.0527,5.2,0,0,0
2026-06-19 16:50:31.282,1781905831283,6855.0527,5.6,0,0,0
2026-06-19 16:50:31.322,1781905831322,6855.0527,5.1,0,0,0
2026-06-19 16:50:31.363,1781905831363,6608.6494,5.6,0,0,0
2026-06-19 16:50:31.402,1781905831402,6608.6494,5.5,0,0,0
2026-06-19 16:50:31.443,1781905831443,6608.6494,5.6,0,0,0
2026-06-19 16:50:31.482,1781905831483,6608.6494,5.7,0,0,0
2026-06-19 16:50:31.522,1781905831522,6608.6494,5.6,0,0,0
2026-06-19 16:50:31.563,1781905831563,6608.6494,5.6,0,0,0
2026-06-19 16:50:31.603,1781905831603,6608.6494,5.1,0,0,0
2026-06-19 16:50:31.642,1781905831642,6208.3760,5.1,0,0,0
2026-06-19 16:50:31.682,1781905831683,6208.3760,5.1,0,0,0
2026-06-19 16:50:31.722,1781905831722,6208.3760,5.1,0,0,0
2026-06-19 16:50:31.762,1781905831762,6208.3760,5.1,0,0,0
2026-06-19 16:50:31.802,1781905831803,6208.3760,5.1,0,0,0
2026-06-19 16:50:31.842,1781905831843,6208.3760,5.1,0,0,0
2026-06-19 16:50:31.882,1781905831882,6425.2231,5.1,0,0,0
2026-06-19 16:50:31.922,1781905831923,6425.2231,5.1,0,0,0
2026-06-19 16:50:31.962,1781905831963,6425.2231,5.2,0,0,0
2026-06-19 16:50:32.003,1781905832003,6425.2231,5.5,0,0,0
2026-06-19 16:50:32.043,1781905832043,6425.2231,5.2,0,0,0
2026-06-19 16:50:32.083,1781905832083,6425.2231,5.1,0,0,0
2026-06-19 16:50:32.122,1781905832123,6425.2231,5.1,0,0,0
2026-06-19 16:50:32.163,1781905832163,6242.7461,5.1,0,0,0
2026-06-19 16:50:32.203,1781905832203,6242.7461,5.1,0,0,0
2026-06-19 16:50:32.243,1781905832243,6242.7461,5.1,0,0,0
2026-06-19 16:50:32.283,1781905832283,6242.7461,5.1,0,0,0
2026-06-19 16:50:32.322,1781905832322,6242.7461,5.1,0,0,0
2026-06-19 16:50:32.362,1781905832362,6242.7461,5.1,0,0,0
2026-06-19 16:50:32.402,1781905832402,6257.7598,5.1,0,0,0
2026-06-19 16:50:32.442,1781905832442,6257.7598,5.1,0,0,0
2026-06-19 16:50:32.482,1781905832482,6257.7598,5.6,0,0,0
2026-06-19 16:50:32.522,1781905832522,6257.7598,5.1,0,0,0
2026-06-19 16:50:32.562,1781905832562,6257.7598,5.2,0,0,0
2026-06-19 16:50:32.602,1781905832602,6257.7598,5.2,0,0,0
2026-06-19 16:50:32.642,1781905832642,6257.7598,5.1,0,0,0
2026-06-19 16:50:32.682,1781905832682,5592.0366,4.6,0,0,0
2026-06-19 16:50:32.722,1781905832722,5592.0366,5.0,0,0,0
2026-06-19 16:50:32.762,1781905832762,5592.0366,5.1,0,0,0
2026-06-19 16:50:32.802,1781905832802,5592.0366,5.1,0,0,0
2026-06-19 16:50:32.842,1781905832842,5592.0366,5.1,0,0,0
2026-06-19 16:50:32.882,1781905832882,5592.0366,4.6,0,0,0
2026-06-19 16:50:32.922,1781905832922,5859.9614,5.5,0,0,0
2026-06-19 16:50:32.962,1781905832962,5859.9614,5.0,0,0,0
2026-06-19 16:50:33.002,1781905833002,5859.9614,5.1,0,0,0
2026-06-19 16:50:33.042,1781905833042,5859.9614,5.1,0,0,0
2026-06-19 16:50:33.083,1781905833083,5859.9614,5.2,0,0,0
2026-06-19 16:50:33.122,1781905833122,5859.9614,5.1,0,0,0
2026-06-19 16:50:33.162,1781905833162,5859.9614,4.9,0,0,0
2026-06-19 16:50:33.203,1781905833203,5485.0664,4.6,0,0,0
2026-06-19 16:50:33.243,1781905833243,5485.0664,4.6,0,0,0
2026-06-19 16:50:33.282,1781905833282,5485.0664,5.1,0,0,0
2026-06-19 16:50:33.323,1781905833323,5485.0664,5.0,0,0,0
2026-06-19 16:50:33.363,1781905833363,5485.0664,5.0,0,0,0
2026-06-19 16:50:33.402,1781905833402,5485.0664,5.2,0,0,0
2026-06-19 16:50:33.442,1781905833442,5135.2305,5.0,0,0,0
2026-06-19 16:50:33.482,1781905833482,5135.2305,5.0,0,0,0
2026-06-19 16:50:33.522,1781905833522,5135.2305,5.1,0,0,0
2026-06-19 16:50:33.562,1781905833562,5135.2305,5.1,0,0,0
2026-06-19 16:50:33.603,1781905833603,5135.2305,5.5,0,0,0
2026-06-19 16:50:33.643,1781905833643,5135.2305,5.6,0,0,0
2026-06-19 16:50:33.683,1781905833683,5135.2305,5.2,0,0,0
2026-06-19 16:50:33.723,1781905833723,5447.0288,5.6,0,0,0
2026-06-19 16:50:33.763,1781905833763,5447.0288,5.6,0,0,0
2026-06-19 16:50:33.803,1781905833803,5447.0288,5.6,0,0,0
2026-06-19 16:50:33.842,1781905833842,5447.0288,5.7,0,0,0
2026-06-19 16:50:33.882,1781905833882,5447.0288,5.6,0,0,0
2026-06-19 16:50:33.923,1781905833923,5447.0288,5.6,0,0,0
2026-06-19 16:50:33.962,1781905833962,5185.8823,5.6,0,0,0
2026-06-19 16:50:34.003,1781905834003,5185.8823,5.7,0,0,0
2026-06-19 16:50:34.043,1781905834043,5185.8823,5.7,0,0,0
2026-06-19 16:50:34.082,1781905834082,5185.8823,5.7,0,0,0
2026-06-19 16:50:34.123,1781905834123,5185.8823,6.1,0,0,0
2026-06-19 16:50:34.162,1781905834162,5185.8823,5.6,0,0,0
2026-06-19 16:50:34.202,1781905834202,5185.8823,5.6,0,0,0
2026-06-19 16:50:34.242,1781905834242,4576.6445,5.6,0,0,0
2026-06-19 16:50:34.282,1781905834282,4576.6445,5.1,0,0,0
2026-06-19 16:50:34.322,1781905834322,4576.6445,5.1,0,0,0
2026-06-19 16:50:34.363,1781905834363,4576.6445,5.6,0,0,0
2026-06-19 16:50:34.403,1781905834403,4576.6445,5.5,0,0,0
2026-06-19 16:50:34.442,1781905834442,4576.6445,5.8,0,0,0
2026-06-19 16:50:34.482,1781905834482,4890.4526,6.1,0,0,0
2026-06-19 16:50:34.523,1781905834523,4890.4526,5.6,0,0,0
2026-06-19 16:50:34.563,1781905834563,4890.4526,5.7,0,0,0
2026-06-19 16:50:34.603,1781905834603,4890.4526,5.6,0,0,0
2026-06-19 16:50:34.643,1781905834643,4890.4526,5.7,0,0,0
2026-06-19 16:50:34.682,1781905834683,4890.4526,5.7,0,0,0
2026-06-19 16:50:34.723,1781905834723,4890.4526,5.4,0,0,0
2026-06-19 16:50:34.762,1781905834762,4661.2036,5.0,0,0,0
2026-06-19 16:50:34.802,1781905834802,4661.2036,5.5,0,0,0
2026-06-19 16:50:34.843,1781905834843,4661.2036,5.4,0,0,0
2026-06-19 16:50:34.882,1781905834882,4661.2036,5.4,0,0,0
2026-06-19 16:50:34.923,1781905834923,4661.2036,5.8,0,0,0
2026-06-19 16:50:34.963,1781905834963,4661.2036,5.8,0,0,0
2026-06-19 16:50:35.003,1781905835003,3416.5349,5.4,0,0,0
2026-06-19 16:50:35.043,1781905835043,3416.5349,5.4,0,0,0
2026-06-19 16:50:35.083,1781905835083,3416.5349,5.4,0,0,0
2026-06-19 16:50:35.123,1781905835123,3416.5349,5.8,0,0,0
2026-06-19 16:50:35.162,1781905835162,3416.5349,5.7,0,0,0
2026-06-19 16:50:35.203,1781905835203,3416.5349,5.1,0,0,0
2026-06-19 16:50:35.243,1781905835243,3416.5349,5.6,0,0,0
2026-06-19 16:50:35.282,1781905835282,4263.7168,5.6,0,0,0
2026-06-19 16:50:35.323,1781905835323,4263.7168,5.6,0,0,0
2026-06-19 16:50:35.363,1781905835363,4263.7168,6.1,0,0,0
2026-06-19 16:50:35.403,1781905835403,4263.7168,5.5,0,0,0
2026-06-19 16:50:35.443,1781905835443,4263.7168,5.1,0,0,0
2026-06-19 16:50:35.482,1781905835483,4263.7168,5.1,0,0,0
2026-06-19 16:50:35.522,1781905835522,4430.8726,5.1,0,0,0
2026-06-19 16:50:35.562,1781905835562,4430.8726,5.1,0,0,0
2026-06-19 16:50:35.602,1781905835602,4430.8726,5.1,0,0,0
2026-06-19 16:50:35.643,1781905835643,4430.8726,5.1,0,0,0
2026-06-19 16:50:35.683,1781905835683,4430.8726,5.1,0,0,0
2026-06-19 16:50:35.723,1781905835723,4430.8726,5.1,0,0,0
2026-06-19 16:50:35.763,1781905835763,4430.8726,4.6,0,0,0
2026-06-19 16:50:35.803,1781905835803,4680.9736,4.6,0,0,0
2026-06-19 16:50:35.842,1781905835842,4680.9736,5.0,0,0,0
2026-06-19 16:50:35.883,1781905835883,4680.9736,5.1,0,0,0
2026-06-19 16:50:35.923,1781905835923,4680.9736,5.1,0,0,0
2026-06-19 16:50:35.963,1781905835963,4680.9736,5.1,0,0,0
2026-06-19 16:50:36.003,1781905836003,4680.9736,4.6,0,0,0
2026-06-19 16:50:36.043,1781905836043,4565.1987,5.1,0,0,0
2026-06-19 16:50:36.083,1781905836083,4565.1987,4.9,0,0,0
2026-06-19 16:50:36.123,1781905836123,4565.1987,5.2,0,0,0
2026-06-19 16:50:36.163,1781905836163,4565.1987,5.2,0,0,0
2026-06-19 16:50:36.203,1781905836203,4565.1987,5.1,0,0,0
2026-06-19 16:50:36.243,1781905836243,4565.1987,4.6,0,0,0
2026-06-19 16:50:36.283,1781905836283,4565.1987,4.6,0,0,0
2026-06-19 16:50:36.323,1781905836323,3751.0332,5.1,0,0,0
2026-06-19 16:50:36.363,1781905836363,3751.0332,5.1,0,0,0
2026-06-19 16:50:36.403,1781905836403,3751.0332,5.2,0,0,0
2026-06-19 16:50:36.443,1781905836443,3751.0332,5.1,0,0,0
2026-06-19 16:50:36.482,1781905836483,3751.0332,5.2,0,0,0
2026-06-19 16:50:36.523,1781905836523,3751.0332,4.7,0,0,0
2026-06-19 16:50:36.563,1781905836563,4282.6289,5.1,0,0,0
2026-06-19 16:50:36.603,1781905836603,4282.6289,5.1,0,0,0
2026-06-19 16:50:36.643,1781905836643,4282.6289,4.6,0,0,0
2026-06-19 16:50:36.682,1781905836682,4282.6289,4.6,0,0,0
2026-06-19 16:50:36.723,1781905836723,4282.6289,4.6,0,0,0
2026-06-19 16:50:36.763,1781905836763,4282.6289,5.2,0,0,0
2026-06-19 16:50:36.802,1781905836803,4282.6289,5.1,0,0,0
2026-06-19 16:50:36.843,1781905836843,4242.3472,4.6,0,0,0
2026-06-19 16:50:36.882,1781905836883,4242.3472,5.0,0,0,0
2026-06-19 16:50:36.923,1781905836923,4242.3472,5.0,0,0,0
2026-06-19 16:50:36.962,1781905836962,4242.3472,5.1,0,0,0
2026-06-19 16:50:37.003,1781905837003,4242.3472,5.1,0,0,0
2026-06-19 16:50:37.043,1781905837043,4242.3472,4.6,0,0,0
2026-06-19 16:50:37.083,1781905837083,4139.5430,5.1,0,0,0
2026-06-19 16:50:37.122,1781905837122,4139.5430,5.0,0,0,0
2026-06-19 16:50:37.163,1781905837163,4139.5430,5.1,0,0,0
2026-06-19 16:50:37.203,1781905837203,4139.5430,5.1,0,0,0
2026-06-19 16:50:37.243,1781905837243,4139.5430,5.1,0,0,0
2026-06-19 16:50:37.283,1781905837283,4139.5430,5.1,0,0,0
2026-06-19 16:50:37.323,1781905837323,4139.5430,5.1,0,0,0
2026-06-19 16:50:37.363,1781905837363,4138.8281,5.1,0,0,0
2026-06-19 16:50:37.403,1781905837403,4138.8281,4.6,0,0,0
2026-06-19 16:50:37.443,1781905837443,4138.8281,5.1,0,0,0
2026-06-19 16:50:37.483,1781905837483,4138.8281,5.1,0,0,0
2026-06-19 16:50:37.523,1781905837523,4138.8281,4.7,0,0,0
2026-06-19 16:50:37.563,1781905837563,4138.8281,4.6,0,0,0
2026-06-19 16:50:37.603,1781905837603,4438.3037,4.6,0,0,0
2026-06-19 16:50:37.643,1781905837643,4438.3037,5.1,0,0,0
2026-06-19 16:50:37.683,1781905837683,4438.3037,4.5,0,0,0
2026-06-19 16:50:37.723,1781905837723,4438.3037,5.0,0,0,0
2026-06-19 16:50:37.763,1781905837763,4438.3037,4.6,0,0,0
2026-06-19 16:50:37.802,1781905837802,4438.3037,4.6,0,0,0
2026-06-19 16:50:37.843,1781905837843,4438.3037,4.5,0,0,0
2026-06-19 16:50:37.883,1781905837883,3873.0911,4.6,0,0,0
2026-06-19 16:50:37.923,1781905837923,3873.0911,4.6,0,0,0
2026-06-19 16:50:37.963,1781905837963,3873.0911,4.5,0,0,0
2026-06-19 16:50:38.003,1781905838003,3873.0911,4.5,0,0,0
2026-06-19 16:50:38.043,1781905838043,3873.0911,4.6,0,0,0
2026-06-19 16:50:38.083,1781905838083,3873.0911,5.0,0,0,0
2026-06-19 16:50:38.123,1781905838123,2874.1829,5.0,0,0,0
2026-06-19 16:50:38.163,1781905838163,2874.1829,4.5,0,0,0
2026-06-19 16:50:38.203,1781905838203,2874.1829,5.1,0,0,0
2026-06-19 16:50:38.243,1781905838243,2874.1829,4.9,0,0,0
2026-06-19 16:50:38.283,1781905838283,2874.1829,5.0,0,0,0
2026-06-19 16:50:38.323,1781905838323,2874.1829,5.0,0,0,0
2026-06-19 16:50:38.363,1781905838363,2874.1829,4.5,0,0,0
2026-06-19 16:50:38.403,1781905838403,2544.9104,4.9,0,0,0
2026-06-19 16:50:38.443,1781905838443,2544.9104,5.0,0,0,0
2026-06-19 16:50:38.483,1781905838483,2544.9104,5.0,0,0,0
2026-06-19 16:50:38.523,1781905838523,2544.9104,5.0,0,0,0
2026-06-19 16:50:38.563,1781905838563,2544.9104,4.6,0,0,0
2026-06-19 16:50:38.602,1781905838603,2544.9104,4.5,0,0,0
2026-06-19 16:50:38.643,1781905838643,2480.9241,4.5,0,0,0
2026-06-19 16:50:38.683,1781905838683,2480.9241,4.6,0,0,0
2026-06-19 16:50:38.723,1781905838723,2480.9241,4.6,0,0,0
2026-06-19 16:50:38.763,1781905838763,2480.9241,4.5,0,0,0
2026-06-19 16:50:38.803,1781905838803,2480.9241,4.6,0,0,0
2026-06-19 16:50:38.842,1781905838843,2480.9241,4.6,0,0,0
2026-06-19 16:50:38.883,1781905838883,2480.9241,4.6,0,0,0
2026-06-19 16:50:38.923,1781905838923,2481.0022,4.6,0,0,0
2026-06-19 16:50:38.963,1781905838963,2481.0022,5.1,0,0,0
2026-06-19 16:50:39.003,1781905839003,2481.0022,4.6,0,0,0
2026-06-19 16:50:39.043,1781905839043,2481.0022,5.2,0,0,0
2026-06-19 16:50:39.083,1781905839083,2481.0022,4.6,0,0,0
2026-06-19 16:50:39.123,1781905839123,2481.0022,4.6,0,0,0
2026-06-19 16:50:39.163,1781905839163,2228.0173,4.6,0,0,0
2026-06-19 16:50:39.203,1781905839203,2228.0173,4.5,0,0,0
2026-06-19 16:50:39.243,1781905839243,2228.0173,5.1,0,0,0
2026-06-19 16:50:39.283,1781905839283,2228.0173,4.5,0,0,0
2026-06-19 16:50:39.323,1781905839323,2228.0173,4.5,0,0,0
2026-06-19 16:50:39.363,1781905839363,2228.0173,4.6,0,0,0
2026-06-19 16:50:39.403,1781905839403,2228.0173,4.5,0,0,0
2026-06-19 16:50:39.443,1781905839443,3332.6560,4.6,0,0,0
2026-06-19 16:50:39.483,1781905839483,3332.6560,4.5,0,0,0
2026-06-19 16:50:39.523,1781905839523,3332.6560,5.0,0,0,0
2026-06-19 16:50:39.563,1781905839563,3332.6560,5.0,0,0,0
2026-06-19 16:50:39.603,1781905839603,3332.6560,4.6,0,0,0
2026-06-19 16:50:39.643,1781905839643,3332.6560,4.8,0,0,0
2026-06-19 16:50:39.683,1781905839683,3623.9888,5.0,0,0,0
2026-06-19 16:50:39.723,1781905839723,3623.9888,4.5,0,0,0
2026-06-19 16:50:39.763,1781905839763,3623.9888,4.6,0,0,0
2026-06-19 16:50:39.803,1781905839803,3623.9888,4.5,0,0,0
2026-06-19 16:50:39.843,1781905839843,3623.9888,5.1,0,0,0
2026-06-19 16:50:39.883,1781905839883,3623.9888,4.5,0,0,0
2026-06-19 16:50:39.923,1781905839923,3623.9888,4.6,0,0,0
2026-06-19 16:50:39.963,1781905839963,3828.3901,4.6,0,0,0
2026-06-19 16:50:40.003,1781905840003,3828.3901,4.6,0,0,0
2026-06-19 16:50:40.043,1781905840043,3828.3901,4.6,0,0,0
2026-06-19 16:50:40.083,1781905840083,3828.3901,4.5,0,0,0
2026-06-19 16:50:40.123,1781905840123,3828.3901,4.6,0,0,0
2026-06-19 16:50:40.163,1781905840163,3828.3901,4.5,0,0,0
2026-06-19 16:50:40.203,1781905840203,4247.8931,4.6,0,0,0
2026-06-19 16:50:40.243,1781905840243,4247.8931,4.6,0,0,0
2026-06-19 16:50:40.283,1781905840283,4247.8931,4.6,0,0,0
2026-06-19 16:50:40.323,1781905840323,4247.8931,5.0,0,0,0
2026-06-19 16:50:40.363,1781905840363,4247.8931,5.0,0,0,0
2026-06-19 16:50:40.403,1781905840403,4247.8931,4.6,0,0,0
2026-06-19 16:50:40.443,1781905840443,4247.8931,5.0,0,0,0
2026-06-19 16:50:40.483,1781905840483,3574.6562,4.6,0,0,0
2026-06-19 16:50:40.523,1781905840523,3574.6562,4.6,0,0,0
2026-06-19 16:50:40.563,1781905840563,3574.6562,4.6,0,0,0
2026-06-19 16:50:40.603,1781905840603,3574.6562,4.6,0,0,0
2026-06-19 16:50:40.643,1781905840643,3574.6562,5.0,0,0,0
2026-06-19 16:50:40.683,1781905840683,3574.6562,5.1,0,0,0
2026-06-19 16:50:40.723,1781905840723,3677.6289,4.6,0,0,0
2026-06-19 16:50:40.763,1781905840763,3677.6289,4.6,0,0,0
2026-06-19 16:50:40.803,1781905840803,3677.6289,4.6,0,0,0
2026-06-19 16:50:40.843,1781905840843,3677.6289,4.6,0,0,0
2026-06-19 16:50:40.883,1781905840883,3677.6289,4.6,0,0,0
2026-06-19 16:50:40.923,1781905840923,3677.6289,4.6,0,0,0
2026-06-19 16:50:40.963,1781905840963,3677.6289,4.6,0,0,0
2026-06-19 16:50:41.003,1781905841003,4046.2354,4.6,0,0,0
2026-06-19 16:50:41.043,1781905841043,4046.2354,4.5,0,0,0
2026-06-19 16:50:41.083,1781905841083,4046.2354,4.6,0,0,0
2026-06-19 16:50:41.123,1781905841123,4046.2354,4.5,0,0,0
2026-06-19 16:50:41.163,1781905841163,4046.2354,4.5,0,0,0
2026-06-19 16:50:41.203,1781905841203,4046.2354,4.5,0,0,0
2026-06-19 16:50:41.243,1781905841243,3743.9263,5.0,0,0,0
2026-06-19 16:50:41.283,1781905841283,3743.9263,4.7,0,0,0
2026-06-19 16:50:41.323,1781905841323,3743.9263,4.6,0,0,0
2026-06-19 16:50:41.363,1781905841363,3743.9263,4.5,0,0,0
2026-06-19 16:50:41.403,1781905841403,3743.9263,4.5,0,0,0
2026-06-19 16:50:41.443,1781905841443,3743.9263,4.5,0,0,0
2026-06-19 16:50:41.483,1781905841483,3743.9263,5.0,0,0,0
2026-06-19 16:50:41.523,1781905841523,3980.2031,4.5,0,0,0
2026-06-19 16:50:41.563,1781905841563,3980.2031,4.6,0,0,0
2026-06-19 16:50:41.603,1781905841603,3980.2031,4.5,0,0,0
2026-06-19 16:50:41.643,1781905841643,3980.2031,4.5,0,0,0
2026-06-19 16:50:41.683,1781905841683,3980.2031,5.0,0,0,0
2026-06-19 16:50:41.723,1781905841723,3980.2031,4.6,0,0,0
2026-06-19 16:50:41.763,1781905841763,3765.3193,4.6,0,0,0
2026-06-19 16:50:41.803,1781905841803,3765.3193,4.5,0,0,0
2026-06-19 16:50:41.843,1781905841843,3765.3193,5.1,0,0,0
2026-06-19 16:50:41.883,1781905841883,3765.3193,4.5,0,0,0
2026-06-19 16:50:41.923,1781905841923,3765.3193,5.0,0,0,0
2026-06-19 16:50:41.963,1781905841963,3765.3193,5.1,0,0,0
2026-06-19 16:50:42.003,1781905842003,3765.3193,5.0,0,0,0
2026-06-19 16:50:42.043,1781905842043,3766.9890,4.6,0,0,0
2026-06-19 16:50:42.083,1781905842083,3766.9890,4.6,0,0,0
2026-06-19 16:50:42.123,1781905842123,3766.9890,4.5,0,0,0
2026-06-19 16:50:42.163,1781905842163,3766.9890,4.6,0,0,0
2026-06-19 16:50:42.203,1781905842203,3766.9890,4.6,0,0,0
2026-06-19 16:50:42.243,1781905842243,3766.9890,4.6,0,0,0
2026-06-19 16:50:42.283,1781905842283,4073.8198,5.0,0,0,0
2026-06-19 16:50:42.323,1781905842323,4073.8198,4.9,0,0,0
2026-06-19 16:50:42.363,1781905842363,4073.8198,4.5,0,0,0
2026-06-19 16:50:42.403,1781905842403,4073.8198,4.5,0,0,0
2026-06-19 16:50:42.443,1781905842443,4073.8198,4.6,0,0,0
2026-06-19 16:50:42.483,1781905842483,4073.8198,4.6,0,0,0
2026-06-19 16:50:42.523,1781905842523,4073.8198,4.5,0,0,0
2026-06-19 16:50:42.563,1781905842563,4117.3359,4.6,0,0,0
2026-06-19 16:50:42.603,1781905842603,4117.3359,4.5,0,0,0
2026-06-19 16:50:42.643,1781905842643,4117.3359,4.6,0,0,0
2026-06-19 16:50:42.683,1781905842683,4117.3359,5.0,0,0,0
2026-06-19 16:50:42.723,1781905842723,4117.3359,4.6,0,0,0
2026-06-19 16:50:42.763,1781905842763,4117.3359,4.6,0,0,0
2026-06-19 16:50:42.803,1781905842803,3961.2769,4.6,0,0,0
2026-06-19 16:50:42.843,1781905842843,3961.2769,4.5,0,0,0
2026-06-19 16:50:42.883,1781905842883,3961.2769,4.6,0,0,0
2026-06-19 16:50:42.923,1781905842923,3961.2769,4.6,0,0,0
2026-06-19 16:50:42.963,1781905842963,3961.2769,4.7,0,0,0
2026-06-19 16:50:43.003,1781905843003,3961.2769,4.6,0,0,0
2026-06-19 16:50:43.043,1781905843043,3961.2769,4.5,0,0,0
2026-06-19 16:50:43.083,1781905843083,4057.1614,4.5,0,0,0
2026-06-19 16:50:43.123,1781905843123,4057.1614,4.5,0,0,0
2026-06-19 16:50:43.163,1781905843163,4057.1614,4.5,0,0,0
2026-06-19 16:50:43.203,1781905843203,4057.1614,5.0,0,0,0
2026-06-19 16:50:43.243,1781905843243,4057.1614,4.5,0,0,0
2026-06-19 16:50:43.283,1781905843283,4057.1614,4.5,0,0,0
2026-06-19 16:50:43.323,1781905843323,4394.0845,4.5,0,0,0
2026-06-19 16:50:43.363,1781905843363,4394.0845,4.5,0,0,0
2026-06-19 16:50:43.403,1781905843403,4394.0845,5.0,0,0,0
2026-06-19 16:50:43.443,1781905843443,4394.0845,4.5,0,0,0
2026-06-19 16:50:43.483,1781905843483,4394.0845,4.5,0,0,0
2026-06-19 16:50:43.523,1781905843523,4394.0845,4.5,0,0,0
2026-06-19 16:50:43.563,1781905843563,4394.0845,4.5,0,0,0
2026-06-19 16:50:43.603,1781905843603,3558.9380,5.0,0,0,0
2026-06-19 16:50:43.643,1781905843643,3558.9380,4.5,0,0,0
2026-06-19 16:50:43.683,1781905843683,3558.9380,4.5,0,0,0
2026-06-19 16:50:43.723,1781905843723,3558.9380,4.6,0,0,0
2026-06-19 16:50:43.763,1781905843763,3558.9380,5.0,0,0,0
2026-06-19 16:50:43.803,1781905843803,3558.9380,4.5,0,0,0
2026-06-19 16:50:43.843,1781905843843,3872.4170,4.5,0,0,0
2026-06-19 16:50:43.883,1781905843883,3872.4170,4.6,0,0,0
2026-06-19 16:50:43.923,1781905843923,3872.4170,4.5,0,0,0
2026-06-19 16:50:43.963,1781905843963,3872.4170,4.5,0,0,0
2026-06-19 16:50:44.003,1781905844003,3872.4170,4.6,0,0,0
2026-06-19 16:50:44.043,1781905844043,3872.4170,4.5,0,0,0
2026-06-19 16:50:44.083,1781905844083,3872.4170,4.5,0,0,0
2026-06-19 16:50:44.123,1781905844123,4124.5850,4.6,0,0,0
2026-06-19 16:50:44.163,1781905844163,4124.5850,4.5,0,0,0
2026-06-19 16:50:44.203,1781905844203,4124.5850,4.5,0,0,0
2026-06-19 16:50:44.243,1781905844243,4124.5850,4.6,0,0,0
2026-06-19 16:50:44.283,1781905844283,4124.5850,4.6,0,0,0
2026-06-19 16:50:44.323,1781905844323,4124.5850,4.5,0,0,0
2026-06-19 16:50:44.363,1781905844363,3821.1306,4.6,0,0,0
2026-06-19 16:50:44.403,1781905844403,3821.1306,4.5,0,0,0
2026-06-19 16:50:44.443,1781905844443,3821.1306,5.0,0,0,0
2026-06-19 16:50:44.483,1781905844483,3821.1306,4.5,0,0,0
2026-06-19 16:50:44.523,1781905844523,3821.1306,4.7,0,0,0
2026-06-19 16:50:44.563,1781905844563,3821.1306,4.5,0,0,0
2026-06-19 16:50:44.603,1781905844603,3821.1306,4.5,0,0,0
2026-06-19 16:50:44.643,1781905844643,3908.9519,4.6,0,0,0
2026-06-19 16:50:44.683,1781905844683,3908.9519,5.0,0,0,0
2026-06-19 16:50:44.723,1781905844723,3908.9519,4.5,0,0,0
2026-06-19 16:50:44.763,1781905844763,3908.9519,4.6,0,0,0
2026-06-19 16:50:44.803,1781905844803,3908.9519,5.0,0,0,0
2026-06-19 16:50:44.843,1781905844843,3908.9519,5.0,0,0,0
2026-06-19 16:50:44.883,1781905844883,3804.1294,4.5,0,0,0
2026-06-19 16:50:44.923,1781905844923,3804.1294,5.0,0,0,0
2026-06-19 16:50:44.963,1781905844963,3804.1294,4.6,0,0,0
2026-06-19 16:50:45.003,1781905845003,3804.1294,4.6,0,0,0
2026-06-19 16:50:45.043,1781905845043,3804.1294,4.6,0,0,0
2026-06-19 16:50:45.083,1781905845083,3804.1294,4.5,0,0,0
2026-06-19 16:50:45.123,1781905845123,3804.1294,5.1,0,0,0
2026-06-19 16:50:45.163,1781905845163,3826.6121,4.6,0,0,0
2026-06-19 16:50:45.203,1781905845203,3826.6121,4.7,0,0,0
2026-06-19 16:50:45.243,1781905845243,3826.6121,4.6,0,0,0
2026-06-19 16:50:45.283,1781905845283,3826.6121,5.0,0,0,0
2026-06-19 16:50:45.323,1781905845323,3826.6121,5.0,0,0,0
2026-06-19 16:50:45.363,1781905845363,3826.6121,5.0,0,0,0
2026-06-19 16:50:45.403,1781905845403,4195.6729,4.6,0,0,0
2026-06-19 16:50:45.443,1781905845443,4195.6729,4.6,0,0,0
2026-06-19 16:50:45.483,1781905845483,4195.6729,5.0,0,0,0
2026-06-19 16:50:45.523,1781905845523,4195.6729,4.4,0,0,0
2026-06-19 16:50:45.563,1781905845563,4195.6729,4.6,0,0,0
2026-06-19 16:50:45.603,1781905845603,4195.6729,4.6,0,0,0
2026-06-19 16:50:45.643,1781905845643,4195.6729,4.6,0,0,0
2026-06-19 16:50:45.683,1781905845683,3524.3518,4.5,0,0,0
2026-06-19 16:50:45.723,1781905845723,3524.3518,5.0,0,0,0
2026-06-19 16:50:45.763,1781905845763,3524.3518,4.6,0,0,0
2026-06-19 16:50:45.803,1781905845803,3524.3518,4.6,0,0,0
2026-06-19 16:50:45.843,1781905845843,3524.3518,4.5,0,0,0
2026-06-19 16:50:45.883,1781905845883,3524.3518,4.9,0,0,0
2026-06-19 16:50:45.923,1781905845923,4197.2896,4.6,0,0,0
2026-06-19 16:50:45.963,1781905845963,4197.2896,4.6,0,0,0
2026-06-19 16:50:46.003,1781905846003,4197.2896,5.0,0,0,0
2026-06-19 16:50:46.043,1781905846043,4197.2896,4.6,0,0,0
2026-06-19 16:50:46.083,1781905846083,4197.2896,4.5,0,0,0
2026-06-19 16:50:46.123,1781905846123,4197.2896,5.0,0,0,0
2026-06-19 16:50:46.163,1781905846163,4197.2896,4.5,0,0,0
2026-06-19 16:50:46.203,1781905846203,3971.9807,4.5,0,0,0
2026-06-19 16:50:46.243,1781905846243,3971.9807,4.6,0,0,0
2026-06-19 16:50:46.283,1781905846283,3971.9807,4.5,0,0,0
2026-06-19 16:50:46.323,1781905846323,3971.9807,4.6,0,0,0
2026-06-19 16:50:46.363,1781905846363,3971.9807,4.6,0,0,0
2026-06-19 16:50:46.403,1781905846403,3971.9807,4.6,0,0,0
2026-06-19 16:50:46.443,1781905846443,4025.8145,4.5,0,0,0
2026-06-19 16:50:46.483,1781905846483,4025.8145,4.5,0,0,0
2026-06-19 16:50:46.523,1781905846523,4025.8145,4.5,0,0,0
2026-06-19 16:50:46.563,1781905846563,4025.8145,4.6,0,0,0
2026-06-19 16:50:46.603,1781905846603,4025.8145,4.7,0,0,0
2026-06-19 16:50:46.643,1781905846643,4025.8145,4.5,0,0,0
2026-06-19 16:50:46.683,1781905846683,4025.8145,4.5,0,0,0
2026-06-19 16:50:46.723,1781905846723,3999.1794,4.6,0,0,0
2026-06-19 16:50:46.763,1781905846763,3999.1794,5.1,0,0,0
2026-06-19 16:50:46.803,1781905846803,3999.1794,4.5,0,0,0
2026-06-19 16:50:46.843,1781905846843,3999.1794,4.5,0,0,0
2026-06-19 16:50:46.883,1781905846883,3999.1794,4.6,0,0,0
2026-06-19 16:50:46.923,1781905846923,3999.1794,4.6,0,0,0
2026-06-19 16:50:46.963,1781905846963,3826.6562,4.6,0,0,0
2026-06-19 16:50:47.003,1781905847003,3826.6562,4.7,0,0,0
2026-06-19 16:50:47.043,1781905847043,3826.6562,4.5,0,0,0
2026-06-19 16:50:47.083,1781905847083,3826.6562,4.6,0,0,0
2026-06-19 16:50:47.123,1781905847123,3826.6562,4.5,0,0,0
2026-06-19 16:50:47.163,1781905847163,3826.6562,4.5,0,0,0
2026-06-19 16:50:47.203,1781905847203,3826.6562,5.1,0,0,0
2026-06-19 16:50:47.243,1781905847243,4229.4185,4.6,0,0,0
2026-06-19 16:50:47.283,1781905847283,4229.4185,4.6,0,0,0
2026-06-19 16:50:47.323,1781905847323,4229.4185,5.1,0,0,0
2026-06-19 16:50:47.363,1781905847363,4229.4185,5.0,0,0,0
2026-06-19 16:50:47.403,1781905847403,4229.4185,4.5,0,0,0
2026-06-19 16:50:47.443,1781905847443,4229.4185,4.6,0,0,0
2026-06-19 16:50:47.483,1781905847483,3789.7688,4.5,0,0,0
2026-06-19 16:50:47.523,1781905847523,3789.7688,5.0,0,0,0
2026-06-19 16:50:47.563,1781905847563,3789.7688,4.5,0,0,0
2026-06-19 16:50:47.603,1781905847603,3789.7688,4.5,0,0,0
2026-06-19 16:50:47.643,1781905847643,3789.7688,4.5,0,0,0
2026-06-19 16:50:47.684,1781905847684,3789.7688,5.1,0,0,0
2026-06-19 16:50:47.723,1781905847723,3789.7688,4.5,0,0,0
2026-06-19 16:50:47.763,1781905847763,4366.5093,5.0,0,0,0
2026-06-19 16:50:47.803,1781905847803,4366.5093,5.0,0,0,0
2026-06-19 16:50:47.843,1781905847843,4366.5093,4.5,0,0,0
2026-06-19 16:50:47.883,1781905847883,4366.5093,5.1,0,0,0
2026-06-19 16:50:47.923,1781905847923,4366.5093,4.6,0,0,0
2026-06-19 16:50:47.963,1781905847963,4366.5093,4.5,0,0,0
2026-06-19 16:50:48.003,1781905848003,3834.8132,4.6,0,0,0
2026-06-19 16:50:48.043,1781905848043,3834.8132,4.5,0,0,0
2026-06-19 16:50:48.083,1781905848083,3834.8132,4.5,0,0,0
2026-06-19 16:50:48.123,1781905848123,3834.8132,4.5,0,0,0
2026-06-19 16:50:48.163,1781905848163,3834.8132,4.6,0,0,0
2026-06-19 16:50:48.203,1781905848203,3834.8132,4.6,0,0,0
2026-06-19 16:50:48.243,1781905848243,3834.8132,5.0,0,0,0
2026-06-19 16:50:48.283,1781905848283,3678.7034,5.0,0,0,0
2026-06-19 16:50:48.323,1781905848323,3678.7034,4.6,0,0,0
2026-06-19 16:50:48.363,1781905848363,3678.7034,4.6,0,0,0
2026-06-19 16:50:48.403,1781905848403,3678.7034,4.9,0,0,0
2026-06-19 16:50:48.443,1781905848443,3678.7034,4.6,0,0,0
2026-06-19 16:50:48.483,1781905848483,3678.7034,4.6,0,0,0
2026-06-19 16:50:48.523,1781905848523,3692.4009,4.6,0,0,0
2026-06-19 16:50:48.563,1781905848563,3692.4009,4.5,0,0,0
2026-06-19 16:50:48.603,1781905848603,3692.4009,4.5,0,0,0
2026-06-19 16:50:48.643,1781905848643,3692.4009,4.6,0,0,0
2026-06-19 16:50:48.683,1781905848683,3692.4009,4.6,0,0,0
2026-06-19 16:50:48.723,1781905848723,3692.4009,4.5,0,0,0
2026-06-19 16:50:48.763,1781905848763,3692.4009,4.6,0,0,0
2026-06-19 16:50:48.803,1781905848803,4128.1484,4.6,0,0,0
2026-06-19 16:50:48.843,1781905848843,4128.1484,4.6,0,0,0
2026-06-19 16:50:48.883,1781905848883,4128.1484,4.5,0,0,0
2026-06-19 16:50:48.923,1781905848923,4128.1484,4.5,0,0,0
2026-06-19 16:50:48.963,1781905848963,4128.1484,5.0,0,0,0
2026-06-19 16:50:49.003,1781905849003,4128.1484,4.5,0,0,0
2026-06-19 16:50:49.043,1781905849043,3980.0046,4.5,0,0,0
2026-06-19 16:50:49.083,1781905849083,3980.0046,4.6,0,0,0
2026-06-19 16:50:49.123,1781905849123,3980.0046,4.6,0,0,0
2026-06-19 16:50:49.163,1781905849163,3980.0046,4.5,0,0,0
2026-06-19 16:50:49.203,1781905849203,3980.0046,4.5,0,0,0
2026-06-19 16:50:49.243,1781905849243,3980.0046,4.6,0,0,0
2026-06-19 16:50:49.283,1781905849283,3980.0046,4.6,0,0,0
2026-06-19 16:50:49.323,1781905849323,4325.2007,4.5,0,0,0
2026-06-19 16:50:49.363,1781905849363,4325.2007,4.9,0,0,0
2026-06-19 16:50:49.403,1781905849403,4325.2007,4.9,0,0,0
2026-06-19 16:50:49.443,1781905849443,4325.2007,4.5,0,0,0
2026-06-19 16:50:49.483,1781905849483,4325.2007,4.6,0,0,0
2026-06-19 16:50:49.523,1781905849523,4325.2007,4.6,0,0,0
2026-06-19 16:50:49.563,1781905849563,3909.0247,4.6,0,0,0
2026-06-19 16:50:49.603,1781905849603,3909.0247,5.0,0,0,0
2026-06-19 16:50:49.643,1781905849643,3909.0247,4.6,0,0,0
2026-06-19 16:50:49.683,1781905849683,3909.0247,4.6,0,0,0
2026-06-19 16:50:49.723,1781905849723,3909.0247,4.5,0,0,0
2026-06-19 16:50:49.763,1781905849763,3909.0247,4.6,0,0,0
2026-06-19 16:50:49.803,1781905849803,3909.0247,4.7,0,0,0
2026-06-19 16:50:49.843,1781905849843,4338.7969,4.6,0,0,0
2026-06-19 16:50:49.883,1781905849883,4338.7969,4.5,0,0,0
2026-06-19 16:50:49.923,1781905849923,4338.7969,5.0,0,0,0
2026-06-19 16:50:49.963,1781905849963,4338.7969,4.5,0,0,0
2026-06-19 16:50:50.003,1781905850003,4338.7969,4.6,0,0,0
2026-06-19 16:50:50.043,1781905850043,4338.7969,4.6,0,0,0
2026-06-19 16:50:50.083,1781905850083,3960.6709,4.6,0,0,0
2026-06-19 16:50:50.123,1781905850123,3960.6709,4.5,0,0,0
2026-06-19 16:50:50.163,1781905850163,3960.6709,5.1,0,0,0
2026-06-19 16:50:50.203,1781905850203,3960.6709,4.5,0,0,0
2026-06-19 16:50:50.243,1781905850243,3960.6709,4.6,0,0,0
2026-06-19 16:50:50.283,1781905850283,3960.6709,4.5,0,0,0
2026-06-19 16:50:50.323,1781905850323,3960.6709,5.0,0,0,0
2026-06-19 16:50:50.363,1781905850363,3797.4062,4.6,0,0,0
2026-06-19 16:50:50.403,1781905850403,3797.4062,4.6,0,0,0
2026-06-19 16:50:50.443,1781905850443,3797.4062,4.5,0,0,0
2026-06-19 16:50:50.483,1781905850483,3797.4062,4.5,0,0,0
2026-06-19 16:50:50.523,1781905850523,3797.4062,4.5,0,0,0
2026-06-19 16:50:50.563,1781905850563,3797.4062,4.5,0,0,0
2026-06-19 16:50:50.603,1781905850603,3821.9067,4.6,0,0,0
2026-06-19 16:50:50.643,1781905850643,3821.9067,4.6,0,0,0
2026-06-19 16:50:50.683,1781905850683,3821.9067,5.0,0,0,0
2026-06-19 16:50:50.723,1781905850723,3821.9067,4.5,0,0,0
2026-06-19 16:50:50.763,1781905850763,3821.9067,4.5,0,0,0
2026-06-19 16:50:50.803,1781905850803,3821.9067,4.5,0,0,0
2026-06-19 16:50:50.843,1781905850843,3821.9067,4.5,0,0,0
2026-06-19 16:50:50.883,1781905850883,3739.8430,4.6,0,0,0
2026-06-19 16:50:50.923,1781905850923,3739.8430,4.5,0,0,0
2026-06-19 16:50:50.963,1781905850963,3739.8430,4.7,0,0,0
2026-06-19 16:50:51.003,1781905851003,3739.8430,4.6,0,0,0
2026-06-19 16:50:51.043,1781905851043,3739.8430,4.6,0,0,0
2026-06-19 16:50:51.083,1781905851084,3739.8430,4.6,0,0,0
2026-06-19 16:50:51.123,1781905851123,3884.8499,4.5,0,0,0
2026-06-19 16:50:51.163,1781905851163,3884.8499,4.5,0,0,0
2026-06-19 16:50:51.203,1781905851203,3884.8499,4.6,0,0,0
2026-06-19 16:50:51.243,1781905851243,3884.8499,4.6,0,0,0
2026-06-19 16:50:51.283,1781905851283,3884.8499,4.6,0,0,0
2026-06-19 16:50:51.323,1781905851323,3884.8499,4.6,0,0,0
2026-06-19 16:50:51.363,1781905851363,3884.8499,4.6,0,0,0
2026-06-19 16:50:51.404,1781905851404,4211.5977,4.6,0,0,0
2026-06-19 16:50:51.443,1781905851443,4211.5977,4.5,0,0,0
2026-06-19 16:50:51.483,1781905851483,4211.5977,4.5,0,0,0
2026-06-19 16:50:51.523,1781905851523,4211.5977,5.1,0,0,0
2026-06-19 16:50:51.563,1781905851563,4211.5977,4.6,0,0,0
2026-06-19 16:50:51.603,1781905851603,4211.5977,5.1,0,0,0
2026-06-19 16:50:51.643,1781905851643,4123.7231,5.0,0,0,0
2026-06-19 16:50:51.683,1781905851683,4123.7231,4.5,0,0,0
2026-06-19 16:50:51.723,1781905851723,4123.7231,4.9,0,0,0
2026-06-19 16:50:51.763,1781905851763,4123.7231,4.6,0,0,0
2026-06-19 16:50:51.803,1781905851803,4123.7231,4.6,0,0,0
2026-06-19 16:50:51.843,1781905851843,4123.7231,4.6,0,0,0
2026-06-19 16:50:51.883,1781905851883,4123.7231,5.1,0,0,0
2026-06-19 16:50:51.923,1781905851923,3709.9873,4.6,0,0,0
2026-06-19 16:50:51.963,1781905851963,3709.9873,4.5,0,0,0
2026-06-19 16:50:52.003,1781905852003,3709.9873,4.5,0,0,0
2026-06-19 16:50:52.043,1781905852043,3709.9873,4.5,0,0,0
2026-06-19 16:50:52.083,1781905852083,3709.9873,4.6,0,0,0
2026-06-19 16:50:52.123,1781905852123,3709.9873,4.6,0,0,0
2026-06-19 16:50:52.163,1781905852163,2386.1890,4.5,0,0,0
2026-06-19 16:50:52.203,1781905852203,2386.1890,4.6,0,0,0
2026-06-19 16:50:52.244,1781905852244,2386.1890,4.6,0,0,0
2026-06-19 16:50:52.283,1781905852283,2386.1890,5.1,0,0,0
2026-06-19 16:50:52.323,1781905852323,2386.1890,5.0,0,0,0
2026-06-19 16:50:52.363,1781905852363,2386.1890,4.5,0,0,0
2026-06-19 16:50:52.403,1781905852403,2386.1890,5.1,0,0,0
2026-06-19 16:50:52.443,1781905852443,981.5704,4.6,0,0,0
2026-06-19 16:50:52.483,1781905852483,981.5704,5.0,0,0,0
2026-06-19 16:50:52.523,1781905852523,981.5704,5.1,0,0,0
2026-06-19 16:50:52.563,1781905852563,981.5704,5.0,0,0,0
2026-06-19 16:50:52.603,1781905852603,981.5704,5.1,0,0,0
2026-06-19 16:50:52.643,1781905852643,981.5704,5.0,0,0,0
2026-06-19 16:50:52.683,1781905852683,318.9998,5.0,0,0,0
2026-06-19 16:50:52.723,1781905852723,318.9998,5.0,0,0,0
2026-06-19 16:50:52.763,1781905852763,318.9998,4.9,0,0,0
2026-06-19 16:50:52.803,1781905852803,318.9998,5.1,0,0,0
2026-06-19 16:50:52.843,1781905852843,318.9998,5.0,0,0,0
2026-06-19 16:50:52.883,1781905852883,318.9998,4.9,0,0,0
2026-06-19 16:50:52.923,1781905852923,318.9998,5.0,0,0,0
2026-06-19 16:50:52.963,1781905852963,177.0694,5.0,0,0,0
2026-06-19 16:50:53.003,1781905853003,177.0694,5.0,0,0,0
2026-06-19 16:50:53.043,1781905853043,177.0694,5.0,0,0,0
2026-06-19 16:50:53.083,1781905853083,177.0694,5.1,0,0,0
2026-06-19 16:50:53.123,1781905853123,177.0694,5.1,0,0,0
2026-06-19 16:50:53.163,1781905853163,177.0694,5.1,0,0,0
2026-06-19 16:50:53.203,1781905853203,161.7863,5.0,0,0,0
2026-06-19 16:50:53.243,1781905853243,161.7863,5.0,0,0,0
2026-06-19 16:50:53.283,1781905853283,161.7863,5.1,0,0,0
2026-06-19 16:50:53.324,1781905853324,161.7863,5.0,0,0,0
2026-06-19 16:50:53.363,1781905853363,161.7863,4.9,0,0,0
2026-06-19 16:50:53.403,1781905853403,161.7863,5.1,0,0,0
2026-06-19 16:50:53.443,1781905853444,161.7863,5.0,0,0,0
2026-06-19 16:50:53.483,1781905853483,166.4026,5.0,0,0,0
2026-06-19 16:50:53.523,1781905853523,166.4026,5.1,0,0,0
2026-06-19 16:50:53.563,1781905853563,166.4026,5.1,0,0,0
2026-06-19 16:50:53.603,1781905853603,166.4026,5.0,0,0,0
2026-06-19 16:50:53.643,1781905853643,166.4026,5.1,0,0,0
2026-06-19 16:50:53.683,1781905853683,166.4026,5.0,0,0,0
2026-06-19 16:50:53.723,1781905853723,247.6489,5.0,0,0,0
2026-06-19 16:50:53.763,1781905853763,247.6489,4.9,0,0,0
2026-06-19 16:50:53.803,1781905853803,247.6489,5.0,0,0,0
2026-06-19 16:50:53.843,1781905853843,247.6489,4.9,0,0,0
2026-06-19 16:50:53.883,1781905853883,247.6489,5.0,0,0,0
2026-06-19 16:50:53.923,1781905853923,247.6489,5.0,0,0,0
2026-06-19 16:50:53.963,1781905853963,247.6489,5.1,0,0,0
2026-06-19 16:50:54.003,1781905854003,154.8226,5.0,0,0,0
2026-06-19 16:50:54.043,1781905854043,154.8226,5.0,0,0,0
2026-06-19 16:50:54.083,1781905854083,154.8226,5.0,0,0,0
2026-06-19 16:50:54.123,1781905854123,154.8226,4.9,0,0,0
2026-06-19 16:50:54.163,1781905854163,154.8226,5.0,0,0,0
2026-06-19 16:50:54.203,1781905854203,154.8226,5.0,0,0,0
2026-06-19 16:50:54.243,1781905854243,153.1640,5.0,0,0,0
2026-06-19 16:50:54.283,1781905854283,153.1640,5.0,0,0,0
2026-06-19 16:50:54.323,1781905854323,153.1640,4.9,0,0,0
2026-06-19 16:50:54.363,1781905854363,153.1640,5.0,0,0,0
2026-06-19 16:50:54.403,1781905854403,153.1640,5.0,0,0,0
2026-06-19 16:50:54.444,1781905854444,153.1640,5.0,0,0,0
2026-06-19 16:50:54.483,1781905854483,153.1640,5.0,0,0,0
2026-06-19 16:50:54.523,1781905854523,154.1147,5.0,0,0,0
2026-06-19 16:50:54.563,1781905854563,154.1147,5.0,0,0,0
2026-06-19 16:50:54.603,1781905854603,154.1147,4.9,0,0,0
2026-06-19 16:50:54.643,1781905854643,154.1147,5.0,0,0,0
2026-06-19 16:50:54.683,1781905854683,154.1147,5.0,0,0,0
2026-06-19 16:50:54.723,1781905854723,154.1147,5.0,0,0,0
2026-06-19 16:50:54.763,1781905854763,165.6210,5.0,0,0,0
2026-06-19 16:50:54.803,1781905854803,165.6210,5.0,0,0,0
2026-06-19 16:50:54.843,1781905854843,165.6210,5.0,0,0,0
2026-06-19 16:50:54.883,1781905854883,165.6210,5.0,0,0,0
2026-06-19 16:50:54.923,1781905854923,165.6210,5.0,0,0,0
2026-06-19 16:50:54.963,1781905854963,165.6210,5.1,0,0,0
2026-06-19 16:50:55.003,1781905855003,165.6210,5.0,0,0,0
2026-06-19 16:50:55.043,1781905855043,144.0732,5.0,0,0,0
2026-06-19 16:50:55.083,1781905855083,144.0732,5.0,0,0,0
2026-06-19 16:50:55.123,1781905855123,144.0732,5.1,0,0,0
2026-06-19 16:50:55.163,1781905855163,144.0732,5.1,0,0,0
2026-06-19 16:50:55.203,1781905855203,144.0732,5.1,0,0,0
2026-06-19 16:50:55.243,1781905855243,144.0732,5.1,0,0,0
2026-06-19 16:50:55.284,1781905855284,151.6602,5.0,0,0,0
2026-06-19 16:50:55.324,1781905855324,151.6602,5.1,0,0,0
2026-06-19 16:50:55.364,1781905855364,151.6602,5.1,0,0,0
2026-06-19 16:50:55.403,1781905855403,151.6602,5.0,0,0,0
2026-06-19 16:50:55.443,1781905855443,151.6602,5.0,0,0,0
2026-06-19 16:50:55.483,1781905855483,151.6602,5.0,0,0,0
2026-06-19 16:50:55.524,1781905855524,151.6602,5.0,0,0,0
2026-06-19 16:50:55.563,1781905855563,186.0513,5.0,0,0,0
2026-06-19 16:50:55.603,1781905855603,186.0513,5.1,0,0,0
2026-06-19 16:50:55.643,1781905855643,186.0513,5.0,0,0,0
2026-06-19 16:50:55.683,1781905855683,186.0513,5.0,0,0,0
2026-06-19 16:50:55.723,1781905855723,186.0513,5.1,0,0,0
2026-06-19 16:50:55.763,1781905855763,186.0513,5.0,0,0,0
2026-06-19 16:50:55.803,1781905855803,163.8826,5.0,0,0,0
2026-06-19 16:50:55.843,1781905855843,163.8826,5.0,0,0,0
2026-06-19 16:50:55.883,1781905855883,163.8826,5.1,0,0,0
2026-06-19 16:50:55.923,1781905855923,163.8826,5.1,0,0,0
2026-06-19 16:50:55.963,1781905855963,163.8826,5.1,0,0,0
2026-06-19 16:50:56.003,1781905856003,163.8826,5.0,0,0,0
2026-06-19 16:50:56.043,1781905856043,163.8826,5.1,0,0,0
2026-06-19 16:50:56.083,1781905856083,146.4478,5.0,0,0,0
2026-06-19 16:50:56.123,1781905856123,146.4478,5.0,0,0,0
2026-06-19 16:50:56.163,1781905856163,146.4478,5.0,0,0,0
2026-06-19 16:50:56.203,1781905856203,146.4478,5.0,0,0,0
2026-06-19 16:50:56.243,1781905856243,146.4478,5.0,0,0,0
2026-06-19 16:50:56.283,1781905856283,146.4478,4.9,0,0,0
2026-06-19 16:50:56.323,1781905856323,154.7843,5.0,0,0,0
2026-06-19 16:50:56.363,1781905856363,154.7843,5.0,0,0,0
2026-06-19 16:50:56.403,1781905856403,154.7843,4.9,0,0,0
2026-06-19 16:50:56.443,1781905856443,154.7843,4.9,0,0,0
2026-06-19 16:50:56.483,1781905856483,154.7843,4.9,0,0,0
2026-06-19 16:50:56.523,1781905856523,154.7843,5.1,0,0,0
2026-06-19 16:50:56.563,1781905856563,154.7843,5.1,0,0,0
2026-06-19 16:50:56.603,1781905856603,150.6569,5.0,0,0,0
2026-06-19 16:50:56.643,1781905856643,150.6569,5.0,0,0,0
2026-06-19 16:50:56.683,1781905856683,150.6569,5.1,0,0,0
2026-06-19 16:50:56.723,1781905856723,150.6569,5.0,0,0,0
2026-06-19 16:50:56.763,1781905856763,150.6569,4.9,0,0,0
2026-06-19 16:50:56.803,1781905856803,150.6569,5.0,0,0,0
2026-06-19 16:50:56.843,1781905856843,169.2700,5.0,0,0,0
2026-06-19 16:50:56.884,1781905856884,169.2700,5.0,0,0,0
2026-06-19 16:50:56.923,1781905856923,169.2700,5.0,0,0,0
2026-06-19 16:50:56.963,1781905856963,169.2700,5.0,0,0,0
2026-06-19 16:50:57.003,1781905857003,169.2700,5.0,0,0,0
2026-06-19 16:50:57.043,1781905857043,169.2700,5.1,0,0,0
2026-06-19 16:50:57.083,1781905857083,169.2700,5.0,0,0,0
2026-06-19 16:50:57.123,1781905857123,205.1987,5.0,0,0,0
2026-06-19 16:50:57.163,1781905857163,205.1987,5.1,0,0,0
2026-06-19 16:50:57.203,1781905857203,205.1987,5.1,0,0,0
2026-06-19 16:50:57.243,1781905857243,205.1987,5.0,0,0,0
2026-06-19 16:50:57.283,1781905857283,205.1987,5.0,0,0,0
2026-06-19 16:50:57.323,1781905857323,205.1987,5.0,0,0,0
2026-06-19 16:50:57.363,1781905857363,178.8539,5.0,0,0,0
2026-06-19 16:50:57.403,1781905857403,178.8539,5.0,0,0,0
2026-06-19 16:50:57.443,1781905857443,178.8539,4.9,0,0,0
2026-06-19 16:50:57.483,1781905857483,178.8539,5.0,0,0,0
2026-06-19 16:50:57.523,1781905857523,178.8539,5.0,0,0,0
2026-06-19 16:50:57.563,1781905857563,178.8539,5.0,0,0,0
2026-06-19 16:50:57.603,1781905857603,178.8539,5.0,0,0,0
2026-06-19 16:50:57.643,1781905857643,169.7390,5.0,0,0,0
2026-06-19 16:50:57.683,1781905857683,169.7390,5.0,0,0,0
2026-06-19 16:50:57.723,1781905857723,169.7390,5.1,0,0,0
2026-06-19 16:50:57.763,1781905857763,169.7390,5.0,0,0,0
2026-06-19 16:50:57.803,1781905857803,169.7390,5.1,0,0,0
2026-06-19 16:50:57.843,1781905857844,169.7390,5.0,0,0,0
2026-06-19 16:50:57.883,1781905857883,175.3237,5.0,0,0,0
2026-06-19 16:50:57.923,1781905857923,175.3237,5.0,0,0,0
2026-06-19 16:50:57.963,1781905857963,175.3237,4.9,0,0,0
2026-06-19 16:50:58.003,1781905858003,175.3237,5.0,0,0,0
2026-06-19 16:50:58.043,1781905858043,175.3237,5.1,0,0,0
2026-06-19 16:50:58.083,1781905858083,175.3237,5.0,0,0,0
2026-06-19 16:50:58.123,1781905858123,175.3237,5.0,0,0,0
2026-06-19 16:50:58.163,1781905858163,268.3391,5.0,0,0,0
2026-06-19 16:50:58.203,1781905858203,268.3391,5.0,0,0,0
2026-06-19 16:50:58.243,1781905858243,268.3391,5.0,0,0,0
2026-06-19 16:50:58.283,1781905858283,268.3391,5.1,0,0,0
2026-06-19 16:50:58.323,1781905858323,268.3391,5.0,0,0,0
2026-06-19 16:50:58.363,1781905858363,268.3391,5.0,0,0,0
2026-06-19 16:50:58.404,1781905858404,167.0079,5.0,0,0,0
2026-06-19 16:50:58.443,1781905858443,167.0079,5.1,0,0,0
2026-06-19 16:50:58.483,1781905858483,167.0079,5.1,0,0,0
2026-06-19 16:50:58.523,1781905858523,167.0079,5.0,0,0,0
2026-06-19 16:50:58.563,1781905858563,167.0079,5.0,0,0,0
2026-06-19 16:50:58.603,1781905858603,167.0079,4.9,0,0,0
2026-06-19 16:50:58.643,1781905858643,167.0079,5.0,0,0,0
2026-06-19 16:50:58.683,1781905858683,163.7386,5.0,0,0,0
2026-06-19 16:50:58.723,1781905858723,163.7386,5.0,0,0,0
2026-06-19 16:50:58.763,1781905858763,163.7386,5.0,0,0,0
2026-06-19 16:50:58.803,1781905858803,163.7386,5.1,0,0,0
2026-06-19 16:50:58.843,1781905858843,163.7386,5.1,0,0,0
2026-06-19 16:50:58.883,1781905858883,163.7386,5.0,0,0,0
2026-06-19 16:50:58.923,1781905858923,171.6854,5.0,0,0,0
2026-06-19 16:50:58.963,1781905858963,171.6854,5.0,0,0,0
2026-06-19 16:50:59.003,1781905859003,171.6854,5.0,0,0,0
2026-06-19 16:50:59.043,1781905859043,171.6854,5.0,0,0,0
2026-06-19 16:50:59.083,1781905859083,171.6854,5.1,0,0,0
2026-06-19 16:50:59.123,1781905859123,171.6854,5.0,0,0,0
2026-06-19 16:50:59.163,1781905859163,171.6854,5.0,0,0,0
2026-06-19 16:50:59.203,1781905859203,166.0420,5.0,0,0,0
2026-06-19 16:50:59.243,1781905859243,166.0420,5.0,0,0,0
2026-06-19 16:50:59.283,1781905859283,166.0420,5.0,0,0,0
2026-06-19 16:50:59.323,1781905859323,166.0420,5.1,0,0,0
2026-06-19 16:50:59.364,1781905859364,166.0420,5.1,0,0,0
2026-06-19 16:50:59.403,1781905859403,166.0420,5.0,0,0,0
2026-06-19 16:50:59.443,1781905859443,169.0920,5.0,0,0,0
2026-06-19 16:50:59.483,1781905859483,169.0920,4.9,0,0,0
2026-06-19 16:50:59.523,1781905859523,169.0920,5.0,0,0,0
2026-06-19 16:50:59.563,1781905859563,169.0920,5.0,0,0,0
2026-06-19 16:50:59.603,1781905859603,169.0920,5.1,0,0,0
2026-06-19 16:50:59.643,1781905859643,169.0920,5.1,0,0,0
2026-06-19 16:50:59.683,1781905859683,169.0920,5.0,0,0,0
2026-06-19 16:50:59.723,1781905859723,181.7257,5.0,0,0,0
2026-06-19 16:50:59.763,1781905859763,181.7257,5.1,0,0,0
2026-06-19 16:50:59.803,1781905859803,181.7257,5.0,0,0,0
2026-06-19 16:50:59.843,1781905859843,181.7257,5.0,0,0,0
2026-06-19 16:50:59.883,1781905859883,181.7257,5.0,0,0,0
2026-06-19 16:50:59.923,1781905859923,181.7257,4.9,0,0,0
2026-06-19 16:50:59.963,1781905859963,172.7071,5.0,0,0,0
2026-06-19 16:51:00.003,1781905860003,172.7071,5.1,0,0,0
2026-06-19 16:51:00.043,1781905860043,172.7071,5.0,0,0,0
2026-06-19 16:51:00.083,1781905860083,172.7071,5.0,0,0,0
2026-06-19 16:51:00.123,1781905860123,172.7071,5.0,0,0,0
2026-06-19 16:51:00.163,1781905860163,172.7071,5.0,0,0,0
2026-06-19 16:51:00.203,1781905860203,172.7071,5.1,0,0,0
2026-06-19 16:51:00.243,1781905860243,163.2179,5.0,0,0,0
2026-06-19 16:51:00.284,1781905860284,163.2179,5.0,0,0,0
2026-06-19 16:51:00.323,1781905860323,163.2179,5.0,0,0,0
2026-06-19 16:51:00.364,1781905860364,163.2179,5.0,0,0,0
2026-06-19 16:51:00.403,1781905860403,163.2179,5.1,0,0,0
2026-06-19 16:51:00.443,1781905860443,163.2179,5.0,0,0,0
2026-06-19 16:51:00.483,1781905860483,168.5196,5.0,0,0,0
2026-06-19 16:51:00.524,1781905860524,168.5196,4.9,0,0,0
2026-06-19 16:51:00.563,1781905860563,168.5196,5.0,0,0,0
2026-06-19 16:51:00.603,1781905860603,168.5196,5.1,0,0,0
2026-06-19 16:51:00.643,1781905860643,168.5196,5.1,0,0,0
2026-06-19 16:51:00.683,1781905860683,168.5196,5.0,0,0,0
2026-06-19 16:51:00.723,1781905860723,168.5196,5.0,0,0,0
2026-06-19 16:51:00.763,1781905860763,167.2769,5.0,0,0,0
2026-06-19 16:51:00.803,1781905860803,167.2769,5.0,0,0,0
2026-06-19 16:51:00.843,1781905860843,167.2769,5.0,0,0,0
2026-06-19 16:51:00.883,1781905860883,167.2769,5.0,0,0,0
2026-06-19 16:51:00.923,1781905860923,167.2769,5.0,0,0,0
2026-06-19 16:51:00.963,1781905860963,167.2769,5.0,0,0,0
2026-06-19 16:51:01.003,1781905861003,181.9807,5.0,0,0,0
2026-06-19 16:51:01.043,1781905861043,181.9807,5.0,0,0,0
2026-06-19 16:51:01.083,1781905861083,181.9807,5.0,0,0,0
2026-06-19 16:51:01.123,1781905861124,181.9807,5.0,0,0,0
2026-06-19 16:51:01.163,1781905861163,181.9807,5.0,0,0,0
2026-06-19 16:51:01.203,1781905861203,181.9807,5.0,0,0,0
2026-06-19 16:51:01.243,1781905861243,181.9807,5.1,0,0,0
2026-06-19 16:51:01.283,1781905861283,171.0777,5.0,0,0,0
2026-06-19 16:51:01.323,1781905861323,171.0777,5.0,0,0,0
2026-06-19 16:51:01.363,1781905861363,171.0777,5.0,0,0,0
2026-06-19 16:51:01.403,1781905861403,171.0777,5.1,0,0,0
2026-06-19 16:51:01.443,1781905861443,171.0777,5.1,0,0,0
2026-06-19 16:51:01.483,1781905861483,171.0777,4.9,0,0,0
2026-06-19 16:51:01.523,1781905861523,172.2002,5.0,0,0,0
2026-06-19 16:51:01.563,1781905861563,172.2002,4.9,0,0,0
2026-06-19 16:51:01.603,1781905861603,172.2002,5.0,0,0,0
2026-06-19 16:51:01.643,1781905861643,172.2002,5.0,0,0,0
2026-06-19 16:51:01.683,1781905861683,172.2002,5.1,0,0,0
2026-06-19 16:51:01.723,1781905861723,172.2002,5.1,0,0,0
2026-06-19 16:51:01.764,1781905861764,172.2002,5.0,0,0,0
2026-06-19 16:51:01.803,1781905861803,157.7105,5.0,0,0,0
2026-06-19 16:51:01.843,1781905861843,157.7105,4.9,0,0,0
2026-06-19 16:51:01.883,1781905861883,157.7105,5.0,0,0,0
2026-06-19 16:51:01.924,1781905861924,157.7105,5.0,0,0,0
2026-06-19 16:51:01.963,1781905861963,157.7105,5.0,0,0,0
2026-06-19 16:51:02.003,1781905862003,157.7105,5.1,0,0,0
2026-06-19 16:51:02.043,1781905862043,153.2482,5.0,0,0,0
2026-06-19 16:51:02.084,1781905862084,153.2482,5.0,0,0,0
2026-06-19 16:51:02.124,1781905862124,153.2482,5.0,0,0,0
2026-06-19 16:51:02.163,1781905862164,153.2482,4.9,0,0,0
2026-06-19 16:51:02.203,1781905862204,153.2482,5.0,0,0,0
2026-06-19 16:51:02.244,1781905862244,153.2482,5.0,0,0,0
2026-06-19 16:51:02.283,1781905862283,153.2482,5.1,0,0,0
2026-06-19 16:51:02.324,1781905862324,138.6017,5.0,0,0,0
2026-06-19 16:51:02.363,1781905862363,138.6017,5.0,0,0,0
2026-06-19 16:51:02.403,1781905862403,138.6017,5.0,0,0,0
2026-06-19 16:51:02.443,1781905862443,138.6017,5.0,0,0,0
2026-06-19 16:51:02.483,1781905862483,138.6017,4.9,0,0,0
2026-06-19 16:51:02.523,1781905862523,138.6017,5.0,0,0,0
2026-06-19 16:51:02.563,1781905862563,140.7953,5.0,0,0,0
2026-06-19 16:51:02.604,1781905862604,140.7953,5.0,0,0,0
2026-06-19 16:51:02.643,1781905862643,140.7953,5.0,0,0,0
2026-06-19 16:51:02.683,1781905862683,140.7953,5.0,0,0,0
2026-06-19 16:51:02.723,1781905862723,140.7953,5.0,0,0,0
2026-06-19 16:51:02.764,1781905862764,140.7953,5.0,0,0,0
2026-06-19 16:51:02.803,1781905862804,140.7953,5.0,0,0,0
2026-06-19 16:51:02.844,1781905862844,142.2796,5.0,0,0,0
2026-06-19 16:51:02.883,1781905862883,142.2796,5.0,0,0,0
2026-06-19 16:51:02.923,1781905862923,142.2796,5.0,0,0,0
2026-06-19 16:51:02.963,1781905862963,142.2796,5.0,0,0,0
2026-06-19 16:51:03.003,1781905863003,142.2796,5.0,0,0,0
2026-06-19 16:51:03.043,1781905863043,142.2796,5.0,0,0,0
2026-06-19 16:51:03.083,1781905863083,131.4770,5.0,0,0,0
2026-06-19 16:51:03.123,1781905863123,131.4770,5.0,0,0,0
2026-06-19 16:51:03.163,1781905863163,131.4770,5.0,0,0,0
2026-06-19 16:51:03.204,1781905863204,131.4770,4.9,0,1,0
2026-06-19 16:51:03.243,1781905863243,131.4770,5.0,0,0,0
2026-06-19 16:51:03.283,1781905863283,131.4770,5.1,0,1,0
2026-06-19 16:51:03.323,1781905863323,131.4770,5.0,0,1,0
2026-06-19 16:51:03.364,1781905863364,136.2354,5.0,0,0,0
2026-06-19 16:51:03.403,1781905863403,136.2354,5.0,0,1,0
2026-06-19 16:51:03.443,1781905863444,136.2354,5.0,0,1,0
2026-06-19 16:51:03.484,1781905863484,136.2354,5.0,0,1,0
2026-06-19 16:51:03.523,1781905863524,136.2354,4.6,0,1,0
2026-06-19 16:51:03.563,1781905863563,136.2354,5.1,0,1,0
2026-06-19 16:51:03.603,1781905863603,127.4318,5.1,0,1,0
2026-06-19 16:51:03.643,1781905863643,127.4318,5.7,0,1,0
2026-06-19 16:51:03.683,1781905863683,127.4318,4.9,0,1,0
2026-06-19 16:51:03.723,1781905863723,127.4318,5.1,0,1,0
2026-06-19 16:51:03.763,1781905863763,127.4318,4.9,0,1,0
2026-06-19 16:51:03.803,1781905863803,127.4318,5.1,0,1,0
2026-06-19 16:51:03.843,1781905863843,127.4318,5.1,0,0,0
2026-06-19 16:51:03.884,1781905863884,132.4000,5.5,0,0,0
2026-06-19 16:51:03.923,1781905863923,132.4000,5.3,0,0,0
2026-06-19 16:51:03.963,1781905863964,132.4000,5.3,0,0,0
2026-06-19 16:51:04.003,1781905864003,132.4000,5.6,0,0,0
2026-06-19 16:51:04.043,1781905864043,132.4000,5.5,0,0,0
2026-06-19 16:51:04.083,1781905864083,132.4000,5.7,0,0,0
2026-06-19 16:51:04.124,1781905864124,233.9535,5.6,0,0,0
2026-06-19 16:51:04.163,1781905864163,233.9535,5.6,0,0,0
2026-06-19 16:51:04.203,1781905864203,233.9535,5.7,0,0,0
2026-06-19 16:51:04.243,1781905864243,233.9535,5.9,0,0,0
2026-06-19 16:51:04.283,1781905864283,233.9535,5.9,0,0,0
2026-06-19 16:51:04.323,1781905864323,233.9535,5.4,0,0,0
2026-06-19 16:51:04.364,1781905864364,233.9535,5.4,0,0,0
2026-06-19 16:51:04.404,1781905864404,138.0535,5.0,0,0,0
2026-06-19 16:51:04.444,1781905864444,138.0535,5.1,0,0,0
2026-06-19 16:51:04.483,1781905864484,138.0535,5.4,0,0,0
2026-06-19 16:51:04.523,1781905864523,138.0535,5.4,0,0,0
2026-06-19 16:51:04.563,1781905864563,138.0535,5.7,0,0,0
2026-06-19 16:51:04.603,1781905864603,138.0535,5.8,0,0,0
2026-06-19 16:51:04.643,1781905864643,154.5212,5.7,0,0,0
2026-06-19 16:51:04.684,1781905864684,154.5212,5.6,0,0,0
2026-06-19 16:51:04.723,1781905864723,154.5212,5.1,0,0,0
2026-06-19 16:51:04.763,1781905864763,154.5212,5.2,0,0,0
2026-06-19 16:51:04.804,1781905864804,154.5212,4.6,0,0,0
2026-06-19 16:51:04.844,1781905864844,154.5212,5.1,0,0,0
2026-06-19 16:51:04.884,1781905864884,154.5212,5.1,0,0,0
2026-06-19 16:51:04.924,1781905864924,135.6931,5.3,0,0,0
2026-06-19 16:51:04.963,1781905864963,135.6931,5.3,0,0,0
2026-06-19 16:51:05.003,1781905865004,135.6931,5.3,0,0,0
2026-06-19 16:51:05.043,1781905865043,135.6931,5.2,0,0,0
2026-06-19 16:51:05.084,1781905865084,135.6931,4.7,0,0,0
2026-06-19 16:51:05.124,1781905865124,135.6931,4.7,0,0,0
2026-06-19 16:51:05.163,1781905865163,131.7640,4.7,0,0,0
2026-06-19 16:51:05.203,1781905865203,131.7640,4.6,0,0,0
2026-06-19 16:51:05.243,1781905865244,131.7640,4.6,0,0,0
2026-06-19 16:51:05.284,1781905865284,131.7640,4.7,0,0,0
2026-06-19 16:51:05.324,1781905865324,131.7640,4.7,0,0,0
2026-06-19 16:51:05.363,1781905865363,131.7640,4.7,0,0,0
2026-06-19 16:51:05.403,1781905865403,131.7640,4.7,0,0,0
2026-06-19 16:51:05.444,1781905865444,133.5322,4.7,0,0,0
2026-06-19 16:51:05.483,1781905865484,133.5322,4.6,0,0,0
2026-06-19 16:51:05.524,1781905865524,133.5322,4.7,0,0,0
2026-06-19 16:51:05.563,1781905865563,133.5322,4.6,0,0,0
2026-06-19 16:51:05.603,1781905865604,133.5322,4.7,0,0,0
2026-06-19 16:51:05.644,1781905865644,133.5322,4.7,0,0,0
2026-06-19 16:51:05.684,1781905865684,122.1446,4.7,0,0,0
2026-06-19 16:51:05.723,1781905865723,122.1446,4.6,0,0,0
2026-06-19 16:51:05.763,1781905865763,122.1446,4.7,0,0,0
2026-06-19 16:51:05.803,1781905865803,122.1446,4.6,0,0,0
2026-06-19 16:51:05.844,1781905865844,122.1446,4.7,0,0,0
2026-06-19 16:51:05.884,1781905865884,122.1446,4.7,0,0,0
2026-06-19 16:51:05.923,1781905865924,122.1446,4.7,0,0,0
2026-06-19 16:51:05.963,1781905865963,125.6572,4.7,0,0,0
2026-06-19 16:51:06.004,1781905866004,125.6572,4.6,0,0,0
2026-06-19 16:51:06.043,1781905866043,125.6572,4.7,0,0,0
2026-06-19 16:51:06.084,1781905866084,125.6572,4.6,0,0,0
2026-06-19 16:51:06.123,1781905866123,125.6572,4.7,0,0,0
2026-06-19 16:51:06.163,1781905866163,125.6572,4.6,0,0,0
2026-06-19 16:51:06.203,1781905866203,126.5226,4.7,0,0,0
2026-06-19 16:51:06.243,1781905866243,126.5226,4.6,0,0,0
2026-06-19 16:51:06.283,1781905866283,126.5226,4.6,0,0,0
2026-06-19 16:51:06.323,1781905866323,126.5226,4.6,0,0,0
2026-06-19 16:51:06.364,1781905866364,126.5226,4.7,0,0,0
2026-06-19 16:51:06.404,1781905866404,126.5226,4.8,0,0,0
2026-06-19 16:51:06.444,1781905866444,126.5226,4.8,0,0,0
2026-06-19 16:51:06.484,1781905866484,138.7688,4.7,0,0,0
2026-06-19 16:51:06.524,1781905866524,138.7688,4.6,0,0,0
2026-06-19 16:51:06.563,1781905866564,138.7688,4.6,0,0,0
2026-06-19 16:51:06.603,1781905866603,138.7688,4.8,0,0,0
2026-06-19 16:51:06.644,1781905866644,138.7688,4.7,0,0,0
2026-06-19 16:51:06.684,1781905866684,138.7688,4.7,0,0,0
2026-06-19 16:51:06.724,1781905866724,141.1085,4.7,0,0,0
2026-06-19 16:51:06.764,1781905866764,141.1085,4.8,0,0,0
2026-06-19 16:51:06.804,1781905866804,141.1085,4.7,0,0,0
2026-06-19 16:51:06.844,1781905866844,141.1085,4.6,0,0,0
2026-06-19 16:51:06.884,1781905866884,141.1085,4.6,0,0,0
2026-06-19 16:51:06.923,1781905866923,141.1085,4.7,0,0,0
2026-06-19 16:51:06.964,1781905866964,141.1085,4.8,0,0,0
2026-06-19 16:51:07.003,1781905867004,148.2924,4.7,0,0,0
2026-06-19 16:51:07.043,1781905867044,148.2924,4.7,0,0,0
2026-06-19 16:51:07.084,1781905867084,148.2924,4.7,0,0,0
2026-06-19 16:51:07.123,1781905867123,148.2924,4.7,0,0,0
2026-06-19 16:51:07.164,1781905867164,148.2924,4.6,0,0,0
2026-06-19 16:51:07.203,1781905867203,148.2924,4.7,0,0,0
2026-06-19 16:51:07.243,1781905867243,160.2129,4.7,0,0,0
2026-06-19 16:51:07.284,1781905867284,160.2129,4.6,0,0,0
2026-06-19 16:51:07.324,1781905867324,160.2129,4.7,0,0,0
2026-06-19 16:51:07.364,1781905867364,160.2129,4.6,0,0,0
2026-06-19 16:51:07.403,1781905867403,160.2129,4.6,0,0,0
2026-06-19 16:51:07.443,1781905867443,160.2129,4.8,0,0,0
2026-06-19 16:51:07.484,1781905867484,160.2129,4.7,0,0,0
2026-06-19 16:51:07.524,1781905867524,164.5151,4.7,0,0,0
2026-06-19 16:51:07.563,1781905867564,164.5151,4.6,0,0,0
2026-06-19 16:51:07.604,1781905867604,164.5151,4.6,0,0,0
2026-06-19 16:51:07.644,1781905867644,164.5151,4.7,0,0,0
2026-06-19 16:51:07.684,1781905867684,164.5151,4.7,0,0,0
2026-06-19 16:51:07.724,1781905867724,164.5151,4.7,0,0,0
2026-06-19 16:51:07.764,1781905867764,179.6585,4.6,0,0,0
2026-06-19 16:51:07.804,1781905867804,179.6585,4.7,0,0,0
2026-06-19 16:51:07.844,1781905867844,179.6585,4.7,0,0,0
2026-06-19 16:51:07.884,1781905867884,179.6585,4.7,0,0,0
2026-06-19 16:51:07.924,1781905867924,179.6585,4.7,0,0,0
2026-06-19 16:51:07.964,1781905867964,179.6585,4.7,0,0,0
2026-06-19 16:51:08.004,1781905868004,179.6585,4.7,0,0,0
2026-06-19 16:51:08.044,1781905868044,165.2614,4.7,0,0,0
2026-06-19 16:51:08.084,1781905868084,165.2614,4.7,0,0,0
2026-06-19 16:51:08.124,1781905868124,165.2614,4.7,0,0,0
2026-06-19 16:51:08.164,1781905868164,165.2614,4.6,0,0,0
2026-06-19 16:51:08.204,1781905868204,165.2614,4.6,0,0,0
2026-06-19 16:51:08.243,1781905868244,165.2614,4.7,0,0,0
2026-06-19 16:51:08.284,1781905868284,173.2413,4.7,0,0,0
2026-06-19 16:51:08.324,1781905868324,173.2413,4.6,0,0,0
2026-06-19 16:51:08.363,1781905868363,173.2413,4.7,0,0,0
2026-06-19 16:51:08.404,1781905868404,173.2413,4.6,0,0,0
2026-06-19 16:51:08.443,1781905868444,173.2413,4.6,0,0,0
2026-06-19 16:51:08.484,1781905868484,173.2413,4.7,0,0,0
2026-06-19 16:51:08.524,1781905868524,173.2413,4.7,0,0,0
2026-06-19 16:51:08.564,1781905868564,162.9441,4.7,0,0,0
2026-06-19 16:51:08.604,1781905868604,162.9441,4.6,0,0,0
2026-06-19 16:51:08.644,1781905868644,162.9441,4.8,0,0,0
2026-06-19 16:51:08.684,1781905868684,162.9441,4.8,0,0,0
2026-06-19 16:51:08.724,1781905868724,162.9441,4.7,0,0,0
2026-06-19 16:51:08.764,1781905868764,162.9441,4.6,0,0,0
2026-06-19 16:51:08.804,1781905868804,160.1000,4.7,0,0,0
2026-06-19 16:51:08.843,1781905868843,160.1000,4.7,0,0,0
2026-06-19 16:51:08.883,1781905868883,160.1000,4.7,0,0,0
2026-06-19 16:51:08.924,1781905868924,160.1000,4.8,0,0,0
2026-06-19 16:51:08.964,1781905868964,160.1000,4.6,0,0,0
2026-06-19 16:51:09.003,1781905869004,160.1000,4.7,0,0,0
2026-06-19 16:51:09.044,1781905869044,160.1000,4.7,0,0,0
2026-06-19 16:51:09.084,1781905869084,263.4821,4.7,0,0,0
2026-06-19 16:51:09.124,1781905869124,263.4821,4.6,0,0,0
2026-06-19 16:51:09.164,1781905869164,263.4821,4.6,0,0,0
2026-06-19 16:51:09.204,1781905869204,263.4821,4.6,0,0,0
2026-06-19 16:51:09.243,1781905869243,263.4821,4.7,0,0,0
2026-06-19 16:51:09.283,1781905869283,263.4821,4.6,0,0,0
2026-06-19 16:51:09.323,1781905869323,166.5934,4.7,0,0,0
2026-06-19 16:51:09.364,1781905869364,166.5934,4.7,0,0,0
2026-06-19 16:51:09.404,1781905869404,166.5934,4.6,0,0,0
2026-06-19 16:51:09.444,1781905869444,166.5934,4.8,0,0,0
2026-06-19 16:51:09.484,1781905869484,166.5934,4.6,0,0,0
2026-06-19 16:51:09.524,1781905869524,166.5934,4.6,0,0,0
2026-06-19 16:51:09.564,1781905869564,166.5934,4.7,0,0,0
2026-06-19 16:51:09.604,1781905869604,171.4975,4.7,0,0,0
2026-06-19 16:51:09.644,1781905869644,171.4975,4.8,0,0,0
2026-06-19 16:51:09.684,1781905869684,171.4975,4.7,0,0,0
2026-06-19 16:51:09.724,1781905869724,171.4975,4.6,0,0,0
2026-06-19 16:51:09.764,1781905869764,171.4975,4.6,0,0,0
2026-06-19 16:51:09.804,1781905869804,171.4975,4.8,0,0,0
2026-06-19 16:51:09.844,1781905869844,172.8085,4.7,0,0,0
2026-06-19 16:51:09.884,1781905869884,172.8085,4.7,0,0,0
2026-06-19 16:51:09.924,1781905869924,172.8085,4.8,0,0,0
2026-06-19 16:51:09.964,1781905869964,172.8085,4.6,0,0,0
2026-06-19 16:51:10.004,1781905870004,172.8085,4.7,0,0,0
2026-06-19 16:51:10.043,1781905870043,172.8085,4.8,0,0,0
2026-06-19 16:51:10.083,1781905870083,172.8085,4.7,0,0,0
2026-06-19 16:51:10.123,1781905870123,153.3131,4.7,0,0,0
2026-06-19 16:51:10.163,1781905870163,153.3131,4.8,0,0,0
2026-06-19 16:51:10.204,1781905870204,153.3131,4.7,0,0,0
2026-06-19 16:51:10.243,1781905870243,153.3131,4.7,0,0,0
2026-06-19 16:51:10.284,1781905870284,153.3131,4.6,0,0,0
2026-06-19 16:51:10.324,1781905870324,153.3131,4.7,0,0,0
2026-06-19 16:51:10.364,1781905870364,134.5896,4.7,0,0,0
2026-06-19 16:51:10.404,1781905870404,134.5896,4.7,0,0,0
2026-06-19 16:51:10.444,1781905870444,134.5896,4.6,0,0,0
2026-06-19 16:51:10.484,1781905870484,134.5896,4.8,0,0,0
2026-06-19 16:51:10.524,1781905870524,134.5896,4.7,0,0,0
2026-06-19 16:51:10.564,1781905870564,134.5896,4.7,0,0,0
2026-06-19 16:51:10.604,1781905870604,134.5896,4.6,0,0,0
2026-06-19 16:51:10.643,1781905870643,133.1054,4.7,0,0,0
2026-06-19 16:51:10.684,1781905870684,133.1054,4.7,0,0,0
2026-06-19 16:51:10.723,1781905870723,133.1054,4.6,0,0,0
2026-06-19 16:51:10.763,1781905870764,133.1054,4.7,0,0,0
2026-06-19 16:51:10.804,1781905870804,133.1054,4.8,0,0,0
2026-06-19 16:51:10.844,1781905870844,133.1054,4.7,0,0,0
2026-06-19 16:51:10.884,1781905870884,146.9499,4.7,0,0,0
2026-06-19 16:51:10.924,1781905870924,146.9499,4.7,0,0,0
2026-06-19 16:51:10.964,1781905870964,146.9499,4.6,0,0,0
2026-06-19 16:51:11.004,1781905871004,146.9499,4.7,0,0,0
2026-06-19 16:51:11.044,1781905871044,146.9499,4.6,0,0,0
2026-06-19 16:51:11.084,1781905871084,146.9499,4.7,0,0,0
2026-06-19 16:51:11.124,1781905871124,146.9499,4.7,0,0,0
2026-06-19 16:51:11.164,1781905871164,126.2301,4.7,0,0,0
2026-06-19 16:51:11.204,1781905871204,126.2301,4.6,0,0,0
