Timestamp,Epoch_Time_ms,MAG,D,P1,P2,P3,Tag
2026-06-19 17:05:22.316,1781906722316,132.0856,6.3,0,0,0,
2026-06-19 17:05:22.402,1781906722402,132.0856,6.3,0,0,0,
2026-06-19 17:05:22.446,1781906722446,132.0856,6.3,0,0,0,
2026-06-19 17:05:22.446,1781906722446,132.0856,6.3,0,0,0,
2026-06-19 17:05:22.446,1781906722446,132.0856,6.3,0,0,0,
2026-06-19 17:05:22.446,1781906722446,120.8722,6.3,0,0,0,
2026-06-19 17:05:22.446,1781906722446,120.8722,6.3,0,0,0,
2026-06-19 17:05:22.446,1781906722446,120.8722,6.3,0,0,0,
2026-06-19 17:05:22.447,1781906722447,120.8722,6.3,0,0,0,
2026-06-19 17:05:22.447,1781906722447,120.8722,6.3,0,0,0,
2026-06-19 17:05:22.447,1781906722447,120.8722,6.3,0,0,0,
2026-06-19 17:05:22.447,1781906722447,120.8722,6.3,0,0,0,
2026-06-19 17:05:22.447,1781906722447,127.1312,6.3,0,0,0,
2026-06-19 17:05:22.473,1781906722473,127.1312,6.3,0,0,0,
2026-06-19 17:05:22.513,1781906722513,127.1312,6.3,0,0,0,
2026-06-19 17:05:22.553,1781906722553,127.1312,6.3,0,0,0,
2026-06-19 17:05:22.593,1781906722593,127.1312,6.3,0,0,0,
2026-06-19 17:05:22.633,1781906722633,127.1312,6.3,0,0,0,
2026-06-19 17:05:22.673,1781906722673,139.4286,6.3,0,0,0,
2026-06-19 17:05:22.713,1781906722713,139.4286,6.3,0,0,0,
2026-06-19 17:05:22.753,1781906722753,139.4286,6.3,0,0,0,
2026-06-19 17:05:22.793,1781906722793,139.4286,6.3,0,0,0,
2026-06-19 17:05:22.833,1781906722833,139.4286,6.4,0,0,0,
2026-06-19 17:05:22.873,1781906722873,139.4286,6.3,0,0,0,
2026-06-19 17:05:22.913,1781906722913,139.4286,6.3,0,0,0,
2026-06-19 17:05:22.953,1781906722953,123.0248,6.3,0,0,0,
2026-06-19 17:05:22.993,1781906722993,123.0248,6.3,0,0,0,
2026-06-19 17:05:23.033,1781906723033,123.0248,6.3,0,0,0,
2026-06-19 17:05:23.073,1781906723073,123.0248,6.3,0,0,0,
2026-06-19 17:05:23.113,1781906723113,123.0248,6.3,0,0,0,
2026-06-19 17:05:23.153,1781906723153,123.0248,6.2,0,0,0,
2026-06-19 17:05:23.193,1781906723193,128.6120,6.3,0,0,0,
2026-06-19 17:05:23.233,1781906723233,128.6120,6.3,0,0,0,
2026-06-19 17:05:23.273,1781906723273,128.6120,6.3,0,0,0,
2026-06-19 17:05:23.313,1781906723313,128.6120,6.2,0,0,0,
2026-06-19 17:05:23.353,1781906723353,128.6120,6.3,0,0,0,
2026-06-19 17:05:23.393,1781906723393,128.6120,6.3,0,0,0,
2026-06-19 17:05:23.433,1781906723433,128.6120,6.3,0,0,0,
2026-06-19 17:05:23.473,1781906723473,123.0565,6.3,0,0,0,
2026-06-19 17:05:23.513,1781906723513,123.0565,6.3,0,0,0,
2026-06-19 17:05:23.553,1781906723553,123.0565,6.3,0,0,0,
2026-06-19 17:05:23.593,1781906723593,123.0565,6.3,0,0,0,
2026-06-19 17:05:23.633,1781906723633,123.0565,6.3,0,0,0,
2026-06-19 17:05:23.673,1781906723673,123.0565,6.3,0,0,0,
2026-06-19 17:05:23.713,1781906723713,124.3891,6.3,0,0,0,
2026-06-19 17:05:23.753,1781906723753,124.3891,6.2,0,0,0,
2026-06-19 17:05:23.793,1781906723793,124.3891,6.3,0,0,0,
2026-06-19 17:05:23.833,1781906723833,124.3891,6.3,0,0,0,
2026-06-19 17:05:23.873,1781906723873,124.3891,6.4,0,0,0,
2026-06-19 17:05:23.913,1781906723913,124.3891,6.3,0,0,0,
2026-06-19 17:05:23.953,1781906723953,124.3891,6.3,0,0,0,
2026-06-19 17:05:23.993,1781906723993,129.5059,6.3,0,0,0,
2026-06-19 17:05:24.033,1781906724033,129.5059,6.3,0,0,0,
2026-06-19 17:05:24.073,1781906724073,129.5059,6.4,0,0,0,
2026-06-19 17:05:24.113,1781906724113,129.5059,6.3,0,0,0,
2026-06-19 17:05:24.153,1781906724153,129.5059,6.3,0,0,0,
2026-06-19 17:05:24.193,1781906724193,129.5059,6.3,0,0,0,
2026-06-19 17:05:24.233,1781906724233,115.3288,6.3,0,0,0,
2026-06-19 17:05:24.273,1781906724273,115.3288,6.3,0,0,0,
2026-06-19 17:05:24.313,1781906724313,115.3288,6.3,0,0,0,
2026-06-19 17:05:24.353,1781906724353,115.3288,6.3,0,0,0,
2026-06-19 17:05:24.393,1781906724393,115.3288,6.3,0,0,0,
2026-06-19 17:05:24.433,1781906724433,115.3288,6.3,0,0,0,
2026-06-19 17:05:24.473,1781906724473,115.3288,6.3,0,0,0,
2026-06-19 17:05:24.513,1781906724513,211.7678,6.3,0,0,0,
2026-06-19 17:05:24.553,1781906724553,211.7678,6.3,0,0,0,
2026-06-19 17:05:24.593,1781906724593,211.7678,6.3,0,0,0,
2026-06-19 17:05:24.633,1781906724633,211.7678,6.3,0,0,0,
2026-06-19 17:05:24.673,1781906724673,211.7678,6.4,0,0,0,
2026-06-19 17:05:24.713,1781906724713,211.7678,6.3,0,0,0,
2026-06-19 17:05:24.753,1781906724753,110.0321,6.3,0,0,0,
2026-06-19 17:05:24.793,1781906724793,110.0321,6.3,0,0,0,
2026-06-19 17:05:24.833,1781906724833,110.0321,6.3,0,0,0,
2026-06-19 17:05:24.873,1781906724873,110.0321,6.3,0,0,0,
2026-06-19 17:05:24.913,1781906724913,110.0321,6.3,0,0,0,
2026-06-19 17:05:24.953,1781906724953,110.0321,6.3,0,0,0,
2026-06-19 17:05:24.993,1781906724993,110.0321,6.3,0,0,0,
2026-06-19 17:05:25.033,1781906725033,124.5262,6.3,0,0,0,
2026-06-19 17:05:25.073,1781906725073,124.5262,6.3,0,0,0,
2026-06-19 17:05:25.113,1781906725113,124.5262,6.3,0,0,0,
2026-06-19 17:05:25.153,1781906725153,124.5262,6.3,0,0,0,
2026-06-19 17:05:25.193,1781906725193,124.5262,6.3,0,0,0,
2026-06-19 17:05:25.233,1781906725233,124.5262,6.3,0,0,0,
2026-06-19 17:05:25.273,1781906725273,102.1823,6.3,0,0,0,
2026-06-19 17:05:25.313,1781906725313,102.1823,6.3,0,0,0,
2026-06-19 17:05:25.353,1781906725353,102.1823,6.3,0,0,0,
2026-06-19 17:05:25.393,1781906725393,102.1823,6.2,0,0,0,
2026-06-19 17:05:25.433,1781906725433,102.1823,6.3,0,0,0,
2026-06-19 17:05:25.473,1781906725473,102.1823,6.3,0,0,0,
2026-06-19 17:05:25.513,1781906725513,102.1823,6.4,0,0,0,
2026-06-19 17:05:25.553,1781906725553,115.9117,6.3,0,0,0,
2026-06-19 17:05:25.593,1781906725593,115.9117,6.3,0,0,0,
2026-06-19 17:05:25.633,1781906725633,115.9117,6.4,0,0,0,
2026-06-19 17:05:25.673,1781906725673,115.9117,6.3,0,0,0,
2026-06-19 17:05:25.713,1781906725713,115.9117,6.3,0,0,0,
2026-06-19 17:05:25.753,1781906725753,115.9117,6.3,0,0,0,
2026-06-19 17:05:25.793,1781906725793,120.7624,6.3,0,0,0,
2026-06-19 17:05:25.833,1781906725833,120.7624,6.3,0,0,0,
2026-06-19 17:05:25.873,1781906725873,120.7624,6.3,0,0,0,
2026-06-19 17:05:25.913,1781906725913,120.7624,6.3,0,0,0,
2026-06-19 17:05:25.953,1781906725953,120.7624,6.3,0,0,0,
2026-06-19 17:05:25.993,1781906725993,120.7624,6.2,0,0,0,
2026-06-19 17:05:26.033,1781906726033,120.7624,6.3,0,0,0,
2026-06-19 17:05:26.073,1781906726073,113.6602,6.3,0,0,0,
2026-06-19 17:05:26.113,1781906726113,113.6602,6.3,0,0,0,
2026-06-19 17:05:26.153,1781906726153,113.6602,6.3,0,0,0,
2026-06-19 17:05:26.193,1781906726193,113.6602,6.3,0,0,0,
2026-06-19 17:05:26.233,1781906726233,113.6602,6.3,0,0,0,
2026-06-19 17:05:26.273,1781906726273,113.6602,6.3,0,0,0,
2026-06-19 17:05:26.313,1781906726313,122.5169,6.3,0,0,0,
2026-06-19 17:05:26.353,1781906726353,122.5169,6.3,0,0,0,
2026-06-19 17:05:26.393,1781906726393,122.5169,6.2,0,0,0,
2026-06-19 17:05:26.433,1781906726433,122.5169,6.3,0,0,0,
2026-06-19 17:05:26.473,1781906726473,122.5169,6.3,0,0,0,
2026-06-19 17:05:26.513,1781906726513,122.5169,6.2,0,0,0,
2026-06-19 17:05:26.553,1781906726553,122.5169,6.3,0,0,0,
2026-06-19 17:05:26.593,1781906726593,124.0968,6.3,0,0,0,
2026-06-19 17:05:26.633,1781906726633,124.0968,6.3,0,0,0,
2026-06-19 17:05:26.673,1781906726673,124.0968,6.3,0,0,0,
2026-06-19 17:05:26.713,1781906726713,124.0968,6.3,0,0,0,
2026-06-19 17:05:26.753,1781906726753,124.0968,6.3,0,0,0,
2026-06-19 17:05:26.793,1781906726793,124.0968,6.3,0,0,0,
2026-06-19 17:05:26.833,1781906726833,121.7870,6.3,0,0,0,
2026-06-19 17:05:26.873,1781906726873,121.7870,6.3,0,0,0,
2026-06-19 17:05:26.913,1781906726913,121.7870,6.3,0,0,0,
2026-06-19 17:05:26.953,1781906726953,121.7870,6.3,0,0,0,
2026-06-19 17:05:26.993,1781906726993,121.7870,6.3,0,0,0,
2026-06-19 17:05:27.033,1781906727033,121.7870,7.5,0,0,0,
2026-06-19 17:05:27.073,1781906727073,121.7870,6.7,0,0,0,
2026-06-19 17:05:27.113,1781906727113,130.9441,6.7,0,0,0,
2026-06-19 17:05:27.153,1781906727153,130.9441,6.3,0,0,0,
2026-06-19 17:05:27.193,1781906727193,130.9441,6.7,0,0,0,
2026-06-19 17:05:27.233,1781906727233,130.9441,6.0,0,0,0,
2026-06-19 17:05:27.273,1781906727273,130.9441,6.2,0,0,0,
2026-06-19 17:05:27.313,1781906727313,130.9441,5.7,0,0,0,
2026-06-19 17:05:27.353,1781906727353,136.4236,5.0,0,0,0,
2026-06-19 17:05:27.393,1781906727393,136.4236,5.8,0,0,0,
2026-06-19 17:05:27.433,1781906727433,136.4236,5.7,0,0,0,
2026-06-19 17:05:27.473,1781906727473,136.4236,5.2,0,0,0,
2026-06-19 17:05:27.513,1781906727513,136.4236,5.1,0,0,0,
2026-06-19 17:05:27.553,1781906727553,136.4236,4.6,0,0,0,
2026-06-19 17:05:27.593,1781906727593,136.4236,5.1,0,0,0,
2026-06-19 17:05:27.633,1781906727633,137.6940,5.0,0,0,0,
2026-06-19 17:05:27.673,1781906727673,137.6940,5.4,0,0,0,
2026-06-19 17:05:27.713,1781906727713,137.6940,5.3,0,0,0,
2026-06-19 17:05:27.753,1781906727753,137.6940,5.2,0,0,0,
2026-06-19 17:05:27.793,1781906727793,137.6940,4.8,0,0,0,
2026-06-19 17:05:27.833,1781906727833,137.6940,4.8,0,0,0,
2026-06-19 17:05:27.873,1781906727873,121.3701,4.7,0,0,0,
2026-06-19 17:05:27.913,1781906727913,121.3701,4.2,0,0,0,
2026-06-19 17:05:27.953,1781906727953,121.3701,4.0,0,0,0,
2026-06-19 17:05:27.993,1781906727993,121.3701,4.3,0,0,0,
2026-06-19 17:05:28.033,1781906728033,121.3701,4.6,0,0,0,
2026-06-19 17:05:28.073,1781906728073,121.3701,4.6,0,0,0,
2026-06-19 17:05:28.113,1781906728113,121.3701,4.6,0,0,0,
2026-06-19 17:05:28.153,1781906728153,95.9155,4.9,0,0,0,
2026-06-19 17:05:28.193,1781906728193,95.9155,4.9,0,0,0,
2026-06-19 17:05:28.233,1781906728233,95.9155,4.9,0,0,0,
2026-06-19 17:05:28.273,1781906728273,95.9155,4.9,0,0,0,
2026-06-19 17:05:28.313,1781906728313,95.9155,4.9,0,0,0,
2026-06-19 17:05:28.353,1781906728353,95.9155,4.9,0,0,0,
2026-06-19 17:05:28.393,1781906728393,189.9240,4.8,0,0,0,
2026-06-19 17:05:28.433,1781906728433,189.9240,4.4,0,0,0,
2026-06-19 17:05:28.473,1781906728473,189.9240,4.4,0,0,0,
2026-06-19 17:05:28.513,1781906728513,189.9240,4.3,0,0,0,
2026-06-19 17:05:28.553,1781906728553,189.9240,4.3,0,0,0,
2026-06-19 17:05:28.593,1781906728593,189.9240,4.3,0,0,0,
2026-06-19 17:05:28.633,1781906728633,189.9240,4.3,0,0,0,
2026-06-19 17:05:28.673,1781906728673,97.3998,4.3,0,0,0,
2026-06-19 17:05:28.713,1781906728713,97.3998,4.3,0,0,0,
2026-06-19 17:05:28.753,1781906728753,97.3998,4.3,0,0,0,
2026-06-19 17:05:28.793,1781906728793,97.3998,4.3,0,0,0,
2026-06-19 17:05:28.833,1781906728833,97.3998,4.2,0,0,0,
2026-06-19 17:05:28.873,1781906728873,97.3998,4.3,0,0,0,
2026-06-19 17:05:28.913,1781906728913,97.5658,4.3,0,0,0,
2026-06-19 17:05:28.953,1781906728953,97.5658,4.3,0,0,0,
2026-06-19 17:05:28.993,1781906728993,97.5658,4.3,0,0,0,
2026-06-19 17:05:29.033,1781906729033,97.5658,4.3,0,0,0,
2026-06-19 17:05:29.073,1781906729073,97.5658,4.3,0,0,0,
2026-06-19 17:05:29.113,1781906729113,97.5658,4.3,0,0,0,
2026-06-19 17:05:29.153,1781906729153,97.5658,4.3,0,0,0,
2026-06-19 17:05:29.193,1781906729193,101.9898,4.3,0,0,0,
2026-06-19 17:05:29.233,1781906729233,101.9898,4.3,0,0,0,
2026-06-19 17:05:29.273,1781906729273,101.9898,4.4,0,0,0,
2026-06-19 17:05:29.313,1781906729313,101.9898,4.3,0,0,0,
2026-06-19 17:05:29.353,1781906729353,101.9898,4.3,0,0,0,
2026-06-19 17:05:29.393,1781906729393,101.9898,4.3,0,0,0,
2026-06-19 17:05:29.433,1781906729433,100.5122,4.3,0,0,0,
2026-06-19 17:05:29.473,1781906729473,100.5122,4.3,0,0,0,
2026-06-19 17:05:29.513,1781906729513,100.5122,4.3,0,0,0,
2026-06-19 17:05:29.553,1781906729553,100.5122,4.3,0,0,0,
2026-06-19 17:05:29.593,1781906729593,100.5122,4.3,0,0,0,
2026-06-19 17:05:29.633,1781906729633,100.5122,4.3,0,0,0,
2026-06-19 17:05:29.673,1781906729673,100.5122,4.3,0,0,0,
2026-06-19 17:05:29.713,1781906729713,116.4790,4.3,0,0,0,
2026-06-19 17:05:29.753,1781906729753,116.4790,4.4,0,0,0,
2026-06-19 17:05:29.793,1781906729793,116.4790,4.3,0,0,0,
2026-06-19 17:05:29.833,1781906729833,116.4790,4.3,0,0,0,
2026-06-19 17:05:29.873,1781906729873,116.4790,4.3,0,0,0,
2026-06-19 17:05:29.913,1781906729913,116.4790,4.3,0,0,0,
2026-06-19 17:05:29.953,1781906729953,99.1800,4.3,0,0,0,
2026-06-19 17:05:29.993,1781906729993,99.1800,4.4,0,0,0,
2026-06-19 17:05:30.033,1781906730033,99.1800,4.3,0,0,0,
2026-06-19 17:05:30.073,1781906730073,99.1800,4.3,0,0,0,
2026-06-19 17:05:30.113,1781906730113,99.1800,4.3,0,0,0,
2026-06-19 17:05:30.153,1781906730153,99.1800,4.2,0,0,0,
2026-06-19 17:05:30.193,1781906730193,99.1800,4.4,0,0,0,
2026-06-19 17:05:30.233,1781906730233,102.3270,4.3,0,0,0,
2026-06-19 17:05:30.273,1781906730273,102.3270,4.3,0,0,0,
2026-06-19 17:05:30.313,1781906730313,102.3270,4.3,0,0,0,
2026-06-19 17:05:30.353,1781906730353,102.3270,4.2,0,0,0,
2026-06-19 17:05:30.393,1781906730393,102.3270,4.3,0,0,0,
2026-06-19 17:05:30.433,1781906730433,102.3270,4.3,0,0,0,
2026-06-19 17:05:30.473,1781906730473,103.6108,4.3,0,0,0,
2026-06-19 17:05:30.513,1781906730513,103.6108,4.3,0,0,0,
2026-06-19 17:05:30.553,1781906730553,103.6108,4.3,0,0,0,
2026-06-19 17:05:30.593,1781906730593,103.6108,4.3,0,0,0,
2026-06-19 17:05:30.633,1781906730633,103.6108,4.3,0,0,0,
2026-06-19 17:05:30.673,1781906730673,103.6108,4.3,0,0,0,
2026-06-19 17:05:30.713,1781906730713,103.6108,4.3,0,0,0,
2026-06-19 17:05:30.753,1781906730753,113.1493,4.3,0,0,0,
2026-06-19 17:05:30.793,1781906730793,113.1493,4.3,0,0,0,
2026-06-19 17:05:30.833,1781906730833,113.1493,4.2,0,0,0,
2026-06-19 17:05:30.873,1781906730873,113.1493,4.3,0,0,0,
2026-06-19 17:05:30.913,1781906730913,113.1493,4.3,0,0,0,
2026-06-19 17:05:30.953,1781906730953,113.1493,4.3,0,0,0,
2026-06-19 17:05:30.993,1781906730993,121.9482,4.3,0,0,0,
2026-06-19 17:05:31.033,1781906731033,121.9482,4.3,0,0,0,
2026-06-19 17:05:31.073,1781906731073,121.9482,4.3,0,0,0,
2026-06-19 17:05:31.113,1781906731113,121.9482,4.3,0,0,0,
2026-06-19 17:05:31.153,1781906731153,121.9482,4.4,0,0,0,
2026-06-19 17:05:31.193,1781906731193,121.9482,4.3,0,0,0,
2026-06-19 17:05:31.233,1781906731233,121.9482,4.3,0,0,0,
2026-06-19 17:05:31.273,1781906731273,105.3325,4.3,0,0,0,
2026-06-19 17:05:31.313,1781906731313,105.3325,4.3,0,0,0,
2026-06-19 17:05:31.353,1781906731353,105.3325,4.3,0,0,0,
2026-06-19 17:05:31.393,1781906731393,105.3325,4.3,0,0,0,
2026-06-19 17:05:31.433,1781906731433,105.3325,4.3,0,0,0,
2026-06-19 17:05:31.473,1781906731473,105.3325,4.3,0,0,0,
2026-06-19 17:05:31.513,1781906731513,116.7885,4.3,0,0,0,
2026-06-19 17:05:31.553,1781906731553,116.7885,4.2,0,0,0,
2026-06-19 17:05:31.593,1781906731593,116.7885,4.3,0,0,0,
2026-06-19 17:05:31.633,1781906731633,116.7885,4.3,0,0,0,
2026-06-19 17:05:31.673,1781906731673,116.7885,4.3,0,0,0,
2026-06-19 17:05:31.713,1781906731713,116.7885,4.3,0,0,0,
2026-06-19 17:05:31.753,1781906731753,116.7885,4.3,0,0,0,
2026-06-19 17:05:31.793,1781906731793,117.2602,4.3,0,0,0,
2026-06-19 17:05:31.833,1781906731833,117.2602,4.3,0,0,0,
2026-06-19 17:05:31.873,1781906731873,117.2602,4.3,0,0,0,
2026-06-19 17:05:31.913,1781906731913,117.2602,4.3,0,0,0,
2026-06-19 17:05:31.953,1781906731953,117.2602,4.2,0,0,0,
2026-06-19 17:05:31.993,1781906731993,117.2602,4.3,0,0,0,
2026-06-19 17:05:32.033,1781906732033,119.1071,4.3,0,0,0,
2026-06-19 17:05:32.073,1781906732073,119.1071,4.3,0,0,0,
2026-06-19 17:05:32.113,1781906732113,119.1071,4.3,0,0,0,
2026-06-19 17:05:32.153,1781906732153,119.1071,4.3,0,0,0,
2026-06-19 17:05:32.193,1781906732193,119.1071,4.2,0,0,0,
2026-06-19 17:05:32.233,1781906732233,119.1071,4.3,0,0,0,
2026-06-19 17:05:32.273,1781906732273,119.1071,4.3,0,0,0,
2026-06-19 17:05:32.313,1781906732313,132.7305,4.3,0,0,0,
2026-06-19 17:05:32.353,1781906732353,132.7305,4.3,0,0,0,
2026-06-19 17:05:32.393,1781906732393,132.7305,4.3,0,0,0,
2026-06-19 17:05:32.433,1781906732433,132.7305,4.3,0,0,0,
2026-06-19 17:05:32.473,1781906732473,132.7305,4.3,0,0,0,
2026-06-19 17:05:32.513,1781906732513,132.7305,4.3,0,0,0,
2026-06-19 17:05:32.553,1781906732553,148.0810,4.3,0,0,0,
2026-06-19 17:05:32.593,1781906732593,148.0810,4.3,0,0,0,
2026-06-19 17:05:32.633,1781906732633,148.0810,4.3,0,0,0,
2026-06-19 17:05:32.673,1781906732673,148.0810,4.3,0,0,0,
2026-06-19 17:05:32.713,1781906732713,148.0810,4.3,0,0,0,
2026-06-19 17:05:32.753,1781906732753,148.0810,4.3,0,0,0,
2026-06-19 17:05:32.793,1781906732793,148.0810,4.3,0,0,0,
2026-06-19 17:05:32.833,1781906732833,115.2532,4.3,0,0,0,
2026-06-19 17:05:32.873,1781906732873,115.2532,4.4,0,0,0,
2026-06-19 17:05:32.913,1781906732913,115.2532,4.3,0,0,0,
2026-06-19 17:05:32.953,1781906732953,115.2532,4.3,0,0,0,
2026-06-19 17:05:32.993,1781906732993,115.2532,4.3,0,0,0,
2026-06-19 17:05:33.033,1781906733033,115.2532,4.3,0,0,0,
2026-06-19 17:05:33.073,1781906733073,115.4222,4.3,0,0,0,
2026-06-19 17:05:33.113,1781906733113,115.4222,4.3,0,0,0,
2026-06-19 17:05:33.153,1781906733153,115.4222,4.3,0,0,0,
2026-06-19 17:05:33.193,1781906733193,115.4222,4.3,0,0,0,
2026-06-19 17:05:33.233,1781906733233,115.4222,4.2,0,0,0,
2026-06-19 17:05:33.273,1781906733273,115.4222,4.3,0,0,0,
2026-06-19 17:05:33.313,1781906733313,115.4222,4.3,0,0,0,
2026-06-19 17:05:33.353,1781906733353,116.0941,4.3,0,0,0,
2026-06-19 17:05:33.393,1781906733393,116.0941,4.3,0,0,0,
2026-06-19 17:05:33.433,1781906733433,116.0941,4.3,0,0,0,
2026-06-19 17:05:33.473,1781906733473,116.0941,4.2,0,0,0,
2026-06-19 17:05:33.513,1781906733513,116.0941,4.3,0,0,0,
2026-06-19 17:05:33.553,1781906733553,116.0941,4.5,0,0,0,
2026-06-19 17:05:33.593,1781906733593,205.3592,4.6,0,0,0,
2026-06-19 17:05:33.633,1781906733633,205.3592,4.5,0,0,0,
2026-06-19 17:05:33.673,1781906733673,205.3592,4.5,0,0,0,
2026-06-19 17:05:33.713,1781906733713,205.3592,5.0,0,0,0,
2026-06-19 17:05:33.753,1781906733753,205.3592,4.9,0,0,0,
2026-06-19 17:05:33.793,1781906733793,205.3592,5.0,0,0,0,
2026-06-19 17:05:33.833,1781906733833,205.3592,4.9,0,0,0,
2026-06-19 17:05:33.873,1781906733873,111.8846,4.5,0,0,0,
2026-06-19 17:05:33.913,1781906733913,111.8846,4.6,0,0,0,
2026-06-19 17:05:33.953,1781906733953,111.8846,4.7,0,0,0,
2026-06-19 17:05:33.993,1781906733993,111.8846,4.8,0,0,0,
2026-06-19 17:05:34.033,1781906734033,111.8846,5.3,0,0,0,
2026-06-19 17:05:34.074,1781906734074,111.8846,5.3,0,0,0,
2026-06-19 17:05:34.113,1781906734113,117.5083,5.2,0,0,0,
2026-06-19 17:05:34.153,1781906734153,117.5083,4.7,0,0,0,
2026-06-19 17:05:34.193,1781906734193,117.5083,4.7,0,0,0,
2026-06-19 17:05:34.233,1781906734233,117.5083,4.1,0,0,0,
2026-06-19 17:05:34.273,1781906734273,117.5083,4.6,0,0,0,
2026-06-19 17:05:34.313,1781906734313,117.5083,4.2,0,0,0,
2026-06-19 17:05:34.353,1781906734353,117.5083,4.3,0,0,0,
2026-06-19 17:05:34.393,1781906734393,115.8659,4.7,0,0,0,
2026-06-19 17:05:34.433,1781906734433,115.8659,4.8,0,0,0,
2026-06-19 17:05:34.473,1781906734473,115.8659,4.7,0,0,0,
2026-06-19 17:05:34.513,1781906734513,115.8659,4.8,0,0,0,
2026-06-19 17:05:34.553,1781906734553,115.8659,4.3,0,0,0,
2026-06-19 17:05:34.593,1781906734593,115.8659,4.2,0,0,0,
2026-06-19 17:05:34.633,1781906734633,113.2157,4.7,0,0,0,
2026-06-19 17:05:34.673,1781906734673,113.2157,4.7,0,0,0,
2026-06-19 17:05:34.713,1781906734713,113.2157,5.2,0,0,0,
2026-06-19 17:05:34.753,1781906734753,113.2157,5.3,0,0,0,
2026-06-19 17:05:34.793,1781906734793,113.2157,5.3,0,0,0,
2026-06-19 17:05:34.833,1781906734833,113.2157,5.2,0,0,0,
2026-06-19 17:05:34.873,1781906734873,113.2157,5.2,0,0,0,
2026-06-19 17:05:34.913,1781906734913,129.5456,5.3,0,0,0,
2026-06-19 17:05:34.953,1781906734953,129.5456,5.3,0,0,0,
2026-06-19 17:05:34.993,1781906734993,129.5456,5.3,0,0,0,
2026-06-19 17:05:35.033,1781906735033,129.5456,5.3,0,0,0,
2026-06-19 17:05:35.073,1781906735073,129.5456,5.0,0,0,0,
2026-06-19 17:05:35.114,1781906735114,129.5456,4.6,0,0,0,
2026-06-19 17:05:35.153,1781906735153,355.0543,5.7,0,0,0,
2026-06-19 17:05:35.193,1781906735193,355.0543,5.0,0,0,0,
2026-06-19 17:05:35.233,1781906735233,355.0543,5.6,0,0,0,
2026-06-19 17:05:35.273,1781906735273,355.0543,5.6,0,0,0,
2026-06-19 17:05:35.313,1781906735313,355.0543,6.0,0,0,0,
2026-06-19 17:05:35.354,1781906735354,355.0543,5.5,0,0,0,
2026-06-19 17:05:35.393,1781906735393,355.0543,5.5,0,0,0,
2026-06-19 17:05:35.433,1781906735433,368.0698,5.1,0,0,0,
2026-06-19 17:05:35.473,1781906735473,368.0698,5.5,0,0,0,
2026-06-19 17:05:35.513,1781906735513,368.0698,5.1,0,0,0,
2026-06-19 17:05:35.553,1781906735553,368.0698,5.4,0,0,0,
2026-06-19 17:05:35.593,1781906735593,368.0698,5.9,0,0,0,
2026-06-19 17:05:35.633,1781906735633,368.0698,5.9,0,0,0,
2026-06-19 17:05:35.673,1781906735673,440.2979,5.4,0,0,0,
2026-06-19 17:05:35.713,1781906735713,440.2979,5.4,0,0,0,
2026-06-19 17:05:35.754,1781906735754,440.2979,5.4,0,0,0,
2026-06-19 17:05:35.793,1781906735793,440.2979,4.7,0,0,0,
2026-06-19 17:05:35.833,1781906735833,440.2979,5.0,0,0,0,
2026-06-19 17:05:35.873,1781906735873,440.2979,6.0,0,0,0,
2026-06-19 17:05:35.913,1781906735913,440.2979,5.0,0,0,0,
2026-06-19 17:05:35.953,1781906735953,470.9661,4.6,0,0,0,
2026-06-19 17:05:35.993,1781906735993,470.9661,5.1,0,0,0,
2026-06-19 17:05:36.033,1781906736033,470.9661,5.1,0,0,0,
2026-06-19 17:05:36.073,1781906736073,470.9661,5.1,0,0,0,
2026-06-19 17:05:36.113,1781906736113,470.9661,3.8,0,0,0,
2026-06-19 17:05:36.153,1781906736153,470.9661,6.0,0,0,0,
2026-06-19 17:05:36.193,1781906736193,506.1249,5.6,0,0,0,
2026-06-19 17:05:36.233,1781906736233,506.1249,5.2,0,0,0,
2026-06-19 17:05:36.273,1781906736273,506.1249,6.0,0,0,0,
2026-06-19 17:05:36.313,1781906736313,506.1249,2.5,0,0,0,
2026-06-19 17:05:36.353,1781906736353,506.1249,5.6,0,0,0,
2026-06-19 17:05:36.394,1781906736394,506.1249,6.1,0,0,0,
2026-06-19 17:05:36.433,1781906736433,506.1249,2.6,0,0,0,
2026-06-19 17:05:36.474,1781906736474,613.5492,6.5,0,0,0,
2026-06-19 17:05:36.513,1781906736513,613.5492,6.1,0,0,0,
2026-06-19 17:05:36.554,1781906736554,613.5492,3.4,0,0,0,
2026-06-19 17:05:36.593,1781906736593,613.5492,5.6,0,0,0,
2026-06-19 17:05:36.633,1781906736633,613.5492,5.0,0,0,0,
2026-06-19 17:05:36.673,1781906736673,613.5492,3.0,0,0,0,
2026-06-19 17:05:36.713,1781906736713,865.2010,2.5,0,0,0,
2026-06-19 17:05:36.753,1781906736753,865.2010,6.1,0,0,0,
2026-06-19 17:05:36.793,1781906736793,865.2010,5.7,0,0,0,
2026-06-19 17:05:36.833,1781906736833,865.2010,3.9,0,0,0,
2026-06-19 17:05:36.873,1781906736873,865.2010,5.7,0,0,0,
2026-06-19 17:05:36.913,1781906736913,865.2010,6.0,0,0,0,
2026-06-19 17:05:36.953,1781906736953,865.2010,6.1,0,0,0,
2026-06-19 17:05:36.994,1781906736994,1248.8251,3.8,0,0,0,
2026-06-19 17:05:37.033,1781906737033,1248.8251,4.9,0,0,0,
2026-06-19 17:05:37.073,1781906737073,1248.8251,5.6,0,0,0,
2026-06-19 17:05:37.113,1781906737113,1248.8251,6.1,0,0,0,
2026-06-19 17:05:37.153,1781906737153,1248.8251,6.1,0,0,0,
2026-06-19 17:05:37.193,1781906737193,1248.8251,6.6,0,0,0,
2026-06-19 17:05:37.233,1781906737233,2042.0354,6.6,0,0,0,
2026-06-19 17:05:37.274,1781906737274,2042.0354,6.1,0,0,0,
2026-06-19 17:05:37.313,1781906737313,2042.0354,6.6,0,0,0,
2026-06-19 17:05:37.354,1781906737354,2042.0354,6.1,0,0,0,
2026-06-19 17:05:37.394,1781906737394,2042.0354,6.2,0,0,0,
2026-06-19 17:05:37.434,1781906737434,2042.0354,6.2,0,0,0,
2026-06-19 17:05:37.473,1781906737473,2042.0354,5.8,0,0,0,
2026-06-19 17:05:37.514,1781906737514,1736.1687,6.2,0,0,0,
2026-06-19 17:05:37.554,1781906737554,1736.1687,6.2,0,0,0,
2026-06-19 17:05:37.593,1781906737593,1736.1687,6.2,0,0,0,
2026-06-19 17:05:37.633,1781906737633,1736.1687,6.3,0,0,0,
2026-06-19 17:05:37.674,1781906737674,1736.1687,6.2,0,0,0,
2026-06-19 17:05:37.714,1781906737714,1736.1687,6.2,0,0,0,
2026-06-19 17:05:37.754,1781906737754,1402.0784,5.9,0,0,0,
2026-06-19 17:05:37.794,1781906737794,1402.0784,5.9,0,0,0,
2026-06-19 17:05:37.833,1781906737833,1402.0784,5.4,0,1,0,
2026-06-19 17:05:37.873,1781906737874,1402.0784,5.4,0,0,0,
2026-06-19 17:05:37.914,1781906737914,1402.0784,6.0,0,0,0,
2026-06-19 17:05:37.954,1781906737954,1402.0784,6.3,0,1,0,
2026-06-19 17:05:37.993,1781906737993,1402.0784,6.0,0,1,0,
2026-06-19 17:05:38.033,1781906738033,1423.1770,5.4,0,1,0,
2026-06-19 17:05:38.074,1781906738074,1423.1770,6.0,0,0,0,
2026-06-19 17:05:38.114,1781906738114,1423.1770,6.0,0,0,0,
2026-06-19 17:05:38.154,1781906738154,1423.1770,6.3,0,0,0,
2026-06-19 17:05:38.193,1781906738193,1423.1770,5.5,0,0,0,
2026-06-19 17:05:38.233,1781906738234,1423.1770,6.3,0,1,0,
2026-06-19 17:05:38.273,1781906738273,1878.7046,5.9,0,0,0,
2026-06-19 17:05:38.314,1781906738314,1878.7046,5.7,0,0,0,
2026-06-19 17:05:38.354,1781906738354,1878.7046,5.9,0,1,0,
2026-06-19 17:05:38.394,1781906738394,1878.7046,5.8,0,1,0,
2026-06-19 17:05:38.433,1781906738433,1878.7046,5.8,0,0,0,
2026-06-19 17:05:38.474,1781906738474,1878.7046,6.3,0,0,0,
2026-06-19 17:05:38.514,1781906738514,1878.7046,5.9,0,1,0,
2026-06-19 17:05:38.554,1781906738554,1860.0759,5.8,0,1,0,
2026-06-19 17:05:38.593,1781906738593,1860.0759,5.4,0,0,0,
2026-06-19 17:05:38.634,1781906738634,1860.0759,5.9,0,1,0,
2026-06-19 17:05:38.673,1781906738674,1860.0759,6.4,0,1,0,
2026-06-19 17:05:38.714,1781906738714,1860.0759,5.9,0,0,0,
2026-06-19 17:05:38.754,1781906738754,1860.0759,4.6,0,1,0,
2026-06-19 17:05:38.794,1781906738794,1712.9543,6.2,0,1,0,
2026-06-19 17:05:38.834,1781906738834,1712.9543,5.7,0,0,0,
2026-06-19 17:05:38.874,1781906738874,1712.9543,4.2,0,1,0,
2026-06-19 17:05:38.914,1781906738914,1712.9543,6.2,0,1,0,
2026-06-19 17:05:38.954,1781906738954,1712.9543,5.4,0,0,0,
2026-06-19 17:05:38.993,1781906738993,1712.9543,5.7,0,1,0,
2026-06-19 17:05:39.034,1781906739034,1712.9543,6.2,0,1,0,
2026-06-19 17:05:39.073,1781906739073,1829.7312,5.8,0,0,0,
2026-06-19 17:05:39.114,1781906739114,1829.7312,5.9,0,1,0,
2026-06-19 17:05:39.154,1781906739154,1829.7312,6.2,0,1,0,
2026-06-19 17:05:39.194,1781906739194,1829.7312,5.8,0,1,0,
2026-06-19 17:05:39.234,1781906739234,1829.7312,6.2,0,1,0,
2026-06-19 17:05:39.274,1781906739274,1829.7312,5.9,0,1,0,
2026-06-19 17:05:39.314,1781906739314,1785.2623,6.2,0,1,0,
2026-06-19 17:05:39.354,1781906739354,1785.2623,6.2,0,1,0,
2026-06-19 17:05:39.394,1781906739394,1785.2623,6.2,0,1,0,
2026-06-19 17:05:39.434,1781906739434,1785.2623,6.1,0,1,0,
2026-06-19 17:05:39.474,1781906739474,1785.2623,5.7,0,1,0,
2026-06-19 17:05:39.514,1781906739514,1785.2623,6.0,0,0,0,
2026-06-19 17:05:39.553,1781906739554,1785.2623,5.7,0,0,0,
2026-06-19 17:05:39.594,1781906739594,1849.1252,5.0,0,1,0,
2026-06-19 17:05:39.634,1781906739634,1849.1252,5.1,0,1,0,
2026-06-19 17:05:39.674,1781906739674,1849.1252,5.5,0,0,0,
2026-06-19 17:05:39.713,1781906739714,1849.1252,5.5,0,0,0,
2026-06-19 17:05:39.754,1781906739754,1849.1252,5.4,0,1,0,
2026-06-19 17:05:39.793,1781906739793,1849.1252,5.9,0,0,0,
2026-06-19 17:05:39.834,1781906739834,2021.7249,5.7,0,1,0,
2026-06-19 17:05:39.874,1781906739874,2021.7249,5.8,0,1,0,
2026-06-19 17:05:39.914,1781906739914,2021.7249,5.8,0,1,0,
2026-06-19 17:05:39.954,1781906739954,2021.7249,5.7,0,1,0,
2026-06-19 17:05:39.994,1781906739994,2021.7249,5.8,0,1,0,
2026-06-19 17:05:40.034,1781906740034,2021.7249,5.8,0,0,0,
2026-06-19 17:05:40.074,1781906740074,2021.7249,5.2,0,1,0,
2026-06-19 17:05:40.114,1781906740114,2141.3091,5.6,0,1,0,
2026-06-19 17:05:40.154,1781906740154,2141.3091,4.7,0,0,0,
2026-06-19 17:05:40.194,1781906740194,2141.3091,4.6,0,0,0,
2026-06-19 17:05:40.234,1781906740234,2141.3091,5.1,0,0,0,
2026-06-19 17:05:40.274,1781906740274,2141.3091,5.1,0,0,0,
2026-06-19 17:05:40.314,1781906740314,2141.3091,4.6,0,1,0,
2026-06-19 17:05:40.353,1781906740354,2436.0710,4.6,0,1,0,
2026-06-19 17:05:40.394,1781906740394,2436.0710,5.0,0,1,0,
2026-06-19 17:05:40.434,1781906740434,2436.0710,5.0,0,1,0,
2026-06-19 17:05:40.474,1781906740474,2436.0710,5.0,0,1,0,
2026-06-19 17:05:40.513,1781906740513,2436.0710,5.4,0,1,0,
2026-06-19 17:05:40.554,1781906740554,2436.0710,5.0,0,1,0,
2026-06-19 17:05:40.593,1781906740593,2436.0710,5.0,0,1,0,
2026-06-19 17:05:40.634,1781906740634,2902.5405,4.6,0,1,0,
2026-06-19 17:05:40.674,1781906740674,2902.5405,5.1,0,1,0,
2026-06-19 17:05:40.714,1781906740714,2902.5405,5.0,0,1,0,
2026-06-19 17:05:40.754,1781906740754,2902.5405,5.0,0,1,0,
2026-06-19 17:05:40.794,1781906740794,2902.5405,5.4,0,1,0,
2026-06-19 17:05:40.834,1781906740834,2902.5405,5.0,0,0,0,
2026-06-19 17:05:40.874,1781906740874,2707.8826,5.3,0,1,0,
2026-06-19 17:05:40.914,1781906740914,2707.8826,5.3,0,1,0,
2026-06-19 17:05:40.954,1781906740954,2707.8826,5.3,0,1,0,
2026-06-19 17:05:40.994,1781906740994,2707.8826,5.2,0,1,0,
2026-06-19 17:05:41.034,1781906741034,2707.8826,5.2,0,1,0,
2026-06-19 17:05:41.074,1781906741074,2707.8826,5.2,0,1,0,
2026-06-19 17:05:41.114,1781906741114,2707.8826,5.2,0,1,0,
2026-06-19 17:05:41.154,1781906741154,3026.0391,4.8,0,1,0,
2026-06-19 17:05:41.194,1781906741194,3026.0391,5.3,0,1,0,
2026-06-19 17:05:41.234,1781906741234,3026.0391,5.3,0,1,0,
2026-06-19 17:05:41.274,1781906741274,3026.0391,5.3,0,0,0,
2026-06-19 17:05:41.314,1781906741314,3026.0391,5.3,0,1,0,
2026-06-19 17:05:41.354,1781906741354,3026.0391,5.2,0,1,0,
2026-06-19 17:05:41.394,1781906741394,3004.8877,5.3,0,1,0,
2026-06-19 17:05:41.434,1781906741434,3004.8877,5.3,0,1,0,
2026-06-19 17:05:41.473,1781906741473,3004.8877,4.9,0,1,0,
2026-06-19 17:05:41.514,1781906741514,3004.8877,5.3,0,0,0,
2026-06-19 17:05:41.554,1781906741554,3004.8877,5.2,0,1,0,
2026-06-19 17:05:41.594,1781906741594,3004.8877,4.9,0,1,0,
2026-06-19 17:05:41.634,1781906741634,3004.8877,5.2,0,1,0,
2026-06-19 17:05:41.674,1781906741674,2998.9734,5.3,0,0,0,
2026-06-19 17:05:41.714,1781906741714,2998.9734,4.9,0,0,0,
2026-06-19 17:05:41.754,1781906741754,2998.9734,5.3,0,0,0,
2026-06-19 17:05:41.793,1781906741794,2998.9734,5.3,0,0,0,
2026-06-19 17:05:41.834,1781906741834,2998.9734,4.8,0,1,0,
2026-06-19 17:05:41.874,1781906741874,2998.9734,5.2,0,1,0,
2026-06-19 17:05:41.914,1781906741914,2947.3721,5.2,0,1,0,
2026-06-19 17:05:41.954,1781906741954,2947.3721,5.3,0,1,0,
2026-06-19 17:05:41.994,1781906741994,2947.3721,5.3,0,1,0,
2026-06-19 17:05:42.034,1781906742034,2947.3721,4.9,0,0,0,
2026-06-19 17:05:42.074,1781906742074,2947.3721,5.3,0,1,0,
2026-06-19 17:05:42.114,1781906742114,2947.3721,5.2,0,1,0,
2026-06-19 17:05:42.154,1781906742154,2947.3721,5.2,0,1,0,
2026-06-19 17:05:42.194,1781906742194,2956.3062,5.3,0,1,0,
2026-06-19 17:05:42.234,1781906742234,2956.3062,5.3,0,1,0,
2026-06-19 17:05:42.273,1781906742274,2956.3062,5.3,0,1,0,
2026-06-19 17:05:42.314,1781906742314,2956.3062,5.3,0,0,0,
2026-06-19 17:05:42.354,1781906742354,2956.3062,5.2,0,1,0,
2026-06-19 17:05:42.394,1781906742394,2956.3062,5.2,0,1,0,
2026-06-19 17:05:42.434,1781906742434,2991.7273,5.3,0,1,0,
2026-06-19 17:05:42.474,1781906742474,2991.7273,5.3,0,1,0,
2026-06-19 17:05:42.514,1781906742514,2991.7273,5.7,0,1,0,
2026-06-19 17:05:42.554,1781906742554,2991.7273,5.2,0,1,0,
2026-06-19 17:05:42.594,1781906742594,2991.7273,5.3,0,1,0,
2026-06-19 17:05:42.634,1781906742634,2991.7273,5.3,0,1,0,
2026-06-19 17:05:42.674,1781906742674,2991.7273,5.3,0,1,0,
2026-06-19 17:05:42.714,1781906742714,3103.2683,5.2,0,1,0,
2026-06-19 17:05:42.754,1781906742754,3103.2683,5.2,0,1,0,
2026-06-19 17:05:42.794,1781906742794,3103.2683,5.3,0,1,0,
2026-06-19 17:05:42.834,1781906742834,3103.2683,5.2,0,1,0,
2026-06-19 17:05:42.873,1781906742874,3103.2683,5.3,0,1,0,
2026-06-19 17:05:42.914,1781906742914,3103.2683,5.3,0,1,0,
2026-06-19 17:05:42.954,1781906742954,3036.4048,5.3,0,1,0,
2026-06-19 17:05:42.994,1781906742994,3036.4048,5.2,0,1,0,
2026-06-19 17:05:43.034,1781906743034,3036.4048,5.3,0,1,0,
2026-06-19 17:05:43.074,1781906743074,3036.4048,5.3,0,1,0,
2026-06-19 17:05:43.114,1781906743114,3036.4048,4.8,0,1,0,
2026-06-19 17:05:43.154,1781906743154,3036.4048,5.3,0,1,0,
2026-06-19 17:05:43.193,1781906743194,3036.4048,5.2,0,1,0,
2026-06-19 17:05:43.234,1781906743234,2953.4221,5.2,0,1,0,
2026-06-19 17:05:43.274,1781906743274,2953.4221,5.2,0,1,0,
2026-06-19 17:05:43.314,1781906743314,2953.4221,5.2,0,1,0,
2026-06-19 17:05:43.354,1781906743354,2953.4221,5.3,0,1,0,
2026-06-19 17:05:43.394,1781906743394,2953.4221,5.2,0,1,0,
2026-06-19 17:05:43.434,1781906743434,2953.4221,5.2,0,1,0,
2026-06-19 17:05:43.473,1781906743474,3052.4905,5.3,0,1,0,
2026-06-19 17:05:43.514,1781906743514,3052.4905,4.8,0,1,0,
2026-06-19 17:05:43.554,1781906743554,3052.4905,5.3,0,1,0,
2026-06-19 17:05:43.594,1781906743594,3052.4905,5.3,0,1,0,
2026-06-19 17:05:43.634,1781906743634,3052.4905,5.2,0,1,0,FUGA
2026-06-19 17:05:43.674,1781906743674,3052.4905,5.2,0,1,0,
2026-06-19 17:05:43.714,1781906743714,3052.4905,5.3,0,1,0,
2026-06-19 17:05:43.754,1781906743754,3017.5071,5.3,0,1,0,
2026-06-19 17:05:43.794,1781906743794,3017.5071,4.8,0,1,0,
2026-06-19 17:05:43.834,1781906743834,3017.5071,5.2,0,1,0,
2026-06-19 17:05:43.874,1781906743874,3017.5071,5.3,0,1,0,
2026-06-19 17:05:43.914,1781906743914,3017.5071,5.3,0,1,0,
2026-06-19 17:05:43.954,1781906743954,3017.5071,4.9,0,1,0,
2026-06-19 17:05:43.994,1781906743994,3014.2898,5.3,0,1,0,
2026-06-19 17:05:44.034,1781906744034,3014.2898,4.7,0,1,0,
2026-06-19 17:05:44.074,1781906744074,3014.2898,5.3,0,1,0,
2026-06-19 17:05:44.114,1781906744114,3014.2898,5.3,0,0,0,
2026-06-19 17:05:44.154,1781906744154,3014.2898,5.2,0,1,0,
2026-06-19 17:05:44.194,1781906744194,3014.2898,5.2,0,1,0,
2026-06-19 17:05:44.234,1781906744234,3014.2898,5.2,0,0,0,
2026-06-19 17:05:44.274,1781906744274,3008.6580,5.3,0,1,0,
2026-06-19 17:05:44.314,1781906744314,3008.6580,5.3,0,1,0,
2026-06-19 17:05:44.354,1781906744354,3008.6580,5.3,0,1,0,
2026-06-19 17:05:44.394,1781906744394,3008.6580,5.3,0,1,0,
2026-06-19 17:05:44.434,1781906744434,3008.6580,5.3,0,1,0,
2026-06-19 17:05:44.474,1781906744474,3008.6580,5.3,0,1,0,
2026-06-19 17:05:44.514,1781906744514,3097.5347,5.3,0,1,0,
2026-06-19 17:05:44.554,1781906744554,3097.5347,5.3,0,1,0,
2026-06-19 17:05:44.594,1781906744594,3097.5347,5.3,0,1,0,
2026-06-19 17:05:44.634,1781906744634,3097.5347,5.2,0,1,0,
2026-06-19 17:05:44.674,1781906744674,3097.5347,5.3,0,0,0,
2026-06-19 17:05:44.714,1781906744714,3097.5347,5.2,0,1,0,
2026-06-19 17:05:44.754,1781906744754,3097.5347,5.3,0,1,0,
2026-06-19 17:05:44.794,1781906744794,2987.9124,5.3,0,0,0,
2026-06-19 17:05:44.834,1781906744834,2987.9124,5.3,0,1,0,
2026-06-19 17:05:44.874,1781906744874,2987.9124,5.3,0,0,0,
2026-06-19 17:05:44.914,1781906744914,2987.9124,5.2,0,1,0,
2026-06-19 17:05:44.954,1781906744954,2987.9124,5.2,0,1,0,
2026-06-19 17:05:44.994,1781906744994,2987.9124,5.3,0,1,0,
2026-06-19 17:05:45.034,1781906745034,3109.9958,5.2,0,1,0,
2026-06-19 17:05:45.074,1781906745074,3109.9958,4.8,0,1,0,
2026-06-19 17:05:45.114,1781906745114,3109.9958,5.3,0,1,0,
2026-06-19 17:05:45.154,1781906745154,3109.9958,5.2,0,0,0,
2026-06-19 17:05:45.194,1781906745194,3109.9958,5.3,0,1,0,
2026-06-19 17:05:45.234,1781906745234,3109.9958,5.1,0,1,0,
2026-06-19 17:05:45.274,1781906745274,3109.9958,5.3,0,0,0,
2026-06-19 17:05:45.314,1781906745314,3100.8604,5.3,0,1,0,
2026-06-19 17:05:45.354,1781906745354,3100.8604,5.3,0,1,0,
2026-06-19 17:05:45.394,1781906745394,3100.8604,5.3,0,1,0,
2026-06-19 17:05:45.434,1781906745434,3100.8604,5.3,0,0,0,
2026-06-19 17:05:45.474,1781906745474,3100.8604,5.3,0,1,0,
2026-06-19 17:05:45.514,1781906745514,3100.8604,4.9,0,1,0,
2026-06-19 17:05:45.554,1781906745554,3062.7036,5.2,0,1,0,
2026-06-19 17:05:45.594,1781906745594,3062.7036,5.2,0,1,0,
2026-06-19 17:05:45.634,1781906745634,3062.7036,5.3,0,1,0,
2026-06-19 17:05:45.674,1781906745674,3062.7036,5.2,0,0,0,
2026-06-19 17:05:45.714,1781906745714,3062.7036,5.3,0,1,0,
2026-06-19 17:05:45.754,1781906745754,3062.7036,5.0,0,1,0,
2026-06-19 17:05:45.794,1781906745794,3062.7036,5.4,0,1,0,
2026-06-19 17:05:45.834,1781906745834,3116.0547,5.3,0,1,0,
2026-06-19 17:05:45.874,1781906745874,3116.0547,5.3,0,1,0,
2026-06-19 17:05:45.914,1781906745914,3116.0547,5.3,0,1,0,
2026-06-19 17:05:45.954,1781906745954,3116.0547,5.3,0,1,0,
2026-06-19 17:05:45.994,1781906745994,3116.0547,5.2,0,1,0,
2026-06-19 17:05:46.034,1781906746034,3116.0547,5.0,0,1,0,
2026-06-19 17:05:46.074,1781906746074,3134.1147,4.9,0,1,0,
2026-06-19 17:05:46.114,1781906746114,3134.1147,4.9,0,1,0,
2026-06-19 17:05:46.154,1781906746154,3134.1147,5.1,0,0,0,
2026-06-19 17:05:46.194,1781906746194,3134.1147,5.3,0,1,0,
2026-06-19 17:05:46.234,1781906746234,3134.1147,5.4,0,1,0,
2026-06-19 17:05:46.274,1781906746274,3134.1147,5.0,0,0,0,
2026-06-19 17:05:46.314,1781906746314,3134.1147,4.9,0,1,0,
2026-06-19 17:05:46.354,1781906746354,2858.9551,4.9,0,1,0,
2026-06-19 17:05:46.394,1781906746394,2858.9551,5.0,0,1,0,
2026-06-19 17:05:46.434,1781906746434,2858.9551,4.5,0,0,0,
2026-06-19 17:05:46.474,1781906746474,2858.9551,5.0,0,1,0,
2026-06-19 17:05:46.514,1781906746514,2858.9551,5.1,0,0,0,
2026-06-19 17:05:46.554,1781906746554,2858.9551,4.9,0,1,0,
2026-06-19 17:05:46.594,1781906746594,2779.7327,4.6,0,1,0,
2026-06-19 17:05:46.634,1781906746634,2779.7327,4.6,0,1,0,
2026-06-19 17:05:46.674,1781906746674,2779.7327,4.6,0,0,0,
2026-06-19 17:05:46.714,1781906746714,2779.7327,5.0,0,1,0,
2026-06-19 17:05:46.754,1781906746754,2779.7327,4.5,0,0,0,
2026-06-19 17:05:46.794,1781906746794,2779.7327,5.0,0,1,0,
2026-06-19 17:05:46.834,1781906746834,2779.7327,4.6,0,1,0,
2026-06-19 17:05:46.874,1781906746874,2947.9258,5.0,0,0,0,
2026-06-19 17:05:46.914,1781906746914,2947.9258,4.6,0,1,0,
2026-06-19 17:05:46.954,1781906746954,2947.9258,5.1,0,0,0,
2026-06-19 17:05:46.994,1781906746994,2947.9258,5.1,0,1,0,
2026-06-19 17:05:47.034,1781906747034,2947.9258,5.2,0,1,0,
2026-06-19 17:05:47.074,1781906747074,2947.9258,4.8,0,0,0,
2026-06-19 17:05:47.114,1781906747114,2804.0681,5.1,0,1,0,
2026-06-19 17:05:47.154,1781906747154,2804.0681,5.2,0,1,0,
2026-06-19 17:05:47.194,1781906747194,2804.0681,5.7,0,1,0,
2026-06-19 17:05:47.234,1781906747234,2804.0681,6.1,0,1,0,
2026-06-19 17:05:47.274,1781906747274,2804.0681,5.4,0,1,0,
2026-06-19 17:05:47.314,1781906747314,2804.0681,5.5,0,1,0,
2026-06-19 17:05:47.354,1781906747354,2804.0681,5.5,0,1,0,
2026-06-19 17:05:47.394,1781906747394,2423.9482,5.1,0,1,0,
2026-06-19 17:05:47.434,1781906747434,2423.9482,6.1,0,1,0,
2026-06-19 17:05:47.474,1781906747474,2423.9482,5.7,0,1,0,
2026-06-19 17:05:47.514,1781906747514,2423.9482,5.8,0,1,0,
2026-06-19 17:05:47.554,1781906747554,2423.9482,6.1,0,1,0,
2026-06-19 17:05:47.594,1781906747594,2423.9482,6.0,0,1,0,
2026-06-19 17:05:47.634,1781906747634,2332.2185,6.1,0,1,0,
2026-06-19 17:05:47.674,1781906747674,2332.2185,6.1,0,1,0,
2026-06-19 17:05:47.714,1781906747714,2332.2185,6.2,0,1,0,
2026-06-19 17:05:47.754,1781906747754,2332.2185,6.2,0,0,0,
2026-06-19 17:05:47.794,1781906747794,2332.2185,6.6,0,1,0,
2026-06-19 17:05:47.834,1781906747834,2332.2185,6.7,0,1,0,
2026-06-19 17:05:47.874,1781906747874,2332.2185,6.7,0,1,0,
2026-06-19 17:05:47.914,1781906747914,1694.3303,6.6,0,1,0,
2026-06-19 17:05:47.954,1781906747954,1694.3303,6.2,0,0,0,
2026-06-19 17:05:47.994,1781906747994,1694.3303,6.3,0,1,0,
2026-06-19 17:05:48.034,1781906748034,1694.3303,5.7,0,0,0,
2026-06-19 17:05:48.074,1781906748074,1694.3303,6.2,0,1,0,
2026-06-19 17:05:48.114,1781906748114,1694.3303,5.8,0,1,0,
2026-06-19 17:05:48.154,1781906748154,1475.0530,5.4,0,0,0,
2026-06-19 17:05:48.194,1781906748194,1475.0530,5.8,0,0,0,
2026-06-19 17:05:48.234,1781906748234,1475.0530,5.9,0,0,0,
2026-06-19 17:05:48.274,1781906748274,1475.0530,6.0,0,0,0,
2026-06-19 17:05:48.314,1781906748314,1475.0530,6.0,0,0,0,
2026-06-19 17:05:48.354,1781906748354,1475.0530,5.9,0,0,0,
2026-06-19 17:05:48.394,1781906748394,1475.0530,5.0,0,1,0,
2026-06-19 17:05:48.434,1781906748434,1873.7336,5.5,0,1,0,
2026-06-19 17:05:48.474,1781906748474,1873.7336,5.1,0,0,0,
2026-06-19 17:05:48.514,1781906748514,1873.7336,6.1,0,1,0,
2026-06-19 17:05:48.554,1781906748554,1873.7336,5.5,0,0,0,
2026-06-19 17:05:48.594,1781906748594,1873.7336,5.5,0,0,0,
2026-06-19 17:05:48.634,1781906748634,1873.7336,6.0,0,0,0,
2026-06-19 17:05:48.674,1781906748674,2612.5928,5.5,0,0,0,
2026-06-19 17:05:48.714,1781906748714,2612.5928,5.4,0,0,0,
2026-06-19 17:05:48.754,1781906748754,2612.5928,5.0,0,0,0,
2026-06-19 17:05:48.794,1781906748794,2612.5928,5.9,0,0,0,
2026-06-19 17:05:48.834,1781906748834,2612.5928,5.5,0,1,0,
2026-06-19 17:05:48.874,1781906748874,2612.5928,5.4,0,0,0,
2026-06-19 17:05:48.914,1781906748914,2612.5928,5.5,0,1,0,
2026-06-19 17:05:48.954,1781906748954,1004.4417,5.5,0,0,0,
2026-06-19 17:05:48.994,1781906748994,1004.4417,5.9,0,0,0,
2026-06-19 17:05:49.034,1781906749034,1004.4417,5.5,0,0,0,
2026-06-19 17:05:49.074,1781906749074,1004.4417,5.1,0,0,0,
2026-06-19 17:05:49.114,1781906749114,1004.4417,6.0,0,1,0,
2026-06-19 17:05:49.154,1781906749154,1004.4417,6.0,0,1,0,
2026-06-19 17:05:49.194,1781906749194,752.5241,5.9,0,0,0,
2026-06-19 17:05:49.234,1781906749234,752.5241,5.2,0,0,0,
2026-06-19 17:05:49.274,1781906749274,752.5241,6.4,0,0,0,
2026-06-19 17:05:49.314,1781906749314,752.5241,6.0,0,0,0,
2026-06-19 17:05:49.354,1781906749354,752.5241,5.8,0,0,0,
2026-06-19 17:05:49.394,1781906749394,752.5241,6.0,0,0,0,
2026-06-19 17:05:49.434,1781906749434,752.5241,5.9,0,1,0,
2026-06-19 17:05:49.474,1781906749474,742.6309,5.8,0,0,0,
2026-06-19 17:05:49.514,1781906749514,742.6309,6.2,0,0,0,
2026-06-19 17:05:49.554,1781906749554,742.6309,6.1,0,0,0,
2026-06-19 17:05:49.594,1781906749594,742.6309,6.2,0,0,0,
2026-06-19 17:05:49.634,1781906749634,742.6309,3.7,0,0,0,
2026-06-19 17:05:49.674,1781906749674,742.6309,6.2,0,1,0,
2026-06-19 17:05:49.714,1781906749714,737.6489,6.1,0,0,0,
2026-06-19 17:05:49.754,1781906749754,737.6489,6.5,0,0,0,
2026-06-19 17:05:49.794,1781906749794,737.6489,6.1,0,0,0,
2026-06-19 17:05:49.834,1781906749834,737.6489,6.0,0,0,0,
2026-06-19 17:05:49.874,1781906749874,737.6489,6.1,0,0,0,
2026-06-19 17:05:49.914,1781906749914,737.6489,6.1,0,0,0,
2026-06-19 17:05:49.954,1781906749954,737.6489,6.0,0,1,0,
2026-06-19 17:05:49.994,1781906749994,727.6960,6.1,0,1,0,
2026-06-19 17:05:50.034,1781906750034,727.6960,6.1,0,0,0,
2026-06-19 17:05:50.074,1781906750074,727.6960,6.0,0,0,0,
2026-06-19 17:05:50.114,1781906750114,727.6960,6.1,0,1,0,
2026-06-19 17:05:50.154,1781906750154,727.6960,6.0,0,1,0,
2026-06-19 17:05:50.194,1781906750194,727.6960,6.1,0,0,0,
2026-06-19 17:05:50.234,1781906750234,731.9103,5.6,0,0,0,
2026-06-19 17:05:50.274,1781906750274,731.9103,6.1,0,0,0,
2026-06-19 17:05:50.314,1781906750314,731.9103,6.1,0,0,0,
2026-06-19 17:05:50.354,1781906750354,731.9103,6.0,0,0,0,
2026-06-19 17:05:50.394,1781906750394,731.9103,6.1,0,0,0,
2026-06-19 17:05:50.434,1781906750434,731.9103,6.1,0,0,0,
2026-06-19 17:05:50.474,1781906750474,731.9103,6.2,0,1,0,
2026-06-19 17:05:50.514,1781906750514,770.6525,6.2,0,1,0,
2026-06-19 17:05:50.554,1781906750554,770.6525,6.2,0,1,0,
2026-06-19 17:05:50.594,1781906750594,770.6525,6.0,0,0,0,
2026-06-19 17:05:50.634,1781906750634,770.6525,5.9,0,0,0,
2026-06-19 17:05:50.674,1781906750674,770.6525,5.8,0,0,0,
2026-06-19 17:05:50.714,1781906750714,770.6525,6.2,0,1,0,
2026-06-19 17:05:50.754,1781906750754,960.9701,6.2,0,0,0,
2026-06-19 17:05:50.794,1781906750794,960.9701,6.2,0,1,0,
2026-06-19 17:05:50.834,1781906750834,960.9701,6.2,0,1,0,
2026-06-19 17:05:50.874,1781906750874,960.9701,6.2,0,1,0,
2026-06-19 17:05:50.914,1781906750914,960.9701,6.1,0,0,0,
2026-06-19 17:05:50.954,1781906750954,960.9701,6.2,0,0,0,
2026-06-19 17:05:50.994,1781906750994,960.9701,6.2,0,0,0,
2026-06-19 17:05:51.034,1781906751034,1705.0396,6.2,0,0,0,
2026-06-19 17:05:51.074,1781906751074,1705.0396,6.1,0,0,0,
2026-06-19 17:05:51.114,1781906751114,1705.0396,6.1,0,0,0,
2026-06-19 17:05:51.154,1781906751154,1705.0396,6.1,0,0,0,
2026-06-19 17:05:51.194,1781906751194,1705.0396,6.6,0,0,0,
2026-06-19 17:05:51.234,1781906751234,1705.0396,6.1,0,0,0,
2026-06-19 17:05:51.274,1781906751274,2062.9316,6.1,0,0,0,
2026-06-19 17:05:51.314,1781906751314,2062.9316,6.1,0,0,0,
2026-06-19 17:05:51.354,1781906751354,2062.9316,6.1,0,1,0,
2026-06-19 17:05:51.394,1781906751394,2062.9316,6.1,0,0,0,
2026-06-19 17:05:51.434,1781906751434,2062.9316,6.1,0,0,0,
2026-06-19 17:05:51.474,1781906751474,2062.9316,6.1,0,0,0,
2026-06-19 17:05:51.514,1781906751514,2062.9316,5.7,0,1,0,
2026-06-19 17:05:51.554,1781906751554,1959.3356,6.1,0,0,0,
2026-06-19 17:05:51.594,1781906751594,1959.3356,6.1,0,0,0,
2026-06-19 17:05:51.634,1781906751634,1959.3356,6.1,0,0,0,
2026-06-19 17:05:51.674,1781906751674,1959.3356,6.1,0,1,0,
2026-06-19 17:05:51.714,1781906751714,1959.3356,6.1,0,1,0,
2026-06-19 17:05:51.754,1781906751754,1959.3356,6.0,0,1,0,
2026-06-19 17:05:51.794,1781906751794,4468.3872,6.1,0,0,0,
2026-06-19 17:05:51.834,1781906751834,4468.3872,6.0,0,1,0,
2026-06-19 17:05:51.874,1781906751874,4468.3872,6.1,0,1,0,
2026-06-19 17:05:51.914,1781906751914,4468.3872,6.1,0,0,0,
2026-06-19 17:05:51.954,1781906751954,4468.3872,6.1,0,0,0,
2026-06-19 17:05:51.994,1781906751994,4468.3872,6.1,0,0,0,
2026-06-19 17:05:52.034,1781906752034,4468.3872,6.1,0,0,0,
2026-06-19 17:05:52.074,1781906752074,4395.0093,6.0,0,0,0,
2026-06-19 17:05:52.114,1781906752114,4395.0093,6.0,0,0,0,
2026-06-19 17:05:52.154,1781906752154,4395.0093,5.7,0,1,0,
2026-06-19 17:05:52.194,1781906752194,4395.0093,5.6,0,0,0,
2026-06-19 17:05:52.234,1781906752234,4395.0093,6.0,0,0,0,
2026-06-19 17:05:52.274,1781906752274,4395.0093,6.1,0,0,0,
2026-06-19 17:05:52.314,1781906752314,2948.0432,6.0,0,0,0,
2026-06-19 17:05:52.354,1781906752354,2948.0432,6.1,0,0,0,
2026-06-19 17:05:52.394,1781906752394,2948.0432,6.0,0,1,0,
2026-06-19 17:05:52.434,1781906752434,2948.0432,6.1,0,0,0,
2026-06-19 17:05:52.474,1781906752474,2948.0432,6.6,0,0,0,
2026-06-19 17:05:52.514,1781906752514,2948.0432,6.6,0,0,0,
2026-06-19 17:05:52.554,1781906752554,2948.0432,6.1,0,0,0,
2026-06-19 17:05:52.594,1781906752594,2461.7432,6.1,0,0,0,
2026-06-19 17:05:52.634,1781906752634,2461.7432,6.1,0,0,0,
2026-06-19 17:05:52.674,1781906752674,2461.7432,6.1,0,0,0,
2026-06-19 17:05:52.714,1781906752714,2461.7432,6.1,0,1,0,
2026-06-19 17:05:52.754,1781906752754,2461.7432,6.1,0,0,0,
2026-06-19 17:05:52.794,1781906752794,2461.7432,6.1,0,1,0,
2026-06-19 17:05:52.834,1781906752834,2415.5481,6.1,0,0,0,
2026-06-19 17:05:52.874,1781906752874,2415.5481,6.3,0,0,0,
2026-06-19 17:05:52.914,1781906752914,2415.5481,6.1,0,1,0,
2026-06-19 17:05:52.954,1781906752954,2415.5481,6.2,0,0,0,
2026-06-19 17:05:52.994,1781906752994,2415.5481,6.1,0,0,0,
2026-06-19 17:05:53.034,1781906753034,2415.5481,6.1,0,0,0,
2026-06-19 17:05:53.074,1781906753074,2415.5481,6.1,0,0,0,
2026-06-19 17:05:53.114,1781906753114,2640.5508,6.1,0,0,0,
2026-06-19 17:05:53.154,1781906753154,2640.5508,6.1,0,0,0,
2026-06-19 17:05:53.194,1781906753194,2640.5508,6.2,0,1,0,
2026-06-19 17:05:53.234,1781906753234,2640.5508,6.7,0,0,0,
2026-06-19 17:05:53.274,1781906753274,2640.5508,6.2,0,0,0,
2026-06-19 17:05:53.314,1781906753314,2640.5508,6.7,0,0,0,
2026-06-19 17:05:53.354,1781906753354,2790.9041,6.2,0,0,0,
2026-06-19 17:05:53.394,1781906753394,2790.9041,6.1,0,0,0,
2026-06-19 17:05:53.434,1781906753434,2790.9041,6.2,0,0,0,
2026-06-19 17:05:53.474,1781906753474,2790.9041,6.2,0,0,0,
2026-06-19 17:05:53.514,1781906753514,2790.9041,6.2,0,0,0,
2026-06-19 17:05:53.554,1781906753554,2790.9041,6.2,0,0,0,
2026-06-19 17:05:53.594,1781906753594,2790.9041,5.7,0,0,0,
2026-06-19 17:05:53.634,1781906753634,3086.5627,6.2,0,0,0,
2026-06-19 17:05:53.674,1781906753674,3086.5627,6.2,0,0,0,
2026-06-19 17:05:53.714,1781906753714,3086.5627,6.2,0,1,0,
2026-06-19 17:05:53.754,1781906753754,3086.5627,6.6,0,1,0,
2026-06-19 17:05:53.794,1781906753794,3086.5627,6.6,0,0,0,
2026-06-19 17:05:53.834,1781906753834,3086.5627,6.1,0,0,0,
2026-06-19 17:05:53.874,1781906753874,4505.8447,6.1,0,0,0,
2026-06-19 17:05:53.914,1781906753914,4505.8447,6.0,0,0,0,
2026-06-19 17:05:53.954,1781906753954,4505.8447,6.0,0,0,0,
2026-06-19 17:05:53.994,1781906753994,4505.8447,6.6,0,0,0,
2026-06-19 17:05:54.034,1781906754034,4505.8447,5.7,0,0,0,
2026-06-19 17:05:54.074,1781906754074,4505.8447,5.7,0,0,0,
2026-06-19 17:05:54.114,1781906754114,4505.8447,6.0,0,1,0,
2026-06-19 17:05:54.154,1781906754154,5519.0986,6.0,0,0,0,
2026-06-19 17:05:54.194,1781906754194,5519.0986,6.1,0,0,0,
2026-06-19 17:05:54.234,1781906754234,5519.0986,5.6,0,0,0,
2026-06-19 17:05:54.274,1781906754274,5519.0986,5.7,0,0,0,
2026-06-19 17:05:54.314,1781906754314,5519.0986,5.5,0,0,0,
2026-06-19 17:05:54.354,1781906754354,5519.0986,6.1,0,0,0,
2026-06-19 17:05:54.394,1781906754394,5516.7769,5.6,0,0,0,
2026-06-19 17:05:54.434,1781906754434,5516.7769,6.0,0,0,0,
2026-06-19 17:05:54.474,1781906754474,5516.7769,6.0,0,1,0,
2026-06-19 17:05:54.514,1781906754514,5516.7769,6.0,0,0,0,
2026-06-19 17:05:54.554,1781906754554,5516.7769,5.6,0,0,0,
2026-06-19 17:05:54.594,1781906754594,5516.7769,5.6,0,0,0,
2026-06-19 17:05:54.634,1781906754634,5516.7769,5.5,0,0,0,
2026-06-19 17:05:54.674,1781906754674,5715.9775,6.0,0,0,0,
2026-06-19 17:05:54.714,1781906754714,5715.9775,5.1,0,0,0,
2026-06-19 17:05:54.754,1781906754754,5715.9775,6.0,0,0,0,
2026-06-19 17:05:54.794,1781906754794,5715.9775,6.0,0,0,0,
2026-06-19 17:05:54.834,1781906754834,5715.9775,5.1,0,0,0,
2026-06-19 17:05:54.874,1781906754874,5715.9775,6.1,0,0,0,
2026-06-19 17:05:54.914,1781906754914,5368.2080,5.6,0,0,0,
2026-06-19 17:05:54.954,1781906754954,5368.2080,6.1,0,0,0,
2026-06-19 17:05:54.994,1781906754994,5368.2080,5.6,0,0,0,
2026-06-19 17:05:55.034,1781906755034,5368.2080,6.1,0,0,0,
2026-06-19 17:05:55.074,1781906755074,5368.2080,6.1,0,0,0,
2026-06-19 17:05:55.114,1781906755114,5368.2080,5.1,0,0,0,
2026-06-19 17:05:55.154,1781906755154,5368.2080,5.6,0,1,0,
2026-06-19 17:05:55.194,1781906755194,5817.2002,5.6,0,0,0,
2026-06-19 17:05:55.234,1781906755234,5817.2002,5.6,0,0,0,
2026-06-19 17:05:55.274,1781906755274,5817.2002,5.6,0,0,0,
2026-06-19 17:05:55.314,1781906755314,5817.2002,5.7,0,0,0,
2026-06-19 17:05:55.354,1781906755354,5817.2002,5.6,0,1,0,
2026-06-19 17:05:55.394,1781906755394,5817.2002,6.0,0,0,0,
2026-06-19 17:05:55.434,1781906755434,6117.3726,6.0,0,0,0,
2026-06-19 17:05:55.474,1781906755474,6117.3726,5.6,0,0,0,
2026-06-19 17:05:55.514,1781906755514,6117.3726,5.6,0,0,0,
2026-06-19 17:05:55.554,1781906755554,6117.3726,6.1,0,0,0,
2026-06-19 17:05:55.594,1781906755594,6117.3726,5.5,0,1,0,
2026-06-19 17:05:55.634,1781906755634,6117.3726,6.0,0,0,0,
2026-06-19 17:05:55.674,1781906755674,6117.3726,5.0,0,0,0,
2026-06-19 17:05:55.714,1781906755714,5826.6260,6.0,0,0,0,
2026-06-19 17:05:55.754,1781906755754,5826.6260,5.1,0,0,0,
2026-06-19 17:05:55.794,1781906755794,5826.6260,5.1,0,0,0,
2026-06-19 17:05:55.834,1781906755834,5826.6260,5.7,0,0,0,
2026-06-19 17:05:55.874,1781906755874,5826.6260,5.6,0,0,0,
2026-06-19 17:05:55.914,1781906755914,5826.6260,5.9,0,1,0,
2026-06-19 17:05:55.954,1781906755954,5940.6714,5.6,0,0,0,
2026-06-19 17:05:55.994,1781906755994,5940.6714,5.6,0,0,0,
2026-06-19 17:05:56.034,1781906756034,5940.6714,6.0,0,0,0,
2026-06-19 17:05:56.074,1781906756074,5940.6714,5.6,0,0,0,
2026-06-19 17:05:56.114,1781906756114,5940.6714,5.6,0,0,0,
2026-06-19 17:05:56.154,1781906756154,5940.6714,6.1,0,0,0,
2026-06-19 17:05:56.194,1781906756194,5940.6714,5.5,0,0,0,
2026-06-19 17:05:56.234,1781906756234,5998.8560,5.1,0,0,0,
2026-06-19 17:05:56.274,1781906756274,5998.8560,6.0,0,0,0,
2026-06-19 17:05:56.314,1781906756314,5998.8560,5.6,0,0,0,
2026-06-19 17:05:56.354,1781906756354,5998.8560,5.6,0,0,0,
2026-06-19 17:05:56.394,1781906756394,5998.8560,6.0,0,0,0,
2026-06-19 17:05:56.434,1781906756434,5998.8560,6.0,0,0,0,
2026-06-19 17:05:56.474,1781906756474,5655.0293,5.5,0,0,0,
2026-06-19 17:05:56.514,1781906756514,5655.0293,5.5,0,0,0,
2026-06-19 17:05:56.554,1781906756554,5655.0293,5.5,0,1,0,
2026-06-19 17:05:56.594,1781906756594,5655.0293,4.6,0,0,0,
2026-06-19 17:05:56.634,1781906756634,5655.0293,5.9,0,0,0,
2026-06-19 17:05:56.674,1781906756674,5655.0293,5.1,0,0,0,
2026-06-19 17:05:56.714,1781906756714,5655.0293,5.6,0,0,0,
2026-06-19 17:05:56.754,1781906756754,5632.6865,5.6,0,0,0,
2026-06-19 17:05:56.794,1781906756794,5632.6865,5.7,0,0,0,
2026-06-19 17:05:56.834,1781906756834,5632.6865,5.7,0,0,0,
2026-06-19 17:05:56.874,1781906756874,5632.6865,6.0,0,0,0,
2026-06-19 17:05:56.914,1781906756914,5632.6865,5.6,0,0,0,
2026-06-19 17:05:56.954,1781906756954,5632.6865,5.6,0,0,0,
2026-06-19 17:05:56.994,1781906756994,5679.5088,5.2,0,0,0,
2026-06-19 17:05:57.034,1781906757034,5679.5088,6.1,0,0,0,
2026-06-19 17:05:57.074,1781906757074,5679.5088,6.0,0,0,0,
2026-06-19 17:05:57.114,1781906757114,5679.5088,5.5,0,1,0,
2026-06-19 17:05:57.154,1781906757154,5679.5088,6.0,0,0,0,
2026-06-19 17:05:57.194,1781906757194,5679.5088,5.6,0,1,0,
2026-06-19 17:05:57.234,1781906757234,5679.5088,6.0,0,1,0,
2026-06-19 17:05:57.274,1781906757274,5821.8252,5.6,0,0,0,
2026-06-19 17:05:57.314,1781906757314,5821.8252,5.6,0,0,0,
2026-06-19 17:05:57.354,1781906757354,5821.8252,5.5,0,0,0,
2026-06-19 17:05:57.394,1781906757394,5821.8252,5.4,0,1,0,
2026-06-19 17:05:57.434,1781906757434,5821.8252,5.5,0,0,0,
2026-06-19 17:05:57.474,1781906757474,5821.8252,5.7,0,0,0,
2026-06-19 17:05:57.514,1781906757514,6181.2588,6.0,0,0,0,
2026-06-19 17:05:57.554,1781906757554,6181.2588,5.2,0,1,0,
2026-06-19 17:05:57.594,1781906757594,6181.2588,6.1,0,0,0,
2026-06-19 17:05:57.634,1781906757634,6181.2588,5.6,0,0,0,
2026-06-19 17:05:57.674,1781906757674,6181.2588,6.0,0,0,0,
2026-06-19 17:05:57.714,1781906757714,6181.2588,6.0,0,0,0,
2026-06-19 17:05:57.754,1781906757754,6181.2588,5.6,0,0,0,
2026-06-19 17:05:57.794,1781906757794,6022.7065,6.0,0,0,0,
2026-06-19 17:05:57.834,1781906757834,6022.7065,6.1,0,0,0,
2026-06-19 17:05:57.874,1781906757874,6022.7065,5.6,0,1,0,
2026-06-19 17:05:57.914,1781906757914,6022.7065,5.5,0,0,0,
2026-06-19 17:05:57.954,1781906757954,6022.7065,6.0,0,0,0,
2026-06-19 17:05:57.994,1781906757994,6022.7065,5.5,0,0,0,
2026-06-19 17:05:58.034,1781906758034,5738.6514,6.0,0,0,0,
2026-06-19 17:05:58.074,1781906758074,5738.6514,6.0,0,0,0,
2026-06-19 17:05:58.114,1781906758114,5738.6514,5.6,0,0,0,
2026-06-19 17:05:58.154,1781906758154,5738.6514,6.0,0,0,0,
2026-06-19 17:05:58.194,1781906758194,5738.6514,5.7,0,0,0,
2026-06-19 17:05:58.234,1781906758234,5738.6514,6.0,0,0,0,
2026-06-19 17:05:58.274,1781906758274,5738.6514,6.4,0,0,0,
2026-06-19 17:05:58.314,1781906758314,5962.5229,5.6,0,1,0,
2026-06-19 17:05:58.354,1781906758354,5962.5229,5.2,0,0,0,FUGA
2026-06-19 17:05:58.394,1781906758394,5962.5229,6.0,0,0,0,
2026-06-19 17:05:58.434,1781906758434,5962.5229,5.6,0,0,0,
2026-06-19 17:05:58.474,1781906758474,5962.5229,5.6,0,0,0,
2026-06-19 17:05:58.514,1781906758514,5962.5229,5.5,0,0,0,
2026-06-19 17:05:58.554,1781906758554,5877.9463,6.0,0,0,0,
2026-06-19 17:05:58.594,1781906758594,5877.9463,5.2,0,0,0,
2026-06-19 17:05:58.634,1781906758634,5877.9463,6.1,0,0,0,
2026-06-19 17:05:58.674,1781906758674,5877.9463,5.6,0,1,0,
2026-06-19 17:05:58.714,1781906758714,5877.9463,6.1,0,0,0,
2026-06-19 17:05:58.754,1781906758754,5877.9463,5.7,0,0,0,
2026-06-19 17:05:58.794,1781906758794,5877.9463,6.0,0,0,0,
2026-06-19 17:05:58.834,1781906758834,6080.0625,5.1,0,0,0,
2026-06-19 17:05:58.874,1781906758874,6080.0625,6.0,0,0,0,
2026-06-19 17:05:58.914,1781906758914,6080.0625,5.6,0,0,0,
2026-06-19 17:05:58.954,1781906758954,6080.0625,5.6,0,0,0,
2026-06-19 17:05:58.994,1781906758994,6080.0625,5.5,0,0,0,
2026-06-19 17:05:59.034,1781906759034,6080.0625,5.7,0,0,0,
2026-06-19 17:05:59.074,1781906759074,6063.4219,5.6,0,0,0,
2026-06-19 17:05:59.114,1781906759114,6063.4219,6.0,0,0,0,
2026-06-19 17:05:59.154,1781906759154,6063.4219,5.6,0,0,0,
2026-06-19 17:05:59.194,1781906759194,6063.4219,6.0,0,0,0,
2026-06-19 17:05:59.234,1781906759234,6063.4219,6.0,0,0,0,
2026-06-19 17:05:59.274,1781906759274,6063.4219,5.2,0,1,0,
2026-06-19 17:05:59.314,1781906759314,6063.4219,5.6,0,0,0,
2026-06-19 17:05:59.354,1781906759354,5812.7012,6.0,0,0,0,
2026-06-19 17:05:59.394,1781906759394,5812.7012,5.7,0,0,0,
2026-06-19 17:05:59.434,1781906759434,5812.7012,6.0,0,0,0,
2026-06-19 17:05:59.474,1781906759474,5812.7012,5.5,0,0,0,
2026-06-19 17:05:59.514,1781906759514,5812.7012,6.0,0,0,0,
2026-06-19 17:05:59.554,1781906759554,5812.7012,5.6,0,0,0,
2026-06-19 17:05:59.594,1781906759594,6278.0063,5.5,0,0,0,
2026-06-19 17:05:59.634,1781906759634,6278.0063,5.6,0,0,0,
2026-06-19 17:05:59.674,1781906759674,6278.0063,5.6,0,0,0,
2026-06-19 17:05:59.714,1781906759714,6278.0063,5.5,0,0,0,
2026-06-19 17:05:59.754,1781906759754,6278.0063,6.0,0,0,0,
2026-06-19 17:05:59.794,1781906759794,6278.0063,5.5,0,0,0,
2026-06-19 17:05:59.834,1781906759834,6278.0063,5.5,0,0,0,
2026-06-19 17:05:59.874,1781906759874,6071.3428,5.5,0,1,0,
2026-06-19 17:05:59.914,1781906759914,6071.3428,6.0,0,0,0,
2026-06-19 17:05:59.954,1781906759954,6071.3428,5.1,0,1,0,
2026-06-19 17:05:59.994,1781906759994,6071.3428,6.0,0,0,0,
2026-06-19 17:06:00.034,1781906760034,6071.3428,5.7,0,0,0,
2026-06-19 17:06:00.074,1781906760074,6071.3428,6.1,0,1,0,
2026-06-19 17:06:00.114,1781906760114,6035.1309,5.5,0,0,0,
2026-06-19 17:06:00.154,1781906760154,6035.1309,5.5,0,0,0,
2026-06-19 17:06:00.194,1781906760194,6035.1309,5.7,0,0,0,
2026-06-19 17:06:00.234,1781906760234,6035.1309,5.6,0,0,0,
2026-06-19 17:06:00.274,1781906760274,6035.1309,5.6,0,0,0,
2026-06-19 17:06:00.315,1781906760315,6035.1309,5.6,0,0,0,
2026-06-19 17:06:00.354,1781906760354,6035.1309,5.2,0,0,0,
2026-06-19 17:06:00.394,1781906760394,6092.2354,5.6,0,0,0,
2026-06-19 17:06:00.434,1781906760434,6092.2354,5.6,0,0,0,
2026-06-19 17:06:00.474,1781906760474,6092.2354,5.6,0,1,0,
2026-06-19 17:06:00.514,1781906760514,6092.2354,5.6,0,0,0,
2026-06-19 17:06:00.554,1781906760554,6092.2354,5.5,0,1,0,
2026-06-19 17:06:00.594,1781906760594,6092.2354,5.6,0,0,0,
2026-06-19 17:06:00.634,1781906760634,5800.8560,5.6,0,0,0,
2026-06-19 17:06:00.674,1781906760674,5800.8560,6.0,0,0,0,
2026-06-19 17:06:00.714,1781906760714,5800.8560,6.0,0,0,0,
2026-06-19 17:06:00.754,1781906760754,5800.8560,6.0,0,0,0,
2026-06-19 17:06:00.794,1781906760794,5800.8560,5.5,0,0,0,
2026-06-19 17:06:00.834,1781906760834,5800.8560,6.0,0,0,0,
2026-06-19 17:06:00.874,1781906760874,5800.8560,6.1,0,0,0,
2026-06-19 17:06:00.914,1781906760914,5729.6787,5.6,0,1,0,
2026-06-19 17:06:00.954,1781906760954,5729.6787,5.6,0,0,0,
2026-06-19 17:06:00.994,1781906760994,5729.6787,5.6,0,0,0,
2026-06-19 17:06:01.034,1781906761034,5729.6787,5.6,0,0,0,
2026-06-19 17:06:01.074,1781906761074,5729.6787,6.0,0,0,0,
2026-06-19 17:06:01.114,1781906761114,5729.6787,5.2,0,0,0,
2026-06-19 17:06:01.154,1781906761154,6021.7993,5.6,0,0,0,
2026-06-19 17:06:01.194,1781906761194,6021.7993,5.5,0,0,0,
2026-06-19 17:06:01.234,1781906761234,6021.7993,5.5,0,0,0,
2026-06-19 17:06:01.274,1781906761274,6021.7993,6.0,0,0,0,
2026-06-19 17:06:01.314,1781906761314,6021.7993,6.0,0,0,0,
2026-06-19 17:06:01.354,1781906761354,6021.7993,5.1,0,0,0,
2026-06-19 17:06:01.394,1781906761394,6021.7993,5.6,0,0,0,
2026-06-19 17:06:01.434,1781906761434,5838.4048,6.0,0,0,0,
2026-06-19 17:06:01.474,1781906761474,5838.4048,5.6,0,0,0,
2026-06-19 17:06:01.514,1781906761514,5838.4048,6.0,0,0,0,
2026-06-19 17:06:01.554,1781906761554,5838.4048,5.5,0,0,0,
2026-06-19 17:06:01.594,1781906761594,5838.4048,5.6,0,0,0,
2026-06-19 17:06:01.634,1781906761634,5838.4048,6.0,0,0,0,
2026-06-19 17:06:01.674,1781906761674,6227.5894,6.0,0,0,0,
2026-06-19 17:06:01.714,1781906761714,6227.5894,5.7,0,1,0,
2026-06-19 17:06:01.754,1781906761754,6227.5894,6.6,0,0,0,
2026-06-19 17:06:01.794,1781906761794,6227.5894,6.1,0,1,0,
2026-06-19 17:06:01.835,1781906761835,6227.5894,6.0,0,0,0,
2026-06-19 17:06:01.874,1781906761874,6227.5894,6.1,0,0,0,
2026-06-19 17:06:01.914,1781906761914,6227.5894,6.7,0,0,0,
2026-06-19 17:06:01.954,1781906761954,4587.7578,6.2,0,0,0,
2026-06-19 17:06:01.994,1781906761994,4587.7578,6.2,0,0,0,
2026-06-19 17:06:02.034,1781906762034,4587.7578,6.2,0,0,0,
2026-06-19 17:06:02.074,1781906762074,4587.7578,5.7,0,0,0,
2026-06-19 17:06:02.114,1781906762114,4587.7578,5.4,0,0,0,
2026-06-19 17:06:02.154,1781906762154,4587.7578,5.8,0,0,0,
2026-06-19 17:06:02.194,1781906762194,3293.8066,5.7,0,0,0,
2026-06-19 17:06:02.234,1781906762234,3293.8066,6.2,0,0,0,
2026-06-19 17:06:02.274,1781906762274,3293.8066,5.8,0,0,0,
2026-06-19 17:06:02.314,1781906762314,3293.8066,6.2,0,0,0,
2026-06-19 17:06:02.354,1781906762354,3293.8066,5.2,0,0,0,
2026-06-19 17:06:02.394,1781906762394,3293.8066,4.9,0,0,0,
2026-06-19 17:06:02.434,1781906762434,3293.8066,5.2,0,0,0,
2026-06-19 17:06:02.474,1781906762474,4920.3184,5.9,0,0,0,
2026-06-19 17:06:02.514,1781906762514,4920.3184,2.5,0,0,0,
2026-06-19 17:06:02.554,1781906762554,4920.3184,6.3,0,0,0,
2026-06-19 17:06:02.594,1781906762594,4920.3184,5.2,0,0,0,
2026-06-19 17:06:02.634,1781906762634,4920.3184,6.0,0,0,0,
2026-06-19 17:06:02.674,1781906762674,4920.3184,6.5,0,0,0,
2026-06-19 17:06:02.714,1781906762715,5372.8052,5.9,0,0,0,
2026-06-19 17:06:02.754,1781906762754,5372.8052,5.8,0,0,0,
2026-06-19 17:06:02.794,1781906762794,5372.8052,5.1,0,0,0,
2026-06-19 17:06:02.834,1781906762834,5372.8052,6.0,0,0,0,
2026-06-19 17:06:02.874,1781906762874,5372.8052,6.0,0,0,0,
2026-06-19 17:06:02.914,1781906762914,5372.8052,6.0,0,1,0,
2026-06-19 17:06:02.954,1781906762954,5372.8052,5.6,0,0,0,
2026-06-19 17:06:02.994,1781906762994,4006.5122,5.6,0,0,0,
2026-06-19 17:06:03.034,1781906763034,4006.5122,6.1,0,0,0,
2026-06-19 17:06:03.074,1781906763074,4006.5122,6.0,0,0,0,
2026-06-19 17:06:03.115,1781906763115,4006.5122,6.0,0,0,0,
2026-06-19 17:06:03.154,1781906763154,4006.5122,5.6,0,0,0,
2026-06-19 17:06:03.194,1781906763194,4006.5122,6.4,0,0,0,
2026-06-19 17:06:03.235,1781906763235,2447.1689,6.0,0,0,0,
2026-06-19 17:06:03.274,1781906763274,2447.1689,6.9,0,0,0,
2026-06-19 17:06:03.314,1781906763314,2447.1689,5.1,0,0,0,
2026-06-19 17:06:03.354,1781906763354,2447.1689,5.5,0,0,0,
2026-06-19 17:06:03.394,1781906763394,2447.1689,6.0,0,0,0,
2026-06-19 17:06:03.435,1781906763435,2447.1689,6.9,0,0,0,
2026-06-19 17:06:03.474,1781906763474,2447.1689,6.4,0,0,0,
2026-06-19 17:06:03.514,1781906763514,2276.7632,6.4,0,0,0,
2026-06-19 17:06:03.555,1781906763555,2276.7632,6.4,0,0,0,
2026-06-19 17:06:03.594,1781906763594,2276.7632,5.6,0,0,0,
2026-06-19 17:06:03.634,1781906763634,2276.7632,6.3,0,0,0,
2026-06-19 17:06:03.674,1781906763674,2276.7632,1.7,0,0,0,
2026-06-19 17:06:03.714,1781906763714,2276.7632,6.5,0,0,0,
2026-06-19 17:06:03.754,1781906763754,2136.0044,5.6,0,0,0,
2026-06-19 17:06:03.794,1781906763794,2136.0044,6.0,0,0,0,
2026-06-19 17:06:03.834,1781906763834,2136.0044,5.6,0,0,0,
2026-06-19 17:06:03.874,1781906763874,2136.0044,6.4,0,0,0,
2026-06-19 17:06:03.914,1781906763914,2136.0044,6.5,0,0,0,
2026-06-19 17:06:03.954,1781906763954,2136.0044,6.8,0,0,0,
2026-06-19 17:06:03.994,1781906763995,2136.0044,6.0,0,0,0,
2026-06-19 17:06:04.035,1781906764035,3880.5918,6.4,0,0,0,
2026-06-19 17:06:04.074,1781906764074,3880.5918,6.0,0,0,0,
2026-06-19 17:06:04.114,1781906764114,3880.5918,5.5,0,0,0,
2026-06-19 17:06:04.154,1781906764154,3880.5918,6.6,0,0,0,
2026-06-19 17:06:04.194,1781906764194,3880.5918,5.7,0,0,0,
2026-06-19 17:06:04.234,1781906764234,3880.5918,6.1,0,0,0,
2026-06-19 17:06:04.274,1781906764274,3702.9497,6.4,0,0,0,
2026-06-19 17:06:04.314,1781906764314,3702.9497,5.9,0,0,0,
2026-06-19 17:06:04.354,1781906764354,3702.9497,6.8,0,0,0,
2026-06-19 17:06:04.394,1781906764394,3702.9497,5.5,0,0,0,
2026-06-19 17:06:04.435,1781906764435,3702.9497,4.7,0,0,0,
2026-06-19 17:06:04.474,1781906764474,3702.9497,6.0,0,0,0,
2026-06-19 17:06:04.514,1781906764514,3702.9497,6.0,0,0,0,
2026-06-19 17:06:04.554,1781906764555,1429.7911,6.0,0,0,0,
2026-06-19 17:06:04.594,1781906764594,1429.7911,4.6,0,0,0,
2026-06-19 17:06:04.635,1781906764635,1429.7911,6.0,0,0,0,
2026-06-19 17:06:04.674,1781906764674,1429.7911,5.5,0,0,0,
2026-06-19 17:06:04.714,1781906764715,1429.7911,6.0,0,0,0,
2026-06-19 17:06:04.755,1781906764755,1429.7911,6.0,0,0,0,
2026-06-19 17:06:04.795,1781906764795,1077.2151,6.4,0,0,0,
2026-06-19 17:06:04.835,1781906764835,1077.2151,5.6,0,0,0,
2026-06-19 17:06:04.874,1781906764874,1077.2151,6.1,0,0,0,
2026-06-19 17:06:04.914,1781906764914,1077.2151,7.0,0,0,0,
2026-06-19 17:06:04.954,1781906764955,1077.2151,4.8,0,0,0,
2026-06-19 17:06:04.994,1781906764994,1077.2151,6.2,0,0,0,
2026-06-19 17:06:05.035,1781906765035,1077.2151,6.7,0,0,0,
2026-06-19 17:06:05.074,1781906765075,1018.6467,6.5,0,0,0,
2026-06-19 17:06:05.115,1781906765115,1018.6467,6.6,0,0,0,
2026-06-19 17:06:05.154,1781906765154,1018.6467,6.4,0,0,0,
2026-06-19 17:06:05.195,1781906765195,1018.6467,5.6,0,0,0,
2026-06-19 17:06:05.234,1781906765234,1018.6467,6.0,0,0,0,
2026-06-19 17:06:05.274,1781906765274,1018.6467,6.5,0,0,0,
2026-06-19 17:06:05.314,1781906765314,906.5474,6.0,0,0,0,
2026-06-19 17:06:05.354,1781906765354,906.5474,6.0,0,0,0,
2026-06-19 17:06:05.394,1781906765394,906.5474,3.7,0,0,0,
2026-06-19 17:06:05.434,1781906765434,906.5474,7.0,0,0,0,
2026-06-19 17:06:05.474,1781906765474,906.5474,6.0,0,0,0,
2026-06-19 17:06:05.514,1781906765514,906.5474,6.1,0,0,0,
2026-06-19 17:06:05.554,1781906765554,906.5474,6.5,0,0,0,
2026-06-19 17:06:05.594,1781906765594,843.5161,6.5,0,0,0,
2026-06-19 17:06:05.634,1781906765634,843.5161,6.6,0,0,0,
2026-06-19 17:06:05.674,1781906765674,843.5161,6.9,0,0,0,
2026-06-19 17:06:05.714,1781906765714,843.5161,6.4,0,0,0,
2026-06-19 17:06:05.754,1781906765754,843.5161,6.1,0,0,0,
2026-06-19 17:06:05.794,1781906765794,843.5161,6.0,0,0,0,
2026-06-19 17:06:05.834,1781906765834,766.2396,6.9,0,0,0,
2026-06-19 17:06:05.874,1781906765874,766.2396,5.6,0,0,0,
2026-06-19 17:06:05.915,1781906765915,766.2396,6.5,0,0,0,
2026-06-19 17:06:05.954,1781906765954,766.2396,6.4,0,0,0,
2026-06-19 17:06:05.994,1781906765994,766.2396,5.5,0,0,0,
2026-06-19 17:06:06.034,1781906766034,766.2396,5.6,0,0,0,
2026-06-19 17:06:06.074,1781906766074,766.2396,5.5,0,0,0,
2026-06-19 17:06:06.114,1781906766114,806.1392,6.4,0,0,0,
2026-06-19 17:06:06.154,1781906766154,806.1392,5.1,0,0,0,
2026-06-19 17:06:06.194,1781906766194,806.1392,5.5,0,0,0,
2026-06-19 17:06:06.234,1781906766234,806.1392,5.9,0,0,0,
2026-06-19 17:06:06.274,1781906766274,806.1392,6.0,0,0,0,
2026-06-19 17:06:06.314,1781906766314,806.1392,5.6,0,0,0,
2026-06-19 17:06:06.354,1781906766354,822.9393,5.9,0,0,0,
2026-06-19 17:06:06.394,1781906766394,822.9393,6.4,0,0,0,
2026-06-19 17:06:06.434,1781906766434,822.9393,5.1,0,0,0,
2026-06-19 17:06:06.475,1781906766475,822.9393,6.0,0,0,0,
2026-06-19 17:06:06.515,1781906766515,822.9393,6.4,0,0,0,
2026-06-19 17:06:06.555,1781906766555,822.9393,5.6,0,0,0,
2026-06-19 17:06:06.594,1781906766594,822.9393,6.0,0,0,0,
2026-06-19 17:06:06.634,1781906766635,890.2297,5.9,0,0,0,
2026-06-19 17:06:06.674,1781906766674,890.2297,6.0,0,0,0,
2026-06-19 17:06:06.714,1781906766714,890.2297,5.5,0,0,0,
2026-06-19 17:06:06.754,1781906766754,890.2297,6.0,0,0,0,
2026-06-19 17:06:06.794,1781906766794,890.2297,5.5,0,0,0,
2026-06-19 17:06:06.835,1781906766835,890.2297,5.4,0,0,0,
2026-06-19 17:06:06.875,1781906766875,917.2023,5.9,0,0,0,
2026-06-19 17:06:06.915,1781906766915,917.2023,5.4,0,0,0,
2026-06-19 17:06:06.954,1781906766955,917.2023,5.4,0,0,0,
2026-06-19 17:06:06.995,1781906766995,917.2023,6.0,0,0,0,
2026-06-19 17:06:07.034,1781906767034,917.2023,5.8,0,0,0,
2026-06-19 17:06:07.074,1781906767074,917.2023,6.0,0,0,0,
2026-06-19 17:06:07.114,1781906767114,917.2023,5.1,0,0,0,
2026-06-19 17:06:07.155,1781906767155,1705.0659,5.9,0,0,0,
2026-06-19 17:06:07.195,1781906767195,1705.0659,4.6,0,0,0,
2026-06-19 17:06:07.235,1781906767235,1705.0659,5.5,0,0,0,
2026-06-19 17:06:07.274,1781906767274,1705.0659,6.0,0,0,0,
2026-06-19 17:06:07.314,1781906767315,1705.0659,5.5,0,0,0,
2026-06-19 17:06:07.355,1781906767355,1705.0659,6.3,0,0,0,
2026-06-19 17:06:07.394,1781906767394,1177.5167,5.5,0,0,0,
2026-06-19 17:06:07.435,1781906767435,1177.5167,5.9,0,0,0,
2026-06-19 17:06:07.474,1781906767474,1177.5167,5.9,0,0,0,
2026-06-19 17:06:07.515,1781906767515,1177.5167,5.8,0,0,0,
2026-06-19 17:06:07.554,1781906767555,1177.5167,6.1,0,0,0,
2026-06-19 17:06:07.594,1781906767594,1177.5167,5.9,0,0,0,
2026-06-19 17:06:07.634,1781906767634,1177.5167,4.6,0,0,0,
2026-06-19 17:06:07.675,1781906767675,1159.3378,6.0,0,0,0,
2026-06-19 17:06:07.715,1781906767715,1159.3378,6.4,0,0,0,
2026-06-19 17:06:07.755,1781906767755,1159.3378,6.6,0,0,0,
2026-06-19 17:06:07.795,1781906767795,1159.3378,6.0,0,0,0,
2026-06-19 17:06:07.834,1781906767835,1159.3378,5.5,0,0,0,
2026-06-19 17:06:07.874,1781906767874,1159.3378,5.4,0,0,0,
2026-06-19 17:06:07.915,1781906767915,1070.4750,5.0,0,0,0,
2026-06-19 17:06:07.954,1781906767954,1070.4750,6.0,0,0,0,
2026-06-19 17:06:07.995,1781906767995,1070.4750,6.4,0,0,0,
2026-06-19 17:06:08.035,1781906768035,1070.4750,6.5,0,0,0,
2026-06-19 17:06:08.075,1781906768075,1070.4750,6.0,0,0,0,
2026-06-19 17:06:08.115,1781906768115,1070.4750,6.1,0,0,0,
2026-06-19 17:06:08.155,1781906768155,1070.4750,6.1,0,0,0,
2026-06-19 17:06:08.194,1781906768195,1000.0552,6.5,0,0,0,
2026-06-19 17:06:08.235,1781906768235,1000.0552,6.4,0,0,0,
2026-06-19 17:06:08.274,1781906768274,1000.0552,6.9,0,0,0,
2026-06-19 17:06:08.315,1781906768315,1000.0552,6.4,0,0,0,
2026-06-19 17:06:08.354,1781906768354,1000.0552,5.6,0,0,0,
2026-06-19 17:06:08.395,1781906768395,1000.0552,6.6,0,0,0,
2026-06-19 17:06:08.435,1781906768435,1051.3607,6.6,0,0,0,
2026-06-19 17:06:08.475,1781906768475,1051.3607,6.2,0,0,0,
2026-06-19 17:06:08.515,1781906768515,1051.3607,6.2,0,0,0,
2026-06-19 17:06:08.555,1781906768555,1051.3607,6.2,0,0,0,
2026-06-19 17:06:08.595,1781906768595,1051.3607,6.7,0,0,0,
2026-06-19 17:06:08.634,1781906768634,1051.3607,6.2,0,0,0,
2026-06-19 17:06:08.675,1781906768675,1051.3607,6.9,0,0,0,
2026-06-19 17:06:08.715,1781906768715,1124.2386,7.0,0,0,0,
2026-06-19 17:06:08.754,1781906768754,1124.2386,6.2,0,0,0,
2026-06-19 17:06:08.795,1781906768795,1124.2386,6.7,0,0,0,
2026-06-19 17:06:08.835,1781906768835,1124.2386,6.8,0,0,0,
2026-06-19 17:06:08.875,1781906768875,1124.2386,6.7,0,0,0,
2026-06-19 17:06:08.914,1781906768915,1124.2386,6.2,0,0,0,
2026-06-19 17:06:08.955,1781906768955,1166.2084,6.1,0,0,0,
2026-06-19 17:06:08.995,1781906768995,1166.2084,6.7,0,0,0,
2026-06-19 17:06:09.035,1781906769035,1166.2084,6.6,0,0,0,
2026-06-19 17:06:09.075,1781906769075,1166.2084,7.1,0,0,0,
2026-06-19 17:06:09.115,1781906769115,1166.2084,8.3,0,0,0,
2026-06-19 17:06:09.154,1781906769155,1166.2084,7.5,0,0,0,
2026-06-19 17:06:09.194,1781906769194,1166.2084,7.0,0,0,0,
2026-06-19 17:06:09.235,1781906769235,1390.1188,7.5,0,0,0,
2026-06-19 17:06:09.275,1781906769275,1390.1188,6.3,0,0,0,
2026-06-19 17:06:09.315,1781906769315,1390.1188,6.0,0,0,0,
2026-06-19 17:06:09.354,1781906769354,1390.1188,6.6,0,0,0,
2026-06-19 17:06:09.395,1781906769395,1390.1188,7.0,0,0,0,
2026-06-19 17:06:09.434,1781906769435,1390.1188,7.1,0,0,0,
2026-06-19 17:06:09.475,1781906769475,1432.3574,6.2,0,0,0,
2026-06-19 17:06:09.515,1781906769515,1432.3574,6.5,0,0,0,
2026-06-19 17:06:09.555,1781906769555,1432.3574,6.4,0,0,0,
2026-06-19 17:06:09.595,1781906769595,1432.3574,6.2,0,0,0,
2026-06-19 17:06:09.635,1781906769635,1432.3574,6.4,0,0,0,
2026-06-19 17:06:09.675,1781906769675,1432.3574,6.0,0,0,0,
2026-06-19 17:06:09.715,1781906769715,1432.3574,6.5,0,0,0,
2026-06-19 17:06:09.755,1781906769755,1304.9078,6.1,0,0,0,
2026-06-19 17:06:09.795,1781906769795,1304.9078,6.4,0,0,0,
2026-06-19 17:06:09.835,1781906769835,1304.9078,5.6,0,0,0,
2026-06-19 17:06:09.875,1781906769875,1304.9078,5.9,0,0,0,
2026-06-19 17:06:09.914,1781906769915,1304.9078,5.9,0,0,0,
2026-06-19 17:06:09.955,1781906769955,1304.9078,5.8,0,0,0,
2026-06-19 17:06:09.995,1781906769995,1227.7625,6.1,0,0,0,
2026-06-19 17:06:10.035,1781906770035,1227.7625,6.0,0,0,0,
2026-06-19 17:06:10.075,1781906770075,1227.7625,5.6,0,0,0,
2026-06-19 17:06:10.115,1781906770115,1227.7625,5.5,0,0,0,
2026-06-19 17:06:10.155,1781906770155,1227.7625,4.9,0,0,0,
2026-06-19 17:06:10.195,1781906770195,1227.7625,5.1,0,0,0,
2026-06-19 17:06:10.235,1781906770235,1227.7625,5.5,0,0,0,
2026-06-19 17:06:10.275,1781906770275,1167.1571,5.0,0,0,0,
2026-06-19 17:06:10.315,1781906770315,1167.1571,5.1,0,0,0,
2026-06-19 17:06:10.355,1781906770355,1167.1571,5.4,0,0,0,
2026-06-19 17:06:10.395,1781906770395,1167.1571,5.5,0,0,0,
2026-06-19 17:06:10.435,1781906770435,1167.1571,6.0,0,0,0,
2026-06-19 17:06:10.475,1781906770475,1167.1571,4.9,0,0,0,
2026-06-19 17:06:10.515,1781906770515,1172.6086,5.5,0,0,0,
2026-06-19 17:06:10.555,1781906770555,1172.6086,5.1,0,0,0,
2026-06-19 17:06:10.595,1781906770595,1172.6086,5.4,0,0,0,
2026-06-19 17:06:10.635,1781906770635,1172.6086,5.1,0,0,0,
2026-06-19 17:06:10.675,1781906770675,1172.6086,5.0,0,0,0,
2026-06-19 17:06:10.715,1781906770715,1172.6086,5.1,0,0,0,
2026-06-19 17:06:10.755,1781906770755,1172.6086,5.5,0,0,0,
2026-06-19 17:06:10.795,1781906770795,1175.4377,4.6,0,0,0,
2026-06-19 17:06:10.835,1781906770835,1175.4377,5.4,0,0,0,
2026-06-19 17:06:10.875,1781906770875,1175.4377,5.6,0,0,0,
2026-06-19 17:06:10.915,1781906770915,1175.4377,5.5,0,0,0,
2026-06-19 17:06:10.955,1781906770955,1175.4377,5.1,0,0,0,
2026-06-19 17:06:10.995,1781906770995,1175.4377,5.5,0,0,0,
2026-06-19 17:06:11.035,1781906771035,1151.6071,5.5,0,0,0,
2026-06-19 17:06:11.075,1781906771075,1151.6071,5.4,0,0,0,
2026-06-19 17:06:11.115,1781906771115,1151.6071,5.5,0,0,0,
2026-06-19 17:06:11.155,1781906771155,1151.6071,5.6,0,0,0,
2026-06-19 17:06:11.195,1781906771195,1151.6071,5.0,0,0,0,
2026-06-19 17:06:11.235,1781906771235,1151.6071,5.5,0,0,0,
2026-06-19 17:06:11.275,1781906771275,1151.6071,5.0,0,0,0,
2026-06-19 17:06:11.315,1781906771315,1157.7837,5.5,0,0,0,
2026-06-19 17:06:11.355,1781906771355,1157.7837,5.0,0,0,0,
2026-06-19 17:06:11.395,1781906771395,1157.7837,5.5,0,0,0,
2026-06-19 17:06:11.435,1781906771435,1157.7837,5.0,0,0,0,
2026-06-19 17:06:11.475,1781906771475,1157.7837,4.9,0,0,0,
2026-06-19 17:06:11.515,1781906771515,1157.7837,5.3,0,0,0,
2026-06-19 17:06:11.555,1781906771555,1250.6307,5.7,0,0,0,
2026-06-19 17:06:11.595,1781906771595,1250.6307,5.2,0,0,0,
2026-06-19 17:06:11.635,1781906771635,1250.6307,5.1,0,0,0,
2026-06-19 17:06:11.675,1781906771675,1250.6307,4.6,0,0,0,
2026-06-19 17:06:11.715,1781906771715,1250.6307,4.6,0,0,0,
2026-06-19 17:06:11.755,1781906771755,1250.6307,4.5,0,0,0,
2026-06-19 17:06:11.795,1781906771795,1250.6307,4.6,0,0,0,
2026-06-19 17:06:11.835,1781906771835,1994.1464,5.0,0,0,0,
2026-06-19 17:06:11.875,1781906771875,1994.1464,4.9,0,0,0,
2026-06-19 17:06:11.915,1781906771915,1994.1464,4.7,0,0,0,
2026-06-19 17:06:11.955,1781906771955,1994.1464,4.2,0,0,0,
2026-06-19 17:06:11.995,1781906771995,1994.1464,5.1,0,0,0,
2026-06-19 17:06:12.035,1781906772035,1994.1464,4.6,0,0,0,
2026-06-19 17:06:12.075,1781906772075,2146.1025,4.2,0,0,0,
2026-06-19 17:06:12.115,1781906772115,2146.1025,5.5,0,0,0,
2026-06-19 17:06:12.155,1781906772155,2146.1025,5.7,0,0,0,
2026-06-19 17:06:12.195,1781906772195,2146.1025,5.8,0,0,0,
2026-06-19 17:06:12.235,1781906772235,2146.1025,5.4,0,0,0,
2026-06-19 17:06:12.275,1781906772275,2146.1025,4.9,0,0,0,
2026-06-19 17:06:12.315,1781906772315,2146.1025,5.4,0,0,0,
2026-06-19 17:06:12.355,1781906772355,1580.9763,5.0,0,0,0,
2026-06-19 17:06:12.395,1781906772395,1580.9763,5.4,0,0,0,
2026-06-19 17:06:12.435,1781906772435,1580.9763,5.4,0,0,0,
2026-06-19 17:06:12.475,1781906772475,1580.9763,5.4,0,0,0,
2026-06-19 17:06:12.518,1781906772518,1580.9763,5.5,0,0,0,
2026-06-19 17:06:12.555,1781906772555,1580.9763,5.1,0,0,0,
2026-06-19 17:06:12.595,1781906772595,1427.7432,5.5,0,0,0,
2026-06-19 17:06:12.635,1781906772635,1427.7432,5.1,0,0,0,
2026-06-19 17:06:12.675,1781906772675,1427.7432,5.4,0,0,0,
2026-06-19 17:06:12.715,1781906772715,1427.7432,5.5,0,0,0,
2026-06-19 17:06:12.755,1781906772755,1427.7432,6.0,0,0,0,
2026-06-19 17:06:12.795,1781906772795,1427.7432,5.5,0,0,0,
2026-06-19 17:06:12.835,1781906772835,1427.7432,5.5,0,0,0,
2026-06-19 17:06:12.875,1781906772875,1498.1150,5.5,0,0,0,
2026-06-19 17:06:12.915,1781906772915,1498.1150,5.5,0,0,0,
2026-06-19 17:06:12.955,1781906772955,1498.1150,5.5,0,0,0,
2026-06-19 17:06:12.995,1781906772995,1498.1150,5.0,0,0,0,
2026-06-19 17:06:13.035,1781906773035,1498.1150,5.4,0,0,0,
2026-06-19 17:06:13.075,1781906773075,1498.1150,5.3,0,0,0,
2026-06-19 17:06:13.115,1781906773115,1417.4888,5.5,0,0,0,
2026-06-19 17:06:13.155,1781906773155,1417.4888,5.4,0,0,0,
2026-06-19 17:06:13.195,1781906773195,1417.4888,5.1,0,0,0,
2026-06-19 17:06:13.235,1781906773235,1417.4888,5.4,0,0,0,
2026-06-19 17:06:13.275,1781906773275,1417.4888,5.4,0,0,0,
2026-06-19 17:06:13.315,1781906773315,1417.4888,5.5,0,0,0,
2026-06-19 17:06:13.355,1781906773355,1417.4888,5.5,0,0,0,
2026-06-19 17:06:13.397,1781906773397,1487.3646,5.5,0,0,0,
2026-06-19 17:06:13.435,1781906773435,1487.3646,5.5,0,0,0,
2026-06-19 17:06:13.475,1781906773475,1487.3646,5.1,0,0,0,
2026-06-19 17:06:13.515,1781906773515,1487.3646,5.4,0,0,0,
2026-06-19 17:06:13.555,1781906773555,1487.3646,5.5,0,0,0,
2026-06-19 17:06:13.595,1781906773595,1487.3646,5.1,0,0,0,
2026-06-19 17:06:13.635,1781906773635,1385.2262,5.5,0,0,0,
2026-06-19 17:06:13.675,1781906773675,1385.2262,5.4,0,0,0,
2026-06-19 17:06:13.715,1781906773715,1385.2262,5.4,0,0,0,
2026-06-19 17:06:13.755,1781906773755,1385.2262,5.4,0,0,0,
2026-06-19 17:06:13.795,1781906773795,1385.2262,5.5,0,0,0,
2026-06-19 17:06:13.835,1781906773835,1385.2262,5.1,0,0,0,
2026-06-19 17:06:13.875,1781906773875,1385.2262,5.4,0,0,0,
2026-06-19 17:06:13.915,1781906773915,1434.4550,5.9,0,0,0,
2026-06-19 17:06:13.955,1781906773955,1434.4550,5.4,0,0,0,
2026-06-19 17:06:13.995,1781906773995,1434.4550,5.5,0,0,0,
2026-06-19 17:06:14.035,1781906774035,1434.4550,5.1,0,0,0,
2026-06-19 17:06:14.075,1781906774075,1434.4550,5.1,0,0,0,
2026-06-19 17:06:14.115,1781906774115,1434.4550,5.5,0,0,0,
2026-06-19 17:06:14.155,1781906774155,1501.8862,5.5,0,0,0,
2026-06-19 17:06:14.195,1781906774195,1501.8862,5.4,0,0,0,
2026-06-19 17:06:14.235,1781906774235,1501.8862,5.4,0,0,0,
2026-06-19 17:06:14.275,1781906774275,1501.8862,5.5,0,0,0,
2026-06-19 17:06:14.315,1781906774315,1501.8862,5.0,0,0,0,
2026-06-19 17:06:14.355,1781906774355,1501.8862,5.5,0,0,0,
2026-06-19 17:06:14.395,1781906774395,1501.8862,5.2,0,0,0,
2026-06-19 17:06:14.435,1781906774435,1488.7333,6.0,0,0,0,
2026-06-19 17:06:14.475,1781906774475,1488.7333,5.6,0,0,0,
2026-06-19 17:06:14.515,1781906774515,1488.7333,6.1,0,0,0,
2026-06-19 17:06:14.555,1781906774555,1488.7333,6.1,0,0,0,
2026-06-19 17:06:14.595,1781906774595,1488.7333,6.0,0,0,0,
2026-06-19 17:06:14.635,1781906774635,1488.7333,5.7,0,0,0,
2026-06-19 17:06:14.675,1781906774675,1252.6405,6.1,0,0,0,
2026-06-19 17:06:14.715,1781906774715,1252.6405,6.1,0,0,0,
2026-06-19 17:06:14.755,1781906774755,1252.6405,6.1,0,0,0,
2026-06-19 17:06:14.795,1781906774795,1252.6405,6.5,0,0,0,
2026-06-19 17:06:14.835,1781906774835,1252.6405,6.1,0,0,0,
2026-06-19 17:06:14.875,1781906774875,1252.6405,6.5,0,0,0,
2026-06-19 17:06:14.915,1781906774915,1252.6405,6.1,0,0,0,
2026-06-19 17:06:14.955,1781906774955,1213.4481,6.6,0,0,0,
2026-06-19 17:06:14.995,1781906774995,1213.4481,6.2,0,0,0,
2026-06-19 17:06:15.035,1781906775035,1213.4481,6.3,0,0,0,
2026-06-19 17:06:15.075,1781906775075,1213.4481,6.0,0,0,0,
2026-06-19 17:06:15.115,1781906775115,1213.4481,6.3,0,0,0,
2026-06-19 17:06:15.155,1781906775155,1213.4481,6.5,0,0,0,
2026-06-19 17:06:15.195,1781906775195,1175.3530,6.9,0,0,0,
2026-06-19 17:06:15.235,1781906775235,1175.3530,6.6,0,0,0,
2026-06-19 17:06:15.275,1781906775275,1175.3530,6.7,0,0,0,
2026-06-19 17:06:15.315,1781906775315,1175.3530,6.6,0,0,0,
2026-06-19 17:06:15.355,1781906775355,1175.3530,5.4,0,0,0,
2026-06-19 17:06:15.395,1781906775395,1175.3530,6.2,0,0,0,
2026-06-19 17:06:15.435,1781906775435,1175.3530,5.3,0,0,0,
2026-06-19 17:06:15.475,1781906775475,1048.2927,6.9,0,0,0,
2026-06-19 17:06:15.515,1781906775515,1048.2927,6.4,0,0,0,
2026-06-19 17:06:15.555,1781906775555,1048.2927,6.0,0,0,0,
2026-06-19 17:06:15.595,1781906775595,1048.2927,5.8,0,0,0,
2026-06-19 17:06:15.635,1781906775635,1048.2927,6.2,0,0,0,
2026-06-19 17:06:15.675,1781906775675,1048.2927,6.1,0,0,0,
2026-06-19 17:06:15.715,1781906775715,1041.2844,6.1,0,0,0,
2026-06-19 17:06:15.755,1781906775755,1041.2844,6.1,0,0,0,
2026-06-19 17:06:15.795,1781906775795,1041.2844,5.7,0,0,0,
2026-06-19 17:06:15.835,1781906775835,1041.2844,5.7,0,0,0,
2026-06-19 17:06:15.875,1781906775875,1041.2844,5.8,0,0,0,
2026-06-19 17:06:15.915,1781906775915,1041.2844,6.3,0,0,0,
2026-06-19 17:06:15.955,1781906775955,1041.2844,6.4,0,0,0,
2026-06-19 17:06:15.995,1781906775995,1221.6163,6.9,0,0,0,
2026-06-19 17:06:16.035,1781906776035,1221.6163,5.8,0,0,0,
2026-06-19 17:06:16.075,1781906776075,1221.6163,5.5,0,0,0,
2026-06-19 17:06:16.115,1781906776115,1221.6163,6.8,0,0,0,
2026-06-19 17:06:16.155,1781906776155,1221.6163,6.7,0,0,0,
2026-06-19 17:06:16.195,1781906776195,1221.6163,6.3,0,0,0,
2026-06-19 17:06:16.235,1781906776235,1027.7632,7.2,0,0,0,
2026-06-19 17:06:16.275,1781906776275,1027.7632,7.3,0,0,0,
2026-06-19 17:06:16.315,1781906776315,1027.7632,6.4,0,0,0,
2026-06-19 17:06:16.355,1781906776355,1027.7632,7.2,0,0,0,
2026-06-19 17:06:16.395,1781906776395,1027.7632,7.0,0,0,0,
2026-06-19 17:06:16.435,1781906776435,1027.7632,6.4,0,0,0,
2026-06-19 17:06:16.475,1781906776475,1027.7632,6.7,0,0,0,
2026-06-19 17:06:16.515,1781906776515,962.0627,6.5,0,0,0,
2026-06-19 17:06:16.555,1781906776555,962.0627,5.6,0,0,0,
2026-06-19 17:06:16.595,1781906776595,962.0627,5.7,0,0,0,
2026-06-19 17:06:16.635,1781906776635,962.0627,6.1,0,0,0,
2026-06-19 17:06:16.675,1781906776675,962.0627,5.5,0,0,0,
2026-06-19 17:06:16.715,1781906776715,962.0627,5.6,0,0,0,
2026-06-19 17:06:16.755,1781906776755,1169.6357,5.6,0,0,0,
2026-06-19 17:06:16.795,1781906776795,1169.6357,5.5,0,0,0,
2026-06-19 17:06:16.835,1781906776835,1169.6357,5.6,0,0,0,
2026-06-19 17:06:16.875,1781906776875,1169.6357,5.5,0,0,0,
2026-06-19 17:06:16.915,1781906776915,1169.6357,4.9,0,0,0,
2026-06-19 17:06:16.955,1781906776955,1169.6357,5.0,0,0,0,
2026-06-19 17:06:16.995,1781906776995,1169.6357,5.4,0,0,0,
2026-06-19 17:06:17.035,1781906777035,1313.7908,5.4,0,0,0,
2026-06-19 17:06:17.075,1781906777075,1313.7908,5.8,0,0,0,
2026-06-19 17:06:17.115,1781906777115,1313.7908,5.4,0,0,0,
2026-06-19 17:06:17.155,1781906777155,1313.7908,5.4,0,0,0,
2026-06-19 17:06:17.195,1781906777195,1313.7908,5.4,0,0,0,
2026-06-19 17:06:17.235,1781906777235,1313.7908,5.0,0,0,0,
2026-06-19 17:06:17.275,1781906777275,1837.8956,5.4,0,0,0,
2026-06-19 17:06:17.315,1781906777315,1837.8956,5.4,0,0,0,
2026-06-19 17:06:17.355,1781906777355,1837.8956,5.4,0,0,0,
2026-06-19 17:06:17.395,1781906777395,1837.8956,5.1,0,0,0,
2026-06-19 17:06:17.435,1781906777435,1837.8956,5.4,0,0,0,
2026-06-19 17:06:17.475,1781906777475,1837.8956,6.7,0,0,0,
2026-06-19 17:06:17.515,1781906777515,1837.8956,7.4,0,0,0,
2026-06-19 17:06:17.555,1781906777555,2604.8853,18.0,0,0,0,
2026-06-19 17:06:17.595,1781906777595,2604.8853,6.3,0,0,0,
2026-06-19 17:06:17.635,1781906777635,2604.8853,5.5,0,0,0,
2026-06-19 17:06:17.675,1781906777675,2604.8853,6.0,0,0,0,
2026-06-19 17:06:17.715,1781906777715,2604.8853,6.4,0,0,0,
2026-06-19 17:06:17.755,1781906777755,2604.8853,7.8,0,0,0,
2026-06-19 17:06:17.795,1781906777795,4521.5166,8.7,0,0,0,
2026-06-19 17:06:17.835,1781906777835,4521.5166,7.8,0,0,0,
2026-06-19 17:06:17.875,1781906777875,4521.5166,9.2,0,0,0,
2026-06-19 17:06:17.915,1781906777915,4521.5166,6.8,0,0,0,
2026-06-19 17:06:17.955,1781906777955,4521.5166,6.3,0,0,0,
2026-06-19 17:06:17.995,1781906777995,4521.5166,5.9,0,0,0,
2026-06-19 17:06:18.035,1781906778035,4521.5166,5.9,0,0,0,
2026-06-19 17:06:18.075,1781906778075,4390.7261,6.3,0,0,0,
2026-06-19 17:06:18.115,1781906778115,4390.7261,5.5,0,0,0,
2026-06-19 17:06:18.155,1781906778155,4390.7261,5.1,0,0,0,
2026-06-19 17:06:18.195,1781906778195,4390.7261,6.0,0,0,0,
2026-06-19 17:06:18.235,1781906778235,4390.7261,6.3,0,0,0,
2026-06-19 17:06:18.275,1781906778275,4390.7261,6.3,0,0,0,
2026-06-19 17:06:18.315,1781906778315,3985.0103,5.9,0,0,0,
2026-06-19 17:06:18.355,1781906778355,3985.0103,6.3,0,0,0,
2026-06-19 17:06:18.395,1781906778395,3985.0103,5.4,0,0,0,
2026-06-19 17:06:18.435,1781906778435,3985.0103,4.3,0,0,0,
2026-06-19 17:06:18.475,1781906778475,3985.0103,4.6,0,0,0,
2026-06-19 17:06:18.515,1781906778515,3985.0103,4.3,0,0,0,
2026-06-19 17:06:18.555,1781906778555,3985.0103,4.2,0,0,0,
2026-06-19 17:06:18.595,1781906778595,4089.0906,5.0,0,0,0,
2026-06-19 17:06:18.635,1781906778635,4089.0906,4.6,0,0,0,
2026-06-19 17:06:18.675,1781906778675,4089.0906,4.3,0,0,0,
2026-06-19 17:06:18.715,1781906778715,4089.0906,4.6,0,0,0,
2026-06-19 17:06:18.755,1781906778755,4089.0906,4.7,0,0,0,
2026-06-19 17:06:18.795,1781906778795,4089.0906,4.8,0,0,0,
2026-06-19 17:06:18.835,1781906778835,4650.9380,4.6,0,0,0,
2026-06-19 17:06:18.875,1781906778875,4650.9380,4.2,0,0,0,
2026-06-19 17:06:18.915,1781906778915,4650.9380,4.1,0,0,0,
2026-06-19 17:06:18.955,1781906778955,4650.9380,6.0,0,0,0,
2026-06-19 17:06:18.995,1781906778995,4650.9380,7.4,0,0,0,
2026-06-19 17:06:19.035,1781906779035,4650.9380,11.5,0,0,0,
2026-06-19 17:06:19.075,1781906779075,4650.9380,4.2,0,0,0,
2026-06-19 17:06:19.115,1781906779115,4152.5181,3.7,0,0,0,
2026-06-19 17:06:19.155,1781906779155,4152.5181,3.7,0,0,0,
2026-06-19 17:06:19.195,1781906779195,4152.5181,3.5,0,0,0,
2026-06-19 17:06:19.235,1781906779235,4152.5181,3.9,0,0,0,
2026-06-19 17:06:19.275,1781906779275,4152.5181,5.1,0,0,0,
2026-06-19 17:06:19.315,1781906779315,4152.5181,5.6,0,0,0,
2026-06-19 17:06:19.355,1781906779355,3761.3247,5.0,0,0,0,
2026-06-19 17:06:19.395,1781906779395,3761.3247,5.0,0,0,0,
2026-06-19 17:06:19.435,1781906779435,3761.3247,4.9,0,0,0,
2026-06-19 17:06:19.475,1781906779475,3761.3247,5.4,0,0,0,
2026-06-19 17:06:19.515,1781906779515,3761.3247,5.2,0,0,0,
2026-06-19 17:06:19.555,1781906779555,3761.3247,5.1,0,0,0,
2026-06-19 17:06:19.595,1781906779595,3761.3247,5.2,0,0,0,
2026-06-19 17:06:19.635,1781906779635,4247.0996,5.0,0,0,0,
2026-06-19 17:06:19.675,1781906779675,4247.0996,5.0,0,0,0,
2026-06-19 17:06:19.715,1781906779715,4247.0996,5.1,0,0,0,
2026-06-19 17:06:19.755,1781906779755,4247.0996,5.0,0,0,0,
2026-06-19 17:06:19.795,1781906779795,4247.0996,5.0,0,0,0,
2026-06-19 17:06:19.835,1781906779835,4247.0996,5.1,0,0,0,
2026-06-19 17:06:19.875,1781906779875,4007.8718,5.0,0,0,0,
2026-06-19 17:06:19.915,1781906779915,4007.8718,5.5,0,0,0,
2026-06-19 17:06:19.955,1781906779955,4007.8718,5.1,0,0,0,
2026-06-19 17:06:19.995,1781906779995,4007.8718,5.1,0,0,0,
2026-06-19 17:06:20.035,1781906780035,4007.8718,4.6,0,0,0,
2026-06-19 17:06:20.075,1781906780075,4007.8718,5.5,0,0,0,
2026-06-19 17:06:20.115,1781906780115,4007.8718,5.1,0,0,0,
2026-06-19 17:06:20.155,1781906780155,4364.5928,5.0,0,0,0,
2026-06-19 17:06:20.195,1781906780195,4364.5928,5.5,0,0,0,
2026-06-19 17:06:20.235,1781906780235,4364.5928,5.4,0,0,0,
2026-06-19 17:06:20.275,1781906780275,4364.5928,5.0,0,0,0,
2026-06-19 17:06:20.315,1781906780315,4364.5928,5.5,0,0,0,
2026-06-19 17:06:20.355,1781906780355,4364.5928,5.4,0,0,0,
2026-06-19 17:06:20.395,1781906780395,4261.6299,5.4,0,0,0,
2026-06-19 17:06:20.435,1781906780435,4261.6299,4.9,0,0,0,
2026-06-19 17:06:20.475,1781906780475,4261.6299,5.0,0,0,0,
2026-06-19 17:06:20.515,1781906780515,4261.6299,5.0,0,0,0,
2026-06-19 17:06:20.555,1781906780555,4261.6299,5.1,0,0,0,
2026-06-19 17:06:20.595,1781906780595,4261.6299,5.1,0,0,0,
2026-06-19 17:06:20.635,1781906780635,4261.6299,5.1,0,0,0,
2026-06-19 17:06:20.675,1781906780675,4076.4746,5.5,0,0,0,
2026-06-19 17:06:20.715,1781906780715,4076.4746,5.0,0,0,0,
2026-06-19 17:06:20.755,1781906780755,4076.4746,5.0,0,0,0,
2026-06-19 17:06:20.795,1781906780795,4076.4746,5.5,0,0,0,
2026-06-19 17:06:20.835,1781906780835,4076.4746,5.5,0,0,0,
2026-06-19 17:06:20.875,1781906780875,4076.4746,5.1,0,0,0,
2026-06-19 17:06:20.915,1781906780915,4237.4634,5.5,0,0,0,
2026-06-19 17:06:20.955,1781906780955,4237.4634,5.0,0,0,0,
2026-06-19 17:06:20.995,1781906780995,4237.4634,5.5,0,0,0,
2026-06-19 17:06:21.035,1781906781035,4237.4634,5.5,0,0,0,
2026-06-19 17:06:21.075,1781906781075,4237.4634,5.0,0,0,0,
2026-06-19 17:06:21.115,1781906781115,4237.4634,5.1,0,0,0,
2026-06-19 17:06:21.155,1781906781155,4237.4634,5.5,0,0,0,
2026-06-19 17:06:21.195,1781906781195,4152.3579,5.0,0,0,0,
2026-06-19 17:06:21.235,1781906781235,4152.3579,4.9,0,0,0,
2026-06-19 17:06:21.275,1781906781275,4152.3579,5.5,0,0,0,
2026-06-19 17:06:21.315,1781906781315,4152.3579,5.1,0,0,0,
2026-06-19 17:06:21.355,1781906781355,4152.3579,5.1,0,0,0,
2026-06-19 17:06:21.395,1781906781395,4152.3579,5.6,0,0,0,
2026-06-19 17:06:21.435,1781906781435,4299.3198,5.0,0,0,0,
2026-06-19 17:06:21.475,1781906781475,4299.3198,5.1,0,0,0,
2026-06-19 17:06:21.515,1781906781515,4299.3198,5.4,0,0,0,
2026-06-19 17:06:21.555,1781906781555,4299.3198,5.0,0,0,0,
2026-06-19 17:06:21.595,1781906781595,4299.3198,4.9,0,0,0,
2026-06-19 17:06:21.635,1781906781635,4299.3198,5.1,0,0,0,
2026-06-19 17:06:21.675,1781906781675,4299.3198,5.5,0,0,0,
2026-06-19 17:06:21.715,1781906781715,4367.3706,5.5,0,0,0,
2026-06-19 17:06:21.755,1781906781755,4367.3706,5.1,0,0,0,
2026-06-19 17:06:21.795,1781906781795,4367.3706,5.1,0,0,0,
2026-06-19 17:06:21.835,1781906781835,4367.3706,5.1,0,0,0,
2026-06-19 17:06:21.875,1781906781875,4367.3706,5.0,0,0,0,
2026-06-19 17:06:21.915,1781906781915,4367.3706,5.1,0,0,0,
2026-06-19 17:06:21.955,1781906781955,4276.9546,5.0,0,0,0,
2026-06-19 17:06:21.995,1781906781995,4276.9546,5.5,0,0,0,
2026-06-19 17:06:22.035,1781906782035,4276.9546,5.5,0,0,0,
2026-06-19 17:06:22.075,1781906782075,4276.9546,5.2,0,0,0,
2026-06-19 17:06:22.115,1781906782115,4276.9546,5.1,0,0,0,
2026-06-19 17:06:22.155,1781906782155,4276.9546,5.7,0,0,0,
2026-06-19 17:06:22.195,1781906782195,4276.9546,5.6,0,0,0,
2026-06-19 17:06:22.235,1781906782235,4723.2168,5.7,0,0,0,
2026-06-19 17:06:22.275,1781906782275,4723.2168,6.1,0,0,0,
2026-06-19 17:06:22.315,1781906782315,4723.2168,5.2,0,0,0,
2026-06-19 17:06:22.355,1781906782355,4723.2168,5.6,0,0,0,
2026-06-19 17:06:22.395,1781906782395,4723.2168,4.7,0,0,0,
2026-06-19 17:06:22.435,1781906782435,4723.2168,5.5,0,0,0,
2026-06-19 17:06:22.475,1781906782475,5535.5020,5.0,0,0,0,
2026-06-19 17:06:22.515,1781906782515,5535.5020,5.5,0,0,0,
2026-06-19 17:06:22.555,1781906782555,5535.5020,5.4,0,0,0,
2026-06-19 17:06:22.595,1781906782595,5535.5020,5.4,0,0,0,
2026-06-19 17:06:22.635,1781906782635,5535.5020,5.1,0,0,0,
2026-06-19 17:06:22.675,1781906782675,5535.5020,5.5,0,0,0,
2026-06-19 17:06:22.715,1781906782715,5535.5020,4.6,0,0,0,
2026-06-19 17:06:22.755,1781906782755,6160.3730,5.9,0,0,0,
2026-06-19 17:06:22.795,1781906782795,6160.3730,5.5,0,0,0,
2026-06-19 17:06:22.835,1781906782835,6160.3730,5.0,0,0,0,
2026-06-19 17:06:22.875,1781906782875,6160.3730,6.0,0,0,0,
2026-06-19 17:06:22.915,1781906782915,6160.3730,5.5,0,0,0,
2026-06-19 17:06:22.955,1781906782955,6160.3730,5.4,0,0,0,
2026-06-19 17:06:22.995,1781906782995,6462.3594,5.5,0,0,0,
2026-06-19 17:06:23.035,1781906783035,6462.3594,5.6,0,0,0,
2026-06-19 17:06:23.075,1781906783075,6462.3594,5.4,0,0,0,
2026-06-19 17:06:23.115,1781906783115,6462.3594,6.0,0,0,0,
2026-06-19 17:06:23.155,1781906783155,6462.3594,5.4,0,0,0,
2026-06-19 17:06:23.195,1781906783195,6462.3594,5.9,0,0,0,
2026-06-19 17:06:23.235,1781906783235,6462.3594,5.5,0,0,0,
2026-06-19 17:06:23.275,1781906783275,5901.6040,5.5,0,0,0,
2026-06-19 17:06:23.315,1781906783315,5901.6040,5.5,0,0,0,
2026-06-19 17:06:23.355,1781906783355,5901.6040,5.1,0,0,0,
2026-06-19 17:06:23.395,1781906783395,5901.6040,5.9,0,0,0,
2026-06-19 17:06:23.435,1781906783435,5901.6040,5.9,0,0,0,
2026-06-19 17:06:23.475,1781906783475,5901.6040,5.4,0,0,0,
2026-06-19 17:06:23.515,1781906783515,5985.4878,5.8,0,0,0,
2026-06-19 17:06:23.555,1781906783555,5985.4878,5.5,0,0,0,
2026-06-19 17:06:23.595,1781906783595,5985.4878,5.5,0,0,0,
2026-06-19 17:06:23.635,1781906783635,5985.4878,5.8,0,0,0,
2026-06-19 17:06:23.675,1781906783675,5985.4878,5.4,0,0,0,
2026-06-19 17:06:23.715,1781906783715,5985.4878,5.0,0,0,0,
2026-06-19 17:06:23.755,1781906783755,5985.4878,5.1,0,0,0,
2026-06-19 17:06:23.795,1781906783795,6012.1987,5.0,0,0,0,
2026-06-19 17:06:23.835,1781906783835,6012.1987,5.1,0,0,0,
2026-06-19 17:06:23.875,1781906783875,6012.1987,5.5,0,0,0,
2026-06-19 17:06:23.915,1781906783915,6012.1987,5.0,0,0,0,
2026-06-19 17:06:23.955,1781906783955,6012.1987,5.5,0,0,0,
2026-06-19 17:06:23.995,1781906783995,6012.1987,5.5,0,0,0,
2026-06-19 17:06:24.035,1781906784035,6137.5938,5.5,0,0,0,
2026-06-19 17:06:24.075,1781906784075,6137.5938,5.1,0,0,0,
2026-06-19 17:06:24.115,1781906784115,6137.5938,5.5,0,0,0,
2026-06-19 17:06:24.155,1781906784155,6137.5938,5.5,0,0,0,
2026-06-19 17:06:24.195,1781906784195,6137.5938,5.4,0,0,0,
2026-06-19 17:06:24.235,1781906784235,6137.5938,5.5,0,0,0,
2026-06-19 17:06:24.275,1781906784275,6137.5938,5.5,0,0,0,
2026-06-19 17:06:24.315,1781906784315,6178.3218,5.5,0,0,0,
2026-06-19 17:06:24.355,1781906784355,6178.3218,4.6,0,0,0,
2026-06-19 17:06:24.395,1781906784395,6178.3218,6.0,0,0,0,
2026-06-19 17:06:24.435,1781906784435,6178.3218,5.6,0,0,0,
2026-06-19 17:06:24.475,1781906784475,6178.3218,5.6,0,0,0,
2026-06-19 17:06:24.515,1781906784515,6178.3218,5.5,0,0,0,
2026-06-19 17:06:24.555,1781906784555,5166.6274,5.6,0,0,0,
2026-06-19 17:06:24.595,1781906784595,5166.6274,5.5,0,0,0,
2026-06-19 17:06:24.635,1781906784635,5166.6274,6.0,0,0,0,
2026-06-19 17:06:24.675,1781906784675,5166.6274,5.5,0,0,0,
2026-06-19 17:06:24.715,1781906784715,5166.6274,5.6,0,0,0,
2026-06-19 17:06:24.755,1781906784755,5166.6274,5.1,0,0,0,
2026-06-19 17:06:24.795,1781906784795,5166.6274,5.1,0,0,0,
2026-06-19 17:06:24.835,1781906784835,5455.7065,5.9,0,0,0,
2026-06-19 17:06:24.875,1781906784875,5455.7065,5.0,0,0,0,
2026-06-19 17:06:24.915,1781906784915,5455.7065,5.1,0,0,0,
2026-06-19 17:06:24.955,1781906784955,5455.7065,5.4,0,0,0,
2026-06-19 17:06:24.995,1781906784995,5455.7065,5.5,0,0,0,
2026-06-19 17:06:25.035,1781906785035,5455.7065,5.1,0,0,0,
2026-06-19 17:06:25.075,1781906785075,6336.9370,5.5,0,0,0,
2026-06-19 17:06:25.115,1781906785115,6336.9370,5.4,0,0,0,
2026-06-19 17:06:25.155,1781906785155,6336.9370,4.9,0,0,0,
2026-06-19 17:06:25.195,1781906785195,6336.9370,5.4,0,0,0,
2026-06-19 17:06:25.235,1781906785235,6336.9370,5.4,0,0,0,
2026-06-19 17:06:25.275,1781906785275,6336.9370,5.5,0,0,0,
2026-06-19 17:06:25.315,1781906785315,6336.9370,5.5,0,0,0,
2026-06-19 17:06:25.355,1781906785355,6113.9482,5.0,0,0,0,
2026-06-19 17:06:25.395,1781906785395,6113.9482,5.6,0,0,0,
2026-06-19 17:06:25.435,1781906785435,6113.9482,5.1,0,0,0,
2026-06-19 17:06:25.475,1781906785475,6113.9482,5.5,0,0,0,
2026-06-19 17:06:25.515,1781906785515,6113.9482,5.4,0,0,0,
2026-06-19 17:06:25.555,1781906785555,6113.9482,5.5,0,0,0,
2026-06-19 17:06:25.595,1781906785595,5807.0317,5.5,0,0,0,
2026-06-19 17:06:25.635,1781906785635,5807.0317,4.9,0,0,0,
2026-06-19 17:06:25.675,1781906785675,5807.0317,5.5,0,0,0,
2026-06-19 17:06:25.715,1781906785715,5807.0317,5.4,0,0,0,
2026-06-19 17:06:25.755,1781906785755,5807.0317,5.5,0,0,0,
2026-06-19 17:06:25.795,1781906785795,5807.0317,5.5,0,0,0,
2026-06-19 17:06:25.835,1781906785835,5807.0317,5.4,0,0,0,
2026-06-19 17:06:25.875,1781906785875,5951.3535,5.4,0,0,0,
2026-06-19 17:06:25.915,1781906785915,5951.3535,4.5,0,0,0,
2026-06-19 17:06:25.955,1781906785955,5951.3535,5.9,0,0,0,
2026-06-19 17:06:25.995,1781906785995,5951.3535,5.5,0,0,0,
2026-06-19 17:06:26.035,1781906786035,5951.3535,5.4,0,0,0,
2026-06-19 17:06:26.075,1781906786075,5951.3535,5.1,0,0,0,
2026-06-19 17:06:26.115,1781906786115,6358.4414,5.0,0,0,0,
2026-06-19 17:06:26.155,1781906786155,6358.4414,5.5,0,0,0,
2026-06-19 17:06:26.195,1781906786195,6358.4414,5.5,0,0,0,
2026-06-19 17:06:26.235,1781906786235,6358.4414,6.0,0,0,0,
2026-06-19 17:06:26.275,1781906786275,6358.4414,5.1,0,0,0,
2026-06-19 17:06:26.315,1781906786315,6358.4414,5.5,0,0,0,
2026-06-19 17:06:26.355,1781906786355,6358.4414,5.5,0,0,0,
2026-06-19 17:06:26.395,1781906786395,6464.5078,5.5,0,0,0,
2026-06-19 17:06:26.435,1781906786435,6464.5078,4.7,0,0,0,
2026-06-19 17:06:26.475,1781906786475,6464.5078,5.5,0,0,0,
2026-06-19 17:06:26.515,1781906786515,6464.5078,5.6,0,0,0,
2026-06-19 17:06:26.555,1781906786555,6464.5078,5.5,0,0,0,
2026-06-19 17:06:26.595,1781906786595,6464.5078,5.5,0,0,0,
2026-06-19 17:06:26.635,1781906786635,6328.2368,5.0,0,0,0,
2026-06-19 17:06:26.675,1781906786675,6328.2368,6.0,0,0,0,
2026-06-19 17:06:26.715,1781906786715,6328.2368,4.7,0,0,0,
2026-06-19 17:06:26.755,1781906786755,6328.2368,5.9,0,0,0,
2026-06-19 17:06:26.795,1781906786795,6328.2368,5.4,0,0,0,
2026-06-19 17:06:26.835,1781906786835,6328.2368,5.4,0,0,0,
2026-06-19 17:06:26.875,1781906786875,6328.2368,5.4,0,0,0,
2026-06-19 17:06:26.915,1781906786915,6086.3711,5.4,0,0,0,
2026-06-19 17:06:26.955,1781906786955,6086.3711,5.4,0,0,0,
2026-06-19 17:06:26.995,1781906786995,6086.3711,5.4,0,0,0,
2026-06-19 17:06:27.035,1781906787035,6086.3711,5.5,0,0,0,
2026-06-19 17:06:27.075,1781906787075,6086.3711,5.2,0,0,0,
2026-06-19 17:06:27.115,1781906787115,6086.3711,5.9,0,0,0,
2026-06-19 17:06:27.155,1781906787155,5925.4780,5.4,0,0,0,
2026-06-19 17:06:27.195,1781906787195,5925.4780,5.9,0,0,0,
2026-06-19 17:06:27.235,1781906787235,5925.4780,5.5,0,0,0,
2026-06-19 17:06:27.275,1781906787275,5925.4780,5.6,0,0,0,
2026-06-19 17:06:27.315,1781906787315,5925.4780,5.1,0,0,0,
2026-06-19 17:06:27.355,1781906787355,5925.4780,5.5,0,0,0,
2026-06-19 17:06:27.395,1781906787395,5925.4780,5.1,0,0,0,
2026-06-19 17:06:27.435,1781906787435,5805.5518,5.9,0,0,0,
2026-06-19 17:06:27.475,1781906787475,5805.5518,5.5,0,0,0,
2026-06-19 17:06:27.515,1781906787515,5805.5518,5.0,0,0,0,
2026-06-19 17:06:27.555,1781906787555,5805.5518,5.4,0,0,0,
2026-06-19 17:06:27.595,1781906787595,5805.5518,5.5,0,0,0,
2026-06-19 17:06:27.635,1781906787635,5805.5518,5.5,0,0,0,
2026-06-19 17:06:27.675,1781906787675,6376.9121,5.8,0,0,0,
2026-06-19 17:06:27.715,1781906787715,6376.9121,5.5,0,0,0,
2026-06-19 17:06:27.755,1781906787755,6376.9121,5.5,0,0,0,
2026-06-19 17:06:27.795,1781906787795,6376.9121,5.5,0,0,0,
2026-06-19 17:06:27.835,1781906787835,6376.9121,5.4,0,0,0,
2026-06-19 17:06:27.875,1781906787875,6376.9121,5.5,0,0,0,
2026-06-19 17:06:27.915,1781906787915,6376.9121,5.4,0,0,0,
2026-06-19 17:06:27.955,1781906787955,6561.7959,5.5,0,0,0,
2026-06-19 17:06:27.995,1781906787995,6561.7959,5.4,0,0,0,
2026-06-19 17:06:28.035,1781906788035,6561.7959,5.5,0,0,0,
2026-06-19 17:06:28.075,1781906788075,6561.7959,5.5,0,0,0,
2026-06-19 17:06:28.115,1781906788115,6561.7959,5.4,0,0,0,
2026-06-19 17:06:28.155,1781906788155,6561.7959,5.4,0,0,0,
2026-06-19 17:06:28.195,1781906788195,6606.9912,5.5,0,0,0,
2026-06-19 17:06:28.235,1781906788235,6606.9912,6.0,0,0,0,
2026-06-19 17:06:28.275,1781906788275,6606.9912,6.0,0,0,0,
2026-06-19 17:06:28.316,1781906788316,6606.9912,5.4,0,0,0,
2026-06-19 17:06:28.355,1781906788355,6606.9912,13.3,0,0,0,
2026-06-19 17:06:28.395,1781906788395,6606.9912,9.0,0,0,0,
2026-06-19 17:06:28.435,1781906788435,6606.9912,7.3,0,0,0,
2026-06-19 17:06:28.475,1781906788475,5956.8467,6.1,0,0,0,
2026-06-19 17:06:28.515,1781906788515,5956.8467,6.1,0,0,0,
2026-06-19 17:06:28.555,1781906788555,5956.8467,5.8,0,0,0,
2026-06-19 17:06:28.595,1781906788595,5956.8467,5.7,0,0,0,
2026-06-19 17:06:28.635,1781906788635,5956.8467,5.7,0,0,0,
2026-06-19 17:06:28.675,1781906788675,5956.8467,6.1,0,0,0,
2026-06-19 17:06:28.715,1781906788715,3649.1455,5.7,0,0,0,
2026-06-19 17:06:28.755,1781906788755,3649.1455,5.7,0,0,0,
2026-06-19 17:06:28.795,1781906788795,3649.1455,6.1,0,0,0,
2026-06-19 17:06:28.835,1781906788835,3649.1455,5.6,0,0,0,
2026-06-19 17:06:28.875,1781906788875,3649.1455,5.7,0,0,0,
2026-06-19 17:06:28.915,1781906788915,3649.1455,5.6,0,0,0,
2026-06-19 17:06:28.955,1781906788955,3649.1455,5.7,0,0,0,
2026-06-19 17:06:28.995,1781906788995,2350.5828,5.6,0,0,0,
2026-06-19 17:06:29.035,1781906789035,2350.5828,5.7,0,0,0,
2026-06-19 17:06:29.075,1781906789075,2350.5828,5.7,0,0,0,
2026-06-19 17:06:29.115,1781906789115,2350.5828,5.3,0,0,0,
2026-06-19 17:06:29.155,1781906789155,2350.5828,5.7,0,0,0,
2026-06-19 17:06:29.195,1781906789195,2350.5828,5.8,0,0,0,
2026-06-19 17:06:29.235,1781906789235,2060.5537,5.7,0,0,0,
2026-06-19 17:06:29.275,1781906789275,2060.5537,5.8,0,0,0,
2026-06-19 17:06:29.315,1781906789315,2060.5537,5.2,0,0,0,
2026-06-19 17:06:29.355,1781906789355,2060.5537,5.7,0,0,0,
2026-06-19 17:06:29.395,1781906789395,2060.5537,5.7,0,0,0,
2026-06-19 17:06:29.435,1781906789435,2060.5537,5.7,0,0,0,
2026-06-19 17:06:29.475,1781906789475,2060.5537,5.3,0,0,0,
2026-06-19 17:06:29.515,1781906789515,2344.7292,5.7,0,0,0,
2026-06-19 17:06:29.555,1781906789555,2344.7292,5.8,0,0,0,
2026-06-19 17:06:29.595,1781906789595,2344.7292,5.8,0,0,0,
2026-06-19 17:06:29.635,1781906789635,2344.7292,5.7,0,0,0,
2026-06-19 17:06:29.675,1781906789675,2344.7292,5.3,0,0,0,
2026-06-19 17:06:29.715,1781906789715,2344.7292,5.7,0,0,0,
2026-06-19 17:06:29.755,1781906789755,2235.0608,5.7,0,0,0,
2026-06-19 17:06:29.795,1781906789795,2235.0608,6.1,0,0,0,
2026-06-19 17:06:29.835,1781906789835,2235.0608,7.4,0,0,0,
2026-06-19 17:06:29.875,1781906789876,2235.0608,12.0,0,0,0,
2026-06-19 17:06:29.915,1781906789915,2235.0608,6.0,0,0,0,
2026-06-19 17:06:29.955,1781906789955,2235.0608,5.5,0,0,0,
2026-06-19 17:06:29.995,1781906789995,2235.0608,5.5,0,0,0,
2026-06-19 17:06:30.035,1781906790035,3987.7112,5.5,0,0,0,
2026-06-19 17:06:30.076,1781906790076,3987.7112,5.5,0,0,0,
2026-06-19 17:06:30.115,1781906790115,3987.7112,5.0,0,0,0,
2026-06-19 17:06:30.155,1781906790155,3987.7112,5.1,0,0,0,
2026-06-19 17:06:30.195,1781906790195,3987.7112,5.1,0,0,0,
2026-06-19 17:06:30.235,1781906790235,3987.7112,5.1,0,0,0,
2026-06-19 17:06:30.275,1781906790275,5406.0991,5.0,0,0,0,
2026-06-19 17:06:30.315,1781906790315,5406.0991,5.4,0,0,0,
2026-06-19 17:06:30.355,1781906790355,5406.0991,5.0,0,0,0,
2026-06-19 17:06:30.395,1781906790395,5406.0991,5.1,0,0,0,
2026-06-19 17:06:30.435,1781906790435,5406.0991,5.1,0,0,0,
2026-06-19 17:06:30.475,1781906790475,5406.0991,5.1,0,0,0,
2026-06-19 17:06:30.515,1781906790515,5406.0991,5.1,0,0,0,
2026-06-19 17:06:30.555,1781906790555,5959.0566,5.0,0,0,0,
2026-06-19 17:06:30.595,1781906790595,5959.0566,4.5,0,0,0,
2026-06-19 17:06:30.635,1781906790635,5959.0566,4.6,0,0,0,
2026-06-19 17:06:30.675,1781906790675,5959.0566,5.1,0,0,0,
2026-06-19 17:06:30.715,1781906790715,5959.0566,4.7,0,0,0,
2026-06-19 17:06:30.755,1781906790755,5959.0566,5.1,0,0,0,
2026-06-19 17:06:30.795,1781906790795,5743.4058,5.0,0,0,0,
2026-06-19 17:06:30.835,1781906790835,5743.4058,5.1,0,0,0,
2026-06-19 17:06:30.875,1781906790875,5743.4058,4.6,0,0,0,
2026-06-19 17:06:30.915,1781906790915,5743.4058,5.1,0,0,0,
2026-06-19 17:06:30.955,1781906790955,5743.4058,5.1,0,0,0,
2026-06-19 17:06:30.995,1781906790995,5743.4058,5.1,0,0,0,
2026-06-19 17:06:31.035,1781906791035,5743.4058,5.1,0,0,0,
2026-06-19 17:06:31.075,1781906791075,5081.7725,4.6,0,0,0,
2026-06-19 17:06:31.115,1781906791115,5081.7725,5.1,0,0,0,
2026-06-19 17:06:31.155,1781906791155,5081.7725,5.0,0,0,0,
2026-06-19 17:06:31.195,1781906791195,5081.7725,5.1,0,0,0,
2026-06-19 17:06:31.235,1781906791235,5081.7725,5.1,0,0,0,
2026-06-19 17:06:31.275,1781906791275,5081.7725,4.7,0,0,0,
2026-06-19 17:06:31.315,1781906791315,4679.8262,5.5,0,0,0,
2026-06-19 17:06:31.355,1781906791355,4679.8262,5.0,0,0,0,
2026-06-19 17:06:31.395,1781906791395,4679.8262,5.1,0,0,0,
2026-06-19 17:06:31.435,1781906791435,4679.8262,5.1,0,0,0,
2026-06-19 17:06:31.475,1781906791475,4679.8262,5.2,0,0,0,
2026-06-19 17:06:31.515,1781906791515,4679.8262,5.1,0,0,0,
2026-06-19 17:06:31.555,1781906791555,4679.8262,5.1,0,0,0,
2026-06-19 17:06:31.595,1781906791595,3229.5686,5.1,0,0,0,
2026-06-19 17:06:31.635,1781906791635,3229.5686,5.0,0,0,0,
2026-06-19 17:06:31.675,1781906791675,3229.5686,5.2,0,0,0,
2026-06-19 17:06:31.716,1781906791716,3229.5686,5.2,0,0,0,
2026-06-19 17:06:31.755,1781906791755,3229.5686,5.1,0,0,0,
2026-06-19 17:06:31.795,1781906791795,3229.5686,5.1,0,0,0,
2026-06-19 17:06:31.835,1781906791835,3459.0334,5.1,0,0,0,
2026-06-19 17:06:31.875,1781906791875,3459.0334,5.1,0,0,0,
2026-06-19 17:06:31.915,1781906791915,3459.0334,5.2,0,0,0,
2026-06-19 17:06:31.955,1781906791955,3459.0334,5.1,0,0,0,
2026-06-19 17:06:31.995,1781906791995,3459.0334,5.2,0,0,0,
2026-06-19 17:06:32.035,1781906792035,3459.0334,5.1,0,0,0,
2026-06-19 17:06:32.075,1781906792075,3459.0334,5.6,0,0,0,
2026-06-19 17:06:32.115,1781906792115,3157.9731,5.1,0,0,0,
2026-06-19 17:06:32.156,1781906792156,3157.9731,5.1,0,0,0,
2026-06-19 17:06:32.196,1781906792196,3157.9731,5.1,0,0,0,
2026-06-19 17:06:32.235,1781906792235,3157.9731,5.1,0,0,0,
2026-06-19 17:06:32.276,1781906792276,3157.9731,5.6,0,0,0,
2026-06-19 17:06:32.315,1781906792315,3157.9731,5.2,0,0,0,
2026-06-19 17:06:32.355,1781906792355,3236.4768,5.1,0,0,0,
2026-06-19 17:06:32.395,1781906792395,3236.4768,5.1,0,0,0,
2026-06-19 17:06:32.435,1781906792435,3236.4768,5.5,0,0,0,
2026-06-19 17:06:32.476,1781906792476,3236.4768,5.2,0,0,0,
2026-06-19 17:06:32.515,1781906792515,3236.4768,5.1,0,0,0,
2026-06-19 17:06:32.555,1781906792555,3236.4768,5.1,0,0,0,
2026-06-19 17:06:32.595,1781906792595,3236.4768,5.1,0,0,0,
2026-06-19 17:06:32.636,1781906792636,3229.3523,5.1,0,0,0,
2026-06-19 17:06:32.675,1781906792676,3229.3523,5.1,0,0,0,
2026-06-19 17:06:32.716,1781906792716,3229.3523,5.1,0,0,0,
2026-06-19 17:06:32.755,1781906792755,3229.3523,5.1,0,0,0,
2026-06-19 17:06:32.795,1781906792795,3229.3523,5.1,0,0,0,
2026-06-19 17:06:32.835,1781906792835,3229.3523,5.0,0,0,0,
2026-06-19 17:06:32.875,1781906792875,3374.2302,5.1,0,0,0,
2026-06-19 17:06:32.915,1781906792915,3374.2302,5.2,0,0,0,
2026-06-19 17:06:32.955,1781906792955,3374.2302,5.6,0,0,0,
2026-06-19 17:06:32.995,1781906792995,3374.2302,5.1,0,0,0,
2026-06-19 17:06:33.035,1781906793035,3374.2302,5.0,0,0,0,
2026-06-19 17:06:33.076,1781906793076,3374.2302,5.2,0,0,0,
2026-06-19 17:06:33.115,1781906793115,3374.2302,5.1,0,0,0,
2026-06-19 17:06:33.156,1781906793156,3335.5254,5.1,0,0,0,
2026-06-19 17:06:33.196,1781906793196,3335.5254,5.1,0,0,0,
2026-06-19 17:06:33.235,1781906793236,3335.5254,5.0,0,0,0,
2026-06-19 17:06:33.276,1781906793276,3335.5254,5.2,0,0,0,
2026-06-19 17:06:33.315,1781906793315,3335.5254,5.1,0,0,0,
2026-06-19 17:06:33.355,1781906793355,3335.5254,4.7,0,0,0,
2026-06-19 17:06:33.395,1781906793395,3332.5598,5.1,0,0,0,
2026-06-19 17:06:33.435,1781906793435,3332.5598,5.0,0,0,0,
2026-06-19 17:06:33.475,1781906793475,3332.5598,5.1,0,0,0,
2026-06-19 17:06:33.515,1781906793515,3332.5598,5.1,0,0,0,
2026-06-19 17:06:33.555,1781906793555,3332.5598,5.1,0,0,0,
2026-06-19 17:06:33.595,1781906793595,3332.5598,5.2,0,0,0,
2026-06-19 17:06:33.635,1781906793635,3332.5598,5.1,0,0,0,
2026-06-19 17:06:33.675,1781906793675,3133.3337,5.1,0,0,0,
2026-06-19 17:06:33.715,1781906793715,3133.3337,5.1,0,0,0,
2026-06-19 17:06:33.756,1781906793756,3133.3337,5.5,0,0,0,
2026-06-19 17:06:33.795,1781906793795,3133.3337,5.2,0,0,0,
2026-06-19 17:06:33.835,1781906793836,3133.3337,5.0,0,0,0,
2026-06-19 17:06:33.875,1781906793875,3133.3337,5.0,0,0,0,
2026-06-19 17:06:33.915,1781906793915,3438.3711,5.1,0,0,0,
2026-06-19 17:06:33.955,1781906793955,3438.3711,5.1,0,0,0,
2026-06-19 17:06:33.995,1781906793995,3438.3711,5.1,0,0,0,
2026-06-19 17:06:34.035,1781906794035,3438.3711,5.1,0,0,0,
2026-06-19 17:06:34.075,1781906794075,3438.3711,5.0,0,0,0,
2026-06-19 17:06:34.115,1781906794115,3438.3711,5.1,0,0,0,
2026-06-19 17:06:34.155,1781906794155,3438.3711,5.1,0,0,0,
2026-06-19 17:06:34.195,1781906794195,3522.8784,5.1,0,0,0,
2026-06-19 17:06:34.236,1781906794236,3522.8784,5.1,0,0,0,
2026-06-19 17:06:34.275,1781906794275,3522.8784,5.5,0,0,0,
2026-06-19 17:06:34.315,1781906794315,3522.8784,5.5,0,0,0,
2026-06-19 17:06:34.355,1781906794355,3522.8784,6.1,0,0,0,
2026-06-19 17:06:34.395,1781906794395,3522.8784,5.6,0,0,0,
2026-06-19 17:06:34.435,1781906794435,3731.3098,5.1,0,0,0,
2026-06-19 17:06:34.475,1781906794475,3731.3098,5.5,0,0,0,
2026-06-19 17:06:34.515,1781906794515,3731.3098,5.1,0,0,0,
2026-06-19 17:06:34.556,1781906794556,3731.3098,4.6,0,0,0,
2026-06-19 17:06:34.596,1781906794596,3731.3098,4.6,0,0,0,
2026-06-19 17:06:34.635,1781906794635,3731.3098,4.6,0,0,0,
2026-06-19 17:06:34.676,1781906794676,3731.3098,5.1,0,0,0,
2026-06-19 17:06:34.716,1781906794716,4013.7466,5.3,0,0,0,
2026-06-19 17:06:34.756,1781906794756,4013.7466,5.3,0,0,0,
2026-06-19 17:06:34.795,1781906794796,4013.7466,5.8,0,0,0,
2026-06-19 17:06:34.835,1781906794835,4013.7466,6.1,0,0,0,
2026-06-19 17:06:34.875,1781906794875,4013.7466,7.4,0,0,0,
2026-06-19 17:06:34.915,1781906794915,4013.7466,8.2,0,0,0,
2026-06-19 17:06:34.955,1781906794955,7261.2056,7.8,0,0,0,
2026-06-19 17:06:34.995,1781906794995,7261.2056,7.8,0,0,0,
2026-06-19 17:06:35.035,1781906795036,7261.2056,7.8,0,0,0,
2026-06-19 17:06:35.075,1781906795076,7261.2056,7.4,0,0,0,
2026-06-19 17:06:35.116,1781906795116,7261.2056,7.5,0,0,0,
2026-06-19 17:06:35.156,1781906795156,7261.2056,7.9,0,0,0,
2026-06-19 17:06:35.196,1781906795196,7261.2056,8.1,0,0,0,
2026-06-19 17:06:35.236,1781906795236,7262.8154,6.9,0,0,0,
2026-06-19 17:06:35.276,1781906795276,7262.8154,9.5,0,0,0,
2026-06-19 17:06:35.315,1781906795315,7262.8154,9.6,0,0,0,
2026-06-19 17:06:35.356,1781906795356,7262.8154,9.0,0,0,0,
2026-06-19 17:06:35.395,1781906795395,7262.8154,9.5,0,0,0,
2026-06-19 17:06:35.436,1781906795436,7262.8154,10.3,0,0,0,
2026-06-19 17:06:35.476,1781906795476,7649.9692,10.8,0,0,0,
2026-06-19 17:06:35.516,1781906795516,7649.9692,10.8,0,0,0,
2026-06-19 17:06:35.555,1781906795555,7649.9692,7.8,0,0,0,
2026-06-19 17:06:35.596,1781906795596,7649.9692,9.9,0,0,0,
2026-06-19 17:06:35.636,1781906795636,7649.9692,7.8,0,0,0,
2026-06-19 17:06:35.676,1781906795676,7649.9692,10.0,0,0,0,
2026-06-19 17:06:35.715,1781906795715,7649.9692,7.9,0,0,0,
2026-06-19 17:06:35.755,1781906795755,6978.5220,9.6,0,0,0,
2026-06-19 17:06:35.796,1781906795796,6978.5220,7.4,0,0,0,
2026-06-19 17:06:35.836,1781906795836,6978.5220,10.3,0,0,0,
2026-06-19 17:06:35.876,1781906795876,6978.5220,10.0,0,0,0,
2026-06-19 17:06:35.916,1781906795916,6978.5220,9.0,0,0,0,
2026-06-19 17:06:35.956,1781906795956,6978.5220,10.8,0,0,0,
2026-06-19 17:06:35.996,1781906795996,6999.7983,9.9,0,0,0,
2026-06-19 17:06:36.035,1781906796035,6999.7983,8.6,0,0,0,
2026-06-19 17:06:36.076,1781906796076,6999.7983,9.5,0,0,0,
2026-06-19 17:06:36.116,1781906796116,6999.7983,9.3,0,0,0,
2026-06-19 17:06:36.156,1781906796156,6999.7983,9.0,0,0,0,
2026-06-19 17:06:36.196,1781906796196,6999.7983,6.9,0,0,0,
2026-06-19 17:06:36.235,1781906796235,6999.7983,9.2,0,0,0,
2026-06-19 17:06:36.275,1781906796276,7086.4009,9.4,0,0,0,
2026-06-19 17:06:36.316,1781906796316,7086.4009,8.6,0,0,0,
2026-06-19 17:06:36.356,1781906796356,7086.4009,9.6,0,0,0,
2026-06-19 17:06:36.396,1781906796396,7086.4009,9.6,0,0,0,
2026-06-19 17:06:36.435,1781906796435,7086.4009,9.9,0,0,0,
2026-06-19 17:06:36.476,1781906796476,7086.4009,9.5,0,0,0,
2026-06-19 17:06:36.516,1781906796516,7150.9819,9.9,0,0,0,
2026-06-19 17:06:36.556,1781906796556,7150.9819,7.7,0,0,0,
2026-06-19 17:06:36.596,1781906796596,7150.9819,9.8,0,0,0,
2026-06-19 17:06:36.636,1781906796636,7150.9819,8.7,0,0,0,
2026-06-19 17:06:36.676,1781906796676,7150.9819,9.9,0,0,0,
2026-06-19 17:06:36.715,1781906796715,7150.9819,8.7,0,0,0,
2026-06-19 17:06:36.755,1781906796755,7150.9819,9.5,0,0,0,
2026-06-19 17:06:36.796,1781906796796,6731.7134,9.9,0,0,0,
2026-06-19 17:06:36.835,1781906796835,6731.7134,7.8,0,0,0,
2026-06-19 17:06:36.875,1781906796875,6731.7134,9.9,0,0,0,
2026-06-19 17:06:36.915,1781906796915,6731.7134,9.0,0,0,0,
2026-06-19 17:06:36.956,1781906796956,6731.7134,8.2,0,0,0,
2026-06-19 17:06:36.995,1781906796996,6731.7134,9.1,0,0,0,
2026-06-19 17:06:37.036,1781906797036,7076.6265,9.9,0,0,0,
2026-06-19 17:06:37.075,1781906797075,7076.6265,9.4,0,0,0,
2026-06-19 17:06:37.115,1781906797115,7076.6265,9.4,0,0,0,
2026-06-19 17:06:37.156,1781906797156,7076.6265,9.5,0,0,0,
2026-06-19 17:06:37.195,1781906797196,7076.6265,9.9,0,0,0,
2026-06-19 17:06:37.235,1781906797235,7076.6265,8.7,0,0,0,
2026-06-19 17:06:37.276,1781906797276,7076.6265,9.5,0,0,0,
2026-06-19 17:06:37.315,1781906797315,6997.9961,9.4,0,0,0,
2026-06-19 17:06:37.356,1781906797356,6997.9961,9.9,0,0,0,
2026-06-19 17:06:37.396,1781906797396,6997.9961,9.9,0,0,0,
2026-06-19 17:06:37.436,1781906797436,6997.9961,9.9,0,0,0,
2026-06-19 17:06:37.476,1781906797476,6997.9961,9.0,0,0,0,
2026-06-19 17:06:37.515,1781906797515,6997.9961,9.5,0,0,0,
2026-06-19 17:06:37.556,1781906797556,7033.2305,10.3,0,0,0,
2026-06-19 17:06:37.595,1781906797595,7033.2305,9.3,0,0,0,
2026-06-19 17:06:37.635,1781906797635,7033.2305,9.4,0,0,0,
2026-06-19 17:06:37.675,1781906797675,7033.2305,9.8,0,0,0,
2026-06-19 17:06:37.716,1781906797716,7033.2305,8.7,0,0,0,
2026-06-19 17:06:37.755,1781906797756,7033.2305,9.1,0,0,0,
2026-06-19 17:06:37.796,1781906797796,7033.2305,9.0,0,0,0,
2026-06-19 17:06:37.836,1781906797836,6488.1758,10.3,0,0,0,
2026-06-19 17:06:37.876,1781906797876,6488.1758,10.4,0,0,0,
2026-06-19 17:06:37.916,1781906797916,6488.1758,9.0,0,0,0,
2026-06-19 17:06:37.956,1781906797956,6488.1758,9.9,0,0,0,
2026-06-19 17:06:37.996,1781906797996,6488.1758,9.6,0,0,0,
2026-06-19 17:06:38.036,1781906798036,6488.1758,10.4,0,0,0,
2026-06-19 17:06:38.076,1781906798076,7256.5884,8.6,0,0,0,
2026-06-19 17:06:38.115,1781906798115,7256.5884,9.4,0,0,0,
2026-06-19 17:06:38.155,1781906798156,7256.5884,9.0,0,0,0,
2026-06-19 17:06:38.196,1781906798196,7256.5884,9.9,0,0,0,
2026-06-19 17:06:38.236,1781906798236,7256.5884,9.5,0,0,0,
2026-06-19 17:06:38.276,1781906798276,7256.5884,8.7,0,0,0,
2026-06-19 17:06:38.316,1781906798316,7256.5884,10.4,0,0,0,
2026-06-19 17:06:38.355,1781906798355,6863.9556,9.8,0,0,0,
2026-06-19 17:06:38.396,1781906798396,6863.9556,8.3,0,0,0,
2026-06-19 17:06:38.435,1781906798435,6863.9556,9.4,0,0,0,
2026-06-19 17:06:38.476,1781906798476,6863.9556,8.2,0,0,0,
2026-06-19 17:06:38.516,1781906798516,6863.9556,9.1,0,0,0,
2026-06-19 17:06:38.556,1781906798556,6863.9556,9.0,0,0,0,
2026-06-19 17:06:38.596,1781906798596,7122.5884,9.1,0,0,0,
2026-06-19 17:06:38.636,1781906798636,7122.5884,9.1,0,0,0,
2026-06-19 17:06:38.676,1781906798676,7122.5884,9.9,0,0,0,
2026-06-19 17:06:38.715,1781906798715,7122.5884,9.0,0,0,0,
2026-06-19 17:06:38.756,1781906798756,7122.5884,9.1,0,0,0,FUGA
2026-06-19 17:06:38.796,1781906798796,7122.5884,9.1,0,0,0,
2026-06-19 17:06:38.836,1781906798836,7122.5884,9.5,0,0,0,
2026-06-19 17:06:38.876,1781906798876,7269.6509,9.0,0,0,0,
2026-06-19 17:06:38.916,1781906798916,7269.6509,10.4,0,0,0,
2026-06-19 17:06:38.956,1781906798956,7269.6509,9.0,0,0,0,
2026-06-19 17:06:38.996,1781906798996,7269.6509,8.5,0,0,0,
2026-06-19 17:06:39.036,1781906799036,7269.6509,8.2,0,0,0,
2026-06-19 17:06:39.076,1781906799076,7269.6509,9.9,0,0,0,
2026-06-19 17:06:39.116,1781906799116,7206.1187,9.9,0,0,0,
2026-06-19 17:06:39.156,1781906799156,7206.1187,9.9,0,0,0,
2026-06-19 17:06:39.196,1781906799196,7206.1187,8.9,0,0,0,
2026-06-19 17:06:39.236,1781906799236,7206.1187,9.9,0,0,0,
2026-06-19 17:06:39.276,1781906799276,7206.1187,9.1,0,0,0,
2026-06-19 17:06:39.316,1781906799316,7206.1187,9.0,0,0,0,
2026-06-19 17:06:39.356,1781906799356,7206.1187,8.6,0,0,0,
2026-06-19 17:06:39.396,1781906799396,6543.1465,9.9,0,0,0,
2026-06-19 17:06:39.435,1781906799436,6543.1465,9.0,0,0,0,
2026-06-19 17:06:39.476,1781906799476,6543.1465,9.0,0,0,0,
2026-06-19 17:06:39.516,1781906799516,6543.1465,9.9,0,0,0,
2026-06-19 17:06:39.556,1781906799556,6543.1465,9.6,0,0,0,
2026-06-19 17:06:39.596,1781906799596,6543.1465,9.0,0,0,0,
2026-06-19 17:06:39.636,1781906799636,7381.0059,10.3,0,0,0,
2026-06-19 17:06:39.676,1781906799676,7381.0059,9.6,0,0,0,
2026-06-19 17:06:39.716,1781906799716,7381.0059,9.9,0,0,0,
2026-06-19 17:06:39.756,1781906799756,7381.0059,9.6,0,0,0,
2026-06-19 17:06:39.796,1781906799796,7381.0059,10.0,0,0,0,
2026-06-19 17:06:39.836,1781906799836,7381.0059,8.5,0,0,0,
2026-06-19 17:06:39.876,1781906799876,7381.0059,9.5,0,0,0,
2026-06-19 17:06:39.916,1781906799916,7026.1377,8.6,0,0,0,
2026-06-19 17:06:39.956,1781906799956,7026.1377,8.2,0,0,0,
2026-06-19 17:06:39.996,1781906799996,7026.1377,9.9,0,0,0,
2026-06-19 17:06:40.035,1781906800036,7026.1377,8.3,0,0,0,
2026-06-19 17:06:40.076,1781906800076,7026.1377,9.5,0,0,0,
2026-06-19 17:06:40.116,1781906800116,7026.1377,10.0,0,0,0,
2026-06-19 17:06:40.156,1781906800156,7437.1318,9.0,0,0,0,
2026-06-19 17:06:40.196,1781906800196,7437.1318,10.3,0,0,0,
2026-06-19 17:06:40.236,1781906800236,7437.1318,8.1,0,0,0,
2026-06-19 17:06:40.276,1781906800276,7437.1318,9.0,0,0,0,
2026-06-19 17:06:40.316,1781906800316,7437.1318,9.0,0,0,0,
2026-06-19 17:06:40.356,1781906800356,7437.1318,10.1,0,0,0,
2026-06-19 17:06:40.396,1781906800396,7437.1318,6.1,0,0,0,
2026-06-19 17:06:40.436,1781906800436,7051.7227,8.7,0,0,0,
2026-06-19 17:06:40.476,1781906800476,7051.7227,8.3,0,0,0,
2026-06-19 17:06:40.516,1781906800516,7051.7227,9.4,0,0,0,
2026-06-19 17:06:40.556,1781906800556,7051.7227,7.5,0,0,0,
2026-06-19 17:06:40.596,1781906800596,7051.7227,5.8,0,0,0,
2026-06-19 17:06:40.636,1781906800636,7051.7227,6.5,0,1,0,
2026-06-19 17:06:40.676,1781906800676,2697.1519,6.6,0,1,0,
2026-06-19 17:06:40.715,1781906800715,2697.1519,6.3,0,0,0,
2026-06-19 17:06:40.756,1781906800756,2697.1519,6.3,0,0,0,
2026-06-19 17:06:40.796,1781906800796,2697.1519,6.6,0,0,0,
2026-06-19 17:06:40.836,1781906800836,2697.1519,6.3,0,0,0,
2026-06-19 17:06:40.876,1781906800876,2697.1519,5.3,0,0,0,
2026-06-19 17:06:40.916,1781906800916,2697.1519,6.0,0,0,0,
2026-06-19 17:06:40.956,1781906800956,682.1013,5.0,0,0,0,
2026-06-19 17:06:40.996,1781906800996,682.1013,4.6,0,0,0,
2026-06-19 17:06:41.036,1781906801036,682.1013,5.3,0,0,0,
2026-06-19 17:06:41.076,1781906801076,682.1013,5.9,0,0,0,
2026-06-19 17:06:41.116,1781906801116,682.1013,4.6,0,0,0,
2026-06-19 17:06:41.156,1781906801156,682.1013,5.3,0,0,0,
2026-06-19 17:06:41.195,1781906801196,454.3819,5.7,0,0,0,
2026-06-19 17:06:41.236,1781906801236,454.3819,4.5,0,0,0,
2026-06-19 17:06:41.276,1781906801276,454.3819,5.5,0,0,0,
2026-06-19 17:06:41.316,1781906801316,454.3819,5.0,0,0,0,
2026-06-19 17:06:41.356,1781906801356,454.3819,5.0,0,0,0,
2026-06-19 17:06:41.395,1781906801396,454.3819,4.6,0,0,0,
2026-06-19 17:06:41.436,1781906801436,454.3819,5.8,0,0,0,
2026-06-19 17:06:41.476,1781906801476,453.2528,4.6,0,0,0,
2026-06-19 17:06:41.516,1781906801516,453.2528,5.4,0,0,0,
2026-06-19 17:06:41.556,1781906801556,453.2528,5.4,0,0,0,
2026-06-19 17:06:41.595,1781906801595,453.2528,5.4,0,0,0,
2026-06-19 17:06:41.635,1781906801635,453.2528,5.4,0,0,0,
2026-06-19 17:06:41.676,1781906801676,453.2528,4.6,0,0,0,
2026-06-19 17:06:41.716,1781906801716,727.2004,5.0,0,0,0,
2026-06-19 17:06:41.755,1781906801756,727.2004,5.7,0,0,0,
2026-06-19 17:06:41.796,1781906801796,727.2004,4.2,0,0,0,
2026-06-19 17:06:41.836,1781906801836,727.2004,5.4,0,0,0,
2026-06-19 17:06:41.875,1781906801875,727.2004,5.8,0,0,0,
2026-06-19 17:06:41.916,1781906801916,727.2004,5.1,0,0,0,
2026-06-19 17:06:41.956,1781906801956,727.2004,5.0,0,0,0,
2026-06-19 17:06:41.996,1781906801996,799.7476,5.0,0,0,0,
2026-06-19 17:06:42.036,1781906802036,799.7476,5.4,0,0,0,
2026-06-19 17:06:42.076,1781906802076,799.7476,5.1,0,0,0,
2026-06-19 17:06:42.116,1781906802116,799.7476,5.4,0,0,0,
2026-06-19 17:06:42.156,1781906802156,799.7476,5.9,0,0,0,
2026-06-19 17:06:42.196,1781906802196,799.7476,4.2,0,0,0,
2026-06-19 17:06:42.236,1781906802236,809.2780,5.8,0,0,0,
2026-06-19 17:06:42.276,1781906802276,809.2780,5.4,0,0,0,
2026-06-19 17:06:42.316,1781906802316,809.2780,5.4,0,0,0,
2026-06-19 17:06:42.356,1781906802356,809.2780,5.4,0,0,0,
2026-06-19 17:06:42.396,1781906802396,809.2780,4.8,0,0,0,
2026-06-19 17:06:42.436,1781906802436,809.2780,4.2,0,0,0,
2026-06-19 17:06:42.476,1781906802476,809.2780,5.4,0,0,0,
2026-06-19 17:06:42.516,1781906802516,804.9942,5.4,0,0,0,
2026-06-19 17:06:42.556,1781906802556,804.9942,5.3,0,0,0,
2026-06-19 17:06:42.596,1781906802596,804.9942,5.4,0,0,0,
2026-06-19 17:06:42.636,1781906802636,804.9942,5.4,0,0,0,
2026-06-19 17:06:42.676,1781906802676,804.9942,5.8,0,0,0,
2026-06-19 17:06:42.716,1781906802716,804.9942,5.4,0,0,0,
2026-06-19 17:06:42.756,1781906802756,811.2868,5.8,0,0,0,
2026-06-19 17:06:42.796,1781906802796,811.2868,5.4,0,0,0,
2026-06-19 17:06:42.836,1781906802836,811.2868,5.5,0,0,0,
2026-06-19 17:06:42.876,1781906802876,811.2868,5.5,0,0,0,
2026-06-19 17:06:42.916,1781906802916,811.2868,4.2,0,0,0,
2026-06-19 17:06:42.956,1781906802956,811.2868,5.4,0,0,0,
2026-06-19 17:06:42.996,1781906802996,811.2868,5.4,0,0,0,
2026-06-19 17:06:43.036,1781906803036,889.6787,5.8,0,0,0,
2026-06-19 17:06:43.076,1781906803076,889.6787,5.4,0,0,0,
2026-06-19 17:06:43.116,1781906803116,889.6787,2.1,0,0,0,
2026-06-19 17:06:43.156,1781906803156,889.6787,5.4,0,0,0,
2026-06-19 17:06:43.196,1781906803196,889.6787,5.4,0,0,0,
2026-06-19 17:06:43.236,1781906803236,889.6787,5.0,0,0,0,
2026-06-19 17:06:43.276,1781906803276,798.4497,5.0,0,0,0,
2026-06-19 17:06:43.316,1781906803316,798.4497,4.9,0,0,0,
2026-06-19 17:06:43.356,1781906803356,798.4497,4.9,0,0,0,
2026-06-19 17:06:43.396,1781906803396,798.4497,5.4,0,0,0,
2026-06-19 17:06:43.436,1781906803436,798.4497,2.9,0,0,0,
2026-06-19 17:06:43.476,1781906803476,798.4497,5.4,0,0,0,
2026-06-19 17:06:43.516,1781906803516,798.4497,1.6,0,0,0,
2026-06-19 17:06:43.556,1781906803556,757.1140,5.3,0,0,0,
2026-06-19 17:06:43.596,1781906803596,757.1140,4.9,0,0,0,
2026-06-19 17:06:43.636,1781906803636,757.1140,5.4,0,0,0,
2026-06-19 17:06:43.676,1781906803676,757.1140,5.8,0,0,0,
2026-06-19 17:06:43.716,1781906803716,757.1140,5.7,0,0,0,
2026-06-19 17:06:43.756,1781906803756,757.1140,5.4,0,0,0,
2026-06-19 17:06:43.796,1781906803796,807.1381,5.8,0,0,0,
2026-06-19 17:06:43.836,1781906803836,807.1381,4.9,0,0,0,
2026-06-19 17:06:43.876,1781906803876,807.1381,5.7,0,0,0,
2026-06-19 17:06:43.916,1781906803916,807.1381,5.9,0,0,0,
2026-06-19 17:06:43.956,1781906803956,807.1381,5.8,0,0,0,
2026-06-19 17:06:43.996,1781906803996,807.1381,5.4,0,0,0,
2026-06-19 17:06:44.036,1781906804036,807.1381,5.4,0,0,0,
2026-06-19 17:06:44.076,1781906804076,774.9380,5.4,0,0,0,
2026-06-19 17:06:44.116,1781906804116,774.9380,4.9,0,0,0,
2026-06-19 17:06:44.156,1781906804156,774.9380,5.4,0,0,0,
2026-06-19 17:06:44.196,1781906804196,774.9380,5.0,0,0,0,
2026-06-19 17:06:44.236,1781906804236,774.9380,5.0,0,0,0,
2026-06-19 17:06:44.276,1781906804276,774.9380,5.0,0,0,0,
2026-06-19 17:06:44.315,1781906804316,766.6442,5.4,0,0,0,
2026-06-19 17:06:44.356,1781906804356,766.6442,5.4,0,0,0,
2026-06-19 17:06:44.396,1781906804396,766.6442,5.4,0,0,0,
2026-06-19 17:06:44.436,1781906804436,766.6442,5.0,0,0,0,
2026-06-19 17:06:44.476,1781906804476,766.6442,5.1,0,0,0,
2026-06-19 17:06:44.516,1781906804516,766.6442,5.4,0,0,0,
2026-06-19 17:06:44.556,1781906804556,766.6442,5.4,0,0,0,
2026-06-19 17:06:44.596,1781906804596,868.8184,5.4,0,0,0,
2026-06-19 17:06:44.636,1781906804636,868.8184,4.2,0,0,0,
2026-06-19 17:06:44.676,1781906804676,868.8184,5.1,0,0,0,
2026-06-19 17:06:44.716,1781906804716,868.8184,5.4,0,0,0,
2026-06-19 17:06:44.756,1781906804756,868.8184,4.5,0,0,0,
2026-06-19 17:06:44.796,1781906804796,868.8184,5.9,0,0,0,
2026-06-19 17:06:44.836,1781906804836,830.8397,5.4,0,0,0,
2026-06-19 17:06:44.876,1781906804876,830.8397,5.4,0,0,0,
2026-06-19 17:06:44.916,1781906804916,830.8397,5.8,0,0,0,
2026-06-19 17:06:44.956,1781906804956,830.8397,5.9,0,0,0,
2026-06-19 17:06:44.996,1781906804996,830.8397,5.0,0,0,0,
2026-06-19 17:06:45.036,1781906805036,830.8397,4.9,0,0,0,
2026-06-19 17:06:45.076,1781906805076,830.8397,4.5,0,0,0,
2026-06-19 17:06:45.116,1781906805116,795.8116,5.4,0,0,0,
2026-06-19 17:06:45.156,1781906805156,795.8116,5.0,0,0,0,
