Timestamp,Epoch_Time_ms,MAG,D,P1,P2,P3
2026-06-19 17:00:16.902,1781906416902,139.7737,5.8,0,0,0
2026-06-19 17:00:16.978,1781906416979,139.7737,5.8,0,0,0
2026-06-19 17:00:17.027,1781906417027,153.5963,5.8,0,0,0
2026-06-19 17:00:17.028,1781906417028,153.5963,5.7,0,0,0
2026-06-19 17:00:17.028,1781906417028,153.5963,5.8,0,0,0
2026-06-19 17:00:17.028,1781906417028,153.5963,5.8,0,0,0
2026-06-19 17:00:17.028,1781906417028,153.5963,5.9,0,0,0
2026-06-19 17:00:17.029,1781906417029,153.5963,5.7,0,0,0
2026-06-19 17:00:17.082,1781906417082,143.8131,5.8,0,0,0
2026-06-19 17:00:17.128,1781906417128,143.8131,5.7,0,0,0
2026-06-19 17:00:17.129,1781906417129,143.8131,5.8,0,0,0
2026-06-19 17:00:17.129,1781906417129,143.8131,5.8,0,0,0
2026-06-19 17:00:17.130,1781906417130,143.8131,5.8,0,0,0
2026-06-19 17:00:17.130,1781906417130,143.8131,5.8,0,0,0
2026-06-19 17:00:17.142,1781906417142,143.8131,5.8,0,0,0
2026-06-19 17:00:17.183,1781906417183,133.6655,5.8,0,0,0
2026-06-19 17:00:17.222,1781906417222,133.6655,5.9,0,0,0
2026-06-19 17:00:17.262,1781906417262,133.6655,5.8,0,0,0
2026-06-19 17:00:17.302,1781906417302,133.6655,5.8,0,0,0
2026-06-19 17:00:17.342,1781906417342,133.6655,5.8,0,0,0
2026-06-19 17:00:17.382,1781906417382,133.6655,5.9,0,0,0
2026-06-19 17:00:17.422,1781906417422,141.8380,5.8,0,0,0
2026-06-19 17:00:17.462,1781906417462,141.8380,5.9,0,0,0
2026-06-19 17:00:17.502,1781906417502,141.8380,5.9,0,0,0
2026-06-19 17:00:17.542,1781906417542,141.8380,5.8,0,0,0
2026-06-19 17:00:17.582,1781906417582,141.8380,5.9,0,0,0
2026-06-19 17:00:17.622,1781906417622,141.8380,5.9,0,0,0
2026-06-19 17:00:17.662,1781906417662,141.8380,5.8,0,0,0
2026-06-19 17:00:17.702,1781906417702,133.2042,5.8,0,0,0
2026-06-19 17:00:17.742,1781906417742,133.2042,5.9,0,0,0
2026-06-19 17:00:17.782,1781906417783,133.2042,5.8,0,0,0
2026-06-19 17:00:17.822,1781906417822,133.2042,5.8,0,0,0
2026-06-19 17:00:17.862,1781906417862,133.2042,5.9,0,0,0
2026-06-19 17:00:17.902,1781906417902,133.2042,5.7,0,0,0
2026-06-19 17:00:17.942,1781906417942,136.1544,5.8,0,0,0
2026-06-19 17:00:17.982,1781906417982,136.1544,5.9,0,0,0
2026-06-19 17:00:18.022,1781906418022,136.1544,5.8,0,0,0
2026-06-19 17:00:18.062,1781906418062,136.1544,5.7,0,0,0
2026-06-19 17:00:18.103,1781906418103,136.1544,5.9,0,0,0
2026-06-19 17:00:18.142,1781906418142,136.1544,5.9,0,0,0
2026-06-19 17:00:18.183,1781906418183,136.1544,5.8,0,0,0
2026-06-19 17:00:18.222,1781906418222,133.9270,5.8,0,0,0
2026-06-19 17:00:18.262,1781906418262,133.9270,5.7,0,0,0
2026-06-19 17:00:18.302,1781906418302,133.9270,5.8,0,0,0
2026-06-19 17:00:18.342,1781906418342,133.9270,5.9,0,0,0
2026-06-19 17:00:18.382,1781906418382,133.9270,5.9,0,0,0
2026-06-19 17:00:18.422,1781906418422,133.9270,5.8,0,0,0
2026-06-19 17:00:18.462,1781906418462,140.1474,5.8,0,0,0
2026-06-19 17:00:18.502,1781906418502,140.1474,5.9,0,0,0
2026-06-19 17:00:18.542,1781906418542,140.1474,5.9,0,0,0
2026-06-19 17:00:18.582,1781906418582,140.1474,5.9,0,0,0
2026-06-19 17:00:18.622,1781906418622,140.1474,5.9,0,0,0
2026-06-19 17:00:18.662,1781906418662,140.1474,5.8,0,0,0
2026-06-19 17:00:18.702,1781906418702,140.1474,5.8,0,0,0
2026-06-19 17:00:18.743,1781906418743,139.1018,5.8,0,0,0
2026-06-19 17:00:18.782,1781906418782,139.1018,5.9,0,0,0
2026-06-19 17:00:18.822,1781906418822,139.1018,5.9,0,0,0
2026-06-19 17:00:18.862,1781906418862,139.1018,5.9,0,0,0
2026-06-19 17:00:18.902,1781906418902,139.1018,5.9,0,0,0
2026-06-19 17:00:18.942,1781906418942,139.1018,5.9,0,0,0
2026-06-19 17:00:18.982,1781906418982,145.2428,5.8,0,0,0
2026-06-19 17:00:19.022,1781906419022,145.2428,5.8,0,0,0
2026-06-19 17:00:19.062,1781906419062,145.2428,5.9,0,0,0
2026-06-19 17:00:19.102,1781906419102,145.2428,5.9,0,0,0
2026-06-19 17:00:19.142,1781906419142,145.2428,5.7,0,0,0
2026-06-19 17:00:19.182,1781906419182,145.2428,5.9,0,0,0
2026-06-19 17:00:19.222,1781906419222,145.2428,5.9,0,0,0
2026-06-19 17:00:19.262,1781906419262,134.0286,5.8,0,0,0
2026-06-19 17:00:19.302,1781906419302,134.0286,5.9,0,0,0
2026-06-19 17:00:19.342,1781906419342,134.0286,5.9,0,0,0
2026-06-19 17:00:19.382,1781906419382,134.0286,5.9,0,0,0
2026-06-19 17:00:19.422,1781906419422,134.0286,5.9,0,0,0
2026-06-19 17:00:19.462,1781906419463,134.0286,5.8,0,0,0
2026-06-19 17:00:19.502,1781906419503,122.5493,5.8,0,0,0
2026-06-19 17:00:19.542,1781906419542,122.5493,5.8,0,0,0
2026-06-19 17:00:19.582,1781906419582,122.5493,5.9,0,0,0
2026-06-19 17:00:19.622,1781906419622,122.5493,5.9,0,0,0
2026-06-19 17:00:19.662,1781906419662,122.5493,5.9,0,0,0
2026-06-19 17:00:19.703,1781906419703,122.5493,5.8,0,0,0
2026-06-19 17:00:19.742,1781906419742,122.5493,5.9,0,0,0
2026-06-19 17:00:19.782,1781906419782,121.3612,5.8,0,0,0
2026-06-19 17:00:19.822,1781906419822,121.3612,5.8,0,0,0
2026-06-19 17:00:19.862,1781906419862,121.3612,5.9,0,0,0
2026-06-19 17:00:19.902,1781906419902,121.3612,5.9,0,0,0
2026-06-19 17:00:19.943,1781906419943,121.3612,5.8,0,0,0
2026-06-19 17:00:19.982,1781906419982,121.3612,5.8,0,0,0
2026-06-19 17:00:20.022,1781906420022,112.2989,5.8,0,0,0
2026-06-19 17:00:20.062,1781906420062,112.2989,5.9,0,0,0
2026-06-19 17:00:20.103,1781906420103,112.2989,5.8,0,0,0
2026-06-19 17:00:20.142,1781906420142,112.2989,5.8,0,0,0
2026-06-19 17:00:20.182,1781906420182,112.2989,5.9,0,0,0
2026-06-19 17:00:20.222,1781906420222,112.2989,5.8,0,0,0
2026-06-19 17:00:20.262,1781906420262,112.2989,5.9,0,0,0
2026-06-19 17:00:20.302,1781906420302,180.8829,5.8,0,0,0
2026-06-19 17:00:20.342,1781906420342,180.8829,5.9,0,0,0
2026-06-19 17:00:20.382,1781906420382,180.8829,5.9,0,0,0
2026-06-19 17:00:20.422,1781906420422,180.8829,5.9,0,0,0
2026-06-19 17:00:20.462,1781906420462,180.8829,5.9,0,0,0
2026-06-19 17:00:20.502,1781906420502,180.8829,5.8,0,0,0
2026-06-19 17:00:20.542,1781906420542,118.8276,5.8,0,0,0
2026-06-19 17:00:20.583,1781906420583,118.8276,5.8,0,0,0
2026-06-19 17:00:20.622,1781906420622,118.8276,5.8,0,0,0
2026-06-19 17:00:20.663,1781906420663,118.8276,5.9,0,0,0
2026-06-19 17:00:20.703,1781906420703,118.8276,5.9,0,0,0
2026-06-19 17:00:20.742,1781906420742,118.8276,5.7,0,0,0
2026-06-19 17:00:20.782,1781906420782,118.8276,5.8,0,0,0
2026-06-19 17:00:20.823,1781906420823,145.3891,5.8,0,0,0
2026-06-19 17:00:20.862,1781906420862,145.3891,5.8,0,0,0
2026-06-19 17:00:20.903,1781906420903,145.3891,5.8,0,0,0
2026-06-19 17:00:20.942,1781906420942,145.3891,5.8,0,0,0
2026-06-19 17:00:20.983,1781906420983,145.3891,5.7,0,0,0
2026-06-19 17:00:21.022,1781906421022,145.3891,5.9,0,0,0
2026-06-19 17:00:21.063,1781906421063,126.4020,5.8,0,0,0
2026-06-19 17:00:21.103,1781906421103,126.4020,5.8,0,0,0
2026-06-19 17:00:21.142,1781906421143,126.4020,5.9,0,0,0
2026-06-19 17:00:21.183,1781906421183,126.4020,5.9,0,0,0
2026-06-19 17:00:21.223,1781906421223,126.4020,5.8,0,0,0
2026-06-19 17:00:21.262,1781906421262,126.4020,5.8,0,0,0
2026-06-19 17:00:21.303,1781906421303,126.4020,5.9,0,0,0
2026-06-19 17:00:21.342,1781906421342,126.9292,5.8,0,0,0
2026-06-19 17:00:21.382,1781906421382,126.9292,5.8,0,0,0
2026-06-19 17:00:21.422,1781906421422,126.9292,5.8,0,0,0
2026-06-19 17:00:21.462,1781906421462,126.9292,5.9,0,0,0
2026-06-19 17:00:21.503,1781906421503,126.9292,5.8,0,0,0
2026-06-19 17:00:21.543,1781906421543,126.9292,5.8,0,0,0
2026-06-19 17:00:21.582,1781906421582,126.1336,5.8,0,0,0
2026-06-19 17:00:21.623,1781906421623,126.1336,5.7,0,0,0
2026-06-19 17:00:21.662,1781906421662,126.1336,5.8,0,0,0
2026-06-19 17:00:21.703,1781906421703,126.1336,5.9,0,0,0
2026-06-19 17:00:21.743,1781906421743,126.1336,5.8,0,0,0
2026-06-19 17:00:21.783,1781906421783,126.1336,5.9,0,0,0
2026-06-19 17:00:21.822,1781906421822,126.1336,5.9,0,0,0
2026-06-19 17:00:21.863,1781906421863,167.7425,5.8,0,0,0
2026-06-19 17:00:21.903,1781906421903,167.7425,5.8,0,0,0
2026-06-19 17:00:21.943,1781906421943,167.7425,5.9,0,0,0
2026-06-19 17:00:21.983,1781906421983,167.7425,5.8,0,0,0
2026-06-19 17:00:22.023,1781906422023,167.7425,5.8,0,0,0
2026-06-19 17:00:22.062,1781906422062,167.7425,5.8,0,0,0
2026-06-19 17:00:22.102,1781906422102,269.3457,5.8,0,0,0
2026-06-19 17:00:22.142,1781906422142,269.3457,5.7,0,0,0
2026-06-19 17:00:22.183,1781906422183,269.3457,5.9,0,0,0
2026-06-19 17:00:22.222,1781906422222,269.3457,5.9,0,0,0
2026-06-19 17:00:22.262,1781906422262,269.3457,5.8,0,0,0
2026-06-19 17:00:22.302,1781906422302,269.3457,5.9,0,0,0
2026-06-19 17:00:22.343,1781906422343,269.3457,5.9,0,0,0
2026-06-19 17:00:22.382,1781906422382,315.7341,5.8,0,0,0
2026-06-19 17:00:22.423,1781906422423,315.7341,5.8,0,0,0
2026-06-19 17:00:22.462,1781906422462,315.7341,5.8,0,0,0
2026-06-19 17:00:22.502,1781906422502,315.7341,5.8,0,0,0
2026-06-19 17:00:22.542,1781906422542,315.7341,5.9,0,0,0
2026-06-19 17:00:22.582,1781906422583,315.7341,5.9,0,0,0
2026-06-19 17:00:22.622,1781906422622,328.7381,5.8,0,0,0
2026-06-19 17:00:22.663,1781906422663,328.7381,5.7,0,0,0
2026-06-19 17:00:22.703,1781906422703,328.7381,5.8,0,0,0
2026-06-19 17:00:22.743,1781906422743,328.7381,5.8,0,0,0
2026-06-19 17:00:22.782,1781906422782,328.7381,5.9,0,0,0
2026-06-19 17:00:22.823,1781906422823,328.7381,5.8,0,0,0
2026-06-19 17:00:22.865,1781906422865,328.7381,5.7,0,0,0
2026-06-19 17:00:22.903,1781906422903,360.3790,5.8,0,0,0
2026-06-19 17:00:22.943,1781906422943,360.3790,5.8,0,0,0
2026-06-19 17:00:22.983,1781906422983,360.3790,5.9,0,0,0
2026-06-19 17:00:23.022,1781906423022,360.3790,5.8,0,0,0
2026-06-19 17:00:23.062,1781906423063,360.3790,5.9,0,0,0
2026-06-19 17:00:23.102,1781906423102,360.3790,5.9,0,0,0
2026-06-19 17:00:23.142,1781906423143,388.9327,5.8,0,0,0
2026-06-19 17:00:23.182,1781906423183,388.9327,5.9,0,0,0
2026-06-19 17:00:23.223,1781906423223,388.9327,5.8,0,0,0
2026-06-19 17:00:23.263,1781906423263,388.9327,5.9,0,0,0
2026-06-19 17:00:23.302,1781906423302,388.9327,5.8,0,0,0
2026-06-19 17:00:23.342,1781906423342,388.9327,5.8,0,0,0
2026-06-19 17:00:23.383,1781906423383,388.9327,5.8,0,0,0
2026-06-19 17:00:23.422,1781906423422,387.5481,5.8,0,0,0
2026-06-19 17:00:23.463,1781906423463,387.5481,5.9,0,0,0
2026-06-19 17:00:23.502,1781906423502,387.5481,5.8,0,0,0
2026-06-19 17:00:23.542,1781906423543,387.5481,5.9,0,0,0
2026-06-19 17:00:23.582,1781906423582,387.5481,5.9,0,0,0
2026-06-19 17:00:23.622,1781906423622,387.5481,5.9,0,0,0
2026-06-19 17:00:23.662,1781906423662,367.2618,5.8,0,0,0
2026-06-19 17:00:23.703,1781906423703,367.2618,5.9,0,0,0
2026-06-19 17:00:23.743,1781906423743,367.2618,5.8,0,0,0
2026-06-19 17:00:23.783,1781906423783,367.2618,5.9,0,0,0
2026-06-19 17:00:23.823,1781906423823,367.2618,5.7,0,0,0
2026-06-19 17:00:23.862,1781906423862,367.2618,5.9,0,0,0
2026-06-19 17:00:23.902,1781906423902,367.2618,5.9,0,0,0
2026-06-19 17:00:23.943,1781906423943,404.3168,5.8,0,0,0
2026-06-19 17:00:23.983,1781906423983,404.3168,5.8,0,0,0
2026-06-19 17:00:24.023,1781906424023,404.3168,5.9,0,0,0
2026-06-19 17:00:24.063,1781906424063,404.3168,5.9,0,0,0
2026-06-19 17:00:24.103,1781906424103,404.3168,5.9,0,0,0
2026-06-19 17:00:24.143,1781906424143,404.3168,5.8,0,0,0
2026-06-19 17:00:24.183,1781906424183,396.0951,5.8,0,0,0
2026-06-19 17:00:24.223,1781906424223,396.0951,5.8,0,0,0
2026-06-19 17:00:24.263,1781906424263,396.0951,5.9,0,0,0
2026-06-19 17:00:24.303,1781906424303,396.0951,5.8,0,0,0
2026-06-19 17:00:24.343,1781906424343,396.0951,5.9,0,0,0
2026-06-19 17:00:24.383,1781906424383,396.0951,5.8,0,0,0
2026-06-19 17:00:24.423,1781906424423,396.0951,5.9,0,0,0
2026-06-19 17:00:24.462,1781906424462,392.2733,5.8,0,0,0
2026-06-19 17:00:24.503,1781906424503,392.2733,5.8,0,0,0
2026-06-19 17:00:24.543,1781906424543,392.2733,5.9,0,0,0
2026-06-19 17:00:24.583,1781906424583,392.2733,5.9,0,0,0
2026-06-19 17:00:24.623,1781906424623,392.2733,5.8,0,0,0
2026-06-19 17:00:24.662,1781906424662,392.2733,5.9,0,0,0
2026-06-19 17:00:24.702,1781906424703,398.1407,5.8,0,0,0
2026-06-19 17:00:24.743,1781906424743,398.1407,5.8,0,0,0
2026-06-19 17:00:24.782,1781906424783,398.1407,5.9,0,0,0
2026-06-19 17:00:24.823,1781906424823,398.1407,5.9,0,0,0
2026-06-19 17:00:24.862,1781906424862,398.1407,5.9,0,0,0
2026-06-19 17:00:24.903,1781906424903,398.1407,5.9,0,0,0
2026-06-19 17:00:24.943,1781906424943,398.1407,5.8,0,0,0
2026-06-19 17:00:24.983,1781906424983,410.3212,5.8,0,0,0
2026-06-19 17:00:25.022,1781906425023,410.3212,5.9,0,0,0
2026-06-19 17:00:25.062,1781906425062,410.3212,5.8,0,0,0
2026-06-19 17:00:25.103,1781906425103,410.3212,5.9,0,0,0
2026-06-19 17:00:25.142,1781906425143,410.3212,5.8,0,0,0
2026-06-19 17:00:25.183,1781906425183,410.3212,5.9,0,0,0
2026-06-19 17:00:25.223,1781906425223,413.6509,5.8,0,0,0
2026-06-19 17:00:25.262,1781906425263,413.6509,5.8,0,0,0
2026-06-19 17:00:25.303,1781906425303,413.6509,5.8,0,0,0
2026-06-19 17:00:25.343,1781906425343,413.6509,5.9,0,0,0
2026-06-19 17:00:25.383,1781906425383,413.6509,5.7,0,0,0
2026-06-19 17:00:25.422,1781906425423,413.6509,5.8,0,0,0
2026-06-19 17:00:25.463,1781906425463,413.6509,5.8,0,0,0
2026-06-19 17:00:25.503,1781906425503,402.7160,5.8,0,0,0
2026-06-19 17:00:25.543,1781906425543,402.7160,5.8,0,0,0
2026-06-19 17:00:25.583,1781906425583,402.7160,5.8,0,0,0
2026-06-19 17:00:25.623,1781906425623,402.7160,5.9,0,0,0
2026-06-19 17:00:25.663,1781906425663,402.7160,5.8,0,0,0
2026-06-19 17:00:25.703,1781906425703,402.7160,5.9,0,0,0
2026-06-19 17:00:25.743,1781906425743,469.1148,5.8,0,0,0
2026-06-19 17:00:25.783,1781906425783,469.1148,5.9,0,0,0
2026-06-19 17:00:25.823,1781906425823,469.1148,5.7,0,0,0
2026-06-19 17:00:25.863,1781906425863,469.1148,5.8,0,0,0
2026-06-19 17:00:25.903,1781906425903,469.1148,5.8,0,0,0
2026-06-19 17:00:25.943,1781906425943,469.1148,5.8,0,0,0
2026-06-19 17:00:25.983,1781906425983,469.1148,5.9,0,0,0
2026-06-19 17:00:26.023,1781906426023,453.0121,5.8,0,0,0
2026-06-19 17:00:26.063,1781906426063,453.0121,5.8,0,0,0
2026-06-19 17:00:26.103,1781906426103,453.0121,5.9,0,0,0
2026-06-19 17:00:26.143,1781906426143,453.0121,5.8,0,0,0
2026-06-19 17:00:26.183,1781906426183,453.0121,5.9,0,0,0
2026-06-19 17:00:26.223,1781906426223,453.0121,5.7,0,0,0
2026-06-19 17:00:26.263,1781906426263,468.4232,5.8,0,0,0
2026-06-19 17:00:26.303,1781906426303,468.4232,5.8,0,0,0
2026-06-19 17:00:26.343,1781906426343,468.4232,5.8,0,0,0
2026-06-19 17:00:26.383,1781906426383,468.4232,5.8,0,0,0
2026-06-19 17:00:26.423,1781906426423,468.4232,5.9,0,0,0
2026-06-19 17:00:26.463,1781906426463,468.4232,5.7,0,0,0
2026-06-19 17:00:26.502,1781906426502,468.4232,5.9,0,0,0
2026-06-19 17:00:26.543,1781906426543,475.5293,5.8,0,0,0
2026-06-19 17:00:26.583,1781906426583,475.5293,5.7,0,0,0
2026-06-19 17:00:26.623,1781906426623,475.5293,5.7,0,0,0
2026-06-19 17:00:26.662,1781906426662,475.5293,5.8,0,0,0
2026-06-19 17:00:26.703,1781906426703,475.5293,5.9,0,0,0
2026-06-19 17:00:26.743,1781906426743,475.5293,5.8,0,0,0
2026-06-19 17:00:26.783,1781906426783,575.9225,5.8,0,0,0
2026-06-19 17:00:26.822,1781906426822,575.9225,5.7,0,0,0
2026-06-19 17:00:26.862,1781906426863,575.9225,5.8,0,0,0
2026-06-19 17:00:26.903,1781906426903,575.9225,5.8,0,0,0
2026-06-19 17:00:26.943,1781906426943,575.9225,5.9,0,0,0
2026-06-19 17:00:26.983,1781906426983,575.9225,5.8,0,0,0
2026-06-19 17:00:27.023,1781906427023,575.9225,5.8,0,0,0
2026-06-19 17:00:27.063,1781906427063,490.6584,5.8,0,0,0
2026-06-19 17:00:27.103,1781906427103,490.6584,5.9,0,0,0
2026-06-19 17:00:27.143,1781906427143,490.6584,5.9,0,0,0
2026-06-19 17:00:27.183,1781906427183,490.6584,5.8,0,0,0
2026-06-19 17:00:27.223,1781906427223,490.6584,6.0,0,0,0
2026-06-19 17:00:27.263,1781906427263,490.6584,5.9,0,0,0
2026-06-19 17:00:27.303,1781906427303,517.4196,5.8,0,0,0
2026-06-19 17:00:27.343,1781906427343,517.4196,5.9,0,0,0
2026-06-19 17:00:27.383,1781906427383,517.4196,5.8,0,0,0
2026-06-19 17:00:27.423,1781906427423,517.4196,5.7,0,0,0
2026-06-19 17:00:27.463,1781906427463,517.4196,5.8,0,0,0
2026-06-19 17:00:27.503,1781906427503,517.4196,5.9,0,0,0
2026-06-19 17:00:27.542,1781906427543,517.4196,5.9,0,0,0
2026-06-19 17:00:27.582,1781906427583,495.6030,5.8,0,0,0
2026-06-19 17:00:27.623,1781906427623,495.6030,5.9,0,0,0
2026-06-19 17:00:27.663,1781906427663,495.6030,5.8,0,0,0
2026-06-19 17:00:27.703,1781906427703,495.6030,5.7,0,0,0
2026-06-19 17:00:27.743,1781906427743,495.6030,5.9,0,0,0
2026-06-19 17:00:27.783,1781906427783,495.6030,5.8,0,0,0
2026-06-19 17:00:27.823,1781906427823,517.8795,5.8,0,0,0
2026-06-19 17:00:27.863,1781906427863,517.8795,5.9,0,0,0
2026-06-19 17:00:27.903,1781906427903,517.8795,5.8,0,0,0
2026-06-19 17:00:27.943,1781906427943,517.8795,5.9,0,0,0
2026-06-19 17:00:27.983,1781906427983,517.8795,5.8,0,0,0
2026-06-19 17:00:28.023,1781906428023,517.8795,5.8,0,0,0
2026-06-19 17:00:28.063,1781906428063,517.8795,5.9,0,0,0
2026-06-19 17:00:28.103,1781906428103,555.4813,5.8,0,0,0
2026-06-19 17:00:28.143,1781906428143,555.4813,5.8,0,0,0
2026-06-19 17:00:28.183,1781906428183,555.4813,5.8,0,0,0
2026-06-19 17:00:28.223,1781906428223,555.4813,5.8,0,0,0
2026-06-19 17:00:28.262,1781906428263,555.4813,5.7,0,0,0
2026-06-19 17:00:28.303,1781906428303,555.4813,5.9,0,0,0
2026-06-19 17:00:28.343,1781906428343,534.9122,5.8,0,0,0
2026-06-19 17:00:28.383,1781906428383,534.9122,5.8,0,0,0
2026-06-19 17:00:28.423,1781906428423,534.9122,5.9,0,0,0
2026-06-19 17:00:28.463,1781906428463,534.9122,5.8,0,0,0
2026-06-19 17:00:28.503,1781906428503,534.9122,5.9,0,0,0
2026-06-19 17:00:28.543,1781906428543,534.9122,5.9,0,0,0
2026-06-19 17:00:28.583,1781906428583,534.9122,5.9,0,0,0
2026-06-19 17:00:28.623,1781906428623,549.9614,5.8,0,0,0
2026-06-19 17:00:28.663,1781906428663,549.9614,5.7,0,0,0
2026-06-19 17:00:28.703,1781906428703,549.9614,5.9,0,0,0
2026-06-19 17:00:28.743,1781906428743,549.9614,5.9,0,0,0
2026-06-19 17:00:28.783,1781906428783,549.9614,5.9,0,0,0
2026-06-19 17:00:28.823,1781906428823,549.9614,5.9,0,0,0
2026-06-19 17:00:28.863,1781906428863,527.9341,5.8,0,0,0
2026-06-19 17:00:28.903,1781906428903,527.9341,5.9,0,0,0
2026-06-19 17:00:28.943,1781906428943,527.9341,5.8,0,0,0
2026-06-19 17:00:28.983,1781906428983,527.9341,5.9,0,0,0
2026-06-19 17:00:29.023,1781906429023,527.9341,5.8,0,0,0
2026-06-19 17:00:29.063,1781906429063,527.9341,5.9,0,0,0
2026-06-19 17:00:29.103,1781906429103,527.9341,5.9,0,0,0
2026-06-19 17:00:29.143,1781906429143,527.4917,5.8,0,0,0
2026-06-19 17:00:29.183,1781906429183,527.4917,5.8,0,0,0
2026-06-19 17:00:29.223,1781906429223,527.4917,5.9,0,0,0
2026-06-19 17:00:29.263,1781906429263,527.4917,5.8,0,0,0
2026-06-19 17:00:29.303,1781906429303,527.4917,5.9,0,0,0
2026-06-19 17:00:29.343,1781906429343,527.4917,5.9,0,0,0
2026-06-19 17:00:29.383,1781906429383,550.7998,5.8,0,0,0
2026-06-19 17:00:29.423,1781906429423,550.7998,5.8,0,0,0
2026-06-19 17:00:29.463,1781906429463,550.7998,5.8,0,0,0
2026-06-19 17:00:29.503,1781906429503,550.7998,5.7,0,0,0
2026-06-19 17:00:29.543,1781906429543,550.7998,5.9,0,0,0
2026-06-19 17:00:29.583,1781906429583,550.7998,5.8,0,0,0
2026-06-19 17:00:29.623,1781906429623,550.7998,5.9,0,0,0
2026-06-19 17:00:29.663,1781906429663,502.0372,5.8,0,0,0
2026-06-19 17:00:29.703,1781906429703,502.0372,5.7,0,0,0
2026-06-19 17:00:29.743,1781906429743,502.0372,5.8,0,0,0
2026-06-19 17:00:29.783,1781906429783,502.0372,5.9,0,0,0
2026-06-19 17:00:29.823,1781906429823,502.0372,5.7,0,0,0
2026-06-19 17:00:29.863,1781906429863,502.0372,5.9,0,0,0
2026-06-19 17:00:29.903,1781906429903,525.6542,5.8,0,0,0
2026-06-19 17:00:29.943,1781906429943,525.6542,5.9,0,0,0
2026-06-19 17:00:29.983,1781906429983,525.6542,5.8,0,0,0
2026-06-19 17:00:30.023,1781906430023,525.6542,5.8,0,0,0
2026-06-19 17:00:30.063,1781906430063,525.6542,5.9,0,0,0
2026-06-19 17:00:30.103,1781906430103,525.6542,5.9,0,0,0
2026-06-19 17:00:30.143,1781906430143,525.6542,5.9,0,0,0
2026-06-19 17:00:30.183,1781906430183,525.3068,5.8,0,0,0
2026-06-19 17:00:30.223,1781906430223,525.3068,5.9,0,0,0
2026-06-19 17:00:30.263,1781906430263,525.3068,5.7,0,0,0
2026-06-19 17:00:30.303,1781906430303,525.3068,5.9,0,0,0
2026-06-19 17:00:30.343,1781906430343,525.3068,5.8,0,0,0
2026-06-19 17:00:30.383,1781906430383,525.3068,5.7,0,0,0
2026-06-19 17:00:30.423,1781906430423,511.2231,5.8,0,0,0
2026-06-19 17:00:30.463,1781906430463,511.2231,5.8,0,0,0
2026-06-19 17:00:30.503,1781906430503,511.2231,5.9,0,0,0
2026-06-19 17:00:30.543,1781906430543,511.2231,5.9,0,0,0
2026-06-19 17:00:30.583,1781906430583,511.2231,6.0,0,0,0
2026-06-19 17:00:30.623,1781906430623,511.2231,5.8,0,0,0
2026-06-19 17:00:30.663,1781906430663,511.2231,5.8,0,0,0
2026-06-19 17:00:30.703,1781906430703,519.7477,5.8,0,0,0
2026-06-19 17:00:30.743,1781906430743,519.7477,5.8,0,0,0
2026-06-19 17:00:30.783,1781906430783,519.7477,5.8,0,0,0
2026-06-19 17:00:30.823,1781906430823,519.7477,5.8,0,0,0
2026-06-19 17:00:30.863,1781906430863,519.7477,5.8,0,0,0
2026-06-19 17:00:30.903,1781906430903,519.7477,5.8,0,0,0
2026-06-19 17:00:30.943,1781906430943,509.1643,5.8,0,0,0
2026-06-19 17:00:30.983,1781906430983,509.1643,5.8,0,0,0
2026-06-19 17:00:31.023,1781906431023,509.1643,5.9,0,0,0
2026-06-19 17:00:31.063,1781906431063,509.1643,5.8,0,0,0
2026-06-19 17:00:31.103,1781906431103,509.1643,5.7,0,0,0
2026-06-19 17:00:31.143,1781906431143,509.1643,5.9,0,0,0
2026-06-19 17:00:31.183,1781906431183,509.1643,5.9,0,0,0
2026-06-19 17:00:31.223,1781906431223,521.3266,5.8,0,0,0
2026-06-19 17:00:31.263,1781906431263,521.3266,5.9,0,0,0
2026-06-19 17:00:31.303,1781906431303,521.3266,5.8,0,0,0
2026-06-19 17:00:31.343,1781906431343,521.3266,5.9,0,0,0
2026-06-19 17:00:31.383,1781906431383,521.3266,5.8,0,0,0
2026-06-19 17:00:31.423,1781906431423,521.3266,5.8,0,0,0
2026-06-19 17:00:31.463,1781906431463,508.4748,5.8,0,0,0
2026-06-19 17:00:31.503,1781906431503,508.4748,5.9,0,0,0
2026-06-19 17:00:31.543,1781906431543,508.4748,5.8,0,0,0
2026-06-19 17:00:31.583,1781906431583,508.4748,5.8,0,0,0
2026-06-19 17:00:31.623,1781906431623,508.4748,5.9,0,0,0
2026-06-19 17:00:31.663,1781906431663,508.4748,5.8,0,0,0
2026-06-19 17:00:31.703,1781906431703,508.4748,5.8,0,0,0
2026-06-19 17:00:31.743,1781906431743,514.5242,5.8,0,0,0
2026-06-19 17:00:31.783,1781906431783,514.5242,5.7,0,0,0
2026-06-19 17:00:31.823,1781906431823,514.5242,6.2,0,0,0
2026-06-19 17:00:31.863,1781906431863,514.5242,5.8,0,0,0
2026-06-19 17:00:31.903,1781906431903,514.5242,5.8,0,0,0
2026-06-19 17:00:31.943,1781906431943,514.5242,5.9,0,0,0
2026-06-19 17:00:31.983,1781906431983,556.3774,5.8,0,0,0
2026-06-19 17:00:32.023,1781906432023,556.3774,5.8,0,0,0
2026-06-19 17:00:32.063,1781906432063,556.3774,5.8,0,0,0
2026-06-19 17:00:32.103,1781906432103,556.3774,5.9,0,0,0
2026-06-19 17:00:32.143,1781906432143,556.3774,5.9,0,0,0
2026-06-19 17:00:32.183,1781906432183,556.3774,5.9,0,0,0
2026-06-19 17:00:32.223,1781906432223,556.3774,5.9,0,0,0
2026-06-19 17:00:32.263,1781906432263,515.6320,5.8,0,0,0
2026-06-19 17:00:32.303,1781906432303,515.6320,5.9,0,0,0
2026-06-19 17:00:32.343,1781906432343,515.6320,5.9,0,0,0
2026-06-19 17:00:32.383,1781906432383,515.6320,5.8,0,0,0
2026-06-19 17:00:32.423,1781906432423,515.6320,5.9,0,0,0
2026-06-19 17:00:32.463,1781906432463,515.6320,5.8,0,0,0
2026-06-19 17:00:32.503,1781906432503,524.0945,5.8,0,0,0
2026-06-19 17:00:32.543,1781906432543,524.0945,5.7,0,0,0
2026-06-19 17:00:32.583,1781906432583,524.0945,5.8,0,0,0
2026-06-19 17:00:32.623,1781906432623,524.0945,5.9,0,0,0
2026-06-19 17:00:32.663,1781906432663,524.0945,5.8,0,0,0
2026-06-19 17:00:32.723,1781906432723,524.0945,-1.0,0,0,0
2026-06-19 17:00:32.783,1781906432783,599.9531,-1.0,0,0,0
2026-06-19 17:00:32.843,1781906432843,599.9531,-1.0,0,0,0
2026-06-19 17:00:32.883,1781906432883,599.9531,5.8,0,0,0
2026-06-19 17:00:32.923,1781906432923,599.9531,5.8,0,0,0
2026-06-19 17:00:32.963,1781906432963,599.9531,5.9,0,0,0
2026-06-19 17:00:33.003,1781906433003,599.9531,5.9,0,0,0
2026-06-19 17:00:33.043,1781906433043,503.6838,5.8,0,0,0
2026-06-19 17:00:33.083,1781906433083,503.6838,5.8,0,0,0
2026-06-19 17:00:33.123,1781906433123,503.6838,5.9,0,1,0
2026-06-19 17:00:33.163,1781906433163,503.6838,5.9,0,1,0
2026-06-19 17:00:33.203,1781906433203,503.6838,5.9,0,0,0
2026-06-19 17:00:33.243,1781906433243,503.6838,5.9,0,1,0
2026-06-19 17:00:33.283,1781906433283,548.3278,5.8,0,1,0
2026-06-19 17:00:33.323,1781906433323,548.3278,5.7,0,1,0
2026-06-19 17:00:33.363,1781906433363,548.3278,6.2,0,1,0
2026-06-19 17:00:33.403,1781906433403,548.3278,5.8,0,1,0
2026-06-19 17:00:33.443,1781906433443,548.3278,5.9,0,1,0
2026-06-19 17:00:33.483,1781906433483,548.3278,5.8,0,0,0
2026-06-19 17:00:33.523,1781906433523,548.3278,5.8,0,1,0
2026-06-19 17:00:33.563,1781906433563,514.5234,6.2,0,1,0
2026-06-19 17:00:33.603,1781906433603,514.5234,5.7,0,1,0
2026-06-19 17:00:33.643,1781906433643,514.5234,5.8,0,1,0
2026-06-19 17:00:33.683,1781906433683,514.5234,6.2,0,1,0
2026-06-19 17:00:33.723,1781906433723,514.5234,6.2,0,1,0
2026-06-19 17:00:33.763,1781906433763,514.5234,6.2,0,1,0
2026-06-19 17:00:33.803,1781906433803,514.1067,6.7,0,1,0
2026-06-19 17:00:33.843,1781906433843,514.1067,6.2,0,1,0
2026-06-19 17:00:33.883,1781906433883,514.1067,6.2,0,0,0
2026-06-19 17:00:33.923,1781906433923,514.1067,6.7,0,1,0
2026-06-19 17:00:33.963,1781906433963,514.1067,6.2,0,0,0
2026-06-19 17:00:34.003,1781906434003,514.1067,6.7,0,1,0
2026-06-19 17:00:34.043,1781906434043,514.1067,5.8,0,0,0
2026-06-19 17:00:34.083,1781906434083,560.4377,5.0,0,1,0
2026-06-19 17:00:34.123,1781906434123,560.4377,5.0,0,1,0
2026-06-19 17:00:34.163,1781906434163,560.4377,6.6,0,1,0
2026-06-19 17:00:34.203,1781906434203,560.4377,5.8,0,1,0
2026-06-19 17:00:34.243,1781906434243,560.4377,5.1,0,1,0
2026-06-19 17:00:34.283,1781906434283,560.4377,5.8,0,1,0
2026-06-19 17:00:34.323,1781906434323,540.7907,5.0,0,1,0
2026-06-19 17:00:34.363,1781906434363,540.7907,5.4,0,1,0
2026-06-19 17:00:34.403,1781906434403,540.7907,5.1,0,0,0
2026-06-19 17:00:34.443,1781906434443,540.7907,5.0,0,0,0
2026-06-19 17:00:34.483,1781906434483,540.7907,5.2,0,0,0
2026-06-19 17:00:34.523,1781906434523,540.7907,5.1,0,0,0
2026-06-19 17:00:34.563,1781906434563,540.7907,5.6,0,0,0
2026-06-19 17:00:34.603,1781906434603,521.7425,5.9,0,0,0
2026-06-19 17:00:34.643,1781906434643,521.7425,6.3,0,0,0
2026-06-19 17:00:34.683,1781906434683,521.7425,6.6,0,0,0
2026-06-19 17:00:34.723,1781906434723,521.7425,7.1,0,0,0
2026-06-19 17:00:34.763,1781906434763,521.7425,6.7,0,0,0
2026-06-19 17:00:34.803,1781906434803,521.7425,6.7,0,0,0
2026-06-19 17:00:34.843,1781906434843,601.6633,6.7,0,0,0
2026-06-19 17:00:34.883,1781906434883,601.6633,6.6,0,0,0
2026-06-19 17:00:34.923,1781906434923,601.6633,6.7,0,0,0
2026-06-19 17:00:34.963,1781906434963,601.6633,7.1,0,0,0
2026-06-19 17:00:35.003,1781906435003,601.6633,6.6,0,0,0
2026-06-19 17:00:35.043,1781906435043,601.6633,7.0,0,0,0
2026-06-19 17:00:35.083,1781906435083,601.6633,6.7,0,0,0
2026-06-19 17:00:35.123,1781906435123,535.4070,6.6,0,0,0
2026-06-19 17:00:35.163,1781906435163,535.4070,6.7,0,0,0
2026-06-19 17:00:35.203,1781906435203,535.4070,6.7,0,0,0
2026-06-19 17:00:35.243,1781906435243,535.4070,6.7,0,0,0
2026-06-19 17:00:35.283,1781906435283,535.4070,6.7,0,0,0
2026-06-19 17:00:35.323,1781906435323,535.4070,6.8,0,0,0
2026-06-19 17:00:35.363,1781906435363,554.9061,6.6,0,0,0
2026-06-19 17:00:35.403,1781906435403,554.9061,6.3,0,0,0
2026-06-19 17:00:35.443,1781906435443,554.9061,6.2,0,0,0
2026-06-19 17:00:35.483,1781906435483,554.9061,6.2,0,0,0
2026-06-19 17:00:35.523,1781906435523,554.9061,6.2,0,0,0
2026-06-19 17:00:35.563,1781906435563,554.9061,6.2,0,0,0
2026-06-19 17:00:35.603,1781906435603,554.9061,5.8,0,0,0
2026-06-19 17:00:35.643,1781906435643,553.7269,6.2,0,0,0
2026-06-19 17:00:35.683,1781906435683,553.7269,5.8,0,0,0
2026-06-19 17:00:35.723,1781906435723,553.7269,5.9,0,0,0
2026-06-19 17:00:35.763,1781906435763,553.7269,5.9,0,0,0
2026-06-19 17:00:35.803,1781906435803,553.7269,5.9,0,0,0
2026-06-19 17:00:35.843,1781906435843,553.7269,5.9,0,1,0
2026-06-19 17:00:35.883,1781906435883,613.0504,5.8,0,1,0
2026-06-19 17:00:35.923,1781906435923,613.0504,5.8,0,1,0
2026-06-19 17:00:35.963,1781906435963,613.0504,5.8,0,1,0
2026-06-19 17:00:36.003,1781906436003,613.0504,5.9,0,1,0
2026-06-19 17:00:36.043,1781906436043,613.0504,5.9,0,1,0
2026-06-19 17:00:36.083,1781906436083,613.0504,6.2,0,1,0
2026-06-19 17:00:36.123,1781906436123,613.0504,6.2,0,1,0
2026-06-19 17:00:36.163,1781906436163,688.9024,6.6,0,1,0
2026-06-19 17:00:36.203,1781906436203,688.9024,6.2,0,1,0
2026-06-19 17:00:36.243,1781906436243,688.9024,6.8,0,1,0
2026-06-19 17:00:36.283,1781906436283,688.9024,6.8,0,1,0
2026-06-19 17:00:36.323,1781906436323,688.9024,6.7,0,1,0
2026-06-19 17:00:36.363,1781906436363,688.9024,6.6,0,1,0
2026-06-19 17:00:36.403,1781906436403,687.3381,6.6,0,1,0
2026-06-19 17:00:36.443,1781906436443,687.3381,6.2,0,1,0
2026-06-19 17:00:36.483,1781906436483,687.3381,6.2,0,1,0
2026-06-19 17:00:36.523,1781906436523,687.3381,6.3,0,1,0
2026-06-19 17:00:36.563,1781906436563,687.3381,6.2,0,1,0
2026-06-19 17:00:36.603,1781906436603,687.3381,6.7,0,1,0
2026-06-19 17:00:36.643,1781906436643,687.3381,6.7,0,1,0
2026-06-19 17:00:36.683,1781906436683,666.4189,6.2,0,1,0
2026-06-19 17:00:36.723,1781906436723,666.4189,6.2,0,1,0
2026-06-19 17:00:36.763,1781906436763,666.4189,6.7,0,1,0
2026-06-19 17:00:36.803,1781906436803,666.4189,6.7,0,1,0
2026-06-19 17:00:36.843,1781906436843,666.4189,6.2,0,1,0
2026-06-19 17:00:36.883,1781906436883,666.4189,5.9,0,0,0
2026-06-19 17:00:36.923,1781906436923,729.3054,5.9,0,0,0
2026-06-19 17:00:36.963,1781906436963,729.3054,5.9,0,0,0
2026-06-19 17:00:37.003,1781906437003,729.3054,5.5,0,0,0
2026-06-19 17:00:37.043,1781906437043,729.3054,6.3,0,0,0
2026-06-19 17:00:37.083,1781906437083,729.3054,6.0,0,0,0
2026-06-19 17:00:37.123,1781906437123,729.3054,6.3,0,0,0
2026-06-19 17:00:37.163,1781906437163,729.3054,6.8,0,0,0
2026-06-19 17:00:37.203,1781906437203,972.1844,6.3,0,0,0
2026-06-19 17:00:37.243,1781906437243,972.1844,6.8,0,0,0
2026-06-19 17:00:37.283,1781906437283,972.1844,6.3,0,0,0
2026-06-19 17:00:37.323,1781906437323,972.1844,6.8,0,0,0
2026-06-19 17:00:37.363,1781906437363,972.1844,6.3,0,0,0
2026-06-19 17:00:37.403,1781906437403,972.1844,6.3,0,0,0
2026-06-19 17:00:37.443,1781906437443,1254.5326,6.3,0,0,0
2026-06-19 17:00:37.483,1781906437483,1254.5326,6.0,0,1,0
2026-06-19 17:00:37.523,1781906437523,1254.5326,6.7,0,0,0
2026-06-19 17:00:37.563,1781906437563,1254.5326,6.0,0,0,0
2026-06-19 17:00:37.603,1781906437603,1254.5326,6.4,0,0,0
2026-06-19 17:00:37.643,1781906437643,1254.5326,6.4,0,0,0
2026-06-19 17:00:37.683,1781906437683,1254.5326,6.4,0,0,0
2026-06-19 17:00:37.723,1781906437723,1544.8646,6.3,0,0,0
2026-06-19 17:00:37.763,1781906437763,1544.8646,6.3,0,0,0
2026-06-19 17:00:37.803,1781906437803,1544.8646,6.3,0,1,0
2026-06-19 17:00:37.843,1781906437843,1544.8646,6.0,0,1,0
2026-06-19 17:00:37.883,1781906437883,1544.8646,5.9,0,1,0
2026-06-19 17:00:37.923,1781906437923,1544.8646,6.0,0,1,0
2026-06-19 17:00:37.963,1781906437963,2171.6238,6.3,0,1,0
2026-06-19 17:00:38.003,1781906438003,2171.6238,6.0,0,1,0
2026-06-19 17:00:38.043,1781906438043,2171.6238,5.9,0,1,0
2026-06-19 17:00:38.083,1781906438083,2171.6238,6.3,0,1,0
2026-06-19 17:00:38.123,1781906438123,2171.6238,6.0,0,1,0
2026-06-19 17:00:38.163,1781906438163,2171.6238,6.0,0,1,0
2026-06-19 17:00:38.203,1781906438203,2171.6238,6.0,0,1,0
2026-06-19 17:00:38.243,1781906438243,2135.7588,5.9,0,1,0
2026-06-19 17:00:38.283,1781906438283,2135.7588,6.0,0,1,0
2026-06-19 17:00:38.323,1781906438323,2135.7588,6.0,0,1,0
2026-06-19 17:00:38.363,1781906438363,2135.7588,6.0,0,1,0
2026-06-19 17:00:38.403,1781906438403,2135.7588,6.0,0,1,0
2026-06-19 17:00:38.443,1781906438443,2135.7588,6.0,0,1,0
2026-06-19 17:00:38.483,1781906438483,1981.8840,5.9,0,1,0
2026-06-19 17:00:38.523,1781906438523,1981.8840,5.8,0,1,0
2026-06-19 17:00:38.563,1781906438563,1981.8840,6.0,0,1,0
2026-06-19 17:00:38.603,1781906438603,1981.8840,6.0,0,1,0
2026-06-19 17:00:38.643,1781906438643,1981.8840,6.0,0,1,0
2026-06-19 17:00:38.683,1781906438683,1981.8840,6.0,0,1,0
2026-06-19 17:00:38.723,1781906438723,1981.8840,6.0,0,1,0
2026-06-19 17:00:38.763,1781906438763,2313.0793,5.9,0,1,0
2026-06-19 17:00:38.803,1781906438803,2313.0793,6.0,0,1,0
2026-06-19 17:00:38.843,1781906438843,2313.0793,5.9,0,1,0
2026-06-19 17:00:38.883,1781906438883,2313.0793,5.5,0,1,0
2026-06-19 17:00:38.923,1781906438923,2313.0793,5.4,0,1,0
2026-06-19 17:00:38.963,1781906438963,2313.0793,5.4,0,1,0
2026-06-19 17:00:39.003,1781906439003,2099.6484,5.5,0,1,0
2026-06-19 17:00:39.043,1781906439043,2099.6484,5.5,0,1,0
2026-06-19 17:00:39.083,1781906439083,2099.6484,5.6,0,1,0
2026-06-19 17:00:39.123,1781906439123,2099.6484,5.9,0,1,0
2026-06-19 17:00:39.163,1781906439163,2099.6484,6.0,0,1,0
2026-06-19 17:00:39.203,1781906439203,2099.6484,5.9,0,1,0
2026-06-19 17:00:39.243,1781906439243,2099.6484,5.5,0,1,0
2026-06-19 17:00:39.283,1781906439283,2273.9932,5.9,0,1,0
2026-06-19 17:00:39.323,1781906439323,2273.9932,5.9,0,1,0
2026-06-19 17:00:39.363,1781906439363,2273.9932,5.9,0,1,0
2026-06-19 17:00:39.403,1781906439403,2273.9932,5.9,0,1,0
2026-06-19 17:00:39.443,1781906439443,2273.9932,6.0,0,1,0
2026-06-19 17:00:39.483,1781906439483,2273.9932,5.9,0,1,0
2026-06-19 17:00:39.523,1781906439523,2058.2610,5.9,0,1,0
2026-06-19 17:00:39.563,1781906439563,2058.2610,5.9,0,1,0
2026-06-19 17:00:39.603,1781906439603,2058.2610,5.4,0,1,0
2026-06-19 17:00:39.643,1781906439643,2058.2610,5.9,0,1,0
2026-06-19 17:00:39.683,1781906439683,2058.2610,5.7,0,1,0
2026-06-19 17:00:39.723,1781906439723,2058.2610,5.9,0,1,0
2026-06-19 17:00:39.763,1781906439763,2058.2610,5.8,0,1,0
2026-06-19 17:00:39.803,1781906439803,2270.4871,5.8,0,1,0
2026-06-19 17:00:39.843,1781906439843,2270.4871,5.7,0,1,0
2026-06-19 17:00:39.883,1781906439883,2270.4871,5.7,0,1,0
2026-06-19 17:00:39.923,1781906439923,2270.4871,5.8,0,1,0
2026-06-19 17:00:39.963,1781906439963,2270.4871,5.9,0,1,0
2026-06-19 17:00:40.003,1781906440003,2270.4871,5.9,0,1,0
2026-06-19 17:00:40.043,1781906440043,2404.8350,5.8,0,1,0
2026-06-19 17:00:40.083,1781906440083,2404.8350,5.9,0,1,0
2026-06-19 17:00:40.123,1781906440123,2404.8350,5.9,0,1,0
2026-06-19 17:00:40.163,1781906440163,2404.8350,5.9,0,1,0
2026-06-19 17:00:40.203,1781906440203,2404.8350,6.0,0,0,0
2026-06-19 17:00:40.243,1781906440243,2404.8350,5.4,0,1,0
2026-06-19 17:00:40.283,1781906440284,2404.8350,5.5,0,1,0
2026-06-19 17:00:40.323,1781906440323,2638.1250,5.5,0,1,0
2026-06-19 17:00:40.363,1781906440363,2638.1250,6.0,0,1,0
2026-06-19 17:00:40.403,1781906440403,2638.1250,5.8,0,1,0
2026-06-19 17:00:40.443,1781906440443,2638.1250,5.8,0,1,0
2026-06-19 17:00:40.483,1781906440483,2638.1250,5.9,0,1,0
2026-06-19 17:00:40.523,1781906440523,2638.1250,5.4,0,1,0
2026-06-19 17:00:40.563,1781906440563,2799.9761,5.5,0,1,0
2026-06-19 17:00:40.603,1781906440603,2799.9761,5.6,0,1,0
2026-06-19 17:00:40.643,1781906440643,2799.9761,5.9,0,1,0
2026-06-19 17:00:40.683,1781906440683,2799.9761,6.0,0,1,0
2026-06-19 17:00:40.723,1781906440723,2799.9761,6.0,0,1,0
2026-06-19 17:00:40.763,1781906440763,2799.9761,6.4,0,1,0
2026-06-19 17:00:40.803,1781906440803,2799.9761,5.9,0,1,0
2026-06-19 17:00:40.843,1781906440843,2501.1270,5.9,0,1,0
2026-06-19 17:00:40.883,1781906440883,2501.1270,6.0,0,1,0
2026-06-19 17:00:40.923,1781906440923,2501.1270,6.0,0,0,0
2026-06-19 17:00:40.963,1781906440963,2501.1270,6.0,0,1,0
2026-06-19 17:00:41.003,1781906441003,2501.1270,6.0,0,1,0
2026-06-19 17:00:41.043,1781906441043,2501.1270,6.0,0,1,0
2026-06-19 17:00:41.083,1781906441083,3541.4507,5.9,0,1,0
2026-06-19 17:00:41.123,1781906441123,3541.4507,5.9,0,1,0
2026-06-19 17:00:41.163,1781906441163,3541.4507,5.8,0,1,0
2026-06-19 17:00:41.203,1781906441203,3541.4507,5.9,0,1,0
2026-06-19 17:00:41.243,1781906441243,3541.4507,5.8,0,1,0
2026-06-19 17:00:41.283,1781906441283,3541.4507,6.1,0,1,0
2026-06-19 17:00:41.323,1781906441323,3541.4507,6.4,0,1,0
2026-06-19 17:00:41.363,1781906441363,3792.7219,6.4,0,1,0
2026-06-19 17:00:41.403,1781906441403,3792.7219,6.9,0,1,0
2026-06-19 17:00:41.443,1781906441443,3792.7219,6.9,0,1,0
2026-06-19 17:00:41.483,1781906441483,3792.7219,7.0,0,1,0
2026-06-19 17:00:41.523,1781906441523,3792.7219,6.9,0,1,0
2026-06-19 17:00:41.563,1781906441563,3792.7219,7.4,0,1,0
2026-06-19 17:00:41.603,1781906441603,3580.2529,7.8,0,1,0
2026-06-19 17:00:41.643,1781906441643,3580.2529,7.8,0,1,0
2026-06-19 17:00:41.683,1781906441683,3580.2529,7.6,0,1,0
2026-06-19 17:00:41.723,1781906441723,3580.2529,7.9,0,1,0
2026-06-19 17:00:41.763,1781906441763,3580.2529,7.4,0,1,0
2026-06-19 17:00:41.803,1781906441803,3580.2529,6.3,0,1,0
2026-06-19 17:00:41.843,1781906441843,3580.2529,6.3,0,1,0
2026-06-19 17:00:41.883,1781906441883,3579.7048,6.3,0,1,0
2026-06-19 17:00:41.923,1781906441923,3579.7048,6.3,0,1,0
2026-06-19 17:00:41.963,1781906441963,3579.7048,6.3,0,1,0
2026-06-19 17:00:42.003,1781906442003,3579.7048,6.4,0,1,0
2026-06-19 17:00:42.043,1781906442043,3579.7048,6.3,0,1,0
2026-06-19 17:00:42.083,1781906442083,3579.7048,6.3,0,1,0
2026-06-19 17:00:42.123,1781906442123,4376.1553,6.3,0,1,0
2026-06-19 17:00:42.163,1781906442163,4376.1553,6.4,0,1,0
2026-06-19 17:00:42.203,1781906442203,4376.1553,6.8,0,1,0
2026-06-19 17:00:42.243,1781906442243,4376.1553,6.3,0,1,0
2026-06-19 17:00:42.284,1781906442284,4376.1553,6.8,0,1,0
2026-06-19 17:00:42.323,1781906442323,4376.1553,6.3,0,1,0
2026-06-19 17:00:42.363,1781906442363,4376.1553,6.9,0,1,0
2026-06-19 17:00:42.403,1781906442403,4485.1016,6.8,0,1,0
2026-06-19 17:00:42.443,1781906442443,4485.1016,7.2,0,1,0
2026-06-19 17:00:42.483,1781906442483,4485.1016,7.2,0,1,0
2026-06-19 17:00:42.523,1781906442523,4485.1016,7.2,0,1,0
2026-06-19 17:00:42.563,1781906442563,4485.1016,6.8,0,1,0
2026-06-19 17:00:42.603,1781906442603,4485.1016,6.8,0,1,0
2026-06-19 17:00:42.643,1781906442643,5177.7222,7.6,0,1,0
2026-06-19 17:00:42.683,1781906442683,5177.7222,7.7,0,1,0
2026-06-19 17:00:42.723,1781906442723,5177.7222,9.0,0,1,0
2026-06-19 17:00:42.763,1781906442763,5177.7222,8.3,0,1,0
2026-06-19 17:00:42.803,1781906442803,5177.7222,7.5,0,1,0
2026-06-19 17:00:42.843,1781906442843,5177.7222,7.0,0,1,0
2026-06-19 17:00:42.883,1781906442883,5177.7222,6.8,0,1,0
2026-06-19 17:00:42.923,1781906442923,4683.1548,7.1,0,1,0
2026-06-19 17:00:42.963,1781906442963,4683.1548,6.7,0,1,0
2026-06-19 17:00:43.003,1781906443003,4683.1548,6.7,0,1,0
2026-06-19 17:00:43.043,1781906443043,4683.1548,6.3,0,1,0
2026-06-19 17:00:43.083,1781906443083,4683.1548,6.3,0,1,0
2026-06-19 17:00:43.123,1781906443123,4683.1548,6.0,0,1,0
2026-06-19 17:00:43.163,1781906443163,3140.1384,6.5,0,1,0
2026-06-19 17:00:43.203,1781906443203,3140.1384,6.9,0,1,0
2026-06-19 17:00:43.243,1781906443243,3140.1384,7.0,0,1,0
2026-06-19 17:00:43.283,1781906443283,3140.1384,7.0,0,1,0
2026-06-19 17:00:43.323,1781906443323,3140.1384,6.7,0,1,0
2026-06-19 17:00:43.363,1781906443363,3140.1384,6.8,0,1,0
2026-06-19 17:00:43.403,1781906443403,3140.1384,6.4,0,1,0
2026-06-19 17:00:43.443,1781906443443,1362.0137,6.4,0,1,0
2026-06-19 17:00:43.483,1781906443483,1362.0137,7.3,0,1,0
2026-06-19 17:00:43.523,1781906443523,1362.0137,7.6,0,1,0
2026-06-19 17:00:43.563,1781906443563,1362.0137,7.6,0,1,0
2026-06-19 17:00:43.603,1781906443603,1362.0137,7.8,0,1,0
2026-06-19 17:00:43.643,1781906443643,1362.0137,7.2,0,1,0
2026-06-19 17:00:43.684,1781906443684,1145.7914,6.3,0,1,0
2026-06-19 17:00:43.724,1781906443724,1145.7914,6.7,0,1,0
2026-06-19 17:00:43.763,1781906443763,1145.7914,6.4,0,1,0
2026-06-19 17:00:43.803,1781906443803,1145.7914,7.3,0,1,0
2026-06-19 17:00:43.843,1781906443843,1145.7914,7.5,0,1,0
2026-06-19 17:00:43.883,1781906443883,1145.7914,7.4,0,1,0
2026-06-19 17:00:43.923,1781906443923,1145.7914,7.5,0,1,0
2026-06-19 17:00:43.963,1781906443963,1192.3447,7.8,0,1,0
2026-06-19 17:00:44.003,1781906444003,1192.3447,7.3,0,1,0
2026-06-19 17:00:44.043,1781906444043,1192.3447,7.3,0,1,0
2026-06-19 17:00:44.083,1781906444083,1192.3447,7.3,0,1,0
2026-06-19 17:00:44.123,1781906444123,1192.3447,7.6,0,1,0
2026-06-19 17:00:44.163,1781906444163,1192.3447,7.8,0,1,0
2026-06-19 17:00:44.203,1781906444203,1002.4080,7.4,0,1,0
2026-06-19 17:00:44.243,1781906444243,1002.4080,7.3,0,1,0
2026-06-19 17:00:44.283,1781906444283,1002.4080,6.9,0,1,0
2026-06-19 17:00:44.323,1781906444323,1002.4080,6.9,0,1,0
2026-06-19 17:00:44.363,1781906444363,1002.4080,6.3,0,1,0
2026-06-19 17:00:44.403,1781906444403,1002.4080,6.8,0,1,0
2026-06-19 17:00:44.443,1781906444443,1002.4080,6.3,0,1,0
2026-06-19 17:00:44.483,1781906444483,903.9371,6.3,0,1,0
2026-06-19 17:00:44.523,1781906444523,903.9371,6.2,0,1,0
2026-06-19 17:00:44.563,1781906444563,903.9371,6.8,0,1,0
2026-06-19 17:00:44.603,1781906444603,903.9371,6.7,0,0,0
2026-06-19 17:00:44.643,1781906444643,903.9371,7.4,0,0,0
2026-06-19 17:00:44.683,1781906444683,903.9371,7.0,0,0,0
2026-06-19 17:00:44.723,1781906444723,1207.1202,7.0,0,0,0
2026-06-19 17:00:44.763,1781906444763,1207.1202,6.9,0,0,0
2026-06-19 17:00:44.803,1781906444803,1207.1202,6.9,0,0,0
2026-06-19 17:00:44.843,1781906444843,1207.1202,6.9,0,0,0
2026-06-19 17:00:44.883,1781906444883,1207.1202,6.9,0,0,0
2026-06-19 17:00:44.923,1781906444924,1207.1202,7.0,0,0,0
2026-06-19 17:00:44.963,1781906444963,1207.1202,6.9,0,0,0
2026-06-19 17:00:45.003,1781906445003,1130.8263,6.9,0,0,0
2026-06-19 17:00:45.043,1781906445043,1130.8263,6.9,0,0,0
2026-06-19 17:00:45.083,1781906445083,1130.8263,6.4,0,0,0
2026-06-19 17:00:45.123,1781906445123,1130.8263,6.5,0,0,0
2026-06-19 17:00:45.163,1781906445163,1130.8263,6.5,0,0,0
2026-06-19 17:00:45.203,1781906445203,1130.8263,6.9,0,0,0
2026-06-19 17:00:45.243,1781906445243,1227.0040,6.4,0,0,0
2026-06-19 17:00:45.283,1781906445283,1227.0040,6.5,0,0,0
2026-06-19 17:00:45.323,1781906445323,1227.0040,6.3,0,0,0
2026-06-19 17:00:45.363,1781906445363,1227.0040,6.4,0,0,0
2026-06-19 17:00:45.403,1781906445403,1227.0040,6.4,0,0,0
2026-06-19 17:00:45.443,1781906445443,1227.0040,6.5,0,0,0
2026-06-19 17:00:45.483,1781906445484,1227.0040,6.4,0,0,0
2026-06-19 17:00:45.523,1781906445523,1220.8822,6.4,0,0,0
2026-06-19 17:00:45.563,1781906445563,1220.8822,6.4,0,0,0
2026-06-19 17:00:45.603,1781906445603,1220.8822,6.4,0,0,0
2026-06-19 17:00:45.643,1781906445643,1220.8822,6.4,0,0,0
2026-06-19 17:00:45.683,1781906445683,1220.8822,6.5,0,0,0
2026-06-19 17:00:45.723,1781906445723,1220.8822,6.4,0,0,0
2026-06-19 17:00:45.763,1781906445763,1203.6504,6.8,0,0,0
2026-06-19 17:00:45.803,1781906445803,1203.6504,6.4,0,0,0
2026-06-19 17:00:45.843,1781906445843,1203.6504,6.4,0,0,0
2026-06-19 17:00:45.884,1781906445884,1203.6504,6.5,0,0,0
2026-06-19 17:00:45.923,1781906445923,1203.6504,6.4,0,0,0
2026-06-19 17:00:45.963,1781906445963,1203.6504,6.4,0,0,0
2026-06-19 17:00:46.003,1781906446003,1203.6504,6.4,0,0,0
2026-06-19 17:00:46.044,1781906446044,1215.1929,6.4,0,0,0
2026-06-19 17:00:46.083,1781906446083,1215.1929,6.4,0,0,0
2026-06-19 17:00:46.123,1781906446123,1215.1929,6.4,0,0,0
2026-06-19 17:00:46.163,1781906446163,1215.1929,6.5,0,0,0
2026-06-19 17:00:46.204,1781906446204,1215.1929,6.5,0,0,0
2026-06-19 17:00:46.244,1781906446244,1215.1929,6.4,0,0,0
2026-06-19 17:00:46.283,1781906446284,1242.6003,6.9,0,0,0
2026-06-19 17:00:46.323,1781906446323,1242.6003,6.9,0,0,0
2026-06-19 17:00:46.363,1781906446363,1242.6003,7.0,0,0,0
2026-06-19 17:00:46.403,1781906446403,1242.6003,7.4,0,0,0
2026-06-19 17:00:46.443,1781906446443,1242.6003,6.7,0,0,0
2026-06-19 17:00:46.483,1781906446483,1242.6003,6.8,0,0,0
2026-06-19 17:00:46.523,1781906446523,1242.6003,6.9,0,0,0
2026-06-19 17:00:46.563,1781906446563,1141.5579,6.9,0,0,0
2026-06-19 17:00:46.604,1781906446604,1141.5579,7.3,0,0,0
2026-06-19 17:00:46.643,1781906446643,1141.5579,7.9,0,0,0
2026-06-19 17:00:46.683,1781906446683,1141.5579,7.1,0,0,0
2026-06-19 17:00:46.723,1781906446723,1141.5579,7.2,0,0,0
2026-06-19 17:00:46.763,1781906446763,1141.5579,7.8,0,1,0
2026-06-19 17:00:46.803,1781906446803,988.9798,7.5,0,1,0
2026-06-19 17:00:46.843,1781906446843,988.9798,8.0,0,1,0
2026-06-19 17:00:46.883,1781906446883,988.9798,7.6,0,1,0
2026-06-19 17:00:46.923,1781906446923,988.9798,7.5,0,1,0
2026-06-19 17:00:46.963,1781906446963,988.9798,7.9,0,1,0
2026-06-19 17:00:47.003,1781906447003,988.9798,8.1,0,0,0
2026-06-19 17:00:47.044,1781906447044,988.9798,7.7,0,0,0
2026-06-19 17:00:47.083,1781906447083,867.5933,6.7,0,0,0
2026-06-19 17:00:47.123,1781906447123,867.5933,7.3,0,1,0
2026-06-19 17:00:47.163,1781906447163,867.5933,6.3,0,1,0
2026-06-19 17:00:47.203,1781906447203,867.5933,7.0,0,1,0
2026-06-19 17:00:47.243,1781906447243,867.5933,6.0,0,1,0
2026-06-19 17:00:47.283,1781906447283,867.5933,6.1,0,0,0
2026-06-19 17:00:47.324,1781906447324,966.3239,5.4,0,0,0
2026-06-19 17:00:47.363,1781906447363,966.3239,5.9,0,0,0
2026-06-19 17:00:47.403,1781906447403,966.3239,5.8,0,0,0
2026-06-19 17:00:47.443,1781906447443,966.3239,5.5,0,1,0
2026-06-19 17:00:47.484,1781906447484,966.3239,5.2,0,0,0
2026-06-19 17:00:47.524,1781906447524,966.3239,5.1,0,0,0
2026-06-19 17:00:47.563,1781906447563,966.3239,5.3,0,0,0
2026-06-19 17:00:47.603,1781906447603,2749.6787,5.2,0,0,0
2026-06-19 17:00:47.644,1781906447644,2749.6787,4.5,0,0,0
2026-06-19 17:00:47.683,1781906447683,2749.6787,5.0,0,0,0
2026-06-19 17:00:47.724,1781906447724,2749.6787,5.0,0,0,0
2026-06-19 17:00:47.764,1781906447764,2749.6787,5.0,0,0,0
2026-06-19 17:00:47.803,1781906447803,2749.6787,4.6,0,0,0
2026-06-19 17:00:47.843,1781906447843,3620.7271,5.0,0,0,0
2026-06-19 17:00:47.883,1781906447883,3620.7271,5.0,0,0,0
2026-06-19 17:00:47.923,1781906447923,3620.7271,5.1,0,0,0
2026-06-19 17:00:47.964,1781906447964,3620.7271,5.5,0,0,0
2026-06-19 17:00:48.003,1781906448003,3620.7271,5.5,0,0,0
2026-06-19 17:00:48.044,1781906448044,3620.7271,5.1,0,0,0
2026-06-19 17:00:48.084,1781906448084,3620.7271,5.7,0,0,0
2026-06-19 17:00:48.124,1781906448124,3108.6807,5.8,0,0,0
2026-06-19 17:00:48.163,1781906448163,3108.6807,5.4,0,0,0
2026-06-19 17:00:48.203,1781906448203,3108.6807,5.1,0,0,0
2026-06-19 17:00:48.243,1781906448243,3108.6807,5.1,0,0,0
2026-06-19 17:00:48.283,1781906448283,3108.6807,6.0,0,0,0
2026-06-19 17:00:48.323,1781906448323,3108.6807,6.0,0,0,0
2026-06-19 17:00:48.364,1781906448364,2080.7634,6.0,0,0,0
2026-06-19 17:00:48.403,1781906448403,2080.7634,5.6,0,0,0
2026-06-19 17:00:48.444,1781906448444,2080.7634,5.5,0,0,0
2026-06-19 17:00:48.483,1781906448484,2080.7634,5.5,0,0,0
2026-06-19 17:00:48.524,1781906448524,2080.7634,5.6,0,0,0
2026-06-19 17:00:48.564,1781906448564,2080.7634,5.5,0,0,0
2026-06-19 17:00:48.604,1781906448604,2080.7634,6.1,0,0,0
2026-06-19 17:00:48.644,1781906448644,1882.9387,5.6,0,0,0
2026-06-19 17:00:48.684,1781906448684,1882.9387,6.1,0,0,0
2026-06-19 17:00:48.724,1781906448724,1882.9387,6.1,0,0,0
2026-06-19 17:00:48.764,1781906448764,1882.9387,6.5,0,0,0
2026-06-19 17:00:48.804,1781906448804,1882.9387,6.5,0,0,0
2026-06-19 17:00:48.843,1781906448843,1882.9387,6.2,0,0,0
2026-06-19 17:00:48.884,1781906448884,1624.2373,6.2,0,0,0
2026-06-19 17:00:48.924,1781906448924,1624.2373,6.2,0,0,0
2026-06-19 17:00:48.963,1781906448963,1624.2373,6.2,0,0,0
2026-06-19 17:00:49.003,1781906449004,1624.2373,6.2,0,0,0
2026-06-19 17:00:49.043,1781906449043,1624.2373,6.2,0,0,0
2026-06-19 17:00:49.083,1781906449084,1624.2373,5.7,0,0,0
2026-06-19 17:00:49.124,1781906449124,1624.2373,5.8,0,0,0
2026-06-19 17:00:49.164,1781906449164,1455.3727,5.9,0,0,0
2026-06-19 17:00:49.204,1781906449204,1455.3727,6.1,0,0,0
2026-06-19 17:00:49.244,1781906449244,1455.3727,5.5,0,0,0
2026-06-19 17:00:49.284,1781906449284,1455.3727,6.0,0,0,0
2026-06-19 17:00:49.324,1781906449324,1455.3727,6.1,0,0,0
2026-06-19 17:00:49.364,1781906449364,1455.3727,6.6,0,0,0
2026-06-19 17:00:49.403,1781906449404,1044.9871,6.5,0,0,0
2026-06-19 17:00:49.444,1781906449444,1044.9871,6.5,0,0,0
2026-06-19 17:00:49.483,1781906449484,1044.9871,6.0,0,0,0
2026-06-19 17:00:49.523,1781906449523,1044.9871,6.0,0,0,0
2026-06-19 17:00:49.563,1781906449564,1044.9871,6.4,0,0,0
2026-06-19 17:00:49.603,1781906449603,1044.9871,6.4,0,0,0
2026-06-19 17:00:49.643,1781906449644,1044.9871,6.0,0,0,0
2026-06-19 17:00:49.683,1781906449683,922.5072,6.0,0,0,0
2026-06-19 17:00:49.723,1781906449723,922.5072,6.0,0,0,0
2026-06-19 17:00:49.763,1781906449763,922.5072,6.1,0,0,0
2026-06-19 17:00:49.803,1781906449804,922.5072,6.4,0,0,0
2026-06-19 17:00:49.844,1781906449844,922.5072,6.0,0,0,0
2026-06-19 17:00:49.884,1781906449884,922.5072,6.1,0,0,0
2026-06-19 17:00:49.924,1781906449924,989.5402,5.9,0,0,0
2026-06-19 17:00:49.964,1781906449964,989.5402,5.1,0,0,0
2026-06-19 17:00:50.003,1781906450003,989.5402,6.0,0,0,0
2026-06-19 17:00:50.043,1781906450043,989.5402,5.9,0,0,0
2026-06-19 17:00:50.083,1781906450083,989.5402,5.5,0,0,0
2026-06-19 17:00:50.124,1781906450124,989.5402,5.1,0,0,0
2026-06-19 17:00:50.163,1781906450164,989.5402,5.4,0,0,0
2026-06-19 17:00:50.203,1781906450203,810.7683,5.9,0,0,0
2026-06-19 17:00:50.244,1781906450244,810.7683,5.8,0,0,0
2026-06-19 17:00:50.283,1781906450283,810.7683,5.9,0,0,0
2026-06-19 17:00:50.323,1781906450323,810.7683,5.9,0,0,0
2026-06-19 17:00:50.363,1781906450363,810.7683,5.9,0,0,0
2026-06-19 17:00:50.403,1781906450403,810.7683,6.3,0,0,0
2026-06-19 17:00:50.443,1781906450444,779.2742,6.2,0,0,0
2026-06-19 17:00:50.484,1781906450484,779.2742,5.7,0,0,0
2026-06-19 17:00:50.524,1781906450524,779.2742,6.2,0,0,0
2026-06-19 17:00:50.564,1781906450564,779.2742,5.9,0,0,0
2026-06-19 17:00:50.603,1781906450603,779.2742,5.9,0,0,0
2026-06-19 17:00:50.643,1781906450643,779.2742,5.9,0,0,0
2026-06-19 17:00:50.683,1781906450683,779.2742,5.4,0,0,0
2026-06-19 17:00:50.723,1781906450723,765.1288,6.2,0,0,0
2026-06-19 17:00:50.763,1781906450763,765.1288,5.9,0,0,0
2026-06-19 17:00:50.803,1781906450803,765.1288,6.2,0,0,0
2026-06-19 17:00:50.844,1781906450844,765.1288,5.8,0,0,0
2026-06-19 17:00:50.884,1781906450884,765.1288,6.2,0,0,0
2026-06-19 17:00:50.923,1781906450923,765.1288,5.7,0,0,0
2026-06-19 17:00:50.964,1781906450964,655.8476,6.2,0,0,0
2026-06-19 17:00:51.004,1781906451004,655.8476,6.1,0,0,0
2026-06-19 17:00:51.044,1781906451044,655.8476,5.6,0,0,0
2026-06-19 17:00:51.083,1781906451083,655.8476,6.1,0,0,0
2026-06-19 17:00:51.123,1781906451123,655.8476,6.1,0,0,0
2026-06-19 17:00:51.163,1781906451164,655.8476,5.7,0,0,0
2026-06-19 17:00:51.203,1781906451203,655.8476,6.1,0,0,0
2026-06-19 17:00:51.244,1781906451244,686.4005,5.6,0,0,0
2026-06-19 17:00:51.284,1781906451284,686.4005,6.1,0,0,0
2026-06-19 17:00:51.324,1781906451324,686.4005,6.4,0,0,0
2026-06-19 17:00:51.364,1781906451364,686.4005,6.1,0,0,0
2026-06-19 17:00:51.404,1781906451404,686.4005,6.1,0,0,0
2026-06-19 17:00:51.443,1781906451443,686.4005,5.5,0,0,0
2026-06-19 17:00:51.484,1781906451484,681.8779,6.0,0,0,0
2026-06-19 17:00:51.524,1781906451524,681.8779,6.0,0,0,0
2026-06-19 17:00:51.564,1781906451564,681.8779,6.0,0,0,0
2026-06-19 17:00:51.604,1781906451604,681.8779,5.5,0,0,0
2026-06-19 17:00:51.644,1781906451644,681.8779,5.6,0,0,0
2026-06-19 17:00:51.683,1781906451684,681.8779,5.6,0,0,0
2026-06-19 17:00:51.724,1781906451724,681.8779,6.0,0,0,0
2026-06-19 17:00:51.764,1781906451764,684.3450,6.0,0,0,0
2026-06-19 17:00:51.803,1781906451803,684.3450,6.1,0,0,0
2026-06-19 17:00:51.843,1781906451843,684.3450,4.7,0,0,0
2026-06-19 17:00:51.884,1781906451884,684.3450,5.9,0,0,0
2026-06-19 17:00:51.924,1781906451924,684.3450,6.0,0,0,0
2026-06-19 17:00:51.964,1781906451964,684.3450,5.6,0,0,0
2026-06-19 17:00:52.004,1781906452004,705.6796,6.0,0,0,0
2026-06-19 17:00:52.044,1781906452044,705.6796,5.4,0,0,0
2026-06-19 17:00:52.084,1781906452084,705.6796,5.5,0,0,0
2026-06-19 17:00:52.124,1781906452124,705.6796,6.1,0,0,0
2026-06-19 17:00:52.163,1781906452163,705.6796,5.1,0,0,0
2026-06-19 17:00:52.204,1781906452204,705.6796,5.6,0,0,0
2026-06-19 17:00:52.244,1781906452244,705.6796,5.6,0,0,0
2026-06-19 17:00:52.284,1781906452284,706.9221,5.6,0,0,0
2026-06-19 17:00:52.324,1781906452324,706.9221,5.6,0,0,0
2026-06-19 17:00:52.363,1781906452363,706.9221,5.5,0,0,0
2026-06-19 17:00:52.403,1781906452403,706.9221,5.6,0,0,0
2026-06-19 17:00:52.443,1781906452444,706.9221,5.6,0,0,0
2026-06-19 17:00:52.484,1781906452484,706.9221,5.1,0,0,0
2026-06-19 17:00:52.524,1781906452524,713.9589,6.0,0,0,0
2026-06-19 17:00:52.564,1781906452564,713.9589,5.1,0,0,0
2026-06-19 17:00:52.604,1781906452604,713.9589,6.1,0,0,0
2026-06-19 17:00:52.643,1781906452643,713.9589,5.8,0,0,0
2026-06-19 17:00:52.684,1781906452684,713.9589,6.1,0,0,0
2026-06-19 17:00:52.724,1781906452724,713.9589,6.1,0,0,0
2026-06-19 17:00:52.764,1781906452764,713.9589,6.1,0,0,0
2026-06-19 17:00:52.804,1781906452804,697.3533,5.6,0,0,0
2026-06-19 17:00:52.844,1781906452844,697.3533,6.1,0,0,0
2026-06-19 17:00:52.884,1781906452884,697.3533,6.0,0,0,0
2026-06-19 17:00:52.923,1781906452923,697.3533,6.1,0,0,0
2026-06-19 17:00:52.964,1781906452964,697.3533,6.0,0,0,0
2026-06-19 17:00:53.003,1781906453003,697.3533,6.1,0,0,0
2026-06-19 17:00:53.043,1781906453043,742.9277,6.1,0,0,0
2026-06-19 17:00:53.084,1781906453084,742.9277,5.3,0,0,0
2026-06-19 17:00:53.124,1781906453124,742.9277,6.2,0,0,0
2026-06-19 17:00:53.164,1781906453164,742.9277,5.9,0,0,0
2026-06-19 17:00:53.204,1781906453204,742.9277,5.4,0,0,0
2026-06-19 17:00:53.244,1781906453244,742.9277,6.2,0,0,0
2026-06-19 17:00:53.284,1781906453284,742.9277,5.9,0,0,0
2026-06-19 17:00:53.324,1781906453324,667.8445,5.0,0,0,0
2026-06-19 17:00:53.364,1781906453364,667.8445,5.9,0,0,0
2026-06-19 17:00:53.403,1781906453404,667.8445,5.4,0,0,0
2026-06-19 17:00:53.443,1781906453443,667.8445,5.1,0,0,0
2026-06-19 17:00:53.484,1781906453484,667.8445,6.1,0,0,0
2026-06-19 17:00:53.524,1781906453524,667.8445,6.9,0,0,0
2026-06-19 17:00:53.564,1781906453564,696.4243,6.4,0,0,0
2026-06-19 17:00:53.603,1781906453604,696.4243,6.6,0,0,0
2026-06-19 17:00:53.644,1781906453644,696.4243,6.5,0,0,0
2026-06-19 17:00:53.683,1781906453683,696.4243,6.0,0,0,0
2026-06-19 17:00:53.724,1781906453724,696.4243,6.4,0,0,0
2026-06-19 17:00:53.764,1781906453764,696.4243,6.5,0,0,0
2026-06-19 17:00:53.804,1781906453804,696.4243,6.6,0,0,0
2026-06-19 17:00:53.844,1781906453844,698.1774,6.1,0,0,0
2026-06-19 17:00:53.884,1781906453884,698.1774,7.0,0,0,0
2026-06-19 17:00:53.924,1781906453924,698.1774,7.0,0,0,0
2026-06-19 17:00:53.964,1781906453964,698.1774,7.0,0,0,0
2026-06-19 17:00:54.004,1781906454004,698.1774,7.0,0,0,0
2026-06-19 17:00:54.044,1781906454044,698.1774,6.6,0,0,0
2026-06-19 17:00:54.084,1781906454084,641.1909,6.6,0,0,0
2026-06-19 17:00:54.124,1781906454124,641.1909,6.6,0,0,0
2026-06-19 17:00:54.164,1781906454164,641.1909,6.7,0,0,0
2026-06-19 17:00:54.204,1781906454204,641.1909,6.2,0,0,0
2026-06-19 17:00:54.244,1781906454244,641.1909,6.7,0,0,0
2026-06-19 17:00:54.284,1781906454284,641.1909,6.3,0,0,0
2026-06-19 17:00:54.324,1781906454324,641.1909,6.3,0,0,0
2026-06-19 17:00:54.364,1781906454364,758.4155,5.9,0,0,0
2026-06-19 17:00:54.404,1781906454404,758.4155,6.3,0,0,0
2026-06-19 17:00:54.444,1781906454444,758.4155,6.3,0,0,0
2026-06-19 17:00:54.484,1781906454484,758.4155,6.7,0,0,0
2026-06-19 17:00:54.524,1781906454524,758.4155,6.6,0,0,0
2026-06-19 17:00:54.564,1781906454564,758.4155,6.7,0,0,0
2026-06-19 17:00:54.604,1781906454604,831.8277,6.6,0,0,0
2026-06-19 17:00:54.644,1781906454644,831.8277,6.5,0,0,0
2026-06-19 17:00:54.684,1781906454684,831.8277,6.7,0,0,0
2026-06-19 17:00:54.724,1781906454724,831.8277,6.3,0,0,0
2026-06-19 17:00:54.764,1781906454764,831.8277,6.3,0,0,0
2026-06-19 17:00:54.803,1781906454803,831.8277,6.3,0,0,0
2026-06-19 17:00:54.844,1781906454844,831.8277,5.9,0,0,0
2026-06-19 17:00:54.884,1781906454884,1377.4866,5.9,0,0,0
2026-06-19 17:00:54.924,1781906454924,1377.4866,6.3,0,0,0
2026-06-19 17:00:54.964,1781906454964,1377.4866,6.4,0,0,0
2026-06-19 17:00:55.004,1781906455004,1377.4866,6.3,0,0,0
2026-06-19 17:00:55.044,1781906455044,1377.4866,6.0,0,0,0
2026-06-19 17:00:55.084,1781906455084,1377.4866,6.4,0,0,0
2026-06-19 17:00:55.124,1781906455124,1274.1814,5.9,0,0,0
2026-06-19 17:00:55.164,1781906455164,1274.1814,6.3,0,0,0
2026-06-19 17:00:55.204,1781906455204,1274.1814,6.3,0,0,0
2026-06-19 17:00:55.244,1781906455244,1274.1814,6.7,0,0,0
2026-06-19 17:00:55.284,1781906455284,1274.1814,6.4,0,0,0
2026-06-19 17:00:55.324,1781906455324,1274.1814,5.9,0,0,0
2026-06-19 17:00:55.364,1781906455364,1274.1814,5.5,0,0,0
2026-06-19 17:00:55.404,1781906455404,975.0178,5.9,0,0,0
2026-06-19 17:00:55.444,1781906455444,975.0178,5.5,0,0,0
2026-06-19 17:00:55.484,1781906455484,975.0178,5.4,0,0,0
2026-06-19 17:00:55.524,1781906455524,975.0178,5.4,0,0,0
2026-06-19 17:00:55.564,1781906455564,975.0178,5.9,0,0,0
2026-06-19 17:00:55.603,1781906455603,975.0178,5.9,0,0,0
2026-06-19 17:00:55.644,1781906455644,963.4479,6.2,0,0,0
2026-06-19 17:00:55.684,1781906455684,963.4479,5.7,0,0,0
2026-06-19 17:00:55.724,1781906455724,963.4479,5.8,0,0,0
2026-06-19 17:00:55.764,1781906455764,963.4479,5.8,0,0,0
2026-06-19 17:00:55.804,1781906455804,963.4479,5.9,0,0,0
2026-06-19 17:00:55.844,1781906455844,963.4479,5.8,0,0,0
2026-06-19 17:00:55.884,1781906455884,963.4479,6.0,0,0,0
2026-06-19 17:00:55.924,1781906455924,947.1069,6.2,0,0,0
2026-06-19 17:00:55.964,1781906455964,947.1069,6.2,0,0,0
2026-06-19 17:00:56.004,1781906456004,947.1069,6.2,0,0,0
2026-06-19 17:00:56.044,1781906456044,947.1069,6.2,0,0,0
2026-06-19 17:00:56.084,1781906456084,947.1069,6.2,0,0,0
2026-06-19 17:00:56.124,1781906456124,947.1069,6.1,0,0,0
2026-06-19 17:00:56.164,1781906456164,1014.0000,6.1,0,0,0
2026-06-19 17:00:56.204,1781906456204,1014.0000,5.6,0,0,0
2026-06-19 17:00:56.244,1781906456244,1014.0000,5.5,0,0,0
2026-06-19 17:00:56.284,1781906456284,1014.0000,5.4,0,0,0
2026-06-19 17:00:56.324,1781906456324,1014.0000,5.4,0,0,0
2026-06-19 17:00:56.364,1781906456364,1014.0000,5.7,0,0,0
2026-06-19 17:00:56.404,1781906456404,1014.0000,5.7,0,0,0
2026-06-19 17:00:56.444,1781906456444,1528.7377,5.1,0,0,0
2026-06-19 17:00:56.484,1781906456484,1528.7377,5.0,0,0,0
2026-06-19 17:00:56.524,1781906456524,1528.7377,5.2,0,0,0
2026-06-19 17:00:56.564,1781906456564,1528.7377,4.6,0,0,0
2026-06-19 17:00:56.604,1781906456604,1528.7377,4.5,0,0,0
2026-06-19 17:00:56.644,1781906456644,1528.7377,4.6,0,0,0
2026-06-19 17:00:56.684,1781906456684,2104.7712,4.6,0,0,0
2026-06-19 17:00:56.724,1781906456724,2104.7712,4.5,0,0,0
2026-06-19 17:00:56.764,1781906456764,2104.7712,4.5,0,0,0
2026-06-19 17:00:56.804,1781906456804,2104.7712,4.6,0,0,0
2026-06-19 17:00:56.844,1781906456844,2104.7712,4.5,0,0,0
2026-06-19 17:00:56.884,1781906456884,2104.7712,4.6,0,0,0
2026-06-19 17:00:56.924,1781906456924,2104.7712,4.0,0,0,0
2026-06-19 17:00:56.964,1781906456964,2118.8452,4.6,0,0,0
2026-06-19 17:00:57.004,1781906457004,2118.8452,4.5,0,0,0
2026-06-19 17:00:57.044,1781906457044,2118.8452,5.0,0,0,0
2026-06-19 17:00:57.084,1781906457084,2118.8452,4.5,0,0,0
2026-06-19 17:00:57.124,1781906457124,2118.8452,4.5,0,0,0
2026-06-19 17:00:57.164,1781906457164,2118.8452,4.4,0,0,0
2026-06-19 17:00:57.204,1781906457204,2005.8372,4.5,0,0,0
2026-06-19 17:00:57.244,1781906457244,2005.8372,4.5,0,0,0
2026-06-19 17:00:57.284,1781906457284,2005.8372,4.9,0,0,0
2026-06-19 17:00:57.324,1781906457324,2005.8372,4.6,0,0,0
2026-06-19 17:00:57.364,1781906457364,2005.8372,4.5,0,0,0
2026-06-19 17:00:57.404,1781906457404,2005.8372,4.5,0,0,0
2026-06-19 17:00:57.444,1781906457444,2005.8372,4.7,0,0,0
2026-06-19 17:00:57.484,1781906457484,1941.6777,4.5,0,0,0
2026-06-19 17:00:57.524,1781906457524,1941.6777,4.5,0,0,0
2026-06-19 17:00:57.564,1781906457564,1941.6777,4.6,0,0,0
2026-06-19 17:00:57.604,1781906457604,1941.6777,5.1,0,0,0
2026-06-19 17:00:57.644,1781906457644,1941.6777,4.5,0,0,0
2026-06-19 17:00:57.684,1781906457684,1941.6777,4.5,0,0,0
2026-06-19 17:00:57.724,1781906457724,2078.6626,4.6,0,0,0
2026-06-19 17:00:57.764,1781906457764,2078.6626,4.6,0,0,0
2026-06-19 17:00:57.804,1781906457804,2078.6626,4.5,0,0,0
2026-06-19 17:00:57.844,1781906457844,2078.6626,4.5,0,0,0
2026-06-19 17:00:57.884,1781906457884,2078.6626,5.0,0,0,0
2026-06-19 17:00:57.924,1781906457924,2078.6626,4.6,0,0,0
2026-06-19 17:00:57.964,1781906457964,2078.6626,4.5,0,0,0
2026-06-19 17:00:58.004,1781906458004,2135.0793,4.5,0,0,0
2026-06-19 17:00:58.044,1781906458044,2135.0793,4.5,0,0,0
2026-06-19 17:00:58.084,1781906458084,2135.0793,4.5,0,0,0
2026-06-19 17:00:58.124,1781906458124,2135.0793,4.5,0,0,0
2026-06-19 17:00:58.164,1781906458164,2135.0793,4.5,0,0,0
2026-06-19 17:00:58.204,1781906458204,2135.0793,4.6,0,0,0
2026-06-19 17:00:58.244,1781906458244,2021.8292,4.5,0,0,0
2026-06-19 17:00:58.284,1781906458284,2021.8292,4.5,0,0,0
2026-06-19 17:00:58.324,1781906458324,2021.8292,4.5,0,0,0
2026-06-19 17:00:58.364,1781906458364,2021.8292,5.0,0,0,0
2026-06-19 17:00:58.404,1781906458404,2021.8292,4.5,0,0,0
2026-06-19 17:00:58.444,1781906458444,2021.8292,5.0,0,0,0
2026-06-19 17:00:58.484,1781906458484,2021.8292,4.5,0,0,0
2026-06-19 17:00:58.524,1781906458524,2062.8140,4.1,0,0,0
2026-06-19 17:00:58.564,1781906458564,2062.8140,4.5,0,0,0
2026-06-19 17:00:58.604,1781906458604,2062.8140,4.5,0,0,0
2026-06-19 17:00:58.644,1781906458644,2062.8140,4.5,0,0,0
2026-06-19 17:00:58.684,1781906458684,2062.8140,4.6,0,0,0
2026-06-19 17:00:58.724,1781906458724,2062.8140,4.5,0,0,0
2026-06-19 17:00:58.764,1781906458764,1961.1528,4.5,0,0,0
2026-06-19 17:00:58.804,1781906458804,1961.1528,5.0,0,0,0
2026-06-19 17:00:58.844,1781906458844,1961.1528,4.5,0,0,0
2026-06-19 17:00:58.884,1781906458884,1961.1528,4.8,0,0,0
2026-06-19 17:00:58.924,1781906458924,1961.1528,5.0,0,0,0
2026-06-19 17:00:58.964,1781906458964,1961.1528,4.7,0,0,0
2026-06-19 17:00:59.004,1781906459004,1961.1528,4.5,0,0,0
2026-06-19 17:00:59.044,1781906459044,2023.0922,4.6,0,0,0
2026-06-19 17:00:59.084,1781906459084,2023.0922,4.5,0,0,0
2026-06-19 17:00:59.124,1781906459124,2023.0922,4.2,0,0,0
2026-06-19 17:00:59.164,1781906459164,2023.0922,4.7,0,0,0
2026-06-19 17:00:59.204,1781906459204,2023.0922,5.2,0,0,0
2026-06-19 17:00:59.244,1781906459244,2023.0922,5.0,0,0,0
2026-06-19 17:00:59.284,1781906459284,1949.5220,4.6,0,0,0
2026-06-19 17:00:59.324,1781906459324,1949.5220,5.6,0,0,0
2026-06-19 17:00:59.364,1781906459364,1949.5220,6.1,0,0,0
2026-06-19 17:00:59.404,1781906459404,1949.5220,5.4,0,0,0
2026-06-19 17:00:59.444,1781906459444,1949.5220,5.4,0,0,0
2026-06-19 17:00:59.484,1781906459484,1949.5220,5.4,0,0,0
2026-06-19 17:00:59.524,1781906459524,1949.5220,5.3,0,0,0
2026-06-19 17:00:59.564,1781906459564,1104.1808,5.7,0,0,0
2026-06-19 17:00:59.604,1781906459604,1104.1808,5.1,0,0,0
2026-06-19 17:00:59.644,1781906459644,1104.1808,4.7,0,0,0
2026-06-19 17:00:59.684,1781906459684,1104.1808,5.2,0,0,0
2026-06-19 17:00:59.724,1781906459724,1104.1808,4.6,0,0,0
2026-06-19 17:00:59.764,1781906459764,1104.1808,4.6,0,0,0
2026-06-19 17:00:59.804,1781906459804,1695.3081,4.5,0,0,0
2026-06-19 17:00:59.844,1781906459844,1695.3081,4.0,0,0,0
2026-06-19 17:00:59.884,1781906459884,1695.3081,4.6,0,0,0
2026-06-19 17:00:59.924,1781906459924,1695.3081,4.3,0,0,0
2026-06-19 17:00:59.964,1781906459964,1695.3081,4.2,0,0,0
2026-06-19 17:01:00.004,1781906460004,1695.3081,4.3,0,0,0
2026-06-19 17:01:00.044,1781906460044,1695.3081,4.2,0,0,0
2026-06-19 17:01:00.084,1781906460084,1949.1356,4.1,0,0,0
2026-06-19 17:01:00.124,1781906460124,1949.1356,4.5,0,0,0
2026-06-19 17:01:00.164,1781906460164,1949.1356,4.0,0,0,0
2026-06-19 17:01:00.204,1781906460204,1949.1356,4.5,0,0,0
2026-06-19 17:01:00.244,1781906460244,1949.1356,4.5,0,0,0
2026-06-19 17:01:00.284,1781906460284,1949.1356,4.3,0,0,0
2026-06-19 17:01:00.324,1781906460324,2002.6506,4.5,0,0,0
2026-06-19 17:01:00.364,1781906460364,2002.6506,4.6,0,0,0
2026-06-19 17:01:00.404,1781906460404,2002.6506,4.5,0,0,0
2026-06-19 17:01:00.444,1781906460444,2002.6506,4.2,0,0,0
2026-06-19 17:01:00.484,1781906460484,2002.6506,4.5,0,1,0
2026-06-19 17:01:00.524,1781906460524,2002.6506,4.5,0,0,0
2026-06-19 17:01:00.564,1781906460564,2002.6506,4.6,0,0,0
2026-06-19 17:01:00.604,1781906460604,2203.7617,4.6,0,0,0
2026-06-19 17:01:00.644,1781906460644,2203.7617,4.0,0,0,0
2026-06-19 17:01:00.684,1781906460684,2203.7617,4.6,0,0,0
2026-06-19 17:01:00.724,1781906460724,2203.7617,4.2,0,0,0
2026-06-19 17:01:00.764,1781906460764,2203.7617,4.2,0,0,0
2026-06-19 17:01:00.804,1781906460804,2203.7617,4.5,0,0,0
2026-06-19 17:01:00.844,1781906460844,2091.3525,4.5,0,0,0
2026-06-19 17:01:00.884,1781906460884,2091.3525,4.6,0,0,0
2026-06-19 17:01:00.924,1781906460924,2091.3525,5.0,0,0,0
2026-06-19 17:01:00.964,1781906460964,2091.3525,4.2,0,0,0
2026-06-19 17:01:01.004,1781906461004,2091.3525,4.2,0,0,0
2026-06-19 17:01:01.044,1781906461044,2091.3525,4.2,0,1,0
2026-06-19 17:01:01.084,1781906461084,2091.3525,4.6,0,0,0
2026-06-19 17:01:01.124,1781906461124,1957.5792,4.1,0,0,0
2026-06-19 17:01:01.164,1781906461164,1957.5792,4.5,0,0,0
2026-06-19 17:01:01.204,1781906461204,1957.5792,4.3,0,0,0
2026-06-19 17:01:01.244,1781906461244,1957.5792,4.3,0,0,0
2026-06-19 17:01:01.284,1781906461284,1957.5792,4.5,0,0,0
2026-06-19 17:01:01.324,1781906461324,1957.5792,4.7,0,0,0
2026-06-19 17:01:01.364,1781906461364,1866.8434,4.2,0,0,0
2026-06-19 17:01:01.404,1781906461404,1866.8434,4.0,0,0,0
2026-06-19 17:01:01.444,1781906461444,1866.8434,4.5,0,0,0
2026-06-19 17:01:01.484,1781906461484,1866.8434,4.2,0,0,0
2026-06-19 17:01:01.524,1781906461524,1866.8434,4.5,0,0,0
2026-06-19 17:01:01.564,1781906461564,1866.8434,4.2,0,1,0
2026-06-19 17:01:01.604,1781906461604,1866.8434,4.5,0,0,0
2026-06-19 17:01:01.644,1781906461644,2039.6724,4.1,0,0,0
2026-06-19 17:01:01.684,1781906461684,2039.6724,4.2,0,0,0
2026-06-19 17:01:01.724,1781906461724,2039.6724,4.2,0,1,0
2026-06-19 17:01:01.764,1781906461764,2039.6724,4.2,0,1,0
2026-06-19 17:01:01.804,1781906461804,2039.6724,4.2,0,0,0
2026-06-19 17:01:01.844,1781906461844,2039.6724,4.6,0,0,0
2026-06-19 17:01:01.884,1781906461884,1975.0444,4.2,0,0,0
2026-06-19 17:01:01.924,1781906461924,1975.0444,4.6,0,0,0
2026-06-19 17:01:01.964,1781906461964,1975.0444,4.7,0,0,0
2026-06-19 17:01:02.004,1781906462004,1975.0444,4.6,0,0,0
2026-06-19 17:01:02.044,1781906462044,1975.0444,5.2,0,0,0
2026-06-19 17:01:02.084,1781906462084,1975.0444,5.3,0,0,0
2026-06-19 17:01:02.124,1781906462124,1975.0444,4.9,0,0,0
2026-06-19 17:01:02.164,1781906462164,2422.7754,5.0,0,0,0
2026-06-19 17:01:02.204,1781906462204,2422.7754,5.1,0,0,0
2026-06-19 17:01:02.244,1781906462244,2422.7754,4.9,0,0,0
2026-06-19 17:01:02.284,1781906462284,2422.7754,4.6,0,0,0
2026-06-19 17:01:02.324,1781906462324,2422.7754,4.5,0,0,0
2026-06-19 17:01:02.364,1781906462364,2422.7754,4.6,0,0,0
2026-06-19 17:01:02.404,1781906462404,2896.8987,4.6,0,0,0
2026-06-19 17:01:02.444,1781906462444,2896.8987,4.9,0,0,0
2026-06-19 17:01:02.484,1781906462484,2896.8987,4.2,0,0,0
2026-06-19 17:01:02.524,1781906462524,2896.8987,5.1,0,0,0
2026-06-19 17:01:02.564,1781906462564,2896.8987,5.1,0,0,0
2026-06-19 17:01:02.604,1781906462604,2896.8987,5.0,0,0,0
2026-06-19 17:01:02.644,1781906462644,2896.8987,5.2,0,0,0
2026-06-19 17:01:02.684,1781906462684,4780.1875,5.6,0,0,0
2026-06-19 17:01:02.724,1781906462724,4780.1875,5.6,0,0,0
2026-06-19 17:01:02.764,1781906462764,4780.1875,5.6,0,0,0
2026-06-19 17:01:02.804,1781906462804,4780.1875,6.1,0,0,0
2026-06-19 17:01:02.844,1781906462844,4780.1875,6.1,0,0,0
2026-06-19 17:01:02.884,1781906462884,4780.1875,6.1,0,0,0
2026-06-19 17:01:02.924,1781906462924,6250.8335,6.1,0,0,0
2026-06-19 17:01:02.964,1781906462964,6250.8335,6.1,0,0,0
2026-06-19 17:01:03.004,1781906463004,6250.8335,6.0,0,0,0
2026-06-19 17:01:03.044,1781906463044,6250.8335,6.2,0,0,0
2026-06-19 17:01:03.084,1781906463084,6250.8335,6.1,0,0,0
2026-06-19 17:01:03.124,1781906463124,6250.8335,6.6,0,0,0
2026-06-19 17:01:03.164,1781906463164,6250.8335,6.6,0,0,0
2026-06-19 17:01:03.204,1781906463204,6214.1641,6.6,0,0,0
2026-06-19 17:01:03.244,1781906463244,6214.1641,7.0,0,0,0
2026-06-19 17:01:03.284,1781906463284,6214.1641,7.0,0,0,0
2026-06-19 17:01:03.324,1781906463324,6214.1641,7.0,0,0,0
2026-06-19 17:01:03.364,1781906463364,6214.1641,7.6,0,0,0
2026-06-19 17:01:03.404,1781906463404,6214.1641,7.0,0,0,0
2026-06-19 17:01:03.444,1781906463444,6470.5303,7.5,0,0,0
2026-06-19 17:01:03.484,1781906463484,6470.5303,7.0,0,0,0
2026-06-19 17:01:03.524,1781906463524,6470.5303,7.0,0,0,0
2026-06-19 17:01:03.564,1781906463564,6470.5303,7.0,0,0,0
2026-06-19 17:01:03.604,1781906463604,6470.5303,7.0,0,0,0
2026-06-19 17:01:03.644,1781906463644,6470.5303,7.0,0,0,0
2026-06-19 17:01:03.684,1781906463684,6470.5303,7.1,0,0,0
2026-06-19 17:01:03.724,1781906463724,7460.3154,7.5,0,0,0
2026-06-19 17:01:03.764,1781906463764,7460.3154,7.4,0,0,0
2026-06-19 17:01:03.804,1781906463804,7460.3154,7.5,0,0,0
2026-06-19 17:01:03.844,1781906463844,7460.3154,6.6,0,0,0
2026-06-19 17:01:03.884,1781906463884,7460.3154,7.0,0,0,0
2026-06-19 17:01:03.924,1781906463924,7460.3154,7.0,0,0,0
2026-06-19 17:01:03.964,1781906463964,6769.3062,7.5,0,0,0
2026-06-19 17:01:04.004,1781906464004,6769.3062,7.1,0,0,0
2026-06-19 17:01:04.044,1781906464044,6769.3062,7.1,0,0,0
2026-06-19 17:01:04.084,1781906464084,6769.3062,6.7,0,0,0
2026-06-19 17:01:04.124,1781906464124,6769.3062,7.0,0,0,0
2026-06-19 17:01:04.164,1781906464164,6769.3062,6.7,0,0,0
2026-06-19 17:01:04.204,1781906464204,6769.3062,6.3,0,0,0
2026-06-19 17:01:04.244,1781906464244,7215.0083,5.9,0,0,0
2026-06-19 17:01:04.284,1781906464284,7215.0083,6.0,0,0,0
2026-06-19 17:01:04.324,1781906464324,7215.0083,6.9,0,0,0
2026-06-19 17:01:04.364,1781906464364,7215.0083,7.9,0,0,0
2026-06-19 17:01:04.404,1781906464404,7215.0083,7.6,0,0,0
2026-06-19 17:01:04.444,1781906464444,7215.0083,6.8,0,0,0
2026-06-19 17:01:04.484,1781906464484,5339.3916,7.7,0,0,0
2026-06-19 17:01:04.524,1781906464524,5339.3916,8.2,0,0,0
2026-06-19 17:01:04.564,1781906464564,5339.3916,8.2,0,0,0
2026-06-19 17:01:04.604,1781906464604,5339.3916,7.8,0,0,0
2026-06-19 17:01:04.644,1781906464644,5339.3916,8.0,0,0,0
2026-06-19 17:01:04.684,1781906464684,5339.3916,8.5,0,0,0
2026-06-19 17:01:04.724,1781906464724,5339.3916,8.4,0,0,0
2026-06-19 17:01:04.764,1781906464764,1976.5444,9.1,0,0,0
2026-06-19 17:01:04.804,1781906464804,1976.5444,8.3,0,0,0
2026-06-19 17:01:04.844,1781906464844,1976.5444,7.5,0,0,0
2026-06-19 17:01:04.884,1781906464884,1976.5444,7.9,0,0,0
2026-06-19 17:01:04.924,1781906464924,1976.5444,7.6,0,0,0
2026-06-19 17:01:04.964,1781906464964,1976.5444,8.3,0,0,0
2026-06-19 17:01:05.004,1781906465004,1826.1151,8.2,0,0,0
2026-06-19 17:01:05.044,1781906465044,1826.1151,8.3,0,0,0
2026-06-19 17:01:05.084,1781906465084,1826.1151,8.2,0,0,0
2026-06-19 17:01:05.124,1781906465124,1826.1151,8.7,0,0,0
2026-06-19 17:01:05.164,1781906465164,1826.1151,8.6,0,0,0
2026-06-19 17:01:05.204,1781906465204,1826.1151,8.2,0,0,0
2026-06-19 17:01:05.244,1781906465244,1826.1151,7.3,0,0,0
2026-06-19 17:01:05.284,1781906465284,2480.5249,7.7,0,0,0
2026-06-19 17:01:05.324,1781906465324,2480.5249,7.3,0,0,0
2026-06-19 17:01:05.364,1781906465364,2480.5249,7.2,0,0,0
2026-06-19 17:01:05.404,1781906465404,2480.5249,7.2,0,0,0
2026-06-19 17:01:05.444,1781906465444,2480.5249,7.0,0,0,0
2026-06-19 17:01:05.484,1781906465484,2480.5249,7.8,0,0,0
2026-06-19 17:01:05.524,1781906465524,3064.8066,5.9,0,0,0
2026-06-19 17:01:05.564,1781906465564,3064.8066,5.9,0,0,0
2026-06-19 17:01:05.604,1781906465604,3064.8066,6.3,0,0,0
2026-06-19 17:01:05.644,1781906465644,3064.8066,6.3,0,0,0
2026-06-19 17:01:05.684,1781906465684,3064.8066,6.3,0,0,0
2026-06-19 17:01:05.724,1781906465724,3064.8066,6.2,0,0,0
2026-06-19 17:01:05.764,1781906465764,3064.8066,7.0,0,0,0
2026-06-19 17:01:05.804,1781906465804,7229.0903,7.1,0,0,0
2026-06-19 17:01:05.844,1781906465844,7229.0903,6.5,0,0,0
2026-06-19 17:01:05.884,1781906465884,7229.0903,7.4,0,0,0
2026-06-19 17:01:05.924,1781906465924,7229.0903,6.7,0,0,0
2026-06-19 17:01:05.964,1781906465964,7229.0903,7.1,0,0,0
2026-06-19 17:01:06.004,1781906466004,7229.0903,7.0,0,0,0
2026-06-19 17:01:06.044,1781906466044,6481.0967,7.0,0,0,0
2026-06-19 17:01:06.084,1781906466084,6481.0967,6.9,0,0,0
2026-06-19 17:01:06.124,1781906466124,6481.0967,7.0,0,0,0
2026-06-19 17:01:06.164,1781906466164,6481.0967,6.9,0,0,0
2026-06-19 17:01:06.204,1781906466204,6481.0967,7.0,0,0,0
2026-06-19 17:01:06.244,1781906466244,6481.0967,6.9,0,0,0
2026-06-19 17:01:06.284,1781906466284,6481.0967,6.9,0,0,0
2026-06-19 17:01:06.324,1781906466324,6891.5742,6.9,0,0,0
2026-06-19 17:01:06.364,1781906466364,6891.5742,6.9,0,0,0
2026-06-19 17:01:06.404,1781906466404,6891.5742,6.9,0,0,0
2026-06-19 17:01:06.444,1781906466444,6891.5742,7.0,0,0,0
2026-06-19 17:01:06.484,1781906466484,6891.5742,7.0,0,0,0
2026-06-19 17:01:06.524,1781906466524,6891.5742,7.5,0,0,0
2026-06-19 17:01:06.564,1781906466564,7060.0659,6.6,0,0,0
2026-06-19 17:01:06.604,1781906466604,7060.0659,7.0,0,0,0
2026-06-19 17:01:06.644,1781906466644,7060.0659,7.0,0,0,0
2026-06-19 17:01:06.684,1781906466684,7060.0659,7.1,0,0,0
2026-06-19 17:01:06.724,1781906466724,7060.0659,7.0,0,0,0
2026-06-19 17:01:06.764,1781906466764,7060.0659,7.0,0,0,0
2026-06-19 17:01:06.804,1781906466804,7060.0659,6.2,0,0,0
2026-06-19 17:01:06.844,1781906466844,7196.5161,6.7,0,0,0
2026-06-19 17:01:06.884,1781906466884,7196.5161,6.3,0,0,0
2026-06-19 17:01:06.924,1781906466924,7196.5161,7.1,0,0,0
2026-06-19 17:01:06.964,1781906466964,7196.5161,11.4,0,0,0
2026-06-19 17:01:07.004,1781906467004,7196.5161,8.4,0,0,0
2026-06-19 17:01:07.044,1781906467044,7196.5161,7.5,0,0,0
2026-06-19 17:01:07.084,1781906467084,6627.0405,7.9,0,0,0
2026-06-19 17:01:07.124,1781906467124,6627.0405,7.9,0,0,0
2026-06-19 17:01:07.164,1781906467164,6627.0405,7.9,0,0,0
2026-06-19 17:01:07.204,1781906467204,6627.0405,7.4,0,0,0
2026-06-19 17:01:07.244,1781906467244,6627.0405,7.5,0,0,0
2026-06-19 17:01:07.284,1781906467284,6627.0405,7.9,0,0,0
2026-06-19 17:01:07.324,1781906467324,6627.0405,7.0,0,0,0
2026-06-19 17:01:07.364,1781906467364,6996.4297,7.9,0,0,0
2026-06-19 17:01:07.404,1781906467404,6996.4297,7.6,0,0,0
2026-06-19 17:01:07.444,1781906467444,6996.4297,8.7,0,0,0
2026-06-19 17:01:07.484,1781906467484,6996.4297,7.4,0,0,0
2026-06-19 17:01:07.524,1781906467524,6996.4297,7.9,0,0,0
2026-06-19 17:01:07.564,1781906467564,6996.4297,7.0,0,0,0
2026-06-19 17:01:07.604,1781906467604,6641.9028,7.1,0,0,0
2026-06-19 17:01:07.644,1781906467644,6641.9028,7.9,0,0,0
2026-06-19 17:01:07.684,1781906467684,6641.9028,7.9,0,0,0
2026-06-19 17:01:07.724,1781906467724,6641.9028,7.4,0,0,0
2026-06-19 17:01:07.764,1781906467764,6641.9028,7.9,0,0,0
2026-06-19 17:01:07.804,1781906467804,6641.9028,7.5,0,0,0
2026-06-19 17:01:07.844,1781906467844,6641.9028,7.9,0,0,0
2026-06-19 17:01:07.884,1781906467884,6529.1836,7.9,0,0,0
2026-06-19 17:01:07.924,1781906467924,6529.1836,7.6,0,0,0
2026-06-19 17:01:07.964,1781906467964,6529.1836,7.5,0,0,0
2026-06-19 17:01:08.004,1781906468004,6529.1836,7.6,0,0,0
2026-06-19 17:01:08.044,1781906468044,6529.1836,7.0,0,0,0
2026-06-19 17:01:08.084,1781906468084,6529.1836,7.9,0,0,0
2026-06-19 17:01:08.124,1781906468124,7201.7046,7.5,0,0,0
2026-06-19 17:01:08.164,1781906468164,7201.7046,7.9,0,0,0
2026-06-19 17:01:08.204,1781906468204,7201.7046,7.5,0,0,0
2026-06-19 17:01:08.245,1781906468245,7201.7046,7.1,0,0,0
2026-06-19 17:01:08.284,1781906468284,7201.7046,7.7,0,0,0
2026-06-19 17:01:08.324,1781906468324,7201.7046,7.6,0,0,0
2026-06-19 17:01:08.364,1781906468364,7201.7046,7.1,0,0,0
2026-06-19 17:01:08.404,1781906468404,6837.3555,7.5,0,0,0
2026-06-19 17:01:08.444,1781906468444,6837.3555,7.5,0,0,0
2026-06-19 17:01:08.484,1781906468484,6837.3555,7.5,0,0,0
2026-06-19 17:01:08.524,1781906468524,6837.3555,7.4,0,0,0
2026-06-19 17:01:08.564,1781906468564,6837.3555,7.4,0,0,0
2026-06-19 17:01:08.604,1781906468604,6837.3555,7.1,0,0,0
2026-06-19 17:01:08.644,1781906468644,6598.0474,7.5,0,0,0
2026-06-19 17:01:08.684,1781906468684,6598.0474,7.9,0,0,0
2026-06-19 17:01:08.724,1781906468724,6598.0474,8.0,0,0,0
2026-06-19 17:01:08.764,1781906468764,6598.0474,8.5,0,0,0
2026-06-19 17:01:08.804,1781906468804,6598.0474,8.4,0,0,0
2026-06-19 17:01:08.844,1781906468844,6598.0474,7.4,0,0,0
2026-06-19 17:01:08.884,1781906468884,6598.0474,7.4,0,0,0
2026-06-19 17:01:08.924,1781906468924,6905.5166,7.5,0,0,0
2026-06-19 17:01:08.964,1781906468964,6905.5166,7.1,0,0,0
2026-06-19 17:01:09.004,1781906469004,6905.5166,7.5,0,0,0
2026-06-19 17:01:09.044,1781906469044,6905.5166,7.5,0,0,0
2026-06-19 17:01:09.084,1781906469084,6905.5166,7.6,0,0,0
2026-06-19 17:01:09.124,1781906469124,6905.5166,7.6,0,0,0
2026-06-19 17:01:09.164,1781906469164,7209.2354,8.4,0,0,0
2026-06-19 17:01:09.204,1781906469204,7209.2354,8.3,0,0,0
2026-06-19 17:01:09.244,1781906469244,7209.2354,8.4,0,0,0
2026-06-19 17:01:09.284,1781906469284,7209.2354,7.6,0,0,0
2026-06-19 17:01:09.324,1781906469324,7209.2354,7.1,0,0,0
2026-06-19 17:01:09.364,1781906469364,7209.2354,7.1,0,0,0
2026-06-19 17:01:09.404,1781906469404,7209.2354,7.1,0,0,0
2026-06-19 17:01:09.444,1781906469444,6728.3735,7.5,0,0,0
2026-06-19 17:01:09.484,1781906469484,6728.3735,7.1,0,0,0
2026-06-19 17:01:09.524,1781906469524,6728.3735,6.2,0,0,0
2026-06-19 17:01:09.564,1781906469564,6728.3735,6.3,0,0,0
2026-06-19 17:01:09.604,1781906469604,6728.3735,5.4,0,0,0
2026-06-19 17:01:09.644,1781906469644,6728.3735,6.0,0,0,0
2026-06-19 17:01:09.684,1781906469684,6436.1577,6.5,0,0,0
2026-06-19 17:01:09.724,1781906469724,6436.1577,6.5,0,0,0
2026-06-19 17:01:09.764,1781906469764,6436.1577,6.5,0,0,0
2026-06-19 17:01:09.804,1781906469804,6436.1577,6.4,0,0,0
2026-06-19 17:01:09.844,1781906469844,6436.1577,6.2,0,0,0
2026-06-19 17:01:09.884,1781906469884,6436.1577,5.9,0,0,0
2026-06-19 17:01:09.924,1781906469924,6436.1577,5.8,0,0,0
2026-06-19 17:01:09.966,1781906469966,4438.8608,5.8,0,0,0
2026-06-19 17:01:10.004,1781906470004,4438.8608,6.3,0,0,0
2026-06-19 17:01:10.044,1781906470045,4438.8608,6.2,0,0,0
2026-06-19 17:01:10.084,1781906470084,4438.8608,6.1,0,0,0
2026-06-19 17:01:10.124,1781906470124,4438.8608,6.1,0,0,0
2026-06-19 17:01:10.164,1781906470164,4438.8608,6.2,0,0,0
2026-06-19 17:01:10.204,1781906470204,3768.6934,6.2,0,0,0
2026-06-19 17:01:10.244,1781906470244,3768.6934,6.2,0,0,0
2026-06-19 17:01:10.284,1781906470284,3768.6934,6.2,0,0,0
2026-06-19 17:01:10.324,1781906470324,3768.6934,6.2,0,0,0
2026-06-19 17:01:10.364,1781906470364,3768.6934,6.2,0,0,0
2026-06-19 17:01:10.404,1781906470404,3768.6934,6.2,0,0,0
2026-06-19 17:01:10.444,1781906470444,3768.6934,6.2,0,0,0
2026-06-19 17:01:10.484,1781906470484,4266.1724,6.2,0,0,0
2026-06-19 17:01:10.524,1781906470524,4266.1724,6.1,0,0,0
2026-06-19 17:01:10.564,1781906470564,4266.1724,6.6,0,0,0
2026-06-19 17:01:10.604,1781906470604,4266.1724,6.0,0,0,0
2026-06-19 17:01:10.644,1781906470644,4266.1724,6.1,0,0,0
2026-06-19 17:01:10.684,1781906470684,4266.1724,6.5,0,0,0
2026-06-19 17:01:10.724,1781906470724,4190.7549,6.4,0,0,0
2026-06-19 17:01:10.764,1781906470764,4190.7549,6.1,0,0,0
2026-06-19 17:01:10.804,1781906470804,4190.7549,6.1,0,0,0
2026-06-19 17:01:10.844,1781906470844,4190.7549,6.1,0,0,0
2026-06-19 17:01:10.884,1781906470884,4190.7549,6.1,0,0,0
2026-06-19 17:01:10.924,1781906470924,4190.7549,6.1,0,0,0
2026-06-19 17:01:10.964,1781906470964,4190.7549,6.0,0,0,0
2026-06-19 17:01:11.004,1781906471004,4120.2012,6.1,0,0,0
2026-06-19 17:01:11.044,1781906471044,4120.2012,6.1,0,0,0
2026-06-19 17:01:11.084,1781906471084,4120.2012,6.1,0,0,0
2026-06-19 17:01:11.124,1781906471124,4120.2012,6.0,0,0,0
2026-06-19 17:01:11.164,1781906471164,4120.2012,6.1,0,0,0
2026-06-19 17:01:11.204,1781906471204,4120.2012,6.1,0,0,0
2026-06-19 17:01:11.244,1781906471244,3963.8223,5.5,0,0,0
2026-06-19 17:01:11.284,1781906471284,3963.8223,5.0,0,0,0
2026-06-19 17:01:11.324,1781906471324,3963.8223,5.7,0,0,0
2026-06-19 17:01:11.364,1781906471364,3963.8223,5.2,0,0,0
2026-06-19 17:01:11.404,1781906471404,3963.8223,5.1,0,0,0
2026-06-19 17:01:11.444,1781906471444,3963.8223,5.2,0,0,0
2026-06-19 17:01:11.484,1781906471484,3963.8223,5.1,0,0,0
2026-06-19 17:01:11.524,1781906471524,4432.7866,5.4,0,0,0
2026-06-19 17:01:11.564,1781906471564,4432.7866,5.3,0,0,0
2026-06-19 17:01:11.604,1781906471604,4432.7866,5.3,0,0,0
2026-06-19 17:01:11.644,1781906471644,4432.7866,5.2,0,0,0
2026-06-19 17:01:11.684,1781906471684,4432.7866,5.1,0,0,0
2026-06-19 17:01:11.724,1781906471724,4432.7866,4.7,0,0,0
2026-06-19 17:01:11.764,1781906471764,3431.4907,5.1,0,0,0
2026-06-19 17:01:11.804,1781906471804,3431.4907,5.5,0,0,0
2026-06-19 17:01:11.844,1781906471844,3431.4907,6.0,0,0,0
2026-06-19 17:01:11.884,1781906471884,3431.4907,5.9,0,0,0
2026-06-19 17:01:11.924,1781906471924,3431.4907,5.5,0,0,0
2026-06-19 17:01:11.964,1781906471964,3431.4907,5.6,0,0,0
2026-06-19 17:01:12.004,1781906472004,3431.4907,5.6,0,0,0
2026-06-19 17:01:12.044,1781906472044,1729.9705,5.1,0,0,0
2026-06-19 17:01:12.084,1781906472084,1729.9705,5.2,0,0,0
2026-06-19 17:01:12.124,1781906472124,1729.9705,5.2,0,0,0
2026-06-19 17:01:12.164,1781906472164,1729.9705,5.2,0,0,0
2026-06-19 17:01:12.204,1781906472204,1729.9705,5.2,0,0,0
2026-06-19 17:01:12.244,1781906472244,1729.9705,5.1,0,0,0
2026-06-19 17:01:12.284,1781906472284,667.1998,5.1,0,0,0
2026-06-19 17:01:12.324,1781906472324,667.1998,5.5,0,0,0
2026-06-19 17:01:12.364,1781906472364,667.1998,5.6,0,0,0
2026-06-19 17:01:12.404,1781906472404,667.1998,6.1,0,0,0
2026-06-19 17:01:12.444,1781906472444,667.1998,6.1,0,0,0
2026-06-19 17:01:12.484,1781906472484,667.1998,6.0,0,0,0
2026-06-19 17:01:12.524,1781906472524,667.1998,6.1,0,0,0
2026-06-19 17:01:12.564,1781906472564,627.3322,5.7,0,0,0
2026-06-19 17:01:12.604,1781906472604,627.3322,5.8,0,0,0
2026-06-19 17:01:12.644,1781906472644,627.3322,5.7,0,0,0
2026-06-19 17:01:12.684,1781906472684,627.3322,5.6,0,0,0
2026-06-19 17:01:12.724,1781906472724,627.3322,5.6,0,0,0
2026-06-19 17:01:12.764,1781906472764,627.3322,5.3,0,0,0
2026-06-19 17:01:12.804,1781906472804,605.9331,5.3,0,0,0
2026-06-19 17:01:12.844,1781906472844,605.9331,4.9,0,0,0
2026-06-19 17:01:12.884,1781906472884,605.9331,4.7,0,0,0
2026-06-19 17:01:12.924,1781906472924,605.9331,4.8,0,0,0
2026-06-19 17:01:12.964,1781906472964,605.9331,4.8,0,0,0
2026-06-19 17:01:13.004,1781906473004,605.9331,5.2,0,0,0
2026-06-19 17:01:13.044,1781906473044,605.9331,5.2,0,0,0
2026-06-19 17:01:13.084,1781906473084,550.3521,5.3,0,0,0
2026-06-19 17:01:13.124,1781906473124,550.3521,5.7,0,0,0
2026-06-19 17:01:13.164,1781906473164,550.3521,6.5,0,0,0
2026-06-19 17:01:13.204,1781906473204,550.3521,7.0,0,0,0
2026-06-19 17:01:13.244,1781906473244,550.3521,6.2,0,0,0
2026-06-19 17:01:13.284,1781906473284,550.3521,5.8,0,0,0
2026-06-19 17:01:13.324,1781906473324,521.6376,4.6,0,0,0
2026-06-19 17:01:13.364,1781906473364,521.6376,4.6,0,0,0
2026-06-19 17:01:13.404,1781906473404,521.6376,4.5,0,0,0
2026-06-19 17:01:13.444,1781906473444,521.6376,4.2,0,0,0
2026-06-19 17:01:13.484,1781906473484,521.6376,4.2,0,0,0
2026-06-19 17:01:13.524,1781906473524,521.6376,4.0,0,0,0
2026-06-19 17:01:13.564,1781906473564,521.6376,4.3,0,0,0
2026-06-19 17:01:13.604,1781906473604,550.2930,4.2,0,0,0
2026-06-19 17:01:13.644,1781906473644,550.2930,4.2,0,0,0
2026-06-19 17:01:13.684,1781906473684,550.2930,4.2,0,0,0
2026-06-19 17:01:13.724,1781906473724,550.2930,4.2,0,0,0
2026-06-19 17:01:13.764,1781906473764,550.2930,4.3,0,0,0
2026-06-19 17:01:13.804,1781906473804,550.2930,4.2,0,0,0
2026-06-19 17:01:13.844,1781906473844,514.0288,4.6,0,0,0
2026-06-19 17:01:13.884,1781906473884,514.0288,4.5,0,0,0
2026-06-19 17:01:13.924,1781906473924,514.0288,5.0,0,0,0
2026-06-19 17:01:13.964,1781906473964,514.0288,6.2,0,0,0
2026-06-19 17:01:14.004,1781906474004,514.0288,6.7,0,0,0
2026-06-19 17:01:14.044,1781906474044,514.0288,6.2,0,0,0
2026-06-19 17:01:14.084,1781906474084,514.0288,6.7,0,0,0
2026-06-19 17:01:14.124,1781906474124,513.8228,7.0,0,0,0
2026-06-19 17:01:14.164,1781906474164,513.8228,6.9,0,0,0
2026-06-19 17:01:14.204,1781906474204,513.8228,7.0,0,0,0
2026-06-19 17:01:14.244,1781906474244,513.8228,6.1,0,0,0
2026-06-19 17:01:14.284,1781906474284,513.8228,5.8,0,0,0
2026-06-19 17:01:14.324,1781906474324,513.8228,5.8,0,0,0
2026-06-19 17:01:14.364,1781906474364,542.2454,6.1,0,0,0
2026-06-19 17:01:14.404,1781906474404,542.2454,6.4,0,0,0
2026-06-19 17:01:14.444,1781906474444,542.2454,5.5,0,0,0
2026-06-19 17:01:14.484,1781906474484,542.2454,4.8,0,0,0
2026-06-19 17:01:14.524,1781906474524,542.2454,4.8,0,0,0
2026-06-19 17:01:14.564,1781906474564,542.2454,4.7,0,0,0
2026-06-19 17:01:14.604,1781906474604,542.2454,4.3,0,0,0
2026-06-19 17:01:14.644,1781906474644,502.5243,4.2,0,0,0
2026-06-19 17:01:14.684,1781906474684,502.5243,4.3,0,0,0
2026-06-19 17:01:14.724,1781906474724,502.5243,4.3,0,0,0
2026-06-19 17:01:14.764,1781906474764,502.5243,4.2,0,0,0
2026-06-19 17:01:14.804,1781906474804,502.5243,4.7,0,0,0
2026-06-19 17:01:14.844,1781906474844,502.5243,4.6,0,0,0
2026-06-19 17:01:14.884,1781906474884,581.3365,4.6,0,0,0
2026-06-19 17:01:14.924,1781906474924,581.3365,5.0,0,0,0
2026-06-19 17:01:14.964,1781906474964,581.3365,4.9,0,0,0
2026-06-19 17:01:15.004,1781906475004,581.3365,4.9,0,0,0
2026-06-19 17:01:15.044,1781906475044,581.3365,5.0,0,0,0
2026-06-19 17:01:15.084,1781906475084,581.3365,5.3,0,0,0
2026-06-19 17:01:15.124,1781906475124,581.3365,5.6,0,0,0
2026-06-19 17:01:15.164,1781906475164,737.7667,5.6,0,0,0
2026-06-19 17:01:15.204,1781906475204,737.7667,5.7,0,0,0
2026-06-19 17:01:15.244,1781906475244,737.7667,5.2,0,0,0
2026-06-19 17:01:15.284,1781906475284,737.7667,5.2,0,0,0
2026-06-19 17:01:15.324,1781906475324,737.7667,4.7,0,0,0
2026-06-19 17:01:15.364,1781906475364,737.7667,4.7,0,0,0
2026-06-19 17:01:15.404,1781906475404,1661.8707,4.3,0,0,0
2026-06-19 17:01:15.444,1781906475444,1661.8707,4.3,0,0,0
2026-06-19 17:01:15.485,1781906475485,1661.8707,4.3,0,0,0
2026-06-19 17:01:15.524,1781906475525,1661.8707,4.3,0,0,0
2026-06-19 17:01:15.565,1781906475565,1661.8707,4.2,0,0,0
2026-06-19 17:01:15.604,1781906475604,1661.8707,4.3,0,0,0
2026-06-19 17:01:15.644,1781906475644,1661.8707,4.3,0,0,0
2026-06-19 17:01:15.684,1781906475684,4001.2761,4.3,0,0,0
2026-06-19 17:01:15.724,1781906475724,4001.2761,4.3,0,0,0
2026-06-19 17:01:15.764,1781906475764,4001.2761,4.3,0,0,0
2026-06-19 17:01:15.804,1781906475805,4001.2761,4.3,0,0,0
2026-06-19 17:01:15.844,1781906475844,4001.2761,4.3,0,0,0
2026-06-19 17:01:15.884,1781906475884,4001.2761,4.2,0,0,0
2026-06-19 17:01:15.924,1781906475924,4047.7302,4.2,0,0,0
2026-06-19 17:01:15.964,1781906475964,4047.7302,4.3,0,0,0
2026-06-19 17:01:16.004,1781906476004,4047.7302,4.3,0,0,0
2026-06-19 17:01:16.044,1781906476045,4047.7302,4.3,0,0,0
2026-06-19 17:01:16.085,1781906476085,4047.7302,4.2,0,0,0
2026-06-19 17:01:16.125,1781906476125,4047.7302,4.3,0,0,0
2026-06-19 17:01:16.165,1781906476165,4047.7302,4.3,0,0,0
2026-06-19 17:01:16.204,1781906476205,3496.1443,4.3,0,0,0
2026-06-19 17:01:16.244,1781906476244,3496.1443,4.3,0,0,0
2026-06-19 17:01:16.284,1781906476284,3496.1443,4.3,0,0,0
2026-06-19 17:01:16.324,1781906476324,3496.1443,4.3,0,0,0
2026-06-19 17:01:16.364,1781906476364,3496.1443,4.3,0,0,0
2026-06-19 17:01:16.404,1781906476404,3496.1443,4.3,0,0,0
2026-06-19 17:01:16.444,1781906476444,4105.2812,4.3,0,0,0
2026-06-19 17:01:16.485,1781906476485,4105.2812,4.2,0,0,0
2026-06-19 17:01:16.525,1781906476525,4105.2812,4.3,0,0,0
2026-06-19 17:01:16.564,1781906476564,4105.2812,4.4,0,0,0
2026-06-19 17:01:16.604,1781906476604,4105.2812,4.3,0,0,0
2026-06-19 17:01:16.646,1781906476646,4105.2812,4.3,0,0,0
2026-06-19 17:01:16.684,1781906476684,4105.2812,4.4,0,0,0
2026-06-19 17:01:16.724,1781906476724,3945.9106,4.7,0,0,0
2026-06-19 17:01:16.764,1781906476764,3945.9106,4.9,0,0,0
2026-06-19 17:01:16.804,1781906476804,3945.9106,4.9,0,0,0
2026-06-19 17:01:16.844,1781906476844,3945.9106,5.3,0,0,0
2026-06-19 17:01:16.885,1781906476885,3945.9106,4.9,0,0,0
2026-06-19 17:01:16.924,1781906476924,3945.9106,4.9,0,0,0
2026-06-19 17:01:16.965,1781906476965,3363.9392,4.9,0,0,0
2026-06-19 17:01:17.004,1781906477004,3363.9392,4.9,0,0,0
2026-06-19 17:01:17.044,1781906477044,3363.9392,4.9,0,0,0
2026-06-19 17:01:17.085,1781906477085,3363.9392,5.0,0,0,0
2026-06-19 17:01:17.124,1781906477125,3363.9392,4.5,0,0,0
2026-06-19 17:01:17.165,1781906477165,3363.9392,5.0,0,0,0
2026-06-19 17:01:17.205,1781906477205,3363.9392,4.5,0,0,0
2026-06-19 17:01:17.244,1781906477244,3746.1116,4.5,0,0,0
2026-06-19 17:01:17.284,1781906477284,3746.1116,5.0,0,0,0
2026-06-19 17:01:17.325,1781906477325,3746.1116,4.8,0,0,0
2026-06-19 17:01:17.364,1781906477364,3746.1116,4.9,0,0,0
2026-06-19 17:01:17.404,1781906477404,3746.1116,5.0,0,0,0
2026-06-19 17:01:17.444,1781906477444,3746.1116,5.0,0,0,0
2026-06-19 17:01:17.485,1781906477485,3664.2112,4.6,0,0,0
2026-06-19 17:01:17.525,1781906477525,3664.2112,4.5,0,0,0
2026-06-19 17:01:17.565,1781906477565,3664.2112,5.0,0,0,0
2026-06-19 17:01:17.604,1781906477604,3664.2112,5.0,0,0,0
2026-06-19 17:01:17.644,1781906477644,3664.2112,4.9,0,0,0
2026-06-19 17:01:17.684,1781906477684,3664.2112,5.0,0,0,0
2026-06-19 17:01:17.725,1781906477725,3664.2112,4.7,0,0,0
2026-06-19 17:01:17.764,1781906477764,3264.6807,5.1,0,0,0
2026-06-19 17:01:17.804,1781906477805,3264.6807,5.6,0,0,0
2026-06-19 17:01:17.844,1781906477844,3264.6807,5.9,0,1,0
2026-06-19 17:01:17.885,1781906477885,3264.6807,5.5,0,1,0
2026-06-19 17:01:17.925,1781906477925,3264.6807,5.6,0,1,0
2026-06-19 17:01:17.965,1781906477965,3264.6807,5.8,0,1,0
2026-06-19 17:01:18.004,1781906478004,2626.5029,5.7,0,1,0
2026-06-19 17:01:18.045,1781906478045,2626.5029,5.8,0,1,0
2026-06-19 17:01:18.084,1781906478085,2626.5029,5.8,0,0,0
2026-06-19 17:01:18.125,1781906478125,2626.5029,6.2,0,1,0
2026-06-19 17:01:18.164,1781906478164,2626.5029,6.2,0,0,0
2026-06-19 17:01:18.204,1781906478204,2626.5029,5.9,0,0,0
2026-06-19 17:01:18.244,1781906478244,2626.5029,6.2,0,1,0
2026-06-19 17:01:18.285,1781906478285,1970.7622,6.1,0,1,0
2026-06-19 17:01:18.324,1781906478324,1970.7622,6.1,0,0,0
2026-06-19 17:01:18.364,1781906478365,1970.7622,6.0,0,0,0
2026-06-19 17:01:18.404,1781906478404,1970.7622,6.2,0,0,0
2026-06-19 17:01:18.444,1781906478444,1970.7622,6.2,0,0,0
2026-06-19 17:01:18.484,1781906478484,1970.7622,6.1,0,0,0
2026-06-19 17:01:18.525,1781906478525,2177.4041,6.1,0,0,0
2026-06-19 17:01:18.565,1781906478565,2177.4041,6.1,0,0,0
2026-06-19 17:01:18.605,1781906478605,2177.4041,6.0,0,0,0
2026-06-19 17:01:18.644,1781906478644,2177.4041,5.6,0,0,0
2026-06-19 17:01:18.685,1781906478685,2177.4041,5.5,0,0,0
2026-06-19 17:01:18.725,1781906478725,2177.4041,5.4,0,0,0
2026-06-19 17:01:18.765,1781906478765,2177.4041,5.1,0,0,0
2026-06-19 17:01:18.805,1781906478805,1924.0106,5.0,0,0,0
2026-06-19 17:01:18.845,1781906478845,1924.0106,5.4,0,0,0
2026-06-19 17:01:18.885,1781906478885,1924.0106,5.3,0,0,0
2026-06-19 17:01:18.925,1781906478925,1924.0106,5.8,0,0,0
2026-06-19 17:01:18.964,1781906478965,1924.0106,5.2,0,0,0
2026-06-19 17:01:19.005,1781906479005,1924.0106,4.7,0,0,0
2026-06-19 17:01:19.044,1781906479044,3375.8738,4.2,0,0,0
2026-06-19 17:01:19.085,1781906479085,3375.8738,4.2,0,0,0
2026-06-19 17:01:19.124,1781906479124,3375.8738,4.7,0,0,0
2026-06-19 17:01:19.165,1781906479165,3375.8738,4.6,0,0,0
2026-06-19 17:01:19.204,1781906479204,3375.8738,4.7,0,0,0
2026-06-19 17:01:19.245,1781906479245,3375.8738,4.7,0,0,0
2026-06-19 17:01:19.284,1781906479285,3375.8738,4.7,0,0,0
2026-06-19 17:01:19.325,1781906479325,5248.6196,4.7,0,0,0
2026-06-19 17:01:19.365,1781906479365,5248.6196,4.3,0,0,0
2026-06-19 17:01:19.405,1781906479405,5248.6196,4.2,0,0,0
2026-06-19 17:01:19.445,1781906479445,5248.6196,4.2,0,0,0
2026-06-19 17:01:19.485,1781906479485,5248.6196,4.6,0,0,0
2026-06-19 17:01:19.524,1781906479524,5248.6196,4.6,0,0,0
2026-06-19 17:01:19.565,1781906479565,5472.4209,4.2,0,0,0
2026-06-19 17:01:19.604,1781906479604,5472.4209,4.2,0,0,0
2026-06-19 17:01:19.644,1781906479644,5472.4209,4.2,0,0,0
2026-06-19 17:01:19.685,1781906479685,5472.4209,4.3,0,0,0
2026-06-19 17:01:19.725,1781906479725,5472.4209,4.6,0,0,0
2026-06-19 17:01:19.764,1781906479764,5472.4209,4.3,0,0,0
2026-06-19 17:01:19.805,1781906479805,5472.4209,4.3,0,0,0
2026-06-19 17:01:19.845,1781906479845,5467.3911,4.2,0,0,0
2026-06-19 17:01:19.885,1781906479885,5467.3911,4.3,0,0,0
2026-06-19 17:01:19.924,1781906479924,5467.3911,4.7,0,0,0
2026-06-19 17:01:19.965,1781906479965,5467.3911,4.2,0,0,0
2026-06-19 17:01:20.004,1781906480004,5467.3911,4.7,0,0,0
2026-06-19 17:01:20.044,1781906480045,5467.3911,4.8,0,0,0
2026-06-19 17:01:20.085,1781906480085,5223.7910,4.7,0,0,0
2026-06-19 17:01:20.124,1781906480124,5223.7910,4.7,0,0,0
2026-06-19 17:01:20.164,1781906480165,5223.7910,4.2,0,0,0
2026-06-19 17:01:20.205,1781906480205,5223.7910,4.3,0,0,0
2026-06-19 17:01:20.244,1781906480245,5223.7910,4.6,0,0,0
2026-06-19 17:01:20.285,1781906480285,5223.7910,4.7,0,0,0
2026-06-19 17:01:20.325,1781906480325,5223.7910,4.3,0,0,0
2026-06-19 17:01:20.365,1781906480365,5025.1733,4.7,0,0,0
2026-06-19 17:01:20.405,1781906480405,5025.1733,4.8,0,0,0
2026-06-19 17:01:20.445,1781906480445,5025.1733,4.3,0,0,0
2026-06-19 17:01:20.485,1781906480485,5025.1733,4.8,0,0,0
2026-06-19 17:01:20.525,1781906480525,5025.1733,4.7,0,0,0
2026-06-19 17:01:20.564,1781906480564,5025.1733,4.8,0,0,0
2026-06-19 17:01:20.605,1781906480605,5053.7144,4.7,0,0,0
2026-06-19 17:01:20.644,1781906480644,5053.7144,4.6,0,0,0
2026-06-19 17:01:20.684,1781906480684,5053.7144,4.6,0,0,0
2026-06-19 17:01:20.724,1781906480724,5053.7144,4.8,0,0,0
2026-06-19 17:01:20.765,1781906480765,5053.7144,4.2,0,0,0
2026-06-19 17:01:20.805,1781906480805,5053.7144,4.3,0,0,0
2026-06-19 17:01:20.844,1781906480844,5053.7144,4.3,0,0,0
2026-06-19 17:01:20.885,1781906480885,5658.0342,4.6,0,0,0
2026-06-19 17:01:20.925,1781906480925,5658.0342,4.6,0,0,0
2026-06-19 17:01:20.965,1781906480965,5658.0342,4.6,0,0,0
2026-06-19 17:01:21.005,1781906481005,5658.0342,4.7,0,0,0
2026-06-19 17:01:21.045,1781906481045,5658.0342,4.7,0,0,0
2026-06-19 17:01:21.085,1781906481085,5658.0342,4.6,0,0,0
2026-06-19 17:01:21.124,1781906481125,5712.4561,4.2,0,0,0
2026-06-19 17:01:21.165,1781906481165,5712.4561,4.6,0,0,0
2026-06-19 17:01:21.205,1781906481205,5712.4561,4.6,0,0,0
2026-06-19 17:01:21.245,1781906481245,5712.4561,4.6,0,0,0
2026-06-19 17:01:21.284,1781906481284,5712.4561,4.3,0,0,0
2026-06-19 17:01:21.324,1781906481324,5712.4561,4.7,0,0,0
2026-06-19 17:01:21.364,1781906481365,5712.4561,4.8,0,0,0
2026-06-19 17:01:21.405,1781906481405,6148.1802,5.1,0,0,0
2026-06-19 17:01:21.445,1781906481445,6148.1802,5.2,0,0,0
2026-06-19 17:01:21.485,1781906481485,6148.1802,6.4,0,0,0
2026-06-19 17:01:21.525,1781906481525,6148.1802,12.2,0,0,0
2026-06-19 17:01:21.565,1781906481565,6148.1802,9.2,0,0,0
2026-06-19 17:01:21.605,1781906481605,6148.1802,6.7,0,0,0
2026-06-19 17:01:21.645,1781906481645,8218.9336,5.8,0,0,0
2026-06-19 17:01:21.685,1781906481685,8218.9336,5.3,0,0,0
2026-06-19 17:01:21.725,1781906481725,8218.9336,5.0,0,0,0
2026-06-19 17:01:21.764,1781906481764,8218.9336,5.1,0,0,0
2026-06-19 17:01:21.805,1781906481805,8218.9336,4.9,0,0,0
2026-06-19 17:01:21.844,1781906481844,8218.9336,5.0,0,0,0
2026-06-19 17:01:21.885,1781906481885,8218.9336,5.1,0,0,0
2026-06-19 17:01:21.924,1781906481925,6956.5889,4.6,0,0,0
2026-06-19 17:01:21.964,1781906481965,6956.5889,4.5,0,0,0
2026-06-19 17:01:22.005,1781906482005,6956.5889,4.5,0,0,0
2026-06-19 17:01:22.045,1781906482045,6956.5889,4.5,0,0,0
2026-06-19 17:01:22.085,1781906482085,6956.5889,4.5,0,0,0
2026-06-19 17:01:22.125,1781906482125,6956.5889,4.6,0,0,0
2026-06-19 17:01:22.165,1781906482165,3697.4944,4.5,0,0,0
2026-06-19 17:01:22.205,1781906482205,3697.4944,5.0,0,0,0
2026-06-19 17:01:22.245,1781906482245,3697.4944,4.6,0,0,0
2026-06-19 17:01:22.285,1781906482285,3697.4944,5.0,0,0,0
2026-06-19 17:01:22.325,1781906482325,3697.4944,5.0,0,0,0
2026-06-19 17:01:22.365,1781906482365,3697.4944,5.0,0,0,0
2026-06-19 17:01:22.405,1781906482405,3697.4944,5.5,0,0,0
2026-06-19 17:01:22.445,1781906482445,3150.7786,4.9,0,0,0
2026-06-19 17:01:22.484,1781906482484,3150.7786,5.3,0,0,0
2026-06-19 17:01:22.525,1781906482525,3150.7786,5.3,0,0,0
2026-06-19 17:01:22.565,1781906482565,3150.7786,5.2,0,0,0
2026-06-19 17:01:22.605,1781906482605,3150.7786,5.3,0,0,0
2026-06-19 17:01:22.645,1781906482645,3150.7786,5.3,0,0,0
2026-06-19 17:01:22.685,1781906482685,2786.2983,5.3,0,0,0
2026-06-19 17:01:22.725,1781906482725,2786.2983,5.2,0,0,0
2026-06-19 17:01:22.765,1781906482765,2786.2983,5.2,0,0,0
2026-06-19 17:01:22.804,1781906482805,2786.2983,5.2,0,0,0
2026-06-19 17:01:22.845,1781906482845,2786.2983,5.3,0,0,0
2026-06-19 17:01:22.885,1781906482885,2786.2983,5.2,0,0,0
2026-06-19 17:01:22.925,1781906482925,2786.2983,5.3,0,0,0
2026-06-19 17:01:22.965,1781906482965,2775.6917,5.2,0,0,0
2026-06-19 17:01:23.005,1781906483005,2775.6917,4.8,0,0,0
2026-06-19 17:01:23.045,1781906483045,2775.6917,5.2,0,0,0
2026-06-19 17:01:23.085,1781906483085,2775.6917,4.9,0,0,0
2026-06-19 17:01:23.125,1781906483125,2775.6917,5.2,0,0,0
2026-06-19 17:01:23.165,1781906483165,2775.6917,5.2,0,0,0
2026-06-19 17:01:23.204,1781906483205,2406.8416,4.7,0,0,0
2026-06-19 17:01:23.244,1781906483245,2406.8416,5.3,0,0,0
2026-06-19 17:01:23.285,1781906483285,2406.8416,4.8,0,0,0
2026-06-19 17:01:23.325,1781906483325,2406.8416,4.8,0,0,0
2026-06-19 17:01:23.365,1781906483365,2406.8416,5.2,0,0,0
2026-06-19 17:01:23.405,1781906483405,2406.8416,5.2,0,0,0
2026-06-19 17:01:23.445,1781906483445,2406.8416,4.8,0,0,0
2026-06-19 17:01:23.485,1781906483485,2003.9060,4.7,0,0,0
2026-06-19 17:01:23.525,1781906483525,2003.9060,4.8,0,0,0
2026-06-19 17:01:23.565,1781906483565,2003.9060,4.9,0,0,0
2026-06-19 17:01:23.605,1781906483605,2003.9060,5.2,0,0,0
2026-06-19 17:01:23.644,1781906483644,2003.9060,4.7,0,0,0
2026-06-19 17:01:23.685,1781906483685,2003.9060,5.3,0,0,0
2026-06-19 17:01:23.725,1781906483725,2279.5955,4.7,0,0,0
2026-06-19 17:01:23.765,1781906483765,2279.5955,4.7,0,0,0
2026-06-19 17:01:23.805,1781906483805,2279.5955,4.8,0,0,0
2026-06-19 17:01:23.845,1781906483845,2279.5955,4.7,0,0,0
2026-06-19 17:01:23.885,1781906483885,2279.5955,5.2,0,0,0
2026-06-19 17:01:23.925,1781906483925,2279.5955,5.2,0,0,0
2026-06-19 17:01:23.965,1781906483965,2279.5955,4.8,0,0,0
2026-06-19 17:01:24.004,1781906484005,2099.2271,4.7,0,0,0
2026-06-19 17:01:24.045,1781906484045,2099.2271,4.8,0,0,0
2026-06-19 17:01:24.085,1781906484085,2099.2271,5.2,0,0,0
2026-06-19 17:01:24.125,1781906484125,2099.2271,4.9,0,0,0
2026-06-19 17:01:24.165,1781906484165,2099.2271,4.7,0,0,0
2026-06-19 17:01:24.205,1781906484205,2099.2271,5.2,0,0,0
2026-06-19 17:01:24.245,1781906484245,2186.0876,4.7,0,0,0
2026-06-19 17:01:24.285,1781906484285,2186.0876,4.7,0,0,0
2026-06-19 17:01:24.325,1781906484325,2186.0876,5.2,0,0,0
2026-06-19 17:01:24.365,1781906484365,2186.0876,4.6,0,0,0
2026-06-19 17:01:24.405,1781906484405,2186.0876,5.3,0,0,0
2026-06-19 17:01:24.445,1781906484445,2186.0876,5.2,0,0,0
2026-06-19 17:01:24.485,1781906484485,2186.0876,5.2,0,0,0
2026-06-19 17:01:24.525,1781906484525,2124.0059,4.7,0,0,0
2026-06-19 17:01:24.565,1781906484565,2124.0059,4.8,0,0,0
2026-06-19 17:01:24.605,1781906484605,2124.0059,5.2,0,0,0
2026-06-19 17:01:24.645,1781906484645,2124.0059,5.2,0,0,0
2026-06-19 17:01:24.685,1781906484685,2124.0059,5.2,0,0,0
2026-06-19 17:01:24.725,1781906484725,2124.0059,5.1,0,0,0
2026-06-19 17:01:24.765,1781906484765,2026.4740,5.2,0,0,0
2026-06-19 17:01:24.805,1781906484805,2026.4740,5.2,0,0,0
2026-06-19 17:01:24.845,1781906484845,2026.4740,5.2,0,0,0
2026-06-19 17:01:24.885,1781906484885,2026.4740,5.2,0,0,0
2026-06-19 17:01:24.925,1781906484925,2026.4740,4.7,0,0,0
2026-06-19 17:01:24.965,1781906484965,2026.4740,5.2,0,0,0
2026-06-19 17:01:25.005,1781906485005,2026.4740,5.2,0,0,0
2026-06-19 17:01:25.045,1781906485045,2103.2559,5.2,0,0,0
2026-06-19 17:01:25.085,1781906485085,2103.2559,5.2,0,0,0
2026-06-19 17:01:25.125,1781906485125,2103.2559,4.6,0,0,0
2026-06-19 17:01:25.165,1781906485165,2103.2559,5.2,0,0,0
2026-06-19 17:01:25.205,1781906485205,2103.2559,5.2,0,0,0
2026-06-19 17:01:25.245,1781906485245,2103.2559,4.7,0,0,0
2026-06-19 17:01:25.285,1781906485285,2134.1492,5.2,0,0,0
2026-06-19 17:01:25.325,1781906485325,2134.1492,5.3,0,0,0
2026-06-19 17:01:25.365,1781906485365,2134.1492,5.3,0,0,0
2026-06-19 17:01:25.405,1781906485405,2134.1492,4.7,0,0,0
2026-06-19 17:01:25.445,1781906485445,2134.1492,4.8,0,0,0
2026-06-19 17:01:25.485,1781906485485,2134.1492,5.2,0,0,0
2026-06-19 17:01:25.525,1781906485525,2134.1492,5.2,0,0,0
2026-06-19 17:01:25.566,1781906485566,2045.7163,5.2,0,0,0
2026-06-19 17:01:25.605,1781906485605,2045.7163,5.2,0,0,0
2026-06-19 17:01:25.645,1781906485645,2045.7163,5.2,0,0,0
2026-06-19 17:01:25.685,1781906485685,2045.7163,5.2,0,0,0
2026-06-19 17:01:25.725,1781906485725,2045.7163,5.2,0,0,0
2026-06-19 17:01:25.765,1781906485765,2045.7163,5.2,0,0,0
2026-06-19 17:01:25.805,1781906485805,2177.9202,5.2,0,0,0
2026-06-19 17:01:25.845,1781906485845,2177.9202,5.2,0,0,0
2026-06-19 17:01:25.885,1781906485885,2177.9202,5.2,0,0,0
2026-06-19 17:01:25.925,1781906485925,2177.9202,4.7,0,0,0
2026-06-19 17:01:25.965,1781906485965,2177.9202,5.2,0,0,0
2026-06-19 17:01:26.005,1781906486005,2177.9202,5.2,0,0,0
2026-06-19 17:01:26.045,1781906486045,2177.9202,4.9,0,0,0
2026-06-19 17:01:26.085,1781906486085,1975.1952,4.7,0,0,0
2026-06-19 17:01:26.125,1781906486125,1975.1952,4.7,0,0,0
2026-06-19 17:01:26.165,1781906486165,1975.1952,5.2,0,0,0
2026-06-19 17:01:26.205,1781906486205,1975.1952,4.7,0,0,0
2026-06-19 17:01:26.245,1781906486245,1975.1952,5.2,0,0,0
2026-06-19 17:01:26.285,1781906486285,1975.1952,5.2,0,0,0
2026-06-19 17:01:26.325,1781906486325,2241.3418,5.2,0,0,0
2026-06-19 17:01:26.365,1781906486365,2241.3418,4.8,0,0,0
2026-06-19 17:01:26.405,1781906486405,2241.3418,4.8,0,0,0
2026-06-19 17:01:26.445,1781906486445,2241.3418,4.6,0,0,0
2026-06-19 17:01:26.485,1781906486485,2241.3418,4.8,0,0,0
2026-06-19 17:01:26.525,1781906486525,2241.3418,4.9,0,0,0
2026-06-19 17:01:26.565,1781906486565,2241.3418,5.2,0,0,0
2026-06-19 17:01:26.605,1781906486605,2108.3398,5.2,0,0,0
2026-06-19 17:01:26.645,1781906486645,2108.3398,5.2,0,0,0
2026-06-19 17:01:26.685,1781906486685,2108.3398,5.2,0,0,0
2026-06-19 17:01:26.725,1781906486725,2108.3398,5.2,0,0,0
2026-06-19 17:01:26.765,1781906486765,2108.3398,5.3,0,0,0
2026-06-19 17:01:26.805,1781906486805,2108.3398,5.3,0,0,0
2026-06-19 17:01:26.845,1781906486845,2082.2249,5.0,0,0,0
2026-06-19 17:01:26.885,1781906486885,2082.2249,4.5,0,0,0
2026-06-19 17:01:26.925,1781906486925,2082.2249,5.1,0,0,0
2026-06-19 17:01:26.965,1781906486965,2082.2249,5.6,0,0,0
2026-06-19 17:01:27.005,1781906487005,2082.2249,5.5,0,0,0
2026-06-19 17:01:27.045,1781906487045,2082.2249,6.1,0,0,0
2026-06-19 17:01:27.085,1781906487085,2082.2249,6.2,0,0,0
2026-06-19 17:01:27.125,1781906487125,1438.8851,5.8,0,0,0
2026-06-19 17:01:27.165,1781906487165,1438.8851,5.9,0,0,0
2026-06-19 17:01:27.205,1781906487205,1438.8851,5.5,0,0,0
2026-06-19 17:01:27.245,1781906487245,1438.8851,7.0,0,0,0
2026-06-19 17:01:27.285,1781906487285,1438.8851,6.7,0,0,0
2026-06-19 17:01:27.325,1781906487325,1438.8851,6.2,0,0,0
2026-06-19 17:01:27.365,1781906487365,919.5947,6.2,0,0,0
2026-06-19 17:01:27.405,1781906487405,919.5947,6.7,0,0,0
2026-06-19 17:01:27.445,1781906487445,919.5947,6.3,0,0,0
2026-06-19 17:01:27.485,1781906487485,919.5947,6.7,0,0,0
2026-06-19 17:01:27.525,1781906487525,919.5947,6.7,0,0,0
2026-06-19 17:01:27.565,1781906487565,919.5947,6.9,0,0,0
2026-06-19 17:01:27.605,1781906487605,919.5947,6.4,0,0,0
2026-06-19 17:01:27.645,1781906487645,871.9462,6.4,0,0,0
2026-06-19 17:01:27.685,1781906487685,871.9462,6.0,0,0,0
2026-06-19 17:01:27.725,1781906487725,871.9462,5.7,0,0,0
2026-06-19 17:01:27.765,1781906487765,871.9462,5.5,0,0,0
2026-06-19 17:01:27.805,1781906487805,871.9462,5.4,0,0,0
2026-06-19 17:01:27.845,1781906487845,871.9462,5.4,0,0,0
2026-06-19 17:01:27.885,1781906487885,1078.2284,5.9,0,0,0
2026-06-19 17:01:27.925,1781906487925,1078.2284,5.9,0,0,0
2026-06-19 17:01:27.965,1781906487965,1078.2284,5.9,0,0,0
2026-06-19 17:01:28.005,1781906488005,1078.2284,5.1,0,0,0
2026-06-19 17:01:28.045,1781906488045,1078.2284,5.9,0,0,0
2026-06-19 17:01:28.085,1781906488085,1078.2284,6.2,0,0,0
2026-06-19 17:01:28.125,1781906488125,1078.2284,5.7,0,0,0
2026-06-19 17:01:28.165,1781906488165,1094.9987,6.1,0,0,0
2026-06-19 17:01:28.205,1781906488205,1094.9987,5.7,0,0,0
2026-06-19 17:01:28.245,1781906488245,1094.9987,5.2,0,0,0
2026-06-19 17:01:28.285,1781906488285,1094.9987,5.6,0,0,0
2026-06-19 17:01:28.325,1781906488325,1094.9987,5.6,0,0,0
2026-06-19 17:01:28.365,1781906488365,1094.9987,5.5,0,0,0
2026-06-19 17:01:28.405,1781906488405,1893.9755,5.9,0,0,0
2026-06-19 17:01:28.445,1781906488445,1893.9755,5.4,0,0,0
2026-06-19 17:01:28.485,1781906488485,1893.9755,6.3,0,0,0
2026-06-19 17:01:28.525,1781906488525,1893.9755,6.3,0,0,0
2026-06-19 17:01:28.565,1781906488565,1893.9755,5.5,0,0,0
2026-06-19 17:01:28.605,1781906488605,1893.9755,7.2,0,0,0
2026-06-19 17:01:28.645,1781906488645,1893.9755,7.7,0,0,0
2026-06-19 17:01:28.685,1781906488685,3298.9697,11.8,0,0,0
2026-06-19 17:01:28.725,1781906488725,3298.9697,8.7,0,0,0
2026-06-19 17:01:28.765,1781906488765,3298.9697,8.8,0,0,0
2026-06-19 17:01:28.805,1781906488805,3298.9697,10.0,0,0,0
2026-06-19 17:01:28.845,1781906488845,3298.9697,9.2,0,0,0
2026-06-19 17:01:28.885,1781906488885,3298.9697,10.5,0,0,0
2026-06-19 17:01:28.925,1781906488925,3570.6223,10.0,0,0,0
2026-06-19 17:01:28.965,1781906488965,3570.6223,11.4,0,0,0
2026-06-19 17:01:29.005,1781906489005,3570.6223,10.8,0,0,0
2026-06-19 17:01:29.045,1781906489045,3570.6223,8.3,0,0,0
2026-06-19 17:01:29.085,1781906489085,3570.6223,6.5,0,0,0
2026-06-19 17:01:29.125,1781906489125,3570.6223,6.4,0,0,0
2026-06-19 17:01:29.165,1781906489165,3570.6223,6.7,0,0,0
2026-06-19 17:01:29.205,1781906489205,3720.9102,6.2,0,0,0
2026-06-19 17:01:29.245,1781906489245,3720.9102,6.2,0,0,0
2026-06-19 17:01:29.285,1781906489285,3720.9102,6.6,0,0,0
2026-06-19 17:01:29.325,1781906489325,3720.9102,5.7,0,0,0
2026-06-19 17:01:29.365,1781906489365,3720.9102,5.7,0,0,0
2026-06-19 17:01:29.405,1781906489405,3720.9102,5.7,0,0,0
2026-06-19 17:01:29.445,1781906489445,3929.8467,5.3,0,0,0
2026-06-19 17:01:29.485,1781906489485,3929.8467,5.6,0,0,0
2026-06-19 17:01:29.525,1781906489525,3929.8467,5.6,0,0,0
2026-06-19 17:01:29.565,1781906489565,3929.8467,5.6,0,0,0
2026-06-19 17:01:29.605,1781906489605,3929.8467,5.7,0,0,0
2026-06-19 17:01:29.645,1781906489645,3929.8467,5.7,0,0,0
2026-06-19 17:01:29.685,1781906489685,3929.8467,6.1,0,0,0
2026-06-19 17:01:29.725,1781906489725,2638.9775,6.1,0,0,0
2026-06-19 17:01:29.765,1781906489765,2638.9775,6.1,0,0,0
2026-06-19 17:01:29.805,1781906489805,2638.9775,6.6,0,0,0
2026-06-19 17:01:29.845,1781906489845,2638.9775,6.6,0,0,0
2026-06-19 17:01:29.885,1781906489885,2638.9775,6.2,0,0,0
2026-06-19 17:01:29.925,1781906489925,2638.9775,6.2,0,0,0
2026-06-19 17:01:29.965,1781906489965,2073.6018,6.6,0,0,0
2026-06-19 17:01:30.005,1781906490005,2073.6018,7.0,0,0,0
2026-06-19 17:01:30.045,1781906490045,2073.6018,6.6,0,0,0
2026-06-19 17:01:30.085,1781906490085,2073.6018,6.7,0,0,0
2026-06-19 17:01:30.125,1781906490125,2073.6018,5.9,0,0,0
2026-06-19 17:01:30.165,1781906490165,2073.6018,6.8,0,0,0
2026-06-19 17:01:30.205,1781906490205,2073.6018,6.3,0,0,0
2026-06-19 17:01:30.245,1781906490245,1721.1766,7.4,0,0,0
2026-06-19 17:01:30.285,1781906490285,1721.1766,7.0,0,0,0
2026-06-19 17:01:30.325,1781906490325,1721.1766,7.3,0,0,0
2026-06-19 17:01:30.365,1781906490365,1721.1766,6.9,0,0,0
2026-06-19 17:01:30.405,1781906490405,1721.1766,6.4,0,0,0
2026-06-19 17:01:30.445,1781906490445,1721.1766,6.9,0,0,0
2026-06-19 17:01:30.485,1781906490485,1744.2966,6.9,0,0,0
2026-06-19 17:01:30.525,1781906490525,1744.2966,6.9,0,0,0
2026-06-19 17:01:30.565,1781906490565,1744.2966,6.9,0,0,0
2026-06-19 17:01:30.605,1781906490605,1744.2966,6.9,0,0,0
2026-06-19 17:01:30.645,1781906490645,1744.2966,6.5,0,0,0
2026-06-19 17:01:30.685,1781906490685,1744.2966,6.9,0,0,0
2026-06-19 17:01:30.725,1781906490725,1744.2966,6.8,0,0,0
2026-06-19 17:01:30.765,1781906490765,1760.1901,6.4,0,0,0
2026-06-19 17:01:30.805,1781906490805,1760.1901,6.9,0,0,0
2026-06-19 17:01:30.845,1781906490845,1760.1901,6.9,0,0,0
2026-06-19 17:01:30.885,1781906490885,1760.1901,6.9,0,0,0
2026-06-19 17:01:30.925,1781906490925,1760.1901,6.9,0,0,0
2026-06-19 17:01:30.965,1781906490965,1760.1901,6.4,0,0,0
2026-06-19 17:01:31.005,1781906491005,1989.0011,6.4,0,0,0
2026-06-19 17:01:31.045,1781906491045,1989.0011,6.4,0,0,0
2026-06-19 17:01:31.085,1781906491085,1989.0011,6.9,0,0,0
2026-06-19 17:01:31.125,1781906491125,1989.0011,6.9,0,0,0
2026-06-19 17:01:31.165,1781906491165,1989.0011,7.0,0,0,0
2026-06-19 17:01:31.205,1781906491205,1989.0011,6.9,0,0,0
2026-06-19 17:01:31.245,1781906491245,1989.0011,6.9,0,0,0
2026-06-19 17:01:31.285,1781906491285,1828.3563,6.8,0,0,0
2026-06-19 17:01:31.325,1781906491325,1828.3563,6.4,0,0,0
2026-06-19 17:01:31.365,1781906491365,1828.3563,6.4,0,0,0
2026-06-19 17:01:31.405,1781906491405,1828.3563,6.5,0,0,0
2026-06-19 17:01:31.445,1781906491445,1828.3563,6.4,0,0,0
2026-06-19 17:01:31.485,1781906491485,1828.3563,6.3,0,0,0
2026-06-19 17:01:31.525,1781906491525,1892.4951,5.9,0,0,0
2026-06-19 17:01:31.565,1781906491565,1892.4951,6.0,0,0,0
2026-06-19 17:01:31.605,1781906491605,1892.4951,5.8,0,0,0
2026-06-19 17:01:31.645,1781906491645,1892.4951,5.9,0,0,0
2026-06-19 17:01:31.685,1781906491685,1892.4951,6.1,0,0,0
2026-06-19 17:01:31.725,1781906491725,1892.4951,6.1,0,0,0
2026-06-19 17:01:31.765,1781906491765,1892.4951,6.0,0,0,0
2026-06-19 17:01:31.805,1781906491805,2119.9092,5.6,0,0,0
2026-06-19 17:01:31.845,1781906491845,2119.9092,5.6,0,0,0
2026-06-19 17:01:31.885,1781906491885,2119.9092,5.6,0,0,0
2026-06-19 17:01:31.925,1781906491925,2119.9092,5.7,0,0,0
2026-06-19 17:01:31.965,1781906491965,2119.9092,5.1,0,0,0
2026-06-19 17:01:32.005,1781906492005,2119.9092,5.1,0,0,0
2026-06-19 17:01:32.045,1781906492045,3122.4546,4.6,0,0,0
2026-06-19 17:01:32.085,1781906492085,3122.4546,4.7,0,0,0
2026-06-19 17:01:32.125,1781906492125,3122.4546,4.8,0,0,0
2026-06-19 17:01:32.165,1781906492165,3122.4546,5.2,0,0,0
2026-06-19 17:01:32.205,1781906492205,3122.4546,5.2,0,0,0
2026-06-19 17:01:32.245,1781906492245,3122.4546,4.9,0,0,0
2026-06-19 17:01:32.285,1781906492285,3122.4546,5.1,0,0,0
2026-06-19 17:01:32.325,1781906492325,4258.8789,5.5,0,0,0
2026-06-19 17:01:32.365,1781906492365,4258.8789,6.6,0,0,0
2026-06-19 17:01:32.405,1781906492405,4258.8789,5.4,0,0,0
2026-06-19 17:01:32.445,1781906492445,4258.8789,7.8,0,0,0
2026-06-19 17:01:32.485,1781906492485,4258.8789,12.2,0,0,0
2026-06-19 17:01:32.525,1781906492525,4258.8789,12.1,0,1,0
2026-06-19 17:01:32.565,1781906492565,2327.7788,7.1,0,0,0
2026-06-19 17:01:32.605,1781906492605,2327.7788,7.2,0,1,0
2026-06-19 17:01:32.645,1781906492645,2327.7788,6.9,0,0,0
2026-06-19 17:01:32.685,1781906492685,2327.7788,6.8,0,0,0
2026-06-19 17:01:32.725,1781906492725,2327.7788,6.6,0,0,0
2026-06-19 17:01:32.765,1781906492765,2327.7788,6.4,0,0,0
2026-06-19 17:01:32.805,1781906492805,2327.7788,5.4,0,0,0
2026-06-19 17:01:32.845,1781906492845,1136.7212,5.5,0,0,0
2026-06-19 17:01:32.885,1781906492885,1136.7212,5.9,0,0,0
2026-06-19 17:01:32.925,1781906492925,1136.7212,5.9,0,0,0
2026-06-19 17:01:32.965,1781906492965,1136.7212,5.8,0,0,0
2026-06-19 17:01:33.005,1781906493005,1136.7212,6.1,0,0,0
2026-06-19 17:01:33.045,1781906493045,1136.7212,5.4,0,0,0
2026-06-19 17:01:33.085,1781906493085,1031.4780,5.4,0,0,0
2026-06-19 17:01:33.125,1781906493125,1031.4780,4.6,0,0,0
2026-06-19 17:01:33.165,1781906493165,1031.4780,5.0,0,0,0
2026-06-19 17:01:33.205,1781906493205,1031.4780,5.6,0,0,0
2026-06-19 17:01:33.245,1781906493245,1031.4780,5.6,0,0,0
2026-06-19 17:01:33.285,1781906493285,1031.4780,6.0,0,0,0
2026-06-19 17:01:33.325,1781906493325,1031.4780,5.1,0,0,0
2026-06-19 17:01:33.365,1781906493365,1037.5564,5.4,0,0,0
2026-06-19 17:01:33.405,1781906493405,1037.5564,5.5,0,0,0
2026-06-19 17:01:33.445,1781906493445,1037.5564,5.7,0,0,0
2026-06-19 17:01:33.485,1781906493485,1037.5564,5.8,0,0,0
2026-06-19 17:01:33.525,1781906493525,1037.5564,5.7,0,0,0
2026-06-19 17:01:33.565,1781906493565,1037.5564,5.6,0,0,0
2026-06-19 17:01:33.605,1781906493605,1189.2235,5.7,0,0,0
2026-06-19 17:01:33.645,1781906493645,1189.2235,5.6,0,0,0
2026-06-19 17:01:33.685,1781906493685,1189.2235,5.2,0,0,0
2026-06-19 17:01:33.725,1781906493725,1189.2235,5.1,0,0,0
2026-06-19 17:01:33.765,1781906493765,1189.2235,5.1,0,0,0
2026-06-19 17:01:33.805,1781906493805,1189.2235,5.0,0,0,0
2026-06-19 17:01:33.845,1781906493845,1189.2235,4.7,0,0,0
2026-06-19 17:01:33.885,1781906493885,1478.8440,4.5,0,0,0
2026-06-19 17:01:33.925,1781906493925,1478.8440,4.9,0,0,0
2026-06-19 17:01:33.965,1781906493965,1478.8440,4.3,0,0,0
2026-06-19 17:01:34.005,1781906494005,1478.8440,4.3,0,0,0
2026-06-19 17:01:34.045,1781906494045,1478.8440,4.3,0,0,0
2026-06-19 17:01:34.085,1781906494085,1478.8440,4.3,0,0,0
2026-06-19 17:01:34.125,1781906494125,3268.3154,4.7,0,1,0
2026-06-19 17:01:34.165,1781906494165,3268.3154,4.8,0,0,0
2026-06-19 17:01:34.205,1781906494205,3268.3154,4.3,0,0,0
2026-06-19 17:01:34.245,1781906494245,3268.3154,3.8,0,0,0
2026-06-19 17:01:34.285,1781906494285,3268.3154,4.3,0,0,0
2026-06-19 17:01:34.325,1781906494325,3268.3154,4.3,0,0,0
2026-06-19 17:01:34.365,1781906494365,3268.3154,4.3,0,0,0
2026-06-19 17:01:34.405,1781906494405,3258.2019,4.3,0,0,0
2026-06-19 17:01:34.445,1781906494445,3258.2019,4.3,0,0,0
2026-06-19 17:01:34.485,1781906494485,3258.2019,4.7,0,0,0
2026-06-19 17:01:34.525,1781906494525,3258.2019,4.7,0,0,0
2026-06-19 17:01:34.565,1781906494565,3258.2019,4.3,0,0,0
2026-06-19 17:01:34.605,1781906494605,3258.2019,4.8,0,0,0
2026-06-19 17:01:34.645,1781906494645,3293.0022,4.3,0,0,0
2026-06-19 17:01:34.685,1781906494685,3293.0022,4.7,0,0,0
2026-06-19 17:01:34.725,1781906494725,3293.0022,4.3,0,0,0
2026-06-19 17:01:34.765,1781906494765,3293.0022,4.7,0,0,0
2026-06-19 17:01:34.805,1781906494805,3293.0022,4.8,0,0,0
2026-06-19 17:01:34.845,1781906494845,3293.0022,4.3,0,0,0
2026-06-19 17:01:34.885,1781906494885,3293.0022,4.3,0,0,0
2026-06-19 17:01:34.925,1781906494925,3517.0637,4.3,0,0,0
2026-06-19 17:01:34.965,1781906494965,3517.0637,4.3,0,0,0
2026-06-19 17:01:35.005,1781906495005,3517.0637,4.8,0,0,0
2026-06-19 17:01:35.045,1781906495045,3517.0637,4.3,0,0,0
2026-06-19 17:01:35.085,1781906495085,3517.0637,4.3,0,0,0
2026-06-19 17:01:35.125,1781906495125,3517.0637,4.4,0,0,0
2026-06-19 17:01:35.165,1781906495165,3491.6145,4.7,0,0,0
2026-06-19 17:01:35.205,1781906495205,3491.6145,4.4,0,0,0
2026-06-19 17:01:35.245,1781906495245,3491.6145,4.3,0,0,0
2026-06-19 17:01:35.285,1781906495285,3491.6145,4.3,0,0,0
2026-06-19 17:01:35.325,1781906495325,3491.6145,4.7,0,0,0
2026-06-19 17:01:35.365,1781906495365,3491.6145,4.3,0,0,0
2026-06-19 17:01:35.405,1781906495405,3491.6145,4.3,0,0,0
2026-06-19 17:01:35.445,1781906495445,3540.7856,4.8,0,0,0
2026-06-19 17:01:35.485,1781906495485,3540.7856,4.4,0,0,0
2026-06-19 17:01:35.525,1781906495525,3540.7856,4.4,0,0,0
2026-06-19 17:01:35.565,1781906495565,3540.7856,4.8,0,0,0
2026-06-19 17:01:35.605,1781906495605,3540.7856,4.3,0,0,0
2026-06-19 17:01:35.645,1781906495645,3540.7856,4.3,0,0,0
2026-06-19 17:01:35.685,1781906495685,3344.9292,4.3,0,0,0
2026-06-19 17:01:35.725,1781906495725,3344.9292,4.2,0,0,0
2026-06-19 17:01:35.765,1781906495765,3344.9292,4.3,0,0,0
2026-06-19 17:01:35.805,1781906495805,3344.9292,4.3,0,0,0
2026-06-19 17:01:35.845,1781906495845,3344.9292,4.4,0,0,0
2026-06-19 17:01:35.885,1781906495885,3344.9292,4.4,0,0,0
2026-06-19 17:01:35.925,1781906495925,3344.9292,4.3,0,0,0
2026-06-19 17:01:35.965,1781906495965,3326.0681,4.3,0,0,0
2026-06-19 17:01:36.005,1781906496005,3326.0681,4.3,0,0,0
2026-06-19 17:01:36.045,1781906496045,3326.0681,4.3,0,0,0
2026-06-19 17:01:36.085,1781906496085,3326.0681,4.3,0,0,0
2026-06-19 17:01:36.125,1781906496125,3326.0681,4.3,0,0,0
2026-06-19 17:01:36.165,1781906496165,3326.0681,4.4,0,0,0
2026-06-19 17:01:36.205,1781906496205,3518.3879,4.8,0,0,0
2026-06-19 17:01:36.245,1781906496245,3518.3879,4.6,0,0,0
2026-06-19 17:01:36.285,1781906496285,3518.3879,4.2,0,0,0
2026-06-19 17:01:36.325,1781906496325,3518.3879,4.3,0,0,0
2026-06-19 17:01:36.365,1781906496365,3518.3879,4.9,0,0,0
2026-06-19 17:01:36.405,1781906496405,3518.3879,4.3,0,0,0
2026-06-19 17:01:36.445,1781906496445,3518.3879,4.3,0,0,0
2026-06-19 17:01:36.485,1781906496485,3290.7236,4.3,0,0,0
2026-06-19 17:01:36.525,1781906496525,3290.7236,4.3,0,0,0
2026-06-19 17:01:36.565,1781906496565,3290.7236,4.8,0,0,0
2026-06-19 17:01:36.605,1781906496605,3290.7236,4.3,0,0,0
2026-06-19 17:01:36.645,1781906496645,3290.7236,4.3,0,0,0
2026-06-19 17:01:36.685,1781906496685,3290.7236,4.8,0,0,0
2026-06-19 17:01:36.725,1781906496725,3367.6294,3.8,0,0,0
2026-06-19 17:01:36.765,1781906496765,3367.6294,4.3,0,0,0
2026-06-19 17:01:36.805,1781906496805,3367.6294,4.3,0,0,0
2026-06-19 17:01:36.845,1781906496845,3367.6294,4.3,0,0,0
2026-06-19 17:01:36.885,1781906496885,3367.6294,4.3,0,0,0
2026-06-19 17:01:36.925,1781906496925,3367.6294,4.3,0,0,0
2026-06-19 17:01:36.965,1781906496965,3367.6294,4.3,0,0,0
2026-06-19 17:01:37.005,1781906497005,3260.3462,4.3,0,0,0
2026-06-19 17:01:37.045,1781906497045,3260.3462,4.4,0,0,0
2026-06-19 17:01:37.085,1781906497085,3260.3462,4.7,0,0,0
2026-06-19 17:01:37.125,1781906497125,3260.3462,4.3,0,0,0
2026-06-19 17:01:37.165,1781906497165,3260.3462,4.3,0,0,0
2026-06-19 17:01:37.205,1781906497205,3260.3462,4.4,0,0,0
2026-06-19 17:01:37.245,1781906497245,3340.0654,4.7,0,0,0
2026-06-19 17:01:37.285,1781906497285,3340.0654,4.8,0,0,0
2026-06-19 17:01:37.325,1781906497325,3340.0654,4.7,0,0,0
2026-06-19 17:01:37.365,1781906497365,3340.0654,4.3,0,0,0
2026-06-19 17:01:37.405,1781906497405,3340.0654,4.8,0,0,0
2026-06-19 17:01:37.445,1781906497445,3340.0654,4.4,0,0,0
2026-06-19 17:01:37.485,1781906497485,3340.0654,4.9,0,0,0
2026-06-19 17:01:37.525,1781906497525,3461.3577,4.3,0,0,0
2026-06-19 17:01:37.565,1781906497565,3461.3577,4.4,0,0,0
2026-06-19 17:01:37.605,1781906497605,3461.3577,4.4,0,0,0
2026-06-19 17:01:37.645,1781906497645,3461.3577,4.3,0,0,0
2026-06-19 17:01:37.685,1781906497685,3461.3577,4.3,0,0,0
2026-06-19 17:01:37.725,1781906497725,3461.3577,4.3,0,0,0
2026-06-19 17:01:37.765,1781906497765,3077.7905,4.3,0,0,0
2026-06-19 17:01:37.805,1781906497805,3077.7905,4.3,0,0,0
2026-06-19 17:01:37.845,1781906497845,3077.7905,4.6,0,0,0
2026-06-19 17:01:37.885,1781906497885,3077.7905,4.3,0,0,0
2026-06-19 17:01:37.925,1781906497925,3077.7905,4.8,0,0,0
2026-06-19 17:01:37.965,1781906497965,3077.7905,4.3,0,0,0
2026-06-19 17:01:38.005,1781906498005,3077.7905,4.3,0,0,0
2026-06-19 17:01:38.045,1781906498045,3344.0781,4.3,0,0,0
2026-06-19 17:01:38.085,1781906498085,3344.0781,4.3,0,0,0
2026-06-19 17:01:38.125,1781906498125,3344.0781,4.8,0,0,0
2026-06-19 17:01:38.165,1781906498165,3344.0781,4.7,0,0,0
2026-06-19 17:01:38.205,1781906498205,3344.0781,4.3,0,0,0
2026-06-19 17:01:38.245,1781906498245,3344.0781,4.3,0,0,0
2026-06-19 17:01:38.285,1781906498285,3494.0544,4.3,0,0,0
2026-06-19 17:01:38.325,1781906498325,3494.0544,4.3,0,0,0
2026-06-19 17:01:38.365,1781906498365,3494.0544,4.3,0,0,0
2026-06-19 17:01:38.405,1781906498405,3494.0544,4.3,0,0,0
2026-06-19 17:01:38.445,1781906498445,3494.0544,4.3,0,0,0
2026-06-19 17:01:38.485,1781906498485,3494.0544,4.3,0,0,0
2026-06-19 17:01:38.525,1781906498525,3494.0544,4.3,0,0,0
2026-06-19 17:01:38.565,1781906498565,3423.6335,4.3,0,0,0
2026-06-19 17:01:38.605,1781906498605,3423.6335,4.7,0,0,0
2026-06-19 17:01:38.645,1781906498645,3423.6335,4.3,0,0,0
2026-06-19 17:01:38.685,1781906498685,3423.6335,4.8,0,0,0
2026-06-19 17:01:38.725,1781906498725,3423.6335,4.3,0,0,0
2026-06-19 17:01:38.765,1781906498765,3423.6335,4.8,0,0,0
2026-06-19 17:01:38.805,1781906498805,3590.1050,4.7,0,0,0
2026-06-19 17:01:38.845,1781906498845,3590.1050,4.8,0,0,0
2026-06-19 17:01:38.885,1781906498885,3590.1050,4.3,0,0,0
2026-06-19 17:01:38.925,1781906498925,3590.1050,4.3,0,0,0
2026-06-19 17:01:38.965,1781906498965,3590.1050,4.7,0,0,0
2026-06-19 17:01:39.005,1781906499005,3590.1050,4.3,0,0,0
2026-06-19 17:01:39.045,1781906499045,3590.1050,4.8,0,0,0
2026-06-19 17:01:39.085,1781906499085,3559.2703,4.8,0,0,0
2026-06-19 17:01:39.125,1781906499125,3559.2703,4.3,0,0,0
2026-06-19 17:01:39.165,1781906499165,3559.2703,4.3,0,0,0
2026-06-19 17:01:39.205,1781906499205,3559.2703,4.8,0,0,0
2026-06-19 17:01:39.245,1781906499245,3559.2703,4.3,0,0,0
2026-06-19 17:01:39.285,1781906499285,3559.2703,4.7,0,0,0
2026-06-19 17:01:39.325,1781906499325,3533.7769,4.3,0,0,0
2026-06-19 17:01:39.365,1781906499365,3533.7769,4.3,0,0,0
2026-06-19 17:01:39.405,1781906499405,3533.7769,4.3,0,0,0
2026-06-19 17:01:39.445,1781906499445,3533.7769,4.3,0,0,0
2026-06-19 17:01:39.485,1781906499485,3533.7769,4.3,0,0,0
2026-06-19 17:01:39.525,1781906499525,3533.7769,4.3,0,0,0
2026-06-19 17:01:39.565,1781906499565,3533.7769,4.3,0,0,0
2026-06-19 17:01:39.605,1781906499605,3307.6992,4.3,0,0,0
2026-06-19 17:01:39.645,1781906499645,3307.6992,4.2,0,0,0
2026-06-19 17:01:39.685,1781906499685,3307.6992,4.3,0,0,0
2026-06-19 17:01:39.726,1781906499726,3307.6992,4.3,0,0,0
2026-06-19 17:01:39.765,1781906499765,3307.6992,4.3,0,0,0
