Timestamp,Epoch_Time_ms,MAG,D,P1,P2,P3,Tag
2026-06-19 17:16:33.120,1781907393120,535.7081,4.6,0,0,0,
2026-06-19 17:16:33.204,1781907393204,535.7081,4.6,0,0,0,
2026-06-19 17:16:33.250,1781907393250,535.7081,4.6,0,0,0,
2026-06-19 17:16:33.250,1781907393250,535.7081,4.6,0,0,0,
2026-06-19 17:16:33.251,1781907393251,535.7081,4.6,0,0,0,
2026-06-19 17:16:33.251,1781907393251,503.9330,4.6,0,0,0,
2026-06-19 17:16:33.252,1781907393252,503.9330,4.6,0,0,0,
2026-06-19 17:16:33.252,1781907393252,503.9330,4.6,0,0,0,
2026-06-19 17:16:33.252,1781907393252,503.9330,4.5,0,0,0,
2026-06-19 17:16:33.252,1781907393252,503.9330,4.6,0,0,0,
2026-06-19 17:16:33.253,1781907393253,503.9330,4.6,0,0,0,
2026-06-19 17:16:33.253,1781907393253,503.9330,4.6,0,0,0,
2026-06-19 17:16:33.256,1781907393256,517.2741,4.6,0,0,0,
2026-06-19 17:16:33.297,1781907393297,517.2741,4.7,0,0,0,
2026-06-19 17:16:33.336,1781907393336,517.2741,4.7,0,0,0,
2026-06-19 17:16:33.376,1781907393376,517.2741,4.6,0,0,0,
2026-06-19 17:16:33.416,1781907393416,517.2741,4.6,0,0,0,
2026-06-19 17:16:33.456,1781907393456,517.2741,4.7,0,0,0,
2026-06-19 17:16:33.496,1781907393496,582.3546,4.6,0,0,0,
2026-06-19 17:16:33.536,1781907393536,582.3546,4.6,0,0,0,
2026-06-19 17:16:33.576,1781907393576,582.3546,4.7,0,0,0,
2026-06-19 17:16:33.616,1781907393616,582.3546,4.7,0,0,0,
2026-06-19 17:16:33.656,1781907393656,582.3546,4.6,0,0,0,
2026-06-19 17:16:33.696,1781907393696,582.3546,4.7,0,0,0,
2026-06-19 17:16:33.736,1781907393736,582.3546,4.6,0,0,0,
2026-06-19 17:16:33.776,1781907393776,537.3250,4.6,0,0,0,
2026-06-19 17:16:33.816,1781907393816,537.3250,4.6,0,0,0,
2026-06-19 17:16:33.856,1781907393856,537.3250,4.6,0,0,0,
2026-06-19 17:16:33.896,1781907393896,537.3250,4.6,0,0,0,
2026-06-19 17:16:33.936,1781907393936,537.3250,4.6,0,0,0,
2026-06-19 17:16:33.976,1781907393976,537.3250,4.6,0,0,0,
2026-06-19 17:16:34.016,1781907394016,543.3954,4.6,0,0,0,
2026-06-19 17:16:34.056,1781907394056,543.3954,4.6,0,0,0,
2026-06-19 17:16:34.096,1781907394096,543.3954,4.7,0,1,0,
2026-06-19 17:16:34.136,1781907394136,543.3954,4.6,0,0,0,
2026-06-19 17:16:34.176,1781907394176,543.3954,4.6,0,1,0,
2026-06-19 17:16:34.216,1781907394216,543.3954,4.7,0,1,0,
2026-06-19 17:16:34.256,1781907394256,543.3954,4.5,0,1,0,
2026-06-19 17:16:34.296,1781907394296,552.3630,4.6,0,1,0,
2026-06-19 17:16:34.336,1781907394336,552.3630,4.6,0,1,0,
2026-06-19 17:16:34.376,1781907394376,552.3630,4.7,0,1,0,
2026-06-19 17:16:34.416,1781907394416,552.3630,4.6,0,1,0,
2026-06-19 17:16:34.456,1781907394456,552.3630,4.6,0,1,0,
2026-06-19 17:16:34.496,1781907394496,552.3630,4.5,0,1,0,
2026-06-19 17:16:34.536,1781907394536,549.6772,4.6,0,1,0,
2026-06-19 17:16:34.576,1781907394576,549.6772,4.7,0,1,0,
2026-06-19 17:16:34.616,1781907394616,549.6772,4.6,0,1,0,
2026-06-19 17:16:34.656,1781907394656,549.6772,4.6,0,1,0,
2026-06-19 17:16:34.696,1781907394696,549.6772,4.5,0,1,0,
2026-06-19 17:16:34.736,1781907394736,549.6772,4.6,0,1,0,
2026-06-19 17:16:34.776,1781907394776,549.6772,4.6,0,1,0,
2026-06-19 17:16:34.816,1781907394816,505.9574,4.6,0,1,0,
2026-06-19 17:16:34.856,1781907394856,505.9574,4.8,0,1,0,
2026-06-19 17:16:34.896,1781907394896,505.9574,4.7,0,1,0,
2026-06-19 17:16:34.936,1781907394936,505.9574,4.6,0,1,0,
2026-06-19 17:16:34.976,1781907394976,505.9574,4.7,0,1,0,
2026-06-19 17:16:35.016,1781907395016,505.9574,4.6,0,0,0,
2026-06-19 17:16:35.056,1781907395056,496.0205,5.1,0,0,0,
2026-06-19 17:16:35.096,1781907395096,496.0205,5.6,0,0,0,
2026-06-19 17:16:35.136,1781907395136,496.0205,5.3,0,0,0,
2026-06-19 17:16:35.176,1781907395176,496.0205,5.4,0,0,0,
2026-06-19 17:16:35.216,1781907395216,496.0205,5.1,0,0,0,
2026-06-19 17:16:35.256,1781907395256,496.0205,5.2,0,0,0,
2026-06-19 17:16:35.296,1781907395296,496.0205,5.1,0,0,0,
2026-06-19 17:16:35.336,1781907395336,484.7404,5.0,0,0,0,
2026-06-19 17:16:35.376,1781907395376,484.7404,5.3,0,0,0,
2026-06-19 17:16:35.416,1781907395416,484.7404,5.3,0,0,0,
2026-06-19 17:16:35.456,1781907395456,484.7404,5.1,0,0,0,
2026-06-19 17:16:35.496,1781907395496,484.7404,4.6,0,0,0,
2026-06-19 17:16:35.536,1781907395536,484.7404,5.7,0,1,0,
2026-06-19 17:16:35.576,1781907395576,469.0712,5.8,0,1,0,
2026-06-19 17:16:35.616,1781907395616,469.0712,5.5,0,1,0,
2026-06-19 17:16:35.656,1781907395656,469.0712,6.5,0,0,0,
2026-06-19 17:16:35.696,1781907395696,469.0712,6.3,0,0,0,
2026-06-19 17:16:35.736,1781907395736,469.0712,5.7,0,0,0,
2026-06-19 17:16:35.776,1781907395776,469.0712,5.2,0,0,0,
2026-06-19 17:16:35.816,1781907395816,469.0712,4.6,0,0,0,
2026-06-19 17:16:35.856,1781907395856,473.2235,4.2,0,0,0,
2026-06-19 17:16:35.896,1781907395896,473.2235,4.6,0,0,0,
2026-06-19 17:16:35.936,1781907395936,473.2235,4.2,0,0,0,
2026-06-19 17:16:35.976,1781907395976,473.2235,4.7,0,0,0,
2026-06-19 17:16:36.016,1781907396016,473.2235,4.6,0,0,0,
2026-06-19 17:16:36.056,1781907396056,473.2235,5.2,0,0,0,
2026-06-19 17:16:36.096,1781907396096,467.8082,5.6,0,0,0,
2026-06-19 17:16:36.136,1781907396136,467.8082,5.2,0,0,0,
2026-06-19 17:16:36.176,1781907396176,467.8082,4.7,0,0,0,
2026-06-19 17:16:36.216,1781907396216,467.8082,4.6,0,0,0,
2026-06-19 17:16:36.256,1781907396256,467.8082,4.6,0,0,0,
2026-06-19 17:16:36.296,1781907396296,467.8082,4.6,0,0,0,
2026-06-19 17:16:36.336,1781907396336,467.8082,4.6,0,0,0,
2026-06-19 17:16:36.376,1781907396376,466.5754,4.9,0,0,0,
2026-06-19 17:16:36.416,1781907396416,466.5754,4.2,0,0,0,
2026-06-19 17:16:36.456,1781907396456,466.5754,4.2,0,0,0,
2026-06-19 17:16:36.496,1781907396496,466.5754,4.2,0,0,0,
2026-06-19 17:16:36.536,1781907396536,466.5754,4.1,0,0,0,
2026-06-19 17:16:36.576,1781907396576,466.5754,3.4,0,0,0,
2026-06-19 17:16:36.616,1781907396616,470.2276,3.8,0,0,0,
2026-06-19 17:16:36.656,1781907396656,470.2276,3.7,0,0,0,
2026-06-19 17:16:36.696,1781907396696,470.2276,3.8,0,0,0,
2026-06-19 17:16:36.736,1781907396736,470.2276,3.9,0,0,0,
2026-06-19 17:16:36.776,1781907396776,470.2276,4.3,0,0,0,
2026-06-19 17:16:36.816,1781907396816,470.2276,4.3,0,0,0,
2026-06-19 17:16:36.856,1781907396856,470.2276,3.9,0,0,0,
2026-06-19 17:16:36.896,1781907396896,453.8748,3.4,0,0,0,
2026-06-19 17:16:36.936,1781907396936,453.8748,3.4,0,0,0,
2026-06-19 17:16:36.976,1781907396976,453.8748,3.4,0,0,0,
2026-06-19 17:16:37.016,1781907397016,453.8748,3.3,0,0,0,
2026-06-19 17:16:37.056,1781907397056,453.8748,3.4,0,0,0,
2026-06-19 17:16:37.096,1781907397096,453.8748,3.4,0,0,0,
2026-06-19 17:16:37.136,1781907397136,502.1981,3.9,0,0,0,
2026-06-19 17:16:37.176,1781907397176,502.1981,3.8,0,0,0,
2026-06-19 17:16:37.216,1781907397216,502.1981,3.9,0,0,0,
2026-06-19 17:16:37.256,1781907397256,502.1981,3.9,0,0,0,
2026-06-19 17:16:37.296,1781907397296,502.1981,3.9,0,0,0,
2026-06-19 17:16:37.336,1781907397336,502.1981,3.9,0,0,0,
2026-06-19 17:16:37.376,1781907397376,502.1981,4.3,0,0,0,
2026-06-19 17:16:37.416,1781907397416,502.1152,4.3,0,0,0,
2026-06-19 17:16:37.456,1781907397456,502.1152,4.8,0,0,0,
2026-06-19 17:16:37.496,1781907397496,502.1152,4.8,0,0,0,
2026-06-19 17:16:37.536,1781907397536,502.1152,4.8,0,0,0,
2026-06-19 17:16:37.576,1781907397576,502.1152,5.3,0,0,0,
2026-06-19 17:16:37.616,1781907397616,502.1152,4.8,0,0,0,
2026-06-19 17:16:37.656,1781907397656,552.2430,4.8,0,0,0,
2026-06-19 17:16:37.696,1781907397696,552.2430,5.3,0,0,0,
2026-06-19 17:16:37.736,1781907397736,552.2430,5.3,0,0,0,
2026-06-19 17:16:37.776,1781907397776,552.2430,5.2,0,0,0,
2026-06-19 17:16:37.816,1781907397816,552.2430,5.2,0,0,0,
2026-06-19 17:16:37.856,1781907397856,552.2430,5.2,0,0,0,
2026-06-19 17:16:37.896,1781907397896,552.2430,5.2,0,0,0,
2026-06-19 17:16:37.936,1781907397936,1106.1388,5.2,0,0,0,
2026-06-19 17:16:37.976,1781907397976,1106.1388,5.2,0,0,0,
2026-06-19 17:16:38.016,1781907398016,1106.1388,5.6,0,0,0,
2026-06-19 17:16:38.056,1781907398056,1106.1388,5.9,0,0,0,
2026-06-19 17:16:38.096,1781907398096,1106.1388,6.5,0,0,0,
2026-06-19 17:16:38.136,1781907398136,1106.1388,6.4,0,0,0,
2026-06-19 17:16:38.176,1781907398176,1137.3903,6.4,0,0,0,
2026-06-19 17:16:38.216,1781907398216,1137.3903,6.9,0,0,0,
2026-06-19 17:16:38.256,1781907398256,1137.3903,7.2,0,0,0,
2026-06-19 17:16:38.296,1781907398296,1137.3903,7.3,0,0,0,
2026-06-19 17:16:38.336,1781907398336,1137.3903,7.3,0,0,0,
2026-06-19 17:16:38.376,1781907398376,1137.3903,4.4,0,0,0,
2026-06-19 17:16:38.416,1781907398416,1137.3903,4.5,0,0,0,
2026-06-19 17:16:38.456,1781907398456,1105.8424,4.4,0,0,0,
2026-06-19 17:16:38.496,1781907398496,1105.8424,5.0,0,0,0,
2026-06-19 17:16:38.536,1781907398536,1105.8424,4.4,0,0,0,
2026-06-19 17:16:38.576,1781907398576,1105.8424,4.4,0,0,0,
2026-06-19 17:16:38.617,1781907398617,1105.8424,4.9,0,0,0,
2026-06-19 17:16:38.656,1781907398656,1105.8424,4.4,0,0,0,
2026-06-19 17:16:38.696,1781907398696,1090.8464,4.4,0,0,0,
2026-06-19 17:16:38.736,1781907398736,1090.8464,4.4,0,0,0,
2026-06-19 17:16:38.776,1781907398776,1090.8464,4.4,0,0,0,
2026-06-19 17:16:38.816,1781907398816,1090.8464,4.9,0,0,0,
2026-06-19 17:16:38.857,1781907398857,1090.8464,4.9,0,0,0,
2026-06-19 17:16:38.896,1781907398896,1090.8464,4.9,0,0,0,
2026-06-19 17:16:38.936,1781907398936,1090.8464,5.0,0,0,0,
2026-06-19 17:16:38.976,1781907398976,1179.0681,4.9,0,0,0,
2026-06-19 17:16:39.016,1781907399016,1179.0681,4.9,0,0,0,
2026-06-19 17:16:39.057,1781907399057,1179.0681,4.8,0,0,0,
2026-06-19 17:16:39.096,1781907399096,1179.0681,4.4,0,0,0,
2026-06-19 17:16:39.136,1781907399136,1179.0681,4.7,0,0,0,
2026-06-19 17:16:39.176,1781907399176,1179.0681,4.7,0,0,0,
2026-06-19 17:16:39.216,1781907399216,1111.8076,4.9,0,0,0,
2026-06-19 17:16:39.256,1781907399256,1111.8076,5.3,0,0,0,
2026-06-19 17:16:39.296,1781907399296,1111.8076,7.6,0,0,0,
2026-06-19 17:16:39.336,1781907399336,1111.8076,6.3,0,0,0,
2026-06-19 17:16:39.378,1781907399378,1111.8076,5.5,0,0,0,
2026-06-19 17:16:39.416,1781907399416,1111.8076,4.6,0,0,0,
2026-06-19 17:16:39.456,1781907399456,1111.8076,4.6,0,0,0,
2026-06-19 17:16:39.496,1781907399496,1053.8917,4.6,0,0,0,
2026-06-19 17:16:39.537,1781907399537,1053.8917,5.1,0,0,0,
2026-06-19 17:16:39.577,1781907399577,1053.8917,5.5,0,0,0,
2026-06-19 17:16:39.616,1781907399616,1053.8917,5.9,0,0,0,
2026-06-19 17:16:39.656,1781907399656,1053.8917,4.7,0,0,0,
2026-06-19 17:16:39.696,1781907399696,1053.8917,4.2,0,0,0,
2026-06-19 17:16:39.736,1781907399736,1194.1331,4.1,0,0,0,
2026-06-19 17:16:39.776,1781907399776,1194.1331,4.1,0,0,0,
2026-06-19 17:16:39.816,1781907399816,1194.1331,4.1,0,0,0,
2026-06-19 17:16:39.856,1781907399856,1194.1331,4.6,0,0,0,
2026-06-19 17:16:39.896,1781907399896,1194.1331,4.3,0,0,0,
2026-06-19 17:16:39.936,1781907399936,1194.1331,4.0,0,0,0,
2026-06-19 17:16:39.976,1781907399976,1194.1331,3.7,0,0,0,
2026-06-19 17:16:40.016,1781907400016,1057.2029,3.7,0,0,0,
2026-06-19 17:16:40.056,1781907400056,1057.2029,3.7,0,0,0,
2026-06-19 17:16:40.096,1781907400096,1057.2029,3.7,0,0,0,
2026-06-19 17:16:40.137,1781907400137,1057.2029,3.8,0,0,0,
2026-06-19 17:16:40.176,1781907400176,1057.2029,3.8,0,0,0,
2026-06-19 17:16:40.216,1781907400216,1057.2029,3.7,0,0,0,
2026-06-19 17:16:40.256,1781907400256,1026.1947,3.7,0,0,0,
2026-06-19 17:16:40.297,1781907400297,1026.1947,3.7,0,0,0,
2026-06-19 17:16:40.337,1781907400337,1026.1947,11.6,0,0,0,
2026-06-19 17:16:40.376,1781907400376,1026.1947,4.1,0,0,0,
2026-06-19 17:16:40.416,1781907400416,1026.1947,3.6,0,0,0,
2026-06-19 17:16:40.456,1781907400456,1026.1947,3.6,0,0,0,
2026-06-19 17:16:40.496,1781907400496,1026.1947,4.1,0,0,0,FUGA
2026-06-19 17:16:40.536,1781907400536,1149.7401,3.7,0,0,0,
2026-06-19 17:16:40.576,1781907400576,1149.7401,3.7,0,0,0,
2026-06-19 17:16:40.617,1781907400617,1149.7401,3.7,0,0,0,
2026-06-19 17:16:40.656,1781907400656,1149.7401,3.7,0,0,0,
2026-06-19 17:16:40.696,1781907400697,1149.7401,3.7,0,0,0,
2026-06-19 17:16:40.736,1781907400736,1149.7401,4.4,0,0,0,
2026-06-19 17:16:40.777,1781907400777,1040.6876,5.1,0,0,0,
2026-06-19 17:16:40.816,1781907400816,1040.6876,5.3,0,0,0,
2026-06-19 17:16:40.856,1781907400856,1040.6876,5.3,0,0,0,
2026-06-19 17:16:40.896,1781907400896,1040.6876,5.0,0,0,0,
2026-06-19 17:16:40.937,1781907400937,1040.6876,4.4,0,0,0,
2026-06-19 17:16:40.976,1781907400976,1040.6876,4.4,0,0,0,
2026-06-19 17:16:41.016,1781907401016,1040.6876,4.4,0,0,0,
2026-06-19 17:16:41.056,1781907401056,1112.6724,4.9,0,0,0,
2026-06-19 17:16:41.096,1781907401096,1112.6724,8.6,0,0,0,
2026-06-19 17:16:41.136,1781907401137,1112.6724,8.1,0,0,0,
2026-06-19 17:16:41.177,1781907401177,1112.6724,7.2,0,0,0,
2026-06-19 17:16:41.217,1781907401217,1112.6724,6.0,0,0,0,
2026-06-19 17:16:41.256,1781907401256,1112.6724,5.5,0,0,0,
2026-06-19 17:16:41.296,1781907401296,948.9799,5.0,0,0,0,
2026-06-19 17:16:41.337,1781907401337,948.9799,5.2,0,0,0,
2026-06-19 17:16:41.376,1781907401376,948.9799,4.7,0,0,0,
2026-06-19 17:16:41.416,1781907401416,948.9799,4.8,0,0,0,
2026-06-19 17:16:41.456,1781907401456,948.9799,4.6,0,0,0,
2026-06-19 17:16:41.496,1781907401496,948.9799,4.6,0,0,0,
2026-06-19 17:16:41.536,1781907401536,948.9799,4.6,0,0,0,
2026-06-19 17:16:41.577,1781907401577,1210.6068,4.7,0,0,0,
2026-06-19 17:16:41.616,1781907401616,1210.6068,4.6,0,0,0,
2026-06-19 17:16:41.656,1781907401656,1210.6068,4.3,0,0,0,
2026-06-19 17:16:41.696,1781907401696,1210.6068,4.6,0,0,0,
2026-06-19 17:16:41.736,1781907401736,1210.6068,4.6,0,0,0,
2026-06-19 17:16:41.776,1781907401776,1210.6068,4.1,0,0,0,
2026-06-19 17:16:41.816,1781907401816,1179.7234,4.7,0,0,0,
2026-06-19 17:16:41.857,1781907401857,1179.7234,4.7,0,0,0,
2026-06-19 17:16:41.896,1781907401896,1179.7234,4.6,0,0,0,
2026-06-19 17:16:41.937,1781907401937,1179.7234,4.6,0,0,0,
2026-06-19 17:16:41.976,1781907401976,1179.7234,4.6,0,0,0,
2026-06-19 17:16:42.016,1781907402016,1179.7234,4.7,0,0,0,
2026-06-19 17:16:42.056,1781907402056,1179.7234,4.2,0,0,0,
2026-06-19 17:16:42.096,1781907402096,2250.0166,4.6,0,0,0,
2026-06-19 17:16:42.137,1781907402137,2250.0166,4.6,0,0,0,
2026-06-19 17:16:42.176,1781907402176,2250.0166,4.7,0,0,0,
2026-06-19 17:16:42.217,1781907402217,2250.0166,4.6,0,0,0,
2026-06-19 17:16:42.256,1781907402256,2250.0166,4.6,0,0,0,
2026-06-19 17:16:42.296,1781907402296,2250.0166,4.6,0,1,0,
2026-06-19 17:16:42.336,1781907402336,2323.4268,4.6,0,1,0,
2026-06-19 17:16:42.376,1781907402376,2323.4268,4.7,0,1,0,
2026-06-19 17:16:42.416,1781907402416,2323.4268,4.6,0,1,0,
2026-06-19 17:16:42.456,1781907402456,2323.4268,4.6,0,1,0,
2026-06-19 17:16:42.497,1781907402497,2323.4268,5.1,0,1,1,
2026-06-19 17:16:42.537,1781907402537,2323.4268,4.6,0,1,1,
2026-06-19 17:16:42.577,1781907402577,2323.4268,4.6,0,1,1,
2026-06-19 17:16:42.617,1781907402617,2200.3875,5.0,0,1,1,
2026-06-19 17:16:42.656,1781907402656,2200.3875,5.1,0,1,1,
2026-06-19 17:16:42.697,1781907402697,2200.3875,5.1,0,1,0,
2026-06-19 17:16:42.736,1781907402736,2200.3875,6.0,0,1,0,
2026-06-19 17:16:42.777,1781907402777,2200.3875,6.4,0,1,0,
2026-06-19 17:16:42.816,1781907402817,2200.3875,7.0,0,1,1,
2026-06-19 17:16:42.857,1781907402857,2732.2681,8.1,0,1,1,
2026-06-19 17:16:42.896,1781907402896,2732.2681,13.2,0,1,0,
2026-06-19 17:16:42.936,1781907402936,2732.2681,6.9,0,1,0,
2026-06-19 17:16:42.976,1781907402976,2732.2681,5.6,0,1,0,
2026-06-19 17:16:43.017,1781907403017,2732.2681,5.2,0,1,1,
2026-06-19 17:16:43.056,1781907403056,2732.2681,5.0,0,1,1,
2026-06-19 17:16:43.097,1781907403097,2732.2681,4.9,0,1,0,
2026-06-19 17:16:43.136,1781907403137,3176.8486,5.3,0,1,0,
2026-06-19 17:16:43.176,1781907403176,3176.8486,4.9,0,1,0,
2026-06-19 17:16:43.217,1781907403217,3176.8486,4.9,0,1,0,
2026-06-19 17:16:43.256,1781907403256,3176.8486,5.2,0,1,0,
2026-06-19 17:16:43.296,1781907403296,3176.8486,4.8,0,1,0,
2026-06-19 17:16:43.336,1781907403336,3176.8486,4.7,0,1,0,
2026-06-19 17:16:43.377,1781907403377,1486.6342,4.7,0,0,0,
2026-06-19 17:16:43.417,1781907403417,1486.6342,4.6,0,0,0,
2026-06-19 17:16:43.457,1781907403457,1486.6342,4.2,0,0,0,
2026-06-19 17:16:43.497,1781907403497,1486.6342,4.5,0,1,0,
2026-06-19 17:16:43.537,1781907403537,1486.6342,4.5,0,1,0,
2026-06-19 17:16:43.577,1781907403577,1486.6342,4.6,0,1,0,
2026-06-19 17:16:43.617,1781907403617,1486.6342,4.5,0,1,0,
2026-06-19 17:16:43.657,1781907403657,879.3099,4.5,0,1,0,
2026-06-19 17:16:43.697,1781907403697,879.3099,4.5,0,1,0,
2026-06-19 17:16:43.736,1781907403736,879.3099,4.4,0,1,0,
2026-06-19 17:16:43.776,1781907403776,879.3099,5.0,0,1,0,
2026-06-19 17:16:43.817,1781907403817,879.3099,4.9,0,0,0,
2026-06-19 17:16:43.856,1781907403856,879.3099,4.8,0,0,0,
2026-06-19 17:16:43.896,1781907403896,676.0347,4.3,0,0,0,
2026-06-19 17:16:43.936,1781907403936,676.0347,4.3,0,1,0,
2026-06-19 17:16:43.976,1781907403976,676.0347,4.4,0,1,0,
2026-06-19 17:16:44.016,1781907404016,676.0347,4.3,0,1,0,
2026-06-19 17:16:44.056,1781907404057,676.0347,4.3,0,1,0,
2026-06-19 17:16:44.096,1781907404096,676.0347,4.3,0,1,0,
2026-06-19 17:16:44.136,1781907404136,676.0347,4.3,0,1,0,
2026-06-19 17:16:44.176,1781907404176,761.6199,4.8,0,1,0,
2026-06-19 17:16:44.216,1781907404216,761.6199,4.8,0,1,0,
2026-06-19 17:16:44.256,1781907404256,761.6199,4.9,0,1,0,
2026-06-19 17:16:44.297,1781907404297,761.6199,4.4,0,1,0,
2026-06-19 17:16:44.336,1781907404336,761.6199,4.3,0,1,0,
2026-06-19 17:16:44.377,1781907404377,761.6199,4.3,0,1,0,
2026-06-19 17:16:44.416,1781907404416,742.2895,4.3,0,1,0,
2026-06-19 17:16:44.456,1781907404456,742.2895,4.2,0,1,0,
2026-06-19 17:16:44.496,1781907404497,742.2895,4.3,0,1,0,
2026-06-19 17:16:44.537,1781907404537,742.2895,4.8,0,1,0,
2026-06-19 17:16:44.576,1781907404576,742.2895,4.9,0,1,0,
2026-06-19 17:16:44.617,1781907404617,742.2895,5.0,0,1,0,
2026-06-19 17:16:44.656,1781907404656,742.2895,4.5,0,1,0,
2026-06-19 17:16:44.696,1781907404696,697.9983,4.5,0,1,0,
2026-06-19 17:16:44.736,1781907404736,697.9983,4.5,0,1,0,
2026-06-19 17:16:44.777,1781907404777,697.9983,5.0,0,1,0,
2026-06-19 17:16:44.817,1781907404817,697.9983,4.9,0,1,1,
2026-06-19 17:16:44.856,1781907404856,697.9983,4.9,0,1,1,
2026-06-19 17:16:44.896,1781907404896,697.9983,4.5,0,1,0,
2026-06-19 17:16:44.937,1781907404937,726.7971,4.6,0,1,0,
2026-06-19 17:16:44.976,1781907404976,726.7971,4.6,0,1,0,
2026-06-19 17:16:45.016,1781907405017,726.7971,4.2,0,1,0,
2026-06-19 17:16:45.057,1781907405057,726.7971,4.6,0,1,0,
2026-06-19 17:16:45.096,1781907405096,726.7971,4.6,0,1,0,
2026-06-19 17:16:45.136,1781907405136,726.7971,4.8,0,1,0,
2026-06-19 17:16:45.176,1781907405176,726.7971,5.0,0,1,0,
2026-06-19 17:16:45.216,1781907405216,803.0571,4.6,0,1,0,
2026-06-19 17:16:45.257,1781907405257,803.0571,4.6,0,1,1,
2026-06-19 17:16:45.297,1781907405297,803.0571,4.7,0,1,0,
2026-06-19 17:16:45.337,1781907405337,803.0571,4.7,0,1,0,
2026-06-19 17:16:45.376,1781907405376,803.0571,4.7,0,0,0,
2026-06-19 17:16:45.416,1781907405416,803.0571,4.2,0,0,0,
2026-06-19 17:16:45.457,1781907405457,1250.8110,4.5,0,0,0,
2026-06-19 17:16:45.497,1781907405497,1250.8110,4.5,0,0,0,
2026-06-19 17:16:45.537,1781907405537,1250.8110,4.6,0,0,0,
2026-06-19 17:16:45.576,1781907405577,1250.8110,4.5,0,0,0,
2026-06-19 17:16:45.617,1781907405617,1250.8110,4.5,0,1,0,
2026-06-19 17:16:45.656,1781907405656,1250.8110,4.5,0,1,0,
2026-06-19 17:16:45.697,1781907405697,1250.8110,4.5,0,0,0,
2026-06-19 17:16:45.737,1781907405737,1371.7076,4.5,0,0,0,
2026-06-19 17:16:45.777,1781907405777,1371.7076,4.5,0,0,0,
2026-06-19 17:16:45.817,1781907405817,1371.7076,4.5,0,0,0,
2026-06-19 17:16:45.857,1781907405857,1371.7076,4.5,0,0,0,
2026-06-19 17:16:45.897,1781907405897,1371.7076,4.5,0,0,0,
2026-06-19 17:16:45.937,1781907405937,1371.7076,4.5,0,0,0,
2026-06-19 17:16:45.977,1781907405977,1486.7958,4.8,0,0,0,
2026-06-19 17:16:46.017,1781907406017,1486.7958,4.3,0,0,0,
2026-06-19 17:16:46.057,1781907406057,1486.7958,4.3,0,0,0,
2026-06-19 17:16:46.097,1781907406097,1486.7958,4.3,0,0,0,
2026-06-19 17:16:46.137,1781907406137,1486.7958,4.5,0,0,0,
2026-06-19 17:16:46.177,1781907406177,1486.7958,4.5,0,0,0,
2026-06-19 17:16:46.217,1781907406217,1486.7958,4.5,0,0,0,
2026-06-19 17:16:46.257,1781907406257,1527.5026,4.5,0,0,0,
2026-06-19 17:16:46.297,1781907406297,1527.5026,4.4,0,0,0,
2026-06-19 17:16:46.337,1781907406337,1527.5026,4.3,0,0,0,
2026-06-19 17:16:46.377,1781907406377,1527.5026,3.8,0,0,0,
2026-06-19 17:16:46.417,1781907406417,1527.5026,3.8,0,0,0,
2026-06-19 17:16:46.457,1781907406457,1527.5026,4.4,0,0,0,
2026-06-19 17:16:46.497,1781907406497,2212.8376,4.5,0,0,0,
2026-06-19 17:16:46.537,1781907406537,2212.8376,4.4,0,0,0,
2026-06-19 17:16:46.577,1781907406577,2212.8376,4.5,0,0,0,
2026-06-19 17:16:46.617,1781907406617,2212.8376,4.4,0,0,0,
2026-06-19 17:16:46.657,1781907406657,2212.8376,4.4,0,0,0,
2026-06-19 17:16:46.697,1781907406697,2212.8376,4.4,0,0,0,
2026-06-19 17:16:46.737,1781907406737,2212.8376,4.4,0,0,0,
2026-06-19 17:16:46.777,1781907406777,2401.8701,4.5,0,0,0,
2026-06-19 17:16:46.817,1781907406817,2401.8701,4.5,0,0,0,
2026-06-19 17:16:46.857,1781907406857,2401.8701,4.5,0,0,0,
2026-06-19 17:16:46.897,1781907406897,2401.8701,4.6,0,0,0,
2026-06-19 17:16:46.937,1781907406937,2401.8701,4.5,0,0,0,
2026-06-19 17:16:46.977,1781907406977,2401.8701,4.4,0,0,0,
2026-06-19 17:16:47.017,1781907407017,2373.6958,4.4,0,0,0,
2026-06-19 17:16:47.057,1781907407057,2373.6958,4.4,0,0,0,
2026-06-19 17:16:47.097,1781907407097,2373.6958,4.5,0,0,0,
2026-06-19 17:16:47.137,1781907407137,2373.6958,4.4,0,0,0,
2026-06-19 17:16:47.177,1781907407177,2373.6958,4.5,0,0,0,
2026-06-19 17:16:47.217,1781907407217,2373.6958,4.9,0,0,0,
2026-06-19 17:16:47.256,1781907407256,2373.6958,4.5,0,0,0,
2026-06-19 17:16:47.297,1781907407297,2129.6941,4.4,0,0,0,
2026-06-19 17:16:47.336,1781907407337,2129.6941,4.4,0,0,0,
2026-06-19 17:16:47.377,1781907407377,2129.6941,4.4,0,0,0,
2026-06-19 17:16:47.417,1781907407417,2129.6941,4.5,0,0,0,
2026-06-19 17:16:47.457,1781907407457,2129.6941,4.4,0,0,0,
2026-06-19 17:16:47.497,1781907407497,2129.6941,4.4,0,0,0,
2026-06-19 17:16:47.537,1781907407537,2318.8142,4.9,0,0,0,
2026-06-19 17:16:47.577,1781907407577,2318.8142,4.4,0,0,0,
2026-06-19 17:16:47.617,1781907407617,2318.8142,4.4,0,0,0,
2026-06-19 17:16:47.657,1781907407657,2318.8142,4.4,0,0,0,
2026-06-19 17:16:47.697,1781907407697,2318.8142,4.4,0,0,0,
2026-06-19 17:16:47.737,1781907407737,2318.8142,4.8,0,0,0,
2026-06-19 17:16:47.777,1781907407777,2318.8142,4.4,0,0,0,
2026-06-19 17:16:47.817,1781907407817,2222.4272,4.9,0,0,0,
2026-06-19 17:16:47.857,1781907407857,2222.4272,4.5,0,0,0,
2026-06-19 17:16:47.897,1781907407897,2222.4272,4.4,0,0,0,
2026-06-19 17:16:47.937,1781907407937,2222.4272,4.5,0,0,0,
2026-06-19 17:16:47.977,1781907407977,2222.4272,4.4,0,0,0,
2026-06-19 17:16:48.017,1781907408017,2222.4272,4.4,0,0,0,
2026-06-19 17:16:48.057,1781907408057,2232.3914,4.4,0,0,0,
2026-06-19 17:16:48.097,1781907408097,2232.3914,4.4,0,0,0,
2026-06-19 17:16:48.137,1781907408137,2232.3914,4.4,0,0,0,
2026-06-19 17:16:48.177,1781907408177,2232.3914,4.4,0,0,0,
2026-06-19 17:16:48.217,1781907408217,2232.3914,4.4,0,0,0,
2026-06-19 17:16:48.257,1781907408257,2232.3914,4.4,0,0,0,
2026-06-19 17:16:48.297,1781907408297,2232.3914,4.4,0,0,0,
2026-06-19 17:16:48.337,1781907408337,2070.4651,4.9,0,0,0,
2026-06-19 17:16:48.377,1781907408377,2070.4651,4.4,0,0,0,
2026-06-19 17:16:48.417,1781907408417,2070.4651,4.5,0,0,0,
2026-06-19 17:16:48.457,1781907408457,2070.4651,4.5,0,0,0,
2026-06-19 17:16:48.497,1781907408497,2070.4651,4.5,0,0,0,
2026-06-19 17:16:48.537,1781907408537,2070.4651,4.5,0,0,0,
2026-06-19 17:16:48.577,1781907408577,2386.8835,4.5,0,0,0,FUGA
2026-06-19 17:16:48.617,1781907408617,2386.8835,4.2,0,0,0,
2026-06-19 17:16:48.657,1781907408657,2386.8835,4.2,0,0,0,
2026-06-19 17:16:48.697,1781907408697,2386.8835,4.1,0,1,0,
2026-06-19 17:16:48.737,1781907408737,2386.8835,4.5,0,1,0,
2026-06-19 17:16:48.777,1781907408777,2386.8835,4.5,0,1,0,
2026-06-19 17:16:48.817,1781907408817,2386.8835,4.7,0,1,0,
2026-06-19 17:16:48.857,1781907408857,2065.7371,4.7,0,0,0,
2026-06-19 17:16:48.897,1781907408897,2065.7371,5.2,0,1,0,
2026-06-19 17:16:48.937,1781907408937,2065.7371,5.2,0,0,0,
2026-06-19 17:16:48.977,1781907408977,2065.7371,4.8,0,0,0,
2026-06-19 17:16:49.017,1781907409017,2065.7371,4.6,0,0,0,
2026-06-19 17:16:49.057,1781907409057,2065.7371,4.5,0,1,0,
2026-06-19 17:16:49.097,1781907409097,1452.0271,4.2,0,1,0,
2026-06-19 17:16:49.137,1781907409137,1452.0271,4.6,0,1,0,
2026-06-19 17:16:49.177,1781907409177,1452.0271,4.2,0,1,0,
2026-06-19 17:16:49.217,1781907409217,1452.0271,4.2,0,1,0,
2026-06-19 17:16:49.257,1781907409257,1452.0271,4.2,0,1,0,
2026-06-19 17:16:49.297,1781907409297,1452.0271,4.0,0,1,0,
2026-06-19 17:16:49.337,1781907409337,1452.0271,4.5,0,1,0,
2026-06-19 17:16:49.377,1781907409377,1694.8953,4.9,0,1,0,
2026-06-19 17:16:49.417,1781907409417,1694.8953,4.5,0,1,0,
2026-06-19 17:16:49.457,1781907409457,1694.8953,4.9,0,1,0,
2026-06-19 17:16:49.497,1781907409497,1694.8953,4.4,0,1,0,
2026-06-19 17:16:49.537,1781907409537,1694.8953,4.9,0,1,0,
2026-06-19 17:16:49.577,1781907409577,1694.8953,4.8,0,1,0,
2026-06-19 17:16:49.617,1781907409617,994.0778,4.8,0,1,0,
2026-06-19 17:16:49.657,1781907409657,994.0778,4.8,0,1,0,
2026-06-19 17:16:49.697,1781907409697,994.0778,4.9,0,1,0,
2026-06-19 17:16:49.737,1781907409737,994.0778,4.8,0,0,0,
2026-06-19 17:16:49.777,1781907409777,994.0778,4.4,0,0,0,
2026-06-19 17:16:49.817,1781907409817,994.0778,4.2,0,0,0,
2026-06-19 17:16:49.857,1781907409857,994.0778,3.8,0,0,0,
2026-06-19 17:16:49.897,1781907409897,747.0692,3.8,0,0,0,
2026-06-19 17:16:49.937,1781907409937,747.0692,4.3,0,0,0,
2026-06-19 17:16:49.977,1781907409977,747.0692,3.7,0,0,0,
2026-06-19 17:16:50.017,1781907410017,747.0692,3.7,0,0,0,
2026-06-19 17:16:50.057,1781907410057,747.0692,4.2,0,0,0,
2026-06-19 17:16:50.097,1781907410097,747.0692,4.2,0,0,0,
2026-06-19 17:16:50.137,1781907410137,892.3624,4.0,0,0,0,
2026-06-19 17:16:50.177,1781907410177,892.3624,4.0,0,0,0,
2026-06-19 17:16:50.217,1781907410217,892.3624,4.4,0,0,0,
2026-06-19 17:16:50.257,1781907410257,892.3624,4.4,0,0,0,
2026-06-19 17:16:50.297,1781907410297,892.3624,4.3,0,0,0,
2026-06-19 17:16:50.337,1781907410337,892.3624,3.4,0,0,0,
2026-06-19 17:16:50.377,1781907410377,892.3624,3.9,0,0,0,
2026-06-19 17:16:50.417,1781907410417,510.7561,3.8,0,0,0,
2026-06-19 17:16:50.457,1781907410457,510.7561,3.8,0,0,0,
2026-06-19 17:16:50.497,1781907410497,510.7561,3.7,0,0,0,
2026-06-19 17:16:50.537,1781907410537,510.7561,3.4,0,0,0,
2026-06-19 17:16:50.577,1781907410577,510.7561,3.7,0,0,0,
2026-06-19 17:16:50.617,1781907410617,510.7561,3.8,0,0,0,
2026-06-19 17:16:50.657,1781907410657,480.0916,3.3,0,0,0,
2026-06-19 17:16:50.697,1781907410697,480.0916,3.3,0,0,0,
2026-06-19 17:16:50.737,1781907410737,480.0916,3.3,0,0,0,
2026-06-19 17:16:50.777,1781907410777,480.0916,3.7,0,0,0,
2026-06-19 17:16:50.817,1781907410817,480.0916,3.7,0,0,0,
2026-06-19 17:16:50.857,1781907410857,480.0916,3.7,0,0,0,
2026-06-19 17:16:50.897,1781907410897,480.0916,3.4,0,0,0,
2026-06-19 17:16:50.937,1781907410937,503.5369,3.3,0,0,0,
2026-06-19 17:16:50.977,1781907410977,503.5369,3.7,0,0,0,
2026-06-19 17:16:51.017,1781907411017,503.5369,3.7,0,0,0,
2026-06-19 17:16:51.057,1781907411057,503.5369,3.4,0,0,0,
2026-06-19 17:16:51.097,1781907411097,503.5369,3.3,0,0,0,
2026-06-19 17:16:51.136,1781907411136,503.5369,3.8,0,0,0,
2026-06-19 17:16:51.177,1781907411177,521.5610,3.3,0,0,0,
2026-06-19 17:16:51.217,1781907411217,521.5610,3.4,0,0,0,
2026-06-19 17:16:51.257,1781907411257,521.5610,3.8,0,0,0,
2026-06-19 17:16:51.297,1781907411297,521.5610,3.8,0,0,0,
2026-06-19 17:16:51.337,1781907411337,521.5610,3.7,0,0,0,
2026-06-19 17:16:51.377,1781907411377,521.5610,3.4,0,0,0,
2026-06-19 17:16:51.417,1781907411417,521.5610,3.9,0,0,0,
2026-06-19 17:16:51.457,1781907411457,538.0692,3.8,0,0,0,
2026-06-19 17:16:51.497,1781907411497,538.0692,3.9,0,0,0,
2026-06-19 17:16:51.537,1781907411537,538.0692,3.7,0,0,0,
2026-06-19 17:16:51.577,1781907411577,538.0692,3.3,0,0,0,
2026-06-19 17:16:51.617,1781907411617,538.0692,3.8,0,0,0,
2026-06-19 17:16:51.657,1781907411657,538.0692,3.9,0,0,0,
2026-06-19 17:16:51.697,1781907411697,628.6091,2.9,0,0,0,
2026-06-19 17:16:51.737,1781907411737,628.6091,3.4,0,0,0,
2026-06-19 17:16:51.777,1781907411777,628.6091,3.4,0,0,0,
2026-06-19 17:16:51.817,1781907411817,628.6091,3.4,0,0,0,
2026-06-19 17:16:51.857,1781907411857,628.6091,3.8,0,0,0,
2026-06-19 17:16:51.897,1781907411897,628.6091,3.2,0,0,0,
2026-06-19 17:16:51.937,1781907411937,628.6091,3.8,0,0,0,
2026-06-19 17:16:51.977,1781907411977,833.6865,3.8,0,0,0,
2026-06-19 17:16:52.017,1781907412017,833.6865,3.3,0,0,0,
2026-06-19 17:16:52.057,1781907412057,833.6865,3.4,0,0,0,
2026-06-19 17:16:52.097,1781907412097,833.6865,3.4,0,0,0,
2026-06-19 17:16:52.137,1781907412137,833.6865,3.3,0,0,0,
2026-06-19 17:16:52.177,1781907412177,833.6865,3.4,0,0,0,
2026-06-19 17:16:52.217,1781907412217,2009.4468,3.8,0,0,0,
2026-06-19 17:16:52.257,1781907412257,2009.4468,3.8,0,0,0,
2026-06-19 17:16:52.297,1781907412297,2009.4468,3.4,0,0,0,
2026-06-19 17:16:52.337,1781907412337,2009.4468,3.9,0,0,0,
2026-06-19 17:16:52.377,1781907412377,2009.4468,3.8,0,0,0,
2026-06-19 17:16:52.417,1781907412417,2009.4468,3.4,0,0,0,
2026-06-19 17:16:52.457,1781907412457,2009.4468,3.8,0,0,0,
2026-06-19 17:16:52.497,1781907412497,2004.2761,3.4,0,0,0,
2026-06-19 17:16:52.537,1781907412537,2004.2761,3.8,0,0,0,
2026-06-19 17:16:52.577,1781907412577,2004.2761,3.9,0,0,0,
2026-06-19 17:16:52.617,1781907412617,2004.2761,3.3,0,0,0,
2026-06-19 17:16:52.657,1781907412657,2004.2761,3.3,0,0,0,
2026-06-19 17:16:52.697,1781907412697,2004.2761,3.8,0,0,0,
2026-06-19 17:16:52.737,1781907412737,2074.1597,3.8,0,0,0,
2026-06-19 17:16:52.777,1781907412777,2074.1597,3.4,0,0,0,
2026-06-19 17:16:52.817,1781907412817,2074.1597,3.8,0,0,0,
2026-06-19 17:16:52.857,1781907412857,2074.1597,3.8,0,0,0,
2026-06-19 17:16:52.897,1781907412897,2074.1597,3.4,0,0,0,
2026-06-19 17:16:52.937,1781907412937,2074.1597,3.4,0,0,0,
2026-06-19 17:16:52.977,1781907412977,2074.1597,3.9,0,0,0,
2026-06-19 17:16:53.017,1781907413017,1973.1847,4.3,0,0,0,
2026-06-19 17:16:53.057,1781907413057,1973.1847,4.3,0,0,0,
2026-06-19 17:16:53.097,1781907413097,1973.1847,4.0,0,0,0,
2026-06-19 17:16:53.137,1781907413137,1973.1847,4.3,0,0,0,
2026-06-19 17:16:53.177,1781907413177,1973.1847,4.4,0,0,0,
2026-06-19 17:16:53.217,1781907413217,1973.1847,4.0,0,0,0,
2026-06-19 17:16:53.257,1781907413257,2137.8965,3.8,0,0,0,
2026-06-19 17:16:53.297,1781907413297,2137.8965,3.8,0,0,0,
2026-06-19 17:16:53.337,1781907413337,2137.8965,3.9,0,0,0,
2026-06-19 17:16:53.377,1781907413377,2137.8965,3.9,0,0,0,
2026-06-19 17:16:53.417,1781907413417,2137.8965,4.0,0,0,0,
2026-06-19 17:16:53.457,1781907413457,2137.8965,4.4,0,0,0,
2026-06-19 17:16:53.497,1781907413497,2137.8965,4.4,0,0,0,
2026-06-19 17:16:53.537,1781907413537,2046.5880,4.1,0,0,0,
2026-06-19 17:16:53.577,1781907413577,2046.5880,4.1,0,0,0,
2026-06-19 17:16:53.617,1781907413617,2046.5880,3.9,0,0,0,
2026-06-19 17:16:53.657,1781907413657,2046.5880,4.8,0,0,0,
2026-06-19 17:16:53.697,1781907413697,2046.5880,4.3,0,0,0,
2026-06-19 17:16:53.737,1781907413737,2046.5880,4.3,0,0,0,
2026-06-19 17:16:53.777,1781907413777,2051.8264,4.3,0,0,0,
2026-06-19 17:16:53.817,1781907413817,2051.8264,4.3,0,0,0,
2026-06-19 17:16:53.857,1781907413857,2051.8264,4.1,0,0,0,
2026-06-19 17:16:53.897,1781907413897,2051.8264,3.8,0,0,0,
2026-06-19 17:16:53.937,1781907413937,2051.8264,4.3,0,0,0,
2026-06-19 17:16:53.977,1781907413977,2051.8264,3.8,0,0,0,
2026-06-19 17:16:54.017,1781907414017,2051.8264,3.3,0,0,0,
2026-06-19 17:16:54.057,1781907414057,2131.2910,3.7,0,0,0,
2026-06-19 17:16:54.097,1781907414097,2131.2910,4.2,0,0,0,
2026-06-19 17:16:54.137,1781907414137,2131.2910,3.7,0,0,0,
2026-06-19 17:16:54.177,1781907414177,2131.2910,4.2,0,0,0,
2026-06-19 17:16:54.217,1781907414217,2131.2910,3.8,0,0,0,
2026-06-19 17:16:54.257,1781907414257,2131.2910,4.3,0,0,0,
2026-06-19 17:16:54.297,1781907414297,2122.6887,3.8,0,0,0,
2026-06-19 17:16:54.337,1781907414337,2122.6887,4.3,0,0,0,
2026-06-19 17:16:54.377,1781907414377,2122.6887,4.3,0,0,0,
2026-06-19 17:16:54.417,1781907414417,2122.6887,4.2,0,0,0,
2026-06-19 17:16:54.457,1781907414457,2122.6887,3.7,0,0,0,
2026-06-19 17:16:54.497,1781907414497,2122.6887,3.7,0,0,0,
2026-06-19 17:16:54.537,1781907414537,2122.6887,4.5,0,0,0,
2026-06-19 17:16:54.577,1781907414577,1605.1543,3.9,0,0,0,
2026-06-19 17:16:54.617,1781907414617,1605.1543,4.0,0,0,0,
2026-06-19 17:16:54.657,1781907414657,1605.1543,3.8,0,0,0,
2026-06-19 17:16:54.697,1781907414697,1605.1543,3.8,0,0,0,
2026-06-19 17:16:54.737,1781907414737,1605.1543,3.9,0,0,0,
2026-06-19 17:16:54.777,1781907414777,1605.1543,3.9,0,0,0,
2026-06-19 17:16:54.817,1781907414817,1380.0341,3.8,0,0,0,
2026-06-19 17:16:54.857,1781907414857,1380.0341,3.8,0,0,0,
2026-06-19 17:16:54.897,1781907414897,1380.0341,3.8,0,0,0,
2026-06-19 17:16:54.937,1781907414937,1380.0341,3.9,0,0,0,
2026-06-19 17:16:54.977,1781907414977,1380.0341,3.4,0,0,0,
2026-06-19 17:16:55.017,1781907415017,1380.0341,3.9,0,0,0,
2026-06-19 17:16:55.057,1781907415057,1380.0341,3.4,0,0,0,
2026-06-19 17:16:55.097,1781907415097,1567.9310,3.8,0,0,0,
2026-06-19 17:16:55.137,1781907415137,1567.9310,3.4,0,0,0,
2026-06-19 17:16:55.177,1781907415177,1567.9310,3.9,0,0,0,
2026-06-19 17:16:55.217,1781907415217,1567.9310,3.9,0,0,0,
2026-06-19 17:16:55.257,1781907415257,1567.9310,3.7,0,0,0,
2026-06-19 17:16:55.297,1781907415297,1567.9310,3.9,0,0,0,
2026-06-19 17:16:55.337,1781907415337,1633.6044,3.8,0,0,0,
2026-06-19 17:16:55.377,1781907415377,1633.6044,3.4,0,0,0,
2026-06-19 17:16:55.417,1781907415417,1633.6044,3.8,0,0,0,
2026-06-19 17:16:55.457,1781907415457,1633.6044,3.8,0,0,0,
2026-06-19 17:16:55.497,1781907415497,1633.6044,3.9,0,0,0,
2026-06-19 17:16:55.537,1781907415537,1633.6044,3.8,0,0,0,
2026-06-19 17:16:55.577,1781907415577,1633.6044,3.4,0,0,0,
2026-06-19 17:16:55.617,1781907415617,1385.4296,3.4,0,0,0,
2026-06-19 17:16:55.657,1781907415657,1385.4296,3.8,0,0,0,
2026-06-19 17:16:55.697,1781907415697,1385.4296,3.4,0,0,0,
2026-06-19 17:16:55.737,1781907415737,1385.4296,3.4,0,0,0,
2026-06-19 17:16:55.777,1781907415777,1385.4296,3.8,0,0,0,
2026-06-19 17:16:55.817,1781907415817,1385.4296,3.8,0,0,0,
2026-06-19 17:16:55.857,1781907415857,1391.5769,3.8,0,0,0,
2026-06-19 17:16:55.897,1781907415897,1391.5769,3.4,0,0,0,
2026-06-19 17:16:55.937,1781907415937,1391.5769,3.9,0,0,0,
2026-06-19 17:16:55.977,1781907415977,1391.5769,3.4,0,0,0,
2026-06-19 17:16:56.017,1781907416017,1391.5769,3.8,0,0,0,
2026-06-19 17:16:56.057,1781907416057,1391.5769,3.9,0,0,0,
2026-06-19 17:16:56.097,1781907416097,1391.5769,3.9,0,0,0,
2026-06-19 17:16:56.137,1781907416137,1404.4417,3.8,0,0,0,
2026-06-19 17:16:56.177,1781907416177,1404.4417,3.8,0,0,0,
2026-06-19 17:16:56.217,1781907416217,1404.4417,3.9,0,0,0,
2026-06-19 17:16:56.257,1781907416257,1404.4417,3.4,0,0,0,
2026-06-19 17:16:56.297,1781907416297,1404.4417,4.3,0,0,0,
2026-06-19 17:16:56.337,1781907416337,1404.4417,3.4,0,0,0,
2026-06-19 17:16:56.377,1781907416377,1470.7491,3.8,0,0,0,
2026-06-19 17:16:56.417,1781907416417,1470.7491,3.9,0,0,0,
2026-06-19 17:16:56.457,1781907416457,1470.7491,3.8,0,0,0,
2026-06-19 17:16:56.497,1781907416497,1470.7491,3.4,0,0,0,
2026-06-19 17:16:56.537,1781907416537,1470.7491,3.4,0,0,0,
2026-06-19 17:16:56.577,1781907416577,1470.7491,3.9,0,0,0,
2026-06-19 17:16:56.617,1781907416617,1470.7491,3.3,0,0,0,
2026-06-19 17:16:56.657,1781907416657,1384.3094,3.8,0,0,0,
2026-06-19 17:16:56.697,1781907416697,1384.3094,3.9,0,0,0,
2026-06-19 17:16:56.737,1781907416737,1384.3094,3.8,0,0,0,
2026-06-19 17:16:56.777,1781907416777,1384.3094,3.9,0,0,0,
2026-06-19 17:16:56.817,1781907416817,1384.3094,3.3,0,0,0,
2026-06-19 17:16:56.857,1781907416857,1384.3094,3.8,0,0,0,
2026-06-19 17:16:56.897,1781907416897,1377.4666,3.4,0,0,0,FUGA
2026-06-19 17:16:56.937,1781907416937,1377.4666,3.7,0,0,0,
2026-06-19 17:16:56.977,1781907416977,1377.4666,3.8,0,0,0,
2026-06-19 17:16:57.017,1781907417017,1377.4666,3.8,0,0,0,
2026-06-19 17:16:57.057,1781907417057,1377.4666,3.4,0,0,0,
2026-06-19 17:16:57.097,1781907417097,1377.4666,3.3,0,0,0,
2026-06-19 17:16:57.137,1781907417137,1377.4666,3.7,0,0,0,
2026-06-19 17:16:57.177,1781907417177,1314.7922,3.4,0,0,0,
2026-06-19 17:16:57.217,1781907417217,1314.7922,3.4,0,0,0,
2026-06-19 17:16:57.257,1781907417257,1314.7922,3.4,0,0,0,
2026-06-19 17:16:57.297,1781907417297,1314.7922,3.8,0,0,0,
2026-06-19 17:16:57.337,1781907417337,1314.7922,3.4,0,0,0,
2026-06-19 17:16:57.377,1781907417377,1314.7922,3.4,0,0,0,
2026-06-19 17:16:57.417,1781907417417,1403.5377,3.4,0,0,0,
2026-06-19 17:16:57.457,1781907417457,1403.5377,3.4,0,0,0,
2026-06-19 17:16:57.497,1781907417497,1403.5377,3.8,0,0,0,
2026-06-19 17:16:57.537,1781907417537,1403.5377,3.4,0,0,0,
2026-06-19 17:16:57.577,1781907417577,1403.5377,3.7,0,0,0,
2026-06-19 17:16:57.617,1781907417617,1403.5377,3.3,0,0,0,
2026-06-19 17:16:57.657,1781907417657,1403.5377,3.2,0,0,0,
2026-06-19 17:16:57.697,1781907417697,1318.7905,3.8,0,0,0,
2026-06-19 17:16:57.737,1781907417737,1318.7905,3.8,0,0,0,
2026-06-19 17:16:57.777,1781907417777,1318.7905,3.8,0,0,0,
2026-06-19 17:16:57.817,1781907417817,1318.7905,3.9,0,0,0,
2026-06-19 17:16:57.857,1781907417857,1318.7905,3.8,0,0,0,
2026-06-19 17:16:57.897,1781907417897,1318.7905,3.4,0,0,0,
2026-06-19 17:16:57.937,1781907417937,1372.0360,3.3,0,0,0,
2026-06-19 17:16:57.977,1781907417977,1372.0360,3.8,0,0,0,
2026-06-19 17:16:58.017,1781907418017,1372.0360,3.8,0,0,0,
2026-06-19 17:16:58.057,1781907418057,1372.0360,3.8,0,0,0,
2026-06-19 17:16:58.097,1781907418097,1372.0360,3.4,0,0,0,
2026-06-19 17:16:58.137,1781907418137,1372.0360,3.3,0,0,0,
2026-06-19 17:16:58.177,1781907418177,1372.0360,3.4,0,0,0,
2026-06-19 17:16:58.217,1781907418217,1474.9106,3.3,0,0,0,
2026-06-19 17:16:58.257,1781907418257,1474.9106,3.2,0,0,0,
2026-06-19 17:16:58.297,1781907418297,1474.9106,3.2,0,0,0,
2026-06-19 17:16:58.337,1781907418337,1474.9106,3.4,0,0,0,
2026-06-19 17:16:58.377,1781907418377,1474.9106,3.3,0,0,0,
2026-06-19 17:16:58.417,1781907418417,1474.9106,3.3,0,0,0,
2026-06-19 17:16:58.457,1781907418457,1517.1453,3.3,0,0,0,
2026-06-19 17:16:58.497,1781907418497,1517.1453,3.4,0,0,0,
2026-06-19 17:16:58.537,1781907418537,1517.1453,3.4,0,0,0,
2026-06-19 17:16:58.577,1781907418577,1517.1453,3.3,0,0,0,
2026-06-19 17:16:58.617,1781907418617,1517.1453,3.4,0,0,0,
2026-06-19 17:16:58.657,1781907418657,1517.1453,3.3,0,0,0,
2026-06-19 17:16:58.697,1781907418697,1517.1453,3.2,0,0,0,
2026-06-19 17:16:58.737,1781907418737,1498.4720,3.3,0,0,0,
2026-06-19 17:16:58.777,1781907418777,1498.4720,3.4,0,0,0,
2026-06-19 17:16:58.817,1781907418817,1498.4720,3.7,0,0,0,
2026-06-19 17:16:58.857,1781907418857,1498.4720,3.3,0,0,0,
2026-06-19 17:16:58.897,1781907418897,1498.4720,3.4,0,0,0,
2026-06-19 17:16:58.937,1781907418937,1498.4720,3.3,0,0,0,
2026-06-19 17:16:58.977,1781907418977,1515.8406,3.3,0,0,0,
2026-06-19 17:16:59.017,1781907419017,1515.8406,3.3,0,0,0,
2026-06-19 17:16:59.057,1781907419057,1515.8406,3.7,0,0,0,
2026-06-19 17:16:59.097,1781907419097,1515.8406,3.4,0,0,0,
2026-06-19 17:16:59.137,1781907419137,1515.8406,3.3,0,0,0,
2026-06-19 17:16:59.177,1781907419177,1515.8406,3.8,0,0,0,
2026-06-19 17:16:59.217,1781907419217,1515.8406,3.7,0,0,0,
2026-06-19 17:16:59.257,1781907419257,1475.6807,3.3,0,0,0,
2026-06-19 17:16:59.297,1781907419297,1475.6807,3.8,0,0,0,
2026-06-19 17:16:59.337,1781907419337,1475.6807,3.3,0,0,0,
2026-06-19 17:16:59.377,1781907419377,1475.6807,3.3,0,0,0,
2026-06-19 17:16:59.417,1781907419417,1475.6807,3.8,0,0,0,
2026-06-19 17:16:59.457,1781907419457,1475.6807,3.3,0,0,0,
2026-06-19 17:16:59.497,1781907419497,1274.0715,3.3,0,0,0,
2026-06-19 17:16:59.537,1781907419537,1274.0715,3.2,0,0,0,
2026-06-19 17:16:59.577,1781907419577,1274.0715,3.3,0,0,0,
2026-06-19 17:16:59.617,1781907419617,1274.0715,3.9,0,0,0,
2026-06-19 17:16:59.657,1781907419657,1274.0715,3.2,0,0,0,
2026-06-19 17:16:59.697,1781907419697,1274.0715,3.3,0,0,0,
2026-06-19 17:16:59.737,1781907419737,1274.0715,3.3,0,0,0,
2026-06-19 17:16:59.777,1781907419777,1164.3247,3.3,0,0,0,
2026-06-19 17:16:59.817,1781907419817,1164.3247,3.4,0,0,0,
2026-06-19 17:16:59.857,1781907419857,1164.3247,3.4,0,0,0,
2026-06-19 17:16:59.897,1781907419897,1164.3247,3.4,0,0,0,
2026-06-19 17:16:59.937,1781907419937,1164.3247,3.4,0,0,0,
2026-06-19 17:16:59.977,1781907419977,1164.3247,3.3,0,0,0,
2026-06-19 17:17:00.017,1781907420017,1174.4644,3.3,0,0,0,
2026-06-19 17:17:00.057,1781907420057,1174.4644,3.2,0,0,0,
2026-06-19 17:17:00.097,1781907420097,1174.4644,3.4,0,0,0,
2026-06-19 17:17:00.137,1781907420137,1174.4644,3.2,0,0,0,
2026-06-19 17:17:00.177,1781907420177,1174.4644,3.3,0,0,0,
2026-06-19 17:17:00.217,1781907420217,1174.4644,3.3,0,0,0,
2026-06-19 17:17:00.257,1781907420257,1174.4644,3.7,0,0,0,
2026-06-19 17:17:00.297,1781907420297,1109.5272,3.3,0,0,0,
2026-06-19 17:17:00.337,1781907420337,1109.5272,3.4,0,0,0,
2026-06-19 17:17:00.377,1781907420377,1109.5272,3.4,0,0,0,
2026-06-19 17:17:00.417,1781907420417,1109.5272,3.4,0,0,0,
2026-06-19 17:17:00.457,1781907420457,1109.5272,4.0,0,0,0,
2026-06-19 17:17:00.497,1781907420497,1109.5272,3.7,0,0,0,
2026-06-19 17:17:00.537,1781907420537,1199.8254,4.3,0,0,0,
2026-06-19 17:17:00.577,1781907420577,1199.8254,4.5,0,0,0,
2026-06-19 17:17:00.617,1781907420617,1199.8254,4.5,0,0,0,
2026-06-19 17:17:00.657,1781907420657,1199.8254,4.2,0,0,0,
2026-06-19 17:17:00.697,1781907420697,1199.8254,4.8,0,0,0,
2026-06-19 17:17:00.737,1781907420737,1199.8254,4.9,0,0,0,
2026-06-19 17:17:00.777,1781907420777,1199.8254,5.0,0,0,0,
2026-06-19 17:17:00.817,1781907420817,1369.8848,5.1,0,0,0,
2026-06-19 17:17:00.857,1781907420857,1369.8848,5.1,0,0,0,
2026-06-19 17:17:00.897,1781907420897,1369.8848,4.6,0,0,0,
2026-06-19 17:17:00.937,1781907420937,1369.8848,4.6,0,0,0,
2026-06-19 17:17:00.977,1781907420977,1369.8848,4.6,0,0,0,
2026-06-19 17:17:01.017,1781907421017,1369.8848,5.2,0,0,0,
2026-06-19 17:17:01.057,1781907421057,1424.2985,5.4,0,0,0,
2026-06-19 17:17:01.097,1781907421097,1424.2985,5.4,0,0,0,
2026-06-19 17:17:01.137,1781907421137,1424.2985,6.2,0,0,0,
2026-06-19 17:17:01.177,1781907421177,1424.2985,5.9,0,0,0,
2026-06-19 17:17:01.217,1781907421217,1424.2985,5.8,0,0,0,
2026-06-19 17:17:01.257,1781907421257,1424.2985,6.0,0,0,0,
2026-06-19 17:17:01.297,1781907421297,1424.2985,6.5,0,0,0,
2026-06-19 17:17:01.337,1781907421337,1250.2292,7.0,0,0,0,
2026-06-19 17:17:01.377,1781907421377,1250.2292,5.9,0,0,0,
2026-06-19 17:17:01.417,1781907421417,1250.2292,6.3,0,0,0,
2026-06-19 17:17:01.457,1781907421457,1250.2292,6.3,0,0,0,
2026-06-19 17:17:01.497,1781907421497,1250.2292,6.3,0,0,0,
2026-06-19 17:17:01.537,1781907421537,1250.2292,6.8,0,0,0,
2026-06-19 17:17:01.577,1781907421577,1209.8082,6.2,0,0,0,
2026-06-19 17:17:01.617,1781907421617,1209.8082,7.0,0,0,0,
2026-06-19 17:17:01.657,1781907421657,1209.8082,6.0,0,0,0,
2026-06-19 17:17:01.697,1781907421697,1209.8082,6.2,0,0,0,
2026-06-19 17:17:01.737,1781907421737,1209.8082,6.1,0,0,0,
2026-06-19 17:17:01.777,1781907421777,1209.8082,5.6,0,0,0,
2026-06-19 17:17:01.817,1781907421817,1209.8082,6.0,0,0,0,
2026-06-19 17:17:01.857,1781907421857,1389.6592,6.0,0,0,0,
2026-06-19 17:17:01.897,1781907421897,1389.6592,5.5,0,0,0,
2026-06-19 17:17:01.937,1781907421937,1389.6592,5.4,0,0,0,
2026-06-19 17:17:01.977,1781907421977,1389.6592,5.2,0,0,0,
2026-06-19 17:17:02.017,1781907422017,1389.6592,4.5,0,0,0,
2026-06-19 17:17:02.057,1781907422057,1389.6592,5.2,0,0,0,
2026-06-19 17:17:02.097,1781907422097,1350.3608,4.8,0,0,0,
2026-06-19 17:17:02.137,1781907422137,1350.3608,5.3,0,0,0,
2026-06-19 17:17:02.177,1781907422177,1350.3608,5.2,0,0,0,
2026-06-19 17:17:02.217,1781907422217,1350.3608,4.8,0,0,0,
2026-06-19 17:17:02.257,1781907422257,1350.3608,5.3,0,0,0,
2026-06-19 17:17:02.297,1781907422297,1350.3608,4.9,0,0,0,
2026-06-19 17:17:02.337,1781907422337,1350.3608,5.2,0,0,0,
2026-06-19 17:17:02.377,1781907422377,1378.0898,4.7,0,0,0,
2026-06-19 17:17:02.417,1781907422417,1378.0898,4.7,0,0,0,
2026-06-19 17:17:02.457,1781907422457,1378.0898,5.2,0,0,0,
2026-06-19 17:17:02.497,1781907422497,1378.0898,5.2,0,0,0,
2026-06-19 17:17:02.537,1781907422537,1378.0898,5.2,0,0,0,
2026-06-19 17:17:02.577,1781907422577,1378.0898,5.2,0,0,0,
2026-06-19 17:17:02.617,1781907422617,1836.3083,5.2,0,0,0,
2026-06-19 17:17:02.657,1781907422657,1836.3083,5.2,0,0,0,
2026-06-19 17:17:02.697,1781907422697,1836.3083,5.2,0,0,0,
2026-06-19 17:17:02.737,1781907422737,1836.3083,4.7,0,0,0,
2026-06-19 17:17:02.777,1781907422777,1836.3083,5.2,0,0,0,
2026-06-19 17:17:02.817,1781907422817,1836.3083,5.3,0,0,0,
2026-06-19 17:17:02.857,1781907422857,1836.3083,5.0,0,0,0,
2026-06-19 17:17:02.897,1781907422897,933.5234,5.3,0,0,0,
2026-06-19 17:17:02.937,1781907422937,933.5234,5.2,0,0,0,
2026-06-19 17:17:02.977,1781907422977,933.5234,5.3,0,0,0,
2026-06-19 17:17:03.017,1781907423017,933.5234,5.2,0,0,0,
2026-06-19 17:17:03.057,1781907423057,933.5234,4.9,0,0,0,
2026-06-19 17:17:03.097,1781907423097,933.5234,5.2,0,0,0,
2026-06-19 17:17:03.137,1781907423137,873.1868,5.3,0,0,0,
2026-06-19 17:17:03.177,1781907423177,873.1868,5.3,0,0,0,
2026-06-19 17:17:03.217,1781907423217,873.1868,4.9,0,0,0,
2026-06-19 17:17:03.257,1781907423257,873.1868,5.3,0,0,0,
2026-06-19 17:17:03.297,1781907423297,873.1868,4.9,0,0,0,
2026-06-19 17:17:03.337,1781907423337,873.1868,4.9,0,0,0,
2026-06-19 17:17:03.377,1781907423377,873.1868,5.2,0,0,0,
2026-06-19 17:17:03.417,1781907423417,1066.0474,4.8,0,0,0,
2026-06-19 17:17:03.457,1781907423457,1066.0474,4.9,0,0,0,
2026-06-19 17:17:03.497,1781907423497,1066.0474,5.2,0,0,0,
2026-06-19 17:17:03.537,1781907423537,1066.0474,5.3,0,0,0,
2026-06-19 17:17:03.577,1781907423577,1066.0474,5.3,0,0,0,
2026-06-19 17:17:03.617,1781907423617,1066.0474,5.3,0,0,0,
2026-06-19 17:17:03.657,1781907423657,1068.6885,4.9,0,0,0,
2026-06-19 17:17:03.697,1781907423697,1068.6885,5.3,0,0,0,
2026-06-19 17:17:03.737,1781907423737,1068.6885,5.3,0,0,0,
2026-06-19 17:17:03.777,1781907423777,1068.6885,5.3,0,0,0,
2026-06-19 17:17:03.817,1781907423817,1068.6885,5.3,0,0,0,
2026-06-19 17:17:03.857,1781907423857,1068.6885,5.3,0,0,0,
2026-06-19 17:17:03.897,1781907423897,1068.6885,5.3,0,0,0,
2026-06-19 17:17:03.937,1781907423937,1095.0470,5.3,0,0,0,
2026-06-19 17:17:03.977,1781907423977,1095.0470,5.3,0,0,0,
2026-06-19 17:17:04.017,1781907424017,1095.0470,5.2,0,0,0,
2026-06-19 17:17:04.057,1781907424057,1095.0470,5.2,0,0,0,
2026-06-19 17:17:04.097,1781907424097,1095.0470,4.8,0,0,0,
2026-06-19 17:17:04.137,1781907424137,1095.0470,4.9,0,0,0,
2026-06-19 17:17:04.177,1781907424177,1082.7147,5.2,0,0,0,
2026-06-19 17:17:04.217,1781907424217,1082.7147,5.2,0,0,0,
2026-06-19 17:17:04.257,1781907424257,1082.7147,4.9,0,0,0,
2026-06-19 17:17:04.297,1781907424297,1082.7147,5.2,0,0,0,
2026-06-19 17:17:04.337,1781907424337,1082.7147,5.2,0,0,0,
2026-06-19 17:17:04.377,1781907424377,1082.7147,5.1,0,0,0,
2026-06-19 17:17:04.417,1781907424417,1082.7147,5.3,0,0,0,
2026-06-19 17:17:04.457,1781907424457,1129.7427,5.2,0,0,0,
2026-06-19 17:17:04.497,1781907424497,1129.7427,5.3,0,0,0,
2026-06-19 17:17:04.537,1781907424537,1129.7427,5.2,0,0,0,
2026-06-19 17:17:04.577,1781907424577,1129.7427,5.2,0,0,0,
2026-06-19 17:17:04.617,1781907424617,1129.7427,5.2,0,0,0,
2026-06-19 17:17:04.657,1781907424657,1129.7427,5.2,0,0,0,
2026-06-19 17:17:04.697,1781907424697,1196.3383,5.2,0,0,0,
2026-06-19 17:17:04.737,1781907424737,1196.3383,5.2,0,0,0,
2026-06-19 17:17:04.777,1781907424777,1196.3383,5.3,0,0,0,
2026-06-19 17:17:04.817,1781907424817,1196.3383,5.2,0,0,0,
2026-06-19 17:17:04.857,1781907424857,1196.3383,4.9,0,0,0,
2026-06-19 17:17:04.897,1781907424897,1196.3383,4.8,0,0,0,
2026-06-19 17:17:04.937,1781907424937,1196.3383,5.2,0,0,0,
2026-06-19 17:17:04.977,1781907424977,1192.2646,5.1,0,0,0,
2026-06-19 17:17:05.017,1781907425017,1192.2646,4.8,0,0,0,
2026-06-19 17:17:05.057,1781907425057,1192.2646,4.8,0,0,0,
2026-06-19 17:17:05.097,1781907425097,1192.2646,4.8,0,0,0,
2026-06-19 17:17:05.137,1781907425137,1192.2646,4.8,0,0,0,
2026-06-19 17:17:05.177,1781907425177,1192.2646,4.8,0,0,0,
2026-06-19 17:17:05.217,1781907425217,1084.7493,4.7,0,0,0,
2026-06-19 17:17:05.257,1781907425257,1084.7493,5.2,0,0,0,
2026-06-19 17:17:05.297,1781907425297,1084.7493,5.2,0,0,0,
2026-06-19 17:17:05.337,1781907425337,1084.7493,4.7,0,0,0,
2026-06-19 17:17:05.377,1781907425377,1084.7493,4.7,0,0,0,
2026-06-19 17:17:05.417,1781907425417,1084.7493,4.6,0,0,0,
2026-06-19 17:17:05.457,1781907425457,1084.7493,4.6,0,0,0,
2026-06-19 17:17:05.497,1781907425497,765.9160,4.7,0,0,0,
2026-06-19 17:17:05.537,1781907425537,765.9160,5.2,0,0,0,
2026-06-19 17:17:05.577,1781907425577,765.9160,4.7,0,0,0,
2026-06-19 17:17:05.617,1781907425617,765.9160,4.8,0,0,0,
2026-06-19 17:17:05.657,1781907425657,765.9160,4.7,0,0,0,
2026-06-19 17:17:05.697,1781907425697,765.9160,4.8,0,0,0,
2026-06-19 17:17:05.737,1781907425737,510.7324,4.3,0,0,0,
2026-06-19 17:17:05.777,1781907425777,510.7324,4.8,0,0,0,
2026-06-19 17:17:05.817,1781907425817,510.7324,4.7,0,0,0,
2026-06-19 17:17:05.857,1781907425857,510.7324,4.7,0,0,0,
2026-06-19 17:17:05.897,1781907425897,510.7324,4.7,0,0,0,
2026-06-19 17:17:05.937,1781907425937,510.7324,4.8,0,0,0,
2026-06-19 17:17:05.977,1781907425977,510.7324,4.7,0,0,0,
2026-06-19 17:17:06.017,1781907426017,452.2440,4.7,0,0,0,
2026-06-19 17:17:06.057,1781907426057,452.2440,4.7,0,0,0,
2026-06-19 17:17:06.097,1781907426097,452.2440,4.6,0,0,0,
2026-06-19 17:17:06.137,1781907426137,452.2440,4.7,0,0,0,
2026-06-19 17:17:06.177,1781907426177,452.2440,4.6,0,0,0,
2026-06-19 17:17:06.217,1781907426217,452.2440,4.8,0,0,0,
2026-06-19 17:17:06.257,1781907426257,470.1330,4.7,0,0,0,
2026-06-19 17:17:06.297,1781907426297,470.1330,4.7,0,0,0,
2026-06-19 17:17:06.337,1781907426337,470.1330,4.7,0,0,0,
2026-06-19 17:17:06.377,1781907426377,470.1330,5.2,0,0,0,
2026-06-19 17:17:06.417,1781907426417,470.1330,5.2,0,0,0,
2026-06-19 17:17:06.457,1781907426457,470.1330,5.2,0,0,0,
2026-06-19 17:17:06.497,1781907426497,470.1330,5.2,0,0,0,
2026-06-19 17:17:06.537,1781907426537,442.7381,5.2,0,0,0,
2026-06-19 17:17:06.577,1781907426577,442.7381,5.2,0,0,0,
2026-06-19 17:17:06.617,1781907426617,442.7381,5.2,0,0,0,
2026-06-19 17:17:06.657,1781907426657,442.7381,5.3,0,0,0,
2026-06-19 17:17:06.697,1781907426697,442.7381,5.2,0,0,0,
2026-06-19 17:17:06.737,1781907426737,442.7381,5.2,0,0,0,
2026-06-19 17:17:06.777,1781907426777,823.2777,5.2,0,0,0,
2026-06-19 17:17:06.817,1781907426817,823.2777,5.2,0,0,0,
2026-06-19 17:17:06.857,1781907426857,823.2777,4.8,0,0,0,
2026-06-19 17:17:06.897,1781907426897,823.2777,5.2,0,0,0,
2026-06-19 17:17:06.937,1781907426937,823.2777,5.2,0,0,0,
2026-06-19 17:17:06.977,1781907426977,823.2777,5.2,0,0,0,
2026-06-19 17:17:07.017,1781907427017,823.2777,4.9,0,0,0,
2026-06-19 17:17:07.057,1781907427057,1467.7271,4.8,0,0,0,
2026-06-19 17:17:07.097,1781907427097,1467.7271,5.2,0,0,0,
2026-06-19 17:17:07.137,1781907427137,1467.7271,5.2,0,0,0,
2026-06-19 17:17:07.177,1781907427177,1467.7271,4.8,0,0,0,
2026-06-19 17:17:07.217,1781907427217,1467.7271,5.2,0,0,0,
2026-06-19 17:17:07.257,1781907427257,1467.7271,5.2,0,0,0,
2026-06-19 17:17:07.297,1781907427297,1970.3467,5.2,0,1,0,
2026-06-19 17:17:07.337,1781907427337,1970.3467,4.8,0,0,0,
2026-06-19 17:17:07.377,1781907427377,1970.3467,5.1,0,0,0,
2026-06-19 17:17:07.417,1781907427417,1970.3467,4.7,0,0,0,
2026-06-19 17:17:07.457,1781907427457,1970.3467,4.9,0,0,0,
2026-06-19 17:17:07.497,1781907427497,1970.3467,4.8,0,0,0,
2026-06-19 17:17:07.537,1781907427537,1970.3467,5.2,0,0,0,
2026-06-19 17:17:07.577,1781907427577,1998.6492,5.2,0,0,0,
2026-06-19 17:17:07.617,1781907427617,1998.6492,5.2,0,0,0,
2026-06-19 17:17:07.657,1781907427657,1998.6492,5.2,0,0,0,
2026-06-19 17:17:07.698,1781907427698,1998.6492,5.2,0,0,0,
2026-06-19 17:17:07.737,1781907427737,1998.6492,5.2,0,0,0,
2026-06-19 17:17:07.777,1781907427777,1998.6492,5.2,0,0,0,
2026-06-19 17:17:07.817,1781907427817,2004.0829,5.2,0,0,0,
2026-06-19 17:17:07.857,1781907427857,2004.0829,5.2,0,0,0,
2026-06-19 17:17:07.897,1781907427897,2004.0829,5.2,0,0,0,
2026-06-19 17:17:07.937,1781907427937,2004.0829,4.9,0,0,0,
2026-06-19 17:17:07.977,1781907427977,2004.0829,4.9,0,0,0,
2026-06-19 17:17:08.017,1781907428017,2004.0829,4.7,0,0,0,
2026-06-19 17:17:08.057,1781907428057,2004.0829,5.2,0,0,0,
2026-06-19 17:17:08.097,1781907428097,1971.6968,5.2,0,0,0,
2026-06-19 17:17:08.137,1781907428137,1971.6968,4.9,0,0,0,
2026-06-19 17:17:08.177,1781907428177,1971.6968,4.9,0,0,0,
2026-06-19 17:17:08.217,1781907428217,1971.6968,5.2,0,0,0,
2026-06-19 17:17:08.257,1781907428257,1971.6968,5.2,0,0,0,
2026-06-19 17:17:08.297,1781907428297,1971.6968,5.2,0,0,0,
2026-06-19 17:17:08.337,1781907428337,1941.9675,5.2,0,0,0,
2026-06-19 17:17:08.377,1781907428377,1941.9675,5.2,0,0,0,
2026-06-19 17:17:08.417,1781907428417,1941.9675,5.2,0,0,0,
2026-06-19 17:17:08.457,1781907428457,1941.9675,5.2,0,0,0,
2026-06-19 17:17:08.497,1781907428497,1941.9675,4.8,0,0,0,
2026-06-19 17:17:08.537,1781907428537,1941.9675,4.8,0,0,0,
2026-06-19 17:17:08.577,1781907428577,1941.9675,5.2,0,0,0,
2026-06-19 17:17:08.618,1781907428618,2014.8469,5.3,0,0,0,
2026-06-19 17:17:08.657,1781907428657,2014.8469,5.0,0,0,0,
2026-06-19 17:17:08.697,1781907428697,2014.8469,5.3,0,0,0,
2026-06-19 17:17:08.737,1781907428737,2014.8469,5.3,0,0,0,
2026-06-19 17:17:08.777,1781907428777,2014.8469,5.3,0,0,0,
2026-06-19 17:17:08.817,1781907428817,2014.8469,5.0,0,0,0,
2026-06-19 17:17:08.857,1781907428857,1987.2834,5.3,0,0,0,
2026-06-19 17:17:08.897,1781907428897,1987.2834,5.3,0,0,0,
2026-06-19 17:17:08.937,1781907428937,1987.2834,5.0,0,0,0,
2026-06-19 17:17:08.977,1781907428977,1987.2834,4.6,0,0,0,
2026-06-19 17:17:09.017,1781907429017,1987.2834,5.7,0,0,0,
2026-06-19 17:17:09.057,1781907429057,1987.2834,5.1,0,0,0,
2026-06-19 17:17:09.097,1781907429097,1987.2834,6.1,0,0,0,
2026-06-19 17:17:09.137,1781907429137,2023.7483,6.1,0,0,0,
2026-06-19 17:17:09.178,1781907429178,2023.7483,6.2,0,0,0,
2026-06-19 17:17:09.217,1781907429218,2023.7483,6.1,0,0,0,
2026-06-19 17:17:09.257,1781907429257,2023.7483,6.0,0,0,0,
2026-06-19 17:17:09.297,1781907429297,2023.7483,6.0,0,0,0,
2026-06-19 17:17:09.337,1781907429337,2023.7483,5.6,0,0,0,
2026-06-19 17:17:09.377,1781907429377,1679.3488,6.0,0,0,0,
2026-06-19 17:17:09.418,1781907429418,1679.3488,5.5,0,0,0,
2026-06-19 17:17:09.457,1781907429457,1679.3488,5.3,0,0,0,
2026-06-19 17:17:09.497,1781907429497,1679.3488,5.7,0,0,0,
2026-06-19 17:17:09.537,1781907429537,1679.3488,4.7,0,0,0,
2026-06-19 17:17:09.578,1781907429578,1679.3488,4.9,0,0,0,
2026-06-19 17:17:09.617,1781907429618,1679.3488,5.3,0,0,0,
2026-06-19 17:17:09.657,1781907429657,1835.6859,5.2,0,0,0,
2026-06-19 17:17:09.697,1781907429698,1835.6859,5.2,0,0,0,
2026-06-19 17:17:09.737,1781907429737,1835.6859,4.8,0,0,0,
2026-06-19 17:17:09.778,1781907429778,1835.6859,4.7,0,0,0,
2026-06-19 17:17:09.818,1781907429818,1835.6859,4.7,0,0,0,
2026-06-19 17:17:09.857,1781907429857,1835.6859,4.8,0,0,0,
2026-06-19 17:17:09.897,1781907429898,1266.3912,4.2,0,0,0,
2026-06-19 17:17:09.938,1781907429938,1266.3912,4.6,0,0,0,
2026-06-19 17:17:09.977,1781907429977,1266.3912,4.2,0,0,0,
2026-06-19 17:17:10.018,1781907430018,1266.3912,4.3,0,0,0,
2026-06-19 17:17:10.057,1781907430057,1266.3912,4.7,0,0,0,
2026-06-19 17:17:10.097,1781907430097,1266.3912,4.7,0,0,0,
2026-06-19 17:17:10.137,1781907430137,1266.3912,4.7,0,1,0,
2026-06-19 17:17:10.177,1781907430178,1597.6855,4.7,0,0,0,
2026-06-19 17:17:10.218,1781907430218,1597.6855,4.8,0,0,0,
2026-06-19 17:17:10.257,1781907430257,1597.6855,4.7,0,0,0,
2026-06-19 17:17:10.298,1781907430298,1597.6855,4.6,0,0,0,
2026-06-19 17:17:10.337,1781907430337,1597.6855,4.7,0,0,0,
2026-06-19 17:17:10.378,1781907430378,1597.6855,4.6,0,0,0,
2026-06-19 17:17:10.417,1781907430418,1686.0815,4.7,0,0,0,
2026-06-19 17:17:10.458,1781907430458,1686.0815,4.2,0,0,0,
2026-06-19 17:17:10.497,1781907430497,1686.0815,4.8,0,0,0,
2026-06-19 17:17:10.537,1781907430537,1686.0815,4.7,0,0,0,
2026-06-19 17:17:10.578,1781907430578,1686.0815,4.1,0,0,0,
2026-06-19 17:17:10.617,1781907430617,1686.0815,4.6,0,0,0,
2026-06-19 17:17:10.657,1781907430657,1686.0815,4.6,0,0,0,
2026-06-19 17:17:10.698,1781907430698,1743.3008,4.6,0,0,0,
2026-06-19 17:17:10.737,1781907430737,1743.3008,4.3,0,0,0,
2026-06-19 17:17:10.778,1781907430778,1743.3008,4.3,0,0,0,
2026-06-19 17:17:10.817,1781907430817,1743.3008,4.7,0,0,0,
2026-06-19 17:17:10.857,1781907430857,1743.3008,4.1,0,0,0,
2026-06-19 17:17:10.897,1781907430898,1743.3008,4.3,0,0,0,
2026-06-19 17:17:10.937,1781907430937,1660.5170,4.2,0,0,0,
2026-06-19 17:17:10.978,1781907430978,1660.5170,4.3,0,0,0,
2026-06-19 17:17:11.017,1781907431017,1660.5170,4.0,0,0,0,
2026-06-19 17:17:11.057,1781907431057,1660.5170,4.5,0,0,0,
2026-06-19 17:17:11.098,1781907431098,1660.5170,4.5,0,0,0,
2026-06-19 17:17:11.137,1781907431137,1660.5170,5.0,0,0,0,
2026-06-19 17:17:11.178,1781907431178,1660.5170,4.9,0,0,0,
2026-06-19 17:17:11.217,1781907431217,1848.3760,4.9,0,0,0,
2026-06-19 17:17:11.257,1781907431257,1848.3760,4.4,0,0,0,
2026-06-19 17:17:11.297,1781907431297,1848.3760,4.9,0,0,0,
2026-06-19 17:17:11.337,1781907431337,1848.3760,5.0,0,0,0,
2026-06-19 17:17:11.377,1781907431377,1848.3760,5.0,0,0,0,
2026-06-19 17:17:11.417,1781907431417,1848.3760,4.5,0,0,0,
2026-06-19 17:17:11.458,1781907431458,2020.7986,4.5,0,0,0,
2026-06-19 17:17:11.498,1781907431498,2020.7986,4.5,0,0,0,
2026-06-19 17:17:11.538,1781907431538,2020.7986,4.6,0,0,0,
2026-06-19 17:17:11.577,1781907431578,2020.7986,4.2,0,0,0,
2026-06-19 17:17:11.617,1781907431617,2020.7986,4.6,0,0,0,
2026-06-19 17:17:11.657,1781907431657,2020.7986,4.7,0,0,0,
2026-06-19 17:17:11.697,1781907431697,2020.7986,4.3,0,0,0,
2026-06-19 17:17:11.737,1781907431737,1675.1443,4.2,0,1,0,
2026-06-19 17:17:11.777,1781907431777,1675.1443,4.2,0,0,0,
2026-06-19 17:17:11.817,1781907431817,1675.1443,4.7,0,0,0,
2026-06-19 17:17:11.858,1781907431858,1675.1443,4.6,0,0,0,
2026-06-19 17:17:11.897,1781907431897,1675.1443,4.2,0,0,0,
2026-06-19 17:17:11.938,1781907431938,1675.1443,4.7,0,0,0,
2026-06-19 17:17:11.977,1781907431978,1710.3411,4.2,0,0,0,
2026-06-19 17:17:12.017,1781907432018,1710.3411,4.3,0,0,0,
2026-06-19 17:17:12.057,1781907432057,1710.3411,4.2,0,0,0,
2026-06-19 17:17:12.097,1781907432097,1710.3411,4.3,0,0,0,
2026-06-19 17:17:12.137,1781907432137,1710.3411,4.1,0,0,0,
2026-06-19 17:17:12.177,1781907432177,1710.3411,4.2,0,0,0,
2026-06-19 17:17:12.217,1781907432218,1710.3411,4.2,0,0,0,
2026-06-19 17:17:12.258,1781907432258,1671.3167,4.2,0,0,0,
2026-06-19 17:17:12.297,1781907432297,1671.3167,4.2,0,0,0,
2026-06-19 17:17:12.337,1781907432338,1671.3167,4.3,0,0,0,
2026-06-19 17:17:12.377,1781907432378,1671.3167,4.3,0,1,0,
2026-06-19 17:17:12.417,1781907432417,1671.3167,4.6,0,0,0,
2026-06-19 17:17:12.458,1781907432458,1671.3167,4.2,0,0,0,
2026-06-19 17:17:12.497,1781907432497,1701.2344,4.2,0,0,0,
2026-06-19 17:17:12.537,1781907432537,1701.2344,4.7,0,0,0,
2026-06-19 17:17:12.577,1781907432577,1701.2344,4.2,0,0,0,
2026-06-19 17:17:12.618,1781907432618,1701.2344,4.6,0,0,0,
2026-06-19 17:17:12.657,1781907432658,1701.2344,4.3,0,0,0,
2026-06-19 17:17:12.698,1781907432698,1701.2344,4.6,0,0,0,
2026-06-19 17:17:12.738,1781907432738,1701.2344,4.7,0,0,0,
2026-06-19 17:17:12.778,1781907432778,1626.8169,4.7,0,0,0,
2026-06-19 17:17:12.818,1781907432818,1626.8169,4.6,0,0,0,
2026-06-19 17:17:12.858,1781907432858,1626.8169,4.3,0,0,0,
2026-06-19 17:17:12.898,1781907432898,1626.8169,4.2,0,0,0,
2026-06-19 17:17:12.938,1781907432938,1626.8169,4.3,0,0,0,
2026-06-19 17:17:12.978,1781907432978,1626.8169,4.3,0,0,0,
2026-06-19 17:17:13.018,1781907433018,1717.2810,4.6,0,0,0,
2026-06-19 17:17:13.058,1781907433058,1717.2810,4.3,0,0,0,
2026-06-19 17:17:13.098,1781907433098,1717.2810,4.2,0,0,0,
2026-06-19 17:17:13.137,1781907433137,1717.2810,4.2,0,0,0,
2026-06-19 17:17:13.177,1781907433177,1717.2810,4.3,0,0,0,
2026-06-19 17:17:13.217,1781907433218,1717.2810,4.6,0,0,0,
2026-06-19 17:17:13.258,1781907433258,1717.2810,4.6,0,0,0,
2026-06-19 17:17:13.297,1781907433297,1742.7169,4.6,0,0,0,
2026-06-19 17:17:13.338,1781907433338,1742.7169,4.2,0,0,0,
2026-06-19 17:17:13.378,1781907433378,1742.7169,4.8,0,0,0,
2026-06-19 17:17:13.418,1781907433418,1742.7169,4.2,0,0,0,
2026-06-19 17:17:13.458,1781907433458,1742.7169,4.6,0,0,0,FUGA
2026-06-19 17:17:13.498,1781907433498,1742.7169,4.7,0,0,0,
2026-06-19 17:17:13.538,1781907433538,1731.5851,4.2,0,0,0,
2026-06-19 17:17:13.578,1781907433578,1731.5851,4.3,0,0,0,
2026-06-19 17:17:13.617,1781907433617,1731.5851,4.3,0,0,0,
2026-06-19 17:17:13.658,1781907433658,1731.5851,4.3,0,0,0,
2026-06-19 17:17:13.698,1781907433698,1731.5851,4.2,0,0,0,
2026-06-19 17:17:13.738,1781907433738,1731.5851,4.3,0,0,0,
2026-06-19 17:17:13.778,1781907433778,1731.5851,4.2,0,0,0,
2026-06-19 17:17:13.818,1781907433818,1711.5951,4.1,0,0,0,
2026-06-19 17:17:13.858,1781907433858,1711.5951,4.3,0,0,0,
2026-06-19 17:17:13.898,1781907433898,1711.5951,4.3,0,0,0,
2026-06-19 17:17:13.937,1781907433937,1711.5951,4.2,0,0,0,
2026-06-19 17:17:13.977,1781907433978,1711.5951,4.2,0,0,0,
2026-06-19 17:17:14.018,1781907434018,1711.5951,4.2,0,0,0,
2026-06-19 17:17:14.058,1781907434058,1643.7971,4.6,0,0,0,
2026-06-19 17:17:14.098,1781907434098,1643.7971,4.5,0,0,0,
2026-06-19 17:17:14.138,1781907434138,1643.7971,4.2,0,0,0,
2026-06-19 17:17:14.178,1781907434178,1643.7971,4.2,0,0,0,
2026-06-19 17:17:14.217,1781907434218,1643.7971,4.3,0,0,0,
2026-06-19 17:17:14.258,1781907434258,1643.7971,4.1,0,0,0,
2026-06-19 17:17:14.298,1781907434298,1643.7971,4.1,0,0,0,
2026-06-19 17:17:14.338,1781907434338,1790.9183,4.6,0,0,0,
2026-06-19 17:17:14.378,1781907434378,1790.9183,4.2,0,0,0,
2026-06-19 17:17:14.417,1781907434417,1790.9183,4.2,0,0,0,
2026-06-19 17:17:14.458,1781907434458,1790.9183,4.2,0,0,0,
2026-06-19 17:17:14.497,1781907434498,1790.9183,4.5,0,0,0,
2026-06-19 17:17:14.538,1781907434538,1790.9183,4.6,0,0,0,
2026-06-19 17:17:14.577,1781907434578,1809.7861,4.6,0,0,0,
2026-06-19 17:17:14.618,1781907434618,1809.7861,4.5,0,0,0,
2026-06-19 17:17:14.658,1781907434658,1809.7861,4.4,0,0,0,
2026-06-19 17:17:14.697,1781907434698,1809.7861,4.5,0,0,0,
2026-06-19 17:17:14.737,1781907434737,1809.7861,4.4,0,0,0,
2026-06-19 17:17:14.778,1781907434778,1809.7861,4.4,0,0,0,
2026-06-19 17:17:14.818,1781907434818,1809.7861,4.4,0,0,0,
2026-06-19 17:17:14.858,1781907434858,1344.0306,4.5,0,0,0,
2026-06-19 17:17:14.898,1781907434898,1344.0306,4.5,0,0,0,
2026-06-19 17:17:14.938,1781907434938,1344.0306,4.4,0,0,0,
2026-06-19 17:17:14.977,1781907434977,1344.0306,4.5,0,0,0,
2026-06-19 17:17:15.018,1781907435018,1344.0306,4.5,0,0,0,
2026-06-19 17:17:15.057,1781907435058,1344.0306,4.4,0,0,0,
2026-06-19 17:17:15.098,1781907435098,1289.1318,4.4,0,0,0,
2026-06-19 17:17:15.138,1781907435138,1289.1318,4.4,0,0,0,
2026-06-19 17:17:15.178,1781907435178,1289.1318,5.0,0,0,0,
2026-06-19 17:17:15.218,1781907435218,1289.1318,4.9,0,0,0,
2026-06-19 17:17:15.258,1781907435258,1289.1318,4.5,0,0,0,
2026-06-19 17:17:15.297,1781907435297,1289.1318,4.5,0,0,0,
2026-06-19 17:17:15.337,1781907435338,1289.1318,4.5,0,0,0,
2026-06-19 17:17:15.378,1781907435378,1452.0022,4.5,0,0,0,
2026-06-19 17:17:15.418,1781907435418,1452.0022,4.5,0,0,0,
2026-06-19 17:17:15.458,1781907435458,1452.0022,4.5,0,0,0,
2026-06-19 17:17:15.498,1781907435498,1452.0022,4.5,0,0,0,
2026-06-19 17:17:15.538,1781907435538,1452.0022,4.5,0,0,0,
2026-06-19 17:17:15.578,1781907435578,1452.0022,4.5,0,0,0,
2026-06-19 17:17:15.618,1781907435618,2049.8965,4.5,0,0,0,
2026-06-19 17:17:15.658,1781907435658,2049.8965,4.6,0,0,0,
2026-06-19 17:17:15.698,1781907435698,2049.8965,4.5,0,0,0,
2026-06-19 17:17:15.738,1781907435738,2049.8965,4.5,0,0,0,
2026-06-19 17:17:15.778,1781907435778,2049.8965,4.5,0,0,0,
2026-06-19 17:17:15.817,1781907435817,2049.8965,4.5,0,0,0,
2026-06-19 17:17:15.858,1781907435858,2049.8965,4.5,0,0,0,
2026-06-19 17:17:15.898,1781907435898,1845.3317,4.5,0,0,0,
2026-06-19 17:17:15.938,1781907435938,1845.3317,5.0,0,0,0,
2026-06-19 17:17:15.978,1781907435978,1845.3317,4.9,0,0,0,
2026-06-19 17:17:16.018,1781907436018,1845.3317,4.5,0,0,0,
2026-06-19 17:17:16.058,1781907436058,1845.3317,4.5,0,0,0,
2026-06-19 17:17:16.099,1781907436099,1845.3317,4.5,0,0,0,
2026-06-19 17:17:16.138,1781907436138,1740.4283,4.5,0,0,0,
2026-06-19 17:17:16.178,1781907436178,1740.4283,4.6,0,0,0,
2026-06-19 17:17:16.218,1781907436218,1740.4283,4.6,0,0,0,
2026-06-19 17:17:16.258,1781907436258,1740.4283,4.5,0,0,0,
2026-06-19 17:17:16.298,1781907436298,1740.4283,4.5,0,0,0,
2026-06-19 17:17:16.338,1781907436338,1740.4283,4.5,0,0,0,
2026-06-19 17:17:16.378,1781907436378,1740.4283,4.5,0,0,0,
2026-06-19 17:17:16.418,1781907436418,1846.2915,4.5,0,0,0,
2026-06-19 17:17:16.458,1781907436458,1846.2915,4.5,0,0,0,
2026-06-19 17:17:16.498,1781907436498,1846.2915,4.5,0,0,0,
2026-06-19 17:17:16.538,1781907436538,1846.2915,4.5,0,0,0,
2026-06-19 17:17:16.578,1781907436578,1846.2915,4.5,0,0,0,
2026-06-19 17:17:16.618,1781907436618,1846.2915,4.5,0,0,0,
2026-06-19 17:17:16.658,1781907436658,1840.4006,4.5,0,0,0,
2026-06-19 17:17:16.698,1781907436698,1840.4006,4.5,0,0,0,
2026-06-19 17:17:16.737,1781907436738,1840.4006,4.4,0,0,0,
2026-06-19 17:17:16.778,1781907436778,1840.4006,4.5,0,0,0,
2026-06-19 17:17:16.818,1781907436818,1840.4006,4.5,0,0,0,
2026-06-19 17:17:16.858,1781907436858,1840.4006,4.5,0,0,0,
2026-06-19 17:17:16.898,1781907436898,1840.4006,4.4,0,0,0,
2026-06-19 17:17:16.938,1781907436938,1804.1262,4.6,0,0,0,
2026-06-19 17:17:16.978,1781907436978,1804.1262,4.2,0,0,0,
2026-06-19 17:17:17.018,1781907437018,1804.1262,4.6,0,0,0,
2026-06-19 17:17:17.058,1781907437058,1804.1262,4.6,0,0,0,
2026-06-19 17:17:17.098,1781907437098,1804.1262,5.2,0,0,0,
2026-06-19 17:17:17.137,1781907437137,1804.1262,5.2,0,0,0,
2026-06-19 17:17:17.178,1781907437178,1878.9585,5.3,0,0,0,
2026-06-19 17:17:17.218,1781907437218,1878.9585,5.0,0,0,0,
2026-06-19 17:17:17.258,1781907437258,1878.9585,5.1,0,0,0,
2026-06-19 17:17:17.298,1781907437298,1878.9585,5.6,0,0,0,
2026-06-19 17:17:17.338,1781907437338,1878.9585,5.1,0,0,0,
2026-06-19 17:17:17.378,1781907437378,1878.9585,5.7,0,0,0,
2026-06-19 17:17:17.418,1781907437418,1878.9585,5.2,0,0,0,
2026-06-19 17:17:17.458,1781907437458,1642.1624,5.2,0,0,0,
2026-06-19 17:17:17.498,1781907437498,1642.1624,5.0,0,0,0,
2026-06-19 17:17:17.538,1781907437538,1642.1624,5.2,0,0,0,
2026-06-19 17:17:17.577,1781907437578,1642.1624,5.1,0,0,0,
2026-06-19 17:17:17.618,1781907437618,1642.1624,5.1,0,0,0,
2026-06-19 17:17:17.658,1781907437658,1642.1624,5.0,0,0,0,
2026-06-19 17:17:17.698,1781907437698,1641.1486,4.9,0,0,0,
2026-06-19 17:17:17.738,1781907437738,1641.1486,5.3,0,0,0,
2026-06-19 17:17:17.778,1781907437778,1641.1486,5.0,0,0,0,
2026-06-19 17:17:17.818,1781907437818,1641.1486,5.1,0,0,0,
2026-06-19 17:17:17.858,1781907437858,1641.1486,5.6,0,0,0,
2026-06-19 17:17:17.898,1781907437898,1641.1486,5.4,0,0,0,
2026-06-19 17:17:17.938,1781907437938,1641.1486,5.5,0,0,0,
2026-06-19 17:17:17.978,1781907437978,1566.0973,5.0,0,0,0,
2026-06-19 17:17:18.018,1781907438018,1566.0973,5.5,0,0,0,
2026-06-19 17:17:18.058,1781907438058,1566.0973,5.5,0,0,0,
2026-06-19 17:17:18.098,1781907438098,1566.0973,5.6,0,0,0,
2026-06-19 17:17:18.138,1781907438138,1566.0973,5.5,0,0,0,
2026-06-19 17:17:18.178,1781907438178,1566.0973,5.1,0,0,0,
2026-06-19 17:17:18.218,1781907438218,1346.6924,5.3,0,0,0,
2026-06-19 17:17:18.258,1781907438258,1346.6924,5.2,0,0,0,
2026-06-19 17:17:18.298,1781907438298,1346.6924,5.3,0,0,0,
2026-06-19 17:17:18.338,1781907438338,1346.6924,5.0,0,0,0,
2026-06-19 17:17:18.378,1781907438378,1346.6924,5.0,0,0,0,
2026-06-19 17:17:18.418,1781907438418,1346.6924,5.1,0,0,0,
2026-06-19 17:17:18.458,1781907438458,1346.6924,5.1,0,0,0,
2026-06-19 17:17:18.498,1781907438498,1603.7026,4.2,0,0,0,
2026-06-19 17:17:18.538,1781907438538,1603.7026,4.3,0,0,0,
2026-06-19 17:17:18.578,1781907438578,1603.7026,5.0,0,0,0,
2026-06-19 17:17:18.618,1781907438618,1603.7026,5.4,0,0,1,
2026-06-19 17:17:18.658,1781907438658,1603.7026,5.7,0,0,0,
2026-06-19 17:17:18.698,1781907438698,1603.7026,2.9,0,0,1,
2026-06-19 17:17:18.738,1781907438738,1547.5284,2.6,0,0,0,
2026-06-19 17:17:18.778,1781907438778,1547.5284,2.0,0,0,0,
2026-06-19 17:17:18.818,1781907438818,1547.5284,2.6,0,0,1,
2026-06-19 17:17:18.858,1781907438858,1547.5284,3.0,0,0,1,
2026-06-19 17:17:18.898,1781907438898,1547.5284,2.8,0,0,1,
2026-06-19 17:17:18.938,1781907438938,1547.5284,2.0,0,0,1,
2026-06-19 17:17:18.978,1781907438978,1547.5284,2.0,0,0,1,
2026-06-19 17:17:19.018,1781907439018,1704.9531,1.8,0,0,1,
2026-06-19 17:17:19.058,1781907439058,1704.9531,2.2,0,0,0,
2026-06-19 17:17:19.098,1781907439098,1704.9531,3.3,0,0,0,
2026-06-19 17:17:19.138,1781907439138,1704.9531,2.4,0,0,0,
2026-06-19 17:17:19.178,1781907439178,1704.9531,2.4,0,0,0,
2026-06-19 17:17:19.218,1781907439218,1704.9531,2.0,0,0,0,
2026-06-19 17:17:19.258,1781907439258,1473.6040,2.7,0,0,0,
2026-06-19 17:17:19.298,1781907439298,1473.6040,2.2,0,0,0,
2026-06-19 17:17:19.338,1781907439338,1473.6040,3.6,0,0,0,
2026-06-19 17:17:19.378,1781907439378,1473.6040,3.6,0,0,0,
2026-06-19 17:17:19.418,1781907439418,1473.6040,2.9,0,0,0,
2026-06-19 17:17:19.458,1781907439458,1473.6040,4.4,0,0,0,
2026-06-19 17:17:19.498,1781907439498,1473.6040,4.6,0,0,0,
2026-06-19 17:17:19.538,1781907439538,1637.9902,5.6,0,0,0,
2026-06-19 17:17:19.578,1781907439578,1637.9902,4.8,0,0,0,
2026-06-19 17:17:19.618,1781907439618,1637.9902,5.3,0,0,0,
2026-06-19 17:17:19.658,1781907439658,1637.9902,5.1,0,0,0,
2026-06-19 17:17:19.698,1781907439698,1637.9902,5.1,0,0,0,
2026-06-19 17:17:19.738,1781907439738,1637.9902,5.9,0,0,0,
2026-06-19 17:17:19.778,1781907439778,1420.9167,5.0,0,0,0,
2026-06-19 17:17:19.818,1781907439818,1420.9167,6.2,0,0,0,
2026-06-19 17:17:19.858,1781907439858,1420.9167,6.0,0,0,0,
2026-06-19 17:17:19.898,1781907439898,1420.9167,5.5,0,0,0,
2026-06-19 17:17:19.938,1781907439938,1420.9167,5.5,0,0,0,
2026-06-19 17:17:19.978,1781907439978,1420.9167,5.4,0,0,0,
2026-06-19 17:17:20.018,1781907440018,1420.9167,5.4,0,0,0,
2026-06-19 17:17:20.058,1781907440058,849.5525,5.4,0,0,0,
2026-06-19 17:17:20.098,1781907440098,849.5525,6.0,0,0,0,
2026-06-19 17:17:20.138,1781907440138,849.5525,6.6,0,0,0,
2026-06-19 17:17:20.178,1781907440178,849.5525,6.1,0,0,0,
2026-06-19 17:17:20.218,1781907440218,849.5525,5.7,0,0,0,
2026-06-19 17:17:20.258,1781907440258,849.5525,5.7,0,0,0,
2026-06-19 17:17:20.298,1781907440298,822.3253,5.7,0,0,0,
2026-06-19 17:17:20.338,1781907440338,822.3253,6.1,0,0,0,
2026-06-19 17:17:20.378,1781907440378,822.3253,6.6,0,0,0,
2026-06-19 17:17:20.418,1781907440418,822.3253,6.4,0,0,0,
2026-06-19 17:17:20.458,1781907440458,822.3253,6.0,0,0,0,
2026-06-19 17:17:20.498,1781907440498,822.3253,6.4,0,0,0,
2026-06-19 17:17:20.538,1781907440538,822.3253,5.6,0,0,0,
2026-06-19 17:17:20.578,1781907440578,497.2942,6.0,0,0,0,
2026-06-19 17:17:20.618,1781907440618,497.2942,5.1,0,0,0,
2026-06-19 17:17:20.658,1781907440658,497.2942,5.6,0,0,0,
2026-06-19 17:17:20.698,1781907440698,497.2942,5.9,0,1,0,
2026-06-19 17:17:20.738,1781907440738,497.2942,5.1,0,0,0,
2026-06-19 17:17:20.778,1781907440778,497.2942,5.2,0,1,0,
2026-06-19 17:17:20.818,1781907440818,383.9008,5.0,0,0,0,
2026-06-19 17:17:20.858,1781907440858,383.9008,5.5,0,1,0,
2026-06-19 17:17:20.898,1781907440898,383.9008,5.4,0,1,0,
2026-06-19 17:17:20.938,1781907440938,383.9008,5.4,0,0,0,
2026-06-19 17:17:20.978,1781907440978,383.9008,5.4,0,0,0,
2026-06-19 17:17:21.018,1781907441018,383.9008,5.0,0,0,0,
2026-06-19 17:17:21.058,1781907441058,383.9008,5.8,0,1,0,
2026-06-19 17:17:21.097,1781907441098,369.4682,5.3,0,0,0,
2026-06-19 17:17:21.138,1781907441138,369.4682,5.8,0,0,0,
2026-06-19 17:17:21.178,1781907441178,369.4682,5.5,0,1,0,
2026-06-19 17:17:21.218,1781907441218,369.4682,5.0,0,0,0,
2026-06-19 17:17:21.258,1781907441258,369.4682,4.3,0,0,0,
2026-06-19 17:17:21.298,1781907441298,369.4682,4.9,0,0,0,
2026-06-19 17:17:21.338,1781907441338,465.0455,3.8,0,0,0,
2026-06-19 17:17:21.378,1781907441378,465.0455,3.7,0,0,0,
2026-06-19 17:17:21.418,1781907441418,465.0455,4.4,0,0,0,
2026-06-19 17:17:21.458,1781907441458,465.0455,4.4,0,0,0,
2026-06-19 17:17:21.498,1781907441498,465.0455,4.4,0,0,0,
2026-06-19 17:17:21.538,1781907441538,465.0455,4.4,0,0,0,
2026-06-19 17:17:21.578,1781907441578,465.0455,5.0,0,0,0,
2026-06-19 17:17:21.618,1781907441618,2420.3533,4.5,0,0,0,
2026-06-19 17:17:21.658,1781907441658,2420.3533,4.9,0,0,0,
2026-06-19 17:17:21.698,1781907441698,2420.3533,4.4,0,0,0,
2026-06-19 17:17:21.738,1781907441738,2420.3533,4.4,0,0,0,
2026-06-19 17:17:21.778,1781907441778,2420.3533,4.4,0,0,0,
2026-06-19 17:17:21.818,1781907441818,2420.3533,4.4,0,0,0,
2026-06-19 17:17:21.858,1781907441858,1840.9705,4.4,0,0,0,
2026-06-19 17:17:21.898,1781907441898,1840.9705,4.4,0,0,0,
2026-06-19 17:17:21.938,1781907441938,1840.9705,4.4,0,0,0,
2026-06-19 17:17:21.978,1781907441978,1840.9705,4.3,0,0,0,
2026-06-19 17:17:22.018,1781907442018,1840.9705,4.4,0,0,0,
2026-06-19 17:17:22.058,1781907442058,1840.9705,4.4,0,0,0,
2026-06-19 17:17:22.098,1781907442098,1840.9705,4.4,0,0,0,
2026-06-19 17:17:22.138,1781907442138,1869.8064,4.0,0,0,0,
2026-06-19 17:17:22.178,1781907442178,1869.8064,4.0,0,0,0,
2026-06-19 17:17:22.220,1781907442220,1869.8064,4.1,0,0,0,
2026-06-19 17:17:22.258,1781907442258,1869.8064,4.1,0,0,0,
2026-06-19 17:17:22.298,1781907442298,1869.8064,4.4,0,0,0,
2026-06-19 17:17:22.338,1781907442338,1869.8064,4.1,0,0,0,
2026-06-19 17:17:22.378,1781907442378,1916.7913,3.9,0,0,0,
2026-06-19 17:17:22.418,1781907442418,1916.7913,4.0,0,0,0,
2026-06-19 17:17:22.458,1781907442458,1916.7913,4.4,0,0,0,
2026-06-19 17:17:22.498,1781907442498,1916.7913,4.3,0,0,0,
2026-06-19 17:17:22.538,1781907442538,1916.7913,4.4,0,0,0,
2026-06-19 17:17:22.578,1781907442578,1916.7913,4.0,0,0,0,
2026-06-19 17:17:22.618,1781907442618,1916.7913,4.4,0,0,0,
2026-06-19 17:17:22.658,1781907442658,1967.5424,4.0,0,0,0,
2026-06-19 17:17:22.698,1781907442698,1967.5424,4.0,0,0,0,
2026-06-19 17:17:22.738,1781907442738,1967.5424,4.0,0,0,0,
2026-06-19 17:17:22.778,1781907442778,1967.5424,4.4,0,0,0,
2026-06-19 17:17:22.818,1781907442818,1967.5424,3.9,0,0,0,
2026-06-19 17:17:22.858,1781907442858,1967.5424,4.0,0,0,0,
2026-06-19 17:17:22.898,1781907442898,1913.1674,4.4,0,0,0,
2026-06-19 17:17:22.938,1781907442938,1913.1674,3.9,0,0,0,
2026-06-19 17:17:22.978,1781907442978,1913.1674,3.9,0,0,0,
2026-06-19 17:17:23.018,1781907443018,1913.1674,4.0,0,0,0,
2026-06-19 17:17:23.058,1781907443058,1913.1674,4.1,0,0,0,
2026-06-19 17:17:23.098,1781907443098,1913.1674,4.0,0,0,0,
2026-06-19 17:17:23.138,1781907443138,1913.1674,4.4,0,0,0,
2026-06-19 17:17:23.178,1781907443178,1914.3201,4.4,0,0,0,
2026-06-19 17:17:23.218,1781907443218,1914.3201,4.1,0,0,0,
2026-06-19 17:17:23.258,1781907443258,1914.3201,4.0,0,0,0,
2026-06-19 17:17:23.298,1781907443298,1914.3201,4.0,0,0,0,
2026-06-19 17:17:23.338,1781907443338,1914.3201,4.0,0,0,0,
2026-06-19 17:17:23.378,1781907443378,1914.3201,4.4,0,0,0,
2026-06-19 17:17:23.418,1781907443418,1891.4847,3.9,0,0,0,
2026-06-19 17:17:23.458,1781907443458,1891.4847,4.4,0,0,0,
2026-06-19 17:17:23.498,1781907443498,1891.4847,4.4,0,0,0,
2026-06-19 17:17:23.538,1781907443538,1891.4847,4.0,0,0,0,
2026-06-19 17:17:23.578,1781907443578,1891.4847,4.4,0,0,0,
2026-06-19 17:17:23.618,1781907443618,1891.4847,4.4,0,0,0,
2026-06-19 17:17:23.658,1781907443658,1891.4847,4.0,0,0,0,
2026-06-19 17:17:23.698,1781907443698,1905.6021,4.4,0,0,0,
2026-06-19 17:17:23.738,1781907443738,1905.6021,4.4,0,0,0,
2026-06-19 17:17:23.778,1781907443778,1905.6021,4.4,0,0,0,
2026-06-19 17:17:23.818,1781907443818,1905.6021,4.1,0,0,0,
2026-06-19 17:17:23.858,1781907443858,1905.6021,4.4,0,0,0,
2026-06-19 17:17:23.898,1781907443898,1905.6021,4.0,0,0,0,
2026-06-19 17:17:23.938,1781907443938,1843.5924,4.4,0,0,0,
2026-06-19 17:17:23.978,1781907443978,1843.5924,4.0,0,0,0,
2026-06-19 17:17:24.018,1781907444018,1843.5924,4.0,0,0,0,
2026-06-19 17:17:24.058,1781907444058,1843.5924,4.0,0,0,0,
2026-06-19 17:17:24.098,1781907444098,1843.5924,4.4,0,0,0,
2026-06-19 17:17:24.138,1781907444138,1843.5924,4.0,0,0,0,
2026-06-19 17:17:24.178,1781907444178,1843.5924,4.4,0,0,0,
2026-06-19 17:17:24.218,1781907444218,1882.0914,3.9,0,0,0,
2026-06-19 17:17:24.258,1781907444258,1882.0914,4.4,0,0,0,
2026-06-19 17:17:24.298,1781907444298,1882.0914,4.0,0,0,0,
2026-06-19 17:17:24.338,1781907444338,1882.0914,4.1,0,0,0,FUGA
2026-06-19 17:17:24.378,1781907444378,1882.0914,4.1,0,0,0,
2026-06-19 17:17:24.418,1781907444418,1882.0914,4.4,0,0,0,
2026-06-19 17:17:24.458,1781907444458,1917.2083,3.9,0,0,0,
2026-06-19 17:17:24.498,1781907444498,1917.2083,4.0,0,0,0,
2026-06-19 17:17:24.538,1781907444538,1917.2083,4.3,0,0,0,
2026-06-19 17:17:24.578,1781907444578,1917.2083,3.9,0,0,0,
2026-06-19 17:17:24.618,1781907444618,1917.2083,4.1,0,0,0,
2026-06-19 17:17:24.658,1781907444658,1917.2083,3.9,0,0,0,
2026-06-19 17:17:24.698,1781907444698,1917.2083,4.0,0,0,0,
2026-06-19 17:17:24.738,1781907444738,1836.6937,4.4,0,0,0,
2026-06-19 17:17:24.778,1781907444778,1836.6937,4.4,0,0,0,
2026-06-19 17:17:24.818,1781907444818,1836.6937,4.3,0,0,0,
2026-06-19 17:17:24.858,1781907444858,1836.6937,4.4,0,0,0,
2026-06-19 17:17:24.898,1781907444898,1836.6937,4.4,0,0,0,
2026-06-19 17:17:24.938,1781907444938,1836.6937,4.4,0,0,0,
2026-06-19 17:17:24.978,1781907444978,2002.2823,4.1,0,0,0,
2026-06-19 17:17:25.018,1781907445018,2002.2823,4.5,0,0,0,
2026-06-19 17:17:25.058,1781907445058,2002.2823,4.5,0,0,0,
2026-06-19 17:17:25.098,1781907445098,2002.2823,4.5,0,0,0,
2026-06-19 17:17:25.138,1781907445138,2002.2823,4.1,0,0,0,
2026-06-19 17:17:25.178,1781907445178,2002.2823,4.6,0,0,0,
2026-06-19 17:17:25.218,1781907445218,2002.2823,4.6,0,0,0,
2026-06-19 17:17:25.258,1781907445258,1958.8091,4.2,0,0,0,
2026-06-19 17:17:25.298,1781907445298,1958.8091,4.3,0,0,0,
2026-06-19 17:17:25.338,1781907445338,1958.8091,4.5,0,0,0,
2026-06-19 17:17:25.378,1781907445378,1958.8091,3.7,0,0,0,
2026-06-19 17:17:25.418,1781907445418,1958.8091,4.3,0,0,0,
2026-06-19 17:17:25.458,1781907445458,1958.8091,5.3,0,0,0,
2026-06-19 17:17:25.498,1781907445498,1859.1731,5.4,0,0,0,
2026-06-19 17:17:25.538,1781907445538,1859.1731,5.4,0,0,0,
2026-06-19 17:17:25.578,1781907445578,1859.1731,5.6,0,0,0,
2026-06-19 17:17:25.618,1781907445618,1859.1731,5.2,0,0,0,
2026-06-19 17:17:25.658,1781907445658,1859.1731,4.6,0,0,0,
2026-06-19 17:17:25.698,1781907445698,1859.1731,5.2,0,0,0,
2026-06-19 17:17:25.738,1781907445738,1859.1731,4.8,0,0,0,
2026-06-19 17:17:25.778,1781907445778,1691.6847,4.3,0,0,0,
2026-06-19 17:17:25.818,1781907445818,1691.6847,4.2,0,0,0,
2026-06-19 17:17:25.858,1781907445858,1691.6847,3.7,0,0,0,
2026-06-19 17:17:25.898,1781907445898,1691.6847,4.2,0,0,0,
2026-06-19 17:17:25.938,1781907445938,1691.6847,4.4,0,0,0,
2026-06-19 17:17:25.978,1781907445978,1691.6847,3.9,0,0,0,
2026-06-19 17:17:26.018,1781907446018,1857.0538,5.9,0,0,0,
2026-06-19 17:17:26.058,1781907446058,1857.0538,2.8,0,0,0,
2026-06-19 17:17:26.098,1781907446098,1857.0538,3.2,0,0,0,
2026-06-19 17:17:26.138,1781907446138,1857.0538,2.5,0,0,0,
2026-06-19 17:17:26.178,1781907446178,1857.0538,2.5,0,0,0,
2026-06-19 17:17:26.218,1781907446218,1857.0538,2.5,0,0,0,
2026-06-19 17:17:26.258,1781907446258,1857.0538,2.4,0,0,0,
2026-06-19 17:17:26.298,1781907446298,1856.2029,3.2,0,0,1,
2026-06-19 17:17:26.338,1781907446338,1856.2029,3.0,0,0,0,
2026-06-19 17:17:26.378,1781907446378,1856.2029,1.7,0,0,0,
2026-06-19 17:17:26.418,1781907446418,1856.2029,2.1,0,0,0,
2026-06-19 17:17:26.458,1781907446458,1856.2029,1.7,0,0,0,
2026-06-19 17:17:26.498,1781907446498,1856.2029,2.1,0,0,0,
2026-06-19 17:17:26.538,1781907446538,1627.5825,2.1,0,0,0,
2026-06-19 17:17:26.578,1781907446578,1627.5825,3.2,0,0,1,
2026-06-19 17:17:26.618,1781907446618,1627.5825,3.3,0,0,0,
2026-06-19 17:17:26.658,1781907446658,1627.5825,2.5,0,0,0,
2026-06-19 17:17:26.698,1781907446698,1627.5825,2.6,0,0,0,
2026-06-19 17:17:26.738,1781907446738,1627.5825,3.6,0,0,0,
2026-06-19 17:17:26.778,1781907446778,1627.5825,3.3,0,0,0,
2026-06-19 17:17:26.818,1781907446818,1794.0364,3.2,0,0,0,
2026-06-19 17:17:26.858,1781907446858,1794.0364,3.3,0,0,0,
2026-06-19 17:17:26.898,1781907446898,1794.0364,2.8,0,0,0,
2026-06-19 17:17:26.938,1781907446938,1794.0364,2.9,0,0,0,
2026-06-19 17:17:26.978,1781907446978,1794.0364,2.9,0,0,0,
2026-06-19 17:17:27.018,1781907447018,1794.0364,3.0,0,0,0,
2026-06-19 17:17:27.058,1781907447058,1844.3407,3.3,0,0,0,
2026-06-19 17:17:27.098,1781907447098,1844.3407,3.8,0,0,0,
2026-06-19 17:17:27.138,1781907447138,1844.3407,3.8,0,0,0,
2026-06-19 17:17:27.178,1781907447178,1844.3407,4.9,0,0,0,
2026-06-19 17:17:27.218,1781907447218,1844.3407,3.6,0,0,0,
2026-06-19 17:17:27.258,1781907447258,1844.3407,3.3,0,0,0,
2026-06-19 17:17:27.298,1781907447298,1844.3407,3.3,0,0,0,
2026-06-19 17:17:27.338,1781907447338,1287.8024,3.4,0,0,0,
2026-06-19 17:17:27.378,1781907447378,1287.8024,3.5,0,0,0,
2026-06-19 17:17:27.418,1781907447418,1287.8024,3.9,0,0,0,
2026-06-19 17:17:27.458,1781907447458,1287.8024,4.0,0,0,0,
2026-06-19 17:17:27.498,1781907447498,1287.8024,4.1,0,0,0,
2026-06-19 17:17:27.538,1781907447538,1287.8024,3.9,0,0,0,
2026-06-19 17:17:27.578,1781907447578,463.8597,3.9,0,0,0,
2026-06-19 17:17:27.618,1781907447618,463.8597,4.0,0,0,0,
2026-06-19 17:17:27.658,1781907447658,463.8597,4.0,0,0,0,
2026-06-19 17:17:27.698,1781907447698,463.8597,4.0,0,0,0,
2026-06-19 17:17:27.738,1781907447738,463.8597,4.0,0,0,0,
2026-06-19 17:17:27.778,1781907447778,463.8597,4.0,0,0,0,
2026-06-19 17:17:27.818,1781907447818,463.8597,3.5,0,0,0,
2026-06-19 17:17:27.858,1781907447858,477.6250,3.8,0,0,0,
2026-06-19 17:17:27.898,1781907447898,477.6250,3.4,0,0,0,
2026-06-19 17:17:27.938,1781907447938,477.6250,3.9,0,1,0,
2026-06-19 17:17:27.978,1781907447978,477.6250,3.8,0,0,0,
2026-06-19 17:17:28.018,1781907448018,477.6250,3.4,0,0,0,
2026-06-19 17:17:28.058,1781907448058,477.6250,3.9,0,0,0,
2026-06-19 17:17:28.098,1781907448098,497.5402,3.8,0,0,0,
2026-06-19 17:17:28.138,1781907448138,497.5402,3.8,0,0,0,
2026-06-19 17:17:28.178,1781907448178,497.5402,3.5,0,0,0,
2026-06-19 17:17:28.218,1781907448218,497.5402,3.9,0,0,0,
2026-06-19 17:17:28.258,1781907448258,497.5402,3.4,0,0,0,
2026-06-19 17:17:28.298,1781907448298,497.5402,3.9,0,0,0,
2026-06-19 17:17:28.338,1781907448338,497.5402,3.9,0,0,0,
2026-06-19 17:17:28.378,1781907448378,497.3963,3.9,0,0,0,
2026-06-19 17:17:28.418,1781907448418,497.3963,3.9,0,0,0,
2026-06-19 17:17:28.458,1781907448458,497.3963,3.9,0,1,0,
2026-06-19 17:17:28.498,1781907448498,497.3963,3.8,0,0,0,
2026-06-19 17:17:28.538,1781907448538,497.3963,3.8,0,0,0,
2026-06-19 17:17:28.578,1781907448578,497.3963,3.4,0,0,0,
2026-06-19 17:17:28.618,1781907448618,472.3111,3.9,0,0,0,
2026-06-19 17:17:28.658,1781907448658,472.3111,3.4,0,0,0,
2026-06-19 17:17:28.698,1781907448698,472.3111,3.8,0,0,0,
2026-06-19 17:17:28.738,1781907448738,472.3111,3.9,0,0,0,
2026-06-19 17:17:28.778,1781907448778,472.3111,3.8,0,0,0,
2026-06-19 17:17:28.818,1781907448818,472.3111,3.4,0,0,0,
2026-06-19 17:17:28.858,1781907448858,472.3111,3.4,0,0,0,
2026-06-19 17:17:28.898,1781907448898,481.2988,3.4,0,0,0,
2026-06-19 17:17:28.938,1781907448938,481.2988,3.4,0,0,0,
2026-06-19 17:17:28.978,1781907448978,481.2988,3.9,0,0,0,
2026-06-19 17:17:29.018,1781907449018,481.2988,3.8,0,0,0,
2026-06-19 17:17:29.058,1781907449058,481.2988,3.4,0,0,0,
2026-06-19 17:17:29.098,1781907449098,481.2988,3.4,0,0,0,
2026-06-19 17:17:29.138,1781907449138,462.6871,3.8,0,0,0,
2026-06-19 17:17:29.178,1781907449178,462.6871,3.7,0,0,0,
2026-06-19 17:17:29.218,1781907449218,462.6871,3.4,0,0,0,
2026-06-19 17:17:29.258,1781907449258,462.6871,3.8,0,0,0,
2026-06-19 17:17:29.298,1781907449298,462.6871,3.4,0,0,0,
2026-06-19 17:17:29.338,1781907449338,462.6871,3.4,0,0,0,
2026-06-19 17:17:29.378,1781907449378,462.6871,4.0,0,0,0,
2026-06-19 17:17:29.418,1781907449418,483.2404,3.5,0,0,0,
2026-06-19 17:17:29.458,1781907449458,483.2404,3.9,0,0,0,
2026-06-19 17:17:29.498,1781907449498,483.2404,5.8,0,0,0,
2026-06-19 17:17:29.538,1781907449538,483.2404,5.6,0,0,0,
2026-06-19 17:17:29.578,1781907449578,483.2404,4.0,0,0,0,
2026-06-19 17:17:29.618,1781907449618,483.2404,4.4,0,0,0,
2026-06-19 17:17:29.658,1781907449658,1208.3180,4.0,0,0,0,
2026-06-19 17:17:29.698,1781907449698,1208.3180,4.2,0,0,0,
2026-06-19 17:17:29.738,1781907449738,1208.3180,4.1,0,0,0,
2026-06-19 17:17:29.778,1781907449778,1208.3180,4.4,0,0,0,
2026-06-19 17:17:29.818,1781907449818,1208.3180,4.4,0,0,0,
2026-06-19 17:17:29.858,1781907449858,1208.3180,4.4,0,0,0,
2026-06-19 17:17:29.898,1781907449898,1208.3180,4.2,0,0,0,
2026-06-19 17:17:29.938,1781907449938,1248.0609,4.0,0,0,0,
2026-06-19 17:17:29.978,1781907449978,1248.0609,4.0,0,0,0,
2026-06-19 17:17:30.018,1781907450018,1248.0609,4.4,0,0,0,
2026-06-19 17:17:30.058,1781907450058,1248.0609,3.4,0,0,0,
2026-06-19 17:17:30.098,1781907450098,1248.0609,3.1,0,0,0,
2026-06-19 17:17:30.138,1781907450138,1248.0609,3.3,0,0,0,
2026-06-19 17:17:30.178,1781907450178,935.7530,3.3,0,0,0,
2026-06-19 17:17:30.218,1781907450218,935.7530,5.5,0,0,0,
2026-06-19 17:17:30.258,1781907450258,935.7530,4.6,0,0,0,
2026-06-19 17:17:30.298,1781907450298,935.7530,5.1,0,0,0,
2026-06-19 17:17:30.338,1781907450338,935.7530,4.6,0,0,0,
2026-06-19 17:17:30.378,1781907450378,935.7530,4.7,0,0,0,
2026-06-19 17:17:30.418,1781907450418,935.7530,4.7,0,0,0,
2026-06-19 17:17:30.458,1781907450458,907.7222,4.6,0,0,0,
2026-06-19 17:17:30.498,1781907450498,907.7222,5.1,0,0,0,
2026-06-19 17:17:30.538,1781907450538,907.7222,5.2,0,0,0,
2026-06-19 17:17:30.578,1781907450578,907.7222,5.7,0,0,0,
2026-06-19 17:17:30.618,1781907450618,907.7222,5.3,0,0,0,
2026-06-19 17:17:30.658,1781907450658,907.7222,5.4,0,0,0,
2026-06-19 17:17:30.698,1781907450698,866.4197,5.3,0,0,0,
2026-06-19 17:17:30.738,1781907450738,866.4197,5.6,0,0,0,
2026-06-19 17:17:30.778,1781907450778,866.4197,5.2,0,0,0,
2026-06-19 17:17:30.818,1781907450818,866.4197,5.2,0,0,0,
2026-06-19 17:17:30.858,1781907450858,866.4197,5.7,0,0,0,
2026-06-19 17:17:30.898,1781907450898,866.4197,5.8,0,0,0,
2026-06-19 17:17:30.938,1781907450938,866.4197,5.5,0,1,0,
2026-06-19 17:17:30.978,1781907450978,1390.8896,5.0,0,0,0,
2026-06-19 17:17:31.018,1781907451018,1390.8896,5.5,0,0,0,
2026-06-19 17:17:31.058,1781907451058,1390.8896,5.5,0,0,0,
2026-06-19 17:17:31.098,1781907451098,1390.8896,5.5,0,0,0,
2026-06-19 17:17:31.138,1781907451138,1390.8896,5.7,0,0,0,
2026-06-19 17:17:31.178,1781907451178,1390.8896,5.6,0,0,0,
2026-06-19 17:17:31.218,1781907451218,1286.6149,6.1,0,0,0,
2026-06-19 17:17:31.258,1781907451258,1286.6149,6.1,0,0,0,
2026-06-19 17:17:31.298,1781907451298,1286.6149,6.1,0,0,0,
2026-06-19 17:17:31.338,1781907451338,1286.6149,5.6,0,0,0,
2026-06-19 17:17:31.378,1781907451378,1286.6149,6.2,0,0,0,
2026-06-19 17:17:31.418,1781907451418,1286.6149,6.2,0,0,0,
2026-06-19 17:17:31.458,1781907451458,1286.6149,5.8,0,0,0,
2026-06-19 17:17:31.498,1781907451498,1310.7396,5.8,0,0,0,
2026-06-19 17:17:31.538,1781907451538,1310.7396,5.9,0,0,0,
2026-06-19 17:17:31.578,1781907451578,1310.7396,5.5,0,0,0,
2026-06-19 17:17:31.618,1781907451618,1310.7396,5.4,0,0,0,
2026-06-19 17:17:31.658,1781907451658,1310.7396,6.0,0,0,0,
2026-06-19 17:17:31.698,1781907451698,1310.7396,6.0,0,0,0,
2026-06-19 17:17:31.738,1781907451738,1254.0613,6.4,0,0,0,
2026-06-19 17:17:31.778,1781907451778,1254.0613,6.6,0,0,0,
2026-06-19 17:17:31.818,1781907451818,1254.0613,6.5,0,0,0,
2026-06-19 17:17:31.858,1781907451858,1254.0613,6.5,0,0,0,
2026-06-19 17:17:31.898,1781907451898,1254.0613,6.5,0,0,0,
2026-06-19 17:17:31.938,1781907451938,1254.0613,6.7,0,0,0,
2026-06-19 17:17:31.978,1781907451978,1254.0613,6.2,0,0,0,
2026-06-19 17:17:32.018,1781907452018,927.0613,6.2,0,0,0,
2026-06-19 17:17:32.058,1781907452058,927.0613,6.2,0,0,0,
2026-06-19 17:17:32.098,1781907452098,927.0613,6.2,0,0,0,
2026-06-19 17:17:32.138,1781907452138,927.0613,6.7,0,0,0,
2026-06-19 17:17:32.178,1781907452178,927.0613,6.7,0,0,0,
2026-06-19 17:17:32.218,1781907452218,927.0613,6.4,0,0,0,
2026-06-19 17:17:32.258,1781907452258,666.8025,6.3,0,0,0,
2026-06-19 17:17:32.298,1781907452298,666.8025,6.4,0,0,0,
2026-06-19 17:17:32.338,1781907452338,666.8025,6.4,0,1,0,
2026-06-19 17:17:32.378,1781907452378,666.8025,6.0,0,0,0,
2026-06-19 17:17:32.418,1781907452418,666.8025,6.4,0,0,0,
2026-06-19 17:17:32.458,1781907452458,666.8025,6.5,0,0,0,
2026-06-19 17:17:32.498,1781907452498,666.8025,6.4,0,0,0,
2026-06-19 17:17:32.538,1781907452538,681.7704,6.5,0,1,0,
2026-06-19 17:17:32.578,1781907452578,681.7704,6.4,0,0,0,
2026-06-19 17:17:32.618,1781907452618,681.7704,7.0,0,0,0,
2026-06-19 17:17:32.658,1781907452658,681.7704,7.0,0,0,0,
2026-06-19 17:17:32.698,1781907452698,681.7704,6.6,0,0,0,
2026-06-19 17:17:32.738,1781907452738,681.7704,6.3,0,0,0,
2026-06-19 17:17:32.778,1781907452778,690.4134,7.8,0,0,0,
2026-06-19 17:17:32.818,1781907452818,690.4134,7.2,0,0,0,
2026-06-19 17:17:32.858,1781907452858,690.4134,7.2,0,0,0,
2026-06-19 17:17:32.898,1781907452898,690.4134,7.2,0,1,0,
2026-06-19 17:17:32.938,1781907452938,690.4134,7.0,0,0,0,
2026-06-19 17:17:32.978,1781907452978,690.4134,7.9,0,1,0,
2026-06-19 17:17:33.018,1781907453018,690.4134,8.3,0,0,0,
2026-06-19 17:17:33.058,1781907453058,756.8737,9.1,0,1,0,
2026-06-19 17:17:33.098,1781907453098,756.8737,9.6,0,1,0,
2026-06-19 17:17:33.138,1781907453138,756.8737,8.5,0,1,0,
2026-06-19 17:17:33.178,1781907453178,756.8737,7.9,0,1,0,
2026-06-19 17:17:33.218,1781907453218,756.8737,7.3,0,0,0,
2026-06-19 17:17:33.258,1781907453258,756.8737,6.4,0,0,0,
2026-06-19 17:17:33.298,1781907453298,861.2353,5.8,0,1,0,
2026-06-19 17:17:33.338,1781907453338,861.2353,5.9,0,1,0,
2026-06-19 17:17:33.378,1781907453378,861.2353,6.3,0,1,0,
2026-06-19 17:17:33.418,1781907453418,861.2353,6.7,0,1,0,
2026-06-19 17:17:33.458,1781907453458,861.2353,6.7,0,1,0,
2026-06-19 17:17:33.498,1781907453498,861.2353,7.2,0,1,0,
2026-06-19 17:17:33.538,1781907453538,861.2353,6.3,0,1,0,
2026-06-19 17:17:33.578,1781907453578,482.2415,6.7,0,1,0,
2026-06-19 17:17:33.618,1781907453618,482.2415,8.4,0,1,0,
2026-06-19 17:17:33.658,1781907453658,482.2415,9.3,0,1,0,
2026-06-19 17:17:33.698,1781907453698,482.2415,10.2,0,1,0,
2026-06-19 17:17:33.738,1781907453738,482.2415,8.0,0,1,0,
2026-06-19 17:17:33.778,1781907453778,482.2415,8.1,0,1,0,
2026-06-19 17:17:33.818,1781907453818,479.9230,7.6,0,1,0,
2026-06-19 17:17:33.858,1781907453858,479.9230,7.7,0,0,0,
2026-06-19 17:17:33.898,1781907453898,479.9230,6.8,0,0,0,
2026-06-19 17:17:33.938,1781907453938,479.9230,7.6,0,1,0,
2026-06-19 17:17:33.978,1781907453978,479.9230,7.6,0,1,0,
2026-06-19 17:17:34.018,1781907454018,479.9230,7.5,0,1,0,
2026-06-19 17:17:34.058,1781907454058,479.9230,7.6,0,1,0,
2026-06-19 17:17:34.098,1781907454098,463.3943,6.8,0,0,0,
2026-06-19 17:17:34.138,1781907454138,463.3943,7.7,0,1,0,
2026-06-19 17:17:34.178,1781907454178,463.3943,7.7,0,1,0,
2026-06-19 17:17:34.218,1781907454218,463.3943,7.2,0,1,0,
2026-06-19 17:17:34.258,1781907454258,463.3943,7.5,0,1,0,
2026-06-19 17:17:34.298,1781907454298,463.3943,7.2,0,0,0,
2026-06-19 17:17:34.338,1781907454338,505.9818,7.6,0,0,0,
2026-06-19 17:17:34.378,1781907454378,505.9818,7.7,0,1,0,
2026-06-19 17:17:34.418,1781907454418,505.9818,7.2,0,1,0,
2026-06-19 17:17:34.458,1781907454458,505.9818,7.7,0,0,0,
2026-06-19 17:17:34.498,1781907454498,505.9818,7.7,0,0,0,
2026-06-19 17:17:34.538,1781907454538,505.9818,7.6,0,1,0,
2026-06-19 17:17:34.578,1781907454578,505.9818,7.5,0,0,0,
2026-06-19 17:17:34.618,1781907454618,496.0679,7.5,0,1,0,
2026-06-19 17:17:34.658,1781907454658,496.0679,7.7,0,1,0,
2026-06-19 17:17:34.698,1781907454698,496.0679,8.0,0,1,0,
2026-06-19 17:17:34.738,1781907454738,496.0679,7.6,0,1,0,
2026-06-19 17:17:34.778,1781907454778,496.0679,7.5,0,1,0,
2026-06-19 17:17:34.818,1781907454818,496.0679,7.6,0,1,0,
2026-06-19 17:17:34.858,1781907454858,483.8914,8.0,0,0,0,
2026-06-19 17:17:34.898,1781907454898,483.8914,7.9,0,1,0,
2026-06-19 17:17:34.938,1781907454938,483.8914,8.4,0,1,0,
2026-06-19 17:17:34.978,1781907454978,483.8914,7.9,0,0,0,
2026-06-19 17:17:35.018,1781907455018,483.8914,7.1,0,1,0,
2026-06-19 17:17:35.058,1781907455058,483.8914,6.2,0,1,0,
2026-06-19 17:17:35.098,1781907455098,483.8914,6.6,0,0,0,
2026-06-19 17:17:35.138,1781907455138,499.7080,6.6,0,0,0,
2026-06-19 17:17:35.178,1781907455178,499.7080,6.6,0,1,0,
2026-06-19 17:17:35.218,1781907455218,499.7080,6.8,0,1,0,
2026-06-19 17:17:35.258,1781907455258,499.7080,6.3,0,0,0,
2026-06-19 17:17:35.298,1781907455298,499.7080,6.3,0,0,0,
2026-06-19 17:17:35.338,1781907455338,499.7080,6.8,0,0,0,
2026-06-19 17:17:35.378,1781907455378,515.5596,8.7,0,0,0,
2026-06-19 17:17:35.418,1781907455418,515.5596,7.4,0,0,0,
2026-06-19 17:17:35.458,1781907455458,515.5596,7.0,0,0,0,
2026-06-19 17:17:35.498,1781907455498,515.5596,6.6,0,1,0,
2026-06-19 17:17:35.538,1781907455538,515.5596,6.7,0,1,0,
2026-06-19 17:17:35.578,1781907455578,515.5596,6.7,0,1,0,
2026-06-19 17:17:35.618,1781907455618,515.5596,6.7,0,0,0,
2026-06-19 17:17:35.658,1781907455658,865.8085,7.5,0,1,0,
2026-06-19 17:17:35.698,1781907455698,865.8085,7.5,0,0,0,
2026-06-19 17:17:35.738,1781907455738,865.8085,7.5,0,1,0,
2026-06-19 17:17:35.778,1781907455778,865.8085,7.1,0,0,0,
2026-06-19 17:17:35.818,1781907455818,865.8085,7.5,0,0,0,
2026-06-19 17:17:35.858,1781907455858,865.8085,7.0,0,0,0,
2026-06-19 17:17:35.898,1781907455898,647.3114,7.1,0,0,0,
2026-06-19 17:17:35.938,1781907455938,647.3114,7.0,0,0,0,
2026-06-19 17:17:35.978,1781907455978,647.3114,7.5,0,0,0,
2026-06-19 17:17:36.018,1781907456018,647.3114,7.0,0,0,0,
2026-06-19 17:17:36.058,1781907456058,647.3114,7.0,0,0,0,
2026-06-19 17:17:36.098,1781907456098,647.3114,7.0,0,0,0,
2026-06-19 17:17:36.138,1781907456138,647.3114,6.9,0,0,0,
2026-06-19 17:17:36.178,1781907456178,664.2429,6.9,0,0,0,
2026-06-19 17:17:36.218,1781907456218,664.2429,7.0,0,0,0,
2026-06-19 17:17:36.258,1781907456258,664.2429,7.0,0,0,0,
2026-06-19 17:17:36.298,1781907456298,664.2429,7.4,0,0,0,
2026-06-19 17:17:36.338,1781907456338,664.2429,7.0,0,0,0,
2026-06-19 17:17:36.378,1781907456378,664.2429,7.5,0,0,0,
2026-06-19 17:17:36.418,1781907456418,655.9672,7.4,0,0,0,
2026-06-19 17:17:36.458,1781907456458,655.9672,7.3,0,0,0,
2026-06-19 17:17:36.498,1781907456498,655.9672,7.4,0,0,0,
2026-06-19 17:17:36.538,1781907456538,655.9672,7.4,0,0,0,
2026-06-19 17:17:36.578,1781907456578,655.9672,7.0,0,0,0,
2026-06-19 17:17:36.618,1781907456618,655.9672,7.0,0,1,0,
2026-06-19 17:17:36.658,1781907456658,655.9672,7.0,0,1,0,
2026-06-19 17:17:36.698,1781907456698,641.5838,6.9,0,1,0,
2026-06-19 17:17:36.738,1781907456738,641.5838,7.4,0,0,0,
2026-06-19 17:17:36.778,1781907456778,641.5838,6.9,0,0,0,
2026-06-19 17:17:36.818,1781907456818,641.5838,7.0,0,0,0,
2026-06-19 17:17:36.858,1781907456858,641.5838,7.4,0,0,0,
2026-06-19 17:17:36.898,1781907456898,641.5838,7.4,0,0,0,
2026-06-19 17:17:36.938,1781907456938,732.4630,6.9,0,0,0,
2026-06-19 17:17:36.978,1781907456978,732.4630,6.9,0,0,0,
2026-06-19 17:17:37.018,1781907457018,732.4630,6.9,0,0,0,
2026-06-19 17:17:37.058,1781907457058,732.4630,6.9,0,0,0,
2026-06-19 17:17:37.098,1781907457098,732.4630,6.4,0,0,0,
2026-06-19 17:17:37.138,1781907457138,732.4630,6.5,0,0,0,
2026-06-19 17:17:37.178,1781907457178,732.4630,6.3,0,0,0,
2026-06-19 17:17:37.218,1781907457218,867.3402,6.3,0,1,0,
2026-06-19 17:17:37.258,1781907457258,867.3402,6.0,0,0,0,
2026-06-19 17:17:37.298,1781907457298,867.3402,6.4,0,0,0,
2026-06-19 17:17:37.338,1781907457338,867.3402,6.3,0,0,0,
2026-06-19 17:17:37.378,1781907457378,867.3402,6.5,0,0,0,
2026-06-19 17:17:37.418,1781907457418,867.3402,6.3,0,1,0,
2026-06-19 17:17:37.458,1781907457458,966.9919,6.4,0,1,0,
2026-06-19 17:17:37.498,1781907457498,966.9919,6.3,0,0,0,
2026-06-19 17:17:37.538,1781907457538,966.9919,6.4,0,0,0,
2026-06-19 17:17:37.578,1781907457578,966.9919,6.3,0,0,0,
2026-06-19 17:17:37.618,1781907457618,966.9919,5.5,0,0,0,
2026-06-19 17:17:37.658,1781907457658,966.9919,6.0,0,0,0,
2026-06-19 17:17:37.698,1781907457698,966.9919,6.3,0,0,0,
2026-06-19 17:17:37.738,1781907457738,995.9111,5.9,0,0,0,
2026-06-19 17:17:37.778,1781907457778,995.9111,6.3,0,0,0,
2026-06-19 17:17:37.818,1781907457818,995.9111,6.0,0,0,0,
2026-06-19 17:17:37.858,1781907457858,995.9111,5.9,0,0,0,
2026-06-19 17:17:37.898,1781907457898,995.9111,6.3,0,0,0,
2026-06-19 17:17:37.938,1781907457938,995.9111,6.5,0,0,0,
2026-06-19 17:17:37.978,1781907457978,978.3072,6.3,0,0,0,
2026-06-19 17:17:38.018,1781907458018,978.3072,6.4,0,0,0,
2026-06-19 17:17:38.058,1781907458058,978.3072,6.0,0,0,0,
2026-06-19 17:17:38.098,1781907458098,978.3072,5.5,0,0,0,
2026-06-19 17:17:38.138,1781907458138,978.3072,6.3,0,0,0,
2026-06-19 17:17:38.178,1781907458178,978.3072,6.3,0,0,0,
2026-06-19 17:17:38.218,1781907458218,978.3072,5.8,0,0,0,
2026-06-19 17:17:38.258,1781907458258,963.1712,6.3,0,0,0,
2026-06-19 17:17:38.299,1781907458299,963.1712,6.3,0,0,0,
2026-06-19 17:17:38.338,1781907458338,963.1712,6.3,0,0,0,
2026-06-19 17:17:38.378,1781907458378,963.1712,6.0,0,0,0,
2026-06-19 17:17:38.418,1781907458418,963.1712,5.7,0,0,0,
2026-06-19 17:17:38.458,1781907458458,963.1712,6.9,0,0,0,
2026-06-19 17:17:38.498,1781907458498,991.3821,6.3,0,1,0,
2026-06-19 17:17:38.538,1781907458538,991.3821,6.3,0,0,0,
2026-06-19 17:17:38.578,1781907458578,991.3821,6.0,0,0,0,
2026-06-19 17:17:38.618,1781907458618,991.3821,6.3,0,0,0,
2026-06-19 17:17:38.658,1781907458659,991.3821,6.4,0,0,0,
2026-06-19 17:17:38.698,1781907458698,991.3821,6.3,0,1,0,
2026-06-19 17:17:38.738,1781907458738,991.3821,6.4,0,0,0,
2026-06-19 17:17:38.778,1781907458778,980.3031,6.3,0,0,0,
2026-06-19 17:17:38.818,1781907458818,980.3031,6.8,0,0,0,
2026-06-19 17:17:38.858,1781907458858,980.3031,7.3,0,0,0,
2026-06-19 17:17:38.898,1781907458898,980.3031,6.4,0,0,0,
2026-06-19 17:17:38.938,1781907458938,980.3031,6.5,0,0,0,
2026-06-19 17:17:38.978,1781907458978,980.3031,6.4,0,1,0,
2026-06-19 17:17:39.019,1781907459019,978.6488,6.4,0,0,0,
2026-06-19 17:17:39.058,1781907459058,978.6488,6.9,0,0,0,
2026-06-19 17:17:39.098,1781907459098,978.6488,6.9,0,0,0,
2026-06-19 17:17:39.138,1781907459138,978.6488,6.9,0,0,0,
2026-06-19 17:17:39.178,1781907459178,978.6488,6.9,0,1,0,
2026-06-19 17:17:39.219,1781907459219,978.6488,6.4,0,0,0,
2026-06-19 17:17:39.258,1781907459258,978.6488,6.5,0,0,0,
2026-06-19 17:17:39.298,1781907459298,1003.0486,6.8,0,0,0,
2026-06-19 17:17:39.339,1781907459339,1003.0486,7.0,0,1,0,
2026-06-19 17:17:39.379,1781907459379,1003.0486,6.9,0,0,0,
2026-06-19 17:17:39.419,1781907459419,1003.0486,6.9,0,0,0,
2026-06-19 17:17:39.458,1781907459458,1003.0486,6.9,0,0,0,
2026-06-19 17:17:39.499,1781907459499,1003.0486,6.5,0,0,0,
2026-06-19 17:17:39.539,1781907459539,1039.7925,6.8,0,0,0,
2026-06-19 17:17:39.579,1781907459579,1039.7925,6.4,0,0,0,
2026-06-19 17:17:39.619,1781907459619,1039.7925,6.0,0,0,0,
2026-06-19 17:17:39.658,1781907459658,1039.7925,6.0,0,0,0,
2026-06-19 17:17:39.698,1781907459698,1039.7925,5.6,0,0,0,
2026-06-19 17:17:39.738,1781907459738,1039.7925,6.0,0,0,0,
2026-06-19 17:17:39.778,1781907459779,1039.7925,6.3,0,0,0,
2026-06-19 17:17:39.819,1781907459819,1121.1556,6.2,0,0,0,
2026-06-19 17:17:39.858,1781907459858,1121.1556,6.3,0,0,0,
2026-06-19 17:17:39.899,1781907459899,1121.1556,6.3,0,0,0,
2026-06-19 17:17:39.938,1781907459938,1121.1556,6.8,0,0,0,
2026-06-19 17:17:39.979,1781907459979,1121.1556,6.2,0,0,0,
2026-06-19 17:17:40.018,1781907460018,1121.1556,6.8,0,0,0,
2026-06-19 17:17:40.058,1781907460058,1143.7013,6.3,0,0,0,
2026-06-19 17:17:40.099,1781907460099,1143.7013,6.3,0,0,0,
2026-06-19 17:17:40.139,1781907460139,1143.7013,6.3,0,0,0,
2026-06-19 17:17:40.179,1781907460179,1143.7013,6.3,0,0,0,
2026-06-19 17:17:40.219,1781907460219,1143.7013,6.3,0,0,0,
2026-06-19 17:17:40.258,1781907460258,1143.7013,6.3,0,0,0,
2026-06-19 17:17:40.299,1781907460299,1143.7013,6.4,0,0,0,
2026-06-19 17:17:40.338,1781907460338,1116.6521,6.3,0,0,0,
2026-06-19 17:17:40.378,1781907460378,1116.6521,6.0,0,0,0,
2026-06-19 17:17:40.418,1781907460418,1116.6521,6.3,0,0,0,
2026-06-19 17:17:40.458,1781907460458,1116.6521,6.3,0,0,0,
2026-06-19 17:17:40.499,1781907460499,1116.6521,5.9,0,0,0,
2026-06-19 17:17:40.538,1781907460538,1116.6521,6.3,0,0,0,
2026-06-19 17:17:40.578,1781907460578,1152.2670,6.3,0,0,0,
2026-06-19 17:17:40.619,1781907460619,1152.2670,6.3,0,0,0,
2026-06-19 17:17:40.659,1781907460659,1152.2670,5.8,0,0,0,
2026-06-19 17:17:40.698,1781907460698,1152.2670,6.2,0,0,0,
2026-06-19 17:17:40.739,1781907460739,1152.2670,6.3,0,0,0,
2026-06-19 17:17:40.778,1781907460778,1152.2670,6.3,0,0,0,
2026-06-19 17:17:40.818,1781907460818,1152.2670,6.3,0,0,0,
2026-06-19 17:17:40.858,1781907460858,1100.1007,5.9,0,0,0,
2026-06-19 17:17:40.899,1781907460899,1100.1007,6.3,0,0,0,
2026-06-19 17:17:40.939,1781907460939,1100.1007,6.3,0,0,0,
2026-06-19 17:17:40.978,1781907460979,1100.1007,6.3,0,0,0,
2026-06-19 17:17:41.019,1781907461019,1100.1007,6.2,0,0,0,
2026-06-19 17:17:41.059,1781907461059,1100.1007,6.3,0,0,0,
2026-06-19 17:17:41.099,1781907461099,1180.6438,5.9,0,0,0,
2026-06-19 17:17:41.139,1781907461139,1180.6438,5.9,0,0,0,
2026-06-19 17:17:41.178,1781907461178,1180.6438,6.3,0,0,0,
2026-06-19 17:17:41.218,1781907461218,1180.6438,6.3,0,0,0,
2026-06-19 17:17:41.258,1781907461259,1180.6438,5.5,0,0,0,
2026-06-19 17:17:41.299,1781907461299,1180.6438,6.3,0,0,0,
2026-06-19 17:17:41.338,1781907461338,1180.6438,6.4,0,0,0,
2026-06-19 17:17:41.379,1781907461379,1153.6632,6.7,0,0,0,
2026-06-19 17:17:41.419,1781907461419,1153.6632,6.2,0,0,0,
2026-06-19 17:17:41.458,1781907461458,1153.6632,6.2,0,0,0,
2026-06-19 17:17:41.499,1781907461499,1153.6632,5.9,0,1,0,
2026-06-19 17:17:41.538,1781907461538,1153.6632,6.3,0,0,0,
2026-06-19 17:17:41.579,1781907461579,1153.6632,5.8,0,0,0,
2026-06-19 17:17:41.619,1781907461619,1153.4666,6.3,0,0,0,
2026-06-19 17:17:41.659,1781907461659,1153.4666,6.3,0,0,0,
2026-06-19 17:17:41.698,1781907461698,1153.4666,6.3,0,0,0,
2026-06-19 17:17:41.739,1781907461739,1153.4666,6.2,0,0,0,
2026-06-19 17:17:41.779,1781907461779,1153.4666,6.3,0,0,0,FUGA
2026-06-19 17:17:41.818,1781907461819,1153.4666,6.3,0,0,0,
2026-06-19 17:17:41.859,1781907461859,1153.4666,5.9,0,0,0,
2026-06-19 17:17:41.899,1781907461899,1194.4875,6.3,0,0,0,
2026-06-19 17:17:41.939,1781907461939,1194.4875,6.3,0,0,0,
2026-06-19 17:17:41.979,1781907461979,1194.4875,6.3,0,0,0,
2026-06-19 17:17:42.019,1781907462019,1194.4875,6.3,0,0,0,
2026-06-19 17:17:42.059,1781907462059,1194.4875,6.3,0,0,0,
2026-06-19 17:17:42.099,1781907462099,1194.4875,6.8,0,0,0,
2026-06-19 17:17:42.139,1781907462139,1139.0736,6.3,0,0,0,
2026-06-19 17:17:42.178,1781907462178,1139.0736,5.9,0,0,0,
2026-06-19 17:17:42.219,1781907462219,1139.0736,5.9,0,0,0,
2026-06-19 17:17:42.259,1781907462259,1139.0736,6.2,0,0,0,
2026-06-19 17:17:42.299,1781907462299,1139.0736,6.3,0,0,0,
2026-06-19 17:17:42.339,1781907462339,1139.0736,6.3,0,0,0,
2026-06-19 17:17:42.379,1781907462379,1139.0736,6.3,0,0,0,
2026-06-19 17:17:42.418,1781907462418,1172.9160,5.8,0,0,0,
2026-06-19 17:17:42.459,1781907462459,1172.9160,6.3,0,0,0,
2026-06-19 17:17:42.499,1781907462499,1172.9160,6.3,0,0,0,
2026-06-19 17:17:42.539,1781907462539,1172.9160,6.0,0,0,0,
2026-06-19 17:17:42.579,1781907462579,1172.9160,6.3,0,0,0,
2026-06-19 17:17:42.619,1781907462619,1172.9160,6.3,0,0,0,
2026-06-19 17:17:42.659,1781907462659,1199.9658,5.9,0,0,0,
2026-06-19 17:17:42.699,1781907462699,1199.9658,6.4,0,0,0,
2026-06-19 17:17:42.738,1781907462738,1199.9658,5.7,0,0,0,
2026-06-19 17:17:42.779,1781907462779,1199.9658,6.3,0,0,0,
2026-06-19 17:17:42.819,1781907462819,1199.9658,6.3,0,0,0,
2026-06-19 17:17:42.859,1781907462859,1199.9658,6.4,0,0,0,
2026-06-19 17:17:42.899,1781907462899,1199.9658,6.3,0,1,0,
2026-06-19 17:17:42.939,1781907462939,1181.2057,5.9,0,0,0,
2026-06-19 17:17:42.979,1781907462979,1181.2057,6.7,0,0,0,
2026-06-19 17:17:43.019,1781907463019,1181.2057,6.2,0,0,0,
2026-06-19 17:17:43.059,1781907463059,1181.2057,6.7,0,0,0,
2026-06-19 17:17:43.099,1781907463099,1181.2057,7.0,0,0,0,
2026-06-19 17:17:43.139,1781907463139,1181.2057,6.6,0,0,0,
2026-06-19 17:17:43.179,1781907463179,1189.8427,6.5,0,0,0,
2026-06-19 17:17:43.219,1781907463219,1189.8427,6.6,0,0,0,
2026-06-19 17:17:43.259,1781907463259,1189.8427,6.6,0,0,0,
2026-06-19 17:17:43.298,1781907463298,1189.8427,6.1,0,0,0,
2026-06-19 17:17:43.339,1781907463339,1189.8427,6.0,0,0,0,
2026-06-19 17:17:43.379,1781907463379,1189.8427,6.0,0,0,0,
2026-06-19 17:17:43.419,1781907463419,1189.8427,6.0,0,0,0,
2026-06-19 17:17:43.459,1781907463459,1004.8922,6.0,0,0,0,
2026-06-19 17:17:43.499,1781907463499,1004.8922,6.0,0,0,0,
2026-06-19 17:17:43.538,1781907463539,1004.8922,5.6,0,0,0,
2026-06-19 17:17:43.579,1781907463579,1004.8922,5.6,0,0,0,
2026-06-19 17:17:43.619,1781907463619,1004.8922,5.6,0,0,0,
2026-06-19 17:17:43.659,1781907463659,1004.8922,6.3,0,0,0,
2026-06-19 17:17:43.699,1781907463699,893.3492,5.9,0,0,0,
2026-06-19 17:17:43.739,1781907463739,893.3492,6.0,0,0,0,
2026-06-19 17:17:43.778,1781907463778,893.3492,5.8,0,0,0,
2026-06-19 17:17:43.819,1781907463819,893.3492,6.0,0,0,0,
2026-06-19 17:17:43.858,1781907463858,893.3492,6.0,0,0,0,
2026-06-19 17:17:43.899,1781907463899,893.3492,5.5,0,0,0,
2026-06-19 17:17:43.938,1781907463938,893.3492,6.0,0,0,0,
2026-06-19 17:17:43.979,1781907463979,788.5694,5.9,0,0,0,
2026-06-19 17:17:44.018,1781907464019,788.5694,6.0,0,0,0,
2026-06-19 17:17:44.059,1781907464059,788.5694,6.0,0,0,0,
2026-06-19 17:17:44.099,1781907464099,788.5694,6.0,0,0,0,
2026-06-19 17:17:44.139,1781907464139,788.5694,5.8,0,0,0,
2026-06-19 17:17:44.178,1781907464178,788.5694,6.0,0,0,0,
2026-06-19 17:17:44.218,1781907464218,712.1038,5.9,0,0,0,
2026-06-19 17:17:44.258,1781907464258,712.1038,5.9,0,0,0,
2026-06-19 17:17:44.298,1781907464299,712.1038,5.4,0,0,0,
2026-06-19 17:17:44.338,1781907464339,712.1038,5.5,0,0,0,
2026-06-19 17:17:44.379,1781907464379,712.1038,5.8,0,0,0,
2026-06-19 17:17:44.418,1781907464419,712.1038,5.4,0,0,0,
2026-06-19 17:17:44.458,1781907464458,712.1038,5.9,0,0,0,
2026-06-19 17:17:44.498,1781907464498,739.2654,5.9,0,0,0,
2026-06-19 17:17:44.539,1781907464539,739.2654,5.4,0,0,0,
2026-06-19 17:17:44.579,1781907464579,739.2654,6.0,0,0,0,
2026-06-19 17:17:44.618,1781907464619,739.2654,5.4,0,0,0,
2026-06-19 17:17:44.659,1781907464659,739.2654,5.9,0,0,0,
2026-06-19 17:17:44.698,1781907464698,739.2654,5.9,0,0,0,
2026-06-19 17:17:44.738,1781907464738,733.3819,5.5,0,0,0,
2026-06-19 17:17:44.779,1781907464779,733.3819,5.9,0,0,0,
2026-06-19 17:17:44.818,1781907464819,733.3819,5.4,0,0,0,
2026-06-19 17:17:44.859,1781907464859,733.3819,5.5,0,0,0,
2026-06-19 17:17:44.898,1781907464898,733.3819,5.9,0,0,0,
2026-06-19 17:17:44.938,1781907464938,733.3819,5.9,0,0,0,
2026-06-19 17:17:44.979,1781907464979,733.3819,5.8,0,0,0,
2026-06-19 17:17:45.019,1781907465019,724.2889,5.5,0,0,0,
2026-06-19 17:17:45.058,1781907465058,724.2889,6.0,0,0,0,
2026-06-19 17:17:45.099,1781907465099,724.2889,6.0,0,0,0,
2026-06-19 17:17:45.138,1781907465138,724.2889,6.0,0,0,0,
2026-06-19 17:17:45.178,1781907465178,724.2889,6.0,0,0,0,
2026-06-19 17:17:45.218,1781907465218,724.2889,6.0,0,0,0,
2026-06-19 17:17:45.259,1781907465259,711.0099,5.9,0,0,0,
2026-06-19 17:17:45.298,1781907465298,711.0099,5.5,0,0,0,
2026-06-19 17:17:45.339,1781907465339,711.0099,6.0,0,0,0,
2026-06-19 17:17:45.378,1781907465378,711.0099,6.4,0,0,0,
2026-06-19 17:17:45.418,1781907465418,711.0099,6.5,0,0,0,
2026-06-19 17:17:45.459,1781907465459,711.0099,6.1,0,0,0,
2026-06-19 17:17:45.499,1781907465499,711.0099,6.0,0,0,0,
2026-06-19 17:17:45.539,1781907465539,854.5051,6.0,0,0,0,
2026-06-19 17:17:45.579,1781907465579,854.5051,6.1,0,0,0,
2026-06-19 17:17:45.619,1781907465619,854.5051,6.0,0,0,0,
2026-06-19 17:17:45.659,1781907465659,854.5051,6.6,0,0,0,
2026-06-19 17:17:45.699,1781907465699,854.5051,6.5,0,0,0,
2026-06-19 17:17:45.739,1781907465739,854.5051,6.6,0,0,0,
2026-06-19 17:17:45.779,1781907465779,1257.8773,6.9,0,0,0,
2026-06-19 17:17:45.819,1781907465819,1257.8773,6.5,0,0,0,
2026-06-19 17:17:45.859,1781907465859,1257.8773,6.5,0,0,0,
2026-06-19 17:17:45.899,1781907465899,1257.8773,6.4,0,1,0,
2026-06-19 17:17:45.939,1781907465939,1257.8773,7.0,0,0,0,
2026-06-19 17:17:45.979,1781907465979,1257.8773,6.5,0,0,0,
2026-06-19 17:17:46.019,1781907466019,1257.8773,7.0,0,0,0,
2026-06-19 17:17:46.059,1781907466059,1275.3640,6.5,0,0,0,
2026-06-19 17:17:46.099,1781907466099,1275.3640,6.6,0,0,0,
2026-06-19 17:17:46.139,1781907466139,1275.3640,6.5,0,0,0,
2026-06-19 17:17:46.179,1781907466179,1275.3640,6.5,0,0,0,
2026-06-19 17:17:46.219,1781907466219,1275.3640,7.0,0,0,0,
2026-06-19 17:17:46.259,1781907466259,1275.3640,6.6,0,0,0,
2026-06-19 17:17:46.299,1781907466299,1303.4456,6.5,0,0,0,
2026-06-19 17:17:46.339,1781907466339,1303.4456,6.5,0,0,0,
2026-06-19 17:17:46.379,1781907466379,1303.4456,6.1,0,0,0,
2026-06-19 17:17:46.419,1781907466419,1303.4456,6.1,0,0,0,
2026-06-19 17:17:46.459,1781907466459,1303.4456,6.4,0,0,0,
2026-06-19 17:17:46.499,1781907466499,1303.4456,6.5,0,1,0,
2026-06-19 17:17:46.539,1781907466539,1303.4456,6.0,0,0,0,
2026-06-19 17:17:46.579,1781907466579,1192.0333,6.4,0,0,0,
2026-06-19 17:17:46.619,1781907466619,1192.0333,6.0,0,0,0,
2026-06-19 17:17:46.659,1781907466659,1192.0333,6.0,0,0,0,
2026-06-19 17:17:46.699,1781907466699,1192.0333,6.0,0,0,0,
2026-06-19 17:17:46.739,1781907466739,1192.0333,6.0,0,0,0,
2026-06-19 17:17:46.779,1781907466779,1192.0333,6.0,0,0,0,
2026-06-19 17:17:46.819,1781907466819,1035.1584,6.0,0,0,0,
2026-06-19 17:17:46.859,1781907466859,1035.1584,6.0,0,0,0,
2026-06-19 17:17:46.899,1781907466899,1035.1584,5.9,0,0,0,
2026-06-19 17:17:46.939,1781907466939,1035.1584,6.4,0,0,0,
2026-06-19 17:17:46.979,1781907466979,1035.1584,6.4,0,1,0,
2026-06-19 17:17:47.019,1781907467019,1035.1584,6.9,0,0,0,
2026-06-19 17:17:47.059,1781907467059,1035.1584,6.9,0,0,0,
2026-06-19 17:17:47.099,1781907467099,743.8027,6.9,0,0,0,
2026-06-19 17:17:47.139,1781907467139,743.8027,6.9,0,0,0,
2026-06-19 17:17:47.179,1781907467179,743.8027,6.9,0,1,0,
2026-06-19 17:17:47.219,1781907467219,743.8027,6.9,0,1,0,
2026-06-19 17:17:47.259,1781907467259,743.8027,6.8,0,0,0,
2026-06-19 17:17:47.299,1781907467299,743.8027,7.0,0,0,0,
2026-06-19 17:17:47.339,1781907467339,689.8177,6.6,0,0,0,
2026-06-19 17:17:47.379,1781907467379,689.8177,6.6,0,0,0,
2026-06-19 17:17:47.419,1781907467419,689.8177,6.6,0,0,0,
2026-06-19 17:17:47.459,1781907467459,689.8177,6.1,0,1,0,
2026-06-19 17:17:47.499,1781907467499,689.8177,6.1,0,0,0,
2026-06-19 17:17:47.539,1781907467539,689.8177,6.5,0,0,0,
2026-06-19 17:17:47.579,1781907467579,689.8177,6.1,0,0,0,
2026-06-19 17:17:47.619,1781907467619,1029.6714,6.5,0,1,0,
2026-06-19 17:17:47.659,1781907467659,1029.6714,6.5,0,0,0,
2026-06-19 17:17:47.699,1781907467699,1029.6714,6.5,0,0,0,
2026-06-19 17:17:47.739,1781907467739,1029.6714,6.4,0,1,0,
2026-06-19 17:17:47.779,1781907467779,1029.6714,6.4,0,1,0,
2026-06-19 17:17:47.819,1781907467819,1029.6714,6.1,0,1,0,
2026-06-19 17:17:47.859,1781907467859,1255.9341,6.0,0,0,0,
2026-06-19 17:17:47.899,1781907467899,1255.9341,6.0,0,0,0,
2026-06-19 17:17:47.939,1781907467939,1255.9341,6.0,0,0,0,
2026-06-19 17:17:47.979,1781907467979,1255.9341,6.1,0,0,0,
2026-06-19 17:17:48.018,1781907468019,1255.9341,6.1,0,0,0,
2026-06-19 17:17:48.059,1781907468059,1255.9341,6.1,0,0,0,
2026-06-19 17:17:48.099,1781907468099,1255.9341,6.1,0,0,0,
2026-06-19 17:17:48.139,1781907468139,1135.8507,6.0,0,1,0,
2026-06-19 17:17:48.179,1781907468179,1135.8507,6.0,0,0,0,
2026-06-19 17:17:48.219,1781907468219,1135.8507,6.0,0,0,0,
2026-06-19 17:17:48.259,1781907468259,1135.8507,6.1,0,1,0,
2026-06-19 17:17:48.299,1781907468299,1135.8507,6.0,0,0,0,
2026-06-19 17:17:48.339,1781907468339,1135.8507,6.5,0,1,0,
2026-06-19 17:17:48.379,1781907468379,1165.2465,6.6,0,1,0,
2026-06-19 17:17:48.419,1781907468419,1165.2465,6.5,0,1,0,
2026-06-19 17:17:48.459,1781907468459,1165.2465,6.4,0,0,0,
2026-06-19 17:17:48.499,1781907468499,1165.2465,6.6,0,0,0,
2026-06-19 17:17:48.539,1781907468539,1165.2465,6.1,0,0,0,
2026-06-19 17:17:48.579,1781907468579,1165.2465,6.5,0,0,0,
2026-06-19 17:17:48.619,1781907468619,1165.2465,7.0,0,0,0,
2026-06-19 17:17:48.659,1781907468659,1177.2661,6.5,0,0,0,
2026-06-19 17:17:48.699,1781907468699,1177.2661,6.5,0,0,0,
2026-06-19 17:17:48.739,1781907468739,1177.2661,6.6,0,0,0,
2026-06-19 17:17:48.779,1781907468779,1177.2661,6.5,0,0,0,
2026-06-19 17:17:48.819,1781907468819,1177.2661,6.6,0,0,0,
2026-06-19 17:17:48.859,1781907468859,1177.2661,6.6,0,0,0,
2026-06-19 17:17:48.899,1781907468899,1256.2488,6.5,0,0,0,
2026-06-19 17:17:48.939,1781907468939,1256.2488,6.6,0,0,0,
2026-06-19 17:17:48.979,1781907468979,1256.2488,6.6,0,0,0,
2026-06-19 17:17:49.019,1781907469019,1256.2488,6.9,0,0,0,
2026-06-19 17:17:49.059,1781907469059,1256.2488,6.6,0,0,0,
2026-06-19 17:17:49.099,1781907469099,1256.2488,6.6,0,0,0,
2026-06-19 17:17:49.139,1781907469139,1256.2488,6.9,0,0,0,
2026-06-19 17:17:49.179,1781907469179,1120.2511,6.9,0,0,0,
2026-06-19 17:17:49.219,1781907469219,1120.2511,6.6,0,0,0,
2026-06-19 17:17:49.259,1781907469259,1120.2511,6.6,0,0,0,
2026-06-19 17:17:49.299,1781907469299,1120.2511,6.6,0,0,0,
2026-06-19 17:17:49.339,1781907469339,1120.2511,6.7,0,0,0,
2026-06-19 17:17:49.379,1781907469379,1120.2511,6.3,0,0,0,
2026-06-19 17:17:49.419,1781907469419,1096.6405,6.3,0,0,0,
2026-06-19 17:17:49.459,1781907469459,1096.6405,6.3,0,0,0,
2026-06-19 17:17:49.499,1781907469499,1096.6405,6.0,0,0,0,
2026-06-19 17:17:49.539,1781907469539,1096.6405,6.0,0,0,0,
2026-06-19 17:17:49.579,1781907469579,1096.6405,5.5,0,0,0,
2026-06-19 17:17:49.619,1781907469619,1096.6405,5.8,0,0,0,
2026-06-19 17:17:49.659,1781907469659,1096.6405,6.2,0,0,0,
2026-06-19 17:17:49.699,1781907469699,1122.9718,6.5,0,0,0,
2026-06-19 17:17:49.739,1781907469739,1122.9718,6.0,0,0,0,
2026-06-19 17:17:49.779,1781907469779,1122.9718,5.9,0,0,0,
2026-06-19 17:17:49.819,1781907469819,1122.9718,5.5,0,0,0,
2026-06-19 17:17:49.859,1781907469859,1122.9718,5.9,0,0,0,
2026-06-19 17:17:49.899,1781907469899,1122.9718,6.0,0,0,0,
2026-06-19 17:17:49.939,1781907469939,986.0390,5.4,0,0,0,
2026-06-19 17:17:49.979,1781907469979,986.0390,5.8,0,0,0,
2026-06-19 17:17:50.019,1781907470019,986.0390,5.8,0,0,0,
2026-06-19 17:17:50.059,1781907470059,986.0390,5.7,0,0,0,
2026-06-19 17:17:50.099,1781907470099,986.0390,6.1,0,0,0,
2026-06-19 17:17:50.139,1781907470139,986.0390,5.9,0,0,0,
2026-06-19 17:17:50.179,1781907470179,986.0390,6.4,0,0,0,
2026-06-19 17:17:50.219,1781907470219,1090.7341,6.5,0,0,0,
2026-06-19 17:17:50.259,1781907470259,1090.7341,6.0,0,0,0,
2026-06-19 17:17:50.299,1781907470299,1090.7341,5.8,0,0,0,
2026-06-19 17:17:50.339,1781907470339,1090.7341,5.8,0,1,0,
2026-06-19 17:17:50.379,1781907470379,1090.7341,7.6,0,1,0,
2026-06-19 17:17:50.419,1781907470419,1090.7341,5.5,0,1,0,
2026-06-19 17:17:50.459,1781907470459,1018.3667,7.8,0,0,0,
2026-06-19 17:17:50.499,1781907470499,1018.3667,4.5,0,1,0,
2026-06-19 17:17:50.539,1781907470539,1018.3667,7.5,0,1,0,
2026-06-19 17:17:50.579,1781907470579,1018.3667,4.2,0,0,0,
2026-06-19 17:17:50.619,1781907470619,1018.3667,4.4,0,1,1,
2026-06-19 17:17:50.659,1781907470659,1018.3667,4.1,0,1,1,
2026-06-19 17:17:50.699,1781907470699,1018.3667,3.5,0,0,1,
2026-06-19 17:17:50.739,1781907470739,1199.5811,3.4,0,0,1,
2026-06-19 17:17:50.779,1781907470779,1199.5811,3.4,0,0,1,
2026-06-19 17:17:50.819,1781907470819,1199.5811,3.3,0,0,1,
2026-06-19 17:17:50.859,1781907470859,1199.5811,3.4,0,0,1,
2026-06-19 17:17:50.899,1781907470899,1199.5811,2.9,0,0,1,
2026-06-19 17:17:50.939,1781907470939,1199.5811,2.9,0,0,1,
2026-06-19 17:17:50.979,1781907470979,1067.4907,3.4,0,0,1,
2026-06-19 17:17:51.019,1781907471019,1067.4907,3.4,0,0,1,
2026-06-19 17:17:51.059,1781907471059,1067.4907,3.5,0,0,1,
2026-06-19 17:17:51.099,1781907471099,1067.4907,3.4,0,0,1,
2026-06-19 17:17:51.139,1781907471139,1067.4907,2.9,0,0,1,FUGA
2026-06-19 17:17:51.179,1781907471179,1067.4907,2.9,0,0,1,
2026-06-19 17:17:51.219,1781907471219,1067.4907,2.8,0,0,1,
2026-06-19 17:17:51.259,1781907471259,1005.1723,3.2,0,0,1,
2026-06-19 17:17:51.299,1781907471299,1005.1723,3.2,0,0,1,
2026-06-19 17:17:51.339,1781907471339,1005.1723,3.2,0,0,1,
2026-06-19 17:17:51.379,1781907471379,1005.1723,3.0,0,0,1,
2026-06-19 17:17:51.419,1781907471419,1005.1723,2.5,0,0,1,
2026-06-19 17:17:51.459,1781907471459,1005.1723,2.5,0,0,1,
2026-06-19 17:17:51.499,1781907471499,1189.1924,2.4,0,0,1,
2026-06-19 17:17:51.539,1781907471539,1189.1924,2.6,0,0,1,
2026-06-19 17:17:51.579,1781907471579,1189.1924,2.5,0,0,1,
2026-06-19 17:17:51.619,1781907471619,1189.1924,2.5,0,0,1,
2026-06-19 17:17:51.659,1781907471659,1189.1924,2.5,0,0,1,
2026-06-19 17:17:51.699,1781907471699,1189.1924,2.4,0,0,1,
2026-06-19 17:17:51.739,1781907471739,1189.1924,2.5,0,0,1,
2026-06-19 17:17:51.779,1781907471779,1297.5618,2.4,0,0,1,
2026-06-19 17:17:51.819,1781907471819,1297.5618,2.5,0,0,1,
2026-06-19 17:17:51.859,1781907471859,1297.5618,2.4,0,0,1,
2026-06-19 17:17:51.899,1781907471899,1297.5618,2.8,0,0,1,
2026-06-19 17:17:51.939,1781907471939,1297.5618,2.8,0,0,1,
2026-06-19 17:17:51.979,1781907471979,1297.5618,2.8,0,0,1,
2026-06-19 17:17:52.019,1781907472019,1642.7426,2.8,0,0,1,
2026-06-19 17:17:52.059,1781907472059,1642.7426,3.0,0,0,1,
2026-06-19 17:17:52.099,1781907472099,1642.7426,3.1,0,0,1,
2026-06-19 17:17:52.139,1781907472139,1642.7426,3.1,0,0,1,
2026-06-19 17:17:52.179,1781907472179,1642.7426,3.1,0,0,1,
2026-06-19 17:17:52.219,1781907472219,1642.7426,3.4,0,0,1,
2026-06-19 17:17:52.259,1781907472259,1642.7426,3.1,0,0,1,
2026-06-19 17:17:52.299,1781907472299,1463.6603,3.0,0,0,1,
2026-06-19 17:17:52.339,1781907472339,1463.6603,3.1,0,0,1,
2026-06-19 17:17:52.379,1781907472379,1463.6603,3.1,0,0,1,
2026-06-19 17:17:52.419,1781907472419,1463.6603,2.6,0,0,1,
2026-06-19 17:17:52.459,1781907472459,1463.6603,3.0,0,0,1,
2026-06-19 17:17:52.499,1781907472499,1463.6603,2.9,0,0,1,
2026-06-19 17:17:52.539,1781907472539,1313.0457,2.5,0,0,1,
2026-06-19 17:17:52.579,1781907472579,1313.0457,2.9,0,0,1,
2026-06-19 17:17:52.619,1781907472619,1313.0457,2.9,0,0,1,
2026-06-19 17:17:52.659,1781907472659,1313.0457,2.8,0,0,1,
2026-06-19 17:17:52.699,1781907472699,1313.0457,2.9,0,0,1,
2026-06-19 17:17:52.739,1781907472739,1313.0457,2.8,0,0,1,
2026-06-19 17:17:52.779,1781907472779,1313.0457,2.9,0,0,1,
2026-06-19 17:17:52.819,1781907472819,1681.7095,2.4,0,0,1,
2026-06-19 17:17:52.859,1781907472859,1681.7095,2.8,0,0,1,
2026-06-19 17:17:52.899,1781907472899,1681.7095,2.9,0,0,1,
2026-06-19 17:17:52.939,1781907472939,1681.7095,2.8,0,0,1,
2026-06-19 17:17:52.979,1781907472979,1681.7095,2.8,0,0,1,
2026-06-19 17:17:53.019,1781907473019,1681.7095,2.8,0,0,1,
2026-06-19 17:17:53.059,1781907473059,1295.4482,2.4,0,0,1,
2026-06-19 17:17:53.099,1781907473099,1295.4482,2.8,0,0,1,
2026-06-19 17:17:53.139,1781907473139,1295.4482,2.8,0,0,1,
2026-06-19 17:17:53.179,1781907473179,1295.4482,2.8,0,0,1,
2026-06-19 17:17:53.219,1781907473219,1295.4482,2.9,0,0,1,
2026-06-19 17:17:53.259,1781907473259,1295.4482,3.0,0,0,1,
2026-06-19 17:17:53.299,1781907473299,1295.4482,2.9,0,0,1,
2026-06-19 17:17:53.339,1781907473339,978.9141,2.9,0,0,1,
2026-06-19 17:17:53.379,1781907473379,978.9141,2.5,0,0,1,
2026-06-19 17:17:53.419,1781907473419,978.9141,2.5,0,0,1,
2026-06-19 17:17:53.459,1781907473459,978.9141,2.9,0,0,1,
2026-06-19 17:17:53.499,1781907473499,978.9141,2.9,0,0,1,
2026-06-19 17:17:53.539,1781907473539,978.9141,2.8,0,0,1,
2026-06-19 17:17:53.579,1781907473579,1589.9952,2.8,0,0,1,
2026-06-19 17:17:53.619,1781907473619,1589.9952,2.9,0,0,1,
2026-06-19 17:17:53.659,1781907473659,1589.9952,2.4,0,0,1,
2026-06-19 17:17:53.699,1781907473699,1589.9952,2.8,0,0,1,
2026-06-19 17:17:53.739,1781907473739,1589.9952,2.9,0,0,1,
2026-06-19 17:17:53.779,1781907473779,1589.9952,2.9,0,0,1,
2026-06-19 17:17:53.819,1781907473819,1589.9952,2.8,0,0,1,
2026-06-19 17:17:53.859,1781907473859,941.0790,2.8,0,0,1,
2026-06-19 17:17:53.899,1781907473899,941.0790,2.8,0,0,1,
2026-06-19 17:17:53.939,1781907473939,941.0790,2.8,0,0,1,
2026-06-19 17:17:53.979,1781907473979,941.0790,3.4,0,0,1,
2026-06-19 17:17:54.019,1781907474019,941.0790,3.3,0,0,1,
2026-06-19 17:17:54.059,1781907474059,941.0790,3.1,0,0,1,
2026-06-19 17:17:54.099,1781907474099,849.7380,2.8,0,0,1,
2026-06-19 17:17:54.139,1781907474139,849.7380,2.9,0,0,1,
2026-06-19 17:17:54.179,1781907474179,849.7380,3.1,0,0,1,
2026-06-19 17:17:54.219,1781907474219,849.7380,3.2,0,0,1,
2026-06-19 17:17:54.259,1781907474259,849.7380,2.7,0,0,1,
2026-06-19 17:17:54.299,1781907474299,849.7380,3.2,0,0,1,
2026-06-19 17:17:54.339,1781907474339,849.7380,3.2,0,0,0,
2026-06-19 17:17:54.379,1781907474379,1054.4810,2.8,0,0,0,
2026-06-19 17:17:54.419,1781907474419,1054.4810,3.3,0,0,0,
2026-06-19 17:17:54.459,1781907474459,1054.4810,6.1,0,0,0,
2026-06-19 17:17:54.499,1781907474499,1054.4810,4.2,0,0,0,
2026-06-19 17:17:54.539,1781907474539,1054.4810,3.4,0,1,0,
2026-06-19 17:17:54.579,1781907474579,1054.4810,3.4,0,0,0,
2026-06-19 17:17:54.619,1781907474619,1032.4541,4.8,0,0,1,
2026-06-19 17:17:54.659,1781907474659,1032.4541,6.3,0,0,1,
2026-06-19 17:17:54.699,1781907474699,1032.4541,2.9,0,0,0,
2026-06-19 17:17:54.739,1781907474739,1032.4541,7.3,0,0,0,
2026-06-19 17:17:54.779,1781907474779,1032.4541,6.8,0,0,0,
2026-06-19 17:17:54.819,1781907474819,1032.4541,5.4,0,0,0,
2026-06-19 17:17:54.859,1781907474859,1032.4541,6.0,0,0,0,
2026-06-19 17:17:54.899,1781907474899,996.1137,5.9,0,0,0,
2026-06-19 17:17:54.939,1781907474939,996.1137,5.8,0,0,0,
2026-06-19 17:17:54.979,1781907474979,996.1137,5.9,0,0,0,
2026-06-19 17:17:55.019,1781907475019,996.1137,5.4,0,0,0,
2026-06-19 17:17:55.059,1781907475059,996.1137,6.0,0,0,0,
2026-06-19 17:17:55.099,1781907475099,996.1137,6.1,0,0,0,
2026-06-19 17:17:55.139,1781907475139,1038.0961,5.5,0,0,0,
2026-06-19 17:17:55.179,1781907475179,1038.0961,5.9,0,0,0,
2026-06-19 17:17:55.219,1781907475219,1038.0961,6.0,0,0,0,
2026-06-19 17:17:55.259,1781907475259,1038.0961,5.6,0,0,0,
2026-06-19 17:17:55.299,1781907475299,1038.0961,6.0,0,0,0,
2026-06-19 17:17:55.339,1781907475339,1038.0961,5.4,0,0,0,
2026-06-19 17:17:55.379,1781907475379,1038.0961,5.4,0,0,0,
2026-06-19 17:17:55.419,1781907475419,1008.3162,5.9,0,0,0,
2026-06-19 17:17:55.459,1781907475459,1008.3162,6.0,0,0,0,
2026-06-19 17:17:55.499,1781907475499,1008.3162,6.0,0,0,0,
2026-06-19 17:17:55.539,1781907475539,1008.3162,5.5,0,0,0,
2026-06-19 17:17:55.579,1781907475579,1008.3162,5.9,0,0,0,
2026-06-19 17:17:55.619,1781907475619,1008.3162,5.5,0,0,0,
2026-06-19 17:17:55.659,1781907475659,1026.0132,5.5,0,0,0,
2026-06-19 17:17:55.699,1781907475699,1026.0132,5.9,0,0,0,
2026-06-19 17:17:55.739,1781907475739,1026.0132,5.5,0,0,0,
2026-06-19 17:17:55.779,1781907475779,1026.0132,5.5,0,0,0,
2026-06-19 17:17:55.819,1781907475819,1026.0132,6.0,0,0,0,
2026-06-19 17:17:55.859,1781907475859,1026.0132,5.5,0,0,0,
2026-06-19 17:17:55.899,1781907475899,1026.0132,5.5,0,0,0,
2026-06-19 17:17:55.939,1781907475939,1031.5482,5.4,0,0,0,
2026-06-19 17:17:55.979,1781907475979,1031.5482,6.0,0,0,0,
2026-06-19 17:17:56.019,1781907476019,1031.5482,6.0,0,0,0,
2026-06-19 17:17:56.059,1781907476059,1031.5482,5.6,0,0,0,
2026-06-19 17:17:56.099,1781907476099,1031.5482,6.0,0,0,0,
2026-06-19 17:17:56.139,1781907476139,1031.5482,5.5,0,0,0,
2026-06-19 17:17:56.179,1781907476179,1259.0784,5.9,0,0,0,
2026-06-19 17:17:56.219,1781907476219,1259.0784,6.0,0,0,0,
2026-06-19 17:17:56.259,1781907476259,1259.0784,6.0,0,0,0,
2026-06-19 17:17:56.299,1781907476299,1259.0784,6.0,0,0,0,
2026-06-19 17:17:56.339,1781907476339,1259.0784,6.4,0,0,0,
2026-06-19 17:17:56.379,1781907476379,1259.0784,6.3,0,0,0,
2026-06-19 17:17:56.419,1781907476419,1259.0784,6.0,0,0,0,
2026-06-19 17:17:56.459,1781907476459,1000.0826,5.9,0,0,0,
2026-06-19 17:17:56.499,1781907476499,1000.0826,5.9,0,0,0,
2026-06-19 17:17:56.539,1781907476539,1000.0826,5.5,0,0,0,
2026-06-19 17:17:56.579,1781907476579,1000.0826,5.5,0,0,0,
2026-06-19 17:17:56.619,1781907476619,1000.0826,5.1,0,0,0,
2026-06-19 17:17:56.659,1781907476659,1000.0826,5.4,0,0,0,
2026-06-19 17:17:56.699,1781907476699,1185.7128,5.9,0,0,0,
2026-06-19 17:17:56.739,1781907476739,1185.7128,5.8,0,0,0,
2026-06-19 17:17:56.779,1781907476779,1185.7128,5.8,0,0,0,
2026-06-19 17:17:56.819,1781907476819,1185.7128,6.0,0,0,0,
2026-06-19 17:17:56.859,1781907476859,1185.7128,6.0,0,0,0,
2026-06-19 17:17:56.899,1781907476899,1185.7128,6.0,0,0,0,
2026-06-19 17:17:56.939,1781907476939,1185.7128,5.8,0,0,0,
2026-06-19 17:17:56.979,1781907476979,982.6071,5.9,0,0,0,
2026-06-19 17:17:57.019,1781907477019,982.6071,5.9,0,1,0,
2026-06-19 17:17:57.059,1781907477059,982.6071,5.9,0,0,0,
2026-06-19 17:17:57.099,1781907477099,982.6071,6.3,0,0,0,
2026-06-19 17:17:57.139,1781907477139,982.6071,5.9,0,0,0,
2026-06-19 17:17:57.179,1781907477179,982.6071,6.3,0,0,0,
2026-06-19 17:17:57.219,1781907477219,733.1942,5.8,0,0,0,
2026-06-19 17:17:57.259,1781907477259,733.1942,5.8,0,0,0,
2026-06-19 17:17:57.299,1781907477299,733.1942,5.8,0,0,0,
2026-06-19 17:17:57.339,1781907477339,733.1942,5.8,0,0,0,
2026-06-19 17:17:57.379,1781907477379,733.1942,6.0,0,0,0,
2026-06-19 17:17:57.419,1781907477419,733.1942,6.0,0,0,0,
2026-06-19 17:17:57.459,1781907477459,733.1942,5.9,0,0,0,
2026-06-19 17:17:57.499,1781907477499,723.3964,5.4,0,0,0,
2026-06-19 17:17:57.539,1781907477539,723.3964,6.0,0,0,0,
2026-06-19 17:17:57.579,1781907477579,723.3964,5.8,0,0,0,
2026-06-19 17:17:57.619,1781907477619,723.3964,5.9,0,0,0,
2026-06-19 17:17:57.659,1781907477659,723.3964,5.9,0,0,0,
2026-06-19 17:17:57.699,1781907477699,723.3964,5.9,0,0,0,
2026-06-19 17:17:57.739,1781907477739,765.8918,6.2,0,0,0,
2026-06-19 17:17:57.779,1781907477779,765.8918,5.9,0,0,0,
2026-06-19 17:17:57.819,1781907477819,765.8918,5.8,0,0,0,
2026-06-19 17:17:57.859,1781907477859,765.8918,5.9,0,0,0,
2026-06-19 17:17:57.899,1781907477899,765.8918,6.0,0,0,0,
2026-06-19 17:17:57.939,1781907477939,765.8918,5.7,0,0,0,
2026-06-19 17:17:57.979,1781907477979,765.8918,5.9,0,0,0,
2026-06-19 17:17:58.019,1781907478019,784.9070,5.8,0,0,0,
2026-06-19 17:17:58.059,1781907478059,784.9070,5.8,0,0,0,
2026-06-19 17:17:58.099,1781907478099,784.9070,5.9,0,0,0,
2026-06-19 17:17:58.139,1781907478139,784.9070,6.0,0,0,0,
2026-06-19 17:17:58.179,1781907478179,784.9070,6.3,0,0,0,
2026-06-19 17:17:58.219,1781907478219,784.9070,5.9,0,0,0,
2026-06-19 17:17:58.259,1781907478259,782.3206,5.8,0,0,0,
2026-06-19 17:17:58.299,1781907478299,782.3206,5.9,0,0,0,
2026-06-19 17:17:58.339,1781907478339,782.3206,5.8,0,0,0,
2026-06-19 17:17:58.379,1781907478379,782.3206,5.8,0,0,0,
2026-06-19 17:17:58.419,1781907478419,782.3206,5.9,0,0,0,
2026-06-19 17:17:58.459,1781907478459,782.3206,5.7,0,0,0,
2026-06-19 17:17:58.499,1781907478499,782.3206,5.9,0,0,0,
2026-06-19 17:17:58.539,1781907478539,777.5820,5.9,0,0,0,
2026-06-19 17:17:58.579,1781907478579,777.5820,5.7,0,0,0,
2026-06-19 17:17:58.619,1781907478619,777.5820,5.8,0,0,0,
2026-06-19 17:17:58.659,1781907478659,777.5820,5.8,0,0,0,
2026-06-19 17:17:58.699,1781907478699,777.5820,5.4,0,0,0,
2026-06-19 17:17:58.739,1781907478739,777.5820,5.8,0,0,0,
2026-06-19 17:17:58.779,1781907478779,886.4871,6.2,0,0,0,
2026-06-19 17:17:58.819,1781907478819,886.4871,6.3,0,0,0,
2026-06-19 17:17:58.859,1781907478859,886.4871,6.2,0,0,0,
2026-06-19 17:17:58.899,1781907478899,886.4871,6.2,0,0,0,
2026-06-19 17:17:58.939,1781907478939,886.4871,6.2,0,0,0,
2026-06-19 17:17:58.979,1781907478979,886.4871,6.2,0,0,0,
2026-06-19 17:17:59.019,1781907479019,886.4871,6.2,0,0,0,
2026-06-19 17:17:59.059,1781907479059,1158.1672,5.8,0,0,0,
2026-06-19 17:17:59.099,1781907479099,1158.1672,6.2,0,0,0,
2026-06-19 17:17:59.139,1781907479139,1158.1672,5.9,0,0,0,
2026-06-19 17:17:59.179,1781907479179,1158.1672,6.2,0,0,0,
2026-06-19 17:17:59.219,1781907479219,1158.1672,6.2,0,0,0,
2026-06-19 17:17:59.259,1781907479259,1158.1672,5.9,0,0,0,
2026-06-19 17:17:59.299,1781907479299,1315.1390,5.8,0,0,0,
2026-06-19 17:17:59.339,1781907479339,1315.1390,5.8,0,0,0,
2026-06-19 17:17:59.379,1781907479379,1315.1390,5.9,0,0,0,
2026-06-19 17:17:59.419,1781907479419,1315.1390,5.8,0,1,0,
2026-06-19 17:17:59.459,1781907479459,1315.1390,6.2,0,0,0,
2026-06-19 17:17:59.499,1781907479499,1315.1390,6.2,0,0,0,
2026-06-19 17:17:59.539,1781907479539,1315.1390,5.7,0,1,0,
2026-06-19 17:17:59.579,1781907479579,1198.2382,5.8,0,0,0,
2026-06-19 17:17:59.619,1781907479619,1198.2382,5.9,0,0,0,
2026-06-19 17:17:59.659,1781907479659,1198.2382,6.2,0,0,0,
2026-06-19 17:17:59.699,1781907479699,1198.2382,6.2,0,0,0,
2026-06-19 17:17:59.739,1781907479739,1198.2382,6.2,0,0,0,
2026-06-19 17:17:59.779,1781907479779,1198.2382,6.1,0,0,0,
2026-06-19 17:17:59.819,1781907479819,1218.0938,6.1,0,0,0,
2026-06-19 17:17:59.859,1781907479859,1218.0938,6.1,0,0,0,
2026-06-19 17:17:59.899,1781907479899,1218.0938,6.2,0,0,0,
2026-06-19 17:17:59.939,1781907479939,1218.0938,6.2,0,0,0,
2026-06-19 17:17:59.979,1781907479979,1218.0938,5.8,0,0,0,
2026-06-19 17:18:00.019,1781907480019,1218.0938,5.8,0,0,0,
2026-06-19 17:18:00.059,1781907480059,1218.0938,5.7,0,0,0,
2026-06-19 17:18:00.099,1781907480099,1249.4883,6.2,0,0,0,
2026-06-19 17:18:00.139,1781907480139,1249.4883,5.7,0,0,0,
2026-06-19 17:18:00.179,1781907480179,1249.4883,6.2,0,0,0,
2026-06-19 17:18:00.219,1781907480219,1249.4883,5.8,0,0,0,
2026-06-19 17:18:00.259,1781907480259,1249.4883,5.9,0,0,0,
2026-06-19 17:18:00.299,1781907480299,1249.4883,6.2,0,0,0,
2026-06-19 17:18:00.339,1781907480339,1308.8721,5.8,0,0,0,
2026-06-19 17:18:00.379,1781907480379,1308.8721,5.7,0,0,0,
2026-06-19 17:18:00.419,1781907480419,1308.8721,5.9,0,0,0,
2026-06-19 17:18:00.459,1781907480459,1308.8721,5.8,0,0,0,
2026-06-19 17:18:00.499,1781907480499,1308.8721,5.9,0,0,0,
2026-06-19 17:18:00.539,1781907480539,1308.8721,6.2,0,0,0,
2026-06-19 17:18:00.579,1781907480579,1308.8721,5.9,0,0,0,
2026-06-19 17:18:00.619,1781907480619,1221.7625,5.8,0,0,0,
2026-06-19 17:18:00.659,1781907480659,1221.7625,5.9,0,0,0,
2026-06-19 17:18:00.699,1781907480699,1221.7625,5.8,0,0,0,
2026-06-19 17:18:00.739,1781907480739,1221.7625,5.9,0,0,0,
2026-06-19 17:18:00.779,1781907480779,1221.7625,6.0,0,0,0,
2026-06-19 17:18:00.819,1781907480819,1221.7625,6.2,0,0,0,
2026-06-19 17:18:00.859,1781907480859,1274.6931,5.8,0,0,0,
2026-06-19 17:18:00.899,1781907480899,1274.6931,5.8,0,0,0,
2026-06-19 17:18:00.939,1781907480939,1274.6931,5.7,0,0,0,
2026-06-19 17:18:00.979,1781907480979,1274.6931,5.8,0,0,0,
2026-06-19 17:18:01.019,1781907481019,1274.6931,6.2,0,0,0,
2026-06-19 17:18:01.059,1781907481059,1274.6931,6.2,0,0,0,
2026-06-19 17:18:01.099,1781907481099,1274.6931,5.9,0,0,0,
2026-06-19 17:18:01.139,1781907481139,1205.5660,5.8,0,0,0,FUGA
2026-06-19 17:18:01.179,1781907481179,1205.5660,5.9,0,0,0,
2026-06-19 17:18:01.219,1781907481219,1205.5660,6.2,0,0,0,
2026-06-19 17:18:01.259,1781907481259,1205.5660,5.9,0,0,0,
2026-06-19 17:18:01.299,1781907481299,1205.5660,5.9,0,0,0,
2026-06-19 17:18:01.339,1781907481339,1205.5660,5.7,0,0,0,
2026-06-19 17:18:01.379,1781907481379,1228.6112,5.8,0,0,0,
2026-06-19 17:18:01.419,1781907481419,1228.6112,6.2,0,0,0,
2026-06-19 17:18:01.459,1781907481459,1228.6112,5.8,0,0,0,
2026-06-19 17:18:01.499,1781907481499,1228.6112,5.8,0,0,0,
2026-06-19 17:18:01.539,1781907481539,1228.6112,5.9,0,0,0,
2026-06-19 17:18:01.579,1781907481579,1228.6112,5.8,0,0,0,
2026-06-19 17:18:01.619,1781907481619,1228.6112,5.9,0,1,0,
2026-06-19 17:18:01.659,1781907481659,1208.3020,5.8,0,0,0,
2026-06-19 17:18:01.699,1781907481699,1208.3020,5.8,0,0,0,
2026-06-19 17:18:01.739,1781907481739,1208.3020,5.8,0,0,0,
2026-06-19 17:18:01.779,1781907481779,1208.3020,5.5,0,0,0,
2026-06-19 17:18:01.819,1781907481819,1208.3020,5.5,0,0,0,
2026-06-19 17:18:01.859,1781907481859,1208.3020,5.9,0,0,0,
2026-06-19 17:18:01.899,1781907481899,1080.9047,5.9,0,0,0,
2026-06-19 17:18:01.939,1781907481939,1080.9047,6.0,0,0,0,
2026-06-19 17:18:01.979,1781907481979,1080.9047,5.9,0,0,0,
2026-06-19 17:18:02.019,1781907482019,1080.9047,6.1,0,0,0,
2026-06-19 17:18:02.059,1781907482059,1080.9047,6.1,0,0,0,
2026-06-19 17:18:02.099,1781907482099,1080.9047,6.6,0,0,0,
2026-06-19 17:18:02.139,1781907482139,1080.9047,6.6,0,0,0,
2026-06-19 17:18:02.179,1781907482179,736.8914,6.5,0,0,0,
2026-06-19 17:18:02.219,1781907482219,736.8914,6.5,0,0,0,
2026-06-19 17:18:02.259,1781907482259,736.8914,6.5,0,0,0,
2026-06-19 17:18:02.299,1781907482299,736.8914,6.7,0,0,0,
2026-06-19 17:18:02.339,1781907482339,736.8914,6.6,0,0,0,
2026-06-19 17:18:02.379,1781907482379,736.8914,6.6,0,0,0,
2026-06-19 17:18:02.419,1781907482419,1073.1202,6.6,0,0,0,
2026-06-19 17:18:02.459,1781907482459,1073.1202,6.2,0,0,0,
2026-06-19 17:18:02.499,1781907482499,1073.1202,6.2,0,0,0,
2026-06-19 17:18:02.539,1781907482539,1073.1202,6.2,0,0,0,
2026-06-19 17:18:02.579,1781907482579,1073.1202,6.7,0,0,0,
2026-06-19 17:18:02.619,1781907482619,1073.1202,6.3,0,0,0,
2026-06-19 17:18:02.659,1781907482659,1073.1202,6.6,0,0,0,
2026-06-19 17:18:02.700,1781907482700,753.9288,6.3,0,0,0,
2026-06-19 17:18:02.739,1781907482739,753.9288,6.0,0,0,0,
2026-06-19 17:18:02.779,1781907482779,753.9288,5.9,0,0,0,
2026-06-19 17:18:02.819,1781907482819,753.9288,6.2,0,0,0,
2026-06-19 17:18:02.859,1781907482859,753.9288,5.4,0,0,0,
2026-06-19 17:18:02.899,1781907482899,753.9288,6.3,0,0,0,
2026-06-19 17:18:02.939,1781907482939,524.8087,6.3,0,0,0,
2026-06-19 17:18:02.979,1781907482979,524.8087,6.2,0,0,0,
2026-06-19 17:18:03.019,1781907483019,524.8087,5.9,0,0,0,
2026-06-19 17:18:03.059,1781907483059,524.8087,6.3,0,0,0,
2026-06-19 17:18:03.099,1781907483099,524.8087,6.3,0,0,0,
2026-06-19 17:18:03.139,1781907483139,524.8087,6.3,0,0,0,
2026-06-19 17:18:03.179,1781907483179,524.8087,5.8,0,0,0,
2026-06-19 17:18:03.219,1781907483219,481.0082,6.3,0,0,0,
2026-06-19 17:18:03.259,1781907483259,481.0082,6.3,0,0,0,
2026-06-19 17:18:03.299,1781907483299,481.0082,6.0,0,0,0,
2026-06-19 17:18:03.339,1781907483339,481.0082,6.0,0,0,0,
2026-06-19 17:18:03.379,1781907483379,481.0082,6.0,0,0,0,
2026-06-19 17:18:03.419,1781907483419,481.0082,6.4,0,0,0,
2026-06-19 17:18:03.459,1781907483459,480.4274,6.4,0,0,0,
2026-06-19 17:18:03.499,1781907483499,480.4274,6.9,0,0,0,
2026-06-19 17:18:03.539,1781907483539,480.4274,6.9,0,0,0,
2026-06-19 17:18:03.579,1781907483579,480.4274,7.4,0,0,0,
2026-06-19 17:18:03.619,1781907483619,480.4274,6.9,0,0,0,
2026-06-19 17:18:03.659,1781907483659,480.4274,7.0,0,0,0,
2026-06-19 17:18:03.699,1781907483699,480.4274,7.1,0,0,0,
2026-06-19 17:18:03.739,1781907483739,434.2957,7.1,0,0,0,
2026-06-19 17:18:03.779,1781907483779,434.2957,7.0,0,0,0,
2026-06-19 17:18:03.819,1781907483819,434.2957,6.6,0,0,0,
2026-06-19 17:18:03.859,1781907483859,434.2957,6.7,0,0,0,
2026-06-19 17:18:03.899,1781907483899,434.2957,6.8,0,0,0,
2026-06-19 17:18:03.939,1781907483939,434.2957,6.3,0,0,0,
2026-06-19 17:18:03.979,1781907483979,479.2721,6.3,0,0,0,
2026-06-19 17:18:04.019,1781907484019,479.2721,6.7,0,0,0,
2026-06-19 17:18:04.059,1781907484059,479.2721,6.9,0,0,0,
2026-06-19 17:18:04.099,1781907484099,479.2721,6.8,0,0,0,
2026-06-19 17:18:04.139,1781907484139,479.2721,6.8,0,0,0,
2026-06-19 17:18:04.179,1781907484179,479.2721,6.9,0,0,0,
2026-06-19 17:18:04.219,1781907484219,479.2721,6.8,0,0,0,
2026-06-19 17:18:04.259,1781907484259,490.7379,7.3,0,0,0,
2026-06-19 17:18:04.299,1781907484299,490.7379,7.2,0,0,0,
2026-06-19 17:18:04.339,1781907484339,490.7379,7.4,0,0,0,
2026-06-19 17:18:04.379,1781907484379,490.7379,7.3,0,0,0,
2026-06-19 17:18:04.419,1781907484419,490.7379,7.3,0,0,0,
2026-06-19 17:18:04.459,1781907484459,490.7379,7.8,0,0,0,
2026-06-19 17:18:04.499,1781907484499,729.7261,7.4,0,0,0,
2026-06-19 17:18:04.539,1781907484539,729.7261,7.7,0,0,0,
2026-06-19 17:18:04.579,1781907484579,729.7261,7.7,0,0,0,
2026-06-19 17:18:04.619,1781907484619,729.7261,7.8,0,0,0,
2026-06-19 17:18:04.659,1781907484659,729.7261,7.4,0,0,0,
2026-06-19 17:18:04.699,1781907484699,729.7261,7.4,0,0,0,
2026-06-19 17:18:04.739,1781907484739,729.7261,7.9,0,0,0,
2026-06-19 17:18:04.780,1781907484780,1014.2775,7.5,0,0,0,
2026-06-19 17:18:04.819,1781907484819,1014.2775,7.5,0,0,0,
2026-06-19 17:18:04.859,1781907484859,1014.2775,7.5,0,0,0,
2026-06-19 17:18:04.899,1781907484899,1014.2775,7.5,0,0,0,
2026-06-19 17:18:04.939,1781907484939,1014.2775,7.1,0,0,0,
2026-06-19 17:18:04.979,1781907484979,1014.2775,7.6,0,0,0,
2026-06-19 17:18:05.019,1781907485019,911.2438,7.5,0,0,0,
2026-06-19 17:18:05.059,1781907485059,911.2438,7.5,0,0,0,
2026-06-19 17:18:05.099,1781907485099,911.2438,7.4,0,0,0,
2026-06-19 17:18:05.139,1781907485139,911.2438,7.5,0,0,0,
2026-06-19 17:18:05.179,1781907485179,911.2438,7.6,0,0,0,
2026-06-19 17:18:05.219,1781907485219,911.2438,7.6,0,0,0,
2026-06-19 17:18:05.259,1781907485259,911.2438,7.6,0,0,0,
2026-06-19 17:18:05.299,1781907485299,896.8417,7.5,0,0,0,
2026-06-19 17:18:05.339,1781907485339,896.8417,7.6,0,0,0,
2026-06-19 17:18:05.379,1781907485379,896.8417,7.1,0,0,0,
2026-06-19 17:18:05.419,1781907485419,896.8417,7.1,0,0,0,
2026-06-19 17:18:05.459,1781907485459,896.8417,6.8,0,0,0,
2026-06-19 17:18:05.499,1781907485499,896.8417,7.1,0,0,0,
2026-06-19 17:18:05.539,1781907485539,939.0142,6.7,0,0,0,
2026-06-19 17:18:05.579,1781907485579,939.0142,7.1,0,0,0,
2026-06-19 17:18:05.619,1781907485619,939.0142,7.2,0,0,0,
2026-06-19 17:18:05.659,1781907485659,939.0142,7.2,0,0,0,
2026-06-19 17:18:05.699,1781907485699,939.0142,7.2,0,0,0,
2026-06-19 17:18:05.739,1781907485739,939.0142,7.6,0,0,0,
2026-06-19 17:18:05.779,1781907485779,939.0142,8.2,0,0,0,
2026-06-19 17:18:05.819,1781907485819,861.7623,8.3,0,0,0,
2026-06-19 17:18:05.859,1781907485859,861.7623,8.2,0,0,0,
2026-06-19 17:18:05.899,1781907485899,861.7623,7.9,0,0,0,
2026-06-19 17:18:05.939,1781907485939,861.7623,8.4,0,0,0,
2026-06-19 17:18:05.979,1781907485979,861.7623,8.3,0,0,0,
2026-06-19 17:18:06.019,1781907486019,861.7623,8.3,0,0,0,
2026-06-19 17:18:06.059,1781907486059,755.6087,7.2,0,0,0,
2026-06-19 17:18:06.099,1781907486099,755.6087,7.3,0,0,0,
2026-06-19 17:18:06.139,1781907486139,755.6087,7.7,0,0,0,
2026-06-19 17:18:06.179,1781907486179,755.6087,7.6,0,0,0,
2026-06-19 17:18:06.219,1781907486219,755.6087,7.2,0,0,0,
2026-06-19 17:18:06.259,1781907486259,755.6087,6.8,0,0,0,
2026-06-19 17:18:06.299,1781907486299,755.6087,7.2,0,0,0,
2026-06-19 17:18:06.339,1781907486339,784.0636,6.8,0,0,0,
2026-06-19 17:18:06.379,1781907486379,784.0636,7.2,0,0,0,
2026-06-19 17:18:06.419,1781907486419,784.0636,7.1,0,0,0,
2026-06-19 17:18:06.459,1781907486459,784.0636,7.2,0,0,0,
2026-06-19 17:18:06.499,1781907486499,784.0636,7.2,0,0,0,
2026-06-19 17:18:06.539,1781907486539,784.0636,7.2,0,0,0,
2026-06-19 17:18:06.579,1781907486579,805.2567,7.5,0,0,0,
2026-06-19 17:18:06.619,1781907486619,805.2567,7.3,0,0,0,
2026-06-19 17:18:06.659,1781907486659,805.2567,6.3,0,0,0,
2026-06-19 17:18:06.699,1781907486699,805.2567,6.7,0,0,0,
2026-06-19 17:18:06.739,1781907486739,805.2567,7.5,0,0,0,
2026-06-19 17:18:06.779,1781907486779,805.2567,7.1,0,0,0,
2026-06-19 17:18:06.819,1781907486819,805.2567,7.1,0,0,0,
2026-06-19 17:18:06.859,1781907486859,872.7630,7.1,0,0,0,
2026-06-19 17:18:06.899,1781907486899,872.7630,7.0,0,0,0,
2026-06-19 17:18:06.939,1781907486939,872.7630,6.9,0,0,0,
2026-06-19 17:18:06.979,1781907486979,872.7630,6.3,0,0,0,
2026-06-19 17:18:07.019,1781907487019,872.7630,6.7,0,0,0,
2026-06-19 17:18:07.059,1781907487059,872.7630,6.4,0,0,0,
2026-06-19 17:18:07.100,1781907487100,1347.9733,5.5,0,0,0,
2026-06-19 17:18:07.140,1781907487140,1347.9733,5.9,0,0,0,
2026-06-19 17:18:07.179,1781907487179,1347.9733,5.9,0,0,0,
2026-06-19 17:18:07.219,1781907487219,1347.9733,5.9,0,0,0,
2026-06-19 17:18:07.259,1781907487259,1347.9733,5.9,0,0,0,
2026-06-19 17:18:07.299,1781907487299,1347.9733,5.4,0,0,0,
2026-06-19 17:18:07.339,1781907487340,1347.9733,5.4,0,0,0,
2026-06-19 17:18:07.379,1781907487379,1343.7157,5.8,0,0,0,
2026-06-19 17:18:07.419,1781907487419,1343.7157,6.3,0,0,0,
2026-06-19 17:18:07.459,1781907487459,1343.7157,5.9,0,0,0,
2026-06-19 17:18:07.499,1781907487499,1343.7157,5.5,0,0,0,
2026-06-19 17:18:07.539,1781907487539,1343.7157,5.9,0,0,0,
2026-06-19 17:18:07.579,1781907487579,1343.7157,6.0,0,0,0,
2026-06-19 17:18:07.619,1781907487619,1615.8469,6.8,0,0,0,
2026-06-19 17:18:07.659,1781907487659,1615.8469,6.3,0,0,0,
2026-06-19 17:18:07.699,1781907487699,1615.8469,6.4,0,0,0,
2026-06-19 17:18:07.739,1781907487739,1615.8469,6.3,0,0,0,
2026-06-19 17:18:07.779,1781907487779,1615.8469,6.0,0,0,0,
2026-06-19 17:18:07.820,1781907487820,1615.8469,6.4,0,0,0,
2026-06-19 17:18:07.859,1781907487859,1615.8469,6.4,0,0,0,
2026-06-19 17:18:07.899,1781907487899,1488.9858,6.8,0,0,0,
2026-06-19 17:18:07.940,1781907487940,1488.9858,6.9,0,0,0,
2026-06-19 17:18:07.979,1781907487979,1488.9858,6.9,0,0,0,
2026-06-19 17:18:08.019,1781907488019,1488.9858,6.3,0,0,0,
2026-06-19 17:18:08.060,1781907488060,1488.9858,6.0,0,0,0,
2026-06-19 17:18:08.099,1781907488099,1488.9858,6.0,0,0,0,
2026-06-19 17:18:08.140,1781907488140,1457.8977,6.3,0,0,0,
2026-06-19 17:18:08.179,1781907488179,1457.8977,6.3,0,0,0,
2026-06-19 17:18:08.219,1781907488219,1457.8977,6.3,0,0,0,
2026-06-19 17:18:08.259,1781907488259,1457.8977,6.4,0,0,0,
2026-06-19 17:18:08.300,1781907488300,1457.8977,6.1,0,0,0,
2026-06-19 17:18:08.340,1781907488340,1457.8977,6.4,0,0,0,
2026-06-19 17:18:08.379,1781907488379,1457.8977,6.0,0,0,0,
2026-06-19 17:18:08.419,1781907488419,1520.7704,5.9,0,0,0,
2026-06-19 17:18:08.459,1781907488459,1520.7704,6.9,0,0,0,
2026-06-19 17:18:08.500,1781907488500,1520.7704,6.4,0,0,0,
2026-06-19 17:18:08.539,1781907488539,1520.7704,6.3,0,0,0,
2026-06-19 17:18:08.579,1781907488580,1520.7704,6.3,0,0,0,
2026-06-19 17:18:08.619,1781907488619,1520.7704,6.4,0,0,0,
2026-06-19 17:18:08.659,1781907488659,1435.8820,6.4,0,0,0,
2026-06-19 17:18:08.699,1781907488699,1435.8820,6.4,0,0,0,
2026-06-19 17:18:08.739,1781907488739,1435.8820,6.4,0,0,0,
2026-06-19 17:18:08.780,1781907488780,1435.8820,6.5,0,0,0,
2026-06-19 17:18:08.820,1781907488820,1435.8820,6.4,0,0,0,
2026-06-19 17:18:08.859,1781907488859,1435.8820,6.0,0,0,0,
2026-06-19 17:18:08.900,1781907488900,1435.8820,6.3,0,0,0,
2026-06-19 17:18:08.939,1781907488939,1423.2551,5.9,0,0,0,
2026-06-19 17:18:08.980,1781907488980,1423.2551,6.0,0,0,0,
2026-06-19 17:18:09.020,1781907489020,1423.2551,6.0,0,0,0,
2026-06-19 17:18:09.060,1781907489060,1423.2551,6.0,0,0,0,
2026-06-19 17:18:09.099,1781907489099,1423.2551,6.0,0,0,0,
2026-06-19 17:18:09.139,1781907489139,1423.2551,5.9,0,0,0,
2026-06-19 17:18:09.179,1781907489179,1370.4865,5.0,0,0,0,
2026-06-19 17:18:09.220,1781907489220,1370.4865,5.9,0,0,0,
2026-06-19 17:18:09.260,1781907489260,1370.4865,5.8,0,0,0,
2026-06-19 17:18:09.300,1781907489300,1370.4865,5.8,0,0,0,
2026-06-19 17:18:09.339,1781907489339,1370.4865,6.2,0,0,0,
2026-06-19 17:18:09.379,1781907489380,1370.4865,6.0,0,0,0,
2026-06-19 17:18:09.420,1781907489420,1370.4865,6.0,0,0,0,
2026-06-19 17:18:09.460,1781907489460,1499.6165,5.1,0,0,0,
2026-06-19 17:18:09.500,1781907489500,1499.6165,5.1,0,0,0,
2026-06-19 17:18:09.540,1781907489540,1499.6165,5.2,0,0,0,
2026-06-19 17:18:09.580,1781907489580,1499.6165,4.9,0,0,0,
2026-06-19 17:18:09.619,1781907489620,1499.6165,5.0,0,0,0,
2026-06-19 17:18:09.659,1781907489659,1499.6165,5.0,0,0,0,
2026-06-19 17:18:09.699,1781907489700,1783.7207,5.0,0,0,0,
2026-06-19 17:18:09.740,1781907489740,1783.7207,4.9,0,0,0,
2026-06-19 17:18:09.780,1781907489780,1783.7207,5.0,0,0,0,
2026-06-19 17:18:09.819,1781907489819,1783.7207,5.3,0,0,0,
2026-06-19 17:18:09.859,1781907489859,1783.7207,5.3,0,0,0,
2026-06-19 17:18:09.899,1781907489900,1783.7207,5.3,0,0,0,
2026-06-19 17:18:09.939,1781907489939,1783.7207,5.3,0,0,0,
2026-06-19 17:18:09.980,1781907489980,1623.3271,5.2,0,0,0,
2026-06-19 17:18:10.020,1781907490020,1623.3271,5.2,0,0,0,
2026-06-19 17:18:10.060,1781907490060,1623.3271,5.2,0,0,0,
2026-06-19 17:18:10.100,1781907490100,1623.3271,5.2,0,0,0,
2026-06-19 17:18:10.140,1781907490140,1623.3271,5.3,0,0,0,
2026-06-19 17:18:10.180,1781907490180,1623.3271,5.4,0,0,0,
2026-06-19 17:18:10.220,1781907490220,1466.2894,5.0,0,0,0,
2026-06-19 17:18:10.260,1781907490260,1466.2894,5.1,0,0,0,
2026-06-19 17:18:10.299,1781907490300,1466.2894,5.0,0,0,0,
2026-06-19 17:18:10.340,1781907490340,1466.2894,5.1,0,0,0,
2026-06-19 17:18:10.380,1781907490380,1466.2894,5.0,0,0,0,
2026-06-19 17:18:10.420,1781907490420,1466.2894,5.1,0,0,0,
2026-06-19 17:18:10.460,1781907490460,1466.2894,5.1,0,0,0,
2026-06-19 17:18:10.500,1781907490500,1751.0710,5.1,0,0,0,FUGA
2026-06-19 17:18:10.540,1781907490540,1751.0710,5.6,0,0,0,
2026-06-19 17:18:10.580,1781907490580,1751.0710,5.7,0,0,0,
2026-06-19 17:18:10.619,1781907490620,1751.0710,5.8,0,0,0,
2026-06-19 17:18:10.660,1781907490660,1751.0710,5.8,0,0,0,
2026-06-19 17:18:10.700,1781907490700,1751.0710,5.7,0,0,0,
2026-06-19 17:18:10.740,1781907490740,1624.5088,5.5,0,0,0,
2026-06-19 17:18:10.780,1781907490780,1624.5088,5.5,0,0,0,
2026-06-19 17:18:10.819,1781907490819,1624.5088,5.8,0,0,0,
2026-06-19 17:18:10.860,1781907490860,1624.5088,5.4,0,0,0,
2026-06-19 17:18:10.899,1781907490899,1624.5088,5.4,0,0,0,
2026-06-19 17:18:10.939,1781907490940,1624.5088,5.9,0,0,0,
2026-06-19 17:18:10.980,1781907490980,1624.5088,5.9,0,0,0,
2026-06-19 17:18:11.020,1781907491020,1428.2207,5.9,0,0,0,
2026-06-19 17:18:11.060,1781907491060,1428.2207,5.9,0,0,0,
2026-06-19 17:18:11.100,1781907491100,1428.2207,4.9,0,0,0,
2026-06-19 17:18:11.140,1781907491140,1428.2207,5.9,0,0,0,
2026-06-19 17:18:11.180,1781907491180,1428.2207,5.4,0,0,0,
2026-06-19 17:18:11.220,1781907491220,1428.2207,5.9,0,0,0,
2026-06-19 17:18:11.260,1781907491260,1581.7324,5.4,0,0,0,
2026-06-19 17:18:11.300,1781907491300,1581.7324,5.8,0,0,0,
2026-06-19 17:18:11.340,1781907491340,1581.7324,5.4,0,0,0,
2026-06-19 17:18:11.380,1781907491380,1581.7324,5.9,0,0,0,
2026-06-19 17:18:11.419,1781907491419,1581.7324,5.4,0,0,0,
2026-06-19 17:18:11.460,1781907491460,1581.7324,5.4,0,0,0,
2026-06-19 17:18:11.500,1781907491500,1581.7324,5.5,0,0,0,
2026-06-19 17:18:11.539,1781907491540,1547.9937,5.5,0,0,0,
2026-06-19 17:18:11.580,1781907491580,1547.9937,5.8,0,0,0,
2026-06-19 17:18:11.619,1781907491619,1547.9937,6.0,0,0,0,
2026-06-19 17:18:11.659,1781907491660,1547.9937,6.0,0,0,0,
2026-06-19 17:18:11.700,1781907491700,1547.9937,6.0,0,0,0,
2026-06-19 17:18:11.740,1781907491740,1547.9937,5.9,0,0,0,
2026-06-19 17:18:11.780,1781907491780,1460.1981,5.4,0,0,0,
2026-06-19 17:18:11.820,1781907491820,1460.1981,5.4,0,0,0,
2026-06-19 17:18:11.860,1781907491860,1460.1981,6.0,0,0,0,
2026-06-19 17:18:11.900,1781907491900,1460.1981,5.9,0,0,0,
2026-06-19 17:18:11.940,1781907491940,1460.1981,6.0,0,0,0,
2026-06-19 17:18:11.980,1781907491980,1460.1981,6.4,0,0,0,
2026-06-19 17:18:12.020,1781907492020,1460.1981,6.4,0,0,0,
2026-06-19 17:18:12.060,1781907492060,1397.4982,6.4,0,0,0,
2026-06-19 17:18:12.099,1781907492099,1397.4982,6.9,0,0,0,
2026-06-19 17:18:12.140,1781907492140,1397.4982,7.0,0,0,0,
2026-06-19 17:18:12.180,1781907492180,1397.4982,6.9,0,0,0,
2026-06-19 17:18:12.220,1781907492220,1397.4982,6.6,0,0,0,
2026-06-19 17:18:12.260,1781907492260,1397.4982,6.5,0,0,0,
2026-06-19 17:18:12.300,1781907492300,1442.1271,6.5,0,0,0,
2026-06-19 17:18:12.340,1781907492340,1442.1271,6.0,0,0,0,
2026-06-19 17:18:12.380,1781907492380,1442.1271,6.6,0,0,0,
2026-06-19 17:18:12.420,1781907492420,1442.1271,7.4,0,0,0,
2026-06-19 17:18:12.460,1781907492460,1442.1271,8.8,0,0,0,
2026-06-19 17:18:12.500,1781907492500,1442.1271,6.4,0,0,0,
2026-06-19 17:18:12.540,1781907492540,1442.1271,6.0,0,0,0,
2026-06-19 17:18:12.580,1781907492580,1307.0569,5.5,0,0,0,
2026-06-19 17:18:12.620,1781907492620,1307.0569,5.5,0,0,0,
2026-06-19 17:18:12.660,1781907492660,1307.0569,5.6,0,0,0,
2026-06-19 17:18:12.700,1781907492700,1307.0569,6.5,0,0,0,
2026-06-19 17:18:12.740,1781907492740,1307.0569,6.9,0,0,0,
2026-06-19 17:18:12.780,1781907492780,1307.0569,7.4,0,0,0,
2026-06-19 17:18:12.820,1781907492820,1407.6570,8.2,0,0,0,
2026-06-19 17:18:12.860,1781907492860,1407.6570,10.9,0,0,0,
2026-06-19 17:18:12.900,1781907492900,1407.6570,11.4,0,0,0,
2026-06-19 17:18:12.939,1781907492940,1407.6570,9.3,0,1,0,
2026-06-19 17:18:12.980,1781907492980,1407.6570,11.9,0,0,0,
2026-06-19 17:18:13.020,1781907493020,1407.6570,13.1,0,0,0,
2026-06-19 17:18:13.060,1781907493060,1407.6570,6.2,0,0,0,
2026-06-19 17:18:13.100,1781907493100,1111.8508,6.2,0,0,0,
2026-06-19 17:18:13.140,1781907493140,1111.8508,5.9,0,0,0,
2026-06-19 17:18:13.180,1781907493180,1111.8508,5.4,0,0,0,
2026-06-19 17:18:13.220,1781907493220,1111.8508,5.4,0,0,0,
2026-06-19 17:18:13.260,1781907493260,1111.8508,5.9,0,0,0,
2026-06-19 17:18:13.300,1781907493300,1111.8508,5.5,0,0,0,
2026-06-19 17:18:13.340,1781907493340,1158.1295,5.5,0,0,0,
2026-06-19 17:18:13.380,1781907493380,1158.1295,5.5,0,0,0,
2026-06-19 17:18:13.419,1781907493419,1158.1295,6.8,0,0,0,
2026-06-19 17:18:13.460,1781907493460,1158.1295,5.5,0,0,0,
2026-06-19 17:18:13.500,1781907493500,1158.1295,6.2,0,0,0,
2026-06-19 17:18:13.540,1781907493540,1158.1295,5.9,0,0,0,
2026-06-19 17:18:13.580,1781907493580,1158.1295,5.1,0,0,0,
2026-06-19 17:18:13.620,1781907493620,1571.6776,5.9,0,0,0,
2026-06-19 17:18:13.660,1781907493660,1571.6776,6.0,0,0,0,
2026-06-19 17:18:13.700,1781907493700,1571.6776,5.1,0,0,0,
2026-06-19 17:18:13.740,1781907493740,1571.6776,6.0,0,0,0,
2026-06-19 17:18:13.780,1781907493780,1571.6776,6.0,0,0,0,
2026-06-19 17:18:13.820,1781907493820,1571.6776,6.9,0,0,0,
2026-06-19 17:18:13.860,1781907493860,1733.2334,5.5,0,0,0,
2026-06-19 17:18:13.900,1781907493900,1733.2334,5.5,0,0,0,
2026-06-19 17:18:13.940,1781907493940,1733.2334,5.5,0,1,0,
2026-06-19 17:18:13.980,1781907493980,1733.2334,6.9,0,1,0,
2026-06-19 17:18:14.020,1781907494020,1733.2334,7.3,0,1,0,
2026-06-19 17:18:14.060,1781907494060,1733.2334,7.8,0,1,0,
2026-06-19 17:18:14.100,1781907494100,1733.2334,6.3,0,0,0,
2026-06-19 17:18:14.140,1781907494140,1216.9823,5.9,0,1,0,
2026-06-19 17:18:14.180,1781907494180,1216.9823,5.1,0,1,0,
2026-06-19 17:18:14.220,1781907494220,1216.9823,6.0,0,0,0,
2026-06-19 17:18:14.260,1781907494260,1216.9823,7.2,0,0,0,
2026-06-19 17:18:14.300,1781907494300,1216.9823,5.9,0,0,0,
2026-06-19 17:18:14.340,1781907494340,1216.9823,6.3,0,0,0,
2026-06-19 17:18:14.380,1781907494380,1080.9861,5.5,0,0,0,
2026-06-19 17:18:14.420,1781907494420,1080.9861,4.9,0,0,0,
2026-06-19 17:18:14.460,1781907494460,1080.9861,6.9,0,0,0,
2026-06-19 17:18:14.500,1781907494500,1080.9861,6.3,0,1,0,
2026-06-19 17:18:14.540,1781907494540,1080.9861,5.5,0,0,0,
2026-06-19 17:18:14.580,1781907494580,1080.9861,5.1,0,0,0,
2026-06-19 17:18:14.619,1781907494620,1080.9861,5.1,0,0,0,
2026-06-19 17:18:14.660,1781907494660,1041.3834,5.0,0,1,0,
2026-06-19 17:18:14.700,1781907494700,1041.3834,7.8,0,1,0,
2026-06-19 17:18:14.740,1781907494740,1041.3834,7.7,0,1,0,
2026-06-19 17:18:14.780,1781907494780,1041.3834,6.0,0,0,0,
2026-06-19 17:18:14.820,1781907494820,1041.3834,6.9,0,1,0,
2026-06-19 17:18:14.860,1781907494860,1041.3834,6.9,0,1,0,
2026-06-19 17:18:14.900,1781907494900,1207.7209,8.1,0,1,0,
2026-06-19 17:18:14.940,1781907494940,1207.7209,6.0,0,1,0,
2026-06-19 17:18:14.980,1781907494980,1207.7209,7.2,0,0,0,
2026-06-19 17:18:15.020,1781907495020,1207.7209,7.2,0,0,0,
2026-06-19 17:18:15.060,1781907495060,1207.7209,6.9,0,0,0,
2026-06-19 17:18:15.100,1781907495100,1207.7209,7.3,0,0,0,
2026-06-19 17:18:15.140,1781907495140,1207.7209,7.6,0,0,0,
2026-06-19 17:18:15.180,1781907495180,1118.8755,7.2,0,0,0,
2026-06-19 17:18:15.220,1781907495220,1118.8755,7.2,0,0,0,
2026-06-19 17:18:15.260,1781907495260,1118.8755,7.8,0,0,0,
2026-06-19 17:18:15.300,1781907495300,1118.8755,7.2,0,0,0,
2026-06-19 17:18:15.340,1781907495340,1118.8755,7.7,0,0,0,
2026-06-19 17:18:15.380,1781907495380,1118.8755,7.3,0,0,0,
2026-06-19 17:18:15.420,1781907495420,1066.0044,7.7,0,0,0,
2026-06-19 17:18:15.460,1781907495460,1066.0044,6.9,0,0,0,
2026-06-19 17:18:15.500,1781907495500,1066.0044,7.2,0,0,0,
2026-06-19 17:18:15.540,1781907495540,1066.0044,7.2,0,0,0,
2026-06-19 17:18:15.580,1781907495580,1066.0044,7.7,0,0,0,
2026-06-19 17:18:15.620,1781907495620,1066.0044,6.8,0,0,0,
2026-06-19 17:18:15.660,1781907495660,1066.0044,7.2,0,0,0,
2026-06-19 17:18:15.700,1781907495700,1044.5245,7.2,0,0,0,
2026-06-19 17:18:15.740,1781907495740,1044.5245,7.9,0,0,0,
2026-06-19 17:18:15.780,1781907495780,1044.5245,8.4,0,0,0,
2026-06-19 17:18:15.820,1781907495820,1044.5245,7.9,0,0,0,
2026-06-19 17:18:15.860,1781907495860,1044.5245,8.5,0,0,0,
2026-06-19 17:18:15.900,1781907495900,1044.5245,7.9,0,0,0,
2026-06-19 17:18:15.940,1781907495940,1165.8163,7.8,0,0,0,
2026-06-19 17:18:15.980,1781907495980,1165.8163,7.8,0,0,0,
2026-06-19 17:18:16.020,1781907496020,1165.8163,7.2,0,0,0,
2026-06-19 17:18:16.060,1781907496060,1165.8163,6.8,0,0,0,
2026-06-19 17:18:16.100,1781907496100,1165.8163,6.8,0,0,0,
2026-06-19 17:18:16.140,1781907496140,1165.8163,7.1,0,0,0,
2026-06-19 17:18:16.180,1781907496180,1165.8163,7.3,0,0,0,
2026-06-19 17:18:16.220,1781907496220,1076.3562,6.8,0,0,0,
2026-06-19 17:18:16.260,1781907496260,1076.3562,6.3,0,0,0,
2026-06-19 17:18:16.300,1781907496300,1076.3562,7.5,0,0,0,
2026-06-19 17:18:16.340,1781907496340,1076.3562,6.0,0,0,0,
2026-06-19 17:18:16.380,1781907496380,1076.3562,6.6,0,0,0,
2026-06-19 17:18:16.420,1781907496420,1076.3562,5.6,0,0,0,
2026-06-19 17:18:16.460,1781907496460,1013.9926,6.2,0,0,0,
2026-06-19 17:18:16.500,1781907496500,1013.9926,5.6,0,0,0,
2026-06-19 17:18:16.540,1781907496540,1013.9926,6.0,0,0,0,
2026-06-19 17:18:16.580,1781907496580,1013.9926,5.6,0,0,0,
2026-06-19 17:18:16.620,1781907496620,1013.9926,6.0,0,0,0,
2026-06-19 17:18:16.660,1781907496660,1013.9926,6.6,0,0,0,
2026-06-19 17:18:16.700,1781907496700,1013.9926,6.2,0,0,0,
2026-06-19 17:18:16.740,1781907496740,951.8045,6.1,0,0,0,
2026-06-19 17:18:16.780,1781907496780,951.8045,6.6,0,0,0,
2026-06-19 17:18:16.820,1781907496820,951.8045,6.2,0,0,0,
2026-06-19 17:18:16.860,1781907496860,951.8045,6.1,0,0,0,
2026-06-19 17:18:16.900,1781907496900,951.8045,6.1,0,0,0,
2026-06-19 17:18:16.940,1781907496940,951.8045,6.1,0,0,0,
2026-06-19 17:18:16.980,1781907496980,658.6093,6.1,0,0,0,
2026-06-19 17:18:17.020,1781907497020,658.6093,6.1,0,0,0,
2026-06-19 17:18:17.060,1781907497060,658.6093,6.6,0,0,0,
2026-06-19 17:18:17.100,1781907497100,658.6093,6.7,0,0,0,
2026-06-19 17:18:17.140,1781907497140,658.6093,6.6,0,0,0,
2026-06-19 17:18:17.180,1781907497180,658.6093,6.2,0,0,0,
2026-06-19 17:18:17.220,1781907497220,658.6093,6.2,0,0,0,
2026-06-19 17:18:17.260,1781907497260,574.1813,6.2,0,0,0,
2026-06-19 17:18:17.300,1781907497300,574.1813,5.9,0,0,0,
2026-06-19 17:18:17.340,1781907497340,574.1813,6.2,0,0,0,
2026-06-19 17:18:17.380,1781907497380,574.1813,6.2,0,0,0,
2026-06-19 17:18:17.420,1781907497420,574.1813,5.4,0,0,0,
2026-06-19 17:18:17.459,1781907497459,574.1813,5.9,0,0,0,
2026-06-19 17:18:17.500,1781907497500,563.5370,5.5,0,0,0,
2026-06-19 17:18:17.540,1781907497540,563.5370,5.9,0,0,0,
2026-06-19 17:18:17.580,1781907497580,563.5370,6.5,0,0,0,
2026-06-19 17:18:17.620,1781907497620,563.5370,6.0,0,0,0,
2026-06-19 17:18:17.660,1781907497660,563.5370,6.0,0,0,0,
2026-06-19 17:18:17.700,1781907497700,563.5370,6.9,0,0,0,
2026-06-19 17:18:17.740,1781907497740,563.5370,6.6,0,0,0,
2026-06-19 17:18:17.780,1781907497780,499.1684,6.6,0,0,0,
2026-06-19 17:18:17.820,1781907497820,499.1684,6.2,0,0,0,
2026-06-19 17:18:17.860,1781907497860,499.1684,6.2,0,0,0,
2026-06-19 17:18:17.900,1781907497900,499.1684,6.8,0,0,0,
2026-06-19 17:18:17.940,1781907497940,499.1684,5.9,0,0,0,
2026-06-19 17:18:17.980,1781907497980,499.1684,5.4,0,0,0,
2026-06-19 17:18:18.020,1781907498020,465.5260,5.9,0,0,0,
2026-06-19 17:18:18.060,1781907498060,465.5260,6.0,0,0,0,
2026-06-19 17:18:18.100,1781907498100,465.5260,6.3,0,0,0,
2026-06-19 17:18:18.140,1781907498140,465.5260,7.4,0,0,0,
2026-06-19 17:18:18.180,1781907498180,465.5260,7.9,0,0,0,
2026-06-19 17:18:18.220,1781907498220,465.5260,6.7,0,0,0,
2026-06-19 17:18:18.260,1781907498260,465.5260,6.7,0,0,0,
2026-06-19 17:18:18.300,1781907498300,520.7313,6.3,0,0,0,
2026-06-19 17:18:18.340,1781907498340,520.7313,6.8,0,0,0,
2026-06-19 17:18:18.380,1781907498380,520.7313,7.2,0,0,0,
2026-06-19 17:18:18.420,1781907498420,520.7313,8.1,0,0,0,
2026-06-19 17:18:18.460,1781907498460,520.7313,7.4,0,0,0,
2026-06-19 17:18:18.500,1781907498500,520.7313,7.5,0,0,0,
2026-06-19 17:18:18.540,1781907498540,657.7646,7.0,0,0,0,
2026-06-19 17:18:18.580,1781907498580,657.7646,7.1,0,0,0,
2026-06-19 17:18:18.620,1781907498620,657.7646,6.7,0,0,0,
2026-06-19 17:18:18.660,1781907498660,657.7646,7.1,0,0,0,
2026-06-19 17:18:18.700,1781907498700,657.7646,7.1,0,0,0,
2026-06-19 17:18:18.740,1781907498740,657.7646,7.1,0,0,0,
2026-06-19 17:18:18.780,1781907498780,657.7646,7.1,0,0,0,
2026-06-19 17:18:18.820,1781907498820,524.6172,7.6,0,0,0,
2026-06-19 17:18:18.860,1781907498860,524.6172,8.4,0,0,0,
2026-06-19 17:18:18.900,1781907498900,524.6172,9.0,0,0,0,
2026-06-19 17:18:18.940,1781907498940,524.6172,8.7,0,0,0,
2026-06-19 17:18:18.980,1781907498980,524.6172,8.7,0,0,0,
2026-06-19 17:18:19.020,1781907499020,524.6172,8.2,0,0,0,
2026-06-19 17:18:19.060,1781907499060,569.3243,8.2,0,0,0,
2026-06-19 17:18:19.100,1781907499100,569.3243,8.1,0,0,0,
2026-06-19 17:18:19.140,1781907499140,569.3243,8.2,0,0,0,
2026-06-19 17:18:19.180,1781907499180,569.3243,8.3,0,0,0,
2026-06-19 17:18:19.220,1781907499220,569.3243,7.3,0,0,0,
2026-06-19 17:18:19.260,1781907499260,569.3243,7.9,0,0,0,
2026-06-19 17:18:19.300,1781907499300,569.3243,7.8,0,0,0,
2026-06-19 17:18:19.340,1781907499340,580.1602,7.8,0,0,0,
2026-06-19 17:18:19.380,1781907499380,580.1602,7.8,0,0,0,
2026-06-19 17:18:19.420,1781907499420,580.1602,7.3,0,0,0,
2026-06-19 17:18:19.460,1781907499460,580.1602,7.4,0,0,0,
2026-06-19 17:18:19.500,1781907499500,580.1602,7.3,0,0,0,
2026-06-19 17:18:19.540,1781907499540,580.1602,6.9,0,0,0,
2026-06-19 17:18:19.580,1781907499580,564.0169,7.4,0,0,0,
2026-06-19 17:18:19.620,1781907499620,564.0169,7.0,0,0,0,
2026-06-19 17:18:19.660,1781907499660,564.0169,6.9,0,0,0,
2026-06-19 17:18:19.700,1781907499700,564.0169,6.8,0,0,0,
2026-06-19 17:18:19.740,1781907499740,564.0169,6.8,0,0,0,
2026-06-19 17:18:19.780,1781907499780,564.0169,6.5,0,0,0,
2026-06-19 17:18:19.820,1781907499820,564.0169,6.4,0,0,0,
2026-06-19 17:18:19.860,1781907499860,611.4716,6.9,0,0,0,
2026-06-19 17:18:19.900,1781907499900,611.4716,6.4,0,0,0,
2026-06-19 17:18:19.940,1781907499940,611.4716,6.8,0,0,0,
2026-06-19 17:18:19.980,1781907499980,611.4716,6.3,0,0,0,
2026-06-19 17:18:20.020,1781907500020,611.4716,7.2,0,0,0,
2026-06-19 17:18:20.060,1781907500060,611.4716,9.3,0,0,0,
2026-06-19 17:18:20.100,1781907500100,653.3962,10.9,0,0,0,
2026-06-19 17:18:20.140,1781907500140,653.3962,7.5,0,0,0,
2026-06-19 17:18:20.180,1781907500180,653.3962,6.3,0,0,0,
2026-06-19 17:18:20.220,1781907500220,653.3962,6.6,0,0,0,
2026-06-19 17:18:20.260,1781907500260,653.3962,6.6,0,0,0,
2026-06-19 17:18:20.300,1781907500300,653.3962,6.0,0,0,0,
2026-06-19 17:18:20.340,1781907500340,653.3962,5.4,0,0,0,
2026-06-19 17:18:20.380,1781907500380,840.0714,5.4,0,0,0,
2026-06-19 17:18:20.420,1781907500420,840.0714,6.6,0,0,0,
2026-06-19 17:18:20.460,1781907500460,840.0714,5.5,0,0,0,
2026-06-19 17:18:20.500,1781907500500,840.0714,5.8,0,0,0,
2026-06-19 17:18:20.540,1781907500540,840.0714,4.7,0,0,0,
2026-06-19 17:18:20.580,1781907500580,840.0714,5.3,0,0,0,
2026-06-19 17:18:20.620,1781907500620,1203.7960,5.0,0,0,0,
2026-06-19 17:18:20.660,1781907500660,1203.7960,6.1,0,0,0,
2026-06-19 17:18:20.700,1781907500700,1203.7960,4.3,0,0,0,
2026-06-19 17:18:20.740,1781907500740,1203.7960,4.1,0,0,0,
2026-06-19 17:18:20.780,1781907500780,1203.7960,3.4,0,0,0,
2026-06-19 17:18:20.820,1781907500820,1203.7960,3.4,0,0,0,
2026-06-19 17:18:20.860,1781907500860,1203.7960,3.7,0,0,0,
2026-06-19 17:18:20.900,1781907500900,3998.3428,5.7,0,0,0,
2026-06-19 17:18:20.940,1781907500940,3998.3428,6.6,0,0,0,
2026-06-19 17:18:20.980,1781907500980,3998.3428,8.7,0,0,0,
2026-06-19 17:18:21.020,1781907501020,3998.3428,7.8,0,0,0,
2026-06-19 17:18:21.060,1781907501060,3998.3428,6.6,0,0,0,
2026-06-19 17:18:21.100,1781907501100,3998.3428,5.4,0,0,0,
2026-06-19 17:18:21.140,1781907501140,1820.1471,5.5,0,0,0,
2026-06-19 17:18:21.180,1781907501180,1820.1471,6.4,0,0,0,
2026-06-19 17:18:21.220,1781907501220,1820.1471,6.8,0,0,0,
2026-06-19 17:18:21.260,1781907501260,1820.1471,6.9,0,0,0,
2026-06-19 17:18:21.300,1781907501300,1820.1471,6.9,0,0,0,
2026-06-19 17:18:21.340,1781907501340,1820.1471,7.2,0,0,0,
2026-06-19 17:18:21.380,1781907501380,1820.1471,6.5,0,0,0,
2026-06-19 17:18:21.420,1781907501420,1622.0708,6.8,0,0,0,
2026-06-19 17:18:21.460,1781907501460,1622.0708,6.9,0,0,0,
2026-06-19 17:18:21.500,1781907501500,1622.0708,6.9,0,0,0,
2026-06-19 17:18:21.540,1781907501540,1622.0708,6.9,0,0,0,
2026-06-19 17:18:21.580,1781907501580,1622.0708,7.2,0,0,0,
2026-06-19 17:18:21.620,1781907501620,1622.0708,7.3,0,0,0,
2026-06-19 17:18:21.660,1781907501660,1579.5691,7.3,0,0,0,
2026-06-19 17:18:21.700,1781907501700,1579.5691,7.2,0,0,0,
2026-06-19 17:18:21.740,1781907501740,1579.5691,7.3,0,0,0,
2026-06-19 17:18:21.780,1781907501780,1579.5691,8.2,0,0,0,
2026-06-19 17:18:21.820,1781907501820,1579.5691,8.3,0,0,0,
2026-06-19 17:18:21.860,1781907501860,1579.5691,8.7,0,0,0,
2026-06-19 17:18:21.900,1781907501900,1579.5691,8.3,0,0,0,
2026-06-19 17:18:21.940,1781907501940,1565.4836,8.7,0,0,0,
2026-06-19 17:18:21.980,1781907501980,1565.4836,7.8,0,0,0,
2026-06-19 17:18:22.020,1781907502020,1565.4836,7.3,0,0,0,
2026-06-19 17:18:22.060,1781907502060,1565.4836,7.4,0,0,0,
2026-06-19 17:18:22.100,1781907502100,1565.4836,7.4,0,0,0,
2026-06-19 17:18:22.140,1781907502140,1565.4836,7.2,0,0,0,
2026-06-19 17:18:22.180,1781907502180,1597.3661,7.7,0,0,0,
2026-06-19 17:18:22.220,1781907502220,1597.3661,7.3,0,0,0,
2026-06-19 17:18:22.260,1781907502260,1597.3661,6.0,0,0,0,
2026-06-19 17:18:22.300,1781907502300,1597.3661,4.3,0,0,0,
2026-06-19 17:18:22.340,1781907502340,1597.3661,3.7,0,0,0,
2026-06-19 17:18:22.380,1781907502380,1597.3661,4.1,0,0,0,
2026-06-19 17:18:22.420,1781907502420,1597.3661,4.3,0,0,0,
2026-06-19 17:18:22.460,1781907502460,1773.0272,3.8,0,0,0,
2026-06-19 17:18:22.500,1781907502500,1773.0272,3.7,0,0,0,
2026-06-19 17:18:22.540,1781907502540,1773.0272,3.6,0,0,0,
2026-06-19 17:18:22.580,1781907502580,1773.0272,3.6,0,0,0,
2026-06-19 17:18:22.620,1781907502620,1773.0272,3.3,0,0,0,
2026-06-19 17:18:22.660,1781907502660,1773.0272,3.8,0,0,0,
2026-06-19 17:18:22.700,1781907502700,1790.3728,3.8,0,0,0,
2026-06-19 17:18:22.740,1781907502740,1790.3728,3.8,0,0,0,
2026-06-19 17:18:22.780,1781907502780,1790.3728,3.8,0,0,0,
2026-06-19 17:18:22.820,1781907502820,1790.3728,4.3,0,0,0,
2026-06-19 17:18:22.860,1781907502860,1790.3728,6.0,0,0,0,
2026-06-19 17:18:22.900,1781907502900,1790.3728,6.2,0,0,0,
2026-06-19 17:18:22.940,1781907502940,1790.3728,3.7,0,0,0,
2026-06-19 17:18:22.980,1781907502980,1996.9807,7.3,0,0,0,
2026-06-19 17:18:23.020,1781907503020,1996.9807,5.8,0,0,0,
2026-06-19 17:18:23.060,1781907503060,1996.9807,5.8,0,0,0,
2026-06-19 17:18:23.100,1781907503100,1996.9807,5.3,0,0,0,
2026-06-19 17:18:23.140,1781907503140,1996.9807,5.3,0,0,0,
2026-06-19 17:18:23.180,1781907503180,1996.9807,6.6,0,0,0,
2026-06-19 17:18:23.220,1781907503220,1242.3066,6.6,0,0,0,
2026-06-19 17:18:23.260,1781907503260,1242.3066,5.4,0,0,0,
2026-06-19 17:18:23.300,1781907503300,1242.3066,5.0,0,0,0,
2026-06-19 17:18:23.340,1781907503340,1242.3066,5.6,0,0,0,
2026-06-19 17:18:23.380,1781907503380,1242.3066,5.4,0,0,0,
2026-06-19 17:18:23.420,1781907503420,1242.3066,5.6,0,0,0,
2026-06-19 17:18:23.460,1781907503460,1242.3066,6.2,0,0,0,
2026-06-19 17:18:23.500,1781907503500,818.1829,6.6,0,0,0,
2026-06-19 17:18:23.540,1781907503540,818.1829,6.5,0,0,0,
2026-06-19 17:18:23.580,1781907503580,818.1829,6.7,0,0,0,
2026-06-19 17:18:23.620,1781907503620,818.1829,6.2,0,0,0,
2026-06-19 17:18:23.660,1781907503660,818.1829,6.2,0,0,0,
2026-06-19 17:18:23.700,1781907503700,818.1829,5.4,0,0,0,
2026-06-19 17:18:23.740,1781907503740,670.1531,5.9,0,0,0,
2026-06-19 17:18:23.780,1781907503780,670.1531,6.0,0,0,0,
2026-06-19 17:18:23.820,1781907503820,670.1531,6.4,0,0,0,
2026-06-19 17:18:23.860,1781907503860,670.1531,6.5,0,0,0,
2026-06-19 17:18:23.900,1781907503900,670.1531,6.4,0,0,0,
2026-06-19 17:18:23.940,1781907503940,670.1531,6.0,0,0,0,
2026-06-19 17:18:23.980,1781907503980,670.1531,6.0,0,0,0,
2026-06-19 17:18:24.020,1781907504020,708.4084,5.5,0,0,0,
2026-06-19 17:18:24.060,1781907504060,708.4084,5.4,0,0,0,
2026-06-19 17:18:24.100,1781907504100,708.4084,5.4,0,0,0,
2026-06-19 17:18:24.140,1781907504140,708.4084,5.9,0,0,0,
2026-06-19 17:18:24.180,1781907504180,708.4084,5.7,0,0,0,
2026-06-19 17:18:24.220,1781907504220,708.4084,6.2,0,0,0,
2026-06-19 17:18:24.260,1781907504260,743.3956,6.2,0,0,0,
2026-06-19 17:18:24.300,1781907504300,743.3956,6.2,0,0,0,
2026-06-19 17:18:24.340,1781907504340,743.3956,6.1,0,0,0,
2026-06-19 17:18:24.380,1781907504380,743.3956,6.2,0,0,0,
2026-06-19 17:18:24.420,1781907504420,743.3956,6.2,0,0,0,
2026-06-19 17:18:24.460,1781907504460,743.3956,5.8,0,0,0,
2026-06-19 17:18:24.500,1781907504500,743.3956,6.2,0,0,0,
2026-06-19 17:18:24.540,1781907504540,867.7156,6.2,0,0,0,
2026-06-19 17:18:24.580,1781907504580,867.7156,6.2,0,0,0,
2026-06-19 17:18:24.620,1781907504620,867.7156,6.2,0,0,0,
2026-06-19 17:18:24.660,1781907504660,867.7156,6.2,0,0,0,
2026-06-19 17:18:24.700,1781907504700,867.7156,6.1,0,0,0,
2026-06-19 17:18:24.740,1781907504740,867.7156,6.2,0,0,0,
2026-06-19 17:18:24.780,1781907504780,758.6130,6.2,0,0,0,
2026-06-19 17:18:24.820,1781907504820,758.6130,6.2,0,0,0,
2026-06-19 17:18:24.860,1781907504860,758.6130,6.2,0,0,0,
2026-06-19 17:18:24.900,1781907504900,758.6130,5.8,0,0,0,
2026-06-19 17:18:24.940,1781907504940,758.6130,6.2,0,0,0,
2026-06-19 17:18:24.980,1781907504980,758.6130,6.2,0,0,0,
2026-06-19 17:18:25.020,1781907505020,758.6130,6.2,0,0,0,
2026-06-19 17:18:25.060,1781907505060,763.0416,6.2,0,0,0,
2026-06-19 17:18:25.100,1781907505100,763.0416,6.2,0,0,0,
2026-06-19 17:18:25.140,1781907505140,763.0416,6.2,0,0,0,
2026-06-19 17:18:25.180,1781907505180,763.0416,6.2,0,0,0,
2026-06-19 17:18:25.220,1781907505220,763.0416,6.2,0,0,0,
2026-06-19 17:18:25.260,1781907505260,763.0416,6.2,0,0,0,
2026-06-19 17:18:25.300,1781907505300,714.3679,6.2,0,0,0,
2026-06-19 17:18:25.341,1781907505341,714.3679,6.2,0,0,0,
2026-06-19 17:18:25.380,1781907505380,714.3679,6.2,0,0,0,
2026-06-19 17:18:25.420,1781907505420,714.3679,6.2,0,0,0,
2026-06-19 17:18:25.460,1781907505460,714.3679,6.2,0,0,0,
2026-06-19 17:18:25.500,1781907505500,714.3679,6.2,0,0,0,
2026-06-19 17:18:25.540,1781907505540,714.3679,6.2,0,0,0,
2026-06-19 17:18:25.580,1781907505580,809.9469,6.2,0,0,0,
2026-06-19 17:18:25.620,1781907505620,809.9469,6.2,0,0,0,
2026-06-19 17:18:25.660,1781907505660,809.9469,6.1,0,0,0,
2026-06-19 17:18:25.700,1781907505700,809.9469,6.2,0,0,0,
2026-06-19 17:18:25.740,1781907505740,809.9469,6.2,0,0,0,
2026-06-19 17:18:25.780,1781907505780,809.9469,6.2,0,0,0,
2026-06-19 17:18:25.820,1781907505820,806.7310,6.2,0,0,0,
2026-06-19 17:18:25.860,1781907505860,806.7310,6.2,0,0,0,
2026-06-19 17:18:25.900,1781907505900,806.7310,6.1,0,0,0,
2026-06-19 17:18:25.940,1781907505940,806.7310,6.2,0,0,0,
2026-06-19 17:18:25.980,1781907505980,806.7310,6.2,0,0,0,
2026-06-19 17:18:26.020,1781907506020,806.7310,6.2,0,0,0,
2026-06-19 17:18:26.060,1781907506060,806.7310,6.1,0,0,0,
2026-06-19 17:18:26.100,1781907506100,784.7886,6.2,0,0,0,
2026-06-19 17:18:26.140,1781907506140,784.7886,6.1,0,0,0,
2026-06-19 17:18:26.180,1781907506180,784.7886,6.2,0,0,0,
2026-06-19 17:18:26.220,1781907506220,784.7886,6.2,0,0,0,
2026-06-19 17:18:26.260,1781907506260,784.7886,6.2,0,0,0,
2026-06-19 17:18:26.300,1781907506300,784.7886,6.2,0,0,0,
2026-06-19 17:18:26.340,1781907506340,840.7182,6.2,0,0,0,
2026-06-19 17:18:26.380,1781907506380,840.7182,6.2,0,0,0,
2026-06-19 17:18:26.420,1781907506420,840.7182,6.2,0,0,0,
2026-06-19 17:18:26.460,1781907506460,840.7182,5.8,0,0,0,
2026-06-19 17:18:26.500,1781907506500,840.7182,5.9,0,0,0,
2026-06-19 17:18:26.540,1781907506540,840.7182,6.3,0,0,0,
2026-06-19 17:18:26.580,1781907506580,840.7182,7.3,0,0,0,
2026-06-19 17:18:26.620,1781907506620,805.3204,6.7,0,0,0,
2026-06-19 17:18:26.660,1781907506660,805.3204,6.7,0,0,0,
2026-06-19 17:18:26.700,1781907506700,805.3204,7.1,0,0,0,
2026-06-19 17:18:26.740,1781907506740,805.3204,7.1,0,0,0,
2026-06-19 17:18:26.780,1781907506780,805.3204,7.5,0,0,0,
2026-06-19 17:18:26.820,1781907506820,805.3204,7.8,0,0,0,
2026-06-19 17:18:26.860,1781907506860,938.5339,6.0,0,0,0,
2026-06-19 17:18:26.900,1781907506900,938.5339,6.4,0,0,0,
2026-06-19 17:18:26.940,1781907506940,938.5339,8.9,0,0,0,
2026-06-19 17:18:26.980,1781907506980,938.5339,5.2,0,0,0,
2026-06-19 17:18:27.020,1781907507020,938.5339,4.7,0,0,0,
2026-06-19 17:18:27.060,1781907507060,938.5339,6.1,0,0,0,
2026-06-19 17:18:27.100,1781907507100,938.5339,5.6,0,0,0,
2026-06-19 17:18:27.140,1781907507140,1501.6974,7.4,0,0,0,
2026-06-19 17:18:27.180,1781907507180,1501.6974,6.4,0,0,0,
2026-06-19 17:18:27.220,1781907507220,1501.6974,5.3,0,0,0,
2026-06-19 17:18:27.260,1781907507260,1501.6974,4.9,0,0,0,
2026-06-19 17:18:27.300,1781907507300,1501.6974,4.9,0,0,0,
2026-06-19 17:18:27.340,1781907507340,1501.6974,4.4,0,0,0,
2026-06-19 17:18:27.380,1781907507380,1446.2708,4.9,0,0,0,
2026-06-19 17:18:27.420,1781907507420,1446.2708,4.8,0,0,0,
2026-06-19 17:18:27.460,1781907507460,1446.2708,4.3,0,0,0,
2026-06-19 17:18:27.500,1781907507500,1446.2708,4.3,0,0,0,
2026-06-19 17:18:27.540,1781907507540,1446.2708,4.3,0,0,0,
2026-06-19 17:18:27.580,1781907507580,1446.2708,4.3,0,0,0,
2026-06-19 17:18:27.620,1781907507620,1446.2708,4.3,0,0,0,
2026-06-19 17:18:27.660,1781907507660,1179.8193,4.3,0,0,0,
2026-06-19 17:18:27.700,1781907507700,1179.8193,4.3,0,0,0,
2026-06-19 17:18:27.740,1781907507740,1179.8193,4.4,0,0,0,
2026-06-19 17:18:27.780,1781907507780,1179.8193,4.3,0,0,0,FUGA
2026-06-19 17:18:27.820,1781907507820,1179.8193,4.3,0,0,0,
2026-06-19 17:18:27.860,1781907507860,1179.8193,4.3,0,0,0,
2026-06-19 17:18:27.900,1781907507900,1443.0479,3.9,0,0,0,
2026-06-19 17:18:27.940,1781907507940,1443.0479,4.3,0,0,0,
2026-06-19 17:18:27.980,1781907507980,1443.0479,4.3,0,0,0,
2026-06-19 17:18:28.020,1781907508020,1443.0479,4.3,0,0,0,
2026-06-19 17:18:28.060,1781907508060,1443.0479,4.3,0,0,0,
2026-06-19 17:18:28.100,1781907508100,1443.0479,4.3,0,0,0,
2026-06-19 17:18:28.140,1781907508140,1443.0479,4.3,0,0,0,
2026-06-19 17:18:28.180,1781907508180,1269.5531,4.3,0,0,0,
2026-06-19 17:18:28.220,1781907508220,1269.5531,4.2,0,0,0,
2026-06-19 17:18:28.260,1781907508260,1269.5531,4.3,0,0,0,
2026-06-19 17:18:28.300,1781907508300,1269.5531,4.3,0,0,0,
2026-06-19 17:18:28.340,1781907508340,1269.5531,4.3,0,0,0,
2026-06-19 17:18:28.380,1781907508380,1269.5531,4.3,0,0,0,
2026-06-19 17:18:28.420,1781907508420,1295.8738,4.3,0,0,0,
2026-06-19 17:18:28.460,1781907508460,1295.8738,4.4,0,0,0,
2026-06-19 17:18:28.500,1781907508500,1295.8738,4.3,0,0,0,
2026-06-19 17:18:28.540,1781907508540,1295.8738,4.3,0,0,0,
2026-06-19 17:18:28.580,1781907508580,1295.8738,4.3,0,0,0,
2026-06-19 17:18:28.620,1781907508620,1295.8738,4.3,0,0,0,
2026-06-19 17:18:28.660,1781907508660,1295.8738,4.3,0,0,0,
2026-06-19 17:18:28.700,1781907508700,1328.1465,4.3,0,0,0,
2026-06-19 17:18:28.740,1781907508740,1328.1465,4.3,0,0,0,
2026-06-19 17:18:28.780,1781907508780,1328.1465,4.3,0,0,0,
2026-06-19 17:18:28.820,1781907508820,1328.1465,4.3,0,0,0,
2026-06-19 17:18:28.860,1781907508860,1328.1465,4.3,0,0,0,
2026-06-19 17:18:28.900,1781907508900,1328.1465,4.3,0,0,0,
2026-06-19 17:18:28.940,1781907508940,1313.0679,4.3,0,0,0,
2026-06-19 17:18:28.980,1781907508980,1313.0679,4.3,0,0,0,
2026-06-19 17:18:29.020,1781907509020,1313.0679,4.3,0,0,0,
2026-06-19 17:18:29.060,1781907509060,1313.0679,4.3,0,0,0,
2026-06-19 17:18:29.100,1781907509100,1313.0679,4.3,0,0,0,
2026-06-19 17:18:29.140,1781907509140,1313.0679,4.3,0,0,0,
2026-06-19 17:18:29.180,1781907509180,1313.0679,4.4,0,0,0,
2026-06-19 17:18:29.220,1781907509220,1178.9401,4.3,0,0,0,
2026-06-19 17:18:29.260,1781907509260,1178.9401,4.4,0,0,0,
2026-06-19 17:18:29.301,1781907509301,1178.9401,4.3,0,0,0,
2026-06-19 17:18:29.340,1781907509340,1178.9401,4.3,0,0,0,
2026-06-19 17:18:29.380,1781907509380,1178.9401,4.3,0,0,0,
2026-06-19 17:18:29.420,1781907509420,1178.9401,4.3,0,0,0,
2026-06-19 17:18:29.460,1781907509460,1336.2869,4.3,0,0,0,
2026-06-19 17:18:29.500,1781907509500,1336.2869,4.2,0,0,0,
2026-06-19 17:18:29.540,1781907509540,1336.2869,4.8,0,0,0,
2026-06-19 17:18:29.580,1781907509580,1336.2869,4.3,0,0,0,
2026-06-19 17:18:29.620,1781907509620,1336.2869,4.3,0,0,0,
2026-06-19 17:18:29.660,1781907509660,1336.2869,4.3,0,0,0,
2026-06-19 17:18:29.700,1781907509700,1336.2869,4.3,0,0,0,
2026-06-19 17:18:29.740,1781907509740,1245.2434,3.8,0,0,0,
2026-06-19 17:18:29.780,1781907509780,1245.2434,4.3,0,0,0,
2026-06-19 17:18:29.820,1781907509820,1245.2434,4.4,0,0,0,
2026-06-19 17:18:29.860,1781907509861,1245.2434,4.3,0,0,0,
2026-06-19 17:18:29.900,1781907509900,1245.2434,4.3,0,0,0,
2026-06-19 17:18:29.940,1781907509940,1245.2434,4.3,0,0,0,
2026-06-19 17:18:29.980,1781907509980,1451.2799,4.3,0,0,0,
2026-06-19 17:18:30.020,1781907510020,1451.2799,3.8,0,0,0,
2026-06-19 17:18:30.060,1781907510060,1451.2799,4.3,0,0,0,
2026-06-19 17:18:30.100,1781907510100,1451.2799,4.3,0,0,0,
2026-06-19 17:18:30.140,1781907510140,1451.2799,3.8,0,0,0,
2026-06-19 17:18:30.180,1781907510180,1451.2799,4.4,0,0,0,
2026-06-19 17:18:30.220,1781907510220,1451.2799,4.3,0,0,0,
2026-06-19 17:18:30.260,1781907510260,1268.7242,3.8,0,0,0,
2026-06-19 17:18:30.300,1781907510300,1268.7242,4.3,0,0,0,
2026-06-19 17:18:30.340,1781907510340,1268.7242,4.3,0,0,0,
2026-06-19 17:18:30.380,1781907510380,1268.7242,4.7,0,0,0,
2026-06-19 17:18:30.420,1781907510420,1268.7242,4.3,0,0,0,
2026-06-19 17:18:30.460,1781907510460,1268.7242,4.3,0,0,0,
2026-06-19 17:18:30.500,1781907510500,1286.5576,4.3,0,0,0,
2026-06-19 17:18:30.540,1781907510540,1286.5576,4.2,0,0,0,
2026-06-19 17:18:30.580,1781907510580,1286.5576,4.3,0,0,0,
2026-06-19 17:18:30.620,1781907510620,1286.5576,4.3,0,0,0,
2026-06-19 17:18:30.660,1781907510660,1286.5576,4.3,0,0,0,
2026-06-19 17:18:30.700,1781907510700,1286.5576,4.3,0,0,0,
2026-06-19 17:18:30.740,1781907510740,1286.5576,4.3,0,0,0,
2026-06-19 17:18:30.780,1781907510780,1446.8125,4.3,0,0,0,
2026-06-19 17:18:30.820,1781907510820,1446.8125,4.0,0,0,0,
2026-06-19 17:18:30.860,1781907510860,1446.8125,4.2,0,0,0,
2026-06-19 17:18:30.900,1781907510900,1446.8125,4.3,0,0,0,
2026-06-19 17:18:30.940,1781907510940,1446.8125,4.3,0,0,0,
2026-06-19 17:18:30.980,1781907510980,1446.8125,4.3,0,0,0,
2026-06-19 17:18:31.020,1781907511020,1235.2390,4.7,0,0,0,
2026-06-19 17:18:31.060,1781907511060,1235.2390,4.7,0,0,0,
2026-06-19 17:18:31.100,1781907511100,1235.2390,4.3,0,0,0,
2026-06-19 17:18:31.140,1781907511140,1235.2390,4.2,0,0,0,
2026-06-19 17:18:31.180,1781907511180,1235.2390,4.3,0,0,0,
2026-06-19 17:18:31.220,1781907511220,1235.2390,4.8,0,0,0,
2026-06-19 17:18:31.260,1781907511260,1235.2390,4.3,0,0,0,
2026-06-19 17:18:31.300,1781907511300,1336.2288,4.3,0,0,0,
2026-06-19 17:18:31.340,1781907511340,1336.2288,4.3,0,0,0,
2026-06-19 17:18:31.380,1781907511380,1336.2288,4.8,0,0,0,
2026-06-19 17:18:31.420,1781907511420,1336.2288,4.3,0,0,0,
2026-06-19 17:18:31.460,1781907511460,1336.2288,4.8,0,0,0,
2026-06-19 17:18:31.500,1781907511500,1336.2288,4.7,0,0,0,
2026-06-19 17:18:31.540,1781907511540,1265.9609,4.3,0,0,0,
2026-06-19 17:18:31.580,1781907511580,1265.9609,4.2,0,0,0,
2026-06-19 17:18:31.620,1781907511620,1265.9609,4.3,0,0,0,
2026-06-19 17:18:31.660,1781907511660,1265.9609,4.3,0,0,0,
2026-06-19 17:18:31.700,1781907511700,1265.9609,4.3,0,0,0,
2026-06-19 17:18:31.740,1781907511740,1265.9609,4.9,0,0,0,
2026-06-19 17:18:31.780,1781907511780,1265.9609,11.2,0,0,0,
2026-06-19 17:18:31.820,1781907511820,1277.9335,9.5,0,0,0,
2026-06-19 17:18:31.860,1781907511860,1277.9335,7.6,0,0,0,
2026-06-19 17:18:31.900,1781907511900,1277.9335,5.9,0,0,0,
2026-06-19 17:18:31.940,1781907511940,1277.9335,4.9,0,0,0,
2026-06-19 17:18:31.980,1781907511980,1277.9335,4.4,0,0,0,
2026-06-19 17:18:32.020,1781907512020,1277.9335,4.0,0,0,0,
2026-06-19 17:18:32.060,1781907512060,742.0823,3.9,0,0,0,
2026-06-19 17:18:32.100,1781907512100,742.0823,4.3,0,0,0,
2026-06-19 17:18:32.140,1781907512140,742.0823,4.5,0,0,0,
2026-06-19 17:18:32.180,1781907512180,742.0823,5.0,0,0,0,
2026-06-19 17:18:32.220,1781907512220,742.0823,5.0,0,0,0,
2026-06-19 17:18:32.260,1781907512260,742.0823,4.6,0,0,0,
2026-06-19 17:18:32.300,1781907512300,742.0823,4.6,0,0,0,
2026-06-19 17:18:32.340,1781907512340,483.1073,5.0,0,0,0,
2026-06-19 17:18:32.380,1781907512380,483.1073,5.0,0,0,0,
2026-06-19 17:18:32.420,1781907512420,483.1073,8.6,0,0,0,
2026-06-19 17:18:32.460,1781907512460,483.1073,7.8,0,0,0,
2026-06-19 17:18:32.500,1781907512500,483.1073,6.0,0,0,0,
2026-06-19 17:18:32.540,1781907512540,483.1073,5.6,0,0,0,
2026-06-19 17:18:32.580,1781907512580,430.7277,5.2,0,0,0,
2026-06-19 17:18:32.620,1781907512620,430.7277,4.6,0,0,0,
2026-06-19 17:18:32.660,1781907512660,430.7277,4.3,0,0,0,
2026-06-19 17:18:32.700,1781907512700,430.7277,4.6,0,0,0,
2026-06-19 17:18:32.740,1781907512740,430.7277,4.7,0,0,0,
2026-06-19 17:18:32.780,1781907512780,430.7277,4.7,0,0,0,
2026-06-19 17:18:32.820,1781907512820,430.7277,4.3,0,0,0,
2026-06-19 17:18:32.860,1781907512860,387.8036,5.1,0,0,0,
2026-06-19 17:18:32.900,1781907512900,387.8036,5.2,0,0,0,
2026-06-19 17:18:32.940,1781907512940,387.8036,5.2,0,0,0,
2026-06-19 17:18:32.980,1781907512980,387.8036,4.8,0,0,0,
2026-06-19 17:18:33.020,1781907513020,387.8036,4.8,0,0,0,
2026-06-19 17:18:33.060,1781907513060,387.8036,4.8,0,0,0,
2026-06-19 17:18:33.100,1781907513100,393.2004,4.7,0,0,0,
2026-06-19 17:18:33.140,1781907513140,393.2004,4.7,0,0,0,
2026-06-19 17:18:33.180,1781907513180,393.2004,5.2,0,0,0,
2026-06-19 17:18:33.220,1781907513220,393.2004,5.1,0,0,0,
2026-06-19 17:18:33.260,1781907513260,393.2004,5.6,0,0,0,
2026-06-19 17:18:33.300,1781907513300,393.2004,5.9,0,0,0,
2026-06-19 17:18:33.340,1781907513340,393.2004,6.3,0,0,0,
2026-06-19 17:18:33.380,1781907513380,386.9395,8.8,0,0,0,
2026-06-19 17:18:33.420,1781907513420,386.9395,4.2,0,0,0,
2026-06-19 17:18:33.460,1781907513460,386.9395,3.8,0,0,0,
2026-06-19 17:18:33.500,1781907513500,386.9395,4.3,0,0,0,
2026-06-19 17:18:33.540,1781907513540,386.9395,3.4,0,0,0,
2026-06-19 17:18:33.580,1781907513580,386.9395,3.3,0,0,0,
2026-06-19 17:18:33.620,1781907513620,405.9086,4.2,0,0,0,
2026-06-19 17:18:33.660,1781907513660,405.9086,2.9,0,0,0,
2026-06-19 17:18:33.700,1781907513700,405.9086,3.8,0,0,0,
2026-06-19 17:18:33.740,1781907513740,405.9086,4.6,0,0,0,
2026-06-19 17:18:33.780,1781907513780,405.9086,6.8,0,0,0,
2026-06-19 17:18:33.820,1781907513820,405.9086,7.2,0,0,0,
2026-06-19 17:18:33.860,1781907513860,405.9086,7.2,0,0,0,
2026-06-19 17:18:33.900,1781907513901,372.8032,7.1,0,0,0,
2026-06-19 17:18:33.940,1781907513940,372.8032,7.2,0,0,0,
2026-06-19 17:18:33.980,1781907513980,372.8032,7.2,0,0,0,
2026-06-19 17:18:34.020,1781907514020,372.8032,7.1,0,0,0,
2026-06-19 17:18:34.060,1781907514060,372.8032,6.8,0,0,0,
2026-06-19 17:18:34.100,1781907514100,372.8032,7.2,0,0,0,
2026-06-19 17:18:34.140,1781907514140,378.7192,7.1,0,0,0,
2026-06-19 17:18:34.180,1781907514180,378.7192,7.2,0,0,0,
2026-06-19 17:18:34.220,1781907514220,378.7192,6.9,0,0,0,
2026-06-19 17:18:34.260,1781907514260,378.7192,7.6,0,0,0,
2026-06-19 17:18:34.300,1781907514300,378.7192,6.9,0,0,0,
2026-06-19 17:18:34.340,1781907514340,378.7192,7.2,0,0,0,
2026-06-19 17:18:34.380,1781907514380,378.7192,7.2,0,0,0,
2026-06-19 17:18:34.420,1781907514420,387.8434,7.2,0,0,0,
2026-06-19 17:18:34.460,1781907514460,387.8434,6.8,0,0,0,
2026-06-19 17:18:34.500,1781907514500,387.8434,6.7,0,0,0,
2026-06-19 17:18:34.540,1781907514540,387.8434,7.2,0,0,0,
2026-06-19 17:18:34.580,1781907514580,387.8434,7.2,0,0,0,
2026-06-19 17:18:34.620,1781907514620,387.8434,6.8,0,0,0,
2026-06-19 17:18:34.660,1781907514660,379.1827,7.2,0,0,0,
2026-06-19 17:18:34.700,1781907514700,379.1827,6.7,0,0,0,
2026-06-19 17:18:34.740,1781907514740,379.1827,7.2,0,0,0,
2026-06-19 17:18:34.780,1781907514780,379.1827,7.1,0,0,0,
2026-06-19 17:18:34.820,1781907514820,379.1827,6.8,0,0,0,
2026-06-19 17:18:34.860,1781907514860,379.1827,6.8,0,0,0,
2026-06-19 17:18:34.900,1781907514900,379.1827,6.7,0,0,0,
2026-06-19 17:18:34.940,1781907514940,395.7417,7.2,0,0,0,
2026-06-19 17:18:34.980,1781907514980,395.7417,7.2,0,0,0,
2026-06-19 17:18:35.020,1781907515020,395.7417,6.8,0,0,0,
2026-06-19 17:18:35.060,1781907515060,395.7417,6.8,0,0,0,
2026-06-19 17:18:35.100,1781907515100,395.7417,6.8,0,0,0,
2026-06-19 17:18:35.140,1781907515140,395.7417,7.2,0,0,0,
2026-06-19 17:18:35.180,1781907515180,468.3366,7.2,0,0,0,
2026-06-19 17:18:35.220,1781907515220,468.3366,7.2,0,0,0,
2026-06-19 17:18:35.260,1781907515260,468.3366,7.2,0,0,0,
2026-06-19 17:18:35.300,1781907515300,468.3366,7.3,0,0,0,
2026-06-19 17:18:35.340,1781907515340,468.3366,7.2,0,0,0,
2026-06-19 17:18:35.380,1781907515380,468.3366,7.2,0,0,0,
2026-06-19 17:18:35.420,1781907515420,468.3366,7.2,0,0,0,
2026-06-19 17:18:35.460,1781907515460,395.5713,7.2,0,0,0,
2026-06-19 17:18:35.500,1781907515500,395.5713,6.8,0,0,0,
2026-06-19 17:18:35.541,1781907515541,395.5713,6.8,0,0,0,
2026-06-19 17:18:35.580,1781907515580,395.5713,6.8,0,0,0,
2026-06-19 17:18:35.620,1781907515620,395.5713,7.2,0,0,0,
2026-06-19 17:18:35.660,1781907515660,395.5713,7.2,0,0,0,
2026-06-19 17:18:35.700,1781907515700,371.9566,7.2,0,0,0,
2026-06-19 17:18:35.740,1781907515740,371.9566,6.8,0,0,0,
2026-06-19 17:18:35.780,1781907515780,371.9566,6.7,0,0,0,
2026-06-19 17:18:35.820,1781907515820,371.9566,7.2,0,0,0,
2026-06-19 17:18:35.860,1781907515860,371.9566,7.2,0,0,0,
2026-06-19 17:18:35.900,1781907515900,371.9566,7.2,0,0,0,
2026-06-19 17:18:35.940,1781907515940,371.9566,7.1,0,0,0,
2026-06-19 17:18:35.980,1781907515980,376.3004,6.8,0,0,0,
2026-06-19 17:18:36.020,1781907516020,376.3004,6.8,0,0,0,
2026-06-19 17:18:36.060,1781907516060,376.3004,6.8,0,0,0,
2026-06-19 17:18:36.100,1781907516100,376.3004,7.3,0,0,0,
2026-06-19 17:18:36.140,1781907516140,376.3004,7.1,0,0,0,
2026-06-19 17:18:36.180,1781907516180,376.3004,7.2,0,0,0,
2026-06-19 17:18:36.220,1781907516220,364.7870,7.2,0,0,0,
2026-06-19 17:18:36.260,1781907516260,364.7870,7.2,0,0,0,
2026-06-19 17:18:36.300,1781907516300,364.7870,7.2,0,0,0,
2026-06-19 17:18:36.340,1781907516340,364.7870,7.3,0,0,0,
2026-06-19 17:18:36.380,1781907516380,364.7870,7.2,0,0,0,
2026-06-19 17:18:36.420,1781907516420,364.7870,6.8,0,0,0,
2026-06-19 17:18:36.460,1781907516460,364.7870,7.2,0,0,0,
2026-06-19 17:18:36.500,1781907516500,381.3280,7.2,0,0,0,
2026-06-19 17:18:36.540,1781907516540,381.3280,7.2,0,0,0,
2026-06-19 17:18:36.580,1781907516580,381.3280,7.2,0,0,0,
2026-06-19 17:18:36.620,1781907516620,381.3280,7.2,0,0,0,
2026-06-19 17:18:36.660,1781907516660,381.3280,7.2,0,0,0,
2026-06-19 17:18:36.700,1781907516700,381.3280,7.2,0,0,0,
2026-06-19 17:18:36.740,1781907516740,369.4435,6.8,0,0,0,
2026-06-19 17:18:36.780,1781907516780,369.4435,6.8,0,0,0,
2026-06-19 17:18:36.820,1781907516820,369.4435,7.2,0,0,0,
2026-06-19 17:18:36.860,1781907516860,369.4435,7.2,0,0,0,
2026-06-19 17:18:36.900,1781907516900,369.4435,6.8,0,0,0,
2026-06-19 17:18:36.940,1781907516940,369.4435,7.2,0,0,0,
2026-06-19 17:18:36.980,1781907516980,369.4435,7.2,0,0,0,
2026-06-19 17:18:37.020,1781907517020,430.7427,7.2,0,0,0,
2026-06-19 17:18:37.060,1781907517060,430.7427,6.7,0,0,0,
2026-06-19 17:18:37.100,1781907517100,430.7427,7.2,0,0,0,
2026-06-19 17:18:37.140,1781907517140,430.7427,6.6,0,0,0,
2026-06-19 17:18:37.180,1781907517180,430.7427,7.2,0,0,0,
2026-06-19 17:18:37.220,1781907517221,430.7427,6.6,0,0,0,
2026-06-19 17:18:37.260,1781907517260,418.3044,7.2,0,0,0,
2026-06-19 17:18:37.300,1781907517300,418.3044,7.1,0,0,0,
2026-06-19 17:18:37.340,1781907517340,418.3044,6.7,0,0,0,
2026-06-19 17:18:37.381,1781907517381,418.3044,7.3,0,0,0,
2026-06-19 17:18:37.420,1781907517420,418.3044,7.1,0,0,0,
2026-06-19 17:18:37.460,1781907517460,418.3044,6.8,0,0,0,
2026-06-19 17:18:37.500,1781907517500,418.3044,7.2,0,0,0,
2026-06-19 17:18:37.540,1781907517540,413.6145,7.2,0,0,0,
2026-06-19 17:18:37.580,1781907517580,413.6145,7.2,0,0,0,
2026-06-19 17:18:37.620,1781907517620,413.6145,7.2,0,0,0,
2026-06-19 17:18:37.660,1781907517660,413.6145,6.8,0,0,0,
2026-06-19 17:18:37.700,1781907517700,413.6145,7.2,0,0,0,
2026-06-19 17:18:37.740,1781907517740,413.6145,7.2,0,0,0,
2026-06-19 17:18:37.780,1781907517780,394.4387,7.2,0,0,0,
2026-06-19 17:18:37.820,1781907517820,394.4387,7.2,0,0,0,
2026-06-19 17:18:37.860,1781907517860,394.4387,7.3,0,0,0,
2026-06-19 17:18:37.900,1781907517900,394.4387,7.2,0,0,0,
2026-06-19 17:18:37.940,1781907517940,394.4387,7.2,0,0,0,
2026-06-19 17:18:37.980,1781907517980,394.4387,7.2,0,0,0,
2026-06-19 17:18:38.020,1781907518020,394.4387,7.2,0,0,0,
2026-06-19 17:18:38.060,1781907518060,391.5540,7.2,0,0,0,
2026-06-19 17:18:38.100,1781907518100,391.5540,7.1,0,0,0,
